make: Entering directory '/OpenROAD-flow-scripts/flow'
mkdir -p results/nangate45/x2_y4_kimi/base/
echo 2500 > results/nangate45/x2_y4_kimi/base/clock_period.txt
/OpenROAD-flow-scripts/flow/scripts/synth.sh /OpenROAD-flow-scripts/flow/scripts/synth_canonicalize.tcl ./logs/nangate45/x2_y4_kimi/base/1_1_yosys_canonicalize.log
Using ABC speed script.
Extracting clock period from SDC file: ./results/nangate45/x2_y4_kimi/base/clock_period.txt
Setting clock period to 2500
1. Executing Liberty frontend: /OpenROAD-flow-scripts/flow/platforms/nangate45/lib/NangateOpenCellLibrary_typical.lib
2. Executing Liberty frontend: /OpenROAD-flow-scripts/flow/platforms/nangate45/lib/NangateOpenCellLibrary_typical.lib
3. Executing Verilog-2005 frontend: /home/kit/kimi-chip/experiments/x1/rtl/x1_y5_kimi.v
4. Executing Verilog-2005 frontend: /home/kit/kimi-chip/experiments/x2/rtl/x2_y4_kimi.v
5. Executing Verilog-2005 frontend: /OpenROAD-flow-scripts/flow/platforms/nangate45/cells_clkgate.v
6. Executing HIERARCHY pass (managing design hierarchy).
7. Executing AST frontend in derive mode using pre-parsed AST for module `\x2_y4_kimi'.
7.1. Analyzing design hierarchy..
7.2. Executing AST frontend in derive mode using pre-parsed AST for module `\x1_y5_kimi'.
Warning: Replacing memory \accum_bank with list of registers. See /home/kit/kimi-chip/experiments/x1/rtl/x1_y5_kimi.v:153
7.3. Analyzing design hierarchy..
7.4. Analyzing design hierarchy..
8. Executing OPT_CLEAN pass (remove unused cells and wires).
Warning: Ignoring module x1_y5_kimi because it contains processes (run 'proc' command first).
9. Executing RTLIL backend.
Warnings: 2 unique messages, 2 total
End of script. Logfile hash: 2a33b6f993, time: 0.65s, user: 0.59s, system: 0.03s, MEM: 52.43 MB peak
Yosys 0.68+post (git sha1 UNKNOWN, Release, GNU /usr/local/bin/wrapped-cc/g++ 11.4.0)
Time spent: 78% 1x hierarchy (0 sec), 15% 4x read_liberty (0 sec), ...
Elapsed time: 0:00.66[h:]min:sec. CPU time: user 0.62 sys 0.04 (99%). Peak memory: 56632KB.
Log                       Ext     Elapsed/s Peak Memory/MB sha1sum result [0:20)
1_1_yosys_canonicalize    .rtlil          0             55 8a95d7e1b443049f4c59
/OpenROAD-flow-scripts/flow/scripts/synth.sh /OpenROAD-flow-scripts/flow/scripts/synth.tcl ./logs/nangate45/x2_y4_kimi/base/1_2_yosys.log
Using ABC speed script.
Extracting clock period from SDC file: ./results/nangate45/x2_y4_kimi/base/clock_period.txt
Setting clock period to 2500
1. Executing RTLIL frontend.
2. Executing HIERARCHY pass (managing design hierarchy).
2.1. Analyzing design hierarchy..
2.2. Analyzing design hierarchy..
3. Executing SYNTH pass.
3.1. Executing HIERARCHY pass (managing design hierarchy).
3.1.1. Analyzing design hierarchy..
3.1.2. Analyzing design hierarchy..
3.2. Executing PROC pass (convert processes to netlists).
3.2.1. Executing PROC_CLEAN pass (remove empty switches from decision trees).
3.2.2. Executing PROC_RMDEAD pass (remove dead branches from decision trees).
3.2.3. Executing PROC_PRUNE pass (remove redundant assignments in processes).
3.2.4. Executing PROC_INIT pass (extract init attributes).
3.2.5. Executing PROC_ARST pass (detect async resets in processes).
3.2.6. Executing PROC_ROM pass (convert switches to ROMs).
3.2.7. Executing PROC_MUX pass (convert decision trees to multiplexers).
3.2.8. Executing PROC_DLATCH pass (convert process syncs to latches).
3.2.9. Executing PROC_DFF pass (convert process syncs to FFs).
3.2.10. Executing PROC_MEMWR pass (convert process memory writes to cells).
3.2.11. Executing PROC_CLEAN pass (remove empty switches from decision trees).
3.2.12. Executing OPT_EXPR pass (perform const folding).
3.3. Executing CHECK pass (checking for obvious problems).
3.4. Executing FLATTEN pass (flatten design).
3.5. Executing OPT_EXPR pass (perform const folding).
3.6. Executing OPT_CLEAN pass (remove unused cells and wires).
3.7. Executing CHECK pass (checking for obvious problems).
3.8. Executing OPT pass (performing simple optimizations).
3.8.1. Executing OPT_EXPR pass (perform const folding).
3.8.2. Executing OPT_MERGE pass (detect identical cells).
3.8.3. Executing OPT_MUXTREE pass (detect dead branches in mux trees).
3.8.4. Executing OPT_REDUCE pass (consolidate $*mux and $reduce_* inputs).
3.8.5. Executing OPT_MERGE pass (detect identical cells).
3.8.6. Executing OPT_DFF pass (perform DFF optimizations).
3.8.7. Executing OPT_CLEAN pass (remove unused cells and wires).
3.8.8. Executing OPT_EXPR pass (perform const folding).
3.8.9. Rerunning OPT passes. (Maybe there is more to do..)
3.8.10. Executing OPT_MUXTREE pass (detect dead branches in mux trees).
3.8.11. Executing OPT_REDUCE pass (consolidate $*mux and $reduce_* inputs).
3.8.12. Executing OPT_MERGE pass (detect identical cells).
3.8.13. Executing OPT_DFF pass (perform DFF optimizations).
3.8.14. Executing OPT_CLEAN pass (remove unused cells and wires).
3.8.15. Executing OPT_EXPR pass (perform const folding).
3.8.16. Rerunning OPT passes. (Maybe there is more to do..)
3.8.17. Executing OPT_MUXTREE pass (detect dead branches in mux trees).
3.8.18. Executing OPT_REDUCE pass (consolidate $*mux and $reduce_* inputs).
3.8.19. Executing OPT_MERGE pass (detect identical cells).
3.8.20. Executing OPT_DFF pass (perform DFF optimizations).
3.8.21. Executing OPT_CLEAN pass (remove unused cells and wires).
3.8.22. Executing OPT_EXPR pass (perform const folding).
3.8.23. Finished fast OPT passes. (There is nothing left to do.)
3.9. Executing FSM pass (extract and optimize FSM).
3.9.1. Executing FSM_DETECT pass (finding FSMs in design).
3.9.2. Executing FSM_EXTRACT pass (extracting FSM from design).
3.9.3. Executing FSM_OPT pass (simple optimizations of FSMs).
3.9.4. Executing OPT_CLEAN pass (remove unused cells and wires).
3.9.5. Executing FSM_OPT pass (simple optimizations of FSMs).
3.9.6. Executing FSM_RECODE pass (re-assigning FSM state encoding).
3.9.7. Executing FSM_INFO pass (dumping all available information on FSM cells).
3.9.8. Executing FSM_MAP pass (mapping FSMs to basic logic).
3.10. Executing OPT pass (performing simple optimizations).
3.10.1. Executing OPT_EXPR pass (perform const folding).
3.10.2. Executing OPT_MERGE pass (detect identical cells).
3.10.3. Executing OPT_MUXTREE pass (detect dead branches in mux trees).
3.10.4. Executing OPT_REDUCE pass (consolidate $*mux and $reduce_* inputs).
3.10.5. Executing OPT_MERGE pass (detect identical cells).
3.10.6. Executing OPT_DFF pass (perform DFF optimizations).
3.10.7. Executing OPT_CLEAN pass (remove unused cells and wires).
3.10.8. Executing OPT_EXPR pass (perform const folding).
3.10.9. Rerunning OPT passes. (Maybe there is more to do..)
3.10.10. Executing OPT_MUXTREE pass (detect dead branches in mux trees).
3.10.11. Executing OPT_REDUCE pass (consolidate $*mux and $reduce_* inputs).
3.10.12. Executing OPT_MERGE pass (detect identical cells).
3.10.13. Executing OPT_DFF pass (perform DFF optimizations).
3.10.14. Executing OPT_CLEAN pass (remove unused cells and wires).
3.10.15. Executing OPT_EXPR pass (perform const folding).
3.10.16. Rerunning OPT passes. (Maybe there is more to do..)
3.10.17. Executing OPT_MUXTREE pass (detect dead branches in mux trees).
3.10.18. Executing OPT_REDUCE pass (consolidate $*mux and $reduce_* inputs).
3.10.19. Executing OPT_MERGE pass (detect identical cells).
3.10.20. Executing OPT_DFF pass (perform DFF optimizations).
3.10.21. Executing OPT_CLEAN pass (remove unused cells and wires).
3.10.22. Executing OPT_EXPR pass (perform const folding).
3.10.23. Finished fast OPT passes. (There is nothing left to do.)
3.11. Executing WREDUCE pass (reducing word size of cells).
3.12. Executing PEEPOPT pass (run peephole optimizers).
3.13. Executing OPT_CLEAN pass (remove unused cells and wires).
3.14. Executing ALUMACC pass (create $alu and $macc cells).
3.15. Executing SHARE pass (SAT-based resource sharing).
3.16. Executing OPT pass (performing simple optimizations).
3.16.1. Executing OPT_EXPR pass (perform const folding).
3.16.2. Executing OPT_MERGE pass (detect identical cells).
3.16.3. Executing OPT_MUXTREE pass (detect dead branches in mux trees).
3.16.4. Executing OPT_REDUCE pass (consolidate $*mux and $reduce_* inputs).
3.16.5. Executing OPT_MERGE pass (detect identical cells).
3.16.6. Executing OPT_DFF pass (perform DFF optimizations).
3.16.7. Executing OPT_CLEAN pass (remove unused cells and wires).
3.16.8. Executing OPT_EXPR pass (perform const folding).
3.16.9. Rerunning OPT passes. (Maybe there is more to do..)
3.16.10. Executing OPT_MUXTREE pass (detect dead branches in mux trees).
3.16.11. Executing OPT_REDUCE pass (consolidate $*mux and $reduce_* inputs).
3.16.12. Executing OPT_MERGE pass (detect identical cells).
3.16.13. Executing OPT_DFF pass (perform DFF optimizations).
3.16.14. Executing OPT_CLEAN pass (remove unused cells and wires).
3.16.15. Executing OPT_EXPR pass (perform const folding).
3.16.16. Finished fast OPT passes. (There is nothing left to do.)
3.17. Executing MEMORY pass.
3.17.1. Executing OPT_MEM pass (optimize memories).
3.17.2. Executing OPT_MEM_PRIORITY pass (removing unnecessary memory write priority relations).
3.17.3. Executing OPT_MEM_FEEDBACK pass (finding memory read-to-write feedback paths).
3.17.4. Executing MEMORY_BMUX2ROM pass (converting muxes to ROMs).
3.17.5. Executing MEMORY_DFF pass (merging $dff cells to $memrd).
3.17.6. Executing OPT_CLEAN pass (remove unused cells and wires).
3.17.7. Executing MEMORY_SHARE pass (consolidating $memrd/$memwr cells).
3.17.8. Executing OPT_MEM_WIDEN pass (optimize memories where all ports are wide).
3.17.9. Executing OPT_CLEAN pass (remove unused cells and wires).
3.17.10. Executing MEMORY_COLLECT pass (generating $mem cells).
3.18. Executing OPT_CLEAN pass (remove unused cells and wires).
4. Executing SYNTH pass.
4.1. Executing OPT pass (performing simple optimizations).
4.1.1. Executing OPT_EXPR pass (perform const folding).
4.1.2. Executing OPT_MERGE pass (detect identical cells).
4.1.3. Executing OPT_DFF pass (perform DFF optimizations).
4.1.4. Executing OPT_CLEAN pass (remove unused cells and wires).
4.1.5. Finished fast OPT passes.
4.2. Executing MEMORY_MAP pass (converting memories to logic and flip-flops).
4.3. Executing OPT pass (performing simple optimizations).
4.3.1. Executing OPT_EXPR pass (perform const folding).
4.3.2. Executing OPT_MERGE pass (detect identical cells).
4.3.3. Executing OPT_MUXTREE pass (detect dead branches in mux trees).
4.3.4. Executing OPT_REDUCE pass (consolidate $*mux and $reduce_* inputs).
4.3.5. Executing OPT_MERGE pass (detect identical cells).
4.3.6. Executing OPT_SHARE pass.
4.3.7. Executing OPT_DFF pass (perform DFF optimizations).
4.3.8. Executing OPT_CLEAN pass (remove unused cells and wires).
4.3.9. Executing OPT_EXPR pass (perform const folding).
4.3.10. Rerunning OPT passes. (Maybe there is more to do..)
4.3.11. Executing OPT_MUXTREE pass (detect dead branches in mux trees).
4.3.12. Executing OPT_REDUCE pass (consolidate $*mux and $reduce_* inputs).
4.3.13. Executing OPT_MERGE pass (detect identical cells).
4.3.14. Executing OPT_SHARE pass.
4.3.15. Executing OPT_DFF pass (perform DFF optimizations).
4.3.16. Executing OPT_CLEAN pass (remove unused cells and wires).
4.3.17. Executing OPT_EXPR pass (perform const folding).
4.3.18. Finished fast OPT passes. (There is nothing left to do.)
4.4. Executing TECHMAP pass (map to technology primitives).
4.4.1. Executing Verilog-2005 frontend: /OpenROAD-flow-scripts/tools/install/yosys/bin/../share/yosys/techmap.v
4.4.2. Executing Verilog-2005 frontend: /OpenROAD-flow-scripts/flow/platforms/common/lcu_kogge_stone.v
4.4.3. Continuing TECHMAP pass.
4.5. Executing OPT pass (performing simple optimizations).
4.5.1. Executing OPT_EXPR pass (perform const folding).
4.5.2. Executing OPT_MERGE pass (detect identical cells).
4.5.3. Executing OPT_DFF pass (perform DFF optimizations).
4.5.4. Executing OPT_CLEAN pass (remove unused cells and wires).
4.5.5. Finished fast OPT passes.
4.6. Executing HIERARCHY pass (managing design hierarchy).
4.6.1. Analyzing design hierarchy..
4.6.2. Analyzing design hierarchy..
4.7. Printing statistics.
4.8. Executing CHECK pass (checking for obvious problems).
5. Executing OPT pass (performing simple optimizations).
5.1. Executing OPT_EXPR pass (perform const folding).
5.2. Executing OPT_MERGE pass (detect identical cells).
5.3. Executing OPT_MUXTREE pass (detect dead branches in mux trees).
5.4. Executing OPT_REDUCE pass (consolidate $*mux and $reduce_* inputs).
5.5. Executing OPT_MERGE pass (detect identical cells).
5.6. Executing OPT_DFF pass (perform DFF optimizations).
5.7. Executing OPT_CLEAN pass (remove unused cells and wires).
5.8. Executing OPT_EXPR pass (perform const folding).
5.9. Rerunning OPT passes. (Maybe there is more to do..)
5.10. Executing OPT_MUXTREE pass (detect dead branches in mux trees).
5.11. Executing OPT_REDUCE pass (consolidate $*mux and $reduce_* inputs).
5.12. Executing OPT_MERGE pass (detect identical cells).
5.13. Executing OPT_DFF pass (perform DFF optimizations).
5.14. Executing OPT_CLEAN pass (remove unused cells and wires).
5.15. Executing OPT_EXPR pass (perform const folding).
5.16. Finished fast OPT passes. (There is nothing left to do.)
6. Executing DFFLEGALIZE pass (convert FFs to types supported by the target).
7. Executing TECHMAP pass (map to technology primitives).
7.1. Executing Verilog-2005 frontend: /OpenROAD-flow-scripts/flow/platforms/nangate45/cells_latch.v
7.2. Continuing TECHMAP pass.
8. Executing DFFLIBMAP pass (mapping DFF cells to sequential cells from liberty file).
8.1. Executing DFFLEGALIZE pass (convert FFs to types supported by the target).
9. Executing OPT pass (performing simple optimizations).
9.1. Executing OPT_EXPR pass (perform const folding).
9.2. Executing OPT_MERGE pass (detect identical cells).
9.3. Executing OPT_MUXTREE pass (detect dead branches in mux trees).
9.4. Executing OPT_REDUCE pass (consolidate $*mux and $reduce_* inputs).
9.5. Executing OPT_MERGE pass (detect identical cells).
9.6. Executing OPT_DFF pass (perform DFF optimizations).
9.7. Executing OPT_CLEAN pass (remove unused cells and wires).
9.8. Executing OPT_EXPR pass (perform const folding).
9.9. Rerunning OPT passes. (Maybe there is more to do..)
9.10. Executing OPT_MUXTREE pass (detect dead branches in mux trees).
9.11. Executing OPT_REDUCE pass (consolidate $*mux and $reduce_* inputs).
9.12. Executing OPT_MERGE pass (detect identical cells).
9.13. Executing OPT_DFF pass (perform DFF optimizations).
9.14. Executing OPT_CLEAN pass (remove unused cells and wires).
9.15. Executing OPT_EXPR pass (perform const folding).
9.16. Finished fast OPT passes. (There is nothing left to do.)
10. Executing SETUNDEF pass (replace undef values with defined constants).
abc -script /OpenROAD-flow-scripts/flow/scripts/abc_speed.script -liberty /OpenROAD-flow-scripts/flow/platforms/nangate45/lib/NangateOpenCellLibrary_typical.lib -dont_use TAPCELL_X1 -dont_use FILLCELL_X1 -dont_use AOI211_X1 -dont_use OAI211_X1 -constr ./objects/nangate45/x2_y4_kimi/base/abc.constr -D 2500
11. Executing ABC pass (technology mapping using ABC).
11.1. Extracting gate netlist of module `\x2_y4_kimi' to `<abc-temp-dir>/input.blif'..
11.1.1. Executed ABC.
11.1.2. Re-integrating ABC results.
Took 290 seconds: abc -script /OpenROAD-flow-scripts/flow/scripts/abc_speed.script -liberty /OpenROAD-flow-scripts/flow/platforms/nangate45/lib/NangateOpenCellLibrary_typical.lib -dont_use TAPCELL_X1 -dont_use FILLCELL_X1 -dont_use AOI211_X1 -dont_use OAI211_X1 -constr ./objects/nangate45/x2_y4_kimi/base/abc.constr -D 2500
12. Executing SPLITNETS pass (splitting up multi-bit signals).
13. Executing OPT_CLEAN pass (remove unused cells and wires).
14. Executing HILOMAP pass (mapping to constant drivers).
15. Executing INSBUF pass (insert buffer cells for connected wires).
16. Executing CHECK pass (checking for obvious problems).
17. Printing statistics.
18. Executing CHECK pass (checking for obvious problems).
19. Executing Verilog backend.
19.1. Executing BMUXMAP pass.
19.2. Executing DEMUXMAP pass.
End of script. Logfile hash: f2e2ab9728, time: 346.72s, user: 73.14s, system: 0.84s, MEM: 707.18 MB peak
Yosys 0.68+post (git sha1 UNKNOWN, Release, GNU /usr/local/bin/wrapped-cc/g++ 11.4.0)
Time spent: 80% 1x abc (289 sec), 5% 30x opt_expr (19 sec), ...
Elapsed time: 5:47.25[h:]min:sec. CPU time: user 359.69 sys 1.33 (103%). Peak memory: 724152KB.
Log                       Ext     Elapsed/s Peak Memory/MB sha1sum result [0:20)
1_2_yosys                 .v            347            707 104dbe216d5715b0bacb
cp /home/kit/kimi-chip/experiments/x2/flow/constraint_y4.sdc results/nangate45/x2_y4_kimi/base/1_2_yosys.sdc
touch -r /home/kit/kimi-chip/experiments/x2/flow/constraint_y4.sdc results/nangate45/x2_y4_kimi/base/1_2_yosys.sdc
OpenROAD 26Q3-1080-gab6fd26351 
Features included (+) or not (-): +GPU +GUI +Python
This program is licensed under the BSD-3 license. See the LICENSE file for details.
Components of this program may be licensed under more restrictive licenses which must be honored.
[INFO ORD-0030] Using 4 thread(s).
mkdir -p ./objects/nangate45/x2_y4_kimi/base
/OpenROAD-flow-scripts/flow/scripts/flow.sh 1_synth synth_odb
Running synth_odb.tcl, stage 1_synth
read_liberty /OpenROAD-flow-scripts/flow/platforms/nangate45/lib/NangateOpenCellLibrary_typical.lib
[INFO ODB-0227] LEF file: /OpenROAD-flow-scripts/flow/platforms/nangate45/lef/NangateOpenCellLibrary.tech.lef, created 22 layers, 27 vias
[INFO ODB-0227] LEF file: /OpenROAD-flow-scripts/flow/platforms/nangate45/lef/NangateOpenCellLibrary.macro.mod.lef, created 135 library cells
link_design x2_y4_kimi
read_sdc ./results/nangate45/x2_y4_kimi/base/1_2_yosys.sdc
source /OpenROAD-flow-scripts/flow/platforms/nangate45/setRC.tcl
eliminate_dead_logic
Removed 0 unused instances and 0 unused nets.
Design area 169577 um^2 100% utilization.
write_db ./results/nangate45/x2_y4_kimi/base/1_synth.odb
write_sdc -no_timestamp ./results/nangate45/x2_y4_kimi/base/1_synth.sdc
Elapsed time: 0:04.18[h:]min:sec. CPU time: user 3.90 sys 0.28 (99%). Peak memory: 418272KB.
Log                       Ext     Elapsed/s Peak Memory/MB sha1sum result [0:20)
1_synth                   .odb            4            408 9b2ca96475b63399cd92
1_synth                   .sdc                             d16527573aab05647140
/OpenROAD-flow-scripts/flow/scripts/flow.sh 2_1_floorplan floorplan
Running floorplan.tcl, stage 2_1_floorplan
read_liberty /OpenROAD-flow-scripts/flow/platforms/nangate45/lib/NangateOpenCellLibrary_typical.lib
read_db ./results/nangate45/x2_y4_kimi/base/1_synth.odb
read_sdc ./results/nangate45/x2_y4_kimi/base/1_synth.sdc
source /OpenROAD-flow-scripts/flow/platforms/nangate45/setRC.tcl

==========================================================================
Floorplan check_setup
--------------------------------------------------------------------------
number instances in verilog is 134135
[INFO IFP-0107] Defining die area using utilization: 20.00% and aspect ratio: 1.
[WARNING IFP-0028] Core area lower left (1.000, 1.000) snapped to (1.140, 1.400).
[INFO IFP-0001] Added 657 rows of 4845 site FreePDK45_38x28_10R_NP_162NW_34O.
[INFO IFP-0100] Die BBox:  (  0.000  0.000 ) ( 922.805 922.805 ) um
[INFO IFP-0101] Core BBox: (  1.140  1.400 ) ( 921.690 921.200 ) um
[INFO IFP-0102] Core area:                       846721.890 um^2
[INFO IFP-0103] Total instances area:            169577.128 um^2
[INFO IFP-0104] Effective utilization:                0.200
[INFO IFP-0105] Number of instances:                 134135
source /OpenROAD-flow-scripts/flow/platforms/nangate45/make_tracks.tcl
source /OpenROAD-flow-scripts/flow/platforms/nangate45/fastroute.tcl
Repair tie lo fanout...
[INFO RSZ-0042] Inserted 6 tie LOGIC0_X1 instances.
Repair tie hi fanout...
repair_timing -setup_margin 0 -hold_margin 0 -repair_tns 100 -setup -skip_last_gasp -sequence unbuffer,sizeup,swap,vt_swap -verbose
[WARNING EST-0027] no estimated parasitics. Using wire load models.
[INFO RSZ-0100] Repair move sequence: UnbufferMove SizeUpMove SwapPinsMove 
[INFO RSZ-0098] No setup violations found
[INFO RSZ-0505] Runtime: 0.62s
Default units for flow
 time 1ns
 capacitance 1fF
 resistance 1kohm
 voltage 1v
 current 1mA
 power 1nW
 distance 1um
   Layer   | Unit Resistance | Unit Capacitance 
           |       (kohm/um) |          (fF/um)
------------------------------------------------
    metal1 |        5.43e-03 |         7.42e-02
    metal2 |        3.57e-03 |         8.34e-02
    metal3 |        3.57e-03 |         1.04e-01
    metal4 |        1.50e-03 |         1.19e-01
    metal5 |        1.50e-03 |         1.09e-01
    metal6 |        1.50e-03 |         1.14e-01
    metal7 |        1.88e-04 |         1.17e-01
    metal8 |        1.88e-04 |         9.45e-02
    metal9 |        3.75e-05 |         1.06e-01
   metal10 |        3.75e-05 |         7.37e-01
------------------------------------------------

   Layer   | Via Resistance 
           |         (kohm) 
----------------------------
      via1 |       5.00e-03 
      via2 |       5.00e-03 
      via3 |       5.00e-03 
      via4 |       3.00e-03 
      via5 |       3.00e-03 
      via6 |       3.00e-03 
      via7 |       1.00e-03 
      via8 |       1.00e-03 
      via9 |       5.00e-04 
----------------------------
Report metrics stage 2, floorplan final...

==========================================================================
floorplan final report_design_area
--------------------------------------------------------------------------
Design area 169580 um^2 20% utilization.
write_db ./results/nangate45/x2_y4_kimi/base/2_1_floorplan.odb
write_sdc -no_timestamp ./results/nangate45/x2_y4_kimi/base/2_1_floorplan.sdc
Elapsed time: 0:55.94[h:]min:sec. CPU time: user 61.30 sys 0.77 (110%). Peak memory: 621268KB.
Log                       Ext     Elapsed/s Peak Memory/MB sha1sum result [0:20)
2_1_floorplan             .odb           55            606 4a14174f8214884913dd
2_1_floorplan             .sdc                             d16527573aab05647140
/OpenROAD-flow-scripts/flow/scripts/flow.sh 2_2_floorplan_macro macro_place
Running macro_place.tcl, stage 2_2_floorplan_macro
read_liberty /OpenROAD-flow-scripts/flow/platforms/nangate45/lib/NangateOpenCellLibrary_typical.lib
read_db ./results/nangate45/x2_y4_kimi/base/2_1_floorplan.odb
read_sdc ./results/nangate45/x2_y4_kimi/base/2_1_floorplan.sdc
source /OpenROAD-flow-scripts/flow/platforms/nangate45/setRC.tcl
No macros found: Skipping macro_placement
Design area 169580 um^2 20% utilization.
write_db ./results/nangate45/x2_y4_kimi/base/2_2_floorplan_macro.odb
Elapsed time: 0:01.46[h:]min:sec. CPU time: user 1.24 sys 0.22 (99%). Peak memory: 320576KB.
Log                       Ext     Elapsed/s Peak Memory/MB sha1sum result [0:20)
2_2_floorplan_macro       .odb            1            313 4a14174f8214884913dd
/OpenROAD-flow-scripts/flow/scripts/flow.sh 2_3_floorplan_tapcell tapcell
Running tapcell.tcl, stage 2_3_floorplan_tapcell
read_liberty /OpenROAD-flow-scripts/flow/platforms/nangate45/lib/NangateOpenCellLibrary_typical.lib
read_db ./results/nangate45/x2_y4_kimi/base/2_2_floorplan_macro.odb
read_sdc ./results/nangate45/x2_y4_kimi/base/2_1_floorplan.sdc
source /OpenROAD-flow-scripts/flow/platforms/nangate45/setRC.tcl
[INFO TAP-0004] Inserted 1314 endcaps.
[INFO TAP-0005] Inserted 2306 tapcells.
Design area 170543 um^2 20% utilization.
write_db ./results/nangate45/x2_y4_kimi/base/2_3_floorplan_tapcell.odb
Elapsed time: 0:01.15[h:]min:sec. CPU time: user 0.97 sys 0.18 (99%). Peak memory: 244120KB.
Log                       Ext     Elapsed/s Peak Memory/MB sha1sum result [0:20)
2_3_floorplan_tapcell     .odb            1            238 80c22f539a0f331a8863
/OpenROAD-flow-scripts/flow/scripts/flow.sh 2_4_floorplan_pdn pdn
Running pdn.tcl, stage 2_4_floorplan_pdn
read_liberty /OpenROAD-flow-scripts/flow/platforms/nangate45/lib/NangateOpenCellLibrary_typical.lib
read_db ./results/nangate45/x2_y4_kimi/base/2_3_floorplan_tapcell.odb
read_sdc ./results/nangate45/x2_y4_kimi/base/2_1_floorplan.sdc
source /OpenROAD-flow-scripts/flow/platforms/nangate45/setRC.tcl
[WARNING PDN-1051] No instances found for grid (CORE_macro_grid_1).
[WARNING PDN-1051] No instances found for grid (CORE_macro_grid_2).
[INFO PDN-0001] Inserting grid: grid
[INFO PDN-0500] Runtime: 0.23s
Design area 170543 um^2 20% utilization.
write_db ./results/nangate45/x2_y4_kimi/base/2_4_floorplan_pdn.odb
Elapsed time: 0:02.44[h:]min:sec. CPU time: user 2.21 sys 0.23 (99%). Peak memory: 332348KB.
Log                       Ext     Elapsed/s Peak Memory/MB sha1sum result [0:20)
2_4_floorplan_pdn         .odb            2            324 3f2efd91cc1a16cbfa00
cp ./results/nangate45/x2_y4_kimi/base/2_4_floorplan_pdn.odb ./results/nangate45/x2_y4_kimi/base/2_floorplan.odb
cp ./results/nangate45/x2_y4_kimi/base/2_1_floorplan.sdc ./results/nangate45/x2_y4_kimi/base/2_floorplan.sdc
/OpenROAD-flow-scripts/flow/scripts/flow.sh 3_1_place_gp_skip_io global_place_skip_io
Running global_place_skip_io.tcl, stage 3_1_place_gp_skip_io
read_liberty /OpenROAD-flow-scripts/flow/platforms/nangate45/lib/NangateOpenCellLibrary_typical.lib
read_db ./results/nangate45/x2_y4_kimi/base/2_floorplan.odb
read_sdc ./results/nangate45/x2_y4_kimi/base/2_floorplan.sdc
source /OpenROAD-flow-scripts/flow/platforms/nangate45/setRC.tcl
[INFO GPL-0022] Initialize gpl and calculate uniform density.
Placement density is 0.2785000039637089, computed from PLACE_DENSITY_LB_ADDON  0.05 and lower bound 0.23000000417232513
global_placement -skip_io -density 0.2785000039637089 -pad_left 0 -pad_right 0
[INFO GPL-0001] ---- Initialize GPL Main Data Structures
[INFO GPL-0002] DBU: 2000
[INFO GPL-0003] SiteSize: (  0.190  1.400 ) um
[INFO GPL-0004] CoreBBox: (  1.140  1.400 ) ( 921.690 921.200 ) um
[INFO GPL-0016] Core area:                  846721.890 um^2
[INFO GPL-0036] Movable instances area:     169579.788 um^2
[INFO GPL-0037] Total instances area:       170542.708 um^2
[INFO GPL-0035] Pin density area adjust:     24474.070 um^2
[INFO GPL-0032] ---- Initialize Region: Top-level
[INFO GPL-0006] Number of instances:            137760
[INFO GPL-0007] Movable instances:              134140
[INFO GPL-0008] Fixed instances:                  3620
[INFO GPL-0009] Dummy instances:                     0
[INFO GPL-0010] Number of nets:                 140508
[INFO GPL-0011] Number of pins:                 464819
[INFO GPL-0012] Die BBox:       (  0.000  0.000 ) ( 922.805 922.805 ) um
[INFO GPL-0013] Placement BBox: (  1.140  1.400 ) ( 921.690 921.200 ) um
[INFO GPL-0014] Region name: top-level.
[INFO GPL-0015] Region area:                846721.890 um^2
[INFO GPL-0017] Fixed instances area:          962.920 um^2
[INFO GPL-0018] Movable instances area:     194053.858 um^2
[INFO GPL-0019] Utilization:                    22.944 %
[INFO GPL-0020] Standard cells area:        194053.858 um^2
[INFO GPL-0021] Large instances area:            0.000 um^2
[INFO GPL-0005] ---- Execute Conjugate Gradient Initial Placement.
[INFO GPL-0051] Source of initial instance position counters:
	Odb location = 0	Core center = 134140	Region center = 0
[INFO GPL-0033] ---- Initialize Nesterov Region: Top-level
[INFO GPL-0023] Placement target density:       0.2785
[INFO GPL-0024] Movable insts average area:      1.447 um^2
[INFO GPL-0025] Ideal bin area:                  5.194 um^2
[INFO GPL-0026] Ideal bin count:                163005
[INFO GPL-0027] Total bin area:             846721.890 um^2
[INFO GPL-0028] Bin count (X, Y):         256 ,    256
[INFO GPL-0029] Bin size (W * H):       3.596 *  3.593 um
[INFO GPL-0030] Number of bins:                  65536
[INFO GPL-0084] ---- Execute Nesterov Global Placement.
[INFO GPL-0031] HPWL: Half-Perimeter Wirelength
Iteration | Overflow |     HPWL (um) |  HPWL(%) |   Penalty | Group
---------------------------------------------------------------
        0 |   0.9998 |  9.497204e+04 |   +0.00% |  1.80e-16 |      
       10 |   0.9998 |  6.186533e+04 |  -34.86% |  2.94e-16 |      
       20 |   0.9998 |  6.143847e+04 |   -0.69% |  4.79e-16 |      
       30 |   0.9997 |  6.129971e+04 |   -0.23% |  7.80e-16 |      
       40 |   0.9997 |  6.127697e+04 |   -0.04% |  1.27e-15 |      
       50 |   0.9997 |  6.126632e+04 |   -0.02% |  2.07e-15 |      
       60 |   0.9997 |  6.126785e+04 |   +0.00% |  3.37e-15 |      
       70 |   0.9997 |  6.128136e+04 |   +0.02% |  5.49e-15 |      
       80 |   0.9997 |  6.131666e+04 |   +0.06% |  8.94e-15 |      
       90 |   0.9997 |  6.142858e+04 |   +0.18% |  1.46e-14 |      
      100 |   0.9997 |  6.183829e+04 |   +0.67% |  2.37e-14 |      
      110 |   0.9997 |  6.365322e+04 |   +2.93% |  3.86e-14 |      
      120 |   0.9995 |  7.346242e+04 |  +15.41% |  6.28e-14 |      
      130 |   0.9993 |  1.135926e+05 |  +54.63% |  1.01e-13 |      
      140 |   0.9989 |  1.884696e+05 |  +65.92% |  1.63e-13 |      
      150 |   0.9982 |  2.720976e+05 |  +44.37% |  2.60e-13 |      
      160 |   0.9973 |  3.468142e+05 |  +27.46% |  4.17e-13 |      
      170 |   0.9962 |  4.192077e+05 |  +20.87% |  6.68e-13 |      
      180 |   0.9946 |  5.219247e+05 |  +24.50% |  1.07e-12 |      
      190 |   0.9919 |  6.668640e+05 |  +27.77% |  1.68e-12 |      
      200 |   0.9877 |  8.380968e+05 |  +25.68% |  2.64e-12 |      
      210 |   0.9820 |  1.030549e+06 |  +22.96% |  4.13e-12 |      
      220 |   0.9738 |  1.253836e+06 |  +21.67% |  6.41e-12 |      
      230 |   0.9622 |  1.508083e+06 |  +20.28% |  9.88e-12 |      
      240 |   0.9460 |  1.784154e+06 |  +18.31% |  1.52e-11 |      
      250 |   0.9262 |  2.063884e+06 |  +15.68% |  2.32e-11 |      
      260 |   0.9048 |  2.357574e+06 |  +14.23% |  3.55e-11 |      
      270 |   0.8788 |  2.672651e+06 |  +13.36% |  5.40e-11 |      
      280 |   0.8466 |  2.990864e+06 |  +11.91% |  8.20e-11 |      
      290 |   0.8083 |  3.270182e+06 |   +9.34% |  1.25e-10 |      
      300 |   0.7630 |  3.513628e+06 |   +7.44% |  1.94e-10 |      
      310 |   0.7077 |  3.807957e+06 |   +8.38% |  2.97e-10 |      
      320 |   0.6546 |  4.230410e+06 |  +11.09% |  4.42e-10 |      
      330 |   0.6097 |  4.681403e+06 |  +10.66% |  6.51e-10 |      
      340 |   0.5831 |  5.042572e+06 |   +7.71% |  9.77e-10 |      
      350 |   0.5571 |  5.223039e+06 |   +3.58% |  1.52e-09 |      
      360 |   0.5137 |  5.276743e+06 |   +1.03% |  2.45e-09 |      
      370 |   0.4604 |  5.287502e+06 |   +0.20% |  3.98e-09 |      
      380 |   0.4205 |  5.351922e+06 |   +1.22% |  6.40e-09 |      
      390 |   0.3921 |  5.479629e+06 |   +2.39% |  1.01e-08 |      
      400 |   0.3565 |  5.460273e+06 |   -0.35% |  1.64e-08 |      
      410 |   0.3276 |  5.396340e+06 |   -1.17% |  2.50e-08 |      
      420 |   0.3038 |  5.415048e+06 |   +0.35% |  3.66e-08 |      
      430 |   0.2751 |  5.379416e+06 |   -0.66% |  5.40e-08 |      
      440 |   0.2486 |  5.368988e+06 |   -0.19% |  7.95e-08 |      
      450 |   0.2219 |  5.352837e+06 |   -0.30% |  1.17e-07 |      
      460 |   0.1942 |  5.347192e+06 |   -0.11% |  1.73e-07 |      
      470 |   0.1698 |  5.342808e+06 |   -0.08% |  2.54e-07 |      
      480 |   0.1464 |  5.340692e+06 |   -0.04% |  3.74e-07 |      
      490 |   0.1265 |  5.339624e+06 |   -0.02% |  5.52e-07 |      
      500 |   0.1082 |  5.339805e+06 |   +0.00% |  8.13e-07 |      
      506 |   0.0986 |  5.340182e+06 |          |  1.07e-06 |      
---------------------------------------------------------------
[INFO GPL-1001] Global placement finished at iteration 506
[INFO GPL-1002] Placed Cell Area            194053.8581
[INFO GPL-1003] Available Free Area         845758.9700
[INFO GPL-1004] Minimum Feasible Density        0.2300 (cell_area / free_area)
[INFO GPL-1006]   Suggested Target Densities:
[INFO GPL-1007]     - For 90% usage of free space: 0.2549
[INFO GPL-1008]     - For 80% usage of free space: 0.2868
[INFO GPL-1009]     - For 50% usage of free space: 0.4589
[INFO GPL-1014] Final placement area: 194053.86 (+0.00%)
Took 46 seconds: global_placement -skip_io -density 0.2785000039637089 -pad_left 0 -pad_right 0
Design area 170543 um^2 20% utilization.
write_db ./results/nangate45/x2_y4_kimi/base/3_1_place_gp_skip_io.odb
Elapsed time: 0:48.45[h:]min:sec. CPU time: user 130.84 sys 0.59 (271%). Peak memory: 630628KB.
Log                       Ext     Elapsed/s Peak Memory/MB sha1sum result [0:20)
3_1_place_gp_skip_io      .odb           48            615 cd81207918b8ec54799e
/OpenROAD-flow-scripts/flow/scripts/flow.sh 3_2_place_iop io_placement
Running io_placement.tcl, stage 3_2_place_iop
read_liberty /OpenROAD-flow-scripts/flow/platforms/nangate45/lib/NangateOpenCellLibrary_typical.lib
read_db ./results/nangate45/x2_y4_kimi/base/3_1_place_gp_skip_io.odb
read_sdc ./results/nangate45/x2_y4_kimi/base/2_floorplan.sdc
source /OpenROAD-flow-scripts/flow/platforms/nangate45/setRC.tcl
place_pins -hor_layers metal5 -ver_layers metal6
Found 0 macro blocks.
Using 2 tracks default min distance between IO pins.
[INFO PPL-0001] Number of available slots 6576
[INFO PPL-0002] Number of I/O             210
[INFO PPL-0003] Number of I/O w/sink      210
[INFO PPL-0004] Number of I/O w/o sink    0
[INFO PPL-0005] Slots per section         200
[INFO PPL-0008] Successfully assigned pins to sections.
[INFO PPL-0012] I/O nets HPWL: 68864.95 um.
Design area 170543 um^2 20% utilization.
write_db ./results/nangate45/x2_y4_kimi/base/3_2_place_iop.odb
Elapsed time: 0:01.41[h:]min:sec. CPU time: user 1.20 sys 0.22 (99%). Peak memory: 329068KB.
Log                       Ext     Elapsed/s Peak Memory/MB sha1sum result [0:20)
3_2_place_iop             .odb            1            321 1d99f4f8fccc12d69401
/OpenROAD-flow-scripts/flow/scripts/flow.sh 3_3_place_gp global_place
Running global_place.tcl, stage 3_3_place_gp
read_liberty /OpenROAD-flow-scripts/flow/platforms/nangate45/lib/NangateOpenCellLibrary_typical.lib
read_db ./results/nangate45/x2_y4_kimi/base/3_2_place_iop.odb
read_sdc ./results/nangate45/x2_y4_kimi/base/2_floorplan.sdc
source /OpenROAD-flow-scripts/flow/platforms/nangate45/setRC.tcl
[INFO RSZ-0026] Removed 13102 buffers.
Perform port buffering...
[INFO RSZ-0027] Inserted 142 BUF_X1 input buffers.
[INFO RSZ-0028] Inserted 61 BUF_X1 output buffers.
[INFO GPL-0022] Initialize gpl and calculate uniform density.
Placement density is 0.26899999886751175, computed from PLACE_DENSITY_LB_ADDON  0.05 and lower bound 0.2199999988079071
global_placement -density 0.26899999886751175 -pad_left 0 -pad_right 0 -routability_driven -timing_driven -force_center_initial_place -min_phi_coef 0.95 -max_phi_coef 1.05
[INFO GPL-0001] ---- Initialize GPL Main Data Structures
[INFO GPL-0002] DBU: 2000
[INFO GPL-0003] SiteSize: (  0.190  1.400 ) um
[INFO GPL-0004] CoreBBox: (  1.140  1.400 ) ( 921.690 921.200 ) um
[INFO GPL-0016] Core area:                  846721.890 um^2
[INFO GPL-0036] Movable instances area:     156903.824 um^2
[INFO GPL-0037] Total instances area:       157866.744 um^2
[INFO GPL-0035] Pin density area adjust:     21902.440 um^2
[INFO GPL-0032] ---- Initialize Region: Top-level
[INFO GPL-0006] Number of instances:            124861
[INFO GPL-0007] Movable instances:              121241
[INFO GPL-0008] Fixed instances:                  3620
[INFO GPL-0009] Dummy instances:                     0
[INFO GPL-0010] Number of nets:                 127609
[INFO GPL-0011] Number of pins:                 439231
[INFO GPL-0012] Die BBox:       (  0.000  0.000 ) ( 922.805 922.805 ) um
[INFO GPL-0013] Placement BBox: (  1.140  1.400 ) ( 921.690 921.200 ) um
[INFO GPL-0014] Region name: top-level.
[INFO GPL-0015] Region area:                846721.890 um^2
[INFO GPL-0017] Fixed instances area:          962.920 um^2
[INFO GPL-0018] Movable instances area:     178806.264 um^2
[INFO GPL-0019] Utilization:                    21.142 %
[INFO GPL-0020] Standard cells area:        178806.264 um^2
[INFO GPL-0021] Large instances area:            0.000 um^2
[INFO GPL-0005] ---- Execute Conjugate Gradient Initial Placement.
[INFO GPL-0051] Source of initial instance position counters:
	Odb location = 0	Core center = 121241	Region center = 0
[InitialPlace]  Iter: 1 conjugate gradient residual: 0.00024283 HPWL: 5522867557
[InitialPlace]  Iter: 2 conjugate gradient residual: 0.00004638 HPWL: 983127434
[InitialPlace]  Iter: 3 conjugate gradient residual: 0.00004424 HPWL: 976913088
[InitialPlace]  Iter: 4 conjugate gradient residual: 0.00011024 HPWL: 969806595
[InitialPlace]  Iter: 5 conjugate gradient residual: 0.00009952 HPWL: 955675853
[InitialPlace]  Iter: 6 conjugate gradient residual: 0.00001664 HPWL: 948831958
[InitialPlace]  Iter: 7 conjugate gradient residual: 0.00001231 HPWL: 944353918
[InitialPlace]  Iter: 8 conjugate gradient residual: 0.00001092 HPWL: 944686011
[InitialPlace]  Iter: 9 conjugate gradient residual: 0.00001191 HPWL: 943445152
[InitialPlace]  Iter: 10 conjugate gradient residual: 0.00001336 HPWL: 944576063
[InitialPlace]  Iter: 11 conjugate gradient residual: 0.00001138 HPWL: 943435911
[InitialPlace]  Iter: 12 conjugate gradient residual: 0.00000999 HPWL: 944518006
[INFO GPL-0033] ---- Initialize Nesterov Region: Top-level
[INFO GPL-0023] Placement target density:       0.2690
[INFO GPL-0024] Movable insts average area:      1.475 um^2
[INFO GPL-0025] Ideal bin area:                  5.483 um^2
[INFO GPL-0026] Ideal bin count:                154440
[INFO GPL-0027] Total bin area:             846721.890 um^2
[INFO GPL-0028] Bin count (X, Y):         256 ,    256
[INFO GPL-0029] Bin size (W * H):       3.596 *  3.593 um
[INFO GPL-0030] Number of bins:                  65536
[INFO GPL-0084] ---- Execute Nesterov Global Placement.
[INFO GPL-0031] HPWL: Half-Perimeter Wirelength
Iteration | Overflow |     HPWL (um) |  HPWL(%) |   Penalty | Group
---------------------------------------------------------------
        0 |   0.9981 |  1.663463e+05 |   +0.00% |  7.86e-17 |      
       10 |   0.9950 |  1.856886e+05 |  +11.63% |  1.26e-16 |      
       20 |   0.9940 |  1.848917e+05 |   -0.43% |  2.06e-16 |      
       30 |   0.9938 |  1.860231e+05 |   +0.61% |  3.35e-16 |      
       40 |   0.9937 |  1.891328e+05 |   +1.67% |  5.46e-16 |      
       50 |   0.9936 |  1.903642e+05 |   +0.65% |  8.89e-16 |      
       60 |   0.9936 |  1.908316e+05 |   +0.25% |  1.45e-15 |      
       70 |   0.9935 |  1.909806e+05 |   +0.08% |  2.36e-15 |      
       80 |   0.9936 |  1.912568e+05 |   +0.14% |  3.84e-15 |      
       90 |   0.9936 |  1.922722e+05 |   +0.53% |  6.25e-15 |      
      100 |   0.9935 |  1.940600e+05 |   +0.93% |  1.02e-14 |      
      110 |   0.9934 |  1.968257e+05 |   +1.43% |  1.66e-14 |      
      120 |   0.9933 |  2.011324e+05 |   +2.19% |  2.70e-14 |      
      130 |   0.9932 |  2.080013e+05 |   +3.42% |  4.39e-14 |      
      140 |   0.9929 |  2.186933e+05 |   +5.14% |  7.13e-14 |      
      150 |   0.9925 |  2.343300e+05 |   +7.15% |  1.16e-13 |      
      160 |   0.9918 |  2.559031e+05 |   +9.21% |  1.88e-13 |      
      170 |   0.9907 |  2.838943e+05 |  +10.94% |  3.04e-13 |      
      180 |   0.9889 |  3.191315e+05 |  +12.41% |  4.91e-13 |      
      190 |   0.9861 |  3.640904e+05 |  +14.09% |  7.93e-13 |      
      200 |   0.9818 |  4.226429e+05 |  +16.08% |  1.28e-12 |      
      210 |   0.9758 |  4.961311e+05 |  +17.39% |  2.05e-12 |      
      220 |   0.9665 |  5.869334e+05 |  +18.30% |  3.27e-12 |      
      230 |   0.9535 |  6.946293e+05 |  +18.35% |  5.20e-12 |      
      240 |   0.9359 |  8.199250e+05 |  +18.04% |  8.24e-12 |      
      250 |   0.9130 |  9.614759e+05 |  +17.26% |  1.30e-11 |      
      260 |   0.8858 |  1.101784e+06 |  +14.59% |  2.06e-11 |      
      270 |   0.8548 |  1.231965e+06 |  +11.82% |  3.26e-11 |      
      280 |   0.8194 |  1.351760e+06 |   +9.72% |  5.16e-11 |      
      290 |   0.7827 |  1.465407e+06 |   +8.41% |  8.21e-11 |      
      300 |   0.7423 |  1.598578e+06 |   +9.09% |  1.30e-10 |      
      310 |   0.7016 |  1.741600e+06 |   +8.95% |  2.05e-10 |      
      320 |   0.6672 |  1.832258e+06 |   +5.21% |  3.27e-10 |      
[INFO GPL-0100] Timing-driven iteration 1/2, virtual: false.
[INFO GPL-0101]    Iter: 330, overflow: 0.634, keep resizer changes at: 1, HPWL: 3766283883
Iteration |   Area    | Resized | Buffers | Nets repaired | Remaining
---------------------------------------------------------------------
        0 |     +0.0% |       0 |       0 |             0 |    127609
    final |     +3.7% |     674 |    2913 |          1289 |         0
---------------------------------------------------------------------
[INFO RSZ-0034] Found 719 slew violations.
[INFO RSZ-0036] Found 1122 capacitance violations.
[INFO RSZ-0037] Found 328 long wires.
[INFO RSZ-0039] Resized 674 instances.
[INFO RSZ-0038] Inserted 2913 buffers in 1289 nets.
   Iter   |    Area   | Removed | Inserted |   Pins
          |           | Buffers | Buffers  | Remaining
-------------------------------------------------------
        0 |     +0.0% |       0 |        0 |    127460
    12700 |     +0.2% |       0 |      350 |    114760
    25400 |     +1.0% |      42 |     1960 |    102060
    38100 |     +1.8% |     141 |     3586 |     89360
    50800 |     +2.5% |     162 |     5122 |     76660
    63500 |     +2.9% |     314 |     6219 |     63960
    76200 |     +3.3% |     326 |     7047 |     51260
    88900 |     +3.7% |     500 |     8095 |     38560
   101600 |     +4.2% |     873 |     9492 |     25860
   114300 |     +4.6% |    1753 |    11321 |     13160
   127000 |     +5.2% |    2012 |    12649 |       460
    final |     +6.6% |    2913 |    15586 |         0
-------------------------------------------------------
[INFO GPL-0106] Timing-driven: worst slack 7.785339e-11
[INFO GPL-0107] Timing-driven: repair_design delta area: 16609.395 um^2 (+9.29%)
[INFO GPL-0108] Timing-driven: repair_design, gpl delta gcells: 15586 (+12.86%)
[INFO GPL-0109] Timing-driven: repair_design, gcells created: 18499, deleted: 2913
[INFO GPL-0110] Timing-driven: new target density: 0.28863844
Iteration | Overflow |     HPWL (um) |  HPWL(%) |   Penalty | Group
---------------------------------------------------------------
      330 |   0.6267 |  2.536759e+06 |  +38.45% |  5.26e-10 |      
[INFO GPL-0038] Routability snapshot saved at iter = 334
      333 |   0.5981 |  2.662616e+06 |          |           |      
      340 |   0.5739 |  2.697772e+06 |   +6.35% |  7.46e-10 |      
      350 |   0.5599 |  2.661764e+06 |   -1.33% |  1.22e-09 |      
      360 |   0.5263 |  2.654754e+06 |   -0.26% |  1.98e-09 |      
      370 |   0.4714 |  2.663719e+06 |   +0.34% |  3.22e-09 |      
      380 |   0.4230 |  2.691622e+06 |   +1.05% |  5.21e-09 |      
      390 |   0.3986 |  2.753983e+06 |   +2.32% |  8.38e-09 |      
      400 |   0.3730 |  2.839314e+06 |   +3.10% |  1.34e-08 |      
      410 |   0.3509 |  2.790536e+06 |   -1.72% |  2.18e-08 |      
      420 |   0.3228 |  2.800935e+06 |   +0.37% |  3.26e-08 |      
      430 |   0.2971 |  2.807421e+06 |   +0.23% |  4.80e-08 |      
[INFO GPL-0040] Routability iteration: 1
[WARNING GRT-0281] Net clk has a large fanout of 6226 terminals.
[INFO GPL-0041] Total routing overflow: 1.2663
[INFO GPL-0042] Number of overflowed tiles: 32 (0.03%)
[INFO GPL-0043] Average top 0.5% routing congestion: 0.9239
[INFO GPL-0044] Average top 1.0% routing congestion: 0.8933
[INFO GPL-0045] Average top 2.0% routing congestion: 0.8619
[INFO GPL-0046] Average top 5.0% routing congestion: 0.8197
[INFO GPL-0047] Routability iteration weighted routing congestion: 0.9086
[INFO GPL-0050] Weighted routing congestion is lower than target routing congestion(1.0100), end routability optimization.
[INFO GPL-0090] Routability finished. Target routing congestion achieved succesfully.
Iteration | Overflow |     HPWL (um) |  HPWL(%) |   Penalty | Group
---------------------------------------------------------------
      440 |   0.2808 |  2.783691e+06 |   -0.85% |  7.05e-08 |      
      450 |   0.2453 |  2.774297e+06 |   -0.34% |  1.04e-07 |      
      460 |   0.2205 |  2.768716e+06 |   -0.20% |  1.53e-07 |      
[INFO GPL-0100] Timing-driven iteration 2/2, virtual: false.
[INFO GPL-0101]    Iter: 470, overflow: 0.195, keep resizer changes at: 1, HPWL: 5522513985
Iteration |   Area    | Resized | Buffers | Nets repaired | Remaining
---------------------------------------------------------------------
        0 |     +0.0% |       0 |       0 |             0 |    143195
    final |     +0.4% |      15 |     415 |           408 |         0
---------------------------------------------------------------------
[INFO RSZ-0034] Found 35 slew violations.
[INFO RSZ-0036] Found 324 capacitance violations.
[INFO RSZ-0037] Found 75 long wires.
[INFO RSZ-0039] Resized 15 instances.
[INFO RSZ-0038] Inserted 415 buffers in 408 nets.
   Iter   |    Area   | Removed | Inserted |   Pins
          |           | Buffers | Buffers  | Remaining
-------------------------------------------------------
        0 |     +0.0% |       0 |        0 |    127460
    12700 |     -0.1% |     350 |       33 |    114760
    25400 |     -0.8% |    1978 |      281 |    102060
    38100 |     -1.5% |    3679 |      597 |     89360
    50800 |     -2.2% |    5237 |      725 |     76660
    63500 |     -2.7% |    6417 |      947 |     63960
    76200 |     -3.1% |    7262 |     1055 |     51260
    88900 |     -3.4% |    8338 |     1447 |     38560
   101600 |     -3.7% |    9779 |     2371 |     25860
   114300 |     -4.3% |   11682 |     3666 |     13160
   127000 |     -4.6% |   13026 |     4578 |       460
    final |     -4.9% |   16001 |     7276 |         0
-------------------------------------------------------
[INFO GPL-0106] Timing-driven: worst slack 2.869982e-11
[INFO GPL-0107] Timing-driven: repair_design delta area: -7938.724 um^2 (-4.06%)
[INFO GPL-0108] Timing-driven: repair_design, gpl delta gcells: -8310 (-6.07%)
[INFO GPL-0109] Timing-driven: repair_design, gcells created: 7691, deleted: 16001
[INFO GPL-0110] Timing-driven: new target density: 0.27925193
Iteration | Overflow |     HPWL (um) |  HPWL(%) |   Penalty | Group
---------------------------------------------------------------
      470 |   0.1988 |  2.825777e+06 |   +2.06% |  2.25e-07 |      
      480 |   0.1685 |  2.788654e+06 |   -1.31% |  3.27e-07 |      
      490 |   0.1462 |  2.738794e+06 |   -1.79% |  4.82e-07 |      
      500 |   0.1258 |  2.716067e+06 |   -0.83% |  7.10e-07 |      
      510 |   0.1077 |  2.701134e+06 |   -0.55% |  1.05e-06 |      
      515 |   0.0992 |  2.696478e+06 |          |  1.32e-06 |      
---------------------------------------------------------------
[INFO GPL-1001] Global placement finished at iteration 515
[INFO GPL-1017] Routability mode iteration count: 96
[INFO GPL-1005] Routability final weighted congestion: 0.8409
[INFO GPL-1002] Placed Cell Area            187476.9358
[INFO GPL-1003] Available Free Area         845758.9700
[INFO GPL-1004] Minimum Feasible Density        0.2200 (cell_area / free_area)
[INFO GPL-1006]   Suggested Target Densities:
[INFO GPL-1007]     - For 90% usage of free space: 0.2463
[INFO GPL-1008]     - For 80% usage of free space: 0.2771
[INFO GPL-1009]     - For 50% usage of free space: 0.4433
[INFO GPL-1011] Original area (um^2): 178806.26
[INFO GPL-1012] Total routability artificial inflation: 0.00 (+0.00%)
[INFO GPL-1013] Total timing-driven delta area: 8670.67 (+4.85%)
[INFO GPL-1014] Final placement area: 187476.94 (+4.85%)
Took 290 seconds: global_placement -density 0.26899999886751175 -pad_left 0 -pad_right 0 -routability_driven -timing_driven -force_center_initial_place -min_phi_coef 0.95 -max_phi_coef 1.05
estimate_parasitics -placement
Took 8 seconds: estimate_parasitics -placement
Report metrics stage 3, global place...

==========================================================================
global place report_design_area
--------------------------------------------------------------------------
Design area 166639 um^2 20% utilization.
write_db ./results/nangate45/x2_y4_kimi/base/3_3_place_gp.odb
Elapsed time: 6:00.55[h:]min:sec. CPU time: user 563.54 sys 17.20 (161%). Peak memory: 1677264KB.
Log                       Ext     Elapsed/s Peak Memory/MB sha1sum result [0:20)
3_3_place_gp              .odb          360           1637 9fefcbf5550fcfe9096a
/OpenROAD-flow-scripts/flow/scripts/flow.sh 3_4_place_resized resize
Running resize.tcl, stage 3_4_place_resized
read_liberty /OpenROAD-flow-scripts/flow/platforms/nangate45/lib/NangateOpenCellLibrary_typical.lib
read_db ./results/nangate45/x2_y4_kimi/base/3_3_place_gp.odb
read_sdc ./results/nangate45/x2_y4_kimi/base/2_floorplan.sdc
source /OpenROAD-flow-scripts/flow/platforms/nangate45/setRC.tcl
estimate_parasitics -placement
Took 8 seconds: estimate_parasitics -placement
Perform buffer insertion and gate resizing...
repair_design -verbose -cap_margin 22
Iteration |   Area    | Resized | Buffers | Nets repaired | Remaining
---------------------------------------------------------------------
        0 |     +0.0% |       0 |       0 |             0 |    134885
     1000 |     +0.0% |       0 |       0 |             0 |    133885
     2000 |     +0.0% |       0 |       0 |             0 |    132885
     3000 |     +0.0% |       0 |       0 |             0 |    131885
     4000 |     +0.0% |       0 |       0 |             0 |    130885
     5000 |     +0.0% |       0 |       0 |             0 |    129885
     6000 |     +0.0% |       0 |       0 |             0 |    128885
     7000 |     +0.0% |       0 |       0 |             0 |    127885
     8000 |     +0.0% |       0 |       0 |             0 |    126885
     9000 |     +0.0% |       0 |       0 |             0 |    125885
    10000 |     +0.0% |       0 |       0 |             0 |    124885
    11000 |     +0.0% |       0 |       0 |             0 |    123885
    12000 |     +0.0% |       0 |       0 |             0 |    122885
    13000 |     +0.0% |       0 |       0 |             0 |    121885
    14000 |     +0.0% |       0 |       0 |             0 |    120885
    15000 |     +0.0% |       0 |       0 |             0 |    119885
    16000 |     +0.0% |       0 |       0 |             0 |    118885
    17000 |     +0.0% |       0 |       0 |             0 |    117885
    18000 |     +0.0% |       0 |       2 |             2 |    116885
    19000 |     +0.0% |       0 |       2 |             2 |    115885
    20000 |     +0.0% |       0 |       2 |             2 |    114885
    21000 |     +0.0% |       0 |       3 |             3 |    113885
    22000 |     +0.0% |       0 |       3 |             3 |    112885
    23000 |     +0.0% |       0 |       5 |             5 |    111885
    24000 |     +0.0% |       0 |       6 |             6 |    110885
    25000 |     +0.0% |       0 |      11 |            11 |    109885
    26000 |     +0.0% |       0 |      12 |            12 |    108885
    27000 |     +0.0% |       0 |      15 |            15 |    107885
    28000 |     +0.0% |       0 |      20 |            20 |    106885
    29000 |     +0.0% |       0 |      31 |            29 |    105885
    30000 |     +0.0% |       0 |      38 |            36 |    104885
    31000 |     +0.0% |       0 |      44 |            42 |    103885
    32000 |     +0.0% |       0 |      47 |            45 |    102885
    33000 |     +0.0% |       0 |      49 |            47 |    101885
    34000 |     +0.0% |       0 |      53 |            51 |    100885
    35000 |     +0.0% |       0 |      60 |            58 |     99885
    36000 |     +0.0% |       0 |      66 |            64 |     98885
    37000 |     +0.1% |       0 |      78 |            76 |     97885
    38000 |     +0.1% |       0 |      83 |            81 |     96885
    39000 |     +0.1% |       0 |      86 |            84 |     95885
    40000 |     +0.1% |       0 |      88 |            86 |     94885
    41000 |     +0.1% |       0 |      91 |            89 |     93885
    42000 |     +0.1% |       0 |      93 |            91 |     92885
    43000 |     +0.1% |       0 |      96 |            94 |     91885
    44000 |     +0.1% |       0 |      96 |            94 |     90885
    45000 |     +0.1% |       0 |     113 |           111 |     89885
    46000 |     +0.1% |       0 |     117 |           115 |     88885
    47000 |     +0.1% |       0 |     120 |           118 |     87885
    48000 |     +0.1% |       0 |     122 |           120 |     86885
    49000 |     +0.1% |       0 |     123 |           121 |     85885
    50000 |     +0.1% |       0 |     124 |           122 |     84885
    51000 |     +0.1% |       0 |     128 |           126 |     83885
    52000 |     +0.1% |       0 |     131 |           129 |     82885
    53000 |     +0.1% |       0 |     134 |           132 |     81885
    54000 |     +0.1% |       0 |     139 |           137 |     80885
    55000 |     +0.1% |       0 |     142 |           140 |     79885
    56000 |     +0.1% |       0 |     177 |           175 |     78885
    57000 |     +0.1% |       0 |     181 |           179 |     77885
    58000 |     +0.1% |       0 |     184 |           182 |     76885
    59000 |     +0.1% |       0 |     189 |           187 |     75885
    60000 |     +0.1% |       0 |     193 |           191 |     74885
    61000 |     +0.2% |       0 |     198 |           196 |     73885
    62000 |     +0.2% |       0 |     199 |           197 |     72885
    63000 |     +0.2% |       0 |     201 |           199 |     71885
    64000 |     +0.2% |       0 |     202 |           200 |     70885
    65000 |     +0.2% |       0 |     204 |           202 |     69885
    66000 |     +0.2% |       0 |     205 |           203 |     68885
    67000 |     +0.2% |       0 |     219 |           217 |     67885
    68000 |     +0.2% |       0 |     223 |           221 |     66885
    69000 |     +0.2% |       0 |     223 |           221 |     65885
    70000 |     +0.2% |       0 |     229 |           227 |     64885
    71000 |     +0.2% |       0 |     233 |           231 |     63885
    72000 |     +0.2% |       0 |     239 |           237 |     62885
    73000 |     +0.2% |       0 |     241 |           239 |     61885
    74000 |     +0.2% |       0 |     244 |           242 |     60885
    75000 |     +0.2% |       0 |     245 |           243 |     59885
    76000 |     +0.2% |       0 |     245 |           243 |     58885
    77000 |     +0.2% |       0 |     248 |           246 |     57885
    78000 |     +0.2% |       0 |     251 |           249 |     56885
    79000 |     +0.2% |       0 |     252 |           250 |     55885
    80000 |     +0.2% |       0 |     255 |           253 |     54885
    81000 |     +0.2% |       0 |     263 |           261 |     53885
    82000 |     +0.2% |       0 |     267 |           265 |     52885
    83000 |     +0.2% |       0 |     280 |           278 |     51885
    84000 |     +0.2% |       0 |     294 |           292 |     50885
    85000 |     +0.2% |       0 |     301 |           299 |     49885
    86000 |     +0.2% |       0 |     310 |           308 |     48885
    87000 |     +0.2% |       0 |     321 |           319 |     47885
    88000 |     +0.3% |       0 |     326 |           324 |     46885
    89000 |     +0.3% |       0 |     330 |           328 |     45885
    90000 |     +0.3% |       0 |     331 |           329 |     44885
    91000 |     +0.3% |       0 |     337 |           335 |     43885
    92000 |     +0.3% |       0 |     345 |           343 |     42885
    93000 |     +0.3% |       0 |     354 |           352 |     41885
    94000 |     +0.3% |       0 |     366 |           364 |     40885
    95000 |     +0.3% |       0 |     374 |           372 |     39885
    96000 |     +0.3% |       0 |     385 |           383 |     38885
    97000 |     +0.3% |       0 |     390 |           388 |     37885
    98000 |     +0.3% |       0 |     414 |           411 |     36885
    99000 |     +0.3% |       0 |     418 |           415 |     35885
   100000 |     +0.3% |       0 |     424 |           421 |     34885
   101000 |     +0.3% |       1 |     430 |           427 |     33885
   102000 |     +0.4% |       1 |     441 |           438 |     32885
   103000 |     +0.4% |       1 |     451 |           448 |     31885
   104000 |     +0.4% |       1 |     463 |           460 |     30885
   105000 |     +0.4% |       1 |     472 |           469 |     29885
   106000 |     +0.4% |       1 |     488 |           483 |     28885
   107000 |     +0.4% |       1 |     505 |           500 |     27885
   108000 |     +0.4% |       1 |     511 |           506 |     26885
   109000 |     +0.4% |       1 |     519 |           514 |     25885
   110000 |     +0.4% |       1 |     528 |           523 |     24885
   111000 |     +0.4% |       1 |     536 |           531 |     23885
   112000 |     +0.4% |       1 |     542 |           537 |     22885
   113000 |     +0.5% |       1 |     563 |           555 |     21885
   114000 |     +0.5% |       1 |     564 |           556 |     20885
   115000 |     +0.5% |       1 |     573 |           565 |     19885
   116000 |     +0.5% |       1 |     586 |           577 |     18885
   117000 |     +0.5% |       1 |     614 |           603 |     17885
   118000 |     +0.5% |       1 |     615 |           604 |     16885
   119000 |     +0.5% |       1 |     615 |           604 |     15885
   120000 |     +0.5% |       1 |     615 |           604 |     14885
   121000 |     +0.5% |       1 |     616 |           605 |     13885
   122000 |     +0.5% |       1 |     624 |           613 |     12885
   123000 |     +0.5% |       1 |     631 |           620 |     11885
   124000 |     +0.5% |       1 |     631 |           620 |     10885
   125000 |     +0.5% |       1 |     631 |           620 |      9885
   126000 |     +0.5% |       1 |     631 |           620 |      8885
   127000 |     +0.5% |       1 |     631 |           620 |      7885
   128000 |     +0.5% |       1 |     631 |           620 |      6885
   129000 |     +0.5% |       1 |     631 |           620 |      5885
   130000 |     +0.5% |       1 |     631 |           620 |      4885
   131000 |     +0.5% |       1 |     631 |           620 |      3885
   132000 |     +0.5% |       1 |     631 |           620 |      2885
   133000 |     +0.5% |       1 |     631 |           620 |      1885
   134000 |     +0.5% |       1 |     631 |           620 |       885
    final |     +0.5% |       1 |     631 |           620 |         0
---------------------------------------------------------------------
[INFO RSZ-0034] Found 12 slew violations.
[INFO RSZ-0036] Found 618 capacitance violations.
[INFO RSZ-0039] Resized 1 instances.
[INFO RSZ-0038] Inserted 631 buffers in 620 nets.
[INFO RSZ-0504] Runtime: 21.82s
Took 22 seconds: repair_design -verbose -cap_margin 22
Floating nets: 
Report metrics stage 3, resizer...

==========================================================================
resizer report_design_area
--------------------------------------------------------------------------
Design area 167538 um^2 20% utilization.
Instance count before 132137, after 132768
Pin count before 453573, after 454835
write_db ./results/nangate45/x2_y4_kimi/base/3_4_place_resized.odb
Elapsed time: 1:53.64[h:]min:sec. CPU time: user 146.61 sys 5.48 (133%). Peak memory: 886068KB.
Log                       Ext     Elapsed/s Peak Memory/MB sha1sum result [0:20)
3_4_place_resized         .odb          113            865 07543098936be764c444
/OpenROAD-flow-scripts/flow/scripts/flow.sh 3_5_place_dp detail_place
Running detail_place.tcl, stage 3_5_place_dp
read_liberty /OpenROAD-flow-scripts/flow/platforms/nangate45/lib/NangateOpenCellLibrary_typical.lib
read_db ./results/nangate45/x2_y4_kimi/base/3_4_place_resized.odb
read_sdc ./results/nangate45/x2_y4_kimi/base/2_floorplan.sdc
source /OpenROAD-flow-scripts/flow/platforms/nangate45/setRC.tcl
detailed_placement
[INFO DPL-0006] Core area: 846721.89 um^2
[INFO DPL-0007] Movable instances area: 166575.05 um^2
[INFO DPL-0008] Fixed instances area within core: 962.92 um^2
[INFO DPL-0009] Utilization: 19.8%
[INFO DPL-0005] Diamond search max displacement: +/- 500 sites horizontally, +/- 100 rows vertically.
[INFO DPL-1102] Legalizing using negotiation legalizer.
[INFO DPL-1103] Negotiation base search window: +/-20 sites horizontally, +/-5 rows vertically 
	Automatic search window extension enabled.
	Search window extendable up to the max displacement cap of +/-500 sites, +/-100 rows near walls.
[INFO DPL-1104] NegotiationLegalizer DRC penalty: 5.
[INFO DPL-0392] Negotiation cell height distribution (1 unique row-count(s)):
[INFO DPL-0393]   height 1 row(s): 132768 cells
          |      Total |  Illegal |  Illegal
Iteration | Violations |    Cells |    Sites
---------------------------------------------
        0 |          0 |         0 |         0
Negotiation phase 1 converged at iteration 0.
[INFO DPL-0500] Runtime: 2.32s
Placement Analysis
---------------------------------
total displacement     160754.7 u
average displacement        1.2 u
max displacement            8.0 u
original HPWL         2716312.3 u
legalized HPWL        2800149.8 u
delta HPWL                    3 %

improve_placement -max_displacement "5 1"
Detailed placement improvement.
[INFO DPL-0401] Setting random seed to 1.
[INFO DPL-0402] Setting maximum displacement 5 1 to 14000 2800 units.
[INFO DPL-0320] Collected 3830 fixed cells.
[INFO DPL-0318] Collected 129148 single height cells.
[INFO DPL-0321] Collected 0 wide cells.
[INFO DPL-0322] Image (2280, 2800) - (1843380, 1842400)
[INFO DPL-0310] Assigned 129148 cells into segments.  Movement in X-direction is 0.000000, movement in Y-direction is 0.000000.
[INFO DPL-0313] Found 0 cells in wrong regions.
[INFO DPL-0315] Found 0 row alignment problems.
[INFO DPL-0314] Found 0 site alignment problems.
[INFO DPL-0311] Found 0 overlaps between adjacent cells.
[INFO DPL-0312] Found 0 edge spacing violations and 0 padding violations.
[INFO DPL-0303] Running algorithm for independent set matching.
[INFO DPL-0300] Set matching objective is wirelength.
[INFO DPL-0301] Pass   1 of matching; objective is 5.597110e+09.
[INFO DPL-0302] End of matching; objective is 5.595848e+09, improvement is 0.02 percent.
[INFO DPL-0303] Running algorithm for global swaps.
[INFO DPL-0306] Pass   1 of global swaps; hpwl is 5.503746e+09.
[INFO DPL-0306] Pass   2 of global swaps; hpwl is 5.484982e+09.
[INFO DPL-0307] End of global swaps; objective is 5.484982e+09, improvement is 1.98 percent.
[INFO DPL-0303] Running algorithm for vertical swaps.
[INFO DPL-0308] Pass   1 of vertical swaps; hpwl is 5.468189e+09.
[INFO DPL-0309] End of vertical swaps; objective is 5.468189e+09, improvement is 0.31 percent.
[INFO DPL-0303] Running algorithm for reordering.
[INFO DPL-0304] Pass   1 of reordering; objective is 5.466498e+09.
[INFO DPL-0305] End of reordering; objective is 5.466498e+09, improvement is 0.03 percent.
[INFO DPL-0303] Running algorithm for random improvement.
[INFO DPL-0324] Random improver is using random generator.
[INFO DPL-0325] Random improver is using hpwl objective.
[INFO DPL-0326] Random improver cost string is (a).
[INFO DPL-0332] End of pass, Generator random called 2582960 times.
[INFO DPL-0335] Generator random, Cumulative attempts 2582960, swaps 133729, moves 1179402 since last reset.
[INFO DPL-0333] End of pass, Objective hpwl, Initial cost 5.461289e+09, Scratch cost 5.412833e+09, Incremental cost 5.412833e+09, Mismatch? N
[INFO DPL-0338] End of pass, Total cost is 5.412833e+09.
[INFO DPL-0327] Pass   1 of random improver; improvement in cost is 0.89 percent.
[INFO DPL-0328] End of random improver; improvement is 0.887265 percent.
[INFO DPL-0380] Cell flipping.
[INFO DPL-0382] Changed 0 cell orientations for row compatibility.
[INFO DPL-0383] Performed 43422 cell flips.
[INFO DPL-0384] End of flipping; objective is 5.375200e+09, improvement is 0.79 percent.
[INFO DPL-0313] Found 0 cells in wrong regions.
[INFO DPL-0315] Found 0 row alignment problems.
[INFO DPL-0314] Found 0 site alignment problems.
[INFO DPL-0311] Found 0 overlaps between adjacent cells.
[INFO DPL-0312] Found 0 edge spacing violations and 0 padding violations.
Detailed Improvement Results
------------------------------------------
Original HPWL          2800149.8 u ( 1394788.8,  1405361.0)
Final HPWL             2691262.2 u ( 1361961.8,  1329300.4)
Delta HPWL                  -3.9 % (      -2.4,       -5.4)

Took 57 seconds: improve_placement -max_displacement "5 1"
optimize_mirroring
[INFO DPL-0020] Mirrored 10145 instances
[INFO DPL-0021] HPWL before          2691262.2 u
[INFO DPL-0022] HPWL after           2690896.3 u
[INFO DPL-0023] HPWL delta               -0.0 %
[INFO FLW-0012] Placement violations .
estimate_parasitics -placement
Took 9 seconds: estimate_parasitics -placement
Report metrics stage 3, detailed place...

==========================================================================
detailed place report_design_area
--------------------------------------------------------------------------
Design area 167538 um^2 20% utilization.
write_db ./results/nangate45/x2_y4_kimi/base/3_5_place_dp.odb
write_sdc -no_timestamp ./results/nangate45/x2_y4_kimi/base/3_place.sdc
Elapsed time: 2:37.59[h:]min:sec. CPU time: user 186.14 sys 5.13 (121%). Peak memory: 1136348KB.
Log                       Ext     Elapsed/s Peak Memory/MB sha1sum result [0:20)
3_5_place_dp              .odb          157           1109 b337aaa74577ccad5502
cp ./results/nangate45/x2_y4_kimi/base/3_5_place_dp.odb ./results/nangate45/x2_y4_kimi/base/3_place.odb
/OpenROAD-flow-scripts/flow/scripts/flow.sh 4_1_cts cts
Running cts.tcl, stage 4_1_cts
read_liberty /OpenROAD-flow-scripts/flow/platforms/nangate45/lib/NangateOpenCellLibrary_typical.lib
read_db ./results/nangate45/x2_y4_kimi/base/3_place.odb
read_sdc ./results/nangate45/x2_y4_kimi/base/3_place.sdc
source /OpenROAD-flow-scripts/flow/platforms/nangate45/setRC.tcl
clock_tree_synthesis -sink_clustering_enable -repair_clock_nets
[INFO CTS-0050] Root buffer is CLKBUF_X3.
[INFO CTS-0051] Sink buffer is CLKBUF_X3.
[INFO CTS-0052] The following clock buffers will be used for CTS:
                    CLKBUF_X3
[INFO CTS-0049] Characterization buffer is CLKBUF_X3.
[INFO CTS-0007] Net "clk" found for clock "core_clock".
[INFO CTS-0010]  Clock net "clk" has 6225 sinks.
[INFO CTS-0008] TritonCTS found 1 clock nets.
[INFO CTS-0097] Characterization used 1 buffer(s) types.
[INFO CTS-0201] 0 blockages from hard placement blockages and placed macros will be used.
[INFO CTS-0027] Generating H-Tree topology for net clk.
[INFO CTS-0028]  Total number of sinks: 6225.
[INFO CTS-0090]  Sinks will be clustered based on buffer max cap.
[INFO CTS-0030]  Number of static layers: 0.
[INFO CTS-0020]  Wire segment unit: 14000  dbu (7 um).
[INFO CTS-0206] Best clustering solution was found from max clustering size of 7 and max clustering diameter of 104.
[INFO CTS-0019]  Total number of sinks after clustering: 1313.
[INFO CTS-0024]  Normalized sink region: [(1.02329, 1.01226), (130.055, 131.171)].
[INFO CTS-0025]     Width:  129.0317.
[INFO CTS-0026]     Height: 130.1585.
 Level 1
    Direction: Vertical
    Sinks per sub-region: 657
    Sub-region size: 129.0317 X 65.0792
[INFO CTS-0034]     Segment length (rounded): 32.
 Level 2
    Direction: Horizontal
    Sinks per sub-region: 329
    Sub-region size: 64.5159 X 65.0792
[INFO CTS-0034]     Segment length (rounded): 32.
 Level 3
    Direction: Vertical
    Sinks per sub-region: 165
    Sub-region size: 64.5159 X 32.5396
[INFO CTS-0034]     Segment length (rounded): 16.
 Level 4
    Direction: Horizontal
    Sinks per sub-region: 83
    Sub-region size: 32.2579 X 32.5396
[INFO CTS-0034]     Segment length (rounded): 16.
 Level 5
    Direction: Vertical
    Sinks per sub-region: 42
    Sub-region size: 32.2579 X 16.2698
[INFO CTS-0034]     Segment length (rounded): 8.
 Level 6
    Direction: Horizontal
    Sinks per sub-region: 21
    Sub-region size: 16.1290 X 16.2698
[INFO CTS-0034]     Segment length (rounded): 8.
 Level 7
    Direction: Vertical
    Sinks per sub-region: 11
    Sub-region size: 16.1290 X 8.1349
[INFO CTS-0034]     Segment length (rounded): 4.
[INFO CTS-0038]  Stop criterion found. Sink region hpwl is smaller than max wirelength (591.189 um) and max number of sinks is 15.
[INFO CTS-0035]  Number of sinks covered: 1313.
[INFO CTS-0018]     Created 1464 clock buffers.
[INFO CTS-0012]     Minimum number of buffers in the clock path: 6.
[INFO CTS-0013]     Maximum number of buffers in the clock path: 6.
[INFO CTS-0015]     Created 1464 clock nets.
[INFO CTS-0016]     Fanout distribution for the current clock = 2:9, 3:98, 4:394, 5:559, 6:241, 7:35, 8:20, 9:14, 10:11, 11:11, 12:18, 13:14, 14:10, 15:5, 16:1, 18:1..
[INFO CTS-0017]     Max level of the clock tree: 7.
[INFO CTS-0098] Clock net "clk"
[INFO CTS-0099]  Sinks 7374
[INFO CTS-0100]  Leaf buffers 1313
[INFO CTS-0101]  Average sink wire length 1639.16 um
[INFO CTS-0102]  Path depth 5 - 6
[INFO CTS-0207]  Dummy loads inserted 1149
[INFO RSZ-0047] Found 1 long wires.
[INFO RSZ-0048] Inserted 1 buffers in 1 nets.
[INFO CTS-0500] Runtime: 14.46s
Took 14 seconds: clock_tree_synthesis -sink_clustering_enable -repair_clock_nets
estimate_parasitics -placement
Took 7 seconds: estimate_parasitics -placement
detailed_placement
[INFO DPL-0006] Core area: 846721.89 um^2
[INFO DPL-0007] Movable instances area: 169392.52 um^2
[INFO DPL-0008] Fixed instances area within core: 962.92 um^2
[INFO DPL-0009] Utilization: 20.1%
[INFO DPL-0005] Diamond search max displacement: +/- 500 sites horizontally, +/- 100 rows vertically.
[INFO DPL-1102] Legalizing using negotiation legalizer.
[INFO DPL-1103] Negotiation base search window: +/-20 sites horizontally, +/-5 rows vertically 
	Automatic search window extension enabled.
	Search window extendable up to the max displacement cap of +/-500 sites, +/-100 rows near walls.
[INFO DPL-1104] NegotiationLegalizer DRC penalty: 5.
[INFO DPL-0392] Negotiation cell height distribution (1 unique row-count(s)):
[INFO DPL-0393]   height 1 row(s): 135382 cells
          |      Total |  Illegal |  Illegal
Iteration | Violations |    Cells |    Sites
---------------------------------------------
        0 |          0 |         0 |         0
Negotiation phase 1 converged at iteration 0.
[INFO DPL-0500] Runtime: 1.71s
Placement Analysis
---------------------------------
total displacement      49268.0 u
average displacement        0.4 u
max displacement            6.5 u
original HPWL         2755013.5 u
legalized HPWL        2777103.6 u
delta HPWL                    1 %

estimate_parasitics -placement
Took 7 seconds: estimate_parasitics -placement
repair_timing -setup_margin 0 -hold_margin 0 -repair_tns 100 -verbose
[INFO RSZ-0100] Repair move sequence: UnbufferMove SizeUpMove SwapPinsMove BufferMove CloneMove SplitLoadMove 
[INFO RSZ-0098] No setup violations found
[INFO RSZ-0505] Runtime: 7.33s
[INFO RSZ-0046] Found 2 endpoints with hold violations.
Iteration | Resized | Buffers | Cloned Gates |   Area   |   WNS   |   TNS   | Endpoint
--------------------------------------------------------------------------------------
        0 |       0 |       0 |            0 |    +0.0% |  -0.005 |  -0.008 | core.issued[0]$_DFFE_PN0P_/D
    final |       0 |       2 |            0 |    +0.0% |   0.004 |   0.000 | core.drain_row[0]$_DFFE_PN0P_/D
--------------------------------------------------------------------------------------
[INFO RSZ-0032] Inserted 2 hold buffers.
[INFO RSZ-0506] Runtime: 1.87s
Took 9 seconds: repair_timing -setup_margin 0 -hold_margin 0 -repair_tns 100 -verbose
Repair timing output passed lec test
detailed_placement
[INFO DPL-0006] Core area: 846721.89 um^2
[INFO DPL-0007] Movable instances area: 169394.12 um^2
[INFO DPL-0008] Fixed instances area within core: 962.92 um^2
[INFO DPL-0009] Utilization: 20.1%
[INFO DPL-0005] Diamond search max displacement: +/- 500 sites horizontally, +/- 100 rows vertically.
[INFO DPL-1102] Legalizing using negotiation legalizer.
[INFO DPL-1103] Negotiation base search window: +/-20 sites horizontally, +/-5 rows vertically 
	Automatic search window extension enabled.
	Search window extendable up to the max displacement cap of +/-500 sites, +/-100 rows near walls.
[INFO DPL-1104] NegotiationLegalizer DRC penalty: 5.
[INFO DPL-0392] Negotiation cell height distribution (1 unique row-count(s)):
[INFO DPL-0393]   height 1 row(s): 135384 cells
          |      Total |  Illegal |  Illegal
Iteration | Violations |    Cells |    Sites
---------------------------------------------
        0 |          0 |         0 |         0
Negotiation phase 1 converged at iteration 0.
[INFO DPL-0500] Runtime: 1.71s
Placement Analysis
---------------------------------
total displacement          2.6 u
average displacement        0.0 u
max displacement            1.7 u
original HPWL         2777105.8 u
legalized HPWL        2777108.6 u
delta HPWL                    0 %

Report metrics stage 4, cts final...

==========================================================================
cts final report_design_area
--------------------------------------------------------------------------
Design area 170357 um^2 20% utilization.
write_db ./results/nangate45/x2_y4_kimi/base/4_1_cts.odb
write_sdc -no_timestamp ./results/nangate45/x2_y4_kimi/base/4_cts.sdc
Elapsed time: 2:19.93[h:]min:sec. CPU time: user 193.26 sys 7.02 (143%). Peak memory: 1175572KB.
Log                       Ext     Elapsed/s Peak Memory/MB sha1sum result [0:20)
4_1_cts                   .odb          139           1148 1a8bc703e07233e55b8c
cp ./results/nangate45/x2_y4_kimi/base/4_1_cts.odb ./results/nangate45/x2_y4_kimi/base/4_cts.odb
/OpenROAD-flow-scripts/flow/scripts/flow.sh 5_1_grt global_route
Running global_route.tcl, stage 5_1_grt
read_liberty /OpenROAD-flow-scripts/flow/platforms/nangate45/lib/NangateOpenCellLibrary_typical.lib
read_db ./results/nangate45/x2_y4_kimi/base/4_cts.odb
read_sdc ./results/nangate45/x2_y4_kimi/base/4_cts.sdc
source /OpenROAD-flow-scripts/flow/platforms/nangate45/setRC.tcl
pin_access
[INFO DRT-0149] Reading tech and libs.

Units:                2000
Number of layers:     21
Number of macros:     135
Number of vias:       33
Number of viarulegen: 19

[INFO DRT-0150] Reading design.
[WARNING DRT-0120] Large net net20891 has 105 pins which may impact routing performance. Consider optimization.
[WARNING DRT-0120] Large net net20261 has 105 pins which may impact routing performance. Consider optimization.
[WARNING DRT-0120] Large net net20375 has 110 pins which may impact routing performance. Consider optimization.

Design:                   x2_y4_kimi
Die area:                 ( 0 0 ) ( 1845610 1845610 )
Number of track patterns: 20
Number of DEF vias:       0
Number of components:     135384
Number of terminals:      212
Number of snets:          2
Number of nets:           136983

[INFO DRT-0167] List of default vias:
  Layer via2
    default via: via2_5
  Layer via3
    default via: via3_2
  Layer via4
    default via: via4_0
  Layer via5
    default via: via5_0
  Layer via6
    default via: via6_0
  Layer via7
    default via: via7_0
  Layer via8
    default via: via8_0
  Layer via9
    default via: via9_0
[INFO DRT-0162] Library cell analysis.
[INFO DRT-0163] Instance analysis.
  Complete 100000 instances.
[INFO DRT-0164] Number of unique instances = 154.
[INFO DRT-0168] Init region query.
[INFO DRT-0018]   Complete 100000 insts.
[INFO DRT-0024]   Complete active.
[INFO DRT-0024]   Complete Fr_VIA.
[INFO DRT-0024]   Complete metal1.
[INFO DRT-0024]   Complete via1.
[INFO DRT-0024]   Complete metal2.
[INFO DRT-0024]   Complete via2.
[INFO DRT-0024]   Complete metal3.
[INFO DRT-0024]   Complete via3.
[INFO DRT-0024]   Complete metal4.
[INFO DRT-0024]   Complete via4.
[INFO DRT-0024]   Complete metal5.
[INFO DRT-0024]   Complete via5.
[INFO DRT-0024]   Complete metal6.
[INFO DRT-0024]   Complete via6.
[INFO DRT-0024]   Complete metal7.
[INFO DRT-0024]   Complete via7.
[INFO DRT-0024]   Complete metal8.
[INFO DRT-0024]   Complete via8.
[INFO DRT-0024]   Complete metal9.
[INFO DRT-0024]   Complete via9.
[INFO DRT-0024]   Complete metal10.
[INFO DRT-0033] active shape region query size = 0.
[INFO DRT-0033] FR_VIA shape region query size = 0.
[INFO DRT-0033] metal1 shape region query size = 2050820.
[INFO DRT-0033] via1 shape region query size = 32571.
[INFO DRT-0033] metal2 shape region query size = 21714.
[INFO DRT-0033] via2 shape region query size = 32571.
[INFO DRT-0033] metal3 shape region query size = 21714.
[INFO DRT-0033] via3 shape region query size = 32571.
[INFO DRT-0033] metal4 shape region query size = 11913.
[INFO DRT-0033] via4 shape region query size = 10230.
[INFO DRT-0033] metal5 shape region query size = 2122.
[INFO DRT-0033] via5 shape region query size = 10230.
[INFO DRT-0033] metal6 shape region query size = 2180.
[INFO DRT-0033] via6 shape region query size = 4092.
[INFO DRT-0033] metal7 shape region query size = 1147.
[INFO DRT-0033] via7 shape region query size = 0.
[INFO DRT-0033] metal8 shape region query size = 0.
[INFO DRT-0033] via8 shape region query size = 0.
[INFO DRT-0033] metal9 shape region query size = 0.
[INFO DRT-0033] via9 shape region query size = 0.
[INFO DRT-0033] metal10 shape region query size = 0.
[INFO DRT-0165] Start pin access.
[INFO DRT-0078]   Complete 904 pins.
[INFO DRT-0079]   Complete 100 unique inst patterns.
[INFO DRT-0081]   Complete 154 unique inst patterns.
[INFO DRT-0082]   Complete 10000 groups.
[INFO DRT-0082]   Complete 20000 groups.
[INFO DRT-0082]   Complete 30000 groups.
[INFO DRT-0082]   Complete 40000 groups.
[INFO DRT-0082]   Complete 50000 groups.
[INFO DRT-0082]   Complete 60000 groups.
[INFO DRT-0082]   Complete 70000 groups.
[INFO DRT-0082]   Complete 80000 groups.
[INFO DRT-0084]   Complete 88510 groups.
#scanned instances     = 135384
#unique  instances     = 154
#stdCellGenAp          = 5641
#stdCellValidPlanarAp  = 0
#stdCellValidViaAp     = 3890
#stdCellPinNoAp        = 0
#stdCellPinCnt         = 458918
#instTermValidViaApCnt = 0
#macroGenAp            = 0
#macroValidPlanarAp    = 0
#macroValidViaAp       = 0
#macroNoAp             = 0
[INFO DRT-0166] Complete pin access.
[INFO DRT-0267] cpu time = 00:14:42, elapsed time = 00:03:41, memory = 556.14 (MB), peak = 603.80 (MB)
Took 224 seconds: pin_access
global_route -congestion_report_file ./reports/nangate45/x2_y4_kimi/base/congestion.rpt -congestion_iterations 30 -congestion_report_iter_step 5 -verbose
[INFO GRT-0020] Min routing layer: metal2
[INFO GRT-0021] Max routing layer: metal10
[INFO GRT-0022] Global adjustment: 0%
[INFO GRT-0023] Grid origin: (0, 0)
[INFO GRT-0088] Layer metal1  Track-Pitch = 0.1400  line-2-Via Pitch: 0.1350
[INFO GRT-0088] Layer metal2  Track-Pitch = 0.1900  line-2-Via Pitch: 0.1400
[INFO GRT-0088] Layer metal3  Track-Pitch = 0.1400  line-2-Via Pitch: 0.1400
[INFO GRT-0088] Layer metal4  Track-Pitch = 0.2800  line-2-Via Pitch: 0.2800
[INFO GRT-0088] Layer metal5  Track-Pitch = 0.2800  line-2-Via Pitch: 0.2800
[INFO GRT-0088] Layer metal6  Track-Pitch = 0.2800  line-2-Via Pitch: 0.2800
[INFO GRT-0088] Layer metal7  Track-Pitch = 0.8000  line-2-Via Pitch: 0.8000
[INFO GRT-0088] Layer metal8  Track-Pitch = 0.8000  line-2-Via Pitch: 0.8000
[INFO GRT-0088] Layer metal9  Track-Pitch = 1.6000  line-2-Via Pitch: 1.6000
[INFO GRT-0088] Layer metal10 Track-Pitch = 1.6000  line-2-Via Pitch: 1.6000
[INFO GRT-0003] Macros: 0
[INFO GRT-0004] Blockages: 0
[INFO GRT-0019] Found 1466 clock nets.
[INFO GRT-0001] Minimum degree: 2
[INFO GRT-0002] Maximum degree: 110

[INFO GRT-0053] Routing resources analysis:
          Routing      Original      Derated      Resource
Layer     Direction    Resources     Resources    Reduction (%)
---------------------------------------------------------------
metal1     Horizontal          0             0          0.00%
metal2     Vertical      1530788        719026          53.03%
metal3     Horizontal    2110899       1035392          50.95%
metal4     Vertical      1038772        734160          29.32%
metal5     Horizontal    1055767        744325          29.50%
metal6     Vertical      1059106        747205          29.45%
metal7     Horizontal     324254        228620          29.49%
metal8     Vertical       371266        266938          28.10%
metal9     Horizontal     185472        104328          43.75%
metal10    Vertical       185472        104328          43.75%
---------------------------------------------------------------

[INFO GRT-0101] Running extra iterations to remove congestion.
[INFO GRT-0102] Start extra iteration 1/30
[INFO GRT-0197] Via related to pin nodes: 765310
[INFO GRT-0198] Via related Steiner nodes: 17559
[INFO GRT-0199] Via filling finished.
[INFO GRT-0111] Final number of vias: 976222
[INFO GRT-0112] Final usage 3D: 4062701

[INFO GRT-0096] Final congestion report:
Layer         Resource        Demand        Usage (%)    Max H / Max V / Total Congestion
---------------------------------------------------------------------------------------
metal1               0             0            0.00%             0 /  0 /  0
metal2          719026        324533           45.14%             0 /  0 /  0
metal3         1035392        442146           42.70%             0 /  0 /  0
metal4          734160        203021           27.65%             0 /  0 /  0
metal5          744325        122923           16.51%             0 /  0 /  0
metal6          747205         36656            4.91%             0 /  0 /  0
metal7          228620          3791            1.66%             0 /  0 /  0
metal8          266938           352            0.13%             0 /  0 /  0
metal9          104328           613            0.59%             0 /  0 /  0
metal10         104328             0            0.00%             0 /  0 /  0
---------------------------------------------------------------------------------------
Total          4684322       1134035           24.21%             0 /  0 /  0

[INFO GRT-0018] Total wirelength: 4210131 um
[INFO GRT-0014] Routed nets: 130782
[INFO GRT-0303] Global routing runtime = 00:00:22
Took 22 seconds: global_route -congestion_report_file ./reports/nangate45/x2_y4_kimi/base/congestion.rpt -congestion_iterations 30 -congestion_report_iter_step 5 -verbose
estimate_parasitics -global_routing
Took 7 seconds: estimate_parasitics -global_routing
Perform buffer insertion and gate resizing...
repair_design -verbose -cap_margin 22
Iteration |   Area    | Resized | Buffers | Nets repaired | Remaining
---------------------------------------------------------------------
        0 |     +0.0% |       0 |       0 |             0 |    138132
     1000 |     +0.0% |       0 |       0 |             0 |    137132
     2000 |     +0.0% |       0 |       0 |             0 |    136132
     3000 |     +0.0% |       0 |       3 |             3 |    135132
     4000 |     +0.0% |       0 |       3 |             3 |    134132
     5000 |     +0.0% |       0 |       3 |             3 |    133132
     6000 |     +0.0% |       0 |       5 |             5 |    132132
     7000 |     +0.0% |       0 |       5 |             5 |    131132
     8000 |     +0.0% |       0 |       5 |             5 |    130132
     9000 |     +0.0% |       0 |       5 |             5 |    129132
    10000 |     +0.0% |       0 |       5 |             5 |    128132
    11000 |     +0.0% |       0 |       5 |             5 |    127132
    12000 |     +0.0% |       0 |       5 |             5 |    126132
    13000 |     +0.0% |       0 |       5 |             5 |    125132
    14000 |     +0.0% |       0 |       5 |             5 |    124132
    15000 |     +0.0% |       0 |       5 |             5 |    123132
    16000 |     +0.0% |       0 |       5 |             5 |    122132
    17000 |     +0.0% |       0 |       6 |             6 |    121132
    18000 |     +0.0% |       0 |       6 |             6 |    120132
    19000 |     +0.0% |       0 |       6 |             6 |    119132
    20000 |     +0.0% |       0 |       6 |             6 |    118132
    21000 |     +0.0% |       0 |      21 |            24 |    117132
    22000 |     +0.0% |       0 |      22 |            26 |    116132
    23000 |     +0.0% |       0 |      33 |            37 |    115132
    24000 |     +0.0% |       0 |      33 |            37 |    114132
    25000 |     +0.0% |       0 |      33 |            38 |    113132
    26000 |     +0.0% |       0 |      39 |            44 |    112132
    27000 |     +0.0% |       0 |      40 |            45 |    111132
    28000 |     +0.0% |       0 |      47 |            54 |    110132
    29000 |     +0.1% |       0 |      49 |            57 |    109132
    30000 |     +0.1% |       0 |      52 |            60 |    108132
    31000 |     +0.1% |       0 |      53 |            61 |    107132
    32000 |     +0.1% |       0 |      54 |            62 |    106132
    33000 |     +0.1% |       0 |      57 |            65 |    105132
    34000 |     +0.1% |       0 |      57 |            65 |    104132
    35000 |     +0.1% |       0 |      57 |            65 |    103132
    36000 |     +0.1% |       0 |      58 |            67 |    102132
    37000 |     +0.1% |       0 |      58 |            68 |    101132
    38000 |     +0.1% |       0 |      59 |            70 |    100132
    39000 |     +0.1% |       0 |      59 |            70 |     99132
    40000 |     +0.1% |       0 |      59 |            70 |     98132
    41000 |     +0.1% |       0 |      59 |            71 |     97132
    42000 |     +0.1% |       0 |      59 |            74 |     96132
    43000 |     +0.1% |       0 |      60 |            75 |     95132
    44000 |     +0.1% |       0 |      62 |            78 |     94132
    45000 |     +0.1% |       0 |      63 |            79 |     93132
    46000 |     +0.1% |       0 |      63 |            79 |     92132
    47000 |     +0.1% |       0 |      64 |            81 |     91132
    48000 |     +0.1% |       0 |      65 |            83 |     90132
    49000 |     +0.1% |       0 |      65 |            83 |     89132
    50000 |     +0.1% |       0 |      66 |            85 |     88132
    51000 |     +0.1% |       0 |      66 |            85 |     87132
    52000 |     +0.1% |       0 |      67 |            86 |     86132
    53000 |     +0.1% |       0 |      67 |            86 |     85132
    54000 |     +0.1% |       0 |      67 |            86 |     84132
    55000 |     +0.1% |       0 |      67 |            86 |     83132
    56000 |     +0.1% |       0 |      67 |            86 |     82132
    57000 |     +0.1% |       0 |      67 |            86 |     81132
    58000 |     +0.1% |       0 |      68 |            87 |     80132
    59000 |     +0.1% |       0 |      69 |            88 |     79132
    60000 |     +0.1% |       0 |      70 |            89 |     78132
    61000 |     +0.1% |       0 |      71 |            91 |     77132
    62000 |     +0.1% |       0 |      72 |            92 |     76132
    63000 |     +0.1% |       0 |      72 |            92 |     75132
    64000 |     +0.1% |       0 |      72 |            92 |     74132
    65000 |     +0.1% |       0 |      73 |            93 |     73132
    66000 |     +0.1% |       0 |      75 |            95 |     72132
    67000 |     +0.1% |       0 |      76 |            96 |     71132
    68000 |     +0.1% |       0 |      78 |            98 |     70132
    69000 |     +0.1% |       0 |      78 |            98 |     69132
    70000 |     +0.1% |       0 |      78 |            98 |     68132
    71000 |     +0.1% |       0 |      79 |            99 |     67132
    72000 |     +0.1% |       0 |      79 |            99 |     66132
    73000 |     +0.1% |       0 |      79 |            99 |     65132
    74000 |     +0.1% |       0 |      79 |           100 |     64132
    75000 |     +0.1% |       0 |      80 |           101 |     63132
    76000 |     +0.1% |       0 |      80 |           101 |     62132
    77000 |     +0.1% |       0 |      80 |           101 |     61132
    78000 |     +0.1% |       0 |      81 |           103 |     60132
    79000 |     +0.1% |       0 |      81 |           105 |     59132
    80000 |     +0.1% |       0 |      81 |           105 |     58132
    81000 |     +0.1% |       0 |      81 |           105 |     57132
    82000 |     +0.1% |       0 |      81 |           105 |     56132
    83000 |     +0.1% |       0 |      82 |           106 |     55132
    84000 |     +0.1% |       0 |      91 |           115 |     54132
    85000 |     +0.1% |       0 |      91 |           115 |     53132
    86000 |     +0.1% |       0 |      91 |           115 |     52132
    87000 |     +0.1% |       0 |      92 |           116 |     51132
    88000 |     +0.1% |       0 |      92 |           116 |     50132
    89000 |     +0.1% |       0 |      93 |           118 |     49132
    90000 |     +0.1% |       0 |      93 |           118 |     48132
    91000 |     +0.1% |       0 |      93 |           118 |     47132
    92000 |     +0.1% |       0 |      93 |           118 |     46132
    93000 |     +0.1% |       0 |      93 |           119 |     45132
    94000 |     +0.1% |       0 |      93 |           119 |     44132
    95000 |     +0.1% |       0 |      94 |           120 |     43132
    96000 |     +0.1% |       0 |      96 |           122 |     42132
    97000 |     +0.1% |       0 |      96 |           122 |     41132
[WARNING RSZ-0104] Net _128111_ only has one pin. Check if it is intended to be dangling.
[WARNING RSZ-0104] Net _128062_ only has one pin. Check if it is intended to be dangling.
[WARNING RSZ-0104] Net _134077_ only has one pin. Check if it is intended to be dangling.
[WARNING RSZ-0104] Net _134076_ only has one pin. Check if it is intended to be dangling.
[WARNING RSZ-0104] Net _134075_ only has one pin. Check if it is intended to be dangling.
[WARNING RSZ-0104] Net _134074_ only has one pin. Check if it is intended to be dangling.
[WARNING RSZ-0104] Net _134073_ only has one pin. Check if it is intended to be dangling.
[WARNING RSZ-0104] Net _134072_ only has one pin. Check if it is intended to be dangling.
[WARNING RSZ-0104] Net _134071_ only has one pin. Check if it is intended to be dangling.
[WARNING RSZ-0104] Net _134070_ only has one pin. Check if it is intended to be dangling.
[WARNING RSZ-0104] Net _128114_ only has one pin. Check if it is intended to be dangling.
[WARNING RSZ-0104] Net _134090_ only has one pin. Check if it is intended to be dangling.
[WARNING RSZ-0104] Net _134089_ only has one pin. Check if it is intended to be dangling.
[WARNING RSZ-0104] Net _134088_ only has one pin. Check if it is intended to be dangling.
[WARNING RSZ-0104] Net _134069_ only has one pin. Check if it is intended to be dangling.
[WARNING RSZ-0104] Net _134087_ only has one pin. Check if it is intended to be dangling.
[WARNING RSZ-0104] Net _134086_ only has one pin. Check if it is intended to be dangling.
[WARNING RSZ-0104] Net _134085_ only has one pin. Check if it is intended to be dangling.
[WARNING RSZ-0104] Net _134084_ only has one pin. Check if it is intended to be dangling.
[WARNING RSZ-0104] Net _134083_ only has one pin. Check if it is intended to be dangling.
[WARNING RSZ-0104] Net _134082_ only has one pin. Check if it is intended to be dangling.
[WARNING RSZ-0104] Net _134081_ only has one pin. Check if it is intended to be dangling.
[WARNING RSZ-0104] Net _134080_ only has one pin. Check if it is intended to be dangling.
[WARNING RSZ-0104] Net _134079_ only has one pin. Check if it is intended to be dangling.
[WARNING RSZ-0104] Net _134078_ only has one pin. Check if it is intended to be dangling.
[WARNING RSZ-0104] Net _134068_ only has one pin. Check if it is intended to be dangling.
[WARNING RSZ-0104] Net _128110_ only has one pin. Check if it is intended to be dangling.
[WARNING RSZ-0104] Net _128179_ only has one pin. Check if it is intended to be dangling.
[WARNING RSZ-0104] Net _128178_ only has one pin. Check if it is intended to be dangling.
[WARNING RSZ-0104] Net _128177_ only has one pin. Check if it is intended to be dangling.
[WARNING RSZ-0104] Net _128176_ only has one pin. Check if it is intended to be dangling.
[WARNING RSZ-0104] Net _128175_ only has one pin. Check if it is intended to be dangling.
[WARNING RSZ-0104] Net _128174_ only has one pin. Check if it is intended to be dangling.
[WARNING RSZ-0104] Net _128173_ only has one pin. Check if it is intended to be dangling.
[WARNING RSZ-0104] Net _134099_ only has one pin. Check if it is intended to be dangling.
[WARNING RSZ-0104] Net _134098_ only has one pin. Check if it is intended to be dangling.
[WARNING RSZ-0104] Net _134097_ only has one pin. Check if it is intended to be dangling.
[WARNING RSZ-0104] Net _134096_ only has one pin. Check if it is intended to be dangling.
[WARNING RSZ-0104] Net _134095_ only has one pin. Check if it is intended to be dangling.
[WARNING RSZ-0104] Net _134094_ only has one pin. Check if it is intended to be dangling.
[WARNING RSZ-0104] Net _134093_ only has one pin. Check if it is intended to be dangling.
[WARNING RSZ-0104] Net _134092_ only has one pin. Check if it is intended to be dangling.
[WARNING RSZ-0104] Net _134091_ only has one pin. Check if it is intended to be dangling.
[WARNING RSZ-0104] Net _128113_ only has one pin. Check if it is intended to be dangling.
[WARNING RSZ-0104] Net _134100_ only has one pin. Check if it is intended to be dangling.
[WARNING RSZ-0104] Net _134112_ only has one pin. Check if it is intended to be dangling.
[WARNING RSZ-0104] Net _134109_ only has one pin. Check if it is intended to be dangling.
[WARNING RSZ-0104] Net _134108_ only has one pin. Check if it is intended to be dangling.
[WARNING RSZ-0104] Net _134107_ only has one pin. Check if it is intended to be dangling.
[WARNING RSZ-0104] Net _134106_ only has one pin. Check if it is intended to be dangling.
[WARNING RSZ-0104] Net _134105_ only has one pin. Check if it is intended to be dangling.
[WARNING RSZ-0104] Net _134104_ only has one pin. Check if it is intended to be dangling.
[WARNING RSZ-0104] Net _134103_ only has one pin. Check if it is intended to be dangling.
[WARNING RSZ-0104] Net _134102_ only has one pin. Check if it is intended to be dangling.
[WARNING RSZ-0104] Net _134101_ only has one pin. Check if it is intended to be dangling.
[WARNING RSZ-0104] Net _128112_ only has one pin. Check if it is intended to be dangling.
[WARNING RSZ-0104] Net _134110_ only has one pin. Check if it is intended to be dangling.
[WARNING RSZ-0104] Net _128396_ only has one pin. Check if it is intended to be dangling.
[WARNING RSZ-0104] Net _128395_ only has one pin. Check if it is intended to be dangling.
[WARNING RSZ-0104] Net _128394_ only has one pin. Check if it is intended to be dangling.
[WARNING RSZ-0104] Net _128393_ only has one pin. Check if it is intended to be dangling.
[WARNING RSZ-0104] Net _128392_ only has one pin. Check if it is intended to be dangling.
[WARNING RSZ-0104] Net _128391_ only has one pin. Check if it is intended to be dangling.
[WARNING RSZ-0104] Net _128390_ only has one pin. Check if it is intended to be dangling.
[WARNING RSZ-0104] Net _128389_ only has one pin. Check if it is intended to be dangling.
[WARNING RSZ-0104] Net _128100_ only has one pin. Check if it is intended to be dangling.
[WARNING RSZ-0104] Net _128409_ only has one pin. Check if it is intended to be dangling.
[WARNING RSZ-0104] Net _128408_ only has one pin. Check if it is intended to be dangling.
[WARNING RSZ-0104] Net _128407_ only has one pin. Check if it is intended to be dangling.
[WARNING RSZ-0104] Net _128388_ only has one pin. Check if it is intended to be dangling.
[WARNING RSZ-0104] Net _128406_ only has one pin. Check if it is intended to be dangling.
[WARNING RSZ-0104] Net _128405_ only has one pin. Check if it is intended to be dangling.
[WARNING RSZ-0104] Net _128404_ only has one pin. Check if it is intended to be dangling.
[WARNING RSZ-0104] Net _128403_ only has one pin. Check if it is intended to be dangling.
[WARNING RSZ-0104] Net _128402_ only has one pin. Check if it is intended to be dangling.
[WARNING RSZ-0104] Net _128401_ only has one pin. Check if it is intended to be dangling.
[WARNING RSZ-0104] Net _128400_ only has one pin. Check if it is intended to be dangling.
[WARNING RSZ-0104] Net _128399_ only has one pin. Check if it is intended to be dangling.
[WARNING RSZ-0104] Net _128398_ only has one pin. Check if it is intended to be dangling.
[WARNING RSZ-0104] Net _128397_ only has one pin. Check if it is intended to be dangling.
[WARNING RSZ-0104] Net _128387_ only has one pin. Check if it is intended to be dangling.
[WARNING RSZ-0104] Net _130466_ only has one pin. Check if it is intended to be dangling.
[WARNING RSZ-0104] Net _130465_ only has one pin. Check if it is intended to be dangling.
[WARNING RSZ-0104] Net _130464_ only has one pin. Check if it is intended to be dangling.
[WARNING RSZ-0104] Net _130463_ only has one pin. Check if it is intended to be dangling.
[WARNING RSZ-0104] Net _130462_ only has one pin. Check if it is intended to be dangling.
[WARNING RSZ-0104] Net _130461_ only has one pin. Check if it is intended to be dangling.
[WARNING RSZ-0104] Net _130460_ only has one pin. Check if it is intended to be dangling.
[WARNING RSZ-0104] Net _130459_ only has one pin. Check if it is intended to be dangling.
[WARNING RSZ-0104] Net _127978_ only has one pin. Check if it is intended to be dangling.
[WARNING RSZ-0104] Net _130479_ only has one pin. Check if it is intended to be dangling.
[WARNING RSZ-0104] Net _130478_ only has one pin. Check if it is intended to be dangling.
[WARNING RSZ-0104] Net _130477_ only has one pin. Check if it is intended to be dangling.
[WARNING RSZ-0104] Net _130458_ only has one pin. Check if it is intended to be dangling.
[WARNING RSZ-0104] Net _130476_ only has one pin. Check if it is intended to be dangling.
[WARNING RSZ-0104] Net _130475_ only has one pin. Check if it is intended to be dangling.
[WARNING RSZ-0104] Net _130474_ only has one pin. Check if it is intended to be dangling.
[WARNING RSZ-0104] Net _130473_ only has one pin. Check if it is intended to be dangling.
[WARNING RSZ-0104] Net _130472_ only has one pin. Check if it is intended to be dangling.
[WARNING RSZ-0104] Net _130471_ only has one pin. Check if it is intended to be dangling.
[WARNING RSZ-0104] Net _130470_ only has one pin. Check if it is intended to be dangling.
[WARNING RSZ-0104] Net _130469_ only has one pin. Check if it is intended to be dangling.
[WARNING RSZ-0104] Net _130468_ only has one pin. Check if it is intended to be dangling.
[WARNING RSZ-0104] Net _130467_ only has one pin. Check if it is intended to be dangling.
[WARNING RSZ-0104] Net _130457_ only has one pin. Check if it is intended to be dangling.
[WARNING RSZ-0104] Net _130443_ only has one pin. Check if it is intended to be dangling.
[WARNING RSZ-0104] Net _130442_ only has one pin. Check if it is intended to be dangling.
[WARNING RSZ-0104] Net _130441_ only has one pin. Check if it is intended to be dangling.
[WARNING RSZ-0104] Net _130440_ only has one pin. Check if it is intended to be dangling.
[WARNING RSZ-0104] Net _130439_ only has one pin. Check if it is intended to be dangling.
[WARNING RSZ-0104] Net _130438_ only has one pin. Check if it is intended to be dangling.
[WARNING RSZ-0104] Net _130437_ only has one pin. Check if it is intended to be dangling.
[WARNING RSZ-0104] Net _130436_ only has one pin. Check if it is intended to be dangling.
[WARNING RSZ-0104] Net _127979_ only has one pin. Check if it is intended to be dangling.
[WARNING RSZ-0104] Net _130456_ only has one pin. Check if it is intended to be dangling.
[WARNING RSZ-0104] Net _130455_ only has one pin. Check if it is intended to be dangling.
[WARNING RSZ-0104] Net _130454_ only has one pin. Check if it is intended to be dangling.
[WARNING RSZ-0104] Net _130435_ only has one pin. Check if it is intended to be dangling.
[WARNING RSZ-0104] Net _130453_ only has one pin. Check if it is intended to be dangling.
[WARNING RSZ-0104] Net _130452_ only has one pin. Check if it is intended to be dangling.
[WARNING RSZ-0104] Net _130451_ only has one pin. Check if it is intended to be dangling.
[WARNING RSZ-0104] Net _130450_ only has one pin. Check if it is intended to be dangling.
[WARNING RSZ-0104] Net _130449_ only has one pin. Check if it is intended to be dangling.
[WARNING RSZ-0104] Net _130448_ only has one pin. Check if it is intended to be dangling.
[WARNING RSZ-0104] Net _130447_ only has one pin. Check if it is intended to be dangling.
[WARNING RSZ-0104] Net _130446_ only has one pin. Check if it is intended to be dangling.
[WARNING RSZ-0104] Net _130445_ only has one pin. Check if it is intended to be dangling.
[WARNING RSZ-0104] Net _130444_ only has one pin. Check if it is intended to be dangling.
[WARNING RSZ-0104] Net _130434_ only has one pin. Check if it is intended to be dangling.
[WARNING RSZ-0104] Net _130420_ only has one pin. Check if it is intended to be dangling.
[WARNING RSZ-0104] Net _130419_ only has one pin. Check if it is intended to be dangling.
[WARNING RSZ-0104] Net _130418_ only has one pin. Check if it is intended to be dangling.
[WARNING RSZ-0104] Net _130417_ only has one pin. Check if it is intended to be dangling.
[WARNING RSZ-0104] Net _130416_ only has one pin. Check if it is intended to be dangling.
[WARNING RSZ-0104] Net _130415_ only has one pin. Check if it is intended to be dangling.
[WARNING RSZ-0104] Net _130414_ only has one pin. Check if it is intended to be dangling.
[WARNING RSZ-0104] Net _130413_ only has one pin. Check if it is intended to be dangling.
[WARNING RSZ-0104] Net _127980_ only has one pin. Check if it is intended to be dangling.
[WARNING RSZ-0104] Net _130433_ only has one pin. Check if it is intended to be dangling.
[WARNING RSZ-0104] Net _130432_ only has one pin. Check if it is intended to be dangling.
[WARNING RSZ-0104] Net _130431_ only has one pin. Check if it is intended to be dangling.
[WARNING RSZ-0104] Net _130412_ only has one pin. Check if it is intended to be dangling.
[WARNING RSZ-0104] Net _130430_ only has one pin. Check if it is intended to be dangling.
[WARNING RSZ-0104] Net _130429_ only has one pin. Check if it is intended to be dangling.
[WARNING RSZ-0104] Net _130428_ only has one pin. Check if it is intended to be dangling.
[WARNING RSZ-0104] Net _130427_ only has one pin. Check if it is intended to be dangling.
[WARNING RSZ-0104] Net _130426_ only has one pin. Check if it is intended to be dangling.
[WARNING RSZ-0104] Net _130425_ only has one pin. Check if it is intended to be dangling.
[WARNING RSZ-0104] Net _130424_ only has one pin. Check if it is intended to be dangling.
[WARNING RSZ-0104] Net _130423_ only has one pin. Check if it is intended to be dangling.
[WARNING RSZ-0104] Net _130422_ only has one pin. Check if it is intended to be dangling.
[WARNING RSZ-0104] Net _130421_ only has one pin. Check if it is intended to be dangling.
[WARNING RSZ-0104] Net _130411_ only has one pin. Check if it is intended to be dangling.
[WARNING RSZ-0104] Net _130397_ only has one pin. Check if it is intended to be dangling.
[WARNING RSZ-0104] Net _130396_ only has one pin. Check if it is intended to be dangling.
[WARNING RSZ-0104] Net _130395_ only has one pin. Check if it is intended to be dangling.
[WARNING RSZ-0104] Net _130394_ only has one pin. Check if it is intended to be dangling.
[WARNING RSZ-0104] Net _130393_ only has one pin. Check if it is intended to be dangling.
[WARNING RSZ-0104] Net _130392_ only has one pin. Check if it is intended to be dangling.
[WARNING RSZ-0104] Net _130391_ only has one pin. Check if it is intended to be dangling.
[WARNING RSZ-0104] Net _130390_ only has one pin. Check if it is intended to be dangling.
[WARNING RSZ-0104] Net _127981_ only has one pin. Check if it is intended to be dangling.
[WARNING RSZ-0104] Net _130410_ only has one pin. Check if it is intended to be dangling.
[WARNING RSZ-0104] Net _130409_ only has one pin. Check if it is intended to be dangling.
[WARNING RSZ-0104] Net _130408_ only has one pin. Check if it is intended to be dangling.
[WARNING RSZ-0104] Net _130389_ only has one pin. Check if it is intended to be dangling.
[WARNING RSZ-0104] Net _130407_ only has one pin. Check if it is intended to be dangling.
[WARNING RSZ-0104] Net _130406_ only has one pin. Check if it is intended to be dangling.
[WARNING RSZ-0104] Net _130405_ only has one pin. Check if it is intended to be dangling.
[WARNING RSZ-0104] Net _130404_ only has one pin. Check if it is intended to be dangling.
[WARNING RSZ-0104] Net _130403_ only has one pin. Check if it is intended to be dangling.
[WARNING RSZ-0104] Net _130402_ only has one pin. Check if it is intended to be dangling.
[WARNING RSZ-0104] Net _130401_ only has one pin. Check if it is intended to be dangling.
[WARNING RSZ-0104] Net _130400_ only has one pin. Check if it is intended to be dangling.
[WARNING RSZ-0104] Net _130399_ only has one pin. Check if it is intended to be dangling.
[WARNING RSZ-0104] Net _130398_ only has one pin. Check if it is intended to be dangling.
[WARNING RSZ-0104] Net _130388_ only has one pin. Check if it is intended to be dangling.
[WARNING RSZ-0104] Net _130374_ only has one pin. Check if it is intended to be dangling.
[WARNING RSZ-0104] Net _130373_ only has one pin. Check if it is intended to be dangling.
[WARNING RSZ-0104] Net _130372_ only has one pin. Check if it is intended to be dangling.
[WARNING RSZ-0104] Net _130371_ only has one pin. Check if it is intended to be dangling.
[WARNING RSZ-0104] Net _130370_ only has one pin. Check if it is intended to be dangling.
[WARNING RSZ-0104] Net _130369_ only has one pin. Check if it is intended to be dangling.
[WARNING RSZ-0104] Net _130368_ only has one pin. Check if it is intended to be dangling.
[WARNING RSZ-0104] Net _130367_ only has one pin. Check if it is intended to be dangling.
[WARNING RSZ-0104] Net _127982_ only has one pin. Check if it is intended to be dangling.
[WARNING RSZ-0104] Net _130387_ only has one pin. Check if it is intended to be dangling.
[WARNING RSZ-0104] Net _130386_ only has one pin. Check if it is intended to be dangling.
[WARNING RSZ-0104] Net _130385_ only has one pin. Check if it is intended to be dangling.
[WARNING RSZ-0104] Net _130366_ only has one pin. Check if it is intended to be dangling.
[WARNING RSZ-0104] Net _130384_ only has one pin. Check if it is intended to be dangling.
[WARNING RSZ-0104] Net _130383_ only has one pin. Check if it is intended to be dangling.
[WARNING RSZ-0104] Net _130382_ only has one pin. Check if it is intended to be dangling.
[WARNING RSZ-0104] Net _130381_ only has one pin. Check if it is intended to be dangling.
[WARNING RSZ-0104] Net _130380_ only has one pin. Check if it is intended to be dangling.
[WARNING RSZ-0104] Net _130379_ only has one pin. Check if it is intended to be dangling.
[WARNING RSZ-0104] Net _130378_ only has one pin. Check if it is intended to be dangling.
[WARNING RSZ-0104] Net _130377_ only has one pin. Check if it is intended to be dangling.
[WARNING RSZ-0104] Net _130376_ only has one pin. Check if it is intended to be dangling.
[WARNING RSZ-0104] Net _130375_ only has one pin. Check if it is intended to be dangling.
[WARNING RSZ-0104] Net _130365_ only has one pin. Check if it is intended to be dangling.
[WARNING RSZ-0104] Net _130351_ only has one pin. Check if it is intended to be dangling.
[WARNING RSZ-0104] Net _130350_ only has one pin. Check if it is intended to be dangling.
[WARNING RSZ-0104] Net _130349_ only has one pin. Check if it is intended to be dangling.
[WARNING RSZ-0104] Net _130348_ only has one pin. Check if it is intended to be dangling.
[WARNING RSZ-0104] Net _130347_ only has one pin. Check if it is intended to be dangling.
[WARNING RSZ-0104] Net _130346_ only has one pin. Check if it is intended to be dangling.
[WARNING RSZ-0104] Net _130345_ only has one pin. Check if it is intended to be dangling.
[WARNING RSZ-0104] Net _130344_ only has one pin. Check if it is intended to be dangling.
[WARNING RSZ-0104] Net _127983_ only has one pin. Check if it is intended to be dangling.
[WARNING RSZ-0104] Net _130364_ only has one pin. Check if it is intended to be dangling.
[WARNING RSZ-0104] Net _130363_ only has one pin. Check if it is intended to be dangling.
[WARNING RSZ-0104] Net _130362_ only has one pin. Check if it is intended to be dangling.
[WARNING RSZ-0104] Net _130343_ only has one pin. Check if it is intended to be dangling.
[WARNING RSZ-0104] Net _130361_ only has one pin. Check if it is intended to be dangling.
[WARNING RSZ-0104] Net _130360_ only has one pin. Check if it is intended to be dangling.
[WARNING RSZ-0104] Net _130359_ only has one pin. Check if it is intended to be dangling.
[WARNING RSZ-0104] Net _130358_ only has one pin. Check if it is intended to be dangling.
[WARNING RSZ-0104] Net _130357_ only has one pin. Check if it is intended to be dangling.
[WARNING RSZ-0104] Net _130356_ only has one pin. Check if it is intended to be dangling.
[WARNING RSZ-0104] Net _130355_ only has one pin. Check if it is intended to be dangling.
[WARNING RSZ-0104] Net _130354_ only has one pin. Check if it is intended to be dangling.
[WARNING RSZ-0104] Net _130353_ only has one pin. Check if it is intended to be dangling.
[WARNING RSZ-0104] Net _130352_ only has one pin. Check if it is intended to be dangling.
[WARNING RSZ-0104] Net _130342_ only has one pin. Check if it is intended to be dangling.
[WARNING RSZ-0104] Net _130328_ only has one pin. Check if it is intended to be dangling.
[WARNING RSZ-0104] Net _130327_ only has one pin. Check if it is intended to be dangling.
[WARNING RSZ-0104] Net _130326_ only has one pin. Check if it is intended to be dangling.
[WARNING RSZ-0104] Net _130325_ only has one pin. Check if it is intended to be dangling.
[WARNING RSZ-0104] Net _130324_ only has one pin. Check if it is intended to be dangling.
[WARNING RSZ-0104] Net _130323_ only has one pin. Check if it is intended to be dangling.
[WARNING RSZ-0104] Net _130322_ only has one pin. Check if it is intended to be dangling.
[WARNING RSZ-0104] Net _130321_ only has one pin. Check if it is intended to be dangling.
[WARNING RSZ-0104] Net _127984_ only has one pin. Check if it is intended to be dangling.
[WARNING RSZ-0104] Net _130341_ only has one pin. Check if it is intended to be dangling.
[WARNING RSZ-0104] Net _130340_ only has one pin. Check if it is intended to be dangling.
[WARNING RSZ-0104] Net _130339_ only has one pin. Check if it is intended to be dangling.
[WARNING RSZ-0104] Net _130320_ only has one pin. Check if it is intended to be dangling.
[WARNING RSZ-0104] Net _130338_ only has one pin. Check if it is intended to be dangling.
[WARNING RSZ-0104] Net _130337_ only has one pin. Check if it is intended to be dangling.
[WARNING RSZ-0104] Net _130336_ only has one pin. Check if it is intended to be dangling.
[WARNING RSZ-0104] Net _130335_ only has one pin. Check if it is intended to be dangling.
[WARNING RSZ-0104] Net _130334_ only has one pin. Check if it is intended to be dangling.
[WARNING RSZ-0104] Net _130333_ only has one pin. Check if it is intended to be dangling.
[WARNING RSZ-0104] Net _130332_ only has one pin. Check if it is intended to be dangling.
[WARNING RSZ-0104] Net _130331_ only has one pin. Check if it is intended to be dangling.
[WARNING RSZ-0104] Net _130330_ only has one pin. Check if it is intended to be dangling.
[WARNING RSZ-0104] Net _130329_ only has one pin. Check if it is intended to be dangling.
[WARNING RSZ-0104] Net _130319_ only has one pin. Check if it is intended to be dangling.
[WARNING RSZ-0104] Net _130305_ only has one pin. Check if it is intended to be dangling.
[WARNING RSZ-0104] Net _130304_ only has one pin. Check if it is intended to be dangling.
[WARNING RSZ-0104] Net _130303_ only has one pin. Check if it is intended to be dangling.
[WARNING RSZ-0104] Net _130302_ only has one pin. Check if it is intended to be dangling.
[WARNING RSZ-0104] Net _130301_ only has one pin. Check if it is intended to be dangling.
[WARNING RSZ-0104] Net _130300_ only has one pin. Check if it is intended to be dangling.
[WARNING RSZ-0104] Net _130299_ only has one pin. Check if it is intended to be dangling.
[WARNING RSZ-0104] Net _130298_ only has one pin. Check if it is intended to be dangling.
[WARNING RSZ-0104] Net _127985_ only has one pin. Check if it is intended to be dangling.
[WARNING RSZ-0104] Net _130318_ only has one pin. Check if it is intended to be dangling.
[WARNING RSZ-0104] Net _130317_ only has one pin. Check if it is intended to be dangling.
[WARNING RSZ-0104] Net _130316_ only has one pin. Check if it is intended to be dangling.
[WARNING RSZ-0104] Net _130297_ only has one pin. Check if it is intended to be dangling.
[WARNING RSZ-0104] Net _130315_ only has one pin. Check if it is intended to be dangling.
[WARNING RSZ-0104] Net _130314_ only has one pin. Check if it is intended to be dangling.
[WARNING RSZ-0104] Net _130313_ only has one pin. Check if it is intended to be dangling.
[WARNING RSZ-0104] Net _130312_ only has one pin. Check if it is intended to be dangling.
[WARNING RSZ-0104] Net _130311_ only has one pin. Check if it is intended to be dangling.
[WARNING RSZ-0104] Net _130310_ only has one pin. Check if it is intended to be dangling.
[WARNING RSZ-0104] Net _130309_ only has one pin. Check if it is intended to be dangling.
    98000 |     +0.1% |       0 |      96 |           122 |     40132
[WARNING RSZ-0104] Net _130308_ only has one pin. Check if it is intended to be dangling.
[WARNING RSZ-0104] Net _130307_ only has one pin. Check if it is intended to be dangling.
[WARNING RSZ-0104] Net _130306_ only has one pin. Check if it is intended to be dangling.
[WARNING RSZ-0104] Net _130296_ only has one pin. Check if it is intended to be dangling.
[WARNING RSZ-0104] Net _130282_ only has one pin. Check if it is intended to be dangling.
[WARNING RSZ-0104] Net _130281_ only has one pin. Check if it is intended to be dangling.
[WARNING RSZ-0104] Net _130280_ only has one pin. Check if it is intended to be dangling.
[WARNING RSZ-0104] Net _130279_ only has one pin. Check if it is intended to be dangling.
[WARNING RSZ-0104] Net _130278_ only has one pin. Check if it is intended to be dangling.
[WARNING RSZ-0104] Net _130277_ only has one pin. Check if it is intended to be dangling.
[WARNING RSZ-0104] Net _130276_ only has one pin. Check if it is intended to be dangling.
[WARNING RSZ-0104] Net _130275_ only has one pin. Check if it is intended to be dangling.
[WARNING RSZ-0104] Net _127986_ only has one pin. Check if it is intended to be dangling.
[WARNING RSZ-0104] Net _130295_ only has one pin. Check if it is intended to be dangling.
[WARNING RSZ-0104] Net _130294_ only has one pin. Check if it is intended to be dangling.
[WARNING RSZ-0104] Net _130293_ only has one pin. Check if it is intended to be dangling.
[WARNING RSZ-0104] Net _130274_ only has one pin. Check if it is intended to be dangling.
[WARNING RSZ-0104] Net _130292_ only has one pin. Check if it is intended to be dangling.
[WARNING RSZ-0104] Net _130291_ only has one pin. Check if it is intended to be dangling.
[WARNING RSZ-0104] Net _130290_ only has one pin. Check if it is intended to be dangling.
[WARNING RSZ-0104] Net _130289_ only has one pin. Check if it is intended to be dangling.
[WARNING RSZ-0104] Net _130288_ only has one pin. Check if it is intended to be dangling.
[WARNING RSZ-0104] Net _130287_ only has one pin. Check if it is intended to be dangling.
[WARNING RSZ-0104] Net _130286_ only has one pin. Check if it is intended to be dangling.
[WARNING RSZ-0104] Net _130285_ only has one pin. Check if it is intended to be dangling.
[WARNING RSZ-0104] Net _130284_ only has one pin. Check if it is intended to be dangling.
[WARNING RSZ-0104] Net _130283_ only has one pin. Check if it is intended to be dangling.
[WARNING RSZ-0104] Net _130273_ only has one pin. Check if it is intended to be dangling.
[WARNING RSZ-0104] Net _130259_ only has one pin. Check if it is intended to be dangling.
[WARNING RSZ-0104] Net _130258_ only has one pin. Check if it is intended to be dangling.
[WARNING RSZ-0104] Net _130257_ only has one pin. Check if it is intended to be dangling.
[WARNING RSZ-0104] Net _130256_ only has one pin. Check if it is intended to be dangling.
[WARNING RSZ-0104] Net _130255_ only has one pin. Check if it is intended to be dangling.
[WARNING RSZ-0104] Net _130254_ only has one pin. Check if it is intended to be dangling.
[WARNING RSZ-0104] Net _130253_ only has one pin. Check if it is intended to be dangling.
[WARNING RSZ-0104] Net _130252_ only has one pin. Check if it is intended to be dangling.
[WARNING RSZ-0104] Net _127987_ only has one pin. Check if it is intended to be dangling.
[WARNING RSZ-0104] Net _130272_ only has one pin. Check if it is intended to be dangling.
[WARNING RSZ-0104] Net _130271_ only has one pin. Check if it is intended to be dangling.
[WARNING RSZ-0104] Net _130270_ only has one pin. Check if it is intended to be dangling.
[WARNING RSZ-0104] Net _130251_ only has one pin. Check if it is intended to be dangling.
[WARNING RSZ-0104] Net _130269_ only has one pin. Check if it is intended to be dangling.
[WARNING RSZ-0104] Net _130268_ only has one pin. Check if it is intended to be dangling.
[WARNING RSZ-0104] Net _130267_ only has one pin. Check if it is intended to be dangling.
[WARNING RSZ-0104] Net _130266_ only has one pin. Check if it is intended to be dangling.
[WARNING RSZ-0104] Net _130265_ only has one pin. Check if it is intended to be dangling.
[WARNING RSZ-0104] Net _130264_ only has one pin. Check if it is intended to be dangling.
[WARNING RSZ-0104] Net _130263_ only has one pin. Check if it is intended to be dangling.
[WARNING RSZ-0104] Net _130262_ only has one pin. Check if it is intended to be dangling.
[WARNING RSZ-0104] Net _130261_ only has one pin. Check if it is intended to be dangling.
[WARNING RSZ-0104] Net _130260_ only has one pin. Check if it is intended to be dangling.
[WARNING RSZ-0104] Net _130250_ only has one pin. Check if it is intended to be dangling.
[WARNING RSZ-0104] Net _128373_ only has one pin. Check if it is intended to be dangling.
[WARNING RSZ-0104] Net _128372_ only has one pin. Check if it is intended to be dangling.
[WARNING RSZ-0104] Net _128371_ only has one pin. Check if it is intended to be dangling.
[WARNING RSZ-0104] Net _128370_ only has one pin. Check if it is intended to be dangling.
[WARNING RSZ-0104] Net _128369_ only has one pin. Check if it is intended to be dangling.
[WARNING RSZ-0104] Net _128368_ only has one pin. Check if it is intended to be dangling.
[WARNING RSZ-0104] Net _128367_ only has one pin. Check if it is intended to be dangling.
[WARNING RSZ-0104] Net _128366_ only has one pin. Check if it is intended to be dangling.
[WARNING RSZ-0104] Net _128101_ only has one pin. Check if it is intended to be dangling.
[WARNING RSZ-0104] Net _128386_ only has one pin. Check if it is intended to be dangling.
[WARNING RSZ-0104] Net _128385_ only has one pin. Check if it is intended to be dangling.
[WARNING RSZ-0104] Net _128384_ only has one pin. Check if it is intended to be dangling.
[WARNING RSZ-0104] Net _128365_ only has one pin. Check if it is intended to be dangling.
[WARNING RSZ-0104] Net _128383_ only has one pin. Check if it is intended to be dangling.
[WARNING RSZ-0104] Net _128382_ only has one pin. Check if it is intended to be dangling.
[WARNING RSZ-0104] Net _128381_ only has one pin. Check if it is intended to be dangling.
[WARNING RSZ-0104] Net _128380_ only has one pin. Check if it is intended to be dangling.
[WARNING RSZ-0104] Net _128379_ only has one pin. Check if it is intended to be dangling.
[WARNING RSZ-0104] Net _128378_ only has one pin. Check if it is intended to be dangling.
[WARNING RSZ-0104] Net _128377_ only has one pin. Check if it is intended to be dangling.
[WARNING RSZ-0104] Net _128376_ only has one pin. Check if it is intended to be dangling.
[WARNING RSZ-0104] Net _128375_ only has one pin. Check if it is intended to be dangling.
[WARNING RSZ-0104] Net _128374_ only has one pin. Check if it is intended to be dangling.
[WARNING RSZ-0104] Net _128364_ only has one pin. Check if it is intended to be dangling.
[WARNING RSZ-0104] Net _130236_ only has one pin. Check if it is intended to be dangling.
[WARNING RSZ-0104] Net _130235_ only has one pin. Check if it is intended to be dangling.
[WARNING RSZ-0104] Net _130234_ only has one pin. Check if it is intended to be dangling.
[WARNING RSZ-0104] Net _130233_ only has one pin. Check if it is intended to be dangling.
[WARNING RSZ-0104] Net _130232_ only has one pin. Check if it is intended to be dangling.
[WARNING RSZ-0104] Net _130231_ only has one pin. Check if it is intended to be dangling.
[WARNING RSZ-0104] Net _130230_ only has one pin. Check if it is intended to be dangling.
[WARNING RSZ-0104] Net _130229_ only has one pin. Check if it is intended to be dangling.
[WARNING RSZ-0104] Net _127988_ only has one pin. Check if it is intended to be dangling.
[WARNING RSZ-0104] Net _130249_ only has one pin. Check if it is intended to be dangling.
[WARNING RSZ-0104] Net _130248_ only has one pin. Check if it is intended to be dangling.
[WARNING RSZ-0104] Net _130247_ only has one pin. Check if it is intended to be dangling.
[WARNING RSZ-0104] Net _130228_ only has one pin. Check if it is intended to be dangling.
[WARNING RSZ-0104] Net _130246_ only has one pin. Check if it is intended to be dangling.
[WARNING RSZ-0104] Net _130245_ only has one pin. Check if it is intended to be dangling.
[WARNING RSZ-0104] Net _130244_ only has one pin. Check if it is intended to be dangling.
[WARNING RSZ-0104] Net _130243_ only has one pin. Check if it is intended to be dangling.
[WARNING RSZ-0104] Net _130242_ only has one pin. Check if it is intended to be dangling.
[WARNING RSZ-0104] Net _130241_ only has one pin. Check if it is intended to be dangling.
[WARNING RSZ-0104] Net _130240_ only has one pin. Check if it is intended to be dangling.
[WARNING RSZ-0104] Net _130239_ only has one pin. Check if it is intended to be dangling.
[WARNING RSZ-0104] Net _130238_ only has one pin. Check if it is intended to be dangling.
[WARNING RSZ-0104] Net _130237_ only has one pin. Check if it is intended to be dangling.
[WARNING RSZ-0104] Net _130227_ only has one pin. Check if it is intended to be dangling.
[WARNING RSZ-0104] Net _130213_ only has one pin. Check if it is intended to be dangling.
[WARNING RSZ-0104] Net _130212_ only has one pin. Check if it is intended to be dangling.
[WARNING RSZ-0104] Net _130211_ only has one pin. Check if it is intended to be dangling.
[WARNING RSZ-0104] Net _130210_ only has one pin. Check if it is intended to be dangling.
[WARNING RSZ-0104] Net _130209_ only has one pin. Check if it is intended to be dangling.
[WARNING RSZ-0104] Net _130208_ only has one pin. Check if it is intended to be dangling.
[WARNING RSZ-0104] Net _130207_ only has one pin. Check if it is intended to be dangling.
[WARNING RSZ-0104] Net _130206_ only has one pin. Check if it is intended to be dangling.
[WARNING RSZ-0104] Net _127989_ only has one pin. Check if it is intended to be dangling.
[WARNING RSZ-0104] Net _130226_ only has one pin. Check if it is intended to be dangling.
[WARNING RSZ-0104] Net _130225_ only has one pin. Check if it is intended to be dangling.
[WARNING RSZ-0104] Net _130224_ only has one pin. Check if it is intended to be dangling.
[WARNING RSZ-0104] Net _130205_ only has one pin. Check if it is intended to be dangling.
[WARNING RSZ-0104] Net _130223_ only has one pin. Check if it is intended to be dangling.
[WARNING RSZ-0104] Net _130222_ only has one pin. Check if it is intended to be dangling.
[WARNING RSZ-0104] Net _130221_ only has one pin. Check if it is intended to be dangling.
[WARNING RSZ-0104] Net _130220_ only has one pin. Check if it is intended to be dangling.
[WARNING RSZ-0104] Net _130219_ only has one pin. Check if it is intended to be dangling.
[WARNING RSZ-0104] Net _130218_ only has one pin. Check if it is intended to be dangling.
[WARNING RSZ-0104] Net _130217_ only has one pin. Check if it is intended to be dangling.
[WARNING RSZ-0104] Net _130216_ only has one pin. Check if it is intended to be dangling.
[WARNING RSZ-0104] Net _130215_ only has one pin. Check if it is intended to be dangling.
[WARNING RSZ-0104] Net _130214_ only has one pin. Check if it is intended to be dangling.
[WARNING RSZ-0104] Net _130204_ only has one pin. Check if it is intended to be dangling.
[WARNING RSZ-0104] Net _130190_ only has one pin. Check if it is intended to be dangling.
[WARNING RSZ-0104] Net _130189_ only has one pin. Check if it is intended to be dangling.
[WARNING RSZ-0104] Net _130188_ only has one pin. Check if it is intended to be dangling.
[WARNING RSZ-0104] Net _130187_ only has one pin. Check if it is intended to be dangling.
[WARNING RSZ-0104] Net _130186_ only has one pin. Check if it is intended to be dangling.
[WARNING RSZ-0104] Net _130185_ only has one pin. Check if it is intended to be dangling.
[WARNING RSZ-0104] Net _130184_ only has one pin. Check if it is intended to be dangling.
[WARNING RSZ-0104] Net _130183_ only has one pin. Check if it is intended to be dangling.
[WARNING RSZ-0104] Net _127990_ only has one pin. Check if it is intended to be dangling.
[WARNING RSZ-0104] Net _130203_ only has one pin. Check if it is intended to be dangling.
[WARNING RSZ-0104] Net _130202_ only has one pin. Check if it is intended to be dangling.
[WARNING RSZ-0104] Net _130201_ only has one pin. Check if it is intended to be dangling.
[WARNING RSZ-0104] Net _130182_ only has one pin. Check if it is intended to be dangling.
[WARNING RSZ-0104] Net _130200_ only has one pin. Check if it is intended to be dangling.
[WARNING RSZ-0104] Net _130199_ only has one pin. Check if it is intended to be dangling.
[WARNING RSZ-0104] Net _130198_ only has one pin. Check if it is intended to be dangling.
[WARNING RSZ-0104] Net _130197_ only has one pin. Check if it is intended to be dangling.
[WARNING RSZ-0104] Net _130196_ only has one pin. Check if it is intended to be dangling.
[WARNING RSZ-0104] Net _130195_ only has one pin. Check if it is intended to be dangling.
[WARNING RSZ-0104] Net _130194_ only has one pin. Check if it is intended to be dangling.
[WARNING RSZ-0104] Net _130193_ only has one pin. Check if it is intended to be dangling.
[WARNING RSZ-0104] Net _130192_ only has one pin. Check if it is intended to be dangling.
[WARNING RSZ-0104] Net _130191_ only has one pin. Check if it is intended to be dangling.
[WARNING RSZ-0104] Net _130181_ only has one pin. Check if it is intended to be dangling.
[WARNING RSZ-0104] Net _130167_ only has one pin. Check if it is intended to be dangling.
[WARNING RSZ-0104] Net _130166_ only has one pin. Check if it is intended to be dangling.
[WARNING RSZ-0104] Net _130165_ only has one pin. Check if it is intended to be dangling.
[WARNING RSZ-0104] Net _130164_ only has one pin. Check if it is intended to be dangling.
[WARNING RSZ-0104] Net _130163_ only has one pin. Check if it is intended to be dangling.
[WARNING RSZ-0104] Net _130162_ only has one pin. Check if it is intended to be dangling.
[WARNING RSZ-0104] Net _130161_ only has one pin. Check if it is intended to be dangling.
[WARNING RSZ-0104] Net _130160_ only has one pin. Check if it is intended to be dangling.
[WARNING RSZ-0104] Net _127991_ only has one pin. Check if it is intended to be dangling.
[WARNING RSZ-0104] Net _130180_ only has one pin. Check if it is intended to be dangling.
[WARNING RSZ-0104] Net _130179_ only has one pin. Check if it is intended to be dangling.
[WARNING RSZ-0104] Net _130178_ only has one pin. Check if it is intended to be dangling.
[WARNING RSZ-0104] Net _130159_ only has one pin. Check if it is intended to be dangling.
[WARNING RSZ-0104] Net _130177_ only has one pin. Check if it is intended to be dangling.
[WARNING RSZ-0104] Net _130176_ only has one pin. Check if it is intended to be dangling.
[WARNING RSZ-0104] Net _130175_ only has one pin. Check if it is intended to be dangling.
[WARNING RSZ-0104] Net _130174_ only has one pin. Check if it is intended to be dangling.
[WARNING RSZ-0104] Net _130173_ only has one pin. Check if it is intended to be dangling.
[WARNING RSZ-0104] Net _130172_ only has one pin. Check if it is intended to be dangling.
[WARNING RSZ-0104] Net _130171_ only has one pin. Check if it is intended to be dangling.
[WARNING RSZ-0104] Net _130170_ only has one pin. Check if it is intended to be dangling.
[WARNING RSZ-0104] Net _130169_ only has one pin. Check if it is intended to be dangling.
[WARNING RSZ-0104] Net _130168_ only has one pin. Check if it is intended to be dangling.
[WARNING RSZ-0104] Net _130158_ only has one pin. Check if it is intended to be dangling.
[WARNING RSZ-0104] Net _130144_ only has one pin. Check if it is intended to be dangling.
[WARNING RSZ-0104] Net _130143_ only has one pin. Check if it is intended to be dangling.
[WARNING RSZ-0104] Net _130142_ only has one pin. Check if it is intended to be dangling.
[WARNING RSZ-0104] Net _130141_ only has one pin. Check if it is intended to be dangling.
[WARNING RSZ-0104] Net _130140_ only has one pin. Check if it is intended to be dangling.
[WARNING RSZ-0104] Net _130139_ only has one pin. Check if it is intended to be dangling.
[WARNING RSZ-0104] Net _130138_ only has one pin. Check if it is intended to be dangling.
[WARNING RSZ-0104] Net _130137_ only has one pin. Check if it is intended to be dangling.
[WARNING RSZ-0104] Net _127992_ only has one pin. Check if it is intended to be dangling.
[WARNING RSZ-0104] Net _130157_ only has one pin. Check if it is intended to be dangling.
[WARNING RSZ-0104] Net _130156_ only has one pin. Check if it is intended to be dangling.
[WARNING RSZ-0104] Net _130155_ only has one pin. Check if it is intended to be dangling.
[WARNING RSZ-0104] Net _130136_ only has one pin. Check if it is intended to be dangling.
[WARNING RSZ-0104] Net _130154_ only has one pin. Check if it is intended to be dangling.
[WARNING RSZ-0104] Net _130153_ only has one pin. Check if it is intended to be dangling.
[WARNING RSZ-0104] Net _130152_ only has one pin. Check if it is intended to be dangling.
[WARNING RSZ-0104] Net _130151_ only has one pin. Check if it is intended to be dangling.
[WARNING RSZ-0104] Net _130150_ only has one pin. Check if it is intended to be dangling.
[WARNING RSZ-0104] Net _130149_ only has one pin. Check if it is intended to be dangling.
[WARNING RSZ-0104] Net _130148_ only has one pin. Check if it is intended to be dangling.
[WARNING RSZ-0104] Net _130147_ only has one pin. Check if it is intended to be dangling.
[WARNING RSZ-0104] Net _130146_ only has one pin. Check if it is intended to be dangling.
[WARNING RSZ-0104] Net _130145_ only has one pin. Check if it is intended to be dangling.
[WARNING RSZ-0104] Net _130135_ only has one pin. Check if it is intended to be dangling.
[WARNING RSZ-0104] Net _130121_ only has one pin. Check if it is intended to be dangling.
[WARNING RSZ-0104] Net _130120_ only has one pin. Check if it is intended to be dangling.
[WARNING RSZ-0104] Net _130119_ only has one pin. Check if it is intended to be dangling.
[WARNING RSZ-0104] Net _130118_ only has one pin. Check if it is intended to be dangling.
[WARNING RSZ-0104] Net _130117_ only has one pin. Check if it is intended to be dangling.
[WARNING RSZ-0104] Net _130116_ only has one pin. Check if it is intended to be dangling.
[WARNING RSZ-0104] Net _130115_ only has one pin. Check if it is intended to be dangling.
[WARNING RSZ-0104] Net _130114_ only has one pin. Check if it is intended to be dangling.
[WARNING RSZ-0104] Net _127993_ only has one pin. Check if it is intended to be dangling.
[WARNING RSZ-0104] Net _130134_ only has one pin. Check if it is intended to be dangling.
[WARNING RSZ-0104] Net _130133_ only has one pin. Check if it is intended to be dangling.
[WARNING RSZ-0104] Net _130132_ only has one pin. Check if it is intended to be dangling.
[WARNING RSZ-0104] Net _130113_ only has one pin. Check if it is intended to be dangling.
[WARNING RSZ-0104] Net _130131_ only has one pin. Check if it is intended to be dangling.
[WARNING RSZ-0104] Net _130130_ only has one pin. Check if it is intended to be dangling.
[WARNING RSZ-0104] Net _130129_ only has one pin. Check if it is intended to be dangling.
[WARNING RSZ-0104] Net _130128_ only has one pin. Check if it is intended to be dangling.
[WARNING RSZ-0104] Net _130127_ only has one pin. Check if it is intended to be dangling.
[WARNING RSZ-0104] Net _130126_ only has one pin. Check if it is intended to be dangling.
[WARNING RSZ-0104] Net _130125_ only has one pin. Check if it is intended to be dangling.
[WARNING RSZ-0104] Net _130124_ only has one pin. Check if it is intended to be dangling.
[WARNING RSZ-0104] Net _130123_ only has one pin. Check if it is intended to be dangling.
[WARNING RSZ-0104] Net _130122_ only has one pin. Check if it is intended to be dangling.
[WARNING RSZ-0104] Net _130112_ only has one pin. Check if it is intended to be dangling.
[WARNING RSZ-0104] Net _130098_ only has one pin. Check if it is intended to be dangling.
[WARNING RSZ-0104] Net _130097_ only has one pin. Check if it is intended to be dangling.
[WARNING RSZ-0104] Net _130096_ only has one pin. Check if it is intended to be dangling.
[WARNING RSZ-0104] Net _130095_ only has one pin. Check if it is intended to be dangling.
[WARNING RSZ-0104] Net _130094_ only has one pin. Check if it is intended to be dangling.
[WARNING RSZ-0104] Net _130093_ only has one pin. Check if it is intended to be dangling.
[WARNING RSZ-0104] Net _130092_ only has one pin. Check if it is intended to be dangling.
[WARNING RSZ-0104] Net _130091_ only has one pin. Check if it is intended to be dangling.
[WARNING RSZ-0104] Net _127994_ only has one pin. Check if it is intended to be dangling.
[WARNING RSZ-0104] Net _130111_ only has one pin. Check if it is intended to be dangling.
[WARNING RSZ-0104] Net _130110_ only has one pin. Check if it is intended to be dangling.
[WARNING RSZ-0104] Net _130109_ only has one pin. Check if it is intended to be dangling.
[WARNING RSZ-0104] Net _130090_ only has one pin. Check if it is intended to be dangling.
[WARNING RSZ-0104] Net _130108_ only has one pin. Check if it is intended to be dangling.
[WARNING RSZ-0104] Net _130107_ only has one pin. Check if it is intended to be dangling.
[WARNING RSZ-0104] Net _130106_ only has one pin. Check if it is intended to be dangling.
[WARNING RSZ-0104] Net _130105_ only has one pin. Check if it is intended to be dangling.
[WARNING RSZ-0104] Net _130104_ only has one pin. Check if it is intended to be dangling.
[WARNING RSZ-0104] Net _130103_ only has one pin. Check if it is intended to be dangling.
[WARNING RSZ-0104] Net _130102_ only has one pin. Check if it is intended to be dangling.
[WARNING RSZ-0104] Net _130101_ only has one pin. Check if it is intended to be dangling.
[WARNING RSZ-0104] Net _130100_ only has one pin. Check if it is intended to be dangling.
[WARNING RSZ-0104] Net _130099_ only has one pin. Check if it is intended to be dangling.
[WARNING RSZ-0104] Net _130089_ only has one pin. Check if it is intended to be dangling.
[WARNING RSZ-0104] Net _130075_ only has one pin. Check if it is intended to be dangling.
[WARNING RSZ-0104] Net _130074_ only has one pin. Check if it is intended to be dangling.
[WARNING RSZ-0104] Net _130073_ only has one pin. Check if it is intended to be dangling.
[WARNING RSZ-0104] Net _130072_ only has one pin. Check if it is intended to be dangling.
[WARNING RSZ-0104] Net _130071_ only has one pin. Check if it is intended to be dangling.
[WARNING RSZ-0104] Net _130070_ only has one pin. Check if it is intended to be dangling.
[WARNING RSZ-0104] Net _130069_ only has one pin. Check if it is intended to be dangling.
[WARNING RSZ-0104] Net _130068_ only has one pin. Check if it is intended to be dangling.
[WARNING RSZ-0104] Net _127995_ only has one pin. Check if it is intended to be dangling.
[WARNING RSZ-0104] Net _130088_ only has one pin. Check if it is intended to be dangling.
[WARNING RSZ-0104] Net _130087_ only has one pin. Check if it is intended to be dangling.
[WARNING RSZ-0104] Net _130086_ only has one pin. Check if it is intended to be dangling.
[WARNING RSZ-0104] Net _130067_ only has one pin. Check if it is intended to be dangling.
[WARNING RSZ-0104] Net _130085_ only has one pin. Check if it is intended to be dangling.
[WARNING RSZ-0104] Net _130084_ only has one pin. Check if it is intended to be dangling.
[WARNING RSZ-0104] Net _130083_ only has one pin. Check if it is intended to be dangling.
[WARNING RSZ-0104] Net _130082_ only has one pin. Check if it is intended to be dangling.
[WARNING RSZ-0104] Net _130081_ only has one pin. Check if it is intended to be dangling.
[WARNING RSZ-0104] Net _130080_ only has one pin. Check if it is intended to be dangling.
[WARNING RSZ-0104] Net _130079_ only has one pin. Check if it is intended to be dangling.
[WARNING RSZ-0104] Net _130078_ only has one pin. Check if it is intended to be dangling.
[WARNING RSZ-0104] Net _130077_ only has one pin. Check if it is intended to be dangling.
[WARNING RSZ-0104] Net _130076_ only has one pin. Check if it is intended to be dangling.
[WARNING RSZ-0104] Net _130066_ only has one pin. Check if it is intended to be dangling.
[WARNING RSZ-0104] Net _130052_ only has one pin. Check if it is intended to be dangling.
[WARNING RSZ-0104] Net _130051_ only has one pin. Check if it is intended to be dangling.
[WARNING RSZ-0104] Net _130050_ only has one pin. Check if it is intended to be dangling.
[WARNING RSZ-0104] Net _130049_ only has one pin. Check if it is intended to be dangling.
[WARNING RSZ-0104] Net _130048_ only has one pin. Check if it is intended to be dangling.
[WARNING RSZ-0104] Net _130047_ only has one pin. Check if it is intended to be dangling.
[WARNING RSZ-0104] Net _130046_ only has one pin. Check if it is intended to be dangling.
[WARNING RSZ-0104] Net _130045_ only has one pin. Check if it is intended to be dangling.
[WARNING RSZ-0104] Net _127996_ only has one pin. Check if it is intended to be dangling.
[WARNING RSZ-0104] Net _130065_ only has one pin. Check if it is intended to be dangling.
[WARNING RSZ-0104] Net _130064_ only has one pin. Check if it is intended to be dangling.
[WARNING RSZ-0104] Net _130063_ only has one pin. Check if it is intended to be dangling.
[WARNING RSZ-0104] Net _130044_ only has one pin. Check if it is intended to be dangling.
[WARNING RSZ-0104] Net _130062_ only has one pin. Check if it is intended to be dangling.
[WARNING RSZ-0104] Net _130061_ only has one pin. Check if it is intended to be dangling.
[WARNING RSZ-0104] Net _130060_ only has one pin. Check if it is intended to be dangling.
[WARNING RSZ-0104] Net _130059_ only has one pin. Check if it is intended to be dangling.
[WARNING RSZ-0104] Net _130058_ only has one pin. Check if it is intended to be dangling.
[WARNING RSZ-0104] Net _130057_ only has one pin. Check if it is intended to be dangling.
[WARNING RSZ-0104] Net _130056_ only has one pin. Check if it is intended to be dangling.
[WARNING RSZ-0104] Net _130055_ only has one pin. Check if it is intended to be dangling.
[WARNING RSZ-0104] Net _130054_ only has one pin. Check if it is intended to be dangling.
[WARNING RSZ-0104] Net _130053_ only has one pin. Check if it is intended to be dangling.
[WARNING RSZ-0104] Net _130043_ only has one pin. Check if it is intended to be dangling.
[WARNING RSZ-0104] Net _130029_ only has one pin. Check if it is intended to be dangling.
[WARNING RSZ-0104] Net _130028_ only has one pin. Check if it is intended to be dangling.
[WARNING RSZ-0104] Net _130027_ only has one pin. Check if it is intended to be dangling.
[WARNING RSZ-0104] Net _130026_ only has one pin. Check if it is intended to be dangling.
[WARNING RSZ-0104] Net _130025_ only has one pin. Check if it is intended to be dangling.
[WARNING RSZ-0104] Net _130024_ only has one pin. Check if it is intended to be dangling.
[WARNING RSZ-0104] Net _130023_ only has one pin. Check if it is intended to be dangling.
[WARNING RSZ-0104] Net _130022_ only has one pin. Check if it is intended to be dangling.
[WARNING RSZ-0104] Net _127997_ only has one pin. Check if it is intended to be dangling.
[WARNING RSZ-0104] Net _130042_ only has one pin. Check if it is intended to be dangling.
[WARNING RSZ-0104] Net _130041_ only has one pin. Check if it is intended to be dangling.
[WARNING RSZ-0104] Net _130040_ only has one pin. Check if it is intended to be dangling.
[WARNING RSZ-0104] Net _130021_ only has one pin. Check if it is intended to be dangling.
[WARNING RSZ-0104] Net _130039_ only has one pin. Check if it is intended to be dangling.
[WARNING RSZ-0104] Net _130038_ only has one pin. Check if it is intended to be dangling.
[WARNING RSZ-0104] Net _130037_ only has one pin. Check if it is intended to be dangling.
[WARNING RSZ-0104] Net _130036_ only has one pin. Check if it is intended to be dangling.
[WARNING RSZ-0104] Net _130035_ only has one pin. Check if it is intended to be dangling.
[WARNING RSZ-0104] Net _130034_ only has one pin. Check if it is intended to be dangling.
[WARNING RSZ-0104] Net _130033_ only has one pin. Check if it is intended to be dangling.
[WARNING RSZ-0104] Net _130032_ only has one pin. Check if it is intended to be dangling.
[WARNING RSZ-0104] Net _130031_ only has one pin. Check if it is intended to be dangling.
[WARNING RSZ-0104] Net _130030_ only has one pin. Check if it is intended to be dangling.
[WARNING RSZ-0104] Net _130020_ only has one pin. Check if it is intended to be dangling.
[WARNING RSZ-0104] Net _128350_ only has one pin. Check if it is intended to be dangling.
[WARNING RSZ-0104] Net _128349_ only has one pin. Check if it is intended to be dangling.
[WARNING RSZ-0104] Net _128348_ only has one pin. Check if it is intended to be dangling.
[WARNING RSZ-0104] Net _128347_ only has one pin. Check if it is intended to be dangling.
[WARNING RSZ-0104] Net _128346_ only has one pin. Check if it is intended to be dangling.
[WARNING RSZ-0104] Net _128345_ only has one pin. Check if it is intended to be dangling.
[WARNING RSZ-0104] Net _128344_ only has one pin. Check if it is intended to be dangling.
[WARNING RSZ-0104] Net _128343_ only has one pin. Check if it is intended to be dangling.
[WARNING RSZ-0104] Net _128102_ only has one pin. Check if it is intended to be dangling.
[WARNING RSZ-0104] Net _128363_ only has one pin. Check if it is intended to be dangling.
[WARNING RSZ-0104] Net _128362_ only has one pin. Check if it is intended to be dangling.
[WARNING RSZ-0104] Net _128361_ only has one pin. Check if it is intended to be dangling.
[WARNING RSZ-0104] Net _128342_ only has one pin. Check if it is intended to be dangling.
[WARNING RSZ-0104] Net _128360_ only has one pin. Check if it is intended to be dangling.
[WARNING RSZ-0104] Net _128359_ only has one pin. Check if it is intended to be dangling.
[WARNING RSZ-0104] Net _128358_ only has one pin. Check if it is intended to be dangling.
[WARNING RSZ-0104] Net _128357_ only has one pin. Check if it is intended to be dangling.
[WARNING RSZ-0104] Net _128356_ only has one pin. Check if it is intended to be dangling.
[WARNING RSZ-0104] Net _128355_ only has one pin. Check if it is intended to be dangling.
[WARNING RSZ-0104] Net _128354_ only has one pin. Check if it is intended to be dangling.
[WARNING RSZ-0104] Net _128353_ only has one pin. Check if it is intended to be dangling.
[WARNING RSZ-0104] Net _128352_ only has one pin. Check if it is intended to be dangling.
[WARNING RSZ-0104] Net _128351_ only has one pin. Check if it is intended to be dangling.
[WARNING RSZ-0104] Net _128341_ only has one pin. Check if it is intended to be dangling.
[WARNING RSZ-0104] Net _130006_ only has one pin. Check if it is intended to be dangling.
[WARNING RSZ-0104] Net _130005_ only has one pin. Check if it is intended to be dangling.
[WARNING RSZ-0104] Net _130004_ only has one pin. Check if it is intended to be dangling.
[WARNING RSZ-0104] Net _130003_ only has one pin. Check if it is intended to be dangling.
[WARNING RSZ-0104] Net _130002_ only has one pin. Check if it is intended to be dangling.
[WARNING RSZ-0104] Net _130001_ only has one pin. Check if it is intended to be dangling.
[WARNING RSZ-0104] Net _130000_ only has one pin. Check if it is intended to be dangling.
[WARNING RSZ-0104] Net _129999_ only has one pin. Check if it is intended to be dangling.
[WARNING RSZ-0104] Net _127998_ only has one pin. Check if it is intended to be dangling.
[WARNING RSZ-0104] Net _130019_ only has one pin. Check if it is intended to be dangling.
[WARNING RSZ-0104] Net _130018_ only has one pin. Check if it is intended to be dangling.
[WARNING RSZ-0104] Net _130017_ only has one pin. Check if it is intended to be dangling.
[WARNING RSZ-0104] Net _129998_ only has one pin. Check if it is intended to be dangling.
[WARNING RSZ-0104] Net _130016_ only has one pin. Check if it is intended to be dangling.
[WARNING RSZ-0104] Net _130015_ only has one pin. Check if it is intended to be dangling.
[WARNING RSZ-0104] Net _130014_ only has one pin. Check if it is intended to be dangling.
[WARNING RSZ-0104] Net _130013_ only has one pin. Check if it is intended to be dangling.
[WARNING RSZ-0104] Net _130012_ only has one pin. Check if it is intended to be dangling.
[WARNING RSZ-0104] Net _130011_ only has one pin. Check if it is intended to be dangling.
[WARNING RSZ-0104] Net _130010_ only has one pin. Check if it is intended to be dangling.
[WARNING RSZ-0104] Net _130009_ only has one pin. Check if it is intended to be dangling.
[WARNING RSZ-0104] Net _130008_ only has one pin. Check if it is intended to be dangling.
[WARNING RSZ-0104] Net _130007_ only has one pin. Check if it is intended to be dangling.
[WARNING RSZ-0104] Net _129997_ only has one pin. Check if it is intended to be dangling.
[WARNING RSZ-0104] Net _129983_ only has one pin. Check if it is intended to be dangling.
[WARNING RSZ-0104] Net _129982_ only has one pin. Check if it is intended to be dangling.
[WARNING RSZ-0104] Net _129981_ only has one pin. Check if it is intended to be dangling.
[WARNING RSZ-0104] Net _129980_ only has one pin. Check if it is intended to be dangling.
[WARNING RSZ-0104] Net _129979_ only has one pin. Check if it is intended to be dangling.
[WARNING RSZ-0104] Net _129978_ only has one pin. Check if it is intended to be dangling.
[WARNING RSZ-0104] Net _129977_ only has one pin. Check if it is intended to be dangling.
[WARNING RSZ-0104] Net _129976_ only has one pin. Check if it is intended to be dangling.
[WARNING RSZ-0104] Net _127999_ only has one pin. Check if it is intended to be dangling.
[WARNING RSZ-0104] Net _129996_ only has one pin. Check if it is intended to be dangling.
[WARNING RSZ-0104] Net _129995_ only has one pin. Check if it is intended to be dangling.
[WARNING RSZ-0104] Net _129994_ only has one pin. Check if it is intended to be dangling.
[WARNING RSZ-0104] Net _129975_ only has one pin. Check if it is intended to be dangling.
[WARNING RSZ-0104] Net _129993_ only has one pin. Check if it is intended to be dangling.
[WARNING RSZ-0104] Net _129992_ only has one pin. Check if it is intended to be dangling.
[WARNING RSZ-0104] Net _129991_ only has one pin. Check if it is intended to be dangling.
[WARNING RSZ-0104] Net _129990_ only has one pin. Check if it is intended to be dangling.
[WARNING RSZ-0104] Net _129989_ only has one pin. Check if it is intended to be dangling.
[WARNING RSZ-0104] Net _129988_ only has one pin. Check if it is intended to be dangling.
[WARNING RSZ-0104] Net _129987_ only has one pin. Check if it is intended to be dangling.
[WARNING RSZ-0104] Net _129986_ only has one pin. Check if it is intended to be dangling.
[WARNING RSZ-0104] Net _129985_ only has one pin. Check if it is intended to be dangling.
[WARNING RSZ-0104] Net _129984_ only has one pin. Check if it is intended to be dangling.
[WARNING RSZ-0104] Net _129974_ only has one pin. Check if it is intended to be dangling.
[WARNING RSZ-0104] Net _129960_ only has one pin. Check if it is intended to be dangling.
[WARNING RSZ-0104] Net _129959_ only has one pin. Check if it is intended to be dangling.
[WARNING RSZ-0104] Net _129958_ only has one pin. Check if it is intended to be dangling.
[WARNING RSZ-0104] Net _129957_ only has one pin. Check if it is intended to be dangling.
[WARNING RSZ-0104] Net _129956_ only has one pin. Check if it is intended to be dangling.
[WARNING RSZ-0104] Net _129955_ only has one pin. Check if it is intended to be dangling.
[WARNING RSZ-0104] Net _129954_ only has one pin. Check if it is intended to be dangling.
[WARNING RSZ-0104] Net _129953_ only has one pin. Check if it is intended to be dangling.
[WARNING RSZ-0104] Net _128000_ only has one pin. Check if it is intended to be dangling.
[WARNING RSZ-0104] Net _129973_ only has one pin. Check if it is intended to be dangling.
[WARNING RSZ-0104] Net _129972_ only has one pin. Check if it is intended to be dangling.
[WARNING RSZ-0104] Net _129971_ only has one pin. Check if it is intended to be dangling.
[WARNING RSZ-0104] Net _129952_ only has one pin. Check if it is intended to be dangling.
[WARNING RSZ-0104] Net _129970_ only has one pin. Check if it is intended to be dangling.
[WARNING RSZ-0104] Net _129969_ only has one pin. Check if it is intended to be dangling.
[WARNING RSZ-0104] Net _129968_ only has one pin. Check if it is intended to be dangling.
[WARNING RSZ-0104] Net _129967_ only has one pin. Check if it is intended to be dangling.
[WARNING RSZ-0104] Net _129966_ only has one pin. Check if it is intended to be dangling.
[WARNING RSZ-0104] Net _129965_ only has one pin. Check if it is intended to be dangling.
[WARNING RSZ-0104] Net _129964_ only has one pin. Check if it is intended to be dangling.
[WARNING RSZ-0104] Net _129963_ only has one pin. Check if it is intended to be dangling.
[WARNING RSZ-0104] Net _129962_ only has one pin. Check if it is intended to be dangling.
[WARNING RSZ-0104] Net _129961_ only has one pin. Check if it is intended to be dangling.
[WARNING RSZ-0104] Net _129951_ only has one pin. Check if it is intended to be dangling.
[WARNING RSZ-0104] Net _129937_ only has one pin. Check if it is intended to be dangling.
[WARNING RSZ-0104] Net _129936_ only has one pin. Check if it is intended to be dangling.
[WARNING RSZ-0104] Net _129935_ only has one pin. Check if it is intended to be dangling.
[WARNING RSZ-0104] Net _129934_ only has one pin. Check if it is intended to be dangling.
[WARNING RSZ-0104] Net _129933_ only has one pin. Check if it is intended to be dangling.
[WARNING RSZ-0104] Net _129932_ only has one pin. Check if it is intended to be dangling.
[WARNING RSZ-0104] Net _129931_ only has one pin. Check if it is intended to be dangling.
[WARNING RSZ-0104] Net _129930_ only has one pin. Check if it is intended to be dangling.
[WARNING RSZ-0104] Net _128001_ only has one pin. Check if it is intended to be dangling.
[WARNING RSZ-0104] Net _129950_ only has one pin. Check if it is intended to be dangling.
[WARNING RSZ-0104] Net _129949_ only has one pin. Check if it is intended to be dangling.
[WARNING RSZ-0104] Net _129948_ only has one pin. Check if it is intended to be dangling.
[WARNING RSZ-0104] Net _129929_ only has one pin. Check if it is intended to be dangling.
[WARNING RSZ-0104] Net _129947_ only has one pin. Check if it is intended to be dangling.
[WARNING RSZ-0104] Net _129946_ only has one pin. Check if it is intended to be dangling.
[WARNING RSZ-0104] Net _129945_ only has one pin. Check if it is intended to be dangling.
[WARNING RSZ-0104] Net _129944_ only has one pin. Check if it is intended to be dangling.
[WARNING RSZ-0104] Net _129943_ only has one pin. Check if it is intended to be dangling.
[WARNING RSZ-0104] Net _129942_ only has one pin. Check if it is intended to be dangling.
[WARNING RSZ-0104] Net _129941_ only has one pin. Check if it is intended to be dangling.
[WARNING RSZ-0104] Net _129940_ only has one pin. Check if it is intended to be dangling.
[WARNING RSZ-0104] Net _129939_ only has one pin. Check if it is intended to be dangling.
[WARNING RSZ-0104] Net _129938_ only has one pin. Check if it is intended to be dangling.
[WARNING RSZ-0104] Net _129928_ only has one pin. Check if it is intended to be dangling.
[WARNING RSZ-0104] Net _129914_ only has one pin. Check if it is intended to be dangling.
[WARNING RSZ-0104] Net _129913_ only has one pin. Check if it is intended to be dangling.
[WARNING RSZ-0104] Net _129912_ only has one pin. Check if it is intended to be dangling.
[WARNING RSZ-0104] Net _129911_ only has one pin. Check if it is intended to be dangling.
[WARNING RSZ-0104] Net _129910_ only has one pin. Check if it is intended to be dangling.
[WARNING RSZ-0104] Net _129909_ only has one pin. Check if it is intended to be dangling.
[WARNING RSZ-0104] Net _129908_ only has one pin. Check if it is intended to be dangling.
[WARNING RSZ-0104] Net _129907_ only has one pin. Check if it is intended to be dangling.
[WARNING RSZ-0104] Net _128002_ only has one pin. Check if it is intended to be dangling.
[WARNING RSZ-0104] Net _129927_ only has one pin. Check if it is intended to be dangling.
[WARNING RSZ-0104] Net _129926_ only has one pin. Check if it is intended to be dangling.
[WARNING RSZ-0104] Net _129925_ only has one pin. Check if it is intended to be dangling.
[WARNING RSZ-0104] Net _129906_ only has one pin. Check if it is intended to be dangling.
[WARNING RSZ-0104] Net _129924_ only has one pin. Check if it is intended to be dangling.
[WARNING RSZ-0104] Net _129923_ only has one pin. Check if it is intended to be dangling.
[WARNING RSZ-0104] Net _129922_ only has one pin. Check if it is intended to be dangling.
[WARNING RSZ-0104] Net _129921_ only has one pin. Check if it is intended to be dangling.
[WARNING RSZ-0104] Net _129920_ only has one pin. Check if it is intended to be dangling.
[WARNING RSZ-0104] Net _129919_ only has one pin. Check if it is intended to be dangling.
[WARNING RSZ-0104] Net _129918_ only has one pin. Check if it is intended to be dangling.
[WARNING RSZ-0104] Net _129917_ only has one pin. Check if it is intended to be dangling.
[WARNING RSZ-0104] Net _129916_ only has one pin. Check if it is intended to be dangling.
[WARNING RSZ-0104] Net _129915_ only has one pin. Check if it is intended to be dangling.
[WARNING RSZ-0104] Net _129905_ only has one pin. Check if it is intended to be dangling.
[WARNING RSZ-0104] Net _129891_ only has one pin. Check if it is intended to be dangling.
[WARNING RSZ-0104] Net _129890_ only has one pin. Check if it is intended to be dangling.
[WARNING RSZ-0104] Net _129889_ only has one pin. Check if it is intended to be dangling.
[WARNING RSZ-0104] Net _129888_ only has one pin. Check if it is intended to be dangling.
[WARNING RSZ-0104] Net _129887_ only has one pin. Check if it is intended to be dangling.
[WARNING RSZ-0104] Net _129886_ only has one pin. Check if it is intended to be dangling.
[WARNING RSZ-0104] Net _129885_ only has one pin. Check if it is intended to be dangling.
[WARNING RSZ-0104] Net _129884_ only has one pin. Check if it is intended to be dangling.
[WARNING RSZ-0104] Net _128003_ only has one pin. Check if it is intended to be dangling.
[WARNING RSZ-0104] Net _129904_ only has one pin. Check if it is intended to be dangling.
[WARNING RSZ-0104] Net _129903_ only has one pin. Check if it is intended to be dangling.
[WARNING RSZ-0104] Net _129902_ only has one pin. Check if it is intended to be dangling.
[WARNING RSZ-0104] Net _129883_ only has one pin. Check if it is intended to be dangling.
[WARNING RSZ-0104] Net _129901_ only has one pin. Check if it is intended to be dangling.
[WARNING RSZ-0104] Net _129900_ only has one pin. Check if it is intended to be dangling.
[WARNING RSZ-0104] Net _129899_ only has one pin. Check if it is intended to be dangling.
[WARNING RSZ-0104] Net _129898_ only has one pin. Check if it is intended to be dangling.
[WARNING RSZ-0104] Net _129897_ only has one pin. Check if it is intended to be dangling.
[WARNING RSZ-0104] Net _129896_ only has one pin. Check if it is intended to be dangling.
[WARNING RSZ-0104] Net _129895_ only has one pin. Check if it is intended to be dangling.
[WARNING RSZ-0104] Net _129894_ only has one pin. Check if it is intended to be dangling.
[WARNING RSZ-0104] Net _129893_ only has one pin. Check if it is intended to be dangling.
[WARNING RSZ-0104] Net _129892_ only has one pin. Check if it is intended to be dangling.
[WARNING RSZ-0104] Net _129882_ only has one pin. Check if it is intended to be dangling.
[WARNING RSZ-0104] Net _129868_ only has one pin. Check if it is intended to be dangling.
[WARNING RSZ-0104] Net _129867_ only has one pin. Check if it is intended to be dangling.
[WARNING RSZ-0104] Net _129866_ only has one pin. Check if it is intended to be dangling.
[WARNING RSZ-0104] Net _129865_ only has one pin. Check if it is intended to be dangling.
[WARNING RSZ-0104] Net _129864_ only has one pin. Check if it is intended to be dangling.
[WARNING RSZ-0104] Net _129863_ only has one pin. Check if it is intended to be dangling.
[WARNING RSZ-0104] Net _129862_ only has one pin. Check if it is intended to be dangling.
[WARNING RSZ-0104] Net _129861_ only has one pin. Check if it is intended to be dangling.
[WARNING RSZ-0104] Net _128004_ only has one pin. Check if it is intended to be dangling.
[WARNING RSZ-0104] Net _129881_ only has one pin. Check if it is intended to be dangling.
[WARNING RSZ-0104] Net _129880_ only has one pin. Check if it is intended to be dangling.
[WARNING RSZ-0104] Net _129879_ only has one pin. Check if it is intended to be dangling.
[WARNING RSZ-0104] Net _129860_ only has one pin. Check if it is intended to be dangling.
[WARNING RSZ-0104] Net _129878_ only has one pin. Check if it is intended to be dangling.
[WARNING RSZ-0104] Net _129877_ only has one pin. Check if it is intended to be dangling.
[WARNING RSZ-0104] Net _129876_ only has one pin. Check if it is intended to be dangling.
    99000 |     +0.1% |       0 |      96 |           122 |     39132
[WARNING RSZ-0104] Net _129875_ only has one pin. Check if it is intended to be dangling.
[WARNING RSZ-0104] Net _129874_ only has one pin. Check if it is intended to be dangling.
[WARNING RSZ-0104] Net _129873_ only has one pin. Check if it is intended to be dangling.
[WARNING RSZ-0104] Net _129872_ only has one pin. Check if it is intended to be dangling.
[WARNING RSZ-0104] Net _129871_ only has one pin. Check if it is intended to be dangling.
[WARNING RSZ-0104] Net _129870_ only has one pin. Check if it is intended to be dangling.
[WARNING RSZ-0104] Net _129869_ only has one pin. Check if it is intended to be dangling.
[WARNING RSZ-0104] Net _129859_ only has one pin. Check if it is intended to be dangling.
[WARNING RSZ-0104] Net _129845_ only has one pin. Check if it is intended to be dangling.
[WARNING RSZ-0104] Net _129844_ only has one pin. Check if it is intended to be dangling.
[WARNING RSZ-0104] Net _129843_ only has one pin. Check if it is intended to be dangling.
[WARNING RSZ-0104] Net _129842_ only has one pin. Check if it is intended to be dangling.
[WARNING RSZ-0104] Net _129841_ only has one pin. Check if it is intended to be dangling.
[WARNING RSZ-0104] Net _129840_ only has one pin. Check if it is intended to be dangling.
[WARNING RSZ-0104] Net _129839_ only has one pin. Check if it is intended to be dangling.
[WARNING RSZ-0104] Net _129838_ only has one pin. Check if it is intended to be dangling.
[WARNING RSZ-0104] Net _128005_ only has one pin. Check if it is intended to be dangling.
[WARNING RSZ-0104] Net _129858_ only has one pin. Check if it is intended to be dangling.
[WARNING RSZ-0104] Net _129857_ only has one pin. Check if it is intended to be dangling.
[WARNING RSZ-0104] Net _129856_ only has one pin. Check if it is intended to be dangling.
[WARNING RSZ-0104] Net _129837_ only has one pin. Check if it is intended to be dangling.
[WARNING RSZ-0104] Net _129855_ only has one pin. Check if it is intended to be dangling.
[WARNING RSZ-0104] Net _129854_ only has one pin. Check if it is intended to be dangling.
[WARNING RSZ-0104] Net _129853_ only has one pin. Check if it is intended to be dangling.
[WARNING RSZ-0104] Net _129852_ only has one pin. Check if it is intended to be dangling.
[WARNING RSZ-0104] Net _129851_ only has one pin. Check if it is intended to be dangling.
[WARNING RSZ-0104] Net _129850_ only has one pin. Check if it is intended to be dangling.
[WARNING RSZ-0104] Net _129849_ only has one pin. Check if it is intended to be dangling.
[WARNING RSZ-0104] Net _129848_ only has one pin. Check if it is intended to be dangling.
[WARNING RSZ-0104] Net _129847_ only has one pin. Check if it is intended to be dangling.
[WARNING RSZ-0104] Net _129846_ only has one pin. Check if it is intended to be dangling.
[WARNING RSZ-0104] Net _129836_ only has one pin. Check if it is intended to be dangling.
[WARNING RSZ-0104] Net _129822_ only has one pin. Check if it is intended to be dangling.
[WARNING RSZ-0104] Net _129821_ only has one pin. Check if it is intended to be dangling.
[WARNING RSZ-0104] Net _129820_ only has one pin. Check if it is intended to be dangling.
[WARNING RSZ-0104] Net _129819_ only has one pin. Check if it is intended to be dangling.
[WARNING RSZ-0104] Net _129818_ only has one pin. Check if it is intended to be dangling.
[WARNING RSZ-0104] Net _129817_ only has one pin. Check if it is intended to be dangling.
[WARNING RSZ-0104] Net _129816_ only has one pin. Check if it is intended to be dangling.
[WARNING RSZ-0104] Net _129815_ only has one pin. Check if it is intended to be dangling.
[WARNING RSZ-0104] Net _128006_ only has one pin. Check if it is intended to be dangling.
[WARNING RSZ-0104] Net _129835_ only has one pin. Check if it is intended to be dangling.
[WARNING RSZ-0104] Net _129834_ only has one pin. Check if it is intended to be dangling.
[WARNING RSZ-0104] Net _129833_ only has one pin. Check if it is intended to be dangling.
[WARNING RSZ-0104] Net _129814_ only has one pin. Check if it is intended to be dangling.
[WARNING RSZ-0104] Net _129832_ only has one pin. Check if it is intended to be dangling.
[WARNING RSZ-0104] Net _129831_ only has one pin. Check if it is intended to be dangling.
[WARNING RSZ-0104] Net _129830_ only has one pin. Check if it is intended to be dangling.
[WARNING RSZ-0104] Net _129829_ only has one pin. Check if it is intended to be dangling.
[WARNING RSZ-0104] Net _129828_ only has one pin. Check if it is intended to be dangling.
[WARNING RSZ-0104] Net _129827_ only has one pin. Check if it is intended to be dangling.
[WARNING RSZ-0104] Net _129826_ only has one pin. Check if it is intended to be dangling.
[WARNING RSZ-0104] Net _129825_ only has one pin. Check if it is intended to be dangling.
[WARNING RSZ-0104] Net _129824_ only has one pin. Check if it is intended to be dangling.
[WARNING RSZ-0104] Net _129823_ only has one pin. Check if it is intended to be dangling.
[WARNING RSZ-0104] Net _129813_ only has one pin. Check if it is intended to be dangling.
[WARNING RSZ-0104] Net _129799_ only has one pin. Check if it is intended to be dangling.
[WARNING RSZ-0104] Net _129798_ only has one pin. Check if it is intended to be dangling.
[WARNING RSZ-0104] Net _129797_ only has one pin. Check if it is intended to be dangling.
[WARNING RSZ-0104] Net _129796_ only has one pin. Check if it is intended to be dangling.
[WARNING RSZ-0104] Net _129795_ only has one pin. Check if it is intended to be dangling.
[WARNING RSZ-0104] Net _129794_ only has one pin. Check if it is intended to be dangling.
[WARNING RSZ-0104] Net _129793_ only has one pin. Check if it is intended to be dangling.
[WARNING RSZ-0104] Net _129792_ only has one pin. Check if it is intended to be dangling.
[WARNING RSZ-0104] Net _128007_ only has one pin. Check if it is intended to be dangling.
[WARNING RSZ-0104] Net _129812_ only has one pin. Check if it is intended to be dangling.
[WARNING RSZ-0104] Net _129811_ only has one pin. Check if it is intended to be dangling.
[WARNING RSZ-0104] Net _129810_ only has one pin. Check if it is intended to be dangling.
[WARNING RSZ-0104] Net _129791_ only has one pin. Check if it is intended to be dangling.
[WARNING RSZ-0104] Net _129809_ only has one pin. Check if it is intended to be dangling.
[WARNING RSZ-0104] Net _129808_ only has one pin. Check if it is intended to be dangling.
[WARNING RSZ-0104] Net _129807_ only has one pin. Check if it is intended to be dangling.
[WARNING RSZ-0104] Net _129806_ only has one pin. Check if it is intended to be dangling.
[WARNING RSZ-0104] Net _129805_ only has one pin. Check if it is intended to be dangling.
[WARNING RSZ-0104] Net _129804_ only has one pin. Check if it is intended to be dangling.
[WARNING RSZ-0104] Net _129803_ only has one pin. Check if it is intended to be dangling.
[WARNING RSZ-0104] Net _129802_ only has one pin. Check if it is intended to be dangling.
[WARNING RSZ-0104] Net _129801_ only has one pin. Check if it is intended to be dangling.
[WARNING RSZ-0104] Net _129800_ only has one pin. Check if it is intended to be dangling.
[WARNING RSZ-0104] Net _129790_ only has one pin. Check if it is intended to be dangling.
[WARNING RSZ-0104] Net _128327_ only has one pin. Check if it is intended to be dangling.
[WARNING RSZ-0104] Net _128326_ only has one pin. Check if it is intended to be dangling.
[WARNING RSZ-0104] Net _128325_ only has one pin. Check if it is intended to be dangling.
[WARNING RSZ-0104] Net _128324_ only has one pin. Check if it is intended to be dangling.
[WARNING RSZ-0104] Net _128323_ only has one pin. Check if it is intended to be dangling.
[WARNING RSZ-0104] Net _128322_ only has one pin. Check if it is intended to be dangling.
[WARNING RSZ-0104] Net _128321_ only has one pin. Check if it is intended to be dangling.
[WARNING RSZ-0104] Net _128320_ only has one pin. Check if it is intended to be dangling.
[WARNING RSZ-0104] Net _128103_ only has one pin. Check if it is intended to be dangling.
[WARNING RSZ-0104] Net _128340_ only has one pin. Check if it is intended to be dangling.
[WARNING RSZ-0104] Net _128339_ only has one pin. Check if it is intended to be dangling.
[WARNING RSZ-0104] Net _128338_ only has one pin. Check if it is intended to be dangling.
[WARNING RSZ-0104] Net _128319_ only has one pin. Check if it is intended to be dangling.
[WARNING RSZ-0104] Net _128337_ only has one pin. Check if it is intended to be dangling.
[WARNING RSZ-0104] Net _128336_ only has one pin. Check if it is intended to be dangling.
[WARNING RSZ-0104] Net _128335_ only has one pin. Check if it is intended to be dangling.
[WARNING RSZ-0104] Net _128334_ only has one pin. Check if it is intended to be dangling.
[WARNING RSZ-0104] Net _128333_ only has one pin. Check if it is intended to be dangling.
[WARNING RSZ-0104] Net _128332_ only has one pin. Check if it is intended to be dangling.
[WARNING RSZ-0104] Net _128331_ only has one pin. Check if it is intended to be dangling.
[WARNING RSZ-0104] Net _128330_ only has one pin. Check if it is intended to be dangling.
[WARNING RSZ-0104] Net _128329_ only has one pin. Check if it is intended to be dangling.
[WARNING RSZ-0104] Net _128328_ only has one pin. Check if it is intended to be dangling.
[WARNING RSZ-0104] Net _128318_ only has one pin. Check if it is intended to be dangling.
[WARNING RSZ-0104] Net _129776_ only has one pin. Check if it is intended to be dangling.
[WARNING RSZ-0104] Net _129775_ only has one pin. Check if it is intended to be dangling.
[WARNING RSZ-0104] Net _129774_ only has one pin. Check if it is intended to be dangling.
[WARNING RSZ-0104] Net _129773_ only has one pin. Check if it is intended to be dangling.
[WARNING RSZ-0104] Net _129772_ only has one pin. Check if it is intended to be dangling.
[WARNING RSZ-0104] Net _129771_ only has one pin. Check if it is intended to be dangling.
[WARNING RSZ-0104] Net _129770_ only has one pin. Check if it is intended to be dangling.
[WARNING RSZ-0104] Net _129769_ only has one pin. Check if it is intended to be dangling.
[WARNING RSZ-0104] Net _128008_ only has one pin. Check if it is intended to be dangling.
[WARNING RSZ-0104] Net _129789_ only has one pin. Check if it is intended to be dangling.
[WARNING RSZ-0104] Net _129788_ only has one pin. Check if it is intended to be dangling.
[WARNING RSZ-0104] Net _129787_ only has one pin. Check if it is intended to be dangling.
[WARNING RSZ-0104] Net _129768_ only has one pin. Check if it is intended to be dangling.
[WARNING RSZ-0104] Net _129786_ only has one pin. Check if it is intended to be dangling.
[WARNING RSZ-0104] Net _129785_ only has one pin. Check if it is intended to be dangling.
[WARNING RSZ-0104] Net _129784_ only has one pin. Check if it is intended to be dangling.
[WARNING RSZ-0104] Net _129783_ only has one pin. Check if it is intended to be dangling.
[WARNING RSZ-0104] Net _129782_ only has one pin. Check if it is intended to be dangling.
[WARNING RSZ-0104] Net _129781_ only has one pin. Check if it is intended to be dangling.
[WARNING RSZ-0104] Net _129780_ only has one pin. Check if it is intended to be dangling.
[WARNING RSZ-0104] Net _129779_ only has one pin. Check if it is intended to be dangling.
[WARNING RSZ-0104] Net _129778_ only has one pin. Check if it is intended to be dangling.
[WARNING RSZ-0104] Net _129777_ only has one pin. Check if it is intended to be dangling.
[WARNING RSZ-0104] Net _129767_ only has one pin. Check if it is intended to be dangling.
[WARNING RSZ-0104] Net _129753_ only has one pin. Check if it is intended to be dangling.
[WARNING RSZ-0104] Net _129752_ only has one pin. Check if it is intended to be dangling.
[WARNING RSZ-0104] Net _129751_ only has one pin. Check if it is intended to be dangling.
[WARNING RSZ-0104] Net _129750_ only has one pin. Check if it is intended to be dangling.
[WARNING RSZ-0104] Net _129749_ only has one pin. Check if it is intended to be dangling.
[WARNING RSZ-0104] Net _129748_ only has one pin. Check if it is intended to be dangling.
[WARNING RSZ-0104] Net _129747_ only has one pin. Check if it is intended to be dangling.
[WARNING RSZ-0104] Net _129746_ only has one pin. Check if it is intended to be dangling.
[WARNING RSZ-0104] Net _128009_ only has one pin. Check if it is intended to be dangling.
[WARNING RSZ-0104] Net _129766_ only has one pin. Check if it is intended to be dangling.
[WARNING RSZ-0104] Net _129765_ only has one pin. Check if it is intended to be dangling.
[WARNING RSZ-0104] Net _129764_ only has one pin. Check if it is intended to be dangling.
[WARNING RSZ-0104] Net _129745_ only has one pin. Check if it is intended to be dangling.
[WARNING RSZ-0104] Net _129763_ only has one pin. Check if it is intended to be dangling.
[WARNING RSZ-0104] Net _129762_ only has one pin. Check if it is intended to be dangling.
[WARNING RSZ-0104] Net _129761_ only has one pin. Check if it is intended to be dangling.
[WARNING RSZ-0104] Net _129760_ only has one pin. Check if it is intended to be dangling.
[WARNING RSZ-0104] Net _129759_ only has one pin. Check if it is intended to be dangling.
[WARNING RSZ-0104] Net _129758_ only has one pin. Check if it is intended to be dangling.
[WARNING RSZ-0104] Net _129757_ only has one pin. Check if it is intended to be dangling.
[WARNING RSZ-0104] Net _129756_ only has one pin. Check if it is intended to be dangling.
[WARNING RSZ-0104] Net _129755_ only has one pin. Check if it is intended to be dangling.
[WARNING RSZ-0104] Net _129754_ only has one pin. Check if it is intended to be dangling.
[WARNING RSZ-0104] Net _129744_ only has one pin. Check if it is intended to be dangling.
[WARNING RSZ-0104] Net _129730_ only has one pin. Check if it is intended to be dangling.
[WARNING RSZ-0104] Net _129729_ only has one pin. Check if it is intended to be dangling.
[WARNING RSZ-0104] Net _129728_ only has one pin. Check if it is intended to be dangling.
[WARNING RSZ-0104] Net _129727_ only has one pin. Check if it is intended to be dangling.
[WARNING RSZ-0104] Net _129726_ only has one pin. Check if it is intended to be dangling.
[WARNING RSZ-0104] Net _129725_ only has one pin. Check if it is intended to be dangling.
[WARNING RSZ-0104] Net _129724_ only has one pin. Check if it is intended to be dangling.
[WARNING RSZ-0104] Net _129723_ only has one pin. Check if it is intended to be dangling.
[WARNING RSZ-0104] Net _128010_ only has one pin. Check if it is intended to be dangling.
[WARNING RSZ-0104] Net _129743_ only has one pin. Check if it is intended to be dangling.
[WARNING RSZ-0104] Net _129742_ only has one pin. Check if it is intended to be dangling.
[WARNING RSZ-0104] Net _129741_ only has one pin. Check if it is intended to be dangling.
[WARNING RSZ-0104] Net _129722_ only has one pin. Check if it is intended to be dangling.
[WARNING RSZ-0104] Net _129740_ only has one pin. Check if it is intended to be dangling.
[WARNING RSZ-0104] Net _129739_ only has one pin. Check if it is intended to be dangling.
[WARNING RSZ-0104] Net _129738_ only has one pin. Check if it is intended to be dangling.
[WARNING RSZ-0104] Net _129737_ only has one pin. Check if it is intended to be dangling.
[WARNING RSZ-0104] Net _129736_ only has one pin. Check if it is intended to be dangling.
[WARNING RSZ-0104] Net _129735_ only has one pin. Check if it is intended to be dangling.
[WARNING RSZ-0104] Net _129734_ only has one pin. Check if it is intended to be dangling.
[WARNING RSZ-0104] Net _129733_ only has one pin. Check if it is intended to be dangling.
[WARNING RSZ-0104] Net _129732_ only has one pin. Check if it is intended to be dangling.
[WARNING RSZ-0104] Net _129731_ only has one pin. Check if it is intended to be dangling.
[WARNING RSZ-0104] Net _129721_ only has one pin. Check if it is intended to be dangling.
[WARNING RSZ-0104] Net _129707_ only has one pin. Check if it is intended to be dangling.
[WARNING RSZ-0104] Net _129706_ only has one pin. Check if it is intended to be dangling.
[WARNING RSZ-0104] Net _129705_ only has one pin. Check if it is intended to be dangling.
[WARNING RSZ-0104] Net _129704_ only has one pin. Check if it is intended to be dangling.
[WARNING RSZ-0104] Net _129703_ only has one pin. Check if it is intended to be dangling.
[WARNING RSZ-0104] Net _129702_ only has one pin. Check if it is intended to be dangling.
[WARNING RSZ-0104] Net _129701_ only has one pin. Check if it is intended to be dangling.
[WARNING RSZ-0104] Net _129700_ only has one pin. Check if it is intended to be dangling.
[WARNING RSZ-0104] Net _128011_ only has one pin. Check if it is intended to be dangling.
[WARNING RSZ-0104] Net _129720_ only has one pin. Check if it is intended to be dangling.
[WARNING RSZ-0104] Net _129719_ only has one pin. Check if it is intended to be dangling.
[WARNING RSZ-0104] Net _129718_ only has one pin. Check if it is intended to be dangling.
[WARNING RSZ-0104] Net _129699_ only has one pin. Check if it is intended to be dangling.
[WARNING RSZ-0104] Net _129717_ only has one pin. Check if it is intended to be dangling.
[WARNING RSZ-0104] Net _129716_ only has one pin. Check if it is intended to be dangling.
[WARNING RSZ-0104] Net _129715_ only has one pin. Check if it is intended to be dangling.
[WARNING RSZ-0104] Net _129714_ only has one pin. Check if it is intended to be dangling.
[WARNING RSZ-0104] Net _129713_ only has one pin. Check if it is intended to be dangling.
[WARNING RSZ-0104] Net _129712_ only has one pin. Check if it is intended to be dangling.
[WARNING RSZ-0104] Net _129711_ only has one pin. Check if it is intended to be dangling.
[WARNING RSZ-0104] Net _129710_ only has one pin. Check if it is intended to be dangling.
[WARNING RSZ-0104] Net _129709_ only has one pin. Check if it is intended to be dangling.
[WARNING RSZ-0104] Net _129708_ only has one pin. Check if it is intended to be dangling.
[WARNING RSZ-0104] Net _129698_ only has one pin. Check if it is intended to be dangling.
[WARNING RSZ-0104] Net _129684_ only has one pin. Check if it is intended to be dangling.
[WARNING RSZ-0104] Net _129683_ only has one pin. Check if it is intended to be dangling.
[WARNING RSZ-0104] Net _129682_ only has one pin. Check if it is intended to be dangling.
[WARNING RSZ-0104] Net _129681_ only has one pin. Check if it is intended to be dangling.
[WARNING RSZ-0104] Net _129680_ only has one pin. Check if it is intended to be dangling.
[WARNING RSZ-0104] Net _129679_ only has one pin. Check if it is intended to be dangling.
[WARNING RSZ-0104] Net _129678_ only has one pin. Check if it is intended to be dangling.
[WARNING RSZ-0104] Net _129677_ only has one pin. Check if it is intended to be dangling.
[WARNING RSZ-0104] Net _128012_ only has one pin. Check if it is intended to be dangling.
[WARNING RSZ-0104] Net _129697_ only has one pin. Check if it is intended to be dangling.
[WARNING RSZ-0104] Net _129696_ only has one pin. Check if it is intended to be dangling.
[WARNING RSZ-0104] Net _129695_ only has one pin. Check if it is intended to be dangling.
[WARNING RSZ-0104] Net _129676_ only has one pin. Check if it is intended to be dangling.
[WARNING RSZ-0104] Net _129694_ only has one pin. Check if it is intended to be dangling.
[WARNING RSZ-0104] Net _129693_ only has one pin. Check if it is intended to be dangling.
[WARNING RSZ-0104] Net _129692_ only has one pin. Check if it is intended to be dangling.
[WARNING RSZ-0104] Net _129691_ only has one pin. Check if it is intended to be dangling.
[WARNING RSZ-0104] Net _129690_ only has one pin. Check if it is intended to be dangling.
[WARNING RSZ-0104] Net _129689_ only has one pin. Check if it is intended to be dangling.
[WARNING RSZ-0104] Net _129688_ only has one pin. Check if it is intended to be dangling.
[WARNING RSZ-0104] Net _129687_ only has one pin. Check if it is intended to be dangling.
[WARNING RSZ-0104] Net _129686_ only has one pin. Check if it is intended to be dangling.
[WARNING RSZ-0104] Net _129685_ only has one pin. Check if it is intended to be dangling.
[WARNING RSZ-0104] Net _129675_ only has one pin. Check if it is intended to be dangling.
[WARNING RSZ-0104] Net _129661_ only has one pin. Check if it is intended to be dangling.
[WARNING RSZ-0104] Net _129660_ only has one pin. Check if it is intended to be dangling.
[WARNING RSZ-0104] Net _129659_ only has one pin. Check if it is intended to be dangling.
[WARNING RSZ-0104] Net _129658_ only has one pin. Check if it is intended to be dangling.
[WARNING RSZ-0104] Net _129657_ only has one pin. Check if it is intended to be dangling.
[WARNING RSZ-0104] Net _129656_ only has one pin. Check if it is intended to be dangling.
[WARNING RSZ-0104] Net _129655_ only has one pin. Check if it is intended to be dangling.
[WARNING RSZ-0104] message limit (1000) reached. This message will no longer print.
   100000 |     +0.1% |       0 |      96 |           122 |     38132
   101000 |     +0.1% |       0 |      96 |           122 |     37132
   102000 |     +0.1% |       0 |      96 |           122 |     36132
   103000 |     +0.1% |       0 |      96 |           122 |     35132
   104000 |     +0.1% |       0 |      96 |           122 |     34132
   105000 |     +0.1% |       0 |      96 |           122 |     33132
   106000 |     +0.1% |       0 |      96 |           122 |     32132
   107000 |     +0.1% |       0 |      96 |           122 |     31132
   108000 |     +0.1% |       0 |      96 |           122 |     30132
   109000 |     +0.1% |       0 |      96 |           122 |     29132
   110000 |     +0.1% |       0 |      96 |           122 |     28132
   111000 |     +0.1% |       0 |      96 |           122 |     27132
   112000 |     +0.1% |       0 |     100 |           129 |     26132
   113000 |     +0.1% |       0 |     101 |           130 |     25132
   114000 |     +0.1% |       0 |     101 |           130 |     24132
   115000 |     +0.1% |       0 |     102 |           131 |     23132
   116000 |     +0.1% |       0 |     103 |           132 |     22132
   117000 |     +0.1% |       0 |     106 |           137 |     21132
   118000 |     +0.1% |       0 |     108 |           139 |     20132
   119000 |     +0.1% |       0 |     109 |           140 |     19132
   120000 |     +0.1% |       0 |     110 |           142 |     18132
   121000 |     +0.1% |       0 |     112 |           144 |     17132
   122000 |     +0.1% |       0 |     112 |           145 |     16132
   123000 |     +0.1% |       0 |     115 |           150 |     15132
   124000 |     +0.1% |       0 |     118 |           154 |     14132
   125000 |     +0.1% |       0 |     119 |           156 |     13132
   126000 |     +0.1% |       0 |     120 |           158 |     12132
   127000 |     +0.1% |       0 |     120 |           160 |     11132
   128000 |     +0.1% |       0 |     120 |           164 |     10132
   129000 |     +0.1% |       0 |     122 |           166 |      9132
   130000 |     +0.1% |       0 |     129 |           174 |      8132
   131000 |     +0.1% |       0 |     132 |           177 |      7132
   132000 |     +0.1% |       0 |     132 |           177 |      6132
   133000 |     +0.1% |       0 |     133 |           181 |      5132
   134000 |     +0.1% |       0 |     136 |           185 |      4132
   135000 |     +0.1% |       0 |     143 |           194 |      3132
   136000 |     +0.1% |       0 |     146 |           198 |      2132
   137000 |     +0.1% |       0 |     150 |           205 |      1132
   138000 |     +0.1% |       0 |     154 |           210 |       132
    final |     +0.1% |       0 |     154 |           210 |         0
---------------------------------------------------------------------
[INFO RSZ-0036] Found 210 capacitance violations.
[INFO RSZ-0038] Inserted 154 buffers in 210 nets.
[INFO RSZ-0504] Runtime: 91.43s
Took 91 seconds: repair_design -verbose -cap_margin 22
global_route -start_incremental
detailed_placement
[INFO DPL-0006] Core area: 846721.89 um^2
[INFO DPL-0007] Movable instances area: 169638.57 um^2
[INFO DPL-0008] Fixed instances area within core: 962.92 um^2
[INFO DPL-0009] Utilization: 20.1%
[INFO DPL-0005] Diamond search max displacement: +/- 500 sites horizontally, +/- 100 rows vertically.
[INFO DPL-1102] Legalizing using negotiation legalizer.
[INFO DPL-1103] Negotiation base search window: +/-20 sites horizontally, +/-5 rows vertically 
	Automatic search window extension enabled.
	Search window extendable up to the max displacement cap of +/-500 sites, +/-100 rows near walls.
[INFO DPL-1104] NegotiationLegalizer DRC penalty: 5.
[INFO DPL-0392] Negotiation cell height distribution (1 unique row-count(s)):
[INFO DPL-0393]   height 1 row(s): 135538 cells
          |      Total |  Illegal |  Illegal
Iteration | Violations |    Cells |    Sites
---------------------------------------------
        0 |          0 |         0 |         0
Negotiation phase 1 converged at iteration 0.
[INFO DPL-0500] Runtime: 1.58s
Placement Analysis
---------------------------------
total displacement        194.5 u
average displacement        0.0 u
max displacement            5.6 u
original HPWL         2781662.0 u
legalized HPWL        2781699.6 u
delta HPWL                    0 %

global_route -end_incremental -congestion_report_file ./reports/nangate45/x2_y4_kimi/base/congestion_post_repair_design.rpt
Repair setup and hold violations...
estimate_parasitics -global_routing
Took 7 seconds: estimate_parasitics -global_routing
repair_timing -setup_margin 0 -hold_margin 0 -repair_tns 100 -verbose
[INFO RSZ-0100] Repair move sequence: UnbufferMove SizeUpMove SwapPinsMove BufferMove CloneMove SplitLoadMove 
[INFO RSZ-0098] No setup violations found
[INFO RSZ-0505] Runtime: 8.29s
[INFO RSZ-0033] No hold violations found.
[INFO RSZ-0506] Runtime: 2.57s
Took 11 seconds: repair_timing -setup_margin 0 -hold_margin 0 -repair_tns 100 -verbose
global_route -start_incremental
detailed_placement
[INFO DPL-0006] Core area: 846721.89 um^2
[INFO DPL-0007] Movable instances area: 169638.57 um^2
[INFO DPL-0008] Fixed instances area within core: 962.92 um^2
[INFO DPL-0009] Utilization: 20.1%
[INFO DPL-0005] Diamond search max displacement: +/- 500 sites horizontally, +/- 100 rows vertically.
[INFO DPL-1102] Legalizing using negotiation legalizer.
[INFO DPL-1103] Negotiation base search window: +/-20 sites horizontally, +/-5 rows vertically 
	Automatic search window extension enabled.
	Search window extendable up to the max displacement cap of +/-500 sites, +/-100 rows near walls.
[INFO DPL-1104] NegotiationLegalizer DRC penalty: 5.
[INFO DPL-0392] Negotiation cell height distribution (1 unique row-count(s)):
[INFO DPL-0393]   height 1 row(s): 135538 cells
[INFO DPL-0500] Runtime: 1.50s
Placement Analysis
---------------------------------
total displacement          0.0 u
average displacement        0.0 u
max displacement            0.0 u
original HPWL         2781699.6 u
legalized HPWL        2781699.6 u
delta HPWL                    0 %

check_placement -verbose
global_route -end_incremental -congestion_report_file ./reports/nangate45/x2_y4_kimi/base/congestion_post_repair_timing.rpt
estimate_parasitics -global_routing
Took 7 seconds: estimate_parasitics -global_routing
global_route -start_incremental
global_route -end_incremental -congestion_report_file ./reports/nangate45/x2_y4_kimi/base/congestion_post_recover_power.rpt
Repair antennas...
[WARNING GRT-0246] No diode with LEF class CORE ANTENNACELL found.
[INFO ANT-0002] Found 0 net violations.
[INFO ANT-0001] Found 0 pin violations.
Estimate parasitics...
estimate_parasitics -global_routing
Took 7 seconds: estimate_parasitics -global_routing
Report metrics stage 5, global route...

==========================================================================
global route report_design_area
--------------------------------------------------------------------------
Design area 170601 um^2 20% utilization.
[INFO FLW-0007] clock core_clock period 2.500000
[INFO FLW-0008] Clock core_clock period 2.102
[INFO FLW-0009] Clock core_clock slack 0.288
write_sdc -no_timestamp ./results/nangate45/x2_y4_kimi/base/updated_clks.sdc
[INFO FLW-0011] Path endpoint path count 13717
write_db ./results/nangate45/x2_y4_kimi/base/5_1_grt.odb
write_sdc -no_timestamp ./results/nangate45/x2_y4_kimi/base/5_1_grt.sdc
Elapsed time: 9:01.00[h:]min:sec. CPU time: user 1541.49 sys 8.24 (286%). Peak memory: 2486852KB.
Log                       Ext     Elapsed/s Peak Memory/MB sha1sum result [0:20)
5_1_grt                   .odb          541           2428 4c722f778f95a16f9d2f
5_1_grt                   .sdc                             c39a6449457faa2b7f03
/OpenROAD-flow-scripts/flow/scripts/flow.sh 5_2_route detail_route
Running detail_route.tcl, stage 5_2_route
read_liberty /OpenROAD-flow-scripts/flow/platforms/nangate45/lib/NangateOpenCellLibrary_typical.lib
read_db ./results/nangate45/x2_y4_kimi/base/5_1_grt.odb
read_sdc ./results/nangate45/x2_y4_kimi/base/5_1_grt.sdc
source /OpenROAD-flow-scripts/flow/platforms/nangate45/setRC.tcl
detailed_route -output_drc ./reports/nangate45/x2_y4_kimi/base/5_route_drc.rpt -output_maze ./results/nangate45/x2_y4_kimi/base/maze.log -droute_end_iter 64 -verbose 1 -drc_report_iter_step 5
[INFO DRT-0149] Reading tech and libs.

Units:                2000
Number of layers:     21
Number of macros:     135
Number of vias:       33
Number of viarulegen: 19

[INFO DRT-0150] Reading design.
[WARNING DRT-0120] Large net net20891 has 105 pins which may impact routing performance. Consider optimization.
[WARNING DRT-0120] Large net net20261 has 105 pins which may impact routing performance. Consider optimization.
[WARNING DRT-0120] Large net net20375 has 110 pins which may impact routing performance. Consider optimization.

Design:                   x2_y4_kimi
Die area:                 ( 0 0 ) ( 1845610 1845610 )
Number of track patterns: 20
Number of DEF vias:       0
Number of components:     135538
Number of terminals:      212
Number of snets:          2
Number of nets:           137137

[INFO DRT-0167] List of default vias:
  Layer via2
    default via: via2_5
  Layer via3
    default via: via3_2
  Layer via4
    default via: via4_0
  Layer via5
    default via: via5_0
  Layer via6
    default via: via6_0
  Layer via7
    default via: via7_0
  Layer via8
    default via: via8_0
  Layer via9
    default via: via9_0
[INFO DRT-0162] Library cell analysis.
[INFO DRT-0163] Instance analysis.
  Complete 100000 instances.
[INFO DRT-0164] Number of unique instances = 154.
[INFO DRT-0168] Init region query.
[INFO DRT-0018]   Complete 100000 insts.
[INFO DRT-0024]   Complete active.
[INFO DRT-0024]   Complete Fr_VIA.
[INFO DRT-0024]   Complete metal1.
[INFO DRT-0024]   Complete via1.
[INFO DRT-0024]   Complete metal2.
[INFO DRT-0024]   Complete via2.
[INFO DRT-0024]   Complete metal3.
[INFO DRT-0024]   Complete via3.
[INFO DRT-0024]   Complete metal4.
[INFO DRT-0024]   Complete via4.
[INFO DRT-0024]   Complete metal5.
[INFO DRT-0024]   Complete via5.
[INFO DRT-0024]   Complete metal6.
[INFO DRT-0024]   Complete via6.
[INFO DRT-0024]   Complete metal7.
[INFO DRT-0024]   Complete via7.
[INFO DRT-0024]   Complete metal8.
[INFO DRT-0024]   Complete via8.
[INFO DRT-0024]   Complete metal9.
[INFO DRT-0024]   Complete via9.
[INFO DRT-0024]   Complete metal10.
[INFO DRT-0033] active shape region query size = 0.
[INFO DRT-0033] FR_VIA shape region query size = 0.
[INFO DRT-0033] metal1 shape region query size = 2053191.
[INFO DRT-0033] via1 shape region query size = 32571.
[INFO DRT-0033] metal2 shape region query size = 21714.
[INFO DRT-0033] via2 shape region query size = 32571.
[INFO DRT-0033] metal3 shape region query size = 21714.
[INFO DRT-0033] via3 shape region query size = 32571.
[INFO DRT-0033] metal4 shape region query size = 11913.
[INFO DRT-0033] via4 shape region query size = 10230.
[INFO DRT-0033] metal5 shape region query size = 2122.
[INFO DRT-0033] via5 shape region query size = 10230.
[INFO DRT-0033] metal6 shape region query size = 2180.
[INFO DRT-0033] via6 shape region query size = 4092.
[INFO DRT-0033] metal7 shape region query size = 1147.
[INFO DRT-0033] via7 shape region query size = 0.
[INFO DRT-0033] metal8 shape region query size = 0.
[INFO DRT-0033] via8 shape region query size = 0.
[INFO DRT-0033] metal9 shape region query size = 0.
[INFO DRT-0033] via9 shape region query size = 0.
[INFO DRT-0033] metal10 shape region query size = 0.
[INFO DRT-0165] Start pin access.
[INFO DRT-0078]   Complete 904 pins.
[INFO DRT-0079]   Complete 100 unique inst patterns.
[INFO DRT-0081]   Complete 154 unique inst patterns.
[INFO DRT-0082]   Complete 10000 groups.
[INFO DRT-0082]   Complete 20000 groups.
[INFO DRT-0082]   Complete 30000 groups.
[INFO DRT-0082]   Complete 40000 groups.
[INFO DRT-0082]   Complete 50000 groups.
[INFO DRT-0082]   Complete 60000 groups.
[INFO DRT-0082]   Complete 70000 groups.
[INFO DRT-0082]   Complete 80000 groups.
[INFO DRT-0084]   Complete 88649 groups.
#scanned instances     = 135538
#unique  instances     = 154
#stdCellGenAp          = 5641
#stdCellValidPlanarAp  = 0
#stdCellValidViaAp     = 3890
#stdCellPinNoAp        = 0
#stdCellPinCnt         = 459226
#instTermValidViaApCnt = 0
#macroGenAp            = 0
#macroValidPlanarAp    = 0
#macroValidViaAp       = 0
#macroNoAp             = 0
[INFO DRT-0166] Complete pin access.
[INFO DRT-0267] cpu time = 00:14:41, elapsed time = 00:03:41, memory = 1154.73 (MB), peak = 1203.93 (MB)
[INFO DRT-0156] guideIn read 100000 guides.
[INFO DRT-0156] guideIn read 200000 guides.
[INFO DRT-0156] guideIn read 300000 guides.
[INFO DRT-0156] guideIn read 400000 guides.
[INFO DRT-0156] guideIn read 500000 guides.
[INFO DRT-0156] guideIn read 600000 guides.
[INFO DRT-0156] guideIn read 700000 guides.
[INFO DRT-0156] guideIn read 800000 guides.
[INFO DRT-0156] guideIn read 900000 guides.
[INFO DRT-0156] guideIn read 1000000 guides.

[INFO DRT-0157] Number of guides:     1075761

[INFO DRT-0169] Post process guides.
[INFO DRT-0176] GCELLGRID X 0 DO 323 STEP 5700 ;
[INFO DRT-0177] GCELLGRID Y 0 DO 323 STEP 5700 ;
[INFO DRT-0026]   Complete 100000 origin guides.
[INFO DRT-0026]   Complete 200000 origin guides.
[INFO DRT-0026]   Complete 300000 origin guides.
[INFO DRT-0026]   Complete 400000 origin guides.
[INFO DRT-0026]   Complete 500000 origin guides.
[INFO DRT-0026]   Complete 600000 origin guides.
[INFO DRT-0026]   Complete 700000 origin guides.
[INFO DRT-0026]   Complete 800000 origin guides.
[INFO DRT-0026]   Complete 900000 origin guides.
[INFO DRT-0027]   Complete 1000000 origin guides.
[INFO DRT-0028]   Complete active.
[INFO DRT-0028]   Complete Fr_VIA.
[INFO DRT-0028]   Complete metal1.
[INFO DRT-0028]   Complete via1.
[INFO DRT-0028]   Complete metal2.
[INFO DRT-0028]   Complete via2.
[INFO DRT-0028]   Complete metal3.
[INFO DRT-0028]   Complete via3.
[INFO DRT-0028]   Complete metal4.
[INFO DRT-0028]   Complete via4.
[INFO DRT-0028]   Complete metal5.
[INFO DRT-0028]   Complete via5.
[INFO DRT-0028]   Complete metal6.
[INFO DRT-0028]   Complete via6.
[INFO DRT-0028]   Complete metal7.
[INFO DRT-0028]   Complete via7.
[INFO DRT-0028]   Complete metal8.
[INFO DRT-0028]   Complete via8.
[INFO DRT-0028]   Complete metal9.
[INFO DRT-0028]   Complete via9.
[INFO DRT-0028]   Complete metal10.
  complete 100000 nets.
[INFO DRT-0178] Init guide query.
[INFO DRT-0029]   Complete 100000 nets (guide).
[INFO DRT-0035]   Complete active (guide).
[INFO DRT-0035]   Complete Fr_VIA (guide).
[INFO DRT-0035]   Complete metal1 (guide).
[INFO DRT-0035]   Complete via1 (guide).
[INFO DRT-0035]   Complete metal2 (guide).
[INFO DRT-0035]   Complete via2 (guide).
[INFO DRT-0035]   Complete metal3 (guide).
[INFO DRT-0035]   Complete via3 (guide).
[INFO DRT-0035]   Complete metal4 (guide).
[INFO DRT-0035]   Complete via4 (guide).
[INFO DRT-0035]   Complete metal5 (guide).
[INFO DRT-0035]   Complete via5 (guide).
[INFO DRT-0035]   Complete metal6 (guide).
[INFO DRT-0035]   Complete via6 (guide).
[INFO DRT-0035]   Complete metal7 (guide).
[INFO DRT-0035]   Complete via7 (guide).
[INFO DRT-0035]   Complete metal8 (guide).
[INFO DRT-0035]   Complete via8 (guide).
[INFO DRT-0035]   Complete metal9 (guide).
[INFO DRT-0035]   Complete via9 (guide).
[INFO DRT-0035]   Complete metal10 (guide).
[INFO DRT-0036] active guide region query size = 0.
[INFO DRT-0036] FR_VIA guide region query size = 0.
[INFO DRT-0036] metal1 guide region query size = 365754.
[INFO DRT-0036] via1 guide region query size = 0.
[INFO DRT-0036] metal2 guide region query size = 316111.
[INFO DRT-0036] via2 guide region query size = 0.
[INFO DRT-0036] metal3 guide region query size = 174457.
[INFO DRT-0036] via3 guide region query size = 0.
[INFO DRT-0036] metal4 guide region query size = 22323.
[INFO DRT-0036] via4 guide region query size = 0.
[INFO DRT-0036] metal5 guide region query size = 7045.
[INFO DRT-0036] via5 guide region query size = 0.
[INFO DRT-0036] metal6 guide region query size = 1061.
[INFO DRT-0036] via6 guide region query size = 0.
[INFO DRT-0036] metal7 guide region query size = 121.
[INFO DRT-0036] via7 guide region query size = 0.
[INFO DRT-0036] metal8 guide region query size = 27.
[INFO DRT-0036] via8 guide region query size = 0.
[INFO DRT-0036] metal9 guide region query size = 12.
[INFO DRT-0036] via9 guide region query size = 0.
[INFO DRT-0036] metal10 guide region query size = 0.
[INFO DRT-0179] Init gr pin query.
[INFO DRT-0267] cpu time = 00:00:07, elapsed time = 00:00:03, memory = 1545.33 (MB), peak = 1544.77 (MB)
[INFO DRT-0245] skipped writing guide updates to database.
[INFO DRT-0181] Start track assignment.
[INFO DRT-0184] Done with 339522 vertical wires in 7 frboxes and 547389 horizontal wires in 7 frboxes.
[INFO DRT-0186] Done with 85641 vertical wires in 7 frboxes and 114554 horizontal wires in 7 frboxes.
[INFO DRT-0182] Complete track assignment.
[INFO DRT-0267] cpu time = 00:02:02, elapsed time = 00:00:36, memory = 3053.61 (MB), peak = 3053.16 (MB)
[INFO DRT-0187] Start routing data preparation.
[INFO DRT-0267] cpu time = 00:00:01, elapsed time = 00:00:01, memory = 3053.61 (MB), peak = 3053.16 (MB)
[INFO DRT-0194] Start detail routing.
[INFO DRT-0195] Start 0th optimization iteration.
    Completing 10% with 0 violations.
    elapsed time = 00:01:00, memory = 3143.74 (MB).
    Completing 20% with 0 violations.
    elapsed time = 00:02:33, memory = 3748.42 (MB).
    Completing 30% with 5215 violations.
    elapsed time = 00:03:11, memory = 4107.59 (MB).
    Completing 40% with 5215 violations.
    elapsed time = 00:04:51, memory = 4107.65 (MB).
    Completing 50% with 5215 violations.
    elapsed time = 00:06:09, memory = 4374.78 (MB).
    Completing 60% with 10771 violations.
    elapsed time = 00:07:11, memory = 4381.84 (MB).
    Completing 70% with 10771 violations.
    elapsed time = 00:08:50, memory = 4399.96 (MB).
    Completing 80% with 15996 violations.
    elapsed time = 00:09:40, memory = 4559.95 (MB).
    Completing 90% with 15996 violations.
    elapsed time = 00:11:32, memory = 4600.59 (MB).
    Completing 100% with 21612 violations.
    elapsed time = 00:12:49, memory = 4742.12 (MB).
[INFO DRT-0199]   Number of violations = 30724.
Viol/Layer      metal1   via1 metal2   via2 metal3   via3 metal4   via4 metal5   via5 metal6   via6 metal7
Cut Spacing          0      4      0     37      0      1      0     15      0      1      0      3      0
Metal Spacing        5      0   1876      0    243      0      7      0      8      0      1      0     45
Recheck             36      0   4929      0   3673      0    178      0    208      0     11      0     77
Short                0      1  16269     32   2822      1    159      0     39      0      2      5     36
[INFO DRT-0267] cpu time = 00:50:33, elapsed time = 00:12:55, memory = 4741.86 (MB), peak = 4743.03 (MB)
Total wire length = 3289088 um.
Total wire length on LAYER metal1 = 0 um.
Total wire length on LAYER metal2 = 970919 um.
Total wire length on LAYER metal3 = 1284602 um.
Total wire length on LAYER metal4 = 568428 um.
Total wire length on LAYER metal5 = 341777 um.
Total wire length on LAYER metal6 = 108339 um.
Total wire length on LAYER metal7 = 11764 um.
Total wire length on LAYER metal8 = 1209 um.
Total wire length on LAYER metal9 = 2048 um.
Total wire length on LAYER metal10 = 0 um.
Total number of vias = 959732.
Up-via summary (total 959732):

-----------------
 active         0
 metal1    456706
 metal2    456030
 metal3     33195
 metal4     11613
 metal5      1879
 metal6       254
 metal7        31
 metal8        24
 metal9         0
-----------------
       959732


[INFO DRT-0195] Start 1st optimization iteration.
    Completing 10% with 30724 violations.
    elapsed time = 00:00:59, memory = 4741.86 (MB).
    Completing 20% with 30724 violations.
    elapsed time = 00:02:35, memory = 4741.86 (MB).
    Completing 30% with 25120 violations.
    elapsed time = 00:03:14, memory = 4744.04 (MB).
    Completing 40% with 25120 violations.
    elapsed time = 00:04:41, memory = 4802.23 (MB).
    Completing 50% with 25120 violations.
    elapsed time = 00:05:52, memory = 4918.96 (MB).
    Completing 60% with 19485 violations.
    elapsed time = 00:06:48, memory = 4926.38 (MB).
    Completing 70% with 19485 violations.
    elapsed time = 00:08:26, memory = 4982.45 (MB).
    Completing 80% with 14085 violations.
    elapsed time = 00:09:13, memory = 5011.89 (MB).
    Completing 90% with 14085 violations.
    elapsed time = 00:10:45, memory = 5039.28 (MB).
    Completing 100% with 8565 violations.
    elapsed time = 00:11:57, memory = 5039.28 (MB).
[INFO DRT-0199]   Number of violations = 8568.
Viol/Layer      metal1   via1 metal2   via2 metal3 metal4 metal5 metal6
Cut Spacing          0     19      0     15      0      0      0      0
Metal Spacing        2      0   1656      0     97      1      1      0
Recheck              0      0      9      0      7      0      0      0
Short                0      0   6153      0    597      4      5      2
[INFO DRT-0267] cpu time = 00:46:52, elapsed time = 00:12:02, memory = 5039.28 (MB), peak = 5072.26 (MB)
Total wire length = 3276316 um.
Total wire length on LAYER metal1 = 0 um.
Total wire length on LAYER metal2 = 963579 um.
Total wire length on LAYER metal3 = 1279659 um.
Total wire length on LAYER metal4 = 568374 um.
Total wire length on LAYER metal5 = 341330 um.
Total wire length on LAYER metal6 = 108322 um.
Total wire length on LAYER metal7 = 11795 um.
Total wire length on LAYER metal8 = 1204 um.
Total wire length on LAYER metal9 = 2050 um.
Total wire length on LAYER metal10 = 0 um.
Total number of vias = 952819.
Up-via summary (total 952819):

-----------------
 active         0
 metal1    456844
 metal2    449227
 metal3     33060
 metal4     11587
 metal5      1853
 metal6       197
 metal7        29
 metal8        22
 metal9         0
-----------------
       952819


[INFO DRT-0195] Start 2nd optimization iteration.
    Completing 10% with 8568 violations.
    elapsed time = 00:00:45, memory = 4982.83 (MB).
    Completing 20% with 8568 violations.
    elapsed time = 00:02:03, memory = 4982.83 (MB).
    Completing 30% with 7953 violations.
    elapsed time = 00:02:31, memory = 4982.83 (MB).
    Completing 40% with 7953 violations.
    elapsed time = 00:03:48, memory = 4982.83 (MB).
    Completing 50% with 7953 violations.
    elapsed time = 00:04:49, memory = 4982.83 (MB).
    Completing 60% with 7466 violations.
    elapsed time = 00:05:36, memory = 4982.83 (MB).
    Completing 70% with 7466 violations.
    elapsed time = 00:06:59, memory = 4982.83 (MB).
    Completing 80% with 7012 violations.
    elapsed time = 00:07:35, memory = 4982.83 (MB).
    Completing 90% with 7012 violations.
    elapsed time = 00:08:52, memory = 4982.83 (MB).
    Completing 100% with 6435 violations.
    elapsed time = 00:09:56, memory = 4982.83 (MB).
[INFO DRT-0199]   Number of violations = 6435.
Viol/Layer        via1 metal2   via2 metal3 metal4   via4 metal5
Cut Spacing         11      0     17      0      0      1      0
Metal Spacing        0   1199      0     47      1      0      1
Recheck              0      2      0      1      0      0      0
Short                0   4742      0    408      3      0      2
[INFO DRT-0267] cpu time = 00:38:56, elapsed time = 00:10:01, memory = 4884.25 (MB), peak = 5072.26 (MB)
Total wire length = 3273309 um.
Total wire length on LAYER metal1 = 0 um.
Total wire length on LAYER metal2 = 961634 um.
Total wire length on LAYER metal3 = 1278686 um.
Total wire length on LAYER metal4 = 568436 um.
Total wire length on LAYER metal5 = 341166 um.
Total wire length on LAYER metal6 = 108362 um.
Total wire length on LAYER metal7 = 11771 um.
Total wire length on LAYER metal8 = 1204 um.
Total wire length on LAYER metal9 = 2048 um.
Total wire length on LAYER metal10 = 0 um.
Total number of vias = 950434.
Up-via summary (total 950434):

-----------------
 active         0
 metal1    456800
 metal2    446950
 metal3     33078
 metal4     11504
 metal5      1855
 metal6       196
 metal7        29
 metal8        22
 metal9         0
-----------------
       950434


[INFO DRT-0195] Start 3rd optimization iteration.
    Completing 10% with 6435 violations.
    elapsed time = 00:00:22, memory = 4884.25 (MB).
    Completing 20% with 6435 violations.
    elapsed time = 00:01:02, memory = 4884.25 (MB).
    Completing 30% with 4917 violations.
    elapsed time = 00:01:17, memory = 4884.25 (MB).
    Completing 40% with 4917 violations.
    elapsed time = 00:01:54, memory = 4884.25 (MB).
    Completing 50% with 4917 violations.
    elapsed time = 00:02:21, memory = 4884.25 (MB).
    Completing 60% with 3366 violations.
    elapsed time = 00:02:44, memory = 4884.25 (MB).
    Completing 70% with 3366 violations.
    elapsed time = 00:03:26, memory = 4884.25 (MB).
    Completing 80% with 1685 violations.
    elapsed time = 00:03:43, memory = 4884.25 (MB).
    Completing 90% with 1685 violations.
    elapsed time = 00:04:18, memory = 4884.25 (MB).
    Completing 100% with 128 violations.
    elapsed time = 00:04:43, memory = 4884.25 (MB).
[INFO DRT-0199]   Number of violations = 131.
Viol/Layer        via1 metal2   via2 metal3   via4
Cut Spacing          1      0      5      0      1
Metal Spacing        0     30      0      6      0
Recheck              0      0      0      3      0
Short                0     76      1      8      0
[INFO DRT-0267] cpu time = 00:18:24, elapsed time = 00:04:44, memory = 4884.25 (MB), peak = 5072.26 (MB)
Total wire length = 3273527 um.
Total wire length on LAYER metal1 = 0 um.
Total wire length on LAYER metal2 = 951008 um.
Total wire length on LAYER metal3 = 1280458 um.
Total wire length on LAYER metal4 = 577555 um.
Total wire length on LAYER metal5 = 341131 um.
Total wire length on LAYER metal6 = 108351 um.
Total wire length on LAYER metal7 = 11771 um.
Total wire length on LAYER metal8 = 1204 um.
Total wire length on LAYER metal9 = 2048 um.
Total wire length on LAYER metal10 = 0 um.
Total number of vias = 958358.
Up-via summary (total 958358):

-----------------
 active         0
 metal1    456808
 metal2    451785
 metal3     36129
 metal4     11532
 metal5      1857
 metal6       196
 metal7        29
 metal8        22
 metal9         0
-----------------
       958358


[INFO DRT-0195] Start 4th optimization iteration.
    Completing 10% with 131 violations.
    elapsed time = 00:00:01, memory = 4884.25 (MB).
    Completing 20% with 131 violations.
    elapsed time = 00:00:03, memory = 4884.25 (MB).
    Completing 30% with 75 violations.
    elapsed time = 00:00:03, memory = 4884.25 (MB).
    Completing 40% with 75 violations.
    elapsed time = 00:00:04, memory = 4884.25 (MB).
    Completing 50% with 75 violations.
    elapsed time = 00:00:05, memory = 4884.25 (MB).
    Completing 60% with 52 violations.
    elapsed time = 00:00:05, memory = 4884.25 (MB).
    Completing 70% with 52 violations.
    elapsed time = 00:00:07, memory = 4884.25 (MB).
    Completing 80% with 16 violations.
    elapsed time = 00:00:08, memory = 4884.25 (MB).
    Completing 90% with 16 violations.
    elapsed time = 00:00:08, memory = 4884.25 (MB).
    Completing 100% with 0 violations.
    elapsed time = 00:00:09, memory = 4884.25 (MB).
[INFO DRT-0199]   Number of violations = 0.
[INFO DRT-0267] cpu time = 00:00:35, elapsed time = 00:00:10, memory = 4884.25 (MB), peak = 5072.26 (MB)
Total wire length = 3273509 um.
Total wire length on LAYER metal1 = 0 um.
Total wire length on LAYER metal2 = 950777 um.
Total wire length on LAYER metal3 = 1280489 um.
Total wire length on LAYER metal4 = 577744 um.
Total wire length on LAYER metal5 = 341123 um.
Total wire length on LAYER metal6 = 108351 um.
Total wire length on LAYER metal7 = 11771 um.
Total wire length on LAYER metal8 = 1204 um.
Total wire length on LAYER metal9 = 2048 um.
Total wire length on LAYER metal10 = 0 um.
Total number of vias = 958420.
Up-via summary (total 958420):

-----------------
 active         0
 metal1    456807
 metal2    451841
 metal3     36144
 metal4     11524
 metal5      1857
 metal6       196
 metal7        29
 metal8        22
 metal9         0
-----------------
       958420


[INFO DRT-0198] Complete detail routing.
Total wire length = 3273509 um.
Total wire length on LAYER metal1 = 0 um.
Total wire length on LAYER metal2 = 950777 um.
Total wire length on LAYER metal3 = 1280489 um.
Total wire length on LAYER metal4 = 577744 um.
Total wire length on LAYER metal5 = 341123 um.
Total wire length on LAYER metal6 = 108351 um.
Total wire length on LAYER metal7 = 11771 um.
Total wire length on LAYER metal8 = 1204 um.
Total wire length on LAYER metal9 = 2048 um.
Total wire length on LAYER metal10 = 0 um.
Total number of vias = 958420.
Up-via summary (total 958420):

-----------------
 active         0
 metal1    456807
 metal2    451841
 metal3     36144
 metal4     11524
 metal5      1857
 metal6       196
 metal7        29
 metal8        22
 metal9         0
-----------------
       958420


[INFO DRT-0267] cpu time = 02:35:24, elapsed time = 00:39:56, memory = 4884.38 (MB), peak = 5072.26 (MB)

[INFO DRT-0180] Post processing.
[INFO DRT-0501] Runtime: 2663.21s
Took 2663 seconds: detailed_route -output_drc ./reports/nangate45/x2_y4_kimi/base/5_route_drc.rpt -output_maze ./results/nangate45/x2_y4_kimi/base/maze.log -droute_end_iter 64 -verbose 1 -drc_report_iter_step 5
[WARNING GRT-0246] No diode with LEF class CORE ANTENNACELL found.
[INFO ANT-0002] Found 0 net violations.
[INFO ANT-0001] Found 0 pin violations.
[INFO ANT-0002] Found 0 net violations.
[INFO ANT-0001] Found 0 pin violations.
Design area 170601 um^2 20% utilization.
write_db ./results/nangate45/x2_y4_kimi/base/5_2_route.odb
Elapsed time: 45:55.23[h:]min:sec. CPU time: user 10661.76 sys 8.34 (387%). Peak memory: 5193996KB.
Log                       Ext     Elapsed/s Peak Memory/MB sha1sum result [0:20)
5_2_route                 .odb         2755           5072 be18610094d6b3a50797
/OpenROAD-flow-scripts/flow/scripts/flow.sh 5_3_fillcell fillcell
Running fillcell.tcl, stage 5_3_fillcell
read_liberty /OpenROAD-flow-scripts/flow/platforms/nangate45/lib/NangateOpenCellLibrary_typical.lib
read_db ./results/nangate45/x2_y4_kimi/base/5_2_route.odb
read_sdc ./results/nangate45/x2_y4_kimi/base/5_1_grt.sdc
source /OpenROAD-flow-scripts/flow/platforms/nangate45/setRC.tcl
filler_placement "FILLCELL_X1 FILLCELL_X2 FILLCELL_X4 FILLCELL_X8 FILLCELL_X16 FILLCELL_X32"
[INFO DPL-0001] Placed 241385 filler instances.
Design area 170601 um^2 20% utilization.
write_db ./results/nangate45/x2_y4_kimi/base/5_3_fillcell.odb
Elapsed time: 0:06.18[h:]min:sec. CPU time: user 5.61 sys 0.57 (99%). Peak memory: 820220KB.
Log                       Ext     Elapsed/s Peak Memory/MB sha1sum result [0:20)
5_3_fillcell              .odb            6            800 e37e20fd603c7ba58fd1
cp ./results/nangate45/x2_y4_kimi/base/5_3_fillcell.odb ./results/nangate45/x2_y4_kimi/base/5_route.odb
cp ./results/nangate45/x2_y4_kimi/base/5_1_grt.sdc ./results/nangate45/x2_y4_kimi/base/5_route.sdc
/OpenROAD-flow-scripts/flow/scripts/flow.sh 6_1_fill density_fill
Running density_fill.tcl, stage 6_1_fill
read_liberty /OpenROAD-flow-scripts/flow/platforms/nangate45/lib/NangateOpenCellLibrary_typical.lib
read_db ./results/nangate45/x2_y4_kimi/base/5_route.odb
read_sdc ./results/nangate45/x2_y4_kimi/base/5_route.sdc
source /OpenROAD-flow-scripts/flow/platforms/nangate45/setRC.tcl
exec cp ./results/nangate45/x2_y4_kimi/base/5_route.odb ./results/nangate45/x2_y4_kimi/base/6_1_fill.odb
Elapsed time: 0:02.24[h:]min:sec. CPU time: user 1.76 sys 0.47 (99%). Peak memory: 499416KB.
Log                       Ext     Elapsed/s Peak Memory/MB sha1sum result [0:20)
6_1_fill                  .odb            2            487 e37e20fd603c7ba58fd1
cp ./results/nangate45/x2_y4_kimi/base/5_route.sdc ./results/nangate45/x2_y4_kimi/base/6_1_fill.sdc
/OpenROAD-flow-scripts/flow/scripts/flow.sh 6_report final_report
Running final_report.tcl, stage 6_report
read_liberty /OpenROAD-flow-scripts/flow/platforms/nangate45/lib/NangateOpenCellLibrary_typical.lib
read_db ./results/nangate45/x2_y4_kimi/base/6_1_fill.odb
read_sdc ./results/nangate45/x2_y4_kimi/base/6_1_fill.sdc
source /OpenROAD-flow-scripts/flow/platforms/nangate45/setRC.tcl
write_db ./results/nangate45/x2_y4_kimi/base/6_final.odb
write_sdc -no_timestamp ./results/nangate45/x2_y4_kimi/base/6_final.sdc
Deleted 0 routing obstructions
[INFO RCX-0431] Defined process_corner X with ext_model_index 0
[INFO RCX-0029] Defined extraction corner X
[WARNING RCX-0514] The ext_model_file option is deprecated. Use set_extraction_rules_file command instead.
[INFO RCX-0435] Reading extraction model file /OpenROAD-flow-scripts/flow/platforms/nangate45/rcx_patterns.rules ...
[INFO RCX-0436] RC segment generation x2_y4_kimi (max_merge_res 50.0) ...
[INFO RCX-0040] Final 619001 rc segments
[INFO RCX-0439] Coupling Cap extraction x2_y4_kimi ...
[INFO RCX-0440] Coupling threshhold is 0.1000 fF, coupling capacitance less than 0.1000 fF will be grounded.
[INFO RCX-0442] 11% of 947051 wires extracted
[INFO RCX-0442] 20% of 947051 wires extracted
[INFO RCX-0442] 29% of 947051 wires extracted
[INFO RCX-0442] 38% of 947051 wires extracted
[INFO RCX-0442] 47% of 947051 wires extracted
[INFO RCX-0442] 60% of 947051 wires extracted
[INFO RCX-0442] 70% of 947051 wires extracted
[INFO RCX-0442] 80% of 947051 wires extracted
[INFO RCX-0442] 91% of 947051 wires extracted
[INFO RCX-0442] 100% of 947051 wires extracted
[INFO RCX-0045] Extract 137137 nets, 749937 rsegs, 749937 caps, 1539318 ccs
[INFO RCX-0042] 100000 nets finished
[INFO RCX-0443] 137137 nets finished
[INFO PSM-0040] All shapes on net VDD are connected.
########## IR report #################
Net              : VDD
Corner           : default
Total power      : 2.26e-01 W
Supply voltage   : 1.10e+00 V
Worstcase voltage: 1.09e+00 V
Average voltage  : 1.10e+00 V
Average IR drop  : 1.75e-03 V
Worstcase IR drop: 5.14e-03 V
Percentage drop  : 0.47 %
######################################
[INFO PSM-0040] All shapes on net VSS are connected.
########## IR report #################
Net              : VSS
Corner           : default
Total power      : 2.26e-01 W
Supply voltage   : 0.00e+00 V
Worstcase voltage: 3.76e-03 V
Average voltage  : 1.72e-03 V
Average IR drop  : 1.72e-03 V
Worstcase IR drop: 3.76e-03 V
Percentage drop  : 0.34 %
######################################
Cell type report:                       Count       Area
  Fill cell                            241385  676120.40
  Tap cell                               3620     962.92
  Clock buffer                           2004    2394.27
  Timing Repair Buffer                   8266    9570.15
  Inverter                               6438    3477.42
  Clock inverter                          610     423.21
  Sequential cell                        6225   28214.09
  Multi-Input combinational cell       108375  125559.45
  Total                                376923  846721.89
Report metrics stage 6, finish...

==========================================================================
finish report_design_area
--------------------------------------------------------------------------
Design area 170601 um^2 20% utilization.
[WARNING GUI-0076] QStandardPaths: XDG_RUNTIME_DIR not set, defaulting to '/tmp/runtime-root'
Elapsed time: 4:26.19[h:]min:sec. CPU time: user 302.60 sys 8.52 (116%). Peak memory: 2917828KB.
Log                       Ext     Elapsed/s Peak Memory/MB sha1sum result [0:20)
6_report                                266           2849                  N/A
cp /OpenROAD-flow-scripts/flow/platforms/nangate45/lef/NangateOpenCellLibrary.tech.lef ./objects/nangate45/x2_y4_kimi/base/klayout_tech.lef
/usr/bin/python3 /OpenROAD-flow-scripts/flow/util/generate_klayout_tech.py \
	--template /OpenROAD-flow-scripts/flow/platforms/nangate45/FreePDK45.lyt \
	--output ./objects/nangate45/x2_y4_kimi/base/klayout.lyt \
	--lef-files ./objects/nangate45/x2_y4_kimi/base/klayout_tech.lef /OpenROAD-flow-scripts/flow/platforms/nangate45/lef/NangateOpenCellLibrary.macro.mod.lef   \
	--map-files 
/usr/bin/python3 /OpenROAD-flow-scripts/flow/scripts/run_command.py --log /OpenROAD-flow-scripts/flow/logs/nangate45/x2_y4_kimi/base/6_1_merge.log --tee -- \
        /OpenROAD-flow-scripts/flow/scripts/klayout.sh -zz -rd design_name=x2_y4_kimi \
        -rd in_def=./results/nangate45/x2_y4_kimi/base/6_final.def \
        -rd in_files="/OpenROAD-flow-scripts/flow/platforms/nangate45/gds/NangateOpenCellLibrary.gds  " \
        -rd seal_file="" \
        -rd out_file=./results/nangate45/x2_y4_kimi/base/6_1_merged.gds \
        -rd tech_file=./objects/nangate45/x2_y4_kimi/base/klayout.lyt \
        -rd layer_map= \
        -r /OpenROAD-flow-scripts/flow/util/def2stream.py
KLayout 0.30.7
Warning: DEF UNITS does not match reader DBU (DEF UNITS is 2000 and corresponds to a DBU of 0.0005, but reader DBU is set to 0.0001) (line=5, cell=, file=6_final.def)
[INFO] Reporting cells prior to loading DEF ...
	/OpenROAD-flow-scripts/flow/platforms/nangate45/gds/NangateOpenCellLibrary.gds
[INFO] GDS_ALLOW_EMPTY=fakeram.*
[INFO] All LEF cells have matching GDS/OAS cells
[INFO] No orphan cells in the final layout
Elapsed time: 0:12.43[h:]min:sec. CPU time: user 11.68 sys 0.74 (99%). Peak memory: 1059832KB.
cp results/nangate45/x2_y4_kimi/base/6_1_merged.gds results/nangate45/x2_y4_kimi/base/6_final.gds
./logs/nangate45/x2_y4_kimi/base
Log                       Ext     Elapsed/s Peak Memory/MB sha1sum result [0:20)
1_1_yosys_canonicalize    .rtlil          0             55 8a95d7e1b443049f4c59
1_2_yosys                 .v            347            707 104dbe216d5715b0bacb
1_2_yosys                 .sdc                             c172116d3a978b0c5c8b
1_synth                   .odb            4            408 9b2ca96475b63399cd92
1_synth                   .sdc                             d16527573aab05647140
2_1_floorplan             .odb           55            606 4a14174f8214884913dd
2_1_floorplan             .sdc                             d16527573aab05647140
2_2_floorplan_macro       .odb            1            313 4a14174f8214884913dd
2_3_floorplan_tapcell     .odb            1            238 80c22f539a0f331a8863
2_4_floorplan_pdn         .odb            2            324 3f2efd91cc1a16cbfa00
3_1_place_gp_skip_io      .odb           48            615 cd81207918b8ec54799e
3_2_place_iop             .odb            1            321 1d99f4f8fccc12d69401
3_3_place_gp              .odb          360           1637 9fefcbf5550fcfe9096a
3_4_place_resized         .odb          113            865 07543098936be764c444
3_5_place_dp              .odb          157           1109 b337aaa74577ccad5502
4_1_cts                   .odb          139           1148 1a8bc703e07233e55b8c
5_1_grt                   .odb          541           2428 4c722f778f95a16f9d2f
5_1_grt                   .sdc                             c39a6449457faa2b7f03
5_2_route                 .odb         2755           5072 be18610094d6b3a50797
5_3_fillcell              .odb            6            800 e37e20fd603c7ba58fd1
6_1_fill                  .odb            2            487 e37e20fd603c7ba58fd1
6_1_fill                  .sdc                             c39a6449457faa2b7f03
6_1_merge                                12           1034                  N/A
6_report                                266           2849                  N/A
Total                                  4810           5072                     
make: Leaving directory '/OpenROAD-flow-scripts/flow'
