15eff00cf111fe00
f4fd141809e9f1fc
f10602effbf5f7ee
13e9efec170f0a13
0602ed130c0110f3
11e8080217f7f5ed
0e16fb0c110d100c
f9181315e915e916
e910ee0ef9120300
15010ceaea0814fd
eb0ef3f004eb0406
14ff1215fbec0e01
0a010cf208050104
0d170b1801f3eaee
06e9ea1704f30cec
16ee10040512fcfa
1318ee0ceb0108f8
f113f2180eebfb00
16fee8ff06f9fc03
f0080d12f8f7fefd
0516f1f70dfaf3ec
0efaeaff1112f8f7
fde8f9180b0705f6
120df805000eeeed
07030c13ef10f60b
03f2f5fa0118f011
f0eff2eae80d1804
0a02ec11f7faeffb
f5eae90117111709
feea0b17f308fe10
ea1311f4faef16f9
fceb07130af60205
100dfded09f8ecfb
040df701f6ebff0d
e910101209ff0af9
f909f60e0403110a
f71603fa0bf1f2f3
ecf1e9ff06eef706
03eff7f51718f80b
060714fa0b0914e8
050beeed0eeceb04
fa0618e9f7e9fbf9
ef0d0cf91203f8fd
09070709edf8eb00
e811fef8ff130ff5
18130cf606ff14ec
f6fe02f2f40913f1
0a16f5110afb0bf1
eceffb0106fa08f5
f8f108f506f2120d
06ec06080efafaf6
f6f015f916040803
fbe9eaec05f10808
ebf1fd030cf60304
ea03f6120b090f06
ec1216f8fef3fb09
170d0e18111704ed
07ed030bf8140eea
f9f6f212f5edefea
eff4f4f3fee80df2
090c08ebeefb14f1
08ef0aec0b04ec03
ec1018faeae80808
0e0ef3fa09f1f509
0e0c0e03eb0713fc
12f717fff30efa18
041318eefd07ec0b
ee10ff04f507ea13
ef120b06fd05eff6
f80cea1813fa16ee
f4eefc110f0cff10
12ec08ed0b14faea
ec1104fc130bfa0e
fcea0cebff0002e9
fc14eaf114ed0c12
eb08f106ec18e8f8
fef717e90cfc17f6
08100410f2080406
f5ec10ecf5ee1217
0ee80213f215f20a
eafcf602f5070216
fd06fa10f21101e8
07e90e0ae8f8ebf6
ede9fc0e13070904
ea1507fb15fdea15
08f80df600ee0213
14f7ef1410f4f2f8
11f81103170ff70a
fde8ff070af4130a
f411ec0e03fa00fa
16f604ed16f30011
0b0e0a060cec1615
e903ff0cf713ecea
fb08faf7fbfb0916
0c0ce9ee1806f804
08050d0a0e1814fb
0115ee0417110418
f9f2eef61203eff0
fd0107f21212f20e
170c1201f7101112
0bfa180aefe9e9f3
0af806ec08e9f710
ef18f4fd0112fc0a
ff000d10f00901ff
f20410f8faf302ec
ef0b0110fe05f110
11030b00ebefec13
0ae9f812f00a16fe
0f0803ffeff60813
12160614f40dfb18
0a0711f3f4f81811
f20ff3f902fcfcfb
1802efeef6110906
05fceeffe8e90cfa
ef0808ea16edfbfd
0b0a13110b0ff20b
fc080303e803fd01
06faf606ef060be9
04f5edfbe8f7f902
f0f11214f0ec0a0d
fdeef9f5f9170006
f2f90d0aedeaee16
f10afe090cfa160c
01f7100f130706fd
f9fde8071208f716
000be9ec13080213
ed05fff508eb13ef
15edeb0fe9f1e90a
0001021312ef0b13
06ed01e9f813f00e
18ef040be9fa0aff
fcea01fbf5f506f8
05fa0ced0be905f5
08f60c02fbf8ef08
13041416f9f9faf7
07f4eeed1602ef17
0113fbfb09f002f0
16f4f9f301faf501
14f7fdfbf812e8e8
0e0bf813f5f20d16
fefc121703120512
fa060bec0813fff6
1316f6f60d0102f7
1514f1fa0ee9f4fe
10f3eef105f20e04
ebf90f18ecfa10f0
faf30303fbed0a0c
0af4f1fe0c0c05f8
f8eaf8e9ef0c07ff
fbfb04eb0003ea04
01000606080816ef
ed100516e9fd16ff
02f804fffe0d0c01
f3edf50c10fb16f6
0e000b070e0100f8
f20917ee17ec1809
e912eeeaefff0df4
fffbf9feec13170b
edfe061801f713ee
02090df8f008120f
e800fa0fff011618
f6eef3fd0c0efb12
f5f8f5ff141610f0
0cf70402120c05eb
ed0a0c14ff0617e9
110cebfc1003f701
e8eb0f0e110b1115
f3f0f506070c0dea
0f01fcf2fd0614f4
18ea01eef8ea0d13
0318fa1009e8eaed
f1ef0d0ceb13ffeb
1115f0181009fd15
0518f01600f2f4fc
ed031403ff0a08f4
17f50df9fef101fb
fc01180309041804
f0eeeb1317f415fb
0befec090af50916
0f0de80d18f3ec0c
fdf20a090ff0e9f8
f9f90700f8130a0f
f1050f00131110fb
fa07021200f8ed00
f818e8ec12f3f702
0ded09f3fa03ecf7
f9eee9f6f1f11309
f9e8ec0418f30dff
fafa12f7eb10f303
f614e9fd10011818
0a18e80fe90de8ee
0afff1ff0ff3ebfa
0413fbf0ea05f0f5
e909f50901f913ff
1202f20b0a05fc18
0dee080c09f5f9eb
01150017fe1609f4
ee07faf0f7f8e80e
ea05f7fe1709f1f9
ecf509060a070b08
10eb0416f9eaf4e8
0a01f1faf9031500
f2fe07e8edfbf2ef
080406fff70ce8ec
121411faecf2050e
0b0614e9100ce902
11f6010616110eef
fcf505f41218f3ef
03eb0305eff5ff14
ebef0df8f71208ee
f9f70601eff2fa04
f914f9f1e9f50b13
ef0eec07f80f0e07
f6e914fe08f7ea09
fcedf9f00e03fdef
050e0c0ff5f2110b
f80aeb12f715eafa
f0f3f313eaf4f4fd
0f14f405f6f10117
06fa05f300180e03
f317fae8eee90008
f801f2f8ebeb0dee
f9e9180315ede910
1111051406f7f6f6
050416ee17081715
f8f003ebedfa0bfb
15f5ff18f5fe0d10
17ff010d090705fd
fe1803fcfcfbf20f
11020b02f4f5feee
1804160ff0f6fcec
eaea1300ec0af511
07f5f5f3fef4eb12
0a04f40df8e9f6ed
fafe030402091003
eae909e8f712fe12
07f8130ffdfee816
08fef7ff04fafefe
08faf6fe08ebf701
13fd10ff02ffe8fa
f0f1ff0ffdedf1fd
140d0801f1e818f2
e8eff0130009fe07
f0f41304eaf2090d
02030b090f0d0515
08f2edfc1612faf0
eaee1614f6eff9f6
0105f2fcfe000d04
1013f9f911f206f6
f5eaf7081118feeb
f600f1faedf8edf1
f1f40afd08fffaf9
fcf8fbec0cea0005
ff0d0cec0ded090b
eaf1faf50cfb0ff1
16e9e914100c0dfc
0cf9e81611f3ed12
eb14ed0f09f311eb
f7faec10f1120bfc
0a0816f7f7fcf212
0eff16edec17f018
06eef2ecfbf718e9
f312ee17fef000f0
f6fc03f2f001fd16
0decf610eeec05e9
11e8050403170101
fde80f0ef2ed0518
090903f512ee0cf1
16edebffeb030000
17fef00110050413
0d18110dfc0cfcf8
050e08030bf8ec10
18f7f71015f115f4
0e04160d0205fdfd
0f0d0ff5fbfe170b
03f902020603ff09
00fb0216140b0efd
f9f1f3eef202e8fc
f7f7fdfb0b10feeb
10eb09ef17fff3f8
fff5f7f60c05f808
050dea0712f5e9f2
011703ec04fdf7f1
0af80e110a0be8ed
fc161605fd11f10f
fcf60407f60fe812
fc06ed04fb150714
f0f61408ff0b0bf7
15fa09fb120efdf6
08edf41413140efa
1315fe01f403fd17
f4fb1807f00aef07
f615f4e90d120cf1
05021209ec0e0615
011212faf618f4f5
ebed05f7f6ea1102
eb1702ef0915f714
10100b16f20bf7ee
140ee80d03fc1610
050ff001ea07020f
0f0e00fdebea11ed
14f7f9ff0102ebf2
e810fa03fce8f411
0a15f402fafd0813
11fbe9e9f8eafb17
fe08edf109fdf600
f516f5f3000a1103
06fbeb04ebfcef0c
e8fef9f7e9180905
f40d0212f3080b0c
0315f5ebe9f411f9
03ea10fe0de806f1
13f109fee91007f7
fafb160eeaf7fdf7
f7fd10030c09170c
15f216f4ebfb0101
e8f1f4f60a09f00d
0f06faedfdf0f0e9
10eb0815fee9fd0a
14061512fffc140b
00fafcfbe901120b
0f101407030a13f4
fe05ebf403f211fb
0e0814f410fc0b04
ea05f90c070de8ee
fcf3010bf10516fe
f00bf30304140ff6
eef30ff6f80804f8
0bfbfdfc14f7eef3
fb03f5f510f5f601
0902eb0802000008
f6ec1318041211ef
f7f50bfb02e9feee
fc15080dfa04fdf2
fcedfffcea1814fb
00fe08f11404ebf1
f2071803edfdfefb
ff03e9ffecefeaf4
080bf6100100eb13
0716eff015fb1406
ecfc0b020dee0f15
1009f9fc0e0c1507
0aeb04ea121618e8
12ff00f5edf7e8ee
04fc12fc0c11f1f0
eafb0a0b0312f80f
e902f5f4e9e818ff
100ce8e8e805070a
06f407e9f9fa17ef
eaef01eeeaf004e9
0210efe902e910f8
fbfa0f02fd1511f7
0b1712f1ebe80bef
03180a0f1810ef0d
f5fef4f1edf1eb03
07fa0e0e0ffd06f6
fbf114f4f60504e9
e90aea0605ef07ee
e8f3ff020518fb06
131404f4f3eaeeef
eff6fe14eb0507e8
ef140e13050bf613
f2fff90bfbf9fae9
eafbf7f00311180d
fa0209f7e8f101ff
ea0106ef02e90a13
fbf616020efce804
f91117f2eef4f5fc
f812f1ef15e9170f
0011f9f114fff9ff
0c1701fbfc180e15
ea15e8f9ef02f414
f60012110702ee0e
fa13f7f209fcfbf2
01fcfd0ffdff12ee
0c10f40df5170d17
f2eef917e8edec0b
fa1708eae9f8f902
f81102fcec07160b
02ee040e0314f308
fdfef708f81515ee
130af608f7fefbf4
071104f3f8141806
0e130713f90cf9eb
12ebec0902ea03ee
050d18eff608eb0d
f0f1f506fc14faec
f9f0fe1308e9eeef
fff516010afff0f1
050feb0118f6f1ee
150a14ec16e9fc17
ee0118ebedeafbfa
e8fffeec15181508
ee080b15041011f7
05fc1818ec1701f4
120b03f90718f017
f3060a0c14f804ee
02fef803eff914fa
150f1708ecfa0e0e
effdf3f5eefd0613
e90f0510fb030806
0307e9fc08fe0aef
f7f4ef181306fe13
06faeffd09f6faff
11f5f5e81404e8f7
18170be8eb12eff5
0406f216f4fcecf4
0be8f6f9ed140b01
01061818fef011f1
e8edfdea0bf51204
fa0911efff14f10b
1714f10a170000ee
01e816ea0207f10d
ecfa11fd0f0cebf9
f306f904051105f9
13060cebfd12f809
f4f7011605f1eb00
f2f9f2fb0eecf5fc
f4f7feeef708ee03
fb160bfd080cf116
0c14f10d05fef206
ee07ef16ffed18fc
0bf2f8fd141012fd
0beb05120af3f709
0d16f00817f3ebf2
f2180d17feeef9f0
02f80213040e0a03
08f507ff06050706
1806030905ebf9ed
e8fa160700f3ee03
e9ee180e0f0af70e
f1f3fcf10afd0dfc
eb11e8f407e90b05
eded09f50ae9f2f6
17edf61214ff0d00
14eaecfd09f7140c
070efb170d1813fe
efeff2f91714f407
f500ea0404020217
f608070011fc0a18
ec08f900ff08f202
f80ff111f110effa
090810f212eeeefb
07f113170413fc03
0c11f4f1f902fcfc
ee05f80cfbf4f914
170715f610e811fe
10f808150bf407f1
fa05fdeee8171303
1500fbeee9f7170d
fff3ecfd0504ec18
01eb02fe11f513f9
181713e8f21800f0
f20f03ffff04f210
ef130a09000016ec
ecfc1605f9ed030a
15170f17090de90f
fffbeaf2060bef04
13f2f1edef080bf1
14041005fefeeffb
ecf803f30508ff08
150ef9000afdf7f7
f80006f211ec1807
060ee9f0e911fa14
0c13020bf80bf1f5
edfa0013f9fae9ea
16eaf0fdf4fff411
01fcf4f0f1f7ec01
edf405f60d18ebea
0e0109f4e81801f4
1514f20ff1fbf7f4
fbf20b03edfaf1f4
fb14faf5ebf6040f
f2fb02f50f10ef02
13eaeb13f6f7ebef
f80f0a0ee8f716fc
11f2fd0af508fcf6
0d040a0502ee0afd
e918fdf7ebf0f1f4
07fbeff9f0fe0af7
03fb0eed1704eff8
ed030cf80906fa0e
ec10f8feeefd0111
e90b13f4ebeaf6e8
18ed0710f6170200
1001fd04f6ee0205
f2f8fae81102ec0b
eb0813f6fd0bf105
0603110ffbf6f8ef
fff8ec0b13ea0f05
ff0b0908fb0c0d08
fb16effa0111fb04
e90411f7fafb0101
15fdf60ffd0415ea
0df90bfff2e90ef1
ede9ecf51711e9ef
ee160bfa0b11fe0c
fbf61815f1f003f0
0c11eff10ceaf5f8
1815feededf41213
f5eaf3fd0df20ef0
f70801ee0cef180c
fd1017ee11101618
f4ee1501f8051611
e90bf5f9f4ebe903
0511f1f5f1f806fa
ed091718faef0917
fe07140c00f8eaeb
04f40f04edefeff0
150c13eceb010c01
fef1fef4ef04100a
faf6ef0d11ebfe0b
ff08f40ae90907e9
eb0d0af317f6ec11
08ee03ff120cf517
13eefaf707e9eaef
fcea13fa080fef12
f60cfe0dfbfcf2e9
10f107030812ef15
ef150a09e8fef804
0bf2fce81214f90c
16f9f201f3f8e916
0f0ef1080fe90010
0716e901e805f0ea
0f05eaeefef20703
06171302fd03060c
f400f20e13f3ede8
1514f4f6f5171702
fbfb0208f303fd0e
f90b0e001704f5fb
13fb02f2ea0c0d0f
0ae9ebf503e80e0e
13f9f8f50301eef2
f508eaf1e8f40deb
f405fcf214e9e8f0
0cf2f60a0aebf5e9
18fb06ebff16eafb
16fffef0f6180ffa
1503fceb06ec0515
06eef0faf40918e9
000115150c001404
010bf104edf0f807
f30fec1102f8eb01
f0eef9fffc17f0f3
fbef0d09fa061807
ecfe0de9f3f910ef
131701f7ed0c13e8
15030bf80410f30f
15ebeb140614f7fa
16fe1117f1f40708
08f2f60a12f4e8ee
fefdfbfa170f01f5
ebf40c12f5170bef
07041517ec0c10f7
0f0e080c11010110
0bea05f70d0aecf2
fe140314f6f6f3f0
18ec0feaef08ee0f
fff2f5fcebffed16
12f30205ec07f2f9
0f100ffef910ff0c
f2fc01f5fc12ffeb
f209fd0a15f8eaea
ecf2f4f5fb090c12
fef9eb041217f50a
17f70814f0f9f0f5
02f60cffea11fa02
15f50f03f8f7f006
f60fff14f1f7f606
08fc0003f2f1fbea
fc15fdf2fc00fa15
fe12fbeff8f1ed10
e8eb1705ece8fcfd
0af90f16eb0cf303
f201120008111003
0d10e9ec18f4f311
f3ebf9f3f1160c15
0bfe0c11ff05fb00
08f505f2fffa12eb
10fcfc04f6f915fd
f2f2130901f114f1
edf4f504f704030d
eef103fbff0e1703
05fdf6e9eb1200f2
f80815fdedf8f3fe
05e8fdf8f6fe0de8
f110120c06edfb12
eeeff4f31501f2fa
0402e8f302fbf906
0f03171614f518ea
040bf80e03fe0e08
1612f61106f6e914
e80bf612fb18f808
ff0d090ceefc1802
141115f5f7000cff
01e9f9fe07fa0f01
130a1805eb1605f5
f8f9f3f511e8f104
eafc0ff20beb10f9
0f03f90910f3ef03
ef17eefbfffa02fb
06fc18f1f713f60d
f70e05050dfaec08
03fd140715110aec
f7f5f0f4fc10130d
faeb100214eb0614
fb04feeb17f6fff2
0f0f08f2e9fb08ed
18f50beb05fa0efe
efed0d00fce90412
13fd12eee8f2fc00
f4eb09f4140b03fc
170e0bf3f4ec0311
00090f18e9f51211
eeff02f3f6edf614
180b0d0503fd0312
0b06f0fb1110f2f8
fb09f7130bfbea01
09fd180ff40ff2ed
fff1fd16eb1705fe
0efcfc06f70713e9
17ed130d0bfdf304
ee0211eef0f60de8
ece905fd090e13f1
fd0cf4050a18fd0b
0dfce8f7fdebede8
ed0804ec0d14f20b
0418fd03f3f2ed14
06e813fafa150708
f80e01ed0df2fe0f
06fbf7fdedefe811
09fbee0b0beef5fb
f70b161414061611
150e1100ee0f0d16
0c1416ef050b06ef
0716f6edeaee0409
0409010c0508fcef
f003f2171412ef17
17ef10edf410e914
f0fe07fcf5f2ecf9
0705140707eeeaf5
ff12fe0c15fe08e8
fff104160b05f412
f1e917f307ed1713
0703f40d15011208
feeff9f013fef8ef
f6e811ebecfd0115
1803130bf3ebe80c
100f14f8f3f1e912
f7ec16ecee01f3ff
ed14fd03ed17fcfb
ee061208faf416f0
e8ed10f50c0f010d
fbef0ee8fc100409
e8ebf8fef70bed15
09ea04f8050f0c13
fc13fcf0fe0c17e9
150ff10eec14fbf1
161412f8edf5eef1
fe11edf1efeb08eb
130af8f200eb1302
f1040018f3eaf903
f1f707f1fae914e9
13faff04f4fb14f5
f4fc0beff9fbee0b
18eae91505ebf8ec
01eae808011313eb
01fb0b0f100fe9ff
f2f2ebf6ea110b08
eb170b0015f9fdea
0109fefcf00e0cf0
13f518f31814fced
0ee8fd030aefe807
0e0915feeefbf2f0
061817eb12e80608
f015ffe90b0d0af5
e9e91304e9faf516
180afbe90e030717
fefa160501180e0b
ef0ff30af2131706
f0ecfd020a05090e
0902f3f1f6ef0aeb
03f9fd15090c11ff
00f1f3f5fe10e817
0ef4020808ee00fc
1507fbf7f5f90de8
f6f912f205160313
1503fb1700f9ebff
05f1070909f8fd0d
0712f303f0f00018
0815fb0f0e0a0afd
060e12fce8e903f0
f5fe0ff8030de908
fd0df7ff0ce80a14
faf8f7070ffef7f4
f20f04fef1eefae9
f50500fd0c14fcf3
14eff5f50105ebfa
fbed1410e80bf303
0afa0001f808ebe9
03ec0ef518e810fa
17f3f901f311f7f2
f3f004eaf518f204
fffbfe0bebf70be9
0cf4151617070be8
04eefc10fff20604
0313071303fc050a
eff6f8f7f0171600
07f912fb03f2f716
f20b0df00a030209
0e1015fef4ff0c0f
060ff618080217e9
0afd0d04f0fc1413
fdfd18fd0a110d05
fe0806f7ebfe11fb
030013ed03f2fc0a
04fe080eef00e9ea
0516f2f808fb100e
ed0e14f60a000105
17f904030ae8f7ee
f20901030ef51111
16f7f7f702030ded
0103f01007151010
00ed0ffafff30e03
f604f7ea0dfe0b09
0b130afd02f4f217
05fa16f413080a0a
0ef107eef20505f2
13efe80b180102fe
eae8020cf7f7ee18
ec05edfd0a1014f7
0107f10702ed16fb
06041504fc15f307
0ce8efe9ea0cee09
0a17ef0d17060215
1504fdfae8edf70b
f50b0817f0fd08ef
120702fb1315ea0a
10f51017ea07e813
0a04ef0e170d1107
ee02f612f5110213
fe121211f8f307fe
ee06fd08fd0decf6
06ed0910f8f411ef
fdfdea0cf0f4150d
0316040cebecfdf3
14f0070414f71704
fdefe9fd1708ebff
0f0c11fdf71409f8
07f40b12e80008ef
0606fcebef17f913
fdf00fff120aec09
0a11fff9e9f2ef18
15faf5ecf41502fe
f5f1f710ebf3fa04
ea06eff602f7faec
f3f9ff17f5f8e811
faf803f9eb17e9f5
1009ebfef1ec09f8
0afb0fee18080416
06ee04e9f1e90702
05e911f21109eeff
fef908fdf9080ef5
f8e906fd10ecfefb
151816160f13f1f0
ee16eaf512f5160f
fe130016e9f204f2
f90e15fb050afa10
0d11f012ecfff704
040fe8ecf91714ee
050801fe05f10110
fb05eefe09e90c0f
160e150707151304
0a101204eeeeee0a
0f09eaffebf3f8f8
f007f9eef8ebee10
0208f8f2f0f6160d
030e0f03edf0e905
ed010409fc0c1818
1610f4f611fcfef3
0cff0414120ce905
130ff80410ed05f1
f00c18f6121505ee
07ebf2f7f9eb09fd
0618171211f7f9f3
fefcf2ff02fb1017
f8fdeb0ffb10f40a
0203fa16f20aed12
e8eae913101510ef
16e80c0b0802f7f0
fe1807fa02f7faf3
0a1014f5f40df1fd
110cf71817f9ec18
fee9e90dea03f910
03edfaf3f111fd01
0217f909fa0801f1
0ef80f13f6ee0afa
03f40f17ff0f16f4
01f30bf602e8f9ec
f903ea1407fd06f8
ecf5ee130f06ee12
f300f1fbeaf1ef02
fcecea16f3e912fa
f00ff1ed1402eb00
0505ecfe16ebedfd
07ecfdf512050d18
fcfc0c100f1013f7
071515130ef2fbeb
eafff7f309f70d07
ede9fd0a03f0e810
eefa0702ed0beb02
f8f902fa18070a13
e8170af00afd0101
15070eeffcf214f4
0706f6f511ec05f0
08f60ef7f2ff0418
15ed04f413fc0317
0f10f413f0091114
160cfd05ecff1105
fb0aeaf70809fdf1
0df00013e8e9fb04
07f704120809f316
0e0507f0f9fb050a
ff0100f8ed02f001
eaef1003fa13f10b
0af9010fece8fdf0
02f8f1f7fe13ef08
0e090ffd00fbf4f3
0ceffafe18f711fa
12e90b0b0ffe08e9
fff0f500120cedf9
09171415f3fdeaf1
0f0d07fa0b0812fd
f908f2ecf504fa0c
081712f71317ee17
0e1402f10409fffb
fbf30007edebf6ee
ff07fefc0010eaef
17f214fc1300ed0d
17e9f3030aeaf0eb
0b0cee18fa0af10d
ebfe0f0eea0ff817
02f0f7f9e9f4ea05
15ed1212ebf117f4
070713f0f90afaf2
0cfbf40f0ce8f706
fd0908e8f50d0af1
0b1311080712fef2
fe12fefbe9f400f1
f7f9f9ee110918f6
f507faedfa06f2fb
ee0dff0c0d11fd13
050c0b080d031618
eefa05fcf00f03ff
f80df0e912141013
f613fef3fd0bf7f0
15ecfd03fd150f02
02f1f90a12180de9
f5f510ee000912eb
eb1512160d02f6f3
01f401f60cf81012
0a16010d02040608
14fe11ecff0f0611
18ff05f1f2f4f4eb
f9f60a150211f5f8
0200f21317ec0907
eef3ed1104e80c0d
eaf917fb100f05f3
05eaf918efeeff0b
fcfd06f615f00f10
030cf4161004fe0c
ed18f4f0f6f6f1ef
fcfaf4eefcf80f01
f108eef209f0050a
0c0ae9f306ecf8f9
0102fc08fce9e90e
0ceb0100ec0bf5f4
01edf9fd04f3f30c
0f01fd0004f10312
eb0f0ffc02f4f910
e91814e90d08f0f0
0c16080f1403f7eb
0ce80dfff214f3f8
f3070f14e8feeaf1
080d0c15f50313f2
0ee8f9fa180d03ea
08f30df8eb170703
e802ed06f3ebeffc
02e9edffe9081705
f2f4ebff16e91018
fcf10f0115170c0a
f700f405f2010dfa
0f01fc0effeaf416
0e05e918ff08efea
11faeb0a0804f514
ff171805f5f6ea02
03f4f5050f10f8f6
10fb03011715090c
0404e918f0f6efeb
140d01f6f302f8ff
170a0100f2e9fef9
17f6f2eb0afa09e8
f8ede9f80c14f605
fdf40816ea1507f2
0e14fbe90ffc13ef
f3180917010d1011
02ee0304ef1510f5
f501f0f6fcf80eea
f50f10f8f9ff0600
f0ea09e8f2f9ff14
03f2faebfe01e805
04ee09f4f101e9ec
01f0000aeff30a18
0aee0f10f1f5eeea
0fec0502ed170af2
f80bf9020516ecfa
f7f409fd12061407
030d121206f80817
f7ebef14ebf3f5f7
15150d00eb1702e8
f4f408ff1307060c
08ee0a18f3ffe9fd
f4f804fdf9130bfa
ee090b0d010d06ee
0ee8edf6e8fef001
091517eff8f703f3
0cf203edf30b0301
10ee05fd0a0cf7eb
0a00f21703fdeb07
02f00bfa03fef9ee
ea0b0308e814f6f6
11ef0cfef8e80715
ef13ff15fbea0313
fcfcf7f811f6fcf9
0feffdecf61101ea
0805e8070cf8eb0c
051101fef6f4ff01
f6ec14fbf5fd1116
fbfaf0fc08effa16
ed07eaf70c15f909
081506fa0febf5ef
f30c110918f106f0
0307000f14fff500
14fc160bf30413eb
ef07fb1718f4fe01
ec02090e091118f4
f5f00d020ff30107
f914110d0fff1503
06f617111212fafc
f10607e90b02fe09
fe0613100402fcf6
f6fc0f120303f9fc
fded03f5080802eb
f202161010f1ed14
fceb17f916edfd12
17f802ee0b071515
f40a0211fd0508e9
0e03f00cf007010b
edff03f6ebf105ee
ef14f50dfff20617
0f140318f715e90a
06031507f00e16ea
0beee8eb110c1109
06f417eb050e0f17
02f5ef0b11f8f2f2
f5eafdea18f1ea18
f90009f5f1eff80e
090f100dfd0a1007
fc140a04eaea180a
05f5f9fefb1403fc
0ff0ece8f60f04ed
fbe8fff5fc0100fd
18f603fa01fffdeb
05f8f2f8161216f3
10f8fcfefc0a0311
fff4ededff02f405
0b1015f7eced08ec
0105170c16f700fe
020f060efa0f12f3
ede8111412ed04f2
fe17eafaf1eb03ea
180b0e06f3ed0c0c
fdea15fd0c16fb04
ef13f410ea10e805
ff0df40df0fded14
f911f00118f200f9
f1ea0a1309ec0af7
1413080803f0ebf0
f0f51501e9f00100
f505f2e9ebe91518
14fdfe1809fff2eb
05fdf0fbefed0bf7
0310fc00fd1602f3
f40ff6f4eef6ee07
0a1312fa10f5f7ea
0aff16f214f8fd15
fe0b0b0b06eee90f
eff6f600f60c02f6
130af8fb0e0312f6
0c0d06eb080ae8f7
160018eeeb15f7ef
f7e9f5100ef3f1e8
0fedf1ffecee01f6
0203f80e13f80615
15f0eb0ef0e8e915
ff16fcf10f0002f3
e9eef9f5f4eef5e8
e9f4f4f418f3070f
e9f50618fbf9040c
f8f4f510f7ea1702
f8eaf3ec1817f9fd
eaf9020c0eff0eff
f3e9fb0c10efed05
06ee12020ce9ede9
fef7eb1317faf613
f0091305f51708ed
f9070d11e905f9ef
051416180518ebec
f2140304f1f3eb00
02ec1501ee0213fb
06f4ec180705f9f6
f9f509e812f5130f
07030610e9f3f50f
0cff0ef7100413ea
0dfc14ee0e0c0715
0f03e808ea0feb12
18f6f417f803eefb
ebfc17ea0d1201ff
080e1003f611f1ea
0e08110afe0e170c
1104070c05fe16f7
fc0d0017ec0eeceb
0ef10c0d0c0e1710
0d0213fffdf1f309
1614f2ed12161113
eceae912fdeff318
08fe01ec1411eaff
0a10ec0816130a07
030e1813f9f3f80c
faf4ed14f6010712
f2e9f61716eff9f1
12090d0400ecf915
0ffcf9051311fbfa
ee0dfe100ff2f9f2
001716f1f1fff1eb
1302f30012f314f5
f908eb0aee0fff14
0ef8050af0ec0400
121712eef5feff07
0a0916f8fc0003f5
efedea15fd000cfa
0eeeed13feeaf1f8
fd11f418eb05fd13
160e06050a10eff1
f718e9f30ceaee0f
07ed1702140a1204
1201ec14f5f31814
f9f3f1eef60b02ff
f7020bfd0907fbf3
07f801141118f10c
02ec0d02fd0809ec
0b14e814e80017fb
ed1417f7e9f506ff
10f50a0c141807e8
f3f408fc0deaec04
021113170cf118f7
0e0a0ae80c09f102
0d121804f6110af4
0fe8fa0ef2091308
f6f90717fbeeeff0
08ffe8f806fd01eb
1112e9fcf117fd09
0c121303071013f0
0bfb081806ffeb05
01ff1501eaf0180e
f9fa100d02ea1015
0710f314101014e9
fbf90d12111010ed
16f415070beb0af6
fdf909fcfaf0f204
f3fef218f5e8f2ed
02f611ecfd0afe05
eb0b13150dfa0611
12ea00f1fbfb06f0
f71200ea05ece802
f20cfdfe00edf7e9
ed0806fd0a13030a
0203ea0911031815
0c1805ec0fe8ed04
0bf9f613fbff0e03
07eff803eef90907
0500efebef0ce9eb
13fc040708f9ea02
080d0bebf3010eff
131706fb05fcec13
1012edeb01e9fff2
eef6f811fa0908ff
f50fef02fcfbea0c
fdf7f118f3ed09ed
f916f5f80910f1ed
1211fff9000ff60d
0bf7e9ed170eedee
e9ede9101812ef0e
fd0b1613fa0807f5
fb03fbfa0411fb01
fc0003edfdf203f8
f7ed0404fbededf3
f2eb08f7f915eff5
f10bfe18f2f6f213
15f908f011f6ebec
0517ecfbff13fcfe
edf007fe11f30414
ff0f02fa150efd0f
f106eaeef513f80a
faf600f205f9f6fe
030bfcf5f1f2f008
11f711f10207f7ef
ecf0f109edeeef0f
f408f7ed0bea11e9
0e0aeb1009fa12fd
f61802110beb0efb
eb11ebeaf60c0ff8
ee0517120cfeea0b
0ef205f315ef00ef
fb0bfb05ee020e08
0d1701edf2ee1201
18f5f110f91814ef
020bee00f21017ee
03fe04fc14f5fcf5
0211090a09f50f08
fa03f7f30d0be90e
f7ea0d051304ee09
111218f60012e90d
fbf2fa00fdfceffa
1115e9151501ed05
ecf3ec0318f20813
f20400f10afaf6fd
f5ef0310101812f9
15f40b09fd121702
ff0afaf007ef0fec
0af00400f5f212f3
eeebfc0ffeecf3f6
0e11f7f5fd00fc0f
eef2ef1300faf5ef
0300ed1808f3f3ff
13fbebfb071511f8
08fb021304fe01e8
02f40bedf80e1203
0100fe070a0efafb
07ededf8f40b0bf7
0212140bf508f611
e818e80b0e0b03fc
e8f0f40df70007e8
ee0d18ed13071506
fc0df8f9eff2faec
14fcf1ea120bfafd
131611e9f5fceb01
000e03edfe0bf7fe
eb1804050c0916ef
f809f3f9e8fb0c0c
0905f301f1fbf317
120715f0160d0df6
05f603ef100000f3
04edeff3e9eaf610
f40e05f70f040ef5
0c09f11110f5fe07
effcfff7eaf01510
0df111ef0f04fefb
effaefee0a13eafb
ea0bfdf01418050a
eefff515ebfaff14
efe9faf513e805ea
0dfaee13050e04e8
f5fc120613eb0015
0f0af4f5110b0df4
12edff08eafde911
ff0be8fa01fcf103
f307080ae902ec03
0ef102eb04f1fb00
06130a06f3041604
18f5170eef141602
08000613050ef0e8
0112f208faf2fbf9
ef01ea0aff14070d
0b0af4fdfefcee09
10161212081502e9
fc10f6f4f8eb030b
1707f7ff000df3ec
18f6fd130d02150d
0806fc160207ed04
fbf710f9ecfef3f4
06e8eb0306e9f0e9
05e8fef50a080f18
ed15fafcffeced00
fceefef916ee0a0d
00ea0506ff11f6fa
14000ce80d0d0ff4
0a16edf7fefd0418
0006f512160a0f11
12ff1313eff7f60d
16e9e81106fe0402
04ff07e8fbf3fff6
ebf10107170a14f1
000617f8181400fb
0c0feaff16f105ed
110b1115e8030ef4
efeaf5f606f604ea
f816fbeaea05130a
0df70809f3100c05
f915020cf6050510
f011eff8f6f2e912
0a03100ef00a13f1
09e9f8180fffea00
08f9f318ef01ebfe
180818ec01f1f0f4
f4101108e9fe03f8
090818f4e9f401f7
e9020216080eebea
0500ee1114ee0ae8
07fef71403fa02ea
feeeee060c0bfae8
fcf3f6f10717ebef
0100ee0d18eefe01
ff0411e908f908ff
10edf0f10d171106
f3f307130718f704
f61500eae806ecfd
f8e9f4010301f710
13f70cf4e900f817
eb0cedee0a151700
0e130cfa0c02fd01
0cff06f7f7ed0f0a
0401f50e16e9e8ff
0de909070a0a03ee
180cfbe9e80701fa
f004fdfeff06fe17
070105f4fef1f8e8
0dfefc05fb1203ee
11e8f21710e9fdf5
13eafaeb01000711
150816fd0df9fd18
e8e8eff3f808120e
fbed10040b0d0615
fbf6170604e80ef1
14e9ef0c02feecfe
ecffebfff51202f9
11fbefefed0eeff5
e91502e8e8ecf1ee
0212ea09f31802fe
0d14ecfce912e9e9
efe8f70a0308f3f6
04120bf3f9ed01f2
1118f6150af51601
1003101709f60f01
ef0cf40d1204fb0e
04ea100a1604120c
fe050bf0fff3ebfd
fd15150dfdf4fa18
eb17070407f1ea14
03f5f4e9fbeeeced
08feeb040afb0810
0cf0fdf2f5ef0cf8
ed080d17fa0fecfc
10f70b0218150df4
1809f51514ea0806
ee090dfeedea17f8
090a18effdf20beb
02121114f111f50e
f5fcfdf8ef031010
fbf50afd151617ea
170a10fd0a0815fe
04f5f90507f20cee
fbe814f8f21316fb
f7f118ebfd07fdeb
f012f70dfff603f4
f00e0e0ceffeed16
fdfc1506f7eff40a
14ed060214f50308
0d140c0df8051310
08f8e9f501f90afc
11effefb01eae918
1201fffc0d07fcfb
0efc0df4e8f1f201
1411fefd05eb1205
f0fcf0f3fcfaece8
10edf9f510051710
0a180cfb18fcedff
edf2faef0007f0fb
0cf100160609f10e
ecfffb18f9f1f0ef
0d0d020311fd1708
03f000eaff12e815
ef07eb0cfcf0f7ec
15eb0a0efdf5f7e8
17000aecf303f4f4
150ef2f407eae800
02fefb1705f8edfb
050b021510e917f7
ec06f10bef17f1f3
0813070e0afdf60d
11eeff00160c14f7
0217eeee0e0bf4eb
10ed0a0204120605
ee070814f308f010
ea17071314eaeff9
ff14fcebeeee0df3
13f1ed000a070bf7
f5ecf316f0fdfced
1115fa120aff15f7
010400ec16eaf8f1
e9eaffeefa10070a
030708f506100102
e811fd0a1008fcf1
0915efea06ef040b
02edfe0ff6020dec
ebfcf10d0602ed12
f50701f30203fa08
0f180904f90106f1
0c0b0a04fc0912ff
f8ec14f2e90d0cf1
100018070004faf0
f3080e170ef8f6f4
17f207170e18f70f
09e8f514f3f809fb
f4e9f4f8fef407ee
18f4f0e9e9ed17ef
f0f4f2eafd101805
ecf1f809f9e91412
120bf708faf9fc03
05f9f1ef07f9f5f8
170bfaecebea160d
14ed05e8f01616f7
0ffb14f712eff304
02f805f117f617ec
0bfa0cf2f513fe09
0df0f4010deb00f1
12091214fb0713fc
f4140712eef4f00a
f1fb050df5eb0e0a
15f8eeeefc000c07
f4f0030a0df50404
160c14140712efee
0314030c0bffff03
ff17140104ff03f3
18ea06fb04f1f8ed
ed01f80cf7fe17f7
f1e8ec0a07ec170d
f8f5edee00e8fdf7
ec0eeb090d060f07
091807ef04fcec07
fa170befebee18f2
0febe8f2f105f5e8
18ebf3fa14f5fc0f
fdfb0c0eeee911f0
0e0d100a01f5f6f6
e804e9f80c1701e8
04140705ed11f7f7
f210e9fa0a010213
f1fd0a17fdf1f7fd
10f0f41217f7030f
e8fce9e90f110204
0efe06ecfe02f2ed
eaf70ef5f2f5e805
0ef300f407f3ff18
fb170011f00df9f2
0ee9ec0d11f6ff00
e90c0bf4050c16f6
e8ff13f81417130e
010dfaf2eaf8f3ff
fc121313fc0718f2
00edf2eb080dff09
e813f0eae8fd10ef
fe06fdf30902edec
eb13ecee1707050e
f2f4f90afa15fe12
f2fbf6fd0dedf206
ea080decf9fff2ff
0904e9f807f90df7
00e9f9f410f503fd
ff09e914eafc0e06
ee0c13e80cf504ed
ef0700e808f4faf7
0a0308f4faf5180c
f005f9f0e90c0711
0a16faf7fbf7ea17
0a17f7e807fdfcee
e8fa010d1711f70d
f604fcfaec18fef9
16ec02080dea0814
f7e8fb00f00505e9
ea0018e910f1eeff
f9f618070ff01207
f90d000900030a00
ecfd051407f416f5
ebfe15f4e81400f3
faeefbec12f5fd15
0bff15fbf4f715f2
f9f5eefde912f7ff
f805ee1801edfdf7
1011f00d14f9fe14
040a0c06ec0ff30e
f8f005ebf11407fb
f5e8f2f70f06040a
f5fcfbedfaeeffe9
fb12f8e8180ef6e8
13effe07f10bf7fe
12071311f901f003
140404040a0b0310
ff0df60306fafdfb
f90aea1511fd04eb
ff18080afaf2fc0a
f4f9fd0bf40afff2
f0041102f6f20cfe
140bfff0fc180d05
f3eff6f3f30910f0
eb0ce9e901150f07
11fcfff1f3030f14
eb08ea05f5f20408
09f80b17fc07f610
01f2f61502eef0f3
f1f4f6fffde90ef0
070607fbe908e904
f2ebf7f8ebff03ec
060409eb020713ec
060d0afe1701fe0f
0df402f9edf5f30d
fa12f2ef05f01203
f1fd00ed111713f5
f8fded1310fff518
f1f505e8ea0a04f3
17e90714fcec1400
0b10f8020d070a01
1112eb1313fff70a
150a11fbf10416f7
0df9120517ebfd11
09eceb01fe1207f8
14f9f9f0ff011506
e80c08f6f202f118
16eaf6f110fcee01
f40a010fe8f4f10a
080ef5f6f3f4f3fb
f5fbe8020ff010e9
eeea00f0f3f40613
0cee18eb02f2fbf4
ee0df0010a0a15f9
18f0eff9f1f2f907
17ebec0d06eef506
08120affedf314e9
05f913ea0d0e030b
f9f20efaf0eaf610
0a04f4e906120001
14eff5efedf60300
170af2eef20bf9f7
ebffeb09eaf8f3e8
0ef70f14ef100af7
fefdedf9ea0eea01
f703e9fefb050cfa
14f905edf6f20611
eaeae813fbee15fb
10080aeef80ce80a
03f3ea050bff0ef6
f8e810f9fc1613f2
ff05faf008ed1102
f1eef8f916f50cf0
0700ec05ef01e8ee
13f106e906eef217
ede9fb1300ebfee9
eb1207fd0b140efd
fdf9f4fffa17fa18
0afff504f810edfd
08fe0705f30015e8
1104ef15eeebf00f
fb0cebf8eb170600
ededf911feee04f9
1817edf0fcf61214
15ff0b03f1f81617
0d010aed06eeedef
0cf6f6ef03180b08
08e9f5eeedf8ea07
e8ed0df5fc09edee
010500090b06ed12
13fa04e818091110
0beeebe80cf5f908
0f11f612ec01f4e8
0002170f0d11f002
05fe04ef0d0c0e12
1112fce9000a08ef
061515ff0b0f15fc
eb0bf2fcf3f1fff4
f00fee061509ed0c
f00ef7f8f90efe13
f707f7fd18060013
e902f8effdfcf318
fa02ea16050d08f1
fdef03edfafaf307
03e8e912ec0ff102
021702ecfa020af4
06161602ee180810
f0eb0c01faf7000a
eaf9f215ea14fbfd
0317edfd12ea0f04
f404f5f8f512f9f4
0eee0503f70f09f9
18f0111411eded05
15f31603071804fa
f90d09ff1512f6f7
fbfcf6150d0e0d00
f31016000ffa0e14
f5ec09fd04f016e8
040503f0181716eb
06f90c0b0d0bfdef
f7ed18fe01020feb
f20be9f609ea12f8
f50ef5010dfbf2ec
0d141003f014ffed
17eb030906fd0cf0
030ef207f0010bf4
160bea07f11518fd
f317171704eaed0a
0d080df6ea1211f5
160f16010eeb02ef
fffceafbfef3fb09
09eef50504f012ec
030dfafdeb1818ef
0cf70d070b07f9f9
f0f2ef13070eee02
06eb07e8edea04f9
f40cf51404fa0bf7
16ecea0d11e806f4
0a050217010dfd00
02050304f0ea11ff
16000518f70ff5fb
15f4f31508ecf4e8
06ec1117040207f1
0c13eff30e0b1403
eff6e8f4f50dfb05
121802ed01f70d02
f0f7ef18131407ef
03fef9f7060f0bf6
0313f4edfb0c16ea
ffed0c09f915100b
0b11f1ff05eb020e
f2fcf311f3f7efee
09180e0302111506
fe0208ff091102f6
fde8040becfdec00
0ffb05f0faecea13
0909ee1616030cf3
0cf317fbfe0dfb01
06ed10f80b0af6e8
0801ed060d10e909
ec140aeaf3f3fd03
fbf2f4050c0512f5
0103f60d0c0b1213
1401f9fb0bf81805
140eff07eefaf20d
fff4f9fe0ce802fc
f917060bff0f0cff
f1efffef150cf6f3
0204eb06fc0ffbfe
0aeef20e06fced17
ed11fef7060a0a0a
11ff11f00dfaefea
eaecfff41517fa11
09ed0c0b0c151200
edfb0b09f701030b
0ceef4ff0af2edf4
f7f70216f71504ed
0c14f512f612ec08
ff14e902fbf41000
1305f5030ee9f814
fd01160217eb14ff
fe17faf105f3eb04
ecf615eff2f80c01
04f8e8f8ff010b03
f2ec180cff110af0
0f150807f1ebf2f7
0fed0505f1fb0df6
0612ff0a040b04f6
180207f2f5f9fa16
10ffeeef14f8f101
f20814f80c000806
f505090c01ea1007
f1feea07f6ec1409
eeeaf903ef0c1413
04f20f061004ffeb
0bff04fa1305ee05
06fcfd0d04fa07f6
eaf2130ff908fd07
f5f6f1170debf10e
f2fff00116e8e9eb
fdedf5180ded0ef6
0308f91610f3f914
0604f5ec0e040a13
f1ec03f10015ea02
fbfc1512fbeffa07
1804020d0501eafb
04f1ea14ea01fa04
fd0c010f0306fff5
fc1311050de9fdee
ef0c02f9fe12f118
050efd0af9e8ef04
0609edf800fbf9ff
ea061117eb0fee0a
edfd09faf810f717
f901fb1313e8fe14
f20d16fd01180316
fefafae90814eaf5
07fa16fcf0ed11fc
e8150f05030e0d02
fcfa0df217f6e90a
0efdf404f70dee10
f8ef0415fc0407f8
ffeff2070ffb1300
09f70f14eceef4f5
f009f514e8f6eaeb
1415edf2eb18eff4
fffff0e90ff814f2
eff1ea0a01f4f804
0e0115eaebfa1215
ee03eb16fdf10cf5
07ffec15160cf7fb
eb1007fcea0812f0
ee09ed04110200f3
0de80ef100fde80e
ef00f8f908f1f111
ee0dff0d151816f9
f417fdf5fff703f6
15eaf0fbfb09ec06
f10cf918fb13f310
f81811ece81215eb
fa091204fd1418fc
ebf3f20c0401f90a
0ff5f7f7f7f0fdf2
0718f3f4e80af2f8
f6fef4faf8ffff16
05f915f6fa181607
12f3180bed0815f5
06f206f1f906fb01
f018ed04f2f30c16
1016fdf608e909f9
0e1414f504070ffc
f216f3030c11fbf5
fd000a08fef80d0c
ecf604f4121008f4
07020cf61500f612
1505fb150de8170b
12f6eafa11f9f6fa
000bed0e070b17f9
05140a06f6f6f5fe
0201fdfbfb030bf0
fff60807ec1806ed
05edf6ee01040a0e
0814fbf5eeec00eb
08f2f3ed07eaf10a
f3020afde8fc08f7
16f3100009fd0eeb
fff3120c1816fdf6
f1e8f90ce917f4fa
13fcf50809ea1306
0707ecf51115f3fd
000fffeef6f3fc02
0f16f500e809f4ef
ebfb070f1511f4f4
0604180bfbfa060b
eeee1500f00500fc
feeffd0611ea14ec
eb0f0901f4e8fa0b
14eb05fb0613ffed
fafb14040cf7f1ec
ecee06fd09e80005
11faed0e00fef904
f70710151504f017
16ff1115170e0513
02f70fe9eeed0a13
1818fef3ef0103f3
f004060ae8fa1505
f5f8eb0bfe100efd
f3160715f50eee02
0ffff11615eeeee8
fcfbf10f16eff0f4
f6fe021207100906
fdf4fb15030cef03
eaeb12ea07fdff03
06150a02f5100def
eb0500fbfef1ef02
130affec140b0317
0aec11fcf506eefa
0cfbf10cee0109ea
0e13f00af301ebfb
140817110deffcec
f1ee18e901ef1417
0505130d09080201
f70412f5f207fbf3
ff09f2fffb09f006
13f400f40aeaedef
e903ff0a04fc1317
18f112070be80515
1816eb04fb0d0bec
140110ef0f17edf9
f6101107eb04fdec
04f00401f114eb0e
06eff5f6ef01fef2
ebedeffcf800100b
06effa0202e8f306
17ef03fb0015fefb
fe12f1e90d02ebfc
10f21514f509020a
08f5180ce8f90704
fdfc15090c0df304
fce9f2f007e80202
03f5f30bf0fee8f0
f3ff0a0ffdf10de9
18eefc12ed0306f3
18050be90b10f9fe
fe02f8e9041306ed
0004ec080514eb07
0b0cfcf40b09100c
ee0cef07f3fd16f3
eb02eb17eb11ee02
e909f4ed17170b17
0907160b0d070606
f2fb080ceff71813
ec0c061311f3f6fc
0109fef7fbec14f9
15eb040913f30c0b
041807f010170ef2
0c06ed10e9fa0b0e
f2f3040508effdfd
f91416ed0c0016fd
ebeb140e14fc00f9
07e905fcf908eae8
e8fc0118ef12e918
00ecf6fb0df2f610
f2edefec071109fc
051505f016ed0c17
05f102f5f504010d
f4f1f6eaeeeff30b
ed17fceaf906100b
f1f7fdf4f1edf3f3
03170918f20c06fa
08fb0afcf5070c0f
06f4ef010c12f801
000707fd0ee8f5fa
fef7180efb0bf2fd
f2e8eff9101012ff
eff3fe16ea12fffe
0b0308ecff1112fd
02fe0002110bf0ef
13f513f1edeb14f5
12ffee02f100faff
fb08f8f8ed171407
fd0deafffcf701f4
130d0f0b02fe09f5
fc00040b06f8140a
fc00efed180317ec
f9edfb0cf80f1012
00eb02f3fd16e8fe
01f3fd0ee9f208eb
0005fbe8ee09ed15
1710fcf4f8eff5fe
13f90fec14f712fd
090912070f12f900
060bf9ea180e1709
0ee806f30b05fb03
eb0710fdfff614f9
e902fc05f81303fc
fafaf80ef7fcf8fa
110cf0f7f300ecfb
f403ea0df8f6f2e9
101316fc0cf61118
f8edfbf301f0f10c
f500080c0cf9180d
150615e9f2fef409
f2110f1108edeced
e8fffef610151804
170416eff618ee0d
e9ece8f8edffede9
120cffee11efedee
00160916ed030ce8
1800edef02000f09
110202110206ff07
f603eef0ed0cf606
00ed01eaf018090d
f20a03f505f40514
f7f800091503f8ff
fdfaf2fc08eb02f4
f70df701fc09f5f6
e812f7f6ed05ea0b
02f60405ec180a12
06fe13efede9ff12
12f518f6eb0d1105
0f16f91611f90106
eaf4eb0900e9fbf7
eefef71810fb18f1
f016f4feeb0011fa
13f4080ced13ee08
e9f7ee13e9131800
05020214f717ef02
0a0f14fbec08030c
0ff5f1140efd07ee
f9faf7ec0df80705
11f80200fbfff803
ef14f1f8edea00f6
13f9e8ff11f4ea07
0feef118fbe917ea
ecff080504121500
1011f40209091103
1315091209090eea
f0fffcf4ec0aeaec
f00ae9fe010306f0
1203f1f4e8f7f0ec
0ff9f70e0af91708
fa0c020316f6f0ef
f4fbfb09ebf3fe09
0504f216100efceb
13fd10ebfc0af60a
04ee10f9e8fffeee
04090f111000eef6
0deeef0ce9170704
f1f1eb0dff0313fa
03fc0bf710f2ee13
010c0601fbf1f400
0dfe0ce916e817ea
13ee0bf80a03fd11
f704fc15fa0e05f7
15150602ee0113ea
ec090511ebf90e18
fdf1ee020af4fe0e
ee181705000ceb04
03f0f3efe9f916e8
0510f902edfaf30e
f8fdfefcf8f8f703
0605ecebf7f80ee8
edeefcf3001418f1
f4e808f1ff00f6ef
f30efbeb120be906
f3111202eb12f317
0004fa050010ecf1
efeb051514f607f6
f30ff8f1f0eb03f6
0c10eefef1160014
ed081117fee908f0
f616e80104010e01
1008101410edeff6
f304080a00ed1508
f1e9ec14fafd03fb
1412eb06eeef0908
fc0310feec10f90e
ff0d09f9fc140418
f3f30ef7f417fcf2
eaf6ff04021406f3
e9ed08f6000810ff
f0ff03f0070818f5
f30ef101eeeef4f3
fbf806141812fef8
f3020ae9fcedfbff
12f6e81601f4e90e
03f1f609f109ffed
0afcf9ebf1160b03
00e8f2e80d0bfef9
e90b0eea15f7faf2
eefbed0916effe02
09f512fb060404f8
00f0e8eff711f116
faf0ff07fcf40bfd
16feeaf1f2171512
12f2f416e8170a00
ef0c01f0010cf112
0a0f0f071615f0f3
0eeaecfd060cf6f2
fbf7f6f70605ebf3
fb051616fcf41516
160100ecffec0cf1
1704f6f1e9eeea03
f0e8fdfdfa0bf8f6
110118fce8effc0a
fafcf508ea08ede9
08f2ebf40ef011f3
05eb1010161817fb
0101f106010f0005
f710e8f4f9030401
1415f1f9fcf8eb11
fc0002ef1012eff2
fdfefb040f1200f5
e9edf0eff2f6ebed
15f5e810f00cf80e
06fb08fcfdfc1016
e80ffa01f5ecf0ea
0902f202f11010f7
f102f711e80af0ed
08ec0a0803fd0c0f
f600e90d0f1316fc
13fce80f13eeed16
f810f9120414fa04
f2fc10f9efed16f0
0204f501eef301fd
fdff0d08ff080fe8
09fcf00bf3ea0d0f
12ef10f20fec1814
f4050811070def14
fc0beeef06ef0bfc
e80df91117fcf902
060bf6eefe14f205
f2ebf6f202e8f9f8
ec121417fe030317
0501ffeefd17f0f6
fd02070eecf1ee0e
03fa09f210f00306
f7f6f9f1f7fb0718
0a09e8eaf317180c
fffd0e0afa0f0510
ff0417f3f3ee1117
ea0808e9ff13140a
05100d0ffaf5f3f1
12fafe0f13ffeaf9
1107ed120e1314f3
08ff0df4f4f00b0e
02130de901f4fd0d
10f001fbfb040b17
0aecf013f5f7eeeb
faedf6f20ffe0908
f6fd120af0f5f4f4
edf2f51511060515
eaf4fefaf0fdf913
ecf0ea13000ef1f8
f210fd020e06f10e
f80300f9fcf0f2f5
f3fa0e0df00aebeb
eaff08fa03eaedf8
ee15f4ea07fbf408
eb080917130c16f7
07f7f1ee11140712
0cf116fb0c04f20b
ecfe02ea0b05ea0b
f903f2f70612f4ed
ea12fef5eaeb1417
f2ff051814f7140e
f009f2f30aff05fa
0d0df8fee9f110f0
1716f7eaf8f60a14
f0effde9fffd0bf4
f4fbfb11fa080f0e
ed1402ef09efec15
1110f20b040b0402
0a18ed00f7effc08
0a12f701fbfb0012
11fcf207faef01ff
e9ecf70806ee1000
fc12f9ef0cf90508
ebfa0d171804ff10
f203f907ff04eb07
faf2f517f0e9ea00
05150b000afbf701
eef2f40ffced14f1
ec0609eb1709f414
0bea02fc06ebfe17
f70c05edeff50204
fbf5120cf514e901
eaed1205ed071106
0eedf004f8e80ff0
ecea0af002000c0e
fdf1fe0cf1f0ff03
0bedf10708f506f0
0ef7fe17131004fe
09150902ef0deced
fb0e1207e80febf6
0e15eaedfa02fef7
0b180df6f10516fa
0803f80dea090f0c
04f107f1f0f90d02
f7f40cfdf814fcf6
0df1fa130318fc0d
10f9fc07ff03ff0a
f805eef10d01ec0d
f3fe18f00700feed
e80d090b0d02ef0f
f31018020afbf614
0708fa05fb07f6ee
f3f9ed01f6fd14fe
ea0ceafd0c02060c
f3f7ee0cee180718
fef2f7ea01f2090b
f6eb0d08070107f5
0ceef8ff0d14ede9
16ec1010eeecf3f3
f1eff8fbfeeaeae8
e8120008e9fef30f
07eaf0ef1508fb0e
000807f9fbeaf5ef
050b080ef8f6f513
0904010417fff2ea
e9fdf2e91213f0f5
0716fb03edf10604
14120bf010020200
efe8ebfae8edf3f1
01fbebfbf20bf4ef
f1f70ceeefed08f5
e814000ce8f3fe05
0405fb0004eaf7f2
f201f4f6eee8efeb
18fee803eeea16fa
03ec10170b09fbfc
f814f1f00a0fedfa
08f0080a1813e8ee
13fd00f5fbeb0cf2
ef160cf815091401
0f0cfc07ee080415
09f906f1ea060af2
160a0b0e15f110ec
0c00ecfdf6110eef
f70cff050aedf101
f1ecf5fa08ef0a08
edea100411e8e90d
111600f8f6f407f1
ebfa09ea000f160c
1400fcfaf3f1ea07
f70201f7f30905f2
eb05ec02faf61305
0aec1315f41716ee
08f102fd14131805
eae8fc12fdfb090c
10ef0c01060df3f9
0a100df8f0f5ecfc
fe02eef618fcf111
f91802100715080b
f80c1303010ee909
ff08e9ed0a0b0bf5
fafeecf1f107fbe9
f51507f50a120de9
fcfe10f8ebeee8fa
0207fbee03f0f407
fe17f3e8fc11f300
0704eef6ea10eeff
13ef0ae9f9eb03ea
f71113130712fff8
ebf51201f9f6edfe
ec0615f911f0f214
f50ae9f9ec10f60b
ed0e1717eef3f212
fff814ffee041008
f3fdf009eef9fcf4
faf012fef712fbf1
0fee050e0d0eea14
0b050c1818f8f902
f2f1f2f9f7eaf1ee
f7f6f7edfff3ec03
f30811120ef5eeec
f0e8f01709ed0316
eef0f3f3f6ffe902
f7f415ea0c0bfc05
0fe807e911f10aeb
170013140ff91401
0a0af108f30ef612
f808f1ee17f307f1
11010e05fff515fd
eb060a010efef4ef
f0eae8ec14ff11f8
fdf810fcf6000701
12ed090816fef012
18f2f407ee14f3ee
06f0120c18120ef5
ec0efc1610ed1706
001402fbf0f20ff4
eaea0518f4f6e8e9
0bfa06e9030a1811
0d0b17f31306f712
0ef0f804f506faf4
f30ae8fa131517ed
f818e8ebeeeee8f3
f7030a17eff0f3fb
0df611f00018eceb
fd10e9faff15f6e9
fa0f0614f408f804
0707080ef5f1ff13
fd00eff3170af2e8
f8f61716f013fd14
18edf7f6f5121818
0102e9f410ec1012
f7150cf915070209
effcf1e91818ffe8
170612151503f409
f4f4efecf4fe0a07
f209130f16fe1000
eaf407f7fb07f7f7
09f9ff1511f30be8
f2130eeafe16ee0a
f4fc02ed12ff11e8
f80b06e816051114
ee09060012f4f314
f20e0901e9030c17
edfcf9f317fae8ed
0300020ff2f40be9
12eb0918ffff1600
fff9f7fd150ceaec
ee18fb02051417f4
ee1602ef18f7f1ff
0d16f0fc110011f6
1204fdfb11ede818
120e0a05fef7f714
fa0ff8f800040efd
fff70a04ee0ffaed
fefa1103020ef705
17f70ef10fedf5e8
f612f0ea09eb0b10
f4f9fe100701f3fb
000bedfc0b09ec0a
1613f5f407080cfa
eb0c10efe8f2fbee
f6f5fe14fdeb0c0c
0ff4e915f1f115fb
08f9f8fd1308f0f8
f0effaeb10f713eb
0ef8fc05fdeaed00
0105ed13fdf7f3ec
faeaeaf3071612f4
f207f30df9e914ec
f00805f5eded09f9
eceb10f1fb18ee0f
0e08ea00eef2110a
05160efcfa07ed05
f5f110fd0201ebf4
fd1003ef1311effa
0cf3eb0c00fd0b13
02f5fdec06fb120c
100914ff00f7ee01
01f10c071401eef8
03f711eafef3fbf6
e80df8fcfbfb02fb
12f906eaeff4f00d
ef0b180c06f8f10c
e8f00dedf2eff3f2
ed181302ecf0f80a
efe8fe100708020d
f31609ed0a09f6ff
f6eaf2e8ee09fe03
ee1009f614e9f806
fff1f10ff116ea0b
0a11050601e9eeff
05f4e902040df800
02ebf60e0c06f90d
03140ee8fe17f2fe
fe0fff12fa1709f1
f21708ed11181415
fe17fff6f40c1807
16f1fe00faf814f9
fbf0f00cf000fcf2
fa11031304ec1111
fdeb0eebe91613f4
f0f704e90e14020f
100709101705e9e9
ecf4ed1412eef8f6
10f9fe0417fc10ff
000bf60518f0f00e
0bf50212f403e8f3
fef4fa0c030616f7
10ed10f40a111415
fc17fd12050902fc
0513fcf4fe0616fd
f705f4fdfc1707ec
1112e9fbf9080e15
fb160118fdf509e8
0feb03f6fd1705fa
10f10c1414150df9
031118130efbf6fa
15ed0cf0070c1706
1608feed160a18f3
f0070ff9ea18e8fd
050cecee10eeed18
07fff90318f8fdfc
fafffdf90ef60909
f30ff6f00cf7f113
f61015ef01111206
e90fe90ae9061515
f5fdfe0ee818fff7
10ec0af40213f3f2
0deefcf90801fc0d
f2170f11f0f013fd
0808020c1713faf5
0ef90317fd11fe07
ef08fefded170beb
ecfb1301f5e80814
0502f0ec12ff16eb
feebf3e8ffe81313
05edf4ff180ee9eb
f013f0110d03020e
f4eee9010aef0ceb
03fff2ef0a0fff15
fe0df5081717040a
eefc08030ff90605
11fff4101711faf0
e9ee15e918ee1707
f6f1e9eaf5150de9
18071611f20b11e9
0e0c01f5fdf70ff0
0df2fc1412f6f90f
f9fb04edfb13fe16
fbea04f5f6fc11fe
1505fb17f80406e9
eaf208f2fe03eaf2
f9160d0af1021809
0cfc170bfcf8120d
eb04060bfaf117fd
e9fdf00bf8fb06f3
180507e8f8180bf0
12f303ec090ef3fe
f4e913fd09f8150d
0714fcf410ec10ff
f20111ee02eaf10a
14faf9f41615f10d
080ff9ecf9fbfef1
ee18fc0413edecf3
0a0d1712ffeb050e
17fce80f0e0611f9
18f60c16f410eb13
fff608f7faee1317
16edeafa14f2f4ff
110f0e00fd0a0c10
05fc02170e150916
0d1311100f09e913
05f7030ee8f6f211
eafff014ee070903
fef70afe0bfcfa16
f10f17e8fd03eb0d
f200e807e9f000f7
ef10fefafdf6f6ee
04fe0111f3f81506
fceff301f012f9f6
11f7000efd09f2f9
e90e0f0201edf513
f40817f70a0bf403
03edf9fae9fbf401
eb0e10edf0f210f0
f6f615f40af113e9
08f51806ebe9f80f
f0ebe9f7fd0608f7
eaf613f1fb14eb14
f8ee0f0409f0fef0
f50cee081101140e
fa020d05f0fff1e9
eafbfef6f0e9f1f3
0801ee15edfbeaf7
f314f00bfe0817fa
f0f0ea17130109f2
f80feee810051708
fd02fc16110f18f3
f00c16fdf405f3f0
f40314e9f4fe0215
f1ecef120a1409f7
f103fa041712f9ee
0106ea0affe80617
0b0413f4011216f1
e900eefb121104ed
0a180c07f807edfa
0bfb0100121313f3
ebf504fb0513fe17
e90ce917131218ee
f3150ae9fb0fee12
0bf8ef060013eb09
0205180d0bfceef6
f8f5f40ce90cef13
160ffcecef09f6ed
13fbf617eb0df80c
e8feea1815171707
ff1004f0f604ee0f
f7fcfefcf1140504
0dff03ffef01eaee
17f117fe10f2f7f3
05070c0a080812f8
f8e80b1713020eef
051312ebfb0702fc
0e0dfd01110aea0c
f6ea04fdeae900f1
f615000510fe15e8
f40008fe040e0e10
07f90ffaeff1030b
0ef2f6f405f8f915
0f020418020b17fd
f2f6eb0efc13f3fa
15f8f2fb060afc02
030b1706fc0cfbe8
0501fbf5f7020c02
05f801edee0cfa08
fafbf9eef1eeef07
00020afeff110afa
fc0b01e80df7ec0d
180507120efff900
f710150305f70f0f
fdede8f00eeaf003
18ef130c14ef0c04
14f40400fc0c02f2
fb02ff11001309eb
020af2fce9fefd03
fdfd0b030bfa0003
f3fb0310edf817f8
ef12ebeeeef012ee
03e8e90c140b0df3
eb1106ec150d0cf1
14f60b150fe9ee02
effbf6fb09fa0d12
18f6ee1308020411
0209ff111306160b
e914ff07f3f2070a
f5ff150f0df90af0
fee814fdf4eef10a
13eb16030c020904
1805f60705eef3f0
0c11e903f1ea04e8
12f6f5f1060f0efa
f414edf0ed1301fb
f9eaeb0109eae914
16f10fe8130d1706
0904fdeb0afa10eb
e812f015f40a0afc
f5ebfc0a0ef5020d
ff13e906000112f5
18ea06f40fed0af8
f61207f9051403fa
ef0e16faf9fcf4f4
13e8f4f3f9f007f6
05f01417fc0cebfa
16f50cfb0ef805ec
f7f6140605f6fdfb
f4ebfded09150a18
0b06edf5e918ea01
14ee05ea050ef006
0c0e0416f7f4f509
f21409f70107eaeb
040af7fcec0d0b0d
f1fb0e1803effb09
07ef12141408f9e8
f403ec06040d03f1
0bf50204feedef0d
f7f9f61502121712
e9e9130009e911e8
030407fbf805e8e8
00ea09ec120ff9f9
0613f1faf714eafb
0ff9141114ef1108
05ebf60216faf207
0dfdfbf8e80402f0
0409f3fe10e90002
0fed15f2110a1005
fa1505faf5f71713
0aef050016eaf80a
06080d11030e0001
fcf70707ea02fa0f
ef080dea04fd08e9
06eb07e8f2fceb02
0d0df1f7f10f00f3
f70d18050c0b0906
e8eb1603fff3ec04
ecfb0b0a17010c0c
ec0b14f7f30ef607
08f3ee10fb03ef04
f3040112fceff00b
1713ff0102fdefef
f9f9f316fc0b1609
f11215ee0d0e1711
fa16f6eaec020c09
0f07140b1702fbea
1009fc0ef6090700
09eeef020bf5f2f3
fef7e8f4fd0be9f6
06e8110e0eff0508
1008ecf7f108ec09
18f1041312f90f01
02fc0ef9e8f80418
e81515efeb0f18e9
0bee15eef90cf4f1
0dfb0cfc0feb0d18
090708eb14f111fb
fe05edfff4090e06
031708ff05051805
ffef050c0aea00eb
0e15131714f005fd
f40ff6060bf8ed09
ffebe8170ef10a13
ed18f4f51700000e
e915f1f3fefef30b
1014f0f104f50111
05f6fae80cee17fe
f7fb0105f1f31201
0909f014f3f817f6
02fbe8f21102efff
ff10fefdeb09050e
f8ecf50c0b12f700
0e0e0b00f506fcf2
1314f715f806ee13
fb1605f1101305ee
f1fcf01006f6f317
ff1813eaf31700f0
eafd0601f71414ea
0212ea160c0e12f4
ed12090ce8081817
0318f1fa0bfa15eb
110afe15f8f80c17
0ffaee0fe814f614
090c14fe1415eaec
110303e8fb0308eb
0e0902071514170f
edfe10eb011510ee
170a10f903ec0a00
e9e9ee18fd0f11ff
0afa05fb07130cf3
f0f5f6eeebecfaf5
0e100aed0aeefc13
fc09ea0af0f0f614
13fe0103130703ef
0fef0bf7ece8ece9
16031817f516ebff
fbf7031602ece8e9
e801f5fef9fcea15
0b140d17f01510f1
e910e9e8f2f2fa02
f0ecf215f9f40d0a
f0180501010afc08
eff8edf70b08ece8
f9f70eefeaecf50d
f3f2f107fe0a16e9
e9f1f7f5f604110b
ebfd0ff618eb1004
04f312eefefcf50f
01f7f80f00f5f0f4
f5e80effff08ee0f
f6f70a0bf4ee0d10
01040202f2f400f8
ef1004f41604080d
e813ffedf01710ee
feeafc0dee051715
0af00a08e912ec0f
020cf6fa0d0911e8
000000f2fa0c16e9
0606090811f108f6
f800f0f0f416faf2
01f611020c110400
ec12ef000cf80a0f
16fdef150609f9e9
07eefd0ffaf901f3
fd15eb130014f9fd
effc1416faeeee13
0e15170eee05f309
0df8eaf60315ef03
05f20a1108f1f0ed
fd0fe91514f8f305
eee910f8f00a030c
ee04faecfdeafbec
04f210ea0c0eee09
0506fb0bffeef5f2
fdf50701f7010204
f118ebeef4f50113
01ee1500130812fc
fceefb1310fa0fee
0616f418f9f01807
fbff04f9f5e8ff0e
edf004faf10615ef
ecee00ff17ebef07
0815f2f4120be818
07ea14fffef4f105
f10f070bfff80109
00010cf9f80617f8
0c1815140afe02ff
e9eb0618f8f5050e
040bf9fffef21209
080eef1214ff1410
f1f3fc18faec1402
0a061004fce9f5f1
f31610f1f5ef18ec
08f509ef04fffdff
ecfce8fa030df1fc
16f90c17f9ff1715
f40500f2ec08f7ec
17e8f10dee1702ec
05fc07fb00101301
0211fced00f70008
faeb030917e8e804
fa02f6eaf5f311f1
0e09fce8ee12ea0f
0515f9ffecf609ef
140210eaf9e81702
170d1118e901ef03
03eaeff00300ee02
18eb1003160b020a
e8e9ecea0efaf1ea
f60601f4f915eff3
04fbfb131514fb06
eaf6f8f5f70f0d07
13f7f2f0e8030ef4
ee08040100f3f301
f4f110fa1208fd08
14fcf40111041606
16f6ef0b17fb00f3
18ffecfcf0fe0209
eef5f0eb0117e8ed
e80ffd0afd0201f5
fb05f111080e00eb
05fb170e03010109
f4f20c05fff9eeeb
eb07ff0afb0318e9
0e0f1111fb080e10
180517f6ea150cf1
09fef30cf2160efa
0feef002f6f8f2ee
fff6eb0eea0ef412
f4fafc15fa0bee12
0707e8fffdfd0f07
140114181810eef6
fa11f4f1e909f40f
fe0905f51002eaeb
11f81209181302f7
18fdff0118f8e9f6
ecf004e905fe1107
f1fff4e9eaf4f80d
0ee8fdfd0ef2eaf7
f117efe80916f1eb
13edff09fbf017f5
f9fbec06fdfeedf2
15040508f9f3180a
fb000ae916071111
05f0f50712ff1613
f0f3f9f2f402fe08
f309f4fff3140ced
e8f000f2f60bf8f6
0902f600fff717f0
0bf4fdf011f30d0f
08fc0d141403ed05
0bf5f602fcf60514
01fdea151517fe04
f11309f417ece904
f814fb0d160a1818
08f50b08f0fafcf5
ed101718f10df3ff
0205f104f3f903eb
04fa1203fbf4fd06
fef0f409f808f4f9
f3f3ea00eb0206e9
10fbf20401fff9f5
e9f6ef0e03f5ecfb
f3180d05ea0e1713
ea0a00f6ef13f914
02f813f1f602ee06
140418ffe9e80f04
e80915faf0fd100a
1008f1faeb0bec15
150f080f06070af8
effcf403120af2ef
f917ea15f5fa0808
e8fa0805feebf20b
fb13f40703ea1016
eef9140d15f50306
0516f4f6ef05ff15
f10015f81416ffed
fc0807ef11ff10f7
fb05f5ef160aff0a
ef15f3f9fcf9f00a
edf0ef06030704ef
ec02f5eeef17f307
f609f6edf5f902fc
13f407f9f90f0507
ff0ef7f4fe0304f5
f117120715ff0d05
fa111817fd14fe13
edf809f113f7ef02
1804e8080b06f4fc
1813fd0313f200fb
f8fef102f40ff301
0e161009150b17fb
0a12f813fb0e1514
00effd03f6ee1312
fb06f607ef12f007
e9eafc0ae804f3f2
f4f0fe101303effa
feed0700030e0f13
011602eae8ebf317
10ef0f15f30109ed
ed1817f7fe121703
f6f7f3f30d130d08
0a18ee0af415f2ef
0b06fffdf3080f07
f30a061817effafc
f1eef10cfe17fa04
0813160506f61807
0218ed12f30d01f7
edfbf4f8f7fe1711
0aefeb16f60dfced
06131001f20bfbf2
10f7fe04f9f20d05
0ef8160c1110e8fe
110c0216f6020b16
f1ea010c040010eb
fdfa04f8ea00f3eb
e8f20f0f0404ecf5
09fa0a060705eb09
e90115ee1204f705
05edf1fbe906f1f1
14f0ff0aeae9fa0d
0bf5ef100209fa16
15f5f4f1ed070207
f003ff0d0cebfd13
0ef41602fef014f6
04eaf1feeff6f910
151104f31517e90c
04f71507f81101ed
0917fc12080ff900
f7f4f209fa110807
f2040811f5edf20c
17ffedef03effeef
181414ee14160be8
0c16131505fd060f
18f408f505f918eb
f813f102eafd0bf1
050102000410f414
ec0613f714fb170d
fb0af002100415ff
03f0f705f71602f0
fbf61515f8f308f8
05f10dec080c0eff
fbf6140a071115f9
e81502eefef4edec
edecfaed0b15f704
e900fb0214f30915
07050f1503f3ebf0
13f4f1fd0b1614eb
f105fd0ef4fc0d12
0202fb0d13ea0702
f1010ce80d1315f1
18fef90a090212f6
15f715f5ee170307
15090d08f4e8feef
eb1203f8fa16fd14
ed0e130c150806f8
181307f009f6fdfd
fa0ff70df3020cfb
1700ed0518100bf2
0cebee09161806f3
06fc08f5f8fc0f01
f604f018fa0114fa
15f0f8fdf3150200
feef00eafff5f601
1601f7ef1102f015
0b05f1f6041610f0
0eef13fe03060905
0c090ced04f7fd02
10ff07f714030406
f7fe00f0fc0af2fb
fef61012130bfa10
040ef2ec040d05f5
ea0e111417171814
fb13f8080707ef02
fe03ee16edf109ef
ebf7050013eee8ea
02eefd18fe0209ef
0ae90502eceaf801
09ea0ff8fe0df90d
ffed0bec12f41107
f1fbfdebf7040702
ede903fbfc041713
f301fb030910f908
f305eaef0d0908fc
02140ff1110df3f0
06ea00011807f6fb
f71210eff008f2eb
f8e91104ea160e17
ecf1efe81706e8fc
fd0d07f9efe91503
0d12f9eafcf11607
010bf1fe14f6fbff
fc0beff5fa120b10
ea0cf0f609fbf7fd
16fbf114e9080ee8
0ef2ff0f07edfff5
17e906ee1111f7fa
16100af3eb14f902
0d111109fdf3f815
f6f90c150f15f8f6
01ed1018fc0309f6
f50a0ef4f9fe0ff6
ecf6f80f0802efee
f3efec1209fc050e
10fce9180ef2fde9
010202f3f40b11f2
0c0704fd11010416
eae9ec03151711f2
f501fbea0effee0f
f507ea1212f01807
e9e9f701f4e8eb08
f009fe01fb070901
05f8e8fe15050e04
0511f20610ef0001
0007f1edfefefa02
14ebf6f401fdebef
0b16ec18f6f6ffeb
090cf00bfeffee0c
13eef9e9f2f6e910
030b0feb08f3ef14
000510ebf6eafaf1
18171512f1fbeffc
0bf8fb07f406f8ed
eafe181108f2fb0f
ec040deb0e150514
f6ec0ef402fe160c
080411160015f0f0
eeec0f02efe918e9
0dfaf70ae80ff1eb
ecfc18f0fffbf10d
141207000310eae8
0e05ea09e9ebf200
fd09080715031714
160fed0d13f012f8
01e906020f0bec05
f2f0eef408fff615
e8fbf8fc05fe01ec
fb0ee912f003f20f
fa17090becfc0f07
fe180d0802f20dfe
1301030efcfc13e8
eef2000cf9f5010e
060218f3f50f1606
051717f50d09f9fe
e9f1ee17e902ff06
f4ecf30bfc08f4f1
0c1707f611ebf30d
1001eefa01081700
0f15fdfff60df20b
f1eaf0fdf715ff03
180bf2f8f40a1113
fbf814f7ece9020e
07fc17e8ebe908f9
f608eb02f7f2fe13
f7f00e0df7fd0611
fd04efef03fdf007
130f13eb000ff90d
f8f1e9ed11f705ed
f6f3f5f91717f114
180817f5100c1614
0c17ef0114f40607
f5eef910f4f60d08
07f213f3150108fa
0d07150018f00beb
fc00eaf00b04e801
070f0a131510fa17
ec04fa14e9fb10f7
fc15f2f709ecfa0c
17f2f802f1f1eeff
0d0df6f413f4f5fd
f8ff1200ffec0f07
e8f2080bf214f811
f7fdfcf30d1313f5
f7f0f7050a09f10b
0517f8eceb180601
eef30afc0f0e10fc
f810fa08e9050c06
1408eb13ec02f9fa
16eae915f5fffaed
07fef50103f5f20e
eae913fe181714f6
04f9f6f6110b15ff
e9170a0112fdfee8
12fb00e9ea02e8eb
f70b12f2eb0018e9
edf8140f14f0000a
ff0915eb1804efef
1800f4020af50b05
06fc0af3110b1113
0504e80c130109ef
13f1ee0416ec020c
f6edec0715f41515
f00203edfee8160b
f403f5eefffaf3f3
03ff15f8fb0ae90b
090814fbeb0ffa11
160b180a160c120e
ec0ffcf3fb11feef
f5eef1eaeffb0311
0afff115fcf01810
05feed1104ff07f8
17e809140af8160f
12ef0dfdf7e90bff
110ded0bee171716
10fc1511efffff0b
fcf8f0150ff517fe
04ff16e90d1109f0
ed0c06f3f00016f0
050201040c010dfc
07fb0f16fdea0008
f7f1ff1501fa03ec
ec0f0b0bebfee906
f513fa11faea06ea
ea0a0cf5090911fa
ff04fffbed0f06fa
0afe11f00de9ed07
0501fe040a06f50f
f70c0ef40611f0ff
01fe03ebfe05fa15
e9ef0afb11031202
0cfe0ceaecfef4f5
eb0cf60ef5eb100c
f50a171100150cf5
eeff05ec05f1efec
0f10ebf5120ded0b
12edf4f01213060a
07020218160ef702
14faeafa09f605eb
17fc01ef09fc0fee
0bf0010b10061100
050efd02fffbff0e
03ec05f10518fb10
f4eb090bfb0616e9
f406f1ef07070d0e
eff4ef0bf3fc08f5
f3f30af51613020c
11f61807e906f408
fef3f11502f0f608
03fde80ce8fff8fa
ecf8061312161604
f4ea100a0f08f0f5
eaf0fcf1ebf10405
1518ef07eefceee8
f3090efe04ed1214
0d10f10103ea06fe
0bedea0aefeaf403
ee0ef9e809020d02
edeaee0012e9f404
00f4ececf60d0613
11fe0406f8000d15
090c0a13000b0701
1510f916040bef07
11040f13f20f090a
14f7fef9ecfb0f14
f6eaee06f5eaeee8
17e81407f00a0a15
eeeaf609eef50aea
0bfe0715e9f9ecf0
180510090afd0fee
100912faeef418f0
f7170a090bf909f4
09f50af4feebf9fa
04ee03001601f40a
ed1615f0ff051018
02101413fdf7e8f0
f709ece9fbf4ec10
13f4eff8f1f902f1
0806ed150909eb13
10ecfcf70d0a1410
f214eb041609ea00
05eb0803ea16e9ee
011506f9ea1800ff
1516140607eb14f9
f4f4e9f317fc160e
0705fa0501f00c08
1810011503f00b18
0718ff0b0d0eea0a
f0f3fbfd06e9e8f3
f403fd0e15f10e07
02f41616eb0df9ea
f7f4ff010d091709
fe0df8100dfb02f8
1204f30c07f909f6
150c060bf815f909
ec030f00f911fcfe
14fd0dfeeef0fb0d
faee11f5ef02f1eb
eb0fff120b15eefe
09fc13e80e1217eb
0d0d0715fb0210fc
08f1140c110b0e17
15e918f11117f4f6
f80b0915f2ebedff
0015fced13f303ff
e80f15e9f2f212fd
f2f8f9f218f60916
f500eae90cea0b03
11e9f2f1eb04050b
ee04eaf2091018eb
01fcf7f6030113fb
ee05f0010a14f8fc
f8ef13e8f70d00e9
f113e814fe16ecec
08e9f8ebf10effff
05f912eb18f8fe04
fded00f7ebeff60a
fdecebe8ebec02ee
f8f8fa12fef814e9
07ea15eb1805ef0a
ebf3f916ee03eb11
020aea0607e8f003
ee10fdfa000f0d02
0fedf8090ff50001
00ede8f5ec180af5
ebfbf1e90e0b15ff
160d000af0140611
f211e80916f30f0c
07f9ee0105070df2
0d0d110d120ef218
fd12f10f12121416
0cedfffaeffb0a14
f6e903e8fefc03ea
05e8e8fcf9fffa01
f1fcf0fbe818f917
eefe0a001804f40d
fe15ef1715ff0604
1501fde9f2fd02f7
0febf1f8fff40a04
f414efedf5f91613
f903f6ea0d0dedf3
1801fe0c17ec090b
f414eff7ef0eeff2
03ec03ff15f8f30a
fe10f104ebedeb11
0fe8eef10d140c06
efed161809f20800
0aeee90be80b14ff
eb09eff6f412eaed
08090905ef0ef3ec
08eb090eedf9f4f4
0c0508030406fa14
edeef00f06f7feeb
09f5f0f2fcf10809
1505f6f6f0151309
1200fbf818080df0
ebedec04f4f2080a
f20d14ee11e9f0f2
150118e80de90eef
0403f409f40204e8
0216faf611f4faed
e901eef6eaf0f103
15000e17f511fd05
fafb180403120012
130e010d06fbe9f5
ea0608f106fa090a
eb170b180512f8ea
fd0ff4fe010a1516
f803fef10d11e914
e8070803100fe8e8
011708fcfd10ee09
0907f81217030ef2
16e80be909f1160b
09ef0f0cf502fbff
10f6f902eaf20717
fd0d0101ff161603
07ef09140e010d06
11f001e91010fded
0600f0f600eff102
0df703f0edf9f7f2
f6091112eee8edfa
eef5eefdfd0a14fd
0601edece9e8e8f8
0df815f80513e802
f9f6131208f20ff0
090e0b17eef1f7fc
f012141816081711
02f2f4ed0d08f000
11ea0e08f31713ec
f911fafcfe06eff9
f20c09fe09f704e9
0b11f9eff7f4e8f7
0fec0116fe150101
16fbfdfb05ef13ff
e80e04091011f901
180cfe0c04f00b04
17f1f416f0eaec16
fa0b1300eff8130e
0913eb100f15f0fc
fc0cf3f4f0f0eeff
13020e10f70f0dee
070e0502ebf615f5
f7170bf4e8fd18fd
0ae802fefeeeece8
f706f9fe01fa01ec
060dfdfaf6140818
08fefa061410fd11
1500f90602fbfbef
ed0bf1f6f4fbefeb
09fa130c10110f0e
f4effa0d0103f1e8
16fd0ce8f3eff706
ecf5f10207ebfcf1
01f9f505e8ebeffa
1213ee17f0eb1701
f2f00900e9f301fe
17090618e8ed12f5
1208f6f6110d1309
08090ee91503fe11
f602e9f4f9f4fb17
0beffc100d141605
14f00e12ec020d17
150efe13f0001612
f508f8fbfc17ec09
1315ed0df6f3f6fc
05fc13ee0bfcf8f0
f010110b12f30b06
1418ee06070e18ec
f214f50bf307f603
e9ecef12ff170212
fa03e8eaf9f90808
f9ee0a0809110c0f
ec0eebf2eee908ee
ebfb06eb0505fafe
0c12fa0ae9f5f3ff
0b0e04e90717e80d
fcef110607f802ea
0102f61309fd14f0
0ffb01050a0006ed
080df1ee091211ee
04fbfbfc16f3f50f
f5f00306e807e808
06fbefeced170af8
faf9f4f10de9e804
0911071000f6ffeb
f517ed14fae8e917
f9170d13150af406
ee0306e9ebf90914
fcec11f00a00f409
e907eff30912efeb
ffedfb0cf6ebf7fd
161614ff0af40af0
ee0708f813fa100f
ecfff6f5ef0cf813
f3f20af11100f410
160bfd04edf311f6
0bf6030c0a00fafd
0cfeebfff20a0b08
f718090d04f4120c
fffffceaf3060c0b
1508f2f51603ec0c
f31808f7ed0ef5ee
1301e9e817180101
fef3fdf9fb160414
041211f61612ff17
f7f7fe12edea1307
0114efeff309070c
0ff3f0f9f401ec18
f7fdfd07010118f3
f51505f1eff518fc
effe08020f16f5fe
12eafee9faede917
f90a0800100c0216
fd00eefe09fc0406
eff30aee01121310
f103ec12e9f414f8
1706170610f6f2f3
06ff0616020a1117
f3040b130f16fc08
101510eaee100ff8
09fae90ef806eff4
09f906f900090709
16f4ff07f4160e03
0df016e8f502ea11
050e12f500f712ec
10fe0b0aec12fbfe
faf308e8f1ec0108
f8f8fded13001406
0bee09edf6ff15e9
f1ee0afb0317ffff
03f1fb16eb0a1110
06f2f517ff00f5f6
11fa07ece8100316
fdee0b090ff6e8ee
f90f13fa14e8e8f3
11ed0cea051508eb
0bfdfbeb0ff6ed07
edf6eb0ef40a0709
fce81608fce81208
e81403e810eef517
04e906e80ff113e8
15050c11f80312ff
f904fafd0aeaee0a
0a0ee800ea09f307
f20bf01602f8f3fb
080c14ee0cecfcf7
e91215f70a02fef2
10ff0503ebfb01fa
e807100af1051013
0301eb09e9eeebf5
eef3fd140ef9ed0c
eb15eef1ed0615f3
1614f0f01207f0eb
eeebfe06f4ef0c16
f6f5091802fefaf1
fae80cf0fef811ed
fe08fbf1fbe8fb08
1618f1fa0b070a0e
0bf90616f8fa0310
ec0905f000ef14ee
faf4110f09fe0ffc
efe8f902f8eafbf2
01090ff5fefef9ed
f3f5f50b070703fb
0a16e8160f011707
000e030ef300000e
09f9eb05f11111fa
fff4f509fdf417fd
0cf4fdef10fe01ef
f4f813ed170e0b17
04f605f7120df6eb
0407fd070512100a
f5f309ec000c0110
150e15fb16110b05
ecfa09f9fee8f811
04fb0e0ffeeefc0b
0713fcfffaeaf90c
140ffa0415fdebe8
f0fbeb10eb1702fc
f8ff09fa15f0fcf6
0af2070d08150007
ecf40103030c0d07
fcf9040911fefcfa
0d04ec13e9171803
fdf3f40e0d04140d
140ae9ec05f6ebf1
eb08110203041402
00f2f7faf3f8fe0d
08eeee0101fb07f0
1603070e0209f0f1
f60517eefef8f417
0df8f3f817fc1217
0607fd010af11114
16090b0913f9edea
0ff5fe030bede902
fcf818f2ee170bed
0a15f304f00b0800
e90f06f1150e05fc
13f9ec0c0902080c
180c120ffe09e902
15f1ecec09fe100b
e8f0ee15f9f805ef
0df0f505ef15f20c
e80a02fef90ff7ff
120010010cf114ea
fa090f0de80311ed
17ff03edfc02fd14
eafefaf6fc11fbfc
1516fceaeff20d0a
13fffb121806eb12
07eb08ec0c0a0cff
13031702f10eefe8
fdf40818fbfff9e9
faf5fcf011eb0c17
0c0317050f0bf20f
f311efed1100f0f8
02010d05f7110eeb
00f7f1f3040714e8
f804f303f8e9ffed
0d02f3ec150610f8
02e9f1e8fef80e04
fcef00f0f1060aec
f8fb06ed04f6ebeb
f00cfdeffd03feef
0aef04081500fcf7
17171312fa16fa16
f8ff07ed160cf1fc
f5f012f613eef9ff
13f1f6f103f807fe
011311fd160916e9
e9f8f80c12171410
03f8ec0dfb0c18ee
fb130cfa02ea090f
11f4f407fafa0a06
0901f9f2f0fef3ec
141307fbed09ed0e
050804f6eb00e801
010811f40ff4090c
0bf6eeeb10f8fe07
00f4fef402f00e12
ed09ebf205041109
0907050612070ef6
06ebf9e8fc110fe9
f611f0f4f006f1f7
f2ee1111fd08e90c
0308ecf9f9f40802
ee0f18f9f602ee10
13f9140ae8eced00
02fdf6f2faf7ee13
160f0508ee10f2f4
f0ea1505f00dfe0f
0afbeb0ff0f2f912
1111eb16fc01f1fb
0811edee07fefb16
ea01020e111412ef
ff12f9f80e09120d
03f30913f50cf90c
f0f911ebf60d07ee
0a0e02f6fff90c14
fcf9fefe08120c0e
0904fe04fbf9fe02
16fce8e90507f006
06fe180b0d0c02f8
14f4f3fff1f90d08
1101f0fbef0ff7ef
13fa13f4e9f4ebed
100812f80b0416ee
e9030bf21814ea08
07f2f80af7f7f2f9
020c0bede9f90102
0d0c0807f911fff9
050ef0fdfd0907f0
0c01fe1213fb08fc
f2140a00e9f10c00
0ffe0ee9ee05fa0d
f0f8ecf809ebf412
f9f30cf002f1030d
fdf00612ebf70504
f10107f3f8ecf3ef
f900fc05fc0f0af4
0a09f516f1f6160e
f611f914f20b09f3
fb0dfdff13faf907
fa0ffc0e07e91718
0c1218e8e808ecff
f917e8ebe81504f5
02e912effff50d0f
f011fde80e15f110
0af60cf215ed0be8
16ef0ee8f0fa05f4
0510f0f51518ebfd
f31610eeffeafa0e
fa0c0cfced150ff0
07f2e9fe1201f612
16f10003ecfb00f2
fd140ef6f30e01fc
f30eedff0612f608
f9ef1806f80610f1
130cfcf810fff811
090711f5ecf6f3eb
fe17170306fc11fe
fef509ff0d05eb18
1613150f0a12ff0d
00130df206ec14f5
0813ebfafff0ff0f
0cfe0715ef1315f3
eb12f30d06feef0d
18e9fdf20a14040a
fbffebeeff03efe8
11f50efbf3120904
0b1307f200ed01f1
fbfefb0d11fa0ce8
fd02121713eb0aeb
09ecfdf8f3f912f9
06f814ed060f04fc
f1e906060413f302
0f0912fb1008f40a
14edef0eee050d0d
e8090116f218ebf8
efecfbf8070eeee8
f0eceef601fcec09
ecefe9fb09f400f1
e8eaf4fae90306fe
09f8edf8fbf612ed
13f207eeeb150e17
f2f30c17fbebec05
f9f2fff3f8f20a12
01f70ceff3f516f5
02f6eaeaf70a13fd
e8ed12ee14fc10fd
18ff09ecf205fdf9
e9f903faf5f80803
f4ebff180d0fec00
fc0f0c1307f212f9
f70efafaeef4fef3
0ef7e912f7e9130e
f8ec08180aed00f2
e8f1160202fa040b
fd060406f2030b02
001811fb0617ff01
f3e90d02fdfb0006
f60af511f9fff1ff
edf5f2fdf606ed04
f5f0ef01fffe0417
0cf3140c0def1816
0cf7ed15fb0ff0f2
f0fcebf90804f013
f9ef08fbeef0f4ff
f7e80cf30eee0509
1316f2f60f011215
040af40f09fa17fe
12080afbecfeed16
0a1002f315f7f7fb
fdff0ff80de9fa0c
e903f2f311ece915
0f000d0bfcf502f5
f9f9111606e90b0c
00ff1615f40e01e8
0d0500f6f502ff07
0c04e80d05f9eaf3
0cf4f8f7130500f9
0f0005ffec18f403
f7e805fc00fc0d0c
0f00f60610edfaee
fd090501f0f2f6e8
f702f70ee80b1210
ebfaf60cf2f10b14
0e16fbf7e8ec08ee
0d16f9ece910fef5
17fe0bfd12f10715
fa01f6faef0bfb13
18e8100dfcf4f409
f4e9010617efed06
e91113f1001302f5
f703eaff09fb020a
ff07ee0806091101
eaf9f1f3fafeffff
f6fded0cedf0faf9
14050bfdfa11e806
0608151102051818
f1f2f80a13e8f9fe
021703ef14fd1602
04efeee818fd0d0c
0e0a110a0aebf4e8
021605fe13eb0f08
f5e809120bfd0006
05eb0ff4170ef50b
ebeef60902f80b15
fa00f0010cf8e9ef
f9fc140415e8f8f2
140700eeecfdf2fc
f909ea1100111705
03ebf3f0f90f1404
fc130df9ebf51115
0116ec11e90b17fc
06fe050c01e918f3
f5fdfaeb0deceb06
e9ec0f15fee90a00
0af5f3faea17e80e
000e06f40d030d18
f8e9fa0204ed0014
e801ea1706ec0104
edf41611000313f7
ff0dfffcf312f803
0aea180ded1013f9
f1f6fbeffc18fef7
0b0a0412fc13e80d
0efd05ed040b1016
0013f2f6150d13f8
1707fcfaea120901
131100f9fef012ec
13ed05070e16fdfe
f1f7fdeee80fec03
ff050af40cf2f407
03f9ef170af2e905
fb0812fefe0118fa
07eff20b07f21213
fde9140317fd1200
ebf2f6ecea0e1218
01f1f20aff0be90f
f60907fdfdeb07ef
05ea030e13101806
ff010f18f9f006f1
0bee18020603fdfd
0307fc18fdfae8f8
ec080dfe0df9030c
0efff1f009edf003
f5f0f5f7f20ffd12
05e908fff41300f7
eefbeef90be9ea18
15011007eafa0b16
ee0316f913fde817
10ec0bfcec03070d
10100dedf7f2f8ff
fd11ef10ee03e909
f3120b09f2f4fdf1
eaf3eff5fafd0915
fcf9101815eafb02
07f3f3f10efdeaec
f9ec0bec0df9fd12
fd13f71613f2ef14
eefcf80713091215
fbf4fdf0e901ee0c
f5130c01ec12fde9
140dea12fff209ec
05f3f4f20b020eeb
00fc0af3e9ec0f0f
15f6fa10f612f6ee
ea0ffe0fe9fa16f9
f001f610010c1313
0d0bef09ff13ea00
0511ed14fef607f5
f4fdf5ece9f90715
1812f5fafd04f301
13e818050d0a09f0
f5e9060ef9e90900
02e905f5ea12f1fb
f80aea03e8f5e8fe
01120707f0f505f4
ecf7f515faf5ebf6
17fbfc1413030b0f
e810eded09f3f009
130214f00cfcf115
ee18f0eb08f61214
170bee0603f3e90f
f50500fef2fafb15
150beeebfb170717
0510f30ef4011104
1016000a0a110713
0b0007ef0a07f2f2
08ea1217edfd1201
f40b1607f3e9ec0b
0dfb09091113090a
f1eb0c0d09021311
0f0118e8f400f0f9
f615ebee15eb0505
18fd10ee00f2f6e9
0805021413edf310
f9eb0c09faed0cf9
170df505ede8fc01
040af50409f30aeb
ff1218ebed17f115
04f6e80df5eeeff9
0aea06fe10fff6f9
18ef17fcfdfa1817
0ffeeb180511ed15
10ee01050bfffafd
011702f9eefc140a
07f7fa18fbfa04e8
eaf409f8f116f90d
e9f5f2180bfceb02
16ebfbf7fb130ff1
f313f202e8fb0405
f2faf9f008faf8f1
10f2effd06ecfb07
eefc11eb17f0f0f3
03ed0afefff0ef12
170a0903f613eb14
ece9f1fc170ee8fb
fc0b0e0ceaf7fff9
04f00c0911fdfaf6
0202ff18e9080f01
13f3f8f3130a1008
f8fc10fe1401f0ed
0ef20b0ef6fb020d
fe14f4f6efed0a0a
f004eded13100bee
010ef1090d0cfef8
f50b1208f211f209
0deaf8ffe80406ff
14faf10cfe03f3ea
16e9ee0f1411f30b
f3eb0e13e8f9eee9
0cfb00f1eaf2effe
09fd0b1702fa0615
f006f0f70ced0d13
08efeff5ede9fa05
fbf7f40df9e80a05
f7f5ebfc09f6f9f2
f40100eaee1016f5
f7f813f6011406ea
00eae8f5f911f00a
fd05e9fdfcf9f6f1
18ea06ee0cf8f617
08f50609eff904fa
120aed03f2ec0afe
ea03fa1710f7030f
0df11708f4111003
1417f304170a1517
ebee030211ee0814
0d12fb0bf9e90608
ec170afe01e8fc11
fd0f0ff80c0c12fd
e900f406e8faee0c
15e90dfaf00dece8
f6eaf8f409fff20c
f305fceef6eafbf9
16fe14eb12f9f015
0e0100120debf0ef
f6f5ff08f80b03f7
13fd04fa0e0204ef
f50bfc0eeef7e8e8
08ecf9ea090e0beb
170504edf6fe07fe
fafcfc0010040808
08f20e0804f313f4
17fa0a0b170304ea
f008f1f5ea08ffe8
edfe0512ede90fed
e9fe0dfafe0cea15
0d16100b03fffd13
ef0305fee90c1100
fc09030218fb0bed
fff91312f0f2f813
14ede90a160eff02
011206f7f7051506
fef1180713040916
e9f711f80a0e0df4
ecf9f9080001eee8
f70708fe000ef80c
09eafa03eb0d1815
f6f6fffbf6eee8f3
0df1e90602f50916
040afe15f5ff1618
170a071508ebf10d
1512eaf509f1e8e9
f4fd170de8140ff0
ff14fa01f4f4ecf7
f412f8141212f2ee
f708120413001304
04fdebfcf50917f0
150d071106fcedf7
eef80103120c030d
fa04eaf702fdfcf0
ff170ce8fd00f912
00e8f7ec1513ef07
ebeafff7f211060a
0a00f103fa16010f
18081718ed14f902
ef131215eeffee07
12e9ed00fd06f807
fb0af9160cfeed0f
f30510eb0a0a0c11
f601f714f60811fe
080916ef0ceb0dfa
fa0d14fcee100bfb
f81403f00cff0bf7
0212f417f2e8080b
07f6fbed150c0604
fd0eebee12faf8eb
ff03eeeb14f4060a
f213ed040313f0eb
0206040ceef40113
fc0a0b0c150605f9
05fafdeb180e00f7
10fde8050fecf508
11e8f5f8f30217fd
eafe0fecee130916
f3f30f16ffecfbf4
f313e8040c14f116
fefce902fb15ed0a
ff0fed140914f100
06fbe80109fa15fd
18f4f0faf011050c
0e15150912eb0f16
0f0e0911f5ed040f
fc18feff1105ecf1
1506f5ea0c121302
ffeee80dee0ffa02
f9f0f6e802180415
04fbff0103f2f6ef
0cf70afffffbebff
021702f60e04ecfa
10f7ecfb0a02e8ec
f4eef9f5ed170b07
ecf4f60211120d0f
f8130517fe0b1116
1110fefbf6eb08f5
0816f0fbec170c02
ea0206fc0cffeaeb
140318edf1e91313
f907fc01fd17e907
0e040213ea06ff10
0900040b05f8fbf8
faf9fef8f1e80715
ed100410fc0f18f6
101401f415fff0fa
0415f507f00913f9
fe10f7170310eef2
1013edf016fef3ea
fb090409fa01fa03
1814f40bebf20ded
11110710fc040af9
0e0efae917070f0e
0d01ed0a00100108
0d00ffe9180a0906
15fe08f312f1faf7
f3130dfe18180af4
0cf61109ff04f416
ee0df90cf00affea
0307f2fcf913fe08
1314fb12ebf6fa15
fd120e0dfef605fc
08eaf208fffd0a14
08f40711f1ea0ef8
0908f2e8090afef6
ffeafb0ef9eee9ee
f2feeeeeff0401fc
000afbf7f817f217
14ff140f02f2fcfb
04eb110811140702
f0f60a13fc05ef12
fa09eb18fa000915
f60efcfcebfe06ef
09030a140a0eeff2
f3fbf1ea10f914eb
f616f2ecfe13fdf7
0f04f7f3f4f8fa18
00f1ff15f6f40412
0613e910f4ec0115
09e9180a050cf616
150dfd0e0903020b
0018ee1109f8e917
000110160406ebf3
15f7ea0afe030211
fe10fcf41704f809
02fb0f16f7effe10
0a0414000c15f6fc
06fdfeff0713e8f7
0518f80efe05180a
14e8f0f90efdf509
06e917ec0b141414
16e904090211ffea
fe17f0f20df0f80b
eafe020feb021211
18fc0f0dfaf2ed11
18f3f6120b1507fe
effd05f2ea09faeb
f006091310f803fb
eb05080114f41804
f2fa04f30ee804f0
f2ff1412100b01f1
e90113f8fd04f8f3
fb07f20d0a040b11
f2ffe9f614e8ea0e
140109f5f80104ef
f4f21407fd02f1f6
17ff08f50209060d
eeee0af70805f316
08fc11e9fe08ef08
eff30a10090514eb
02e913130015e910
11fef9ee0d130711
f6e8f2fdebf01003
110af5f7fd1401fe
0de9001311071509
e90bf2fc1616e806
040ffaf6eaed020b
ef0d0c050f0c03f9
0f01f2fa05eb0d11
f60feff7f3f712f4
0216f90ef518fef0
ea0515f9080c0b0e
ebebff04e8f3eefb
10fae8fa08050d04
eafb0fff11f4eb04
f7f8fb110b0017ed
0808f912e81714ff
100912f20efdebe8
0ff7ee16f8fbec0b
0ffd0f01f103e811
1118f9ec0114f909
0efb03f70a0e08ec
1518e8f8f8e8f801
061001f3f00e11f7
eeea01141505f2ee
0e000cef13fe0c14
0c0c180f0f010f11
f4f4ef02f300f00e
0aff02f71202eb14
0ef715f8ee04eaf0
e9fd090af709fbfc
f2eef7f7f20710ff
f6f11513f31604e9
06fbfdf80cfffd14
f1f5f208071007e9
eafd0800f6000d16
eff7ebfdf41310f7
13f9ece9f4ebf00c
0eedf8fbf2ecf8f1
0c0ef7fff3eb01fc
0f18fef2f411f605
f3f1010c160009f7
041012ee040b05fb
14eaef17fb0c1106
08ea0d0900fbf103
f6eff10d0fea18f9
ff0e09ed0704f80c
1511f911f30506fa
f101ee0606fa1808
0202eaf80a09f013
07eb0effee0e12f3
1217eaf20cf700e9
120b140beceef8f9
00eef5fc010d0112
00f516f209faf218
15eb12f704010609
0009fcfdfbeef204
e8ff07eef6edf8e8
03eb0de8fafaf3f5
f80905180f08f516
e8120efcf4e81610
0c03f215eefd0bfe
ee0c140508141311
ee0612020c1818e8
f2e9ea14fffa090d
1211f7fb0b0e08f4
fdf0fa15ec06ebf9
03010d17f9ef130d
f4f4e8f306ec01f1
0cf6eeeef1160311
07f60c021513f4fc
15ffea000e0700fd
16110ef009fd10e8
ed16f0edfe081708
07f5fbe815160af7
f8fb0a14f0140d04
0e080cebfe03070d
eaf8ff18f7f00904
f007f7ff0c0aeff0
0df407eff0fe1704
050811f5f102e810
00f8f70007fefeff
0300f6f7ef0c0802
12ef1213fef8f6ff
fd0518f2f4ebf0eb
18ff0112f9001115
f20ff517f3e9eaf5
ea0a1005f6ee01f2
0cf30f0decf21207
0cf0f8f5ea0a0501
f1f6faf7e90c1707
0af607ee18120e12
f1130509f70507f0
050b07f8edf40806
f812f0e801020a05
f5120cfc18ea0e0f
f801e8f2f915f4fb
18f1edff02ff0404
0715110501edf9f9
eff904140ae90cf6
150af502f4fd0711
0410160207fa1711
06ffe918fa0f18eb
0800f313f3f00e0e
080d12e9ffe80afa
f9fe1718e906f6ec
18fe0b06f4eef3f0
1116f014f0eb0c0a
f50710151305f311
fc04000f01fded0f
fa0f18ec06f0f9f3
07f80cf8fcfa1603
040afaf4160dee02
0709fafbe9f4eb03
12f3fffa0af8ff17
161503fe01f2120a
09eb03e91816fd05
ef04f2fb1206effa
fd0613ef15faea09
1704041001eef10e
03fb18f1f4f808fd
0c13eaea030f1311
0a0afe08ecf81001
ea04110417eb120b
e90cf703070bf814
e8f502f2f516f400
f4fc170b0211f806
fef604ececfaf701
fdfb031605f802ef
08f4fdf4f9f71817
feffeefe0aed1312
f8f6fce806eef4fb
15ea110f13f01412
18f3f8110b15faf7
ebfcf8e9feffef05
f7060df4f91507f5
18f411ecf1fceefc
fc090ff50fe915f9
11f3e8f3f7f30e01
16f811ea09fcf50c
0afdeaf203e801ec
e906ee08e81301f7
150b09eaec0aeffe
f809030af70f0cfc
ee0101e808f00e17
faf40f0aedf8e9f7
eafb0bf90c040814
eee90012fbf8fbf6
0c0afef91209f2ef
180e120cf81717f3
ed0ef0170414ed08
150302f412160fed
01e903e917f8eaf5
07fbec060c16f0fc
f3f701f90105fa17
effc12fced170517
faf8f5f516ec0805
16f506fd0c0b0608
11f7f70df806ffe8
12f215070b0afd18
0bfbf80cf2eb15f5
09effb0411f2ecee
f31305f20f16fd10
f9fcfb1601f0fd0f
11f11604ecff0a08
f4fc0df8edee0103
f9ef0018090617f6
eefdf1fbe80005f8
0913f006e916eb0e
ef09eefefef20ff9
ec120a11f5f3ebf2
e809fefbff09f113
e8f900140d11f5ea
1507eb13f4f4e818
fef9eeee0d110dee
14130113faf70404
03180fff0bfa1710
fd04e91601eaf6ed
f6fdef1616f7fc18
00edf6fd14e9ee09
f00009f3f1f1f116
f60208f21814f306
f5050818100910f4
011312f10efc0a0f
fef7fe170708eaeb
fa04eef4f80efb01
04eff001e8f30eec
fffa16f611fe0a06
f8090bed020904ea
f7ebef100500f810
0f0f090ffc0a00f4
0913ea03080c0d18
00ed13f6f817100d
ec1404fb14f1f104
0016ee1812ec0403
14f3eef4f10efa04
fd16fb09f409e9f7
f7eaf3070d030613
fd17f40cf8f3eb17
0cef0c170e1618ec
fceffb14ef1804f4
ea1118edeb0403fc
0106130808f70c07
130c080de9f41015
f7fa11fcf6f4fcfa
06ff0d10f812fe08
fcfaea0100fa02fa
f5f3ff07e9ec0213
f1fa00f716fee9fe
fcf6ece9fceff1f4
021613e9eee9080d
0df5ed05ef0af2ef
fd12eef2fb1505f3
eb0c0817ffecfb06
ea13ff0dfa12ea03
f3ec0be80902180f
11fa18ff03fb01fe
09ec0cfbf10dfef8
16f5f01508fef60d
03eeff0afef714fe
e9f31717f3090311
01eb10070e080608
edf0f914f9e8e90f
06ec11ed14080c02
0af2fe08fc1213f1
03fbf104f0fbedfd
0703ec13faf608f5
f6120800f013eb0c
f0efecea09050502
f8fa081104f31709
04faf0fb0a18ec13
f0e8ed080109fa06
000004f8f0130af9
09ee110ded160cfd
eeecfaf616eaf8f8
02f5fde802f30be8
09fbfb00f3170a0c
06f7f30b07020901
15fb090af8f6090c
f80cfc0af6e902fc
faf6141209edf516
e905edea0ef5e902
03050efded05faed
f2eaea0dedf610fc
0bf3e917fce9f906
f0f4f2effa1805f3
f0e90b11f30e0f12
fbf1f0ff11121309
f8ef10f5f0eb0915
f4ff13f7e81210f2
f1f5090fede9ee0a
f107edea06051417
fcf10a0cf911e8ed
160e080ceefaf9ec
0deeedecf813000a
f809f605f2f6e805
04fb14f716e9eaf8
eae9fa05f2130b13
f802fbebf9f7fb17
ff0a0800ec01f7ea
f8f8fb0b0feeebed
fdf8fdee03fdf113
08ef12140f180317
0a02e8eaec0aee07
eeedff06f6f40712
ea0b1701130a180c
14faf41000fa050d
01fef7ef030c0eff
f210ecf2ecf712f8
fb0afff812040b16
06f5f200f4fd0803
f2ebeff517ed0aee
14ff04e9f50ae8f4
05ea1713ed1015ef
0f080c15ebf2e90f
01efff01fe0aeaf1
02f1faf3000bebfa
eaef120f0b07f1f2
fdf30500fb05f80b
fdfb11f70af712f7
0b06030018eceb16
1117f3f90101e9ec
0116f7ec0d1412f2
eef00811f3ee0905
fdeafc071411ffee
15150806f4fb15fd
130811fbf1fa11fc
01e9f50cec15ff0f
02f1f1140613f218
06001207010bf901
08050a06e8f01507
1103140e090914f8
f9f611ecf4fef2fc
f1eaf715efff0102
fd00f6140504f80d
fc13f90fec11f2ed
eb170cf40df7f3f9
05ed0eede80c17ee
fcfde80c0bfe0bf4
09000815f30a0d01
10e8ecfff1071318
eb1015ee170f01f6
fcf710160316f400
0305ffe8f5eb0af8
fd020af6f50f0500
0200f30f11061500
ebf11301f601edf0
eeea13fa13f4ef0c
e8f702f81512e9ec
120c14ed0109ed18
fd14fa06ed14f602
11f2ece8f0ff00fe
f70ef60ffa0becfd
17f4f60203f20216
edf8f4f505fdfcf7
fb03f6e8e8011402
02050ff2f3fe0d01
180f02e9e8171602
eee9fdf3fef9f310
171409efe901fb03
fbf80bf0ef0d18f7
faf615f3f8fd1404
f5f504fdede91811
00f313f5f300e9ef
fff2f20815fe09ea
ee060af8eaede80b
0407150c1716feef
eafc17e81605f616
02f1fef2f9f9fd12
1212f80bf9f7fefb
f50df7010d12040c
0703fc0ef90bed0f
f007eb0e0b05fd04
0f180d151417f702
faf9041610f1ea09
1516f9fef5f6e8f8
eef4f1140c0c0016
fd11eb0cf8f103f5
f0030ee8efe801e8
0de8f418f2f116f3
0603071412e9eb13
0df30315f7f8180c
0bf801f00c001405
18ed00fa170bea12
f8f9f9f4030fe8f7
ea13fc0dfa17e9fe
f8150411f211eb15
f4fdf0f30011ea18
0e0d02070eeef90c
17e804f30813f3f4
e8fee8f0ed070109
fd121411f511ecf2
f1081314f11509f8
efeeed0b12fc0b15
f904f709eff310f3
edff09f817060a03
f310e902f810eafe
fe00f4001409fb13
eb011613eded07e8
ec03e8eb1312f008
170b16f70207fd13
ef02070bf3f6eff0
16e914ffe9fa1802
f5e900f8e8e802ed
021108eb0808f0ef
f3fafdf0ec04e9ec
fef710ef09ea09ee
e8f506f111e8ff05
140aeff20203eb12
15ef090b18f9eaea
fdf8ff0312131602
e8e90e08ed141801
13f2f2ec1210f1f5
f7fb01ef0df6edf1
fa0611f5f0eb1603
1700ea030deefbff
0d09fee80ceaefee
fef000180cf5f4ec
f512ea10fb0cf8f6
e8f7f3ff060110f1
03fefaf8120b14f3
0bf6ef16ea0cfaea
030dfb0311f71316
f4ebfde8f40de9ff
170a10080a14f014
e80df100f4fee8f9
070ced0103f1f3ec
0ff8f8f2fbfcebec
f7fcefecfb09fa01
0911f6fd02f0f713
f103ef0af0eeedf2
1308efeaf5f1f8f2
1211ecf910fcfbf0
f90f110fed16ec0f
fd0b120ce809faf9
17160b0e18f20aef
ea18f6fce911f2fe
05fbf50a13f2eff1
ff13030016f30316
1615f8f4080bef18
fe010b00ee0cf018
f6f6ec0218120314
0a0315f0f2ebfcea
eb05feef0801e8fa
12ebecfdf5fdf0f2
e9fd0feb10ede8f3
fe0dfeec12f3f606
f2f6fd18111106fa
fb071217edff04f0
0b0feb110c0fed05
1001ece816fb06fb
ea06f00af3fb0f0e
09f907090e1116ec
f2f0f011fff6ee15
111008f7fdf3e8fc
01f7f4030debfaf4
e808fef3e9ffedee
16ffecfded13f60a
130813eb06fa0cf0
17fd110a10f413fa
0ef80314f1eef90a
170018fd0ffd1816
f716151313f80e15
110600e9e810ecf7
f909f00deb0b0dff
0501f81511f7f207
f81011e90302f305
18ffef020106f3f2
fc0eef1704f80df9
ea070eea1102ee0d
f5170eef0fee0506
160ff117fc07f911
01fff5f10608fbeb
0cfcf1eb0dec0ff6
100112eaf1eb0616
fdf4ef1611edfcfa
000606e8f901e903
040aeaff0ffaf00e
e90ff70fe9ee04ea
f5e9f40103fe1518
07f8f8ecf4ebef12
eaf704e9ecf7f1ec
faf808f8f2f0eb0a
0e0a08fc03e81112
1110e9160f0afb09
03e802f2f70b0a13
1608f41509f3ee01
f41117ea0906f013
050712eef51704ee
01f3fff6f80bef10
f8f1050f10fb09e9
181105070e16ff08
ea140c10180901fb
0ef4f2f807ed0feb
0c15f4ff0a070015
f70df713ee160fef
09f115f204ef11fa
f4efffeaf0ec00f2
fa060917f60a07e8
fa17f6f7ee1216ed
ecf8f0fe15170001
ffee14f503f308eb
03f5fa01180f09f9
050deb0812e8faf3
e817f50c00f103fa
faecfc001210ee03
1106efefeafc0ffb
0b14040b16f8f2ee
00000303e90c0610
0cf8fb0d17e9f800
080109e90206ecf5
0315fd0d0d0beff8
ee1206170c0217f3
0bf6f7ec160606f6
06f20cea03fbf0ed
f3f6140204e8070f
010310f304ffecfa
0f11e81300f3ec03
0cee03eafe0ef617
eb08ef07100df20c
09081408f9f3100f
e9f017f4100d1608
07ee041307e80308
f204e8fe0c16e8f4
ff05080f01130d14
f112fe0b110811f5
0bf4fae910ed170f
f8f604f00e13f813
0408faeb180c07f3
121516f30b1800f2
04060e08f7f002f3
edeaefe90ced05f4
13edfe0401fefa03
0c030bee090d1214
f80dede9160617f4
ebf304f817f100fe
03f81302e90e0405
f7eaf9ece9ff1216
e916e916f9f3f3ef
ff000205eb02130d
fcfcebf90313eef2
fb18fd02fc16eb0f
f3f00012f40f04fe
11fe120407fc16fd
0afbeefa050d1717
e8edf70f10efeafc
07f80a0c05feeeee
e809f615fff6fcfc
17e813fa0ff116fc
0afaea07faf514ea
06f5fa1707f804e8
e91217ef13fde9f8
0e10100900ef080a
fdf60d02f9020913
0bef17070e06090e
fe13fbf00a030906
ececfd1201ecfb15
ec0f1017f4f50603
f1f3170c0cfcf7f8
fd03f6eafa180906
04170cf9101100f8
0d151514f303f6ef
f6f806eee8000118
fd14e90ff9020df2
f80a00eb091810ef
0dfa0b17e9eded0d
f1f0f10911f606e8
eaf6021114020ee9
000316f9fd0f0c03
f1f408ebff15f008
ef14fa1312ec1810
0df0040aef090cf1
150513f7fbfc01fc
e8e8fdf6ecef1100
f616fcf30017130b
e90807e9ef0de818
e80501fafb0f15fb
061303f2f1040306
f1f1fd0ff1f60d0d
0601fcf2fdefff16
0bf9ed140601fd13
0110f5f6f0f803eb
0f04fffef903f0ee
09e80bf2f607f816
15fd0b12fff118ea
effce9faf9f50f0c
10030614090ff512
ff0af0fc10051008
fcf4010208010ff0
07f0061304f5eee9
09f505eff003f909
0000fbf206fff516
f608eaf4f7fe1508
edfd1708f90af413
f4fb1517e9ff0707
0cff1107f2f6f20f
fe08170af806e8e8
f7f2f907fbf00df0
01f316f8050fe918
fcebf618eb0905f2
0cecf808050deb16
040403f211faf1fd
12fd0a11f316e9f8
ea0aec17e8180400
0c0f02fff7ecfa04
f1f50e100fecfafb
051704f60e0d0ae8
0b15f601fee9fa05
f817f50f16eb14f2
fe0dfc1606f20e15
f2eaeef4f1f3ec0d
ef0afdf6fbf70ceb
f70ffd0c0cf5fa0e
e807f9f713f101e9
13001104fcf40efe
f8e81710f4f0f610
ecf00afa13f60308
0afc03f709f7150e
0cfcecf3edf61009
fcfa0210e8fe18fb
13fc0ef912fafd11
02f8ea07f1e908f5
f5f3fc06ef07ee16
eb09f5e801f307f7
100ef817fcee1312
eb08fd08f806ff09
15e80beb130cf0f7
fcf206ff0eec0a11
13050e06fc0413ff
f8fdf7f610070113
0c1315fceff5f507
f3f6f002e906f308
1816030f14eaeafb
1412fc0a0607100f
11f51115fff9f3ec
0b1006ec12f5ec0a
f7e80ff8f503e818
04040af4fe09f301
0f0818f4030ae80b
ebfdeb0209f808fb
f8f61010eee9f1fc
0afdeb10170aec14
0bebed14100afa0a
0f0afbfcec030a05
f300fcfe09fdfe02
f304fb02100ffcfb
f5f9eaec0be8f2fd
11f51113f6fceeed
100f13e8f2040d0f
f8eaf6e90c0efeed
11f9eb150211fd0a
f80302f1eae8effe
00fef308eff6f4fd
0702fc0a1212fee9
fe0c000c0d08fb00
0814f5ed0b14f7ea
0418edeb0cf8f706
f01612f6160ef3fa
0d13fe0b02ec11f2
11f2f4000bff03f7
f0e8fffa0aeceff5
f1e811000c0fff02
1009ebed00eaf6e9
fdfff6000b0afa00
08f617f3eaec1606
eff1fafc0ff7f109
02faed1007130e11
07fe090ff117f000
eb10eaed00150f08
0de8fe10fcf00d0a
0704feee0802e9e9
130eee03f1feeafd
13f6fcf611ed09f4
0118ff06f1fd090f
f814121210150beb
ee16000ee9f810f7
09161614f4fc0902
ffff0efbede9f913
f30d02ed0c10f6f0
0c0407f4101410ee
01f10f14edfcf3f2
111411031811f1e8
0b0fef0500051611
fff215000e07f4f9
0900f2eeff0ef703
f81514f7f2ec000a
edeffbeeec02f600
f004140312fff5fd
fde90debeef9eaed
f0ecf4fe0a051317
0eeaf2f118e9ee13
080812fcfcec0cfb
08fb0eeaf5e90f0a
fefceef418f0010a
050a07ee100312ea
15e90a0b00070feb
fbfe10131604fc09
f10712fd0411e9f6
faec0b11f8e80109
feefec0eff020cf6
1314ea0afe02fb0b
0cf3e9f516fa0b0f
0f01e8f012fcf5f6
f3f313f0f406f109
18f2f1ecfaeb0205
0dfb04feef09f403
060112f20f0201ec
f3040a13eceaf60b
08150df7080b04f0
f80eeaece9eb0913
fded0a181814fa17
f1f0f5ee001818e9
140afbfc14f705f2
f9eaf6fae9f605fc
f91006f1080d06f3
08eb13ea11f2e80e
f8eb0ff7100f1318
10e9fd09f6f6fd15
f5f7ecfd030c0be8
f0ebf9ee000705fd
f102ee080af10ff7
f5ea17f90703efe9
15eeedf9070dea02
0cf7f411ff0817e8
0efc10f718f10b14
17090eecfa180815
17ecf901ee01ebf5
1418f2fdf0071216
0c0415f2fbe80c10
fffafe03f7f911fc
f7f6f401efeffc12
04f5fc050bf4f715
10f70e0416010f15
04fb06ebf412f616
0210fef318f9e815
0f0a0607e800f0ee
0cecf6f416e912ef
f8f20af8fffe1300
ed03f2ea08060b0c
fb0cf7e80f03ef07
fbeee80feeedeef7
10fafffbeeea06f4
0c0a0a00fbeeef07
090ff0ff14e90409
eafbfdfafd07ef04
170bf4fb05100901
fd18f515f2f3f7fd
05180b121302f8ee
06f4f30ef30de918
00ff020514eb07f7
ee17efeff40a13f2
031507e90ef4e905
0618f2ffeaecf718
edf1f0eaf203ec0f
ef0713ef0c16f718
fb05f1080af90e05
001710f11202f210
f4f904f9f0eceff6
03fb0c0ff2e905fd
0ef40d15fff7eee8
fd090b09f3ea120e
01feec1213fc1108
18f309ee0b1413f7
faf0f6fce9f1ed12
f8eff4f518061215
08e8fe1603ffed0c
f10f16f2fa07f40a
f111fdec0aec0816
00040a10fcef0a14
f9f417ea11fc0b0c
131612f311f1090c
f507f2f514040107
eb00eeee0ffe13f4
0118f6161406ec10
fe15150ffaf505f2
ebee0a171101e913
0011f3edeafdff11
eb10f906000011fb
f6f6e9faf613e9ed
04140af5fffbfc11
fbeef200ee0c13f3
e90b020605f216ea
100cf9faf40e09e8
eafef7f712f7eb0f
0d0504150bf10518
14f80102ea02ec00
f502ec0011fb120b
15f7f20d14f80f09
fb01e90cf6120a04
e914ee12f80310f7
0b13f0f103060112
05ed11fc1314fdfc
1504f5fdf2fcfc00
f1091300f1ff1103
0be90718e800f4fc
07f70302ef15eef6
eb0f12fbf10c100f
11f31010140605f8
12fdef061516f5f6
f502070df115ff16
ee0cf20912fc07ff
f11001f30e07ebfd
04050f04f80f070e
0e0b15ff0306fcfa
1611e8eef3170d0d
00ebfdebff03ff17
fa000304f4ec0914
f118f1fae9120f0f
ecf5ecf804ed1703
0c14f9f7f5131700
0bedf6fdf908050d
0b0af41803f91312
eb0617050f02f710
fcf6130ffc10eff5
f9fc0b13eb0a0e10
ecf501120f0e05fb
fef20301f011f4ed
140406010518effb
0c0af3fbf1faf010
f5f4f50ffd04f1ea
eb01070b08f311e8
011802060a18e905
03ed0bf6110b1100
02e8f00a16f9ec0c
f30602f3fff0f507
1512ee0f100a0514
05f218f0ff10e813
15fb13eef6151707
0017ecf7f002fff7
0ffd1210fc05eff2
fb0113edfafe08ed
120a05f513e8fa08
ebe81000f60e09f3
0d00fff6edfd0408
170d0af8fd0aebee
1713fd15f3fb130c
eb170efc070cfefb
01f805fd0b07f3f0
150e08020df0eb09
fff61410f80908ea
eeeff5fd09f10af7
131710fefef0ef11
ea1515fcec16fcf8
eefaf50c0ef80e11
eaebf618f8ee0e10
0818f20dfe04130f
07f0eff705e8eb0f
0c18f1f4111403f1
f70ff3fa0af307eb
f116ebf611f1fc16
ff1500fdfff7efff
0f0412edef080ef8
04e8fc0d17f80b13
0f0bfd1006fefa18
0a01f5edf307fceb
06f2e8010611fb02
04f8fffa110bf4ee
06f7f1ea0df2f4f9
e9eef6fefa100903
fff216e8feece8fd
fef6fff3fa1201eb
0d1213f400ef0ce9
f2f8f8f1050b0ef3
f8050cf5fd0cf90e
14f5f416f00200f6
eeec000e000dff0f
ece9f8ec0fe911f1
f411ed0a040a0a02
f91705ebea0ef0fa
fd1805e806eceeef
f1f60317f904fa0a
040ce90118eaeeea
eff3f4fa140411ec
ed0013f3eff410ee
ef0808eb01efe9eb
17edf5e9f9fd1316
10f50a0d0ef8e90b
0beffefd0ff70b05
f00df415ef0dfbed
f2eaedf505150501
12ebf40efeecf704
0406fff3f1ea0007
04e8fbea00090916
090aef120d17eef6
0d0304f80ceeebf0
fc130a15fd1809ed
e9f4ecf4130d0513
ee14fef302f313ee
fe0de8fe0107eb0f
f70d14f404ffec00
f4eef50c03f60f06
f0f0f900f5f8ebf7
06ea16fd0a150a17
0d0f0afaebf80afc
03f318eaf0e9ebf7
f0f80a05fcfafb08
0310160d03120e00
010c02f90012fc0e
16f60504171418fe
ebf90516f10609f5
f50a05fffbeb0813
130bffebf2fd1717
ed0d18f30bebf7fe
fc0309faf2eaee09
ebedf6140a0602fa
1201090b0700ecf2
020b0a12ee17e8fd
0015e812f5fefeef
f003fcf203fd07f7
f401f7fefbf10afc
00f8f10bfcfa12e8
070afeea0cfaf5eb
fce80802f5180609
15f816f00df703fb
eee8070f181317ea
e8ea0ffa060f0606
fdfd1515f607090e
efec02ffeafbf012
170f040c15fcf2ff
edf3f9e8edfe0503
f40b0201020b0ef7
12f106110ff7eef0
0ef2f3f618fef8f3
15f40afb0cf6e913
0b1811090eede801
02fa0bf7f5ecff06
fbf7f314f6fc020a
1714f6f310f3faf0
f2f9ee030ef40ff3
11e9f80c02f7f20f
fc16ff1608f9fdf4
140004fa0217f7f0
f017ee0efeef18f1
fb11f7f505eafbf8
fbf80ef6f3f9e90f
12eaf80405040df9
0c17eaf3eaf51100
e9f30b1305060b0a
0f0cecfa15f1ff02
f00f04f104faf200
fe10e8fdf6effdf6
12f60608ece90216
fd090c07f10ee909
1204fd160bed110d
0f16f60c09ef1718
0aeef20502f1f8ea
e9f5060c10fe0609
f8e8ec160416f0eb
fc0aec10e8e8f403
ef04fa00f9f0f70b
fb0a17f1fcf4ecf3
120e110decfdea17
f1fc1602fff503f6
13f10412f10df900
e9010301f80e0809
f9fcf517f9ec16eb
f2170305f20f0a11
eefee9120dede80b
0502eceffcfdf600
fe0803ff07f709fd
f10df10417ebf4f2
ea0d070411090b01
18f3f5e912e9ff13
0dfcf6ed08e9eff1
fd0afaecfd010bef
0c010b06fd06f1f9
0c02090ced08040a
feeef3f00701ea0c
faf20505fff20df6
fcfe1117e8f1f509
18f5fe16080ae8eb
17fa13f2edfb1400
fb0b0706fb07fa06
1702edfbf4030a13
1316ed18fbfbf0fc
0de90e0cee0d1806
fdeb1714f6fa0af9
0014f6f410edf318
02fa160d14f40418
08fae80303f4eb10
ef0bf011eef0e910
090205f8f2eff211
efef0a1603f1f7f4
08f8050813f1f104
15030302f1f2f6ff
f6eae804f912fcfc
15130bf800fbfcea
15ee13180ffa1413
05f0fb02f8ff140e
f4ea0a120c020aef
060d0f0beef0e905
edfe09e9fdf216f0
f2f005f514170d03
02fc13f101ecedfe
1605150af5fffd0f
0b02fd1317f613e9
17fe0d0705f60403
0bf91513f7f70f14
160d180bf915f5f9
02f8160205ecf3fd
08f3ea0013fef614
06160d0bf40618f3
f410140bf3f413f5
fd0cf709f20f0907
fafeee14150515f9
e800ec080dee16ec
0a0413ecf9f60712
f0000bed13ebf00c
f6ffef15f4f7edf5
10f10ff117060d04
17f7131105f4090d
fbfcf60c08f40e00
13f50ef30d08ee0b
eefc06010a17faf7
1609f1ebf5eaf112
f803140df60609f0
faf415f909f3ede9
f903fd0308f9020d
fafbfbf1fbf605e9
ee020d08f5f3fcf9
f30eeff4f00300fc
fa01fcee180c07fe
f314f8f917f9faf1
1407f314f707010a
18e8fff1fffcfdf3
f8fc1609f91502ef
f7e90216ed0dfcf2
f9f7edecf2010f10
fffa111602f8150c
fd02ed080618e8ff
14f9faf7040cf80e
1717f7edfc031718
fa0df9f8120bec0d
0807fb09e8fe16fc
10f50ffff10df3f4
fb0c0d01051307eb
1413ff0b150c0009
ef0017f10dfc140c
020dfcf70a17010f
14f00bfd09000f16
18f30b06f0f30413
f313020b1509eceb
f0edef0109f20c04
ff05080f1507f4fd
040cee14f00ce9f2
00f5f50a0600f0f5
18fef2f3f20afbff
00f207f3eaebf1eb
0a001100f212f1f8
160bfc0af7170df3
07f8fd041417fd0c
00f0f70015ef040c
f4f11317ff0304f7
09150206f5ffec06
12f1130c0513e809
ec000408f5fe16f8
17ee18efecea02fd
f408ebf7fcf5ecf1
09eef908f407eaf0
eced00ea0ff407f4
0cf2ef060f1212f5
110d02f914ebf6ea
0e180e16eb07e8fe
11f016f7f8041004
0d0efd170bf018e8
faeaeefc101706f5
0c1300f40a040008
01e80afefb1712eb
1612ed0916f0f5f1
13090e17ebf70504
edfae81502f4fd06
10f412100401f907
0b1301e812f8f2fc
13fa16f3041805fb
f710f4fd14f703fa
0e0cf1091116fbfa
0f0dedfdebf3eff2
fcf416fb070e0403
180df8fbf713e8ea
0612ee0eeaf615f2
f5edfaf9eb04f005
eafd09fe14070b10
eeefe805eefc0910
08ea141111f4f5fb
0deffe1711eeee17
f8e9ece807ee0cea
000805ef18ee1816
f0f80717feea0b15
16fdf2f3f4ed0df7
13030401f00702f7
ffefecfdfd13faf9
0307f603f00cecfc
fdfeeffc040e14f6
f00e16ea13020dff
1318fde813f315ec
f1fbf60318050611
ebf9e8f500f106e9
fa110503ffeaf40e
01e911061714fc17
f2f506131701fe02
01f4ee0dfcf4feed
08120af7120e11fb
e9eafd0bfdf0e901
0beaf8edf60df9f1
ff0e01130515ea11
08eceb0504fde8e8
f9feeaebf312f317
f0e81812fbfff804
ea060fec0b1102ef
0dfbf2030f0811f1
10040df8faf304f4
eeee0be9e8fe0510
f501fef00a0004f4
12e8f20a16f709f5
eaedf2eff8fb1607
0cf015f9f913f30b
fc09010ff60810eb
fb0c12ec07f0f913
f90e080bf2e8fa08
06fa03f1fcf91211
031706150cfb0301
eef115f11312f3fe
e814f6f4f4f5fe10
f517110df9fbfe05
180617eb17fce8f8
030600ee00100eec
1507130a06091507
02f8f708fdf1eefa
0714ef15faf6fb03
1604eef9fff9fff2
e8e90dfcf20e0604
10f5faf80f09f90c
ecf408f10bf2fa0e
07fa0ff905f304e8
ea13030c0813ebfd
15e9ecfdfbfbeb0a
f9f904f503fc14eb
160f10f90f0c0f0b
f40317f01310fcf8
ee1600e9f6fe0711
eaf8030f15f105fa
020aefeaed13fff8
08f2f90afff003e9
eafe0c07030bf006
f4170ef217ef0d0b
f60c13f4f8100f06
08f2f9fafaed110b
faeaf818edf612ff
09f3eaebebf408f3
f0f4f8ec13e9eefa
0e12f71003fcfb05
ecf0ff02f7f81810
f3f10f060817f809
0a0609f5eef60c10
eaf91209fdfa03e8
1509f2fdea070306
ed0cfc020efc0814
0909e8f31805fa18
150407f70cf20418
0f180ffd130e0dfc
f004fb15eafdf216
f2030908fcfef8fe
13fef5f118140c0d
f301111703f7f5e9
020e00040d070201
ecf5f2150ded1614
10060714f6e80e16
f0f107e9eceafa08
0ef8fd03fe080813
0e12fcf8fa100c15
fc0aeb12f01503fe
0714ee09f9edf3f1
f40f04fb0a0e18f9
ecfde90cf70f0bfa
f113f1eb0503eaec
1112e80a0eec01f3
01120bf5ff15130c
f307ecfb15080ef3
fde9f00a1503f217
0814f3000f170b12
010b020d11fef00c
12f00c11f9000200
e9140b0a03050bff
110c16f3f7faea03
ee1510fcf4f909f6
f0f002050a0bf2ec
ec1205fb0e0fec0b
17f3f10708f003f9
09e80914eee9e804
edfd0017e80a0f17
0002fe0c1509f40a
070dfaf912f0fe10
e802f5eb07f0fd16
0ffaee030ff711f5
f617f9f9ea0512ff
0ffaea0106fc08ee
14fd00000111f10c
ebf7e8f8fe0a1616
11f8fa100414f1f9
13e912f1e90303ea
0616fcf9fdeb0308
030604ecfaebec0c
10f0f1fcf9f4e8fa
eb080ee8f0f70912
13e8eeeafceeeef5
ed000517fbedf603
ecf7fe11f00502ed
ed0bfc0cf1f9100c
07f9f2f1fffa10e9
0deff60e1109f3f8
121218f303faebea
ee1615fef2ecf107
13f1fc10fb11f00b
17ee1413011713fc
f8f406f4fffdeaf2
1106fa16f3f3e9f0
fc0701e8f3000bfb
16f316f9f7f11314
0b16090507fee817
f7f4f1efedecfdfa
0eedfe160bf6f4fd
0f18f0fbf30c0103
0ae90d00ed090b03
02101713180b0b08
ee13f60a0ded16f5
fdea02ed00e9ebed
0b0011ea1217f20c
14181617f1f506fe
17031114eff21515
16ecf6f9ec131012
eaf20df3fa09fe15
0ef008f0f5f4eaeb
eced0afe11090411
0901f60b0f0bed10
f00608eb04ee15f6
13ef0a10ff0a000c
f4fe130bfd061402
ebecf10f0fe8ec0c
0b07160d18100003
18f7e904edf6e90f
fdf707060a14e9ee
120c0702f0f700eb
eaff060611fa0112
170ffaff1309f6f7
e9f2f2f51716f10e
f20feef3ff0efdf4
f5030f010601fcf8
f3f20c0df1ff15f0
01f6ed17140af304
fbfa150407feebe9
0f110bebf6e9090b
eff907edf6f4f5fd
f31817f2f6f705f1
fd00f1e917ebfffc
f10f02fdeb06030c
1805120ef0f50eea
f10f05f7fae8e902
12050d0ffe020215
f816181215f9fe07
171405110d15f302
17110ef00311efed
05f310f4f7fff7f1
f30d01f9eef410fb
18f3f90b11111017
ef0d0febf016e809
0f0c0f09181310f4
fe1110fb09090815
fee812140513feea
fdef0905f5f4ef11
fceff309f7140eed
f609f8fbecf115e9
ec09f7ecff09edf0
0b00f1f200050bf9
0d0203140df8fd0d
e9f3f706f6f71710
05f2e806e8edf514
fb090a0ef80209ff
ef090d11120f0211
f8120f0df3ff1112
160ef0f616fef9ed
040be9fef3ebf804
0eeb0503f3fa0b14
f70e0e0cf2f611fa
ea0900f2000cfd0c
faf30efeea04fdea
101115f3060bf0f2
07e8fcfbfa0b0ef8
f716eb02150d03eb
02f41103eae808fa
fd0b110517e9f9ec
0feeff110fffeb14
0402ef18fff90e12
07ef0318f0000f13
040f09f9f5eb12fc
fe03f0f2eb0f1408
04ea0bed13faf314
e8110feb070afd0a
0d160104f601ff13
0cea1808ecef18f7
160bf5eb06120e05
f102ef100ee8f80c
0117181401feed04
fbe8040308fe06fc
110aeefc0d0402ee
05f40ceaf706fa13
f3f0000813f8fc0a
0e0200f5180b10f3
f9ed13edff181414
eef0ec09150ceb0d
f00604f3e8031415
05030eff08f1e9fe
ec0602ef06e906e8
fa12f51001eaef07
0610020e0cf5f610
0c1505fdf50f05f1
fff711fc050c03ea
f313fbf618ebea03
feeeea01000ef4ee
0417f8ed0802f2e8
f8040afd0507f5f1
fceafe1711f3edf9
0ffb0bf8150ef714
eaf2fe10ece8f1fd
040a12fd170f07f2
f41516efea0300f7
ebf4f7f405100c0a
07f5effc0d0d17f7
0a13ea0f180403ff
1214fd05fe14fff2
f4f5ed0511ff00fb
11fd14f1fc141310
ece804040317fbf0
08ff0017e9f70bea
fc010ef61506fb05
f7fd0f07fc0cecea
16fd1413fd040515
09fffbf3f6f6ee08
faf914ecf6f2110a
f8e809f6f3120915
05f40ff61802fbe8
09fefffc14050e0c
e9020c0802000212
17e800f5fcfef40e
e90df6ff14ebeb10
ed0b1315eb06e8f4
14fb160c1703ee14
07fbeaf8fd081108
f612ee0f0a140cfc
fff5f917080dfaeb
ecf50e0afa01f413
14f8140b110bf706
16070306f6030205
f303fb0f0315fd15
edece812f2f60dec
0e0ff90d03031404
07fef8f2e909130b
01f512ea15f317e9
1413f715140310f3
07e818ea10feee10
100a07e8ed0cfe06
fdec05eefdf40af4
fcef10f20004fb16
f2ffef0eedfbf513
15e91308f80710f6
fd0af5f6ebeafafa
f2f100ee00f018f6
fc09edf2fc08f407
120cff13f4ee0418
ff16fef1f0e9f704
13f0ff1101f10bf6
fbe811e8100ef705
f60dea180df40405
eeedf70907e9f8f8
0efc09f60d0d01f6
ef1016f808f60ae9
14f516faef06f908
11eafe1513f8f6f3
0b0ff80f0b0c0416
0b0c07eb0307f1f9
f4f80a1813e909fa
ef04041409f1ef02
fa12effff2f1ee09
ea14fd00f007ec16
fb06010c03ec000f
04151507ecfdf8fd
1712090f15e905f4
fdf41118fbeff0f2
fdecf0fafd090a00
0ffc0cf0f9fbfcea
08fbedff11070a16
f80218f413ea1416
0f010616ec1513f1
04ec08fd05edee07
fbfcfbf217120fe9
1302fc0ffefcf515
eb1607f7ebeefff1
10fb04f7efe8ebfe
fff60810eef2eced
f00cf501f900f6f0
02ec08feff000eea
fae9ec00faff060b
05eafb14f4f61701
f617faecee04f3ed
f1f2f80deaf8ff16
00ecee0614fd0d0a
f60bfa0c150d0f08
17e90cf7e8eafa0e
08ed0c02110316f6
0d13f40a05f408fd
f60405ee12f40802
f71515ec0a0b07f3
07080dee0bfae8ec
f5ecf2fa13f2eff9
06e9f400fe14f101
0deefdfcea0ae912
ec0dfeff12000d0f
e913ef140d181310
ea0c00eff1eefc08
e910071404f3eef6
1302f50105f81015
f3eb0a16ff0cfc06
eaf212f7eff3f917
f315fdfff8ff0708
fc01e8130618f4ef
0903fa1818091418
04fffefaf30df30f
f7120bf3f7040cea
08fcf9ec10eff415
fe1812f1f0f20ce9
f30213ef0c16f1f8
f00d0504eef3f6fd
0e0914edf70b1310
f9fafbfef1160d0f
11f405eaf8f613f3
04180b0eea0a01ee
1212ebe9fcfa00f2
f6ec0afb07eb1005
13f90e16faf0f503
11ee0efa15f00c08
e81613feee0b12f0
0f03ea040303ee0b
f3f3ef0316fdf605
0e05eafeef03050e
eb0106fbf9fc16f6
fd0ceaf818f41512
18130216eefdf10c
0a12ed0b03fef304
eb03f7fe08f0f50e
1307eae809000915
10fdf60105f1fde8
fe03fbf4000e0dea
f4f4ebf7edee0d08
e9f80610f111fcff
f7e9f50c0df41211
0606ecf815eb0f02
f9130cf814f0ecef
ea13f0fd1603f114
18f3f3f6110bff18
0af1f4f2efefe9ee
0f060e17fdf2f503
0f000c00f8f3fbfa
17fffefd171504fe
f7100ef7e8f410eb
fa0108fff1fcea10
fa08f00403edfcff
f0ea0001030d1200
fcea0a02f8ed08ea
04fe1304020c0d16
06f3effd07f511f4
0cfff7f1f4f60b05
fa0201ee12f9ebee
ff0b0e111407edf9
0df8f412fc06eaea
f80a0ee808f6f812
01fa01fef9110dfa
f60e18e9e814e8eb
151105fbece91609
09f90ded171600ef
e812ef0e070a02ea
0ff5f7edf2f908ee
eef0f716f0eeefef
0eff12fa06040101
04fffff103f50ce8
0901f51214f5ec04
07fdeef8e8fa140f
03eb0ffc150ffcf7
05ee1716100e0bea
faee0813e9e9f0fe
f6ee060211050cf2
f8fee8140f0d1803
120dfc0510f8fe08
0dfd0c12faf6f6ec
0be8100c0e13fae8
fef30e0afd0aecf5
131405fa0c16f818
14f31512fe0b1706
0917f912f61416fc
eef9121817f814ea
15ea0c1806f70d18
ff0a12ff17090deb
17f10be9ff101407
100b1410140512f1
fcf2efeeeb07fe14
eaf40f04eef214ee
0b0305eff6ebeb01
f002fefdf1ea160a
02eaf116121402e9
0017f0f41601fcee
00f103ff040feafe
fefb180407120ffc
fe161202f3fa0eee
0df7fe0914fa0f02
ff18f2edf0e8f810
1805eeef0aeb1805
050618f2f6f50e00
17fd0cf113ea02e8
fbe90e0711edf011
fcfc03f5fffaff0a
0107fc0ffbea110b
f8ec0f011209f102
f209020205f4100c
f414fef8fa1414f0
0d01f116f50b1702
0515f8eb14121709
fe110403f2ee1515
eef90c02fe04edf3
f40cea0d0bebf4fd
10feea0cf404f9ec
f20301e8e90016ed
151511ebe8090dff
13f913120d0214ef
15ef0b1300f6fd17
1808070bfbed0810
eeeb0cf4f7f80416
ffeffb16040a1715
0606f21103020e14
0f060b0d0614ee02
e8fcf017fafff910
f5f117f7f90afa07
fefc09f51809f305
ec0a08ebfaf60701
0d050eeef6edf302
f6fcf6ef0cf70602
f1f000f3f3f004ed
fb05ed0d06ed120b
01170203faf3f0ed
e9f108fff71301f3
10f00ceef70a01f3
effc17e90718eafd
14f5ecf70e12fe0d
f811f5faf8ffecec
1505f1120b0ff313
10ee1018051116f7
10f41303fef50de9
01f9ebf9ff130a0b
0a15f504e9eeff05
04f607eb06ec08ed
effeef0d0df9f013
fff70a071814f20a
fbf611ecfd18e9e8
09f2f11708fd0a0b
1000fbf6f312f70d
f703090416110306
07fffb00eef0f408
05000905071209f1
f4090cf7f1eb1109
0d11f5fe00f50400
f6ff0ef7f2f4f9f9
fdfcf6f2edf91100
12f50bec020e0af2
f70cf0f2ec08110b
0eef06f41614f7fc
0703f2180d181309
fb0f0311e8f618ea
f10f0d1618ea13ef
e9f6ff0d16ef1718
fb0414edecf7050d
eb06fcf706f0f801
16fcfbed05060011
f806e903f400f408
efeafb02e8131403
16ff060b140f10f2
fae9fff40718ff00
ea0bf504fb0b0e17
18fa050cfd0af713
f2f900090cf11518
050708f70713faf2
03fceafd0d06fb14
040cec17f4f9fef9
e81710ede8ff0b13
17e90af2f3e817f2
0a180505fef817ef
06031809ebecf8f7
15f71604f70b0502
111105f2f6041314
0df5f80409f0f4f1
f305120317e90ceb
04080f13e90d03f5
fc04edf6f0f71101
141115eb07eaeced
0304eb0afd00ea18
eb0a021412ebf909
06fafbf90f150df8
ebef11feeff3130f
0ffaee09ecfc0802
03f9f914ec12f9f3
1409020812f6150e
0c1609f1120d1006
fd12f809f10df7f9
fe03081811000410
00f70109f4010cf7
1818f816f309eaff
eff5edebf9f9fc18
ebf4e80d15ff04f2
f5100211091216f6
fafcf80609e9eeff
f118f913160701f8
ea0cf2f20607130f
04ef040feb170c07
e807edfceef4faee
efeb170cf10b14e9
100913e90ff6f2ee
f805ee0bff08140f
f001070708fa1716
0e09ea120f12f9f6
f4f2140509eaff12
f20dfaff0ef0f70a
0a0bff0cf90112e9
1006ff0301e9f1ef
f0f6ee040814f307
0411ebf702fde9fd
0d0fecf712fdf1fd
eefefcff0914f718
f108121811f3f7fb
f5f9f1eae906f8ee
f602fbfa14f50ae9
0618ea0310fd0416
0cf312fcfb1805ed
0e0c0a1101fdfcff
05fb17ef0f0e18f6
13ebf7f5f5031400
fb151308f2040d07
fd0ff40215f80315
fbea10000eeaf707
14060d0400fe10e9
060a02f0f3f116e8
0f09f51802fa0b13
f41212fee8f41700
f7ed010406f6f105
f5040210ecf00311
0e03ff15fefb1111
fd15f5ff13f4f70b
e9e8eb1113f7f4f4
f8120a11f2120a13
ed1802fc1812eced
ee18051811fb1718
ee16f9fbf5eb14e9
04efececf8f1fbfa
fe12080fef00e9fe
f4060607ebfaeffa
14f8f5eb0bf7030b
10f813fe1013f811
ee15e8fc140a160b
f9ff0d04100af314
f614fff0fe0511fc
101800edf9e80016
0df10111ec09e8ec
01fe1313f30506f3
17e805e9180d13fb
ec0310f5ea100709
f0f006f315ff03f7
f1fce9fffff1ef06
1710f4f0fbfdf415
0bf108ea18f915f9
eb01f307100def04
f5140810fe110af6
10140fe8ef041409
08efeafcef020609
0cf6f6f50006f912
0eee0500edfcf10b
08f7eaebff051403
fd11f0f4fafb13f7
04f30414f505f6f7
e8011810f306e9ec
00eaeff3edf412e8
03ef16ea03130705
fd0401fb0ceb06e9
0df1ed0a10f90d0d
f806fbed09ee1813
ef0c10fff015ea14
03f10e0df5fd00ee
ee1600fd1208f215
f4fc05ee14ec07f0
06fae811100d05f2
e80aef11f70f0f00
090cf0e808030e02
f4070415e9090dff
f7ebeef2f5f807ed
0807e8f21505e8ea
f30e0df711f2eff5
10181000fff90b00
fef3eaed0ffd0cec
15fffdf7fe1213ec
040dea01f80de8f3
fe0de905130014f1
f313f3ed090d0312
fbe8fe0df4f8f503
eff20501ed121104
0e090a11f0000f04
09f2e80d0f0b0115
ecf8ebfbfeec07f9
f01717f2080ce9ff
edfafcea0a13eef7
f11117f610f3ee13
17fe0c1507faec15
f31106feef010fef
f008f11309f412fd
02e8f6f6f9f005ec
03fef00606faefea
0907f3ec0df8040d
fd0dfc180cff1213
ef120ef614f50ef4
0e05efebee041702
0d050a0bf410fd0e
fd0b1104ec161103
ea100900ede917f8
1617fffd0904ed16
eefe0608f0f8ee18
f6ea15fa0affec09
0fed020202f1e807
eeed07eeebecef07
fbfbf3ea0803030b
020feee8fc1317f9
ea12f8f8f211f2ea
eef40916faf11800
0d0b131418ecf2ea
f710060618f40902
eaff02f9fd00010e
0e041707f51316ec
eef407f5020011f9
09ec120b1704e8e9
03f1f4120bfd05f0
090cf9fd15eceaed
fceeeef6fd10eff8
f7f90410ffe810ff
0bede901f1ff0ef3
ed1701e9ec17fa17
15efe900ed081307
fd08fa04e8fc12ec
0207fdfe010a08ec
fcedebfd05eaf8f5
f1ea1103f0eef9f7
16080aff14020907
e818fef30dfd0905
12edfcf7f6110fe9
eef2f0f6f61716f3
f9fc010d0cf9e8fb
12f40de9fa0214f8
f1eaf0f7f414eb0b
f2f7040e080df0ee
e9050e1113ecee17
0bfd0e17040ff30c
eb0ae90a06ea110e
1510eb0ffaeef401
1411ee0401f112ed
e8f4e8ff07070cf7
0f10060118f6fc11
eb01f7e9ff09efed
0517071307edfbfa
e811faff0beceaee
f516060f04f00808
0f0011f4150bf60c
fbfded16110c1716
1003f10903ebf7ea
12fb02f7130e0605
e8fd0c0f0af0f5f1
16fc0cfdf2121411
fef91406ed0dff09
f517ea0509f8ec12
ee16030cfee9040d
0e131304f6ef0dec
f7f4fff3f0f703fb
eb0d07f9070a15e8
0b130ef8ef0f11fe
16110cf1080805f3
f114040901f40dff
f6fde815fd170c0f
0ee9f00812faf6fd
110d0809f110f40a
e9e9f8f814ef0ef0
0feff90cf5f705f0
130617140c05eaee
f9fe060cf618faeb
0df0faff030f0717
ee0313f11115f516
1404f50218f5f304
fe0710f1f101f0ec
fd0ce802f0edf9ea
fbebe9eaf1fcf9ec
03ef0e15fe03f5f2
0e12100bfffee9f6
0b04e9f40e0be900
0eef14f409050809
08eb07fb0900fa17
0af2f00403edff05
fce80808181815f8
ea04e81115070417
16ff09f0fc0cef06
ededeb03fcedfa0f
0beffcfe04f5e8ef
ffeb0511fef7020f
ef0515f3fd120000
010eeaff06ecee0c
16efededecedfcfc
16f90917ebf50df8
05f31005f3fb160c
0af0160d14ffee13
f6f80213f4f1e8eb
15fdf30f15fd1003
ee0dfeeafaf6f4f2
0705ed18f4f3e8fb
eef7160617e812fa
eaef0ffdf4fdf514
fd01f20a14e8f7f6
ed0c0cff18f110f0
f615eafaf6fef80b
e8edfd08fdff0def
f3ec150410161111
f2f508fcfe031204
1406f508f8f6f817
15ee18fdfbf2060f
050c16e9ea171516
18fa000d0fe81807
fdf20309110bf5f0
fdf9f311e80ef4fd
ebf20a00f70df214
0008f61710031510
fafef0fd15ef06f3
020dfc0afdea0207
fc0e01170fe904ec
01000e151309ef15
f3fb02fd060b040d
f40111f2f50f05fa
110b10ea09e8faf9
f409151114eced18
0af8ece91315ecf4
f4ff0902f014eaf7
10ecf4f60505f70d
16f51406f7fbfff3
111412ff07eeee0a
f10d0bea16f4f008
e80516ed0309ff02
f51801ef06f30a06
f912f112f5fef1f9
04f5faf3040dfa03
0ceb00181411f616
0ce8f701f9ee1312
e8f4ee061017f6f2
fc01f8e812010ef3
010be90001ff0be9
fe0deef0170ef3fd
fae8eaf708ecef08
0ef9f8070c0e1713
ee0813fcfffcfe00
15fdf4f50ff6f316
130d18fd0beef0fe
03ea11060600ed06
f505fa0116eb0511
120a08100012f016
ef12f5f8f4f407ec
12ffef180b121614
0dfe01f9ed050711
0d06ec12f40a0006
0c0b0a0beaeaeafc
06eefb08eaf8f9ea
f314effff0f20708
fb0cea160d12e9ea
05050ced030aedef
13eb03fafffe06f0
04030bf018ed0f0b
02f2f0f50d0a04e9
030bf100ececf1f8
ec0c18180b130208
f90a060c02f2fd0d
fe04f4feee0b0507
f30af512080b0015
eb08e9180b161600
eb070ceb040c110b
16f7ebf10604edf8
fd0a1803050af313
0f00feeb0bf8080b
ed0618e8f311f50e
0c10f6fd0aff040b
0212fee8140aeeeb
03e9effff316fdf8
160bfe00ee0eeaee
eb0ce80a0ff511f6
f3fbe8f80a0f02ed
f5ed130d0909f8e8
f7fde9f30312eded
0a0d00fd0507ee04
18100300050af9f0
0bf10ef609010f07
edf4110ff1efef0e
fff2fdf9f7ec16f4
15f2f9fe10eb0eff
eef3fcf50a160b15
f0ede81708180205
ef06edf0f3150307
00fc0fef17f2fb0c
1609f8f918feeff0
f601040ff3020103
f2e813ee0207e80b
0e0ffe030f0d0212
1713eceff1e81314
0f05f600170ef8e9
ee18f0080e13fa14
1600ff070604100f
0ff90b090f0017f6
0205ecf80512080a
ec10f315f5eb0aed
fcf6ed0b04ec0eee
f111edfb0103fefb
f91513eaea11f2fd
17091705eef2f00f
08e80013f60cf2ec
f4fe1608ee0c0f0c
fcf9120916eb0eed
f0fe0318fd0dfef4
03fffb0bea020d06
ea06eef4e8f6ec16
ef0bf80412ef14f2
09f8f40b0bea0bee
16f0f016f2ebff0e
f900f810e90b16f7
e9fc1214f40318eb
05001316f70c0a03
faf118eef4fdecfd
04ed0517f5fef9f3
edfd07f002fe060e
16e910f30bf315e8
1713f4fc05ed0dfc
f802ed13fafc1206
f2f0f9f00205e8e8
fbf9f30afb0713f8
e906f917010a1605
eb0e15f0f1f30814
13f104eeefeae8ed
1212091413110ef8
0cef150903f2f209
11eb0f1005030cec
f4e803f3f1f00cf1
1603f5f614e811e9
0f100cebf2ff09ea
060b06ea0bfa09fe
f508e905faed1511
0a0305ee02121615
ea11160bfff40e0e
f90917f917fa0ef8
11f310f50b18f80e
12ece9051313e8fd
17150c1508ef0816
e818ee03ee00f2f1
1818f5fbef1611f7
ee03ec02f30618ec
f2fb1216eb05ee0e
0dea1302faf5eef1
ee08f613ea0d0310
f0f9f3f2eeea0dfa
181100fbfb0e0c16
eff60503fbeff3fb
fde8fa130a0dfa06
efea1218f916ecec
14f9f3eb18eefa04
f9061701f5ed1012
11f309ee09eff707
1718f711ef000318
08fefdedfcf1fbee
18f7e9f2f10302f2
0a13ffebf6170300
0afe01ed13f9edfc
fbfbfe0c180204ef
0afffd1015ef0c15
020c0e1202f7e80c
f1ef0205eaeb150d
15e81415110cf410
f80ffd030609140b
0f02f6f405f2f70c
e9150716fffdf70e
1115f30811fdfdf3
08e80511050f01f8
1718fffaf009150f
ffebfde9010d120f
faeaf4f2ecf81206
faf3f211ed0c09ed
e8100ff613ef180b
f9edee0b100109e9
fb14f40f06f10d06
f0f0fc0d08f20b02
1206fcf3ebfd0cfa
eb05110bf017fd0a
f8f70cf3e802f703
f6f304e807ec0bea
f217eefd10f214f6
05f90d02101516f5
f5071812faeafce8
1805ed15181106e8
f8f6ea0ef9f7eefc
1211f9f00300eefd
17fae8f0f7f8eaea
0f020df10906040a
110c05ea0fed0215
eb0f0d0cf5f4ef12
ff1413f40514f0e9
eefafdfff616f9fa
01061504e9f30b14
070d1011ec1409f8
06120deeebf9f0fa
f315f8010af0e8f1
0eff0616fe1017f6
f2f2f6f5080c12f1
0409f90be8fdfc0b
09f313150df30205
f2fe040803ea1316
ed13faea0605ebf0
18fef4f7f0ebe818
1801ea000dedf3ed
060bfcf013fae918
ff0c0c020816e8fb
f30300011408fc0a
fc15f10c02eeff10
ebfd1505ebf0f917
06eff7ef0ff20f02
07ff000208eff818
ef0ceafafaef03f2
070c06f4f418fe03
12f30eeffafef7ef
fa00ec06ff12fd0c
08ede80afc100e02
ecfa0ee9e9f514ed
080d06050915f607
060e0e00eaf116fa
fff8fc0fff00170c
0dfa110506f11106
f905ee050c11f107
00091113f9ebf113
eeebfcf3120d1506
0507e8fc130c16f7
ed11ec110f0ff0f2
1206f60618f603fa
f00110feec13f1f1
1200e81710ec0d05
0c0913f3181013f9
f21205f1fb001001
17fe16ea0aff02f4
f70eeb16e9e818eb
f4fe05ee11ee140d
100807f3fd0eeaf8
f8fcf017e8f2fc07
e801fafc110007ea
020317040802ffec
edf105f4161818ef
f10e0ff9ed170dfe
e815051214ef18f3
e816fff10af10ef2
12f4fa160917f5fc
000801f50914e818
1217090efc0f0908
1400f1f1ed17f612
ecfa060d04f1ee10
02fce811e807fb18
13f4edeff40df2e8
1810181309e91704
0305f813faee1711
1415ebfd120f0608
f0f6fa05f4edf00f
f5fb0c11f9eaee00
04060d1505e9f711
f8ec07f10e0f0614
050208fd05ebfc03
ffebe90ceaf3eb02
0ced18ef1801f5f5
0c00e9f7f8030a01
ecfb0bf2f7fb0613
f0150c0c00eefd15
f2f5170513edfa0f
02f8ff00faef0e0a
edf7f0e9fded12ec
e90703040506fa13
f00ae9f509e8edea
f9ec0b15f30beb17
fbfeecf5f4fa00f3
140a160f0e081603
fe0c090e080016f5
17f10b06f8041315
f0f60e08e9ee07fa
f6f9ff13030502f2
13fef0f3ea06fb04
0df3f8f9ee0e1512
05fb01edee180cf1
11e916ee0f080910
00fa0610160c1514
0f170b09ff17fc14
01f007effa0505ed
05eff3f6f11206fc
f0110bf9070df507
eff9edf2fbebf9ea
15081502f0fc0ef8
03fbf00402e9ef0d
f91307f4f0f0fa0e
0cebfdf9e9fafbef
0101ea040301f1f3
f90ffbe9ef0bfe13
ee10f214f7f71603
f4fcedf00df10c18
11eb07f709f9fbfb
f8f901f604f6f1fb
f91009ef0a0dfbfc
16f6f8e8eb05ee18
0fedfeecf70706f3
01ed0ef81411f4f8
f6f211faff161709
f30a16fefdf1ea02
0e080efcfaf804e8
17f40df0fbfcf6ec
f6fefe0e11e8fd16
1806f80104180102
07f60beb040c1411
101217f4eeef0b04
06e90511f9eb0d05
0c021206fe07100d
ee1217ea1304f00e
e9ebf4ec0a150b0b
fdfafe14fef40cef
ecfb0716ff13fa09
0cf8fcfbeb13f9f0
1413f614f513f6ee
fdff01f30ff00d11
e90710160018f3f0
eefcefeb0ffdf1ea
f413121316f1feea
12ea08eeec0d080f
f8f617120705fee8
0e06ff14020eff0f
10e90aeb09f61317
ee0eedf9141200ed
f9f0051802ed09f1
18faf41613ecf109
f603eaeb14170a03
0df10e0b02ecf211
f612fae9effd1816
0002f1fef6f6ea09
00e90c10eee8fef0
0afd13ef0a15020b
f20c0a0805f1fd05
0801f60c0efcf8ea
eaed1102000c110b
15120e00ea17f0f9
f7180d0ae8ede918
edfa0c01fb0e07f5
09f2050ef6f303ef
f71608f00e150402
100bebf0ff07f700
fff9f1fcedf60412
0617e909fbfdfc05
1313080304f71704
0509fdfbf8f7ee11
fbfbfdee1816e8e8
060918f00511f716
13ee09fbfefb18ee
17ecf9ed0f13f405
130df31605ecef05
ec06fdff000a0efd
06ec09f6eef9fa0a
eef80716fce91817
ecef071417eb1213
f4f8f8faf105e90e
1304ecfd1514f213
13f7ea0df5e91505
1608f3fd0b080004
04fa100cef141415
f3fc11f2f2e80f0b
0af4f8ec0b05f9f0
f2faf41515001402
f907f80809f709e9
12ff0517ef180aeb
0ff11212ebe9ef0a
f8ee07f9ee180de8
fbe9fdeceb00ee0a
e81515e916f6fded
ec0bef0603f2fc0e
030d0e0e11ff00f9
09ebf50b10f31803
eef40aee0cf9f2f7
0501f3fc1504efff
020105040c131302
ecf7eff40e180c07
070906ebfaea11f5
18ebfae9f010fded
f90fe9fcf8fffb0b
1309f9f2ed07170b
04ed07fe12e9eb00
07f40916f20cfd07
0de9fe15f0fdeaea
fef80d0510f603ec
01e813f7eafc170d
0aeaf9e8ed08f6ea
ea0b001810f0f411
090c06f5f0ea0deb
f70605ff15ec170b
ece8fc010312eafe
03090a0ee808f703
071713070005eded
0b00ebecf90e00ea
fd0108f401f9000b
0714fe09f3fcf1f4
ecebf8f2fb17eb0d
f2fff41111f91718
031615fdec121309
eff916f9180cf5f9
01fe0dfc0e06f3f4
eef9ec130d0a01ea
0cfb08fbee1808ee
f300f6f5ff02f9f3
0af7f80e0b09020e
f7180d0b1507ff07
ffe9180d0ff4fe0f
121100fb04f506f0
ea0ee816eef60ff9
fbff17f8f215e907
ea1009f8edfeed15
0fff04f603ebf7fd
08fffc16f5fefdeb
ff1118ea05f501e8
13f1e9f809f5e8fc
01e80e18ece8fdfb
fd0107f909f501fa
f30b07f003fbf508
0b0f0de90d041603
faff15f90400fb06
f812f7f4ec0a10ff
ec0e0206ef061116
0ffdeaf9eb1217fa
03ec01ecf9f1f2f5
101402f5fc0e0aec
06ebfb11eefb0c03
0f14000c140af508
07eeef01f01507ef
ebf50ffe0b17070f
f011f0f0efefed13
15f100e80a0a0bfa
0406ecfaea05fd0d
0d00e9f00f0cfbf8
f4f4ea030018f6ea
0206f7e9eefd09fe
f0080df4e9100116
fcfa0cf9f0f803fe
fef003ece818f6e9
090c0af80a0e0cea
04e90c05ee13f317
f6fe02eff1fff8f6
f1100f10ed0104f5
f00c0303eff703f8
f6ecf0e9f5f9f00f
0b04eef7ff10ff08
ebf3ecebee0efe04
f40bf3ecf60cfef7
ea0911fff90a01f8
12fe0d0507ebf8ee
0df9fbe90d14f6e9
f50ae81103140a0c
e8e9ecff020d160f
0bfc16030e07f512
f615fafb0a04f212
03fe14f61010e814
01fce9f6ee0be8f8
1515fd18f1f8fdf4
f10cf0f5f0011217
fff4fee80d140018
1517f30713f5030f
0ffb17e9ff1809ed
0408f60a0a131016
f0f11501eee8fe03
010a14000ef611fc
0ceffbfe1802f718
fffa16ee0df40e17
e907eaeb0bea0309
18f00e0313f803ff
fd0cec0c18150104
0eece9100a1805ff
e905eaf2fc100d11
0a000103f818f3ed
fdea0b0c1003fb17
fff50a1117f31314
eb030bfcf204ea0a
07ebf6ebf61108f1
02ecfbfa0f0507fa
f7f2fe14f303f4ec
ed05141305e805e9
0e07f3fc030ef40e
fefb0dfb0e08fd00
e90600f4f605f4f4
0008eaf7f500120b
eaeaf30f14edffef
faf1e9fd15f0ea12
e9ecedf5f30406ea
f20a1303fb0408fb
02e8e810081308f7
ea0e1805141503ec
12fa04ef020df514
120e07f117eb18ed
0112faf70e0d06f9
ffeff8eb071512f5
f31216101515ebec
f90e100d18ff0cea
0307ec03f7f1f700
f11617101204140c
0a02030615f901f0
ff0011fc12f0e8f2
05fc0713ffeef90b
ec04f50811ecf110
0800f70e00ea01ee
f2031512e8f0f4fa
f0ea07ebf4ec0205
170e01ff01f601f6
f20afdf50d0cfaf0
f31004f7f7f0f714
170f0af8fcfe0bf6
0cf1170316e9fef8
ee0af20af90402e8
1615ecfb1412fbf8
05ecfe13090bfaec
0416e90511f2ebf6
0fed12eef900f7ed
e8f2f9180d0115ff
08101306ed03f405
f611e9f0faf01515
ecfb0508fb0903eb
fa08ebfb0107070a
eeedfe0eedfb1201
1610ebff02f6020a
0b17f0130e0308fc
e8ed04080b18f008
12fff0f2fdf81806
16f4f4ef0b18f90a
0707f1f1f70700ee
eeeefbfe0df60812
f2f2ee080106fcfb
000a0304fd03fc14
ebeb0b14e8ed0b01
06f9180aff01fcfc
fa0df7fafe061102
171702fffcec04ff
faff13170dff0908
120706160213f20b
17080706130bf4ed
e8f6fae90fee14fe
04fe0ae9171811f8
fe0618ec01fa0efa
e8f500f9111308e8
f2fa0a07f516eaf7
f2f608eceaee1813
f500f4e80f0cf5f9
e816fb0d14181114
faf40a0d01fffffd
fa0df1ec0df400f5
e90a01ef130e00f6
f0e8f6e8f00a1301
0a0dfaf512f40506
071801ece8131516
fd0d030ef40904f0
f00beef3ecf7f1f8
0f0bfdf6011501fe
0100ec17f8f6e903
01f31616eef9f513
fa00faedf8000703
0eea0a080dfb080c
ec0c14ff0f160211
eeecf9f91010ee17
06ff080df50f0213
fb0906edee080fea
ecfafef007f715f7
12ee0a11180a0ae8
fc0315001404f9ec
020a11100cf7f20f
eae8fcf0eaf100f9
09f3180f000af70a
fcfef0eb07f614f0
eef7fb0af2f71601
edfa05fce8f5fa09
13eff3f51405f30a
e8e8fcf40f0b0f11
0b100c00f8ee0704
00f4030d001816e9
04eb06eff004f206
0be808100a0efb05
eceb13181408ffee
ec0b05faf8130d18
18f9fb03fafb00f3
f7f90f17f014fd11
06ff1505e8f911f7
0cf7111115fd1814
f3120cfcef120cf8
fceef8f5f50af712
f9ed11f900feee0b
e9f5fb110009e904
07f0ebf511f2f714
ec1205eeedf9fa13
f90d13f40f1104ed
fbed08f8f413f704
f0080302f300fafb
f7080cebf8f30df1
0618f9f4eef30d00
f70dfff903ea050f
e9fe16080311f4f4
fd09fa15f00febfa
f01503f2f1fbf4e9
f60907f1e9ecf615
0befec0700ecedfd
f7e909f004f4010d
00100710f20dfaff
fbf2f90f0701f3f1
1207f415fce8eff1
0ff80ff00cfb0de8
070c07ff02f401f0
ef020f02f0030505
f0ed13efea0efaf3
01ea04ecff0d01f9
f4f30b05f00fe90c
15f502edf71206f2
0107f203e81500f9
feedf9ed09120cf3
060bfef3fa07f106
0b00fd0116f50815
e9f9eef9fffdf20e
05f3f3f9f5050d02
0ded0fe8ed07e8f9
06fd01080af3f818
0d0903060a03ecea
e802eef915eeeb08
ff1503f705f40cf2
060202f8f2ef1008
ece811f0fc0befed
09feebec040afafd
fd0209fb0e0eeeea
170512ea10eb160a
ecf1050b15f51206
0e0dfd07ecf71307
0df408140af617ff
f7000d071118edfc
0512f5fb14f1000b
15ff12070711f3e9
06ec1607fe041301
fcf504fcfb14f706
f8f411e9f7f10616
e9f70606ecf30ff8
ebf508ee07f912f7
f205faf60105ed15
f40f01ed120f01fb
090f0e1818f90eee
16fb16eb0debe810
f8f5f3effbecfc08
f20f0413ecf6e9eb
10f50eef0015f716
07ecec01f116fc13
12f1eefc0703f7fe
06f211f60c0f11fd
fc0a06fb10f11509
f9f9020feff102fc
eeed0e1011060af8
e80bf8eeeaf903f3
ee06f10c0ceefffc
fdea01f201f614ec
edfe090df717f206
f5fa13f3eafefcf3
0dfcf015fa001502
06f0121315f50afa
0c15fe07fa1818e9
ff04ebf11207f5eb
05f3f1f60b11f301
f7ffe8ec14f302fe
edf314f100010c0a
edfcf509f9091217
f1030afbfb08f217
fdf1030aff0de805
e8eb0803f602f309
03ec060a05faeff1
f8eef3fc0e0cfc01
ed11ea0bf117f609
040af4e9f70efef5
13e8170bf909eafa
13110ff30b0cf20e
1614f30efae916ef
091814fdf6ff140d
eced0518ea1813ef
f5f4e8010fe8120e
0a07f905fef0f7e8
ec15f9f6f61805f5
fa04ed1301ebf812
eef5fb00f9f10fe9
1206fef7fa13110f
0009e801010e0df4
15f417e9faeae8f8
f2f40df6f8fb15eb
ede8f7140f03fdec
0ee9ec05ebe9f300
0910fd0cf914f0f3
0016fdf8ea0dfb17
07e8091205f20517
fdeff6f116130b10
0df50ded15f40915
e8fe17081407ff14
08e8f2fbfc11f9f5
ef1817f7e811fc15
f814edf4e9030aef
e81703f6fc0ee912
160af0ed17eefb0a
12f5f806edfe01e9
0e171318eeee0c11
ede8f7ec1711f3eb
eef2000b0b06f302
ef0b07f00bfe0cf6
eeefeaf5f00b1300
f40307ef0eeffcf8
12ed0cf41816fbfb
f1f2f91718f7f5ec
fffc01ec16eef3fe
ed0ffa0ff303ee02
0414ea03f906fdea
eeefff180cfef0f4
e9160bf3ec12ecf9
0fef10eef112f015
0a0008f3effd04fd
13eb111414f814f6
0bf1f8f7fb02f318
0df1ebf5f401fbfd
f310f4f4f8f2fb0b
07ff050cfe0317fd
18f706130501f8f8
09ea11fa0bfdfe0f
ea120f03f4120beb
ed12fefa110502ee
fe0a0a07f30f02e8
0ef00ded0706f9f1
04fa09eef2fbf201
eae917fd0c16ff17
15f4020d0603f5ee
02fc0dfa1215ee13
1000f91206f7edf5
f0eae90afbf811fe
ec08fefdf90afa01
1409ea0ded180f10
06e910eb0ef4eff4
04ecf4180916fcfe
00f9fc0af3f106ff
eaf817060bfd06f4
17f9fffdfffc0815
f914e9f7e8eb0af7
f4eff20703fe05ec
100fff0c04ecf8f6
1205051502001311
f3fd1008180a0ff1
0709e81315ed0305
10101815f709ed05
ef0e11e90208f8fe
07fa16f1f4fefb01
f30e150dfd0810f2
f3f9eeedf507ed01
f1f4fcf611fef3f8
1618fbed0dfff318
f60e06ec15020e10
130f16e814eae9ee
0d07fdecf307f309
faf5f7edf207f1ee
f30dfbfeeb0ef5ff
11fbe9e8eff60303
020febf6160c0b08
f408eefbfcfd1807
16f30e03fceeef07
f4e80f08f90a0cf2
03e91817f70a0af5
05f4edec01efebf6
0ef4f8eef9ef1516
fef4f31000f70608
0e0bfcfe13f20302
12170ff6fdf017f7
f7fff6070fea0b14
0df7f1f0ebf4fcec
fa15e9ed13fffdeb
13f6f6e80212f518
1101eceff9ece8fd
fefefef2060c0401
15ec0404f003f810
110bfd06eeebfaff
ef05f4f6050beff6
fb10f6fc0c0309ff
ecfdf9ee120aeee8
f0090d08ef0ffd16
0513f4e9eff8f5f8
fd08eff0f8fd0707
f8eaef07ebee0eef
0209f4eb11f9fafd
18f318fa0fe90ded
fdf50aee0206f0ef
010fe90416f911f2
11fcfaeefaf0f710
fe06f112ec12fc14
fd181111f30d100a
ef08070915ed0b0b
f2f3f2060c0ee803
ea080af506170800
f910f7070005ec12
ee0cfc0d15170801
eef7fe0ceaf6f70b
eb01f50104050dea
0c04eeeb0bf90fec
17fd10e81712ffe8
070e0d1805150df7
f0010f110c05e916
131018ece80a07fc
eafefaebf516ed17
05f4ff18ecea03fb
01110b160208f20b
12f3180011ef140b
03ebf318eb1701f2
f714eef5f0f817ef
120efe09f6eefdff
06ef17fdfbf1fe08
f20c15040109f111
ecf70105f000f8f9
f4ed08111509f70b
110c16ef0a09eae9
ffffeb001516eaf3
14fd1109f6150410
0f0e070f0cf209eb
f1050cf9fde90509
0cfaf30efa0fff00
100a16fc08effbf8
f5fb030507f0f415
f7eff0f909fc1415
0ef2ee1315eeef0a
f215f90017f3180c
0dff08f7f10ef3fa
f8fc110b0df6f90f
f2f1f1efea100505
e9f610f7031010fb
fbf00bff06f1f305
ebeff7eefd0f0416
f915fb110318ee03
fc14161102edf4fe
07ea12f5f5e9f7ea
fafaff000703f514
edfdea04fe0d12f0
05f606150f15f608
0e040316fc1301f0
fff9fb15f7f4eef8
f0f40afd060b1215
0e06ee16f2000cef
faf00a0b18fa04fb
13eb1000070d03ec
01f70404e8f0f10f
13e90e0fed1500ea
030711f301ebf30e
0104f00efceb0107
11ebff0bfd0410ef
03eff6eef409f4fb
f20d120f13fb1007
f90aebf403f90709
021308f8ffeced06
ff10fc09f400f811
e8f1fdf6eeea07eb
0f031808f0ebf10b
13eefde90009090a
14ff06f1edfd110c
1012ef14efedeb0f
f9f4ed16e8faef11
fb18ededee05eb12
0f170205f203f4f3
f3f8f3fe03fbf916
160c1814f2f40c13
01ec0714f1fdf812
f7ff0bf9f0f717e8
0208eb0dfafbfbe9
f1eb18f1efebecfb
edfef2f006ef0813
11f80302f5f5fcfc
0e110ef40aee0ef2
f018eb18f001f2f7
15f416ffe8000eff
f6e9ef1217ef0afe
fd130303fd0711ff
18f2ebf6fbf414eb
00faff170ef00518
0d09f0e8e9100706
e8eeef0beeff1205
0c120debe8fb00ea
1715160909f6f002
fbe9030f12fc03f3
fa02fbfe18ef0ceb
07fbed0b0df801ec
07ef140118f5e916
02f40614f7031217
eb0600e90bf906ee
11ecf1fffa0ff207
ed06f0e8f7f5f4fd
130b0d02e9ee0eed
0de8120915e8f3f4
fef3f1f818080018
01f214f413f415e9
e9f9170afafff017
f7f814fc15f1fafe
ebf7f2110cebfcf5
070efdf012f00210
15f001ec0ef30113
ed000103fff713ec
ea03f30dee0b1417
e8fff806fcf9f8ef
ed16180a100ffdec
0c170cfe0cfe0afa
fef60205001712f7
f617ee04ee140ded
e80a0e0ff7f30d07
f50bed08ef13fbf9
fdeffb16fef1fdeb
06eb020debe80900
04f1fcf3030910f3
021812010b09f80e
07f80909ebf5f0eb
f10e14030617ebf8
17120011ec040116
17fcfbea02f4e9fe
03ef0f13f0ef1600
06ec060300f11118
f5f8f7f1f711060d
0ff8f9edf814f409
06f913fe04110500
0efa0aef0f0ee900
07041101edf60803
0df7f3f1ea02020d
000917e807171408
05f7faea0117f3eb
140f0a05ebea0506
ff18fff3f8fefbf1
18f6ebf211f7eef4
08fcf4fdfff11418
e90de8f902fff902
fbfaf4fd0d021213
ef0218130f0cf3f3
f0fffdf0fc09ee09
0009100a0af1faef
f610050ef2eaeefe
050b18f8091107fc
ed04fd03f9ececfd
160b0f0903040307
f6f11708f701ff0f
fe0fff0e01f4efe8
f1150704fd08f6f5
ed170017f0eb0701
0df11202f7fbf806
13f7fa00f30f0cea
ef06f2f0f4ff0111
03050d0604101105
15f2e90401fb0feb
03e9f30fe918fcfe
07061015fafe09f9
0509f2ef080bf9f1
080df8150deb040b
0c01ed03eff20700
0ef8f5ea08f318e9
04eaec170f0aeaf1
13f7faee0a0415fe
0e0ee8f70d0afe09
f5fa08fbfbf3fe0f
06180a0503ed0ff0
1308f305010d0906
f0fbf7e916ef1505
eaf00700fb100cf1
fbf518ee17040009
0000ec1217f205ec
0c18020e17e90f06
18f9170109e91716
edf6fcfe110005eb
fe1512ea000a0104
f2fe15fa0cefe9f9
f913f0f718090cf0
13f8ef0f1514f1ef
fb02f4f410100f0a
18040dfceb02f1f9
16ff080417f902ef
18e8ebf01314f201
ed04ee0ee910f713
f8fc08fdebe90ff6
ebff140810f6f80c
160615fdf301fe13
eff510fcfb07e803
06e8fe18e9ecf2fe
15f9f9fff5f2e816
fd12fdf31212fb14
0a0501f40c030af1
ec0ef407ebf3edfa
100915ecfc010800
150410eaec1106f3
fa0d06edf6011406
fb14f60013f21008
12f800ee02121100
fa08fd18ebf50609
0bebefee0ffbeb04
11fd05f5f1f80ffc
f308ee0dfc01f005
f603f6fe01edebf8
f7eff701fb10ed02
effb14fe03fd13f3
ed0beff2130bf5fe
09f9fc0b0415f4f7
13f4f4f717f002ef
0617071001f4fe0e
08eb0400050208ed
10ff17eceeef0d09
f70812eff4ec0100
11160ffc03160715
e904ec00090c0bee
fd0b11f8f1f0e9f2
fafbf4f9f2fdeaf6
eff4fb17070f14fc
15ede8fe01f6f8f4
0cfbe9ebf10a0af3
fd14180ff4f70b09
edff04fbf5140302
040ae818000b13f6
fbfb0afe131806f9
fe161000e9f104e8
03fe0df501100bfc
f20af1e800edeaf1
f3ee1409f1fdfcf3
ec01fe130d031111
0d0debf9e9f6efed
f4110311f1eeeb06
f4f8e9e9e90412ff
15e90becedefea08
000809f7f607ec01
100ef00118f505ea
f6e8ec17e918eb04
f4fb17fa010ef7f3
08f90e17070bf005
08f80118eb11fdf9
ef000af009f5f8f9
10ecfd0f0506f6f9
0d04e8f404f21809
fa050412f117fa11
ee011112f4ffff02
10eaef03fdf00e11
090dee010b0efd01
00f1eeec0e02fa12
fd0a09040d09f50c
f6f2f7f80516fcea
edf9fdfe0beff905
05e91018f202f4e8
f5f5e8f2e8f9e814
12fe0cf417f71816
ecebf7040204e906
0d170cf910f404fe
e8faf10802f40deb
f20707fffdf507f8
e8e818f713f0f414
17fe121614140500
02e90a1015060400
fcf6f2021403faf3
08120210f1f20ce8
f7081802ef0fecfc
0317001703040303
05fe15f90ff5f6ef
f3010b1013ff0d04
f9f1ebf210f2ebf3
10ea0f080000f915
f717e807f109f3fb
11111800fef30309
f30015e9ea0802e8
eef1f20c0b05ff0e
0c0c16080812ffec
fb0a0318160e080a
f2f6faf3ff12fbee
edfd160208020915
00ec0c060febf801
180d0b17fffa1318
0ff5f60311ea04e9
fa03f0ed0b01f1fc
feedea0cf40109e9
f8f805ef070802ff
151400ff12f5f200
f4f115fdf4f91808
03fb010dfdefecec
01f105ffff041301
ebfff606f5fb0deb
0f00f513130810e8
1411f601f50be8ff
f6f7f10bf4090718
e9eb09eff616f416
f2e81606f2e918ec
f9f2ee040de9fffe
10080cfb0ff8f612
0204e90f160b1707
f80009fff0ecf100
e803f718fa0a050f
13090c08ec0cea17
eb070911f0f7fbed
f518f3fc0a0b13f6
eef10a10f1ef1610
01e9e8f10be8f8eb
12f114f1f3ed0f09
0b050f13f80608f0
fe030d08110b14f8
f1f1e817fe12edec
06fc08f5180c0405
160918ec041015f6
080ff1f3efe90ff0
ebef10151717e9f9
f6f608f9f510f311
fffbf2f105f1f418
160ffbea1307ec05
08f30015101612f7
00f80fe8090f15ef
ebed0608141400fc
10e9fdef00030b18
f5f402eeeff30a0b
0feb0617fa0512fd
081817fc1718160b
fff9090af8f90bfd
fb1518fc0aea18f7
0f0dfa0915ee1000
060ee815f1041404
f51406f2ebec13fb
080005eef9ea0005
f3e9fa1315f1fff8
0910101401050318
070718ebffec14ea
0b0dfbeaf90afa04
f406fef711f8f60a
040bfdf1f3140f15
0608fef109e90fee
f4110ef609f2eefe
e9fef30afa18f3fa
f503060105030a14
150a070e05f7f8f0
fc0ded1013f0f0f0
0ffcfdeafa0403ff
e9f8edf0ebfc0ff8
f006eb0f03031007
fe0f0ff601ee0df8
f10607effcf7f805
ed0b02061406fb0f
e9e80becfeef0f13
f9fcf300e80d18fe
f1030d10f20fef13
06ee0eef180a090b
f7e810fcfc081410
eee8eff11715f6ff
1218061808f3ec18
fe0aec02f5f5f815
0af0f5fcfc0808f7
f718f511f20f1813
0104020df4ed0ef4
fbfef8e9f9fc12ef
eaf710f60007f909
0006f2ff1606ebf9
f90c16fafa18eb07
e9ee0d0105fd0bfc
f0e8f9fa1717fdf8
fa09fd02020c0d05
071608fa0515f6ff
fe1611f8f201f70e
12040111f1f4f015
01ec0f16ebed13ee
fcfa171103fd1118
070305ea15ff0811
14ee07faea08eefe
e9ef120a1403f9f2
02060e0cf815f6eb
0ef0f5edf0f3e90a
07f9fff0e8ef160f
00ec0fedf40d02f6
0eeef8fb06111015
fa1217080708fefb
edf3f4f414fffaf9
eaea11edeafaef09
0f05eb080ffcf2ea
14f2f50906f801f2
17f913f3fffafc0f
09fe0c0114fd07f7
fa171502f10e04fd
04160304f4181402
0816160df01703fb
fc040008eb0efe13
ecff18e905f11214
f2e9eee901fd0418
ef1109fa1216fc08
fa0914f609f8f5e9
0000f4f2ef10e80d
05fb1113080dea05
09fbff14020218f0
17ff001516fbfd18
f5f2e90a000c12fd
ee040911fc18150e
0cf01204f1fdfa0c
f80e0808f709f9f6
faf1f7100deb0f16
170408fe04110d13
f7f60a00fffcfefe
17f9f10512faeafb
ebf717fef4fd14e9
0aee0213fcfdf917
1705ea0de9e91308
17f316f2fe0416e9
fc12f50a0a0c12f7
000516ee040a1111
f8edf607ef011404
fce9f3060315feec
f2f00ee81001ef09
1308fafeeef50d06
060b14ff080bea02
0dfefbeee813ee11
09181110ede8ff03
15ff17f110f9fe0e
0403ff0cf4f7eef4
f7f9130b04e9fbef
f618f612f1fdf604
f8f601ff16f0e9e8
111216f4eefefcf8
12f9f8fdeaf706f9
fb0cf60f09131108
fd040213ebf70ae8
03f6120113ef02ec
e8050713f1f212ed
e8f7f9fd0f0b1815
03eaed1310f5fd0a
020aee0de81300ea
f911e9fef0f71807
10e90011fd050b0c
edfe161108f210ed
0ef708ecfd03060c
fb05f1010304eb13
14e811f9f1f9f3fc
100603f1f2f8f104
0c0b09e911edf10d
0cf3f71107040cff
14eef115ec0afa0a
0ded050415ecfdec
faf4fef5060f00ee
07ea120cfd0bf0ea
f3f7f61808fbeff1
ff12040d0404e9f7
160e101406ecfa01
f500ebfef30d0eeb
00f4fff7fa0a0411
091302ede9f4fcef
16090818fcecebef
0efefbf0f9090aeb
18170fecf9f3eae8
03ef000ae8f1e9ee
edf7ebf31213ecea
0910efeb0d09f20f
f3f0eef9e9080a11
f402f8e8f80affeb
18170af6fd0cfa07
0114f10a10eff209
ecedf20af00c0e02
f503fb04020af3ee
13f004f6f213180a
11fc1009fe06ee05
13edf202f2f71609
e816f6ff050705fa
f107e80a160607f3
f90af20d07fe0dee
0315faff0ef8edf5
f2070ceae9ee0803
f00e10ff021300ef
f702fe101503edef
1613f505eb14fd15
09f0f50c0af41112
0408050c0a03f9ef
f5fe1207ea09ea17
11061105f2e9f610
e9f1fe0c04f411e9
f10e160bfae8fc14
0414f1130f0dfa09
f5f103f0f3f30901
ef0bf0eef60dfc13
04e8eafe05f5e813
f0080beb01fef7f7
03f40e01fd0eedfd
ee03fe0b04f9fa08
130af8e8080f12ff
ff00f6f1061616e8
04f0eafbeb1216f0
e9f3e80ff5fe0eea
10f6080ce816070d
0df3fffdf802ebf3
12fe150c12fbed11
0a17f617eb01fdf5
f908f30bf9fe15f6
fc0214ee0eec000e
f7ef180cf31815fb
09eeecf7fcf31016
e8eb00fcf7ecfb15
151707f00ef2fef4
ec10ea1108f7f502
0614fdfa11ffed11
17fbf9faecf3fbee
0c0c1501ef17f7e8
08090a0d16ea13fd
0a0204101315f3f9
09f21405ff0af0fc
f3f6ef0116130af1
17180ef4f30905f5
0c03180bfefa0b17
12f5f8060102fd01
1018ebef0ef70ded
14020e07f3110513
17101410ec0312f0
0dfff5fbfceefefe
ee10feeaf81010ff
00f410faf701e8e9
eaff001209f6ec05
fdede8fdeaf8f412
fdf9f7ef1613160d
f314f0fcfaea1210
fa03fffb07f505fe
14ea02eafd0b02ee
faeafff50002f1f0
e9f0faf2f3eaf4fa
f312f5f7f3160f12
eaf911faee05180d
051401f3fbfe04f0
050ff5010b0b0efe
000af20d07f504f4
f10af21809060b04
f202080d020309fe
06feec160118e90f
0002000e1614e914
f91416ef060dfae9
05faef0418180bf9
0302e80cfdf913fe
ff07ed08f21006eb
f9fcf1faea0612ea
faedf0fcfa0202e8
0c0c0dfa16f6fefb
ffe9ec0f0707ec07
11fa0f04ebf51013
eef4f108f305ef12
0c05ea0de9f8f909
fb06f7161800120b
17efe90dff120aff
f2f6130718fc1401
ed1216ff060beae8
0410f4ff08ef09f8
0aebec0306050503
edeaf81704eceff0
0705f3011213edfd
f016ff081001f6f4
ecfc1614071414f3
0f0f08f50bfffff2
110feb0dfb0c160b
080ef3f0f212ebed
edf41100ec03f6eb
ec08f30d0300f7f2
fc060ef2ecfa0b18
16eefff8eee9f302
f3ea150bef01e900
f8140ef31507fb08
110410eaf709e803
eeed070606eaea14
06fdf415e8ffe90c
0e04fc07ee181212
0110fe17040cec04
120ce8ec0208050a
fb0fe8f7080117f5
0d02f4140c01e9f9
f70e14f4f6fdf4ea
f2fbfff300f10cfb
f710ee0101f8ff07
e9f00102ebff0308
0cfef10ce8f41405
f40eea06f8ed0e16
01fa14eceb0cfa10
ebfd04eaf51718f2
f110fc100cfdfeff
ff00f8f5fa0717f9
0a1110f20f0507ee
13f9fa100d0a050e
f20e0a0d0ff8fafc
00f8e816fa0b070f
f1f5f6fde9e9ed00
f4ec04fd1212f8ef
f0070a0bfaf61814
fdf1fe11effd01eb
f90ef30dea0008eb
15ebf8f307fb02f9
00140a08f7ee15ed
0618f50217f201f5
13fafb10f40d0cf9
fbfc090301feeef9
00f1f2f101fb04f4
f601e8f5ecf10414
0e0d17f912e81206
0613ed0b16efedec
fa1813ffef0ff8eb
16f513fef2060d18
f7f3e814fcfcec05
e81408fb1207ed00
18fd05f6f80212f1
ec1500f7ed0b0b0e
f8130affe8ff18f9
0cf118fef3fa0b17
e9ecfceeeaf0010f
edf2e9f907fc1801
0d09ff00f8ed0df4
edfb12f315020714
03f4f1f210f807e9
08fb0810f11203ee
ef120c0eeb03f7f8
f2e804040717f6f1
010a0707fa09020f
f8eb16f50bf91701
f7f9f7130618f000
fa0bf7f9130f1607
eeedf90015f914f9
0600eff6eaf016ed
f018ef00080d13f5
fd120c01f6f2f7ef
15f9160a10fa1115
010e1112131500ed
ede9f0141208fef9
eaecececf20bfe0f
eaefebeef5130bec
0de8e8f505040708
fff8fa0914f8fefe
140fee1416060705
11f01009f2faf9f7
18f40511f9ffecf7
f1080d0ff1181609
fa0c0018080e15fe
000d16f90efc0b0b
ed18ecf214f20d12
f508040afd02e802
15f8120ee818fef2
05f7eefc0b04f2fb
17f6ed17eef2e9f0
f510f112ecfe0800
13ef03fbed0b0216
0407ffeaf9f30df4
0300e903fee900f9
0df20810eb00ebfb
fffdf1fbfe10ecf9
efe9ee11fd0d0c16
0a081813edec0dfa
1718edebecf70101
0deb0014130901f7
eef70f0cfb030df0
0e0eeeedfeea02f7
10fd14e908f1f3fe
151408ff090f0dfb
fb030c10f7f609fe
f609f1fdeffe030f
f4f3f0fc030ff913
0d08ea0316131707
0af3fd03ebfdfdf9
e8ebf5f8f3f9e9f4
fa01f90bfb110afb
0aef030e0412f808
01010cf7fcf9f100
fdfffbecebf5f517
0810fdfd04090dfa
f2fc00f4f3f5180b
16eb100615f10df0
fcf20d16090bf90d
0c0718fdfafcf9eb
f6f912f8ea16f414
0514f6f810110f0e
fc00f607ecf9f4fc
edfb12040016ff16
f6f513f6030203f8
0af40efb00f313ee
eefd0b0012f71205
f1ed02f5efff0d17
16f2151811ee1017
11e8e8f5fa02050f
0c000210f512f2f8
e9010600edfbf307
f40715e90c0deaf5
fdf318e90c151509
f713fc0012111517
f4faec0d10ea13eb
0af9f6edf211eced
f013ec171017f0ec
04fdea0c0615f800
fd1111fef010f8e9
08f915f8090c13f5
0e0ced151002f700
0800f30ff4000be8
07f5f707f904ea0a
0be805180903f3ed
eb03fc0becfc10fd
ed08ebef0b001511
15ebf406f418faf0
13f8ef04f3fde8ec
0914f7ea0bf7ef02
13ecee0a12140dfd
fdfd0df81604f403
e9110c050aee0715
0de8fb1003070f18
0ef6fafcf9f517f0
f6f012f7ff04f602
e9f7f40aeae9fb10
f30c0bf8020014fa
1710f5f111e81714
1318001116eef315
ebe9eaf116f6ed08
f108fdfdeafbfdee
f80aed13faf3e9f0
fbf004171016ebfc
f30c14f7f21810ec
f5f00d0604fc0d09
f8eb14ed0feaf803
0b001104f310fd02
03efeafcf917f504
0e12f115ed14fb01
fbf8f812090b08f3
0bfaeb0bf206f90f
fdeffbfbff15030b
f803e8fbeaf113ea
fe02f2fdf80a10e8
fdf3fcf10fed15ef
00feeae910f5eeea
f809f7f70bfc0918
1205e8fbecfa08f1
fef105fa18f61318
0e0d040b13e909f4
0611161612eb0f0c
18ebe91608f30a03
f2fb0610f105fbf7
ea170e1812e8eb15
fd0910150bfb0413
0d03faf2130c0715
ff00e817e80610f0
e9ff0618f6fbeafa
f0fdeb05fa11e814
14f50ef218ec0f08
ea01ea17fe141604
ed140ef5fdec10fa
feedf1fe02e805eb
f00309091007ef17
e804effdf90de8f1
13f5010bf5f412f1
fc06f816f8160608
e9f7f404fb0f1114
f70705070df405ee
17fd090ef513fbec
06f7110e030ffbf1
fc0f10ede90704fa
09e804fffdf0f001
f3fb16fcf30ef6ff
15efedeb1110030c
0804f1e90708eefb
071006f8f11615ed
0b01f714edf011ef
050b11ed16fef8ee
0e0bff0a01e914f3
14f418f70ffb0703
fe000ef60405ed0d
ec0c050f11f6ee0b
fe0504ef03f50217
00f61407f80d0e07
06fc17ea0205fffb
e9f30a0208fff4f2
f9ee0502f3feef04
0cedff18fc0613ee
0cfbe9f1fae90cf9
f4f204fffe16f302
120eff0bf3e81609
15fc12180ff3fbf6
03f9fb00f2eef20c
ee10f8f1fb00ff0e
150c18f8fd0eec12
f01516ee0be814e8
0afe07f3e8150e0c
eeeff01203fef3f0
0cf609f9141301f4
0104fff3f710eef5
f1f10cf0f1e9e818
fefd0706f4efe8ff
051806020fe8f7ef
03051404f60ef410
000106fdf7ea0b0d
18ee0902ff020e0e
01031417f1fef2ee
ff010502ffff0efd
ec14020211e916fa
f104030b0bfe1706
f9ea04f6f70e0b08
06f406ea00170614
1600050a071202e9
fb11f10b180cf2f2
f011f709100ee8e9
f012f3141206effa
f00e0cf0020cfc0d
eafb12f50806f700
f21000ea030d0bf3
00f610090d0a0a05
ed0ffc060c100610
16140df314ef0415
07161505011215f2
eefef2e80c130a13
ec14ee18fe0cecff
e8050f0f160b0803
f40f151813fe0209
1303fe0c15f9f012
f71607f1fa11fff9
eafdfdff15f506fd
ff00f2030c08f30f
eae81416ee090002
e9fa0715fe130908
f4e8010e0af8f304
f51208f1f2ed05f6
fa06180c02f6f306
09f605eb01fe05fe
f513e90214fc060f
12eaf20416110ceb
1503f8effaf5020e
f508f3001004f2f9
f60efdf1eefeef00
030df0f5f3140900
0305000a0511fd16
02f7000c0811eefe
100ef21502faee0f
0d12f50feb09ee0d
140b0df1fb130e0b
0d0908f7e80d02f6
f200ef0ceef107f5
1509fcfbf90e13f7
06ea02f11405f40f
fa06150dfcef10fd
1204fde9eb010bf5
17e9f112f511ede9
070912ed03fcfff0
eb08fa00ec17f309
f6030feee801f301
04ec140802ff0410
020804ea0002f2f1
f212fded00070806
07130ef8f3080b03
f5f108ea08f606ed
15eef4f617f7e904
f80300ed16f5ecfd
0018f8e80206f902
0d120d05100b06f7
01fce9ff1411ed01
fb0d0c02ed010e12
0f0100f7eafaf5f2
ef0f06fbeb0d0013
ee0df9f4f4ec18ee
08f3f6f1030a1001
04f4f00ceaed0f03
f5f9eb07fded0ff2
13050109f417f304
05ee17070904ecec
ef14f8f9fc0516fc
fb131506f7ea18ed
0d170bf80f050c0c
eae9faf314f3eb01
00f6fff40f1614fa
09130c0f18f9ec0b
f3feeff8fd0316fe
f6061715fe0c16f8
ff18f90d061708fe
fc140702170e05ee
0c0cec110318ea13
f204121700120c17
f7021816f1eaf7e8
0ff516f0fa0ef70c
f5fa16f30111f9fd
e8ed06f901ece90b
faf104f1eef2f4fc
fff218f7f9141300
01080a0f1404efff
f8fe14ebfa030402
140efd16f706e907
f410160af3f312fa
ebf611110df4ebfd
16ea040af7001609
fa05130f06fc0b00
0e1300000b04f10b
fffefe16f61412ee
06f9f818ffeaf605
11ff12f2f1fcf7f8
ec14ef0beaf7f6ff
e8f3f71205eaf6fd
e808fc11fffb17fc
111506f011f91408
0d07fded11f80cec
15fb0801080fed10
f50918fd11f6ee10
0800efebebfdfa0b
0a05041216f6ea14
fa06f1f009edf6f4
0cea10f2f712f10b
0c0212fbf4fc1800
ed00fef70d06edee
07050c0e0112fd03
f9eaff07fc0fe8f0
edf51817f0fa0af2
17f1f7ed0007f818
1810f1f7fe0b0bfd
fe11f405f1e91213
0e07ff0bfef50609
0407fd080a1717ef
0f13fd16f8f10ef3
12ec04f211030600
fd11eeeaebfaeceb
ee13ea08ec13f90f
0cfa010ef11103ef
0dfff00cfdf900fc
f017effaf4fced03
f50bfff0fefb0c11
02e907f402e9ee00
f9070605fded0115
0114f917ef00eeeb
100916ecf1f215f1
eaf1e9f40df10cf5
eefff90a080cf517
0aeaed100cecfbf4
f2f4f5ef150a03f6
eafaf7ff1007eced
0efffbf2ecf1eeed
0def060cf5fa0deb
03fe04f5ee130fee
feee0801f10df5e8
0ee90811120af718
e8eb0c04050313f6
00eb0af50b17ea09
041008030a17eb0e
010d1001f404f5f8
13050b07ea0ee9ea
fe0c0115f1faf107
04ef090d1105f715
fd0b0a0a11100911
ec141508080901ed
f609eff5ff050aea
fb0e12f8f0eeeef6
f4ebf504f616fd0f
f7f2fef515f3e9f9
e9f3fcff101003fb
11f0f30900f81809
04fffde900181308
0ffc16e90be9f7f9
fbeeeefb09f31117
130d14f10a01ec07
1104eb0304f000ea
07f708effbf8000a
e8eb0813ebe8faff
18f314f3f9f9fc03
0feef8f8fa000df4
ff070a03f60efe17
12fcf716e811f10c
04e80901fdf3eef8
100d04e9f1070f00
e8f9f6030207ee12
eb01f2130d0b1016
f9f6150d02141107
13ec1212000418eb
0afffdf411efff03
e9fa0f1517faeaf5
02fc1409180012fc
15ed070d1107fdee
0212ea07edff09eb
fff80412090ff90d
f5e9fd0cf7ff0808
e9fdf4f708eefdea
ed160117fdf4f007
ecf410f3f0f7eb0b
021108fe110f00fd
f911fd0ced090d09
000dfcf2fd0d06f5
edfbf60df3081617
f0ff1002edf812f8
130afd050c14eaf0
0608160af00f12f5
12edf406fe04f5ef
f3ee08ea0d1618fa
f20b13fdf2f514e8
ef17ec01f2f818f2
f7ef0a020217e907
1117f0ece800e90d
0b0d0808f7f5ebf4
edf5fcfa13e9f50a
08fc0af705160802
0306f9ed09feef0c
f406f418fb0c080b
0e18f5f9f7101410
0f0ce8e918e909f6
e917f307fefcf003
0a0b0ef215fdff11
0406f1e8fb07eceb
0de8ea1205010018
090efbf4f8e81318
eb0af0fbf802ebf5
080dfb0e15ed0df6
fff81212ee1308fb
0808110bf301f210
04f8fde80515effa
f9f0030efb1708fb
eaf3fc14fcf5ee06
f3ef070eefe8f7f2
0f14ee01fb170e06
090efa06ffe810eb
fb06faf9e9e8f005
ef0d09f5020eff02
020bf8fa0d09ff14
15ef12f50cf1ff12
09fa140307f515f5
1715f31702f70d08
f7f9120df80c15ef
03e805ea0403eb0e
01ee1114f3fff1ed
f2f9e90e00140efc
f81014030af71409
12fb1107f6f3e9f2
0504ff0d0112edf5
f2f705ea131010fc
fdf10b04e81312fb
fc1400f6f0f0f3f8
17f5151515f2fc14
0bffefe8f901fdf4
0801eeebfcf1eaec
1406f20deff818f0
e901f0f5fa131004
0217f9faf6010d04
f4100206fb0e0014
0400050512130af2
05f20b090501f8fe
f8f4f9f90906fefd
f5100afdf70dfe16
eaf514f31303ff16
faf6ee0500f8edfa
f6f61402f304f1fb
efee180ff3fc0b00
e8ea160401f8f8f5
0315f3f10fffea0f
05eefc181602fffc
f113f40af901f7f6
1714f2060b0f1114
fcf5e91610f70bed
ed0d090605ff0714
0c11f4fb00180fef
f209f0e80a12e914
ff06e8f705170ffd
15eb0b0e05fffef6
ede9e90a01061205
16eae8efea0efeef
0feeecf90f03f208
ea04fff3ef070403
ecfb010a07170206
13f3eafe00010bea
12ea0111faf3fd0a
04efed05f6ebf917
0a1814f3ea1301f5
0febfdf3180a0213
f7120e011809f7f9
0bf20cf8ef0ef2ea
0d0ffcff01fef703
f31113e8f7f3eb0d
140b06ed00e91215
eaf21609171016eb
f00313edf2eeeff2
0febf00a05f317f6
06f21203fdf3ee0c
f507f912f3f2fd06
eb0c05eb040a0509
e90af90ee801e806
f40ef1080e090e15
1016f90b0ffe0a0f
ea01e912ebfc12f2
f9f717e90ffc020b
04fc150f15000518
f4f8eeed17000b08
031212fef90af00f
e90c09eff201ea11
fd0eea14f103fa03
0404f804fbeef415
e902f30b010f12f8
18030506fffd010e
ec0bf1ee14ef17fa
0d1803f914e8ebef
f515f2fbec16f916
0afbee10f1020111
0cf413fd15f0f8f6
0bfefdfe0beef2ed
f1fa0df5f50cf417
0ef5e912f614160d
0d0800fce9030bf8
eef20af0f5ec07fd
110409f110050df6
15f50af8ec0c1007
fc03f5030ded0ae9
ecea05ebed07ef05
18f0effbfa0dea06
09eef617ebf80ae8
fc0118170818fde9
ea07e9f3f5f6f1f6
180af91418ffe9fa
10fafcef14f71013
f10309f004fc0cfc
061100f8fff40512
ebf40706fef2150f
eef003170beaf4f1
f3eafdeaee1616fd
f106ee160aeeedf0
ee1009f308fb0e11
16e8f308f705e80e
f00218080ffc090f
00ecf4eff2f112f2
f8070102ee0010f5
070104fc08110711
0dfcf00905fc090a
04e80917130d1303
fbeb14180312fb01
f0f8151115e91303
01f8fc13fceaea02
10f3f2fff613fa18
fb0d00ef18ff0e0b
fc14f017fe0b0901
0af7e9fd150bf900
11f3f9141608fb09
f418fc01fb101415
f004f9f807f90a0f
f5fb0b0b0413f5f6
0f02f5f6ed1611eb
0308fbfee8f4f207
fbfa05fa1501e9f7
14060ce8faebf80a
f400e90811011008
eee8f00900fd13fb
eeeaf9fae9fe0105
0cf1090710ebf5ef
13e80509edf0f717
12f813fb16eb0411
01fe16030c06f5ef
080f0d071808000c
feeb041702f703ee
ecfff415f2ed0d0f
0701eefdee14ecfa
18ee171612fd0d15
0707fdf114f0f0f8
ff1412f1f705fefe
010f12110eecff04
180cfbecfd041508
100500f5f3f3e8ed
01160df9fb120d14
0ffcea0207120817
1800000713030af8
17f5fe08fd0cfeff
0005121615f10313
0b03061417f800ea
04000a1415f4f512
ec0f0313f3f91810
0ffaebea12edf3ed
e91510f5e91200f4
17e903f109feeae8
f5150414fbeaf9f6
08eb17f4100feff9
f3061109140c06f0
1809fef7150c0c11
fdf6e80c0af415ec
fa18f4ff1417070e
ef1110fb020608f2
faf7f8f201fa04ea
e9e904e80b120216
f0ebf20013ff000c
0e0eeefdffe8ec09
0fedfb080f15fbf0
14f8ff18ebeb16fd
00fe16150f04fc08
07fc15f8f6eaf314
06f4040ef3f203f8
fa13eff9000e10ed
050b11e9f2f1f3eb
f60011fe17f30510
fb18e807fcf3ec12
fb11f3fb06100905
09f2ea12f00114ed
e816e903f5160feb
0ff3ed04f8faf106
0d08f7140fee15f2
0b160dfa15100015
0efa0e0207ebfde9
fdf804ef1605fc07
0bf2ee01ed08ef17
fc03f5ee150aed15
faf71116ff020b07
ec17ebf505f10513
15f9f7e8f600f306
edef020cfd0ef3f9
04ee05ed05f8f8e8
0b11161114ebf2f9
18feebe9f0ee01f4
13f1f0f605f6fd16
14f9f5f20b001015
f60bfd0df9170e12
f60fe91711fe0308
ef0d17ecf302e915
06fbf2130e05edec
1508f7010d110e0c
14ff0e0018fc0201
0e16fa0d18160d18
0afb12fe0bf4eceb
060511f50e1201fd
091618edeb010df1
fc04e909e8e9f6f2
e811f30703ef0c01
feebf316fa150d14
0c0fe9feebf3f1e9
eaf0edf90001ebe9
0a15f8f2070deff3
eefd0ef900effe13
17eaedf612ee0af5
1301e90e06eb14ff
fa0ee9e9fbf910f0
f7eb100f0d0fec00
02fbed02f317030a
fd1611ed151313ef
0ff610eceff4f9f6
fe02020a1113f3fe
e8e9e8f601f21405
f8f20702ecf2f9f2
0012f2120e021000
f00d17100bfb00fd
fa0305fbf104fa0b
eb1108f11207f0f6
05faeeefe912f0fb
f806ff0f0af604f9
f1fdfdf601ec120f
0d050b0becfcfef9
0801eb0a06fb0505
0901fe0c16ed0e0c
f4ece8fbe8ee0b12
ea0f04ec04f5f80c
16feedecf9ec130a
06f618fefa120b0e
f1ef0b120006f6ec
0af1fdfdf1030bf8
f808f0ed0ff30705
fd04fff50417f50a
1010f3effb12f7f8
fc0b14eef9e809f6
12f6f10afaf20bfa
ec180a02ff11f6f3
14fffb04f8ebf118
f0fdf916130cf70e
f0ed06ec17e80bf7
16f509f3f00117ec
fe0717ee010e010f
e8040709f208ee00
f2faed12faf610eb
0ff2170ff1ebef0e
e802110f17071401
fb021417f2f91609
ec060fe8ec0103eb
0bf5ebf9eae900f4
ed0311f7edf0ed17
f7ebf112f5ee1300
ef0aec0cee17f304
0d01fb0af7eff213
f607fa08ef0bf10c
ff02edfcff01faec
eb18ec0df9130d18
fcec15eef603e9f7
0af20fe90f0f16f5
ebf50bea07f5f9ff
0d0e0bf4e8ef1507
e811ee04efebfa05
0ceef0eeed1310f0
041709effaf2ebec
f2ee04fef2060c0d
f6f6ef01f40e06e9
ec0d16eeea1508ee
05f114ed0206e808
f7fb06edeae8f4ec
f1f105f9f501fbfc
fbf20109100602f0
f3fb12f706f7f50e
0a06fbf011fbfaef
1212130105eef3ff
0410eaf9fef813ff
fafaed0c07e8edf9
f21813f70204f3fa
fe01080cf6ebedf9
0c150f10f1f5e806
f9fd1504fbee030d
0fea1803030eeef2
ecfb0c14f60c0d0f
eee8fbf3e8fefa12
01fa081417edf5ff
04f0effeeaeef40d
070f0403f5f01412
0b18fc14eb0bf406
0cf7ebed05f9faf3
12f0e8e9ff04e801
f7f8edf3ed061005
f5eb01f1f10b07f5
18f9f2ff17f5f618
02edf3f91806ede8
ecf6f30b0208fb13
0a02edf012effd0e
0ff91805eef0f603
ed00fe1206fc0d0c
12f2f2f6fff9f100
12fb1315ea0913ec
060c1417fd1109f7
08fb0714f203f800
0811081116110af4
f3f71601edfc0d06
0015050613e8060f
f91809f1f5fd13fc
f11505f0edfcfdfd
fe0918ea090df7f4
09031213ecf0f5ed
09fc14f5eb09fd15
e9ffeeebfc18f906
0cf90110f7051310
f50ff4ea13100408
02ed05e910f8ed17
f00900f7120213f8
0bea1816ee051516
ebeaee10faef01ed
ea020d0411fcf10d
03f0ea080d170103
1712f6e90f0e0208
f30dfe010605f1fb
f803031518ebfef1
0dfef20e0cf5f2f5
080401f0f0000f01
0912fa0dfbf10c18
180b12f802f009ee
08f5ee09fc140ded
11fbff10f9f1f3ed
1616f1f0fc05f1fe
eeec16ff03eff6ed
f40408f202fcedf8
e9ec170e0e0b130a
0aefebfbe8fef20e
0ffa0f0611fcecff
17f011111602e905
f117fdfc0b0bee0f
f4ef0d090efceefe
f1ed18fd0410ed14
fff9f10013f601fb
fb13fdfd160d11f3
fdfb10fb08090212
0b15ecfd10050912
0af4fff1f7001410
eeee0509ebff05f0
0a1412170014effb
121814fbeb06ed0e
ffeceee9f6050316
e9fdfc04f5e81112
f1f3f2f1f8ecf3ff
fc0dff0dfcea12ed
0df405ff1302eeed
13fe0a1614f70112
eae8f210eb0efaff
f8f9070ff0f503ed
15f2ff03fc0ff002
e8f708eef8fef6ef
0dfbfff3e907fcfb
f2f0ebfbf2f6ff07
ed120a18fdfe16f2
fbfafc0c09170a01
10fc14e915eff614
1501f1f012fb1214
f2fc0df714060b13
fcf2fc04f8f7e918
f3070a0aea150a15
00fbfd120b06ed14
0e021513f5ff0df5
ee0cfa1509f9e8ea
130afb081017f3fd
f1f2ed011504eaf8
07f9fd0af3061714
eefff30b12e9f5f3
f4e810f7f70bf4e9
0be804f3e911ec0a
f21216f00a00ece8
ecf40f0cf5f7130f
f000e80ffa15fbe8
ef13e80b01151811
fef6fafefcee0f00
f6e904fb0df8eaf1
ffeff1ea0809f5ff
ee000e13eee8fdf9
ebf80becf7f117ff
fdf0e9eaeb020aff
f11306f5fafbfbfd
18f500f3f1fcf614
f613f7eef0e90214
18eaef11fdf316fa
0104fc030a0cff0b
15e8f4f504f9ea14
121501f808f9f501
08ebedf00502f4f5
f4effcfb1711f0eb
06fdf1ebeb1400fc
0e0b02080c0201f4
12f70b0be912ef17
15050c18fa0d1107
150c120d0bfa03e8
0dee0c06f70cf4f3
04f2110e0dee07f8
f2edf3110613ff13
12fefe10f70df902
18ff110ceaf6f6f6
00f00913f2ecec0d
18f1fefc0101f606
fe14eff7090d15ea
0c0cf3edef0914fa
faf3f004ff0002f0
090cfd0feb160004
15ee0113f0e918f5
09eced0701ecfcfb
f9eaf4ebf9100df4
eb01fdf1fbf7f60b
0df6efea0ced1108
13eefe10141008fa
f2fdebed1200f50e
fffaf607051512f9
f212f2ef1405f0f0
ed0d08fb0600eaf0
07e90902f6fc13e9
f9051101060deaf8
06edfbfd15ee170b
fb00f4fef214ecee
ee0cfdf0fe06ec17
eb15091101ed04f8
0c10ff06f814f60a
1212f606f6e8f608
fb05f4131002e9e8
0803e9edfbf60ffa
fafa0811edecf613
0cf1030717f90eed
17100b15f10df80a
02f118070deb0a01
f8ed14f6110cfbea
0e0a17ee1409ff18
15eceb1111eafefd
05030dfbfd05f6ea
0e0bfaf201ee0e17
0f1117ff0c17f4f6
0ffa00ee100df3eb
06fff2ed04f5ecfd
12f211fd15eaf709
0bee1717fb1614f0
0ff80f1212f0020b
f2f6010cfd1303f9
f3ee0b1117e8f4ef
09f9f0fefd0a0010
f4f80017f80ef405
effd0500160905ef
f0fe1512e8eafdff
f90d11ff0ef8060e
07f51212f7080d07
f0fb150afb09ffef
efe90b02f1e8f1f6
14fc0b00ebe91104
f310ec110af4f1fb
02fa08140cf40ffb
10f10e0c0ce90310
0dedf716f4fc17f2
fc0f14001315ee0f
141304ff1005010f
e8081413eb170508
f5000cf0e80810f5
ec1710111005f817
07080d01ecf71317
ef1502ee0cf1effc
f30cf1f8ec15fef5
10f1f9fe13131004
fe130df5f3170aff
f2faf0ed0aedfb16
09f6f3fc1416f5ef
160e0dec0d02ef0e
f6f41406f814f10d
170302f210ee15e8
0404f213f8f4070e
e9f3ee0e17eb14f0
ecf4ecf909e8000a
f706e9f6fc0f15f0
09f5f7f1f2ee0200
0ff8e914eff913eb
06f4feea03121509
f80fedf5f90f16f2
130e050518eeec0c
fdfcf001fb0e0203
ecf90f130b04fdf2
17eaf8f914fe040c
e9f5fe10ebff0710
0aea04f3e806eb05
ff02e9f7eaf10d05
02f70f051005fb12
ee1111f40a17f3f7
fef81809e9ea0df5
0e13f40df8f1e918
0bf8efea0efc0dfe
ec0f0efdf40607f1
e90f0ef4170312f2
13f302f4fb0f0fe8
0a18fff300f3f307
0af708f418eafdff
0d070112080000e8
f2f4020903e8e903
09f0eb10f4fefe16
f802fd02010cea05
0df607fafbf5eee8
130a0e0707f917ef
15ff180e12f6e815
0810ff10f017f016
0c14f4ff030d00f9
edf618fc0c17fb00
fbf40d00041106f0
f00f0012ea01ff0e
1302eaf204fe08fa
f001100614fdeae8
fef716f10bfb05f6
ebfb1809f0eefe0d
05f7fcee0af5f800
ebfdfefcf3f6f604
06f2ed070d1500e8
fa1611f20c0f0304
0c02e9fe15ebf7f8
fb0af80df9ee09f9
0bf20deef903fa17
efeb09f416f10cff
faf31408e8f60713
0af116e8fe07160a
06f307fde9f21011
0e1312080407ff0c
10edef05f50ceb17
12f1f5f80a17eaf6
f4e8ee140ee91011
ea05f213ff0a0807
0befedee10fcf3eb
f10e08f4f6fe0ef8
f712f0ffeaf010ec
18090007020ef3fd
06f80615fb120217
f401150601f3f310
151308ee10ede9f5
10ff010801fefd15
0013fcf2fee91402
f6ef1213140f0a0f
ee17ed05faf70ffc
130d0d1507f3f812
0efefceeedfe05f0
00fcfefc13f7f10d
f10f17fa1303f102
0af0f71216fa15ea
eb02ecfd0b070bf9
ed130feefc12ef08
f101e9fb020f0516
140fef0dfd0b160d
1318e90a0410eded
fb18ecf11206faee
f00402f1f50aecf3
0713fb040d0c05e9
0f1301fdf005f5f6
ef05fe06f609fa03
f3ebf3fbf30c0de9
f2fa02f9f70ee816
ececf9e9f301f5f7
f6ef12ec1505e9fb
f5140300ed16faff
12f300f815fe0501
0bf3fd16ea0618eb
07030006f0ed16e8
0215fb0fed09140e
e80a04efe9f905f4
11ed0b1016e8f7fa
0d09ecefeaf20c10
fdf4e817e8f3ff11
10fe1306fb0a08ee
11f70dea0af6feeb
f1ff0d18f3ec15f9
0303f1f1f80bf3ff
0202f2ed0e00170a
01f105ea0b04ff18
e8f10018f802e9f3
ea13feeef4fd14fa
f5f8f0000c13f6ed
09e80def11ebed08
fafaf7ec150813e9
edfbf00d0c00e815
f405eef51102ec0d
ecf107ecf40af312
130bf60fee06eafe
fc0c06ef17fb01ef
e8ef0c070d01fd10
fcfbeb0406060708
fdeef8101716f4ef
08eef8e8fd14f20e
ec031717ea17180a
15fe13f6fc02ea03
0018fbf10701f6f9
f6f90a01f2f9020a
0310f516fcf702f2
fe0ef3f1faf016f7
140f070703f6fee9
fa0b17081211f710
ed12160c0b00f214
051411ec0317ef13
eaf6ed0406f7f5f0
e9fe0d040becf012
0912ede9f90e02e9
f609150f0ef704fc
151703e80efb150c
fbeaf204060814e9
fc13160d08eef618
f4020cf013fc03f1
f4f918eef1eaf502
0cf70ce9ea17140d
0efaf718f814fd0f
f7f90f0dff09040f
10fc14fbf3f91215
05edf40c0de8f8ec
0cf0ea05f4f011ee
f2080a1218000d02
f2f8001308ea01eb
15f0fb0dfd120608
10f8f40ff5fdf9f7
eb11fff904fefb0b
07edf80e0f1118ed
000103e907fe00f5
011201f3fe08e8e9
08110f071803ee12
08eb0007e912150f
120e1711f2fffa04
09f318f0ee09f3fa
ff1403f5e90b0d16
1516f8f413fa0913
160ff8161107eefc
ef091209f70eeb14
18ff140afb04fcfa
12f3ed09f1ecf803
17f50716f9f20507
130a17f40518ea17
04fded17fd14010a
040914eefae8faeb
0613050b00180f18
03f20ffcf418f90c
f4f818e807030614
fd09fe03f1110115
050feafcfafde807
fff106f20405e900
eff5f104edfcf7fb
0014f00f070ee8f2
f705041809e805f8
fd010a10080ae807
efecfb000609f915
0310f1f115171301
09f5fb15f6f3e901
0f1800f91517f9f4
eaf70307f315f017
fe0cf118120606eb
fa040b1512e8ebe9
fe08f90af4f8ff08
0f040b0cf012f114
15ed1408ebf9ff05
0f08ed11f504f5f1
0411141607e9f309
f9eafd06f1fb12e8
0ef208f3f7f2ed05
f311e911efec0aee
ef09f2ef14fffd14
ffeeedebeafb0b16
0e06eff7f0f802f7
e9e9fefc1517f00d
ea02071401ecf2f8
eefaeff8feedf70e
f9ebf7f20ffd0001
f9f3fdfc07f416f5
fdf4f0f2ed0d0007
f40111060d10f508
051804f200f4ee16
17f2ec0112f91612
08f302fef807fdec
150a0ceb0fec1204
eaecfd03fe0413fb
14f515fef0faebea
fc161413160c1204
eefefb150ef21213
0dea0d1717f2ec18
0c0ff711f7fc180b
02f70af8f00503f0
fc0e0d0de9eb11f2
11fa0200eee802f1
f6f6071603ebeb0f
03fc04000a0609f6
eb150ef3e8f20814
05f910f914ed0417
16f8f2f716f8ec15
f1f504ef00ec100b
0e020415fd16ec0e
eaedef09170efdfe
f8ed0a16e8eff4ec
f5fafa091400040b
ff11fc11fbee0ee8
16fef3ee0803f311
fcf8fbf90f17ec0d
03e8f01605090f10
150911fa06f8100a
eaf616e9f70ff3f6
03f406ff08ef0deb
0bee15f713edf4f8
0916ff15fb01f405
fe10eafbf3fc08fa
edf5e81711fe0206
06ee0211eaf3f903
0007eb0602f4edfd
f00d0f0e18fe0112
18ebfc12ea13f5fd
f811fbed150418f7
130ceafc0cfe08ec
030bfff7fd0e15f8
0a000a01f118f8fd
12f703090afbf7ee
05feef040f0b14f5
fd0aec0915ef0508
15010918fb15f601
f0ee0605f1131308
12fff301fffbf4ec
12f7ebf4120c0713
f2fcf318f904f4f8
0e0cfafef009f816
f01306e8f70c08f0
ed07fd0cfb0710e9
0b0e0c0715f1fc0d
040513f1f6ef0efc
f80bfa03f510100c
fd00fdf0fd171000
0b14e8fcec1105f2
fc170a061206fb09
03eee9fef1f5ffeb
fcf9edf2f1ed1118
f50eeefc02ff0712
050aedeff5fcf0fd
12fe08e806f5140a
011300ef0d0a00f2
ef1502f1f6f2f4ff
0c0d11fb1308f40a
f1fbfd02f20cf3f5
f5f6f702fd160aeb
0a110fffedf8f8f7
03f0110811f7fc04
ec1804f203f6f9e9
f4fbf4f50907eb15
f4f5f0ee110113ea
0c010fe918ea0411
ed170914fe13eff5
16f415fcf807ed0f
f313fa04f809050d
e906e9160d12f6ed
f7f81417fefcf3f1
f3fa0cff03effa04
05ecea12ff11fef0
fc00fdfd00f4ebfd
eaf90714000b08f1
ea1311ea11130805
f2ecf2130fe90801
edf102ee11161403
02ee00fc0111f305
ef0b0102f9ff1405
ef12eb02f2f8f4fa
15fd0a0bfd0c0f0d
fbf7f009f1fc070b
f012e9e8171018f4
edfe1305050a17fd
f916eb0403041204
03eeff1512f2f811
e8f9fff6eefe0516
ece90713ef110d16
0e01141601010f16
10f503ed0ef4040f
151802050beefe09
fa14e8e9ea14fffe
00fc1212f5f80e09
f909f0fbebecf401
e80306fefe13fa05
fc11eeee0beaf414
e9ebfae90af90800
fc02070b07fbf50b
f7f11315eaebf410
ee111101f3050bf1
15efecf50de8f712
11f00b0d03101014
030002fbeafefef1
0ff40f15f50ef1e8
100d07f5f10208eb
0ff30514f301eaf5
fef7f609e9fef1f1
f5f90efcf60a1509
1100eefff90202f9
0ef2f30010eef7f2
fbfbfaf017f0020b
efe916e9f9f0e9f7
eef5ff0bfe06f2ef
17edf30ae90c1009
04f3e80cfdfc1614
f7fd13f6000405fd
0e0bee0df1090316
ec030e07f9f810ed
0d0ef3040417f602
01eb1809fc010810
fdf1180807fe0cfe
0913180100f6f9ea
f51602fa10f1f1ea
010b04040215fee8
f5f1fd0a06010bf0
070afd111716f00f
f80df9f102e80b00
f4ff0e16e90e07f6
f811fc0efef6ea05
f800fa0f020c0a0f
0ce9e8f4f2fb14f2
feebf90efff0f6f8
01fffff7eb021000
f2ecf7f30ff30907
0215f215ee000feb
fcfd0d120beef40d
fcfce9000ffeebfa
e8fb11f0eef7fa15
0a1516f60d130304
fdf3ebf0fb09f001
11eb1114f80417f3
11021304faf70a00
18f2fc02ea10edf3
0209f81615060ded
060d030b0605fe00
06f2eef6fc02f504
eb17eff7f5180908
03fa050eed000809
effa0502fffbebf1
0debf7fee80cfe0f
fb01ee13e8f50e0c
f9ebf8f0ece90b0e
f8eef6fd0d12e813
16031816fff115f7
09ff08f20316f913
e8ea13160513eb01
0813faf7ff0f170e
0dedeff9fbedf7ff
14f6f6eb11fcf903
f3e8f70504f8fff3
fef21113fdf60bf8
15fa150f05181705
f407ea05ebf30d0c
eeeff115e9151514
f20c11f609f60e0b
e808ecf2041210f3
ffe807fdf10cece8
00060df6f6f30400
140f0ff9120c0212
14f2160ffa00fd01
f0020a17ededfafc
f9e9f1070917f304
06fd090d01f3fc02
14fff11013f20706
13fdf6f6f1e90d09
e90be9f006f5f6fb
fb02fd050e1106fd
f910fcf30d00ed18
fdfaebeffa070bee
0905ebfb011410f2
0afdfcf70f0fee04
0ceb0c13f30ee9f9
0bf2f815110e0614
1810fe07fd160ef8
04ef050efaefe8f5
e8f50fec0bf0fa03
08f510eee80af7ef
00eefefe060f0000
f4060bea10f915fa
fcfceb1402f0fe05
f8fa100ee8edf90b
e8fd0112e801eeeb
f2f8171418100c18
101108f0f1160213
ee12f10c000d1806
150c05110ceb0c12
000eebe9001201f3
0507160a09f50aed
ee16ea10081617ed
f305fe01f3f618f3
f1020b12ebe8f70c
080512f9f9fafe02
0aedf6131507f2ef
0f15ebeeee03fdf3
f4f5f7f60414e8fb
ed080df018ff0907
f7f9f9f1f108eefb
edf816e8e91611ea
fe170eee0bf8f902
f2fff0f710ec09e8
e817fd0c15f6fced
fe0b14fef51500ee
f0f8f404180617ec
ed07f813edf2fa17
0ceeea11fdedfbeb
09effb080b18fee8
0702eef00101f1f5
f2f80111180c0718
f8ea1810160802fe
0014eff6f006e90c
f80f07ecf507eff4
e9fef3fe03eeeb15
110d0bf5f4e9f6f5
01fa0f080d0efb0d
f50efdf6edeaeafb
effa180a15030eff
07eefcf60bfbf20b
13e9f0fd0506fd13
00faef0010f3f9fd
e90e09fafeefe9f2
f2090b10fbffea17
f1f70cfdeb0aff05
ed0dfbec04040507
ff15070ff0e803f3
0bfbfe1009ebee18
fa0f080fff18fe11
16eaf8eeedf00f0d
e8eeffe90ff80aec
f5150111f3fdf216
0d05f10ce8faeef8
ea13f5faf5e9f715
00ed1015e807fcf7
0615fe1700eee800
f303edf5ea09fcfc
0bf2eb110212f3fd
12e8ee04ecf51117
00f1e8f8150907ff
fd08180efe1115ea
e8110af304f1f504
0ffaedf30a0f1309
16140d080efee904
000e00fe0b0aeb17
0ffbf6f8110b14ee
05edebf6020ef1ed
16ebfd1412fdf6ef
10181808000ff013
f3ef06030efaedf7
ee0209f20b1306e8
14fbf00d0dfbeaf8
f4ed08f2f002130b
ed1612fdf6f51811
f5010cfa170ff017
04f41710050d1604
0e0d020ff0fafbf7
ecf6f3fcf4e8f2ea
ff000b12000aff06
ebeb08f4ecf4ea11
0113e8ff04f2eb14
0d12ed170ffe0b03
16e90600fbfff1f3
1014f8eef80fed15
fc07ee0af1faf80b
12fb07ea100cf917
1301fbfff908f102
0af7f0f6eb1004f1
0c1403ee00ebea05
fb180b1401fb0602
f813f600ff1700f2
04f2fdebff07ee02
f7ff0beff80aee17
fc02fbf3f7f10f17
f9fcff1306fdec05
eb0e00f513f3efed
06edfa100515fff0
1412090204f70400
f6ed13eaed0908fb
eefbef06faf8f3ec
f803eef403fc050b
020fff070bf3e8f6
fa070a1415080108
0317011411f209fd
f20006f6000fea15
ed1513f71603fd16
04edf30518fbedf5
ebeb0b0e11e903ef
fdf20b0500edef0a
16f20813f20009ea
0315f8181114f30c
ff020de8f8ee08ed
01fcf7f2070212fd
0311f0f209f3ef0c
070cfd1201fbf0f6
08060906fcf3f4fd
13fde8f004f0fef0
f2f4ee0b090cf6e9
e80112f60dfc0dfc
f00513f00cf200ec
12e911e9ee150e15
f81010f2f3edec17
141112e915ee07e8
03f40b101607fdf6
06180a100d05f401
f70f08f5031707f9
180a0cf9fbfafb0e
f5fcf6e80c12f9ef
f211eff5fb13fdeb
00edf414ef050e0a
fdf30207e8fa0b05
fa18ee10fbfc1315
fefd1102f6fbee0e
