mkdir -p results/nangate45/x1_y2_kimi/base/
echo 5000 > results/nangate45/x1_y2_kimi/base/clock_period.txt
/OpenROAD-flow-scripts/flow/scripts/synth.sh /OpenROAD-flow-scripts/flow/scripts/synth_canonicalize.tcl ./logs/nangate45/x1_y2_kimi/base/1_1_yosys_canonicalize.log
Using ABC speed script.
Extracting clock period from SDC file: ./results/nangate45/x1_y2_kimi/base/clock_period.txt
Setting clock period to 5000
1. Executing Liberty frontend: /OpenROAD-flow-scripts/flow/platforms/nangate45/lib/NangateOpenCellLibrary_typical.lib
2. Executing Liberty frontend: /OpenROAD-flow-scripts/flow/platforms/nangate45/lib/NangateOpenCellLibrary_typical.lib
3. Executing Verilog-2005 frontend: /home/kit/kimi-chip/experiments/x1/rtl/x1_y2_kimi.v
4. Executing Verilog-2005 frontend: /OpenROAD-flow-scripts/flow/platforms/nangate45/cells_clkgate.v
5. Executing HIERARCHY pass (managing design hierarchy).
6. Executing AST frontend in derive mode using pre-parsed AST for module `\x1_y2_kimi'.
Warning: Replacing memory \accum_bank with list of registers. See /home/kit/kimi-chip/experiments/x1/rtl/x1_y2_kimi.v:78
6.1. Analyzing design hierarchy..
6.2. Analyzing design hierarchy..
7. Executing OPT_CLEAN pass (remove unused cells and wires).
Warning: Ignoring module x1_y2_kimi because it contains processes (run 'proc' command first).
8. Executing RTLIL backend.
Warnings: 2 unique messages, 2 total
End of script. Logfile hash: d9e4d92087, time: 0.20s, user: 0.15s, system: 0.03s, MEM: 28.25 MB peak
Yosys 0.68+post (git sha1 UNKNOWN, Release, GNU /usr/local/bin/wrapped-cc/g++ 11.4.0)
Time spent: 62% 1x hierarchy (0 sec), 30% 4x read_liberty (0 sec), ...
Elapsed time: 0:00.21[h:]min:sec. CPU time: user 0.16 sys 0.04 (97%). Peak memory: 29952KB.
Log                       Ext     Elapsed/s Peak Memory/MB sha1sum result [0:20)
1_1_yosys_canonicalize    .rtlil          0             29 01b28e95a65e089575aa
/OpenROAD-flow-scripts/flow/scripts/synth.sh /OpenROAD-flow-scripts/flow/scripts/synth.tcl ./logs/nangate45/x1_y2_kimi/base/1_2_yosys.log
Using ABC speed script.
Extracting clock period from SDC file: ./results/nangate45/x1_y2_kimi/base/clock_period.txt
Setting clock period to 5000
1. Executing RTLIL frontend.
2. Executing HIERARCHY pass (managing design hierarchy).
2.1. Analyzing design hierarchy..
2.2. Analyzing design hierarchy..
3. Executing SYNTH pass.
3.1. Executing HIERARCHY pass (managing design hierarchy).
3.1.1. Analyzing design hierarchy..
3.1.2. Analyzing design hierarchy..
3.2. Executing PROC pass (convert processes to netlists).
3.2.1. Executing PROC_CLEAN pass (remove empty switches from decision trees).
3.2.2. Executing PROC_RMDEAD pass (remove dead branches from decision trees).
3.2.3. Executing PROC_PRUNE pass (remove redundant assignments in processes).
3.2.4. Executing PROC_INIT pass (extract init attributes).
3.2.5. Executing PROC_ARST pass (detect async resets in processes).
3.2.6. Executing PROC_ROM pass (convert switches to ROMs).
3.2.7. Executing PROC_MUX pass (convert decision trees to multiplexers).
3.2.8. Executing PROC_DLATCH pass (convert process syncs to latches).
3.2.9. Executing PROC_DFF pass (convert process syncs to FFs).
3.2.10. Executing PROC_MEMWR pass (convert process memory writes to cells).
3.2.11. Executing PROC_CLEAN pass (remove empty switches from decision trees).
3.2.12. Executing OPT_EXPR pass (perform const folding).
3.3. Executing CHECK pass (checking for obvious problems).
3.4. Executing FLATTEN pass (flatten design).
3.5. Executing OPT_EXPR pass (perform const folding).
3.6. Executing OPT_CLEAN pass (remove unused cells and wires).
3.7. Executing CHECK pass (checking for obvious problems).
3.8. Executing OPT pass (performing simple optimizations).
3.8.1. Executing OPT_EXPR pass (perform const folding).
3.8.2. Executing OPT_MERGE pass (detect identical cells).
3.8.3. Executing OPT_MUXTREE pass (detect dead branches in mux trees).
3.8.4. Executing OPT_REDUCE pass (consolidate $*mux and $reduce_* inputs).
3.8.5. Executing OPT_MERGE pass (detect identical cells).
3.8.6. Executing OPT_DFF pass (perform DFF optimizations).
3.8.7. Executing OPT_CLEAN pass (remove unused cells and wires).
3.8.8. Executing OPT_EXPR pass (perform const folding).
3.8.9. Rerunning OPT passes. (Maybe there is more to do..)
3.8.10. Executing OPT_MUXTREE pass (detect dead branches in mux trees).
3.8.11. Executing OPT_REDUCE pass (consolidate $*mux and $reduce_* inputs).
3.8.12. Executing OPT_MERGE pass (detect identical cells).
3.8.13. Executing OPT_DFF pass (perform DFF optimizations).
3.8.14. Executing OPT_CLEAN pass (remove unused cells and wires).
3.8.15. Executing OPT_EXPR pass (perform const folding).
3.8.16. Rerunning OPT passes. (Maybe there is more to do..)
3.8.17. Executing OPT_MUXTREE pass (detect dead branches in mux trees).
3.8.18. Executing OPT_REDUCE pass (consolidate $*mux and $reduce_* inputs).
3.8.19. Executing OPT_MERGE pass (detect identical cells).
3.8.20. Executing OPT_DFF pass (perform DFF optimizations).
3.8.21. Executing OPT_CLEAN pass (remove unused cells and wires).
3.8.22. Executing OPT_EXPR pass (perform const folding).
3.8.23. Finished fast OPT passes. (There is nothing left to do.)
3.9. Executing FSM pass (extract and optimize FSM).
3.9.1. Executing FSM_DETECT pass (finding FSMs in design).
3.9.2. Executing FSM_EXTRACT pass (extracting FSM from design).
3.9.3. Executing FSM_OPT pass (simple optimizations of FSMs).
3.9.4. Executing OPT_CLEAN pass (remove unused cells and wires).
3.9.5. Executing FSM_OPT pass (simple optimizations of FSMs).
3.9.6. Executing FSM_RECODE pass (re-assigning FSM state encoding).
3.9.7. Executing FSM_INFO pass (dumping all available information on FSM cells).
3.9.8. Executing FSM_MAP pass (mapping FSMs to basic logic).
3.10. Executing OPT pass (performing simple optimizations).
3.10.1. Executing OPT_EXPR pass (perform const folding).
3.10.2. Executing OPT_MERGE pass (detect identical cells).
3.10.3. Executing OPT_MUXTREE pass (detect dead branches in mux trees).
3.10.4. Executing OPT_REDUCE pass (consolidate $*mux and $reduce_* inputs).
3.10.5. Executing OPT_MERGE pass (detect identical cells).
3.10.6. Executing OPT_DFF pass (perform DFF optimizations).
3.10.7. Executing OPT_CLEAN pass (remove unused cells and wires).
3.10.8. Executing OPT_EXPR pass (perform const folding).
3.10.9. Rerunning OPT passes. (Maybe there is more to do..)
3.10.10. Executing OPT_MUXTREE pass (detect dead branches in mux trees).
3.10.11. Executing OPT_REDUCE pass (consolidate $*mux and $reduce_* inputs).
3.10.12. Executing OPT_MERGE pass (detect identical cells).
3.10.13. Executing OPT_DFF pass (perform DFF optimizations).
3.10.14. Executing OPT_CLEAN pass (remove unused cells and wires).
3.10.15. Executing OPT_EXPR pass (perform const folding).
3.10.16. Rerunning OPT passes. (Maybe there is more to do..)
3.10.17. Executing OPT_MUXTREE pass (detect dead branches in mux trees).
3.10.18. Executing OPT_REDUCE pass (consolidate $*mux and $reduce_* inputs).
3.10.19. Executing OPT_MERGE pass (detect identical cells).
3.10.20. Executing OPT_DFF pass (perform DFF optimizations).
3.10.21. Executing OPT_CLEAN pass (remove unused cells and wires).
3.10.22. Executing OPT_EXPR pass (perform const folding).
3.10.23. Finished fast OPT passes. (There is nothing left to do.)
3.11. Executing WREDUCE pass (reducing word size of cells).
3.12. Executing PEEPOPT pass (run peephole optimizers).
3.13. Executing OPT_CLEAN pass (remove unused cells and wires).
3.14. Executing ALUMACC pass (create $alu and $macc cells).
3.15. Executing SHARE pass (SAT-based resource sharing).
3.16. Executing OPT pass (performing simple optimizations).
3.16.1. Executing OPT_EXPR pass (perform const folding).
3.16.2. Executing OPT_MERGE pass (detect identical cells).
3.16.3. Executing OPT_MUXTREE pass (detect dead branches in mux trees).
3.16.4. Executing OPT_REDUCE pass (consolidate $*mux and $reduce_* inputs).
3.16.5. Executing OPT_MERGE pass (detect identical cells).
3.16.6. Executing OPT_DFF pass (perform DFF optimizations).
3.16.7. Executing OPT_CLEAN pass (remove unused cells and wires).
3.16.8. Executing OPT_EXPR pass (perform const folding).
3.16.9. Rerunning OPT passes. (Maybe there is more to do..)
3.16.10. Executing OPT_MUXTREE pass (detect dead branches in mux trees).
3.16.11. Executing OPT_REDUCE pass (consolidate $*mux and $reduce_* inputs).
3.16.12. Executing OPT_MERGE pass (detect identical cells).
3.16.13. Executing OPT_DFF pass (perform DFF optimizations).
3.16.14. Executing OPT_CLEAN pass (remove unused cells and wires).
3.16.15. Executing OPT_EXPR pass (perform const folding).
3.16.16. Finished fast OPT passes. (There is nothing left to do.)
3.17. Executing MEMORY pass.
3.17.1. Executing OPT_MEM pass (optimize memories).
3.17.2. Executing OPT_MEM_PRIORITY pass (removing unnecessary memory write priority relations).
3.17.3. Executing OPT_MEM_FEEDBACK pass (finding memory read-to-write feedback paths).
3.17.4. Executing MEMORY_BMUX2ROM pass (converting muxes to ROMs).
3.17.5. Executing MEMORY_DFF pass (merging $dff cells to $memrd).
3.17.6. Executing OPT_CLEAN pass (remove unused cells and wires).
3.17.7. Executing MEMORY_SHARE pass (consolidating $memrd/$memwr cells).
3.17.8. Executing OPT_MEM_WIDEN pass (optimize memories where all ports are wide).
3.17.9. Executing OPT_CLEAN pass (remove unused cells and wires).
3.17.10. Executing MEMORY_COLLECT pass (generating $mem cells).
3.18. Executing OPT_CLEAN pass (remove unused cells and wires).
4. Executing SYNTH pass.
4.1. Executing OPT pass (performing simple optimizations).
4.1.1. Executing OPT_EXPR pass (perform const folding).
4.1.2. Executing OPT_MERGE pass (detect identical cells).
4.1.3. Executing OPT_DFF pass (perform DFF optimizations).
4.1.4. Executing OPT_CLEAN pass (remove unused cells and wires).
4.1.5. Finished fast OPT passes.
4.2. Executing MEMORY_MAP pass (converting memories to logic and flip-flops).
4.3. Executing OPT pass (performing simple optimizations).
4.3.1. Executing OPT_EXPR pass (perform const folding).
4.3.2. Executing OPT_MERGE pass (detect identical cells).
4.3.3. Executing OPT_MUXTREE pass (detect dead branches in mux trees).
4.3.4. Executing OPT_REDUCE pass (consolidate $*mux and $reduce_* inputs).
4.3.5. Executing OPT_MERGE pass (detect identical cells).
4.3.6. Executing OPT_SHARE pass.
4.3.7. Executing OPT_DFF pass (perform DFF optimizations).
4.3.8. Executing OPT_CLEAN pass (remove unused cells and wires).
4.3.9. Executing OPT_EXPR pass (perform const folding).
4.3.10. Rerunning OPT passes. (Maybe there is more to do..)
4.3.11. Executing OPT_MUXTREE pass (detect dead branches in mux trees).
4.3.12. Executing OPT_REDUCE pass (consolidate $*mux and $reduce_* inputs).
4.3.13. Executing OPT_MERGE pass (detect identical cells).
4.3.14. Executing OPT_SHARE pass.
4.3.15. Executing OPT_DFF pass (perform DFF optimizations).
4.3.16. Executing OPT_CLEAN pass (remove unused cells and wires).
4.3.17. Executing OPT_EXPR pass (perform const folding).
4.3.18. Finished fast OPT passes. (There is nothing left to do.)
4.4. Executing TECHMAP pass (map to technology primitives).
4.4.1. Executing Verilog-2005 frontend: /OpenROAD-flow-scripts/tools/install/yosys/bin/../share/yosys/techmap.v
4.4.2. Executing Verilog-2005 frontend: /OpenROAD-flow-scripts/flow/platforms/common/lcu_kogge_stone.v
4.4.3. Continuing TECHMAP pass.
4.5. Executing OPT pass (performing simple optimizations).
4.5.1. Executing OPT_EXPR pass (perform const folding).
4.5.2. Executing OPT_MERGE pass (detect identical cells).
4.5.3. Executing OPT_DFF pass (perform DFF optimizations).
4.5.4. Executing OPT_CLEAN pass (remove unused cells and wires).
4.5.5. Finished fast OPT passes.
4.6. Executing HIERARCHY pass (managing design hierarchy).
4.6.1. Analyzing design hierarchy..
4.6.2. Analyzing design hierarchy..
4.7. Printing statistics.
4.8. Executing CHECK pass (checking for obvious problems).
5. Executing OPT pass (performing simple optimizations).
5.1. Executing OPT_EXPR pass (perform const folding).
5.2. Executing OPT_MERGE pass (detect identical cells).
5.3. Executing OPT_MUXTREE pass (detect dead branches in mux trees).
5.4. Executing OPT_REDUCE pass (consolidate $*mux and $reduce_* inputs).
5.5. Executing OPT_MERGE pass (detect identical cells).
5.6. Executing OPT_DFF pass (perform DFF optimizations).
5.7. Executing OPT_CLEAN pass (remove unused cells and wires).
5.8. Executing OPT_EXPR pass (perform const folding).
5.9. Rerunning OPT passes. (Maybe there is more to do..)
5.10. Executing OPT_MUXTREE pass (detect dead branches in mux trees).
5.11. Executing OPT_REDUCE pass (consolidate $*mux and $reduce_* inputs).
5.12. Executing OPT_MERGE pass (detect identical cells).
5.13. Executing OPT_DFF pass (perform DFF optimizations).
5.14. Executing OPT_CLEAN pass (remove unused cells and wires).
5.15. Executing OPT_EXPR pass (perform const folding).
5.16. Finished fast OPT passes. (There is nothing left to do.)
6. Executing DFFLEGALIZE pass (convert FFs to types supported by the target).
7. Executing TECHMAP pass (map to technology primitives).
7.1. Executing Verilog-2005 frontend: /OpenROAD-flow-scripts/flow/platforms/nangate45/cells_latch.v
7.2. Continuing TECHMAP pass.
8. Executing DFFLIBMAP pass (mapping DFF cells to sequential cells from liberty file).
8.1. Executing DFFLEGALIZE pass (convert FFs to types supported by the target).
9. Executing OPT pass (performing simple optimizations).
9.1. Executing OPT_EXPR pass (perform const folding).
9.2. Executing OPT_MERGE pass (detect identical cells).
9.3. Executing OPT_MUXTREE pass (detect dead branches in mux trees).
9.4. Executing OPT_REDUCE pass (consolidate $*mux and $reduce_* inputs).
9.5. Executing OPT_MERGE pass (detect identical cells).
9.6. Executing OPT_DFF pass (perform DFF optimizations).
9.7. Executing OPT_CLEAN pass (remove unused cells and wires).
9.8. Executing OPT_EXPR pass (perform const folding).
9.9. Rerunning OPT passes. (Maybe there is more to do..)
9.10. Executing OPT_MUXTREE pass (detect dead branches in mux trees).
9.11. Executing OPT_REDUCE pass (consolidate $*mux and $reduce_* inputs).
9.12. Executing OPT_MERGE pass (detect identical cells).
9.13. Executing OPT_DFF pass (perform DFF optimizations).
9.14. Executing OPT_CLEAN pass (remove unused cells and wires).
9.15. Executing OPT_EXPR pass (perform const folding).
9.16. Finished fast OPT passes. (There is nothing left to do.)
10. Executing SETUNDEF pass (replace undef values with defined constants).
abc -script /OpenROAD-flow-scripts/flow/scripts/abc_speed.script -liberty /OpenROAD-flow-scripts/flow/platforms/nangate45/lib/NangateOpenCellLibrary_typical.lib -dont_use TAPCELL_X1 -dont_use FILLCELL_X1 -dont_use AOI211_X1 -dont_use OAI211_X1 -constr ./objects/nangate45/x1_y2_kimi/base/abc.constr -D 5000
11. Executing ABC pass (technology mapping using ABC).
11.1. Extracting gate netlist of module `\x1_y2_kimi' to `<abc-temp-dir>/input.blif'..
11.1.1. Executed ABC.
11.1.2. Re-integrating ABC results.
Took 145 seconds: abc -script /OpenROAD-flow-scripts/flow/scripts/abc_speed.script -liberty /OpenROAD-flow-scripts/flow/platforms/nangate45/lib/NangateOpenCellLibrary_typical.lib -dont_use TAPCELL_X1 -dont_use FILLCELL_X1 -dont_use AOI211_X1 -dont_use OAI211_X1 -constr ./objects/nangate45/x1_y2_kimi/base/abc.constr -D 5000
12. Executing SPLITNETS pass (splitting up multi-bit signals).
13. Executing OPT_CLEAN pass (remove unused cells and wires).
14. Executing HILOMAP pass (mapping to constant drivers).
15. Executing INSBUF pass (insert buffer cells for connected wires).
16. Executing CHECK pass (checking for obvious problems).
17. Printing statistics.
18. Executing CHECK pass (checking for obvious problems).
19. Executing Verilog backend.
19.1. Executing BMUXMAP pass.
19.2. Executing DEMUXMAP pass.
End of script. Logfile hash: 24707628d4, time: 173.54s, user: 33.28s, system: 0.97s, MEM: 654.57 MB peak
Yosys 0.68+post (git sha1 UNKNOWN, Release, GNU /usr/local/bin/wrapped-cc/g++ 11.4.0)
Time spent: 81% 1x abc (145 sec), 6% 30x opt_expr (10 sec), ...
Elapsed time: 2:53.80[h:]min:sec. CPU time: user 177.00 sys 1.35 (102%). Peak memory: 670276KB.
Log                       Ext     Elapsed/s Peak Memory/MB sha1sum result [0:20)
1_2_yosys                 .v            173            654 e17800b1c6b1fbeb4518
cp /home/kit/kimi-chip/experiments/x1/flow/constraint_y2.sdc results/nangate45/x1_y2_kimi/base/1_2_yosys.sdc
touch -r /home/kit/kimi-chip/experiments/x1/flow/constraint_y2.sdc results/nangate45/x1_y2_kimi/base/1_2_yosys.sdc
OpenROAD 26Q3-1070-g8328314e82 
Features included (+) or not (-): +GPU +GUI +Python
This program is licensed under the BSD-3 license. See the LICENSE file for details.
Components of this program may be licensed under more restrictive licenses which must be honored.
[INFO ORD-0030] Using 3 thread(s).
mkdir -p ./objects/nangate45/x1_y2_kimi/base
/OpenROAD-flow-scripts/flow/scripts/flow.sh 1_synth synth_odb
Running synth_odb.tcl, stage 1_synth
read_liberty /OpenROAD-flow-scripts/flow/platforms/nangate45/lib/NangateOpenCellLibrary_typical.lib
[INFO ODB-0227] LEF file: /OpenROAD-flow-scripts/flow/platforms/nangate45/lef/NangateOpenCellLibrary.tech.lef, created 22 layers, 27 vias
[INFO ODB-0227] LEF file: /OpenROAD-flow-scripts/flow/platforms/nangate45/lef/NangateOpenCellLibrary.macro.mod.lef, created 135 library cells
link_design x1_y2_kimi
read_sdc ./results/nangate45/x1_y2_kimi/base/1_2_yosys.sdc
source /OpenROAD-flow-scripts/flow/platforms/nangate45/setRC.tcl
eliminate_dead_logic
Removed 0 unused instances and 0 unused nets.
Design area 173530 um^2 100% utilization.
write_db ./results/nangate45/x1_y2_kimi/base/1_synth.odb
write_sdc -no_timestamp ./results/nangate45/x1_y2_kimi/base/1_synth.sdc
Elapsed time: 0:02.34[h:]min:sec. CPU time: user 2.00 sys 0.33 (99%). Peak memory: 392112KB.
Log                       Ext     Elapsed/s Peak Memory/MB sha1sum result [0:20)
1_synth                   .odb            2            382 a17a9796b1f33ff3d4d2
1_synth                   .sdc                             6508e7227ea79ddc9bb1
/OpenROAD-flow-scripts/flow/scripts/flow.sh 2_1_floorplan floorplan
Running floorplan.tcl, stage 2_1_floorplan
read_liberty /OpenROAD-flow-scripts/flow/platforms/nangate45/lib/NangateOpenCellLibrary_typical.lib
read_db ./results/nangate45/x1_y2_kimi/base/1_synth.odb
read_sdc ./results/nangate45/x1_y2_kimi/base/1_synth.sdc
source /OpenROAD-flow-scripts/flow/platforms/nangate45/setRC.tcl

==========================================================================
Floorplan check_setup
--------------------------------------------------------------------------
number instances in verilog is 135258
[INFO IFP-0107] Defining die area using utilization: 20.00% and aspect ratio: 1.
[WARNING IFP-0028] Core area lower left (1.000, 1.000) snapped to (1.140, 1.400).
[INFO IFP-0001] Added 665 rows of 4901 site FreePDK45_38x28_10R_NP_162NW_34O.
[INFO IFP-0100] Die BBox:  (  0.000  0.000 ) ( 933.480 933.480 ) um
[INFO IFP-0101] Core BBox: (  1.140  1.400 ) ( 932.330 932.400 ) um
[INFO IFP-0102] Core area:                       866937.890 um^2
[INFO IFP-0103] Total instances area:            173530.420 um^2
[INFO IFP-0104] Effective utilization:                0.200
[INFO IFP-0105] Number of instances:                 135258
source /OpenROAD-flow-scripts/flow/platforms/nangate45/make_tracks.tcl
source /OpenROAD-flow-scripts/flow/platforms/nangate45/fastroute.tcl
Repair tie lo fanout...
[INFO RSZ-0042] Inserted 6 tie LOGIC0_X1 instances.
Repair tie hi fanout...
repair_timing -setup_margin 0 -hold_margin 0 -repair_tns 100 -setup -skip_last_gasp -sequence unbuffer,sizeup,swap,vt_swap -verbose
[WARNING EST-0027] no estimated parasitics. Using wire load models.
[INFO RSZ-0100] Repair move sequence: UnbufferMove SizeUpMove SwapPinsMove 
[INFO RSZ-0098] No setup violations found
[INFO RSZ-0505] Runtime: 0.39s
Default units for flow
 time 1ns
 capacitance 1fF
 resistance 1kohm
 voltage 1v
 current 1mA
 power 1nW
 distance 1um
   Layer   | Unit Resistance | Unit Capacitance 
           |       (kohm/um) |          (fF/um)
------------------------------------------------
    metal1 |        5.43e-03 |         7.42e-02
    metal2 |        3.57e-03 |         8.34e-02
    metal3 |        3.57e-03 |         1.04e-01
    metal4 |        1.50e-03 |         1.19e-01
    metal5 |        1.50e-03 |         1.09e-01
    metal6 |        1.50e-03 |         1.14e-01
    metal7 |        1.88e-04 |         1.17e-01
    metal8 |        1.88e-04 |         9.45e-02
    metal9 |        3.75e-05 |         1.06e-01
   metal10 |        3.75e-05 |         7.37e-01
------------------------------------------------

   Layer   | Via Resistance 
           |         (kohm) 
----------------------------
      via1 |       5.00e-03 
      via2 |       5.00e-03 
      via3 |       5.00e-03 
      via4 |       3.00e-03 
      via5 |       3.00e-03 
      via6 |       3.00e-03 
      via7 |       1.00e-03 
      via8 |       1.00e-03 
      via9 |       5.00e-04 
----------------------------
Report metrics stage 2, floorplan final...

==========================================================================
floorplan final report_design_area
--------------------------------------------------------------------------
Design area 173533 um^2 20% utilization.
write_db ./results/nangate45/x1_y2_kimi/base/2_1_floorplan.odb
write_sdc -no_timestamp ./results/nangate45/x1_y2_kimi/base/2_1_floorplan.sdc
Elapsed time: 0:09.12[h:]min:sec. CPU time: user 9.99 sys 0.80 (118%). Peak memory: 606744KB.
Log                       Ext     Elapsed/s Peak Memory/MB sha1sum result [0:20)
2_1_floorplan             .odb            9            592 f4fe1ae08d34ce53c832
2_1_floorplan             .sdc                             6508e7227ea79ddc9bb1
/OpenROAD-flow-scripts/flow/scripts/flow.sh 2_2_floorplan_macro macro_place
Running macro_place.tcl, stage 2_2_floorplan_macro
read_liberty /OpenROAD-flow-scripts/flow/platforms/nangate45/lib/NangateOpenCellLibrary_typical.lib
read_db ./results/nangate45/x1_y2_kimi/base/2_1_floorplan.odb
read_sdc ./results/nangate45/x1_y2_kimi/base/2_1_floorplan.sdc
source /OpenROAD-flow-scripts/flow/platforms/nangate45/setRC.tcl
No macros found: Skipping macro_placement
Design area 173533 um^2 20% utilization.
write_db ./results/nangate45/x1_y2_kimi/base/2_2_floorplan_macro.odb
Elapsed time: 0:00.84[h:]min:sec. CPU time: user 0.64 sys 0.20 (99%). Peak memory: 291528KB.
Log                       Ext     Elapsed/s Peak Memory/MB sha1sum result [0:20)
2_2_floorplan_macro       .odb            0            284 f4fe1ae08d34ce53c832
/OpenROAD-flow-scripts/flow/scripts/flow.sh 2_3_floorplan_tapcell tapcell
Running tapcell.tcl, stage 2_3_floorplan_tapcell
read_liberty /OpenROAD-flow-scripts/flow/platforms/nangate45/lib/NangateOpenCellLibrary_typical.lib
read_db ./results/nangate45/x1_y2_kimi/base/2_2_floorplan_macro.odb
read_sdc ./results/nangate45/x1_y2_kimi/base/2_1_floorplan.sdc
source /OpenROAD-flow-scripts/flow/platforms/nangate45/setRC.tcl
[INFO TAP-0004] Inserted 1330 endcaps.
[INFO TAP-0005] Inserted 2334 tapcells.
Design area 174508 um^2 20% utilization.
write_db ./results/nangate45/x1_y2_kimi/base/2_3_floorplan_tapcell.odb
Elapsed time: 0:00.72[h:]min:sec. CPU time: user 0.53 sys 0.19 (99%). Peak memory: 215076KB.
Log                       Ext     Elapsed/s Peak Memory/MB sha1sum result [0:20)
2_3_floorplan_tapcell     .odb            0            210 20dafba31bb9d0a069bc
/OpenROAD-flow-scripts/flow/scripts/flow.sh 2_4_floorplan_pdn pdn
Running pdn.tcl, stage 2_4_floorplan_pdn
read_liberty /OpenROAD-flow-scripts/flow/platforms/nangate45/lib/NangateOpenCellLibrary_typical.lib
read_db ./results/nangate45/x1_y2_kimi/base/2_3_floorplan_tapcell.odb
read_sdc ./results/nangate45/x1_y2_kimi/base/2_1_floorplan.sdc
source /OpenROAD-flow-scripts/flow/platforms/nangate45/setRC.tcl
[WARNING PDN-1051] No instances found for grid (CORE_macro_grid_1).
[WARNING PDN-1051] No instances found for grid (CORE_macro_grid_2).
[INFO PDN-0001] Inserting grid: grid
[INFO PDN-0500] Runtime: 0.11s
Design area 174508 um^2 20% utilization.
write_db ./results/nangate45/x1_y2_kimi/base/2_4_floorplan_pdn.odb
Elapsed time: 0:01.40[h:]min:sec. CPU time: user 1.10 sys 0.30 (99%). Peak memory: 304004KB.
Log                       Ext     Elapsed/s Peak Memory/MB sha1sum result [0:20)
2_4_floorplan_pdn         .odb            1            296 a81ab031c1b15027f492
cp ./results/nangate45/x1_y2_kimi/base/2_4_floorplan_pdn.odb ./results/nangate45/x1_y2_kimi/base/2_floorplan.odb
cp ./results/nangate45/x1_y2_kimi/base/2_1_floorplan.sdc ./results/nangate45/x1_y2_kimi/base/2_floorplan.sdc
/OpenROAD-flow-scripts/flow/scripts/flow.sh 3_1_place_gp_skip_io global_place_skip_io
Running global_place_skip_io.tcl, stage 3_1_place_gp_skip_io
read_liberty /OpenROAD-flow-scripts/flow/platforms/nangate45/lib/NangateOpenCellLibrary_typical.lib
read_db ./results/nangate45/x1_y2_kimi/base/2_floorplan.odb
read_sdc ./results/nangate45/x1_y2_kimi/base/2_floorplan.sdc
source /OpenROAD-flow-scripts/flow/platforms/nangate45/setRC.tcl
[INFO GPL-0022] Initialize gpl and calculate uniform density.
Placement density is 0.2785000039637089, computed from PLACE_DENSITY_LB_ADDON  0.05 and lower bound 0.23000000417232513
global_placement -skip_io -density 0.2785000039637089 -pad_left 0 -pad_right 0
[INFO GPL-0001] ---- Initialize GPL Main Data Structures
[INFO GPL-0002] DBU: 2000
[INFO GPL-0003] SiteSize: (  0.190  1.400 ) um
[INFO GPL-0004] CoreBBox: (  1.140  1.400 ) ( 932.330 932.400 ) um
[INFO GPL-0016] Core area:                  866937.890 um^2
[INFO GPL-0036] Movable instances area:     173533.080 um^2
[INFO GPL-0037] Total instances area:       174507.704 um^2
[INFO GPL-0035] Pin density area adjust:     25154.801 um^2
[INFO GPL-0032] ---- Initialize Region: Top-level
[INFO GPL-0006] Number of instances:            138927
[INFO GPL-0007] Movable instances:              135263
[INFO GPL-0008] Fixed instances:                  3664
[INFO GPL-0009] Dummy instances:                     0
[INFO GPL-0010] Number of nets:                 141619
[INFO GPL-0011] Number of pins:                 482699
[INFO GPL-0012] Die BBox:       (  0.000  0.000 ) ( 933.480 933.480 ) um
[INFO GPL-0013] Placement BBox: (  1.140  1.400 ) ( 932.330 932.400 ) um
[INFO GPL-0014] Region name: top-level.
[INFO GPL-0015] Region area:                866937.890 um^2
[INFO GPL-0017] Fixed instances area:          974.624 um^2
[INFO GPL-0018] Movable instances area:     198687.881 um^2
[INFO GPL-0019] Utilization:                    22.944 %
[INFO GPL-0020] Standard cells area:        198687.881 um^2
[INFO GPL-0021] Large instances area:            0.000 um^2
[INFO GPL-0005] ---- Execute Conjugate Gradient Initial Placement.
[INFO GPL-0051] Source of initial instance position counters:
	Odb location = 0	Core center = 135263	Region center = 0
[INFO GPL-0033] ---- Initialize Nesterov Region: Top-level
[INFO GPL-0023] Placement target density:       0.2785
[INFO GPL-0024] Movable insts average area:      1.469 um^2
[INFO GPL-0025] Ideal bin area:                  5.274 um^2
[INFO GPL-0026] Ideal bin count:                164369
[INFO GPL-0027] Total bin area:             866937.890 um^2
[INFO GPL-0028] Bin count (X, Y):         256 ,    256
[INFO GPL-0029] Bin size (W * H):       3.637 *  3.637 um
[INFO GPL-0030] Number of bins:                  65536
[INFO GPL-0084] ---- Execute Nesterov Global Placement.
[INFO GPL-0031] HPWL: Half-Perimeter Wirelength
Iteration | Overflow |     HPWL (um) |  HPWL(%) |   Penalty | Group
---------------------------------------------------------------
        0 |   0.9999 |  9.815292e+04 |   +0.00% |  1.83e-16 |      
       10 |   0.9998 |  6.505677e+04 |  -33.72% |  2.99e-16 |      
       20 |   0.9998 |  6.469476e+04 |   -0.56% |  4.87e-16 |      
       30 |   0.9998 |  6.462090e+04 |   -0.11% |  7.93e-16 |      
       40 |   0.9998 |  6.462497e+04 |   +0.01% |  1.29e-15 |      
       50 |   0.9998 |  6.463049e+04 |   +0.01% |  2.10e-15 |      
       60 |   0.9998 |  6.463223e+04 |   +0.00% |  3.43e-15 |      
       70 |   0.9998 |  6.463931e+04 |   +0.01% |  5.58e-15 |      
       80 |   0.9998 |  6.466824e+04 |   +0.04% |  9.09e-15 |      
       90 |   0.9998 |  6.477021e+04 |   +0.16% |  1.48e-14 |      
      100 |   0.9998 |  6.513491e+04 |   +0.56% |  2.41e-14 |      
      110 |   0.9998 |  6.662866e+04 |   +2.29% |  3.93e-14 |      
      120 |   0.9997 |  7.445396e+04 |  +11.74% |  6.39e-14 |      
      130 |   0.9994 |  1.121911e+05 |  +50.69% |  1.03e-13 |      
      140 |   0.9990 |  1.920697e+05 |  +71.20% |  1.65e-13 |      
      150 |   0.9983 |  2.812861e+05 |  +46.45% |  2.64e-13 |      
      160 |   0.9973 |  3.618588e+05 |  +28.64% |  4.23e-13 |      
      170 |   0.9962 |  4.402912e+05 |  +21.67% |  6.77e-13 |      
      180 |   0.9945 |  5.386639e+05 |  +22.34% |  1.08e-12 |      
      190 |   0.9914 |  6.749190e+05 |  +25.30% |  1.71e-12 |      
      200 |   0.9869 |  8.403460e+05 |  +24.51% |  2.69e-12 |      
      210 |   0.9804 |  1.023950e+06 |  +21.85% |  4.21e-12 |      
      220 |   0.9713 |  1.234008e+06 |  +20.51% |  6.55e-12 |      
      230 |   0.9590 |  1.476484e+06 |  +19.65% |  1.01e-11 |      
      240 |   0.9424 |  1.746239e+06 |  +18.27% |  1.56e-11 |      
      250 |   0.9217 |  2.025278e+06 |  +15.98% |  2.38e-11 |      
      260 |   0.8966 |  2.311193e+06 |  +14.12% |  3.65e-11 |      
      270 |   0.8673 |  2.598875e+06 |  +12.45% |  5.58e-11 |      
      280 |   0.8327 |  2.892000e+06 |  +11.28% |  8.52e-11 |      
      290 |   0.7912 |  3.181381e+06 |  +10.01% |  1.30e-10 |      
      300 |   0.7416 |  3.460871e+06 |   +8.79% |  2.00e-10 |      
      310 |   0.6859 |  3.766765e+06 |   +8.84% |  3.05e-10 |      
      320 |   0.6293 |  4.135759e+06 |   +9.80% |  4.58e-10 |      
      330 |   0.5890 |  4.537430e+06 |   +9.71% |  6.84e-10 |      
      340 |   0.5607 |  4.900591e+06 |   +8.00% |  1.03e-09 |      
      350 |   0.5351 |  5.077111e+06 |   +3.60% |  1.60e-09 |      
      360 |   0.5033 |  5.123995e+06 |   +0.92% |  2.58e-09 |      
      370 |   0.4607 |  5.086887e+06 |   -0.72% |  4.19e-09 |      
      380 |   0.4214 |  5.072126e+06 |   -0.29% |  6.83e-09 |      
      390 |   0.3890 |  5.229534e+06 |   +3.10% |  1.08e-08 |      
      400 |   0.3577 |  5.223477e+06 |   -0.12% |  1.74e-08 |      
      410 |   0.3251 |  5.157039e+06 |   -1.27% |  2.64e-08 |      
      420 |   0.3005 |  5.183854e+06 |   +0.52% |  3.87e-08 |      
      430 |   0.2720 |  5.151151e+06 |   -0.63% |  5.71e-08 |      
      440 |   0.2445 |  5.146007e+06 |   -0.10% |  8.40e-08 |      
      450 |   0.2164 |  5.131989e+06 |   -0.27% |  1.24e-07 |      
      460 |   0.1914 |  5.128101e+06 |   -0.08% |  1.82e-07 |      
      470 |   0.1672 |  5.124351e+06 |   -0.07% |  2.69e-07 |      
      480 |   0.1458 |  5.123002e+06 |   -0.03% |  3.96e-07 |      
      490 |   0.1264 |  5.123074e+06 |   +0.00% |  5.83e-07 |      
      500 |   0.1091 |  5.123790e+06 |   +0.01% |  8.58e-07 |      
      506 |   0.0997 |  5.124782e+06 |          |  1.13e-06 |      
---------------------------------------------------------------
[INFO GPL-1001] Global placement finished at iteration 506
[INFO GPL-1002] Placed Cell Area            198687.8810
[INFO GPL-1003] Available Free Area         865963.2660
[INFO GPL-1004] Minimum Feasible Density        0.2300 (cell_area / free_area)
[INFO GPL-1006]   Suggested Target Densities:
[INFO GPL-1007]     - For 90% usage of free space: 0.2549
[INFO GPL-1008]     - For 80% usage of free space: 0.2868
[INFO GPL-1009]     - For 50% usage of free space: 0.4589
[INFO GPL-1014] Final placement area: 198687.88 (+0.00%)
Took 22 seconds: global_placement -skip_io -density 0.2785000039637089 -pad_left 0 -pad_right 0
Design area 174508 um^2 20% utilization.
write_db ./results/nangate45/x1_y2_kimi/base/3_1_place_gp_skip_io.odb
Elapsed time: 0:24.48[h:]min:sec. CPU time: user 52.00 sys 0.60 (214%). Peak memory: 611956KB.
Log                       Ext     Elapsed/s Peak Memory/MB sha1sum result [0:20)
3_1_place_gp_skip_io      .odb           24            597 30788797e145cc5a7a30
/OpenROAD-flow-scripts/flow/scripts/flow.sh 3_2_place_iop io_placement
Running io_placement.tcl, stage 3_2_place_iop
read_liberty /OpenROAD-flow-scripts/flow/platforms/nangate45/lib/NangateOpenCellLibrary_typical.lib
read_db ./results/nangate45/x1_y2_kimi/base/3_1_place_gp_skip_io.odb
read_sdc ./results/nangate45/x1_y2_kimi/base/2_floorplan.sdc
source /OpenROAD-flow-scripts/flow/platforms/nangate45/setRC.tcl
place_pins -hor_layers metal5 -ver_layers metal6
Found 0 macro blocks.
Using 2 tracks default min distance between IO pins.
[INFO PPL-0001] Number of available slots 6652
[INFO PPL-0002] Number of I/O             210
[INFO PPL-0003] Number of I/O w/sink      210
[INFO PPL-0004] Number of I/O w/o sink    0
[INFO PPL-0005] Slots per section         200
[INFO PPL-0008] Successfully assigned pins to sections.
[INFO PPL-0012] I/O nets HPWL: 64513.78 um.
Design area 174508 um^2 20% utilization.
write_db ./results/nangate45/x1_y2_kimi/base/3_2_place_iop.odb
Elapsed time: 0:00.81[h:]min:sec. CPU time: user 0.61 sys 0.21 (99%). Peak memory: 300436KB.
Log                       Ext     Elapsed/s Peak Memory/MB sha1sum result [0:20)
3_2_place_iop             .odb            0            293 a26a74c8f485935c2c97
/OpenROAD-flow-scripts/flow/scripts/flow.sh 3_3_place_gp global_place
Running global_place.tcl, stage 3_3_place_gp
read_liberty /OpenROAD-flow-scripts/flow/platforms/nangate45/lib/NangateOpenCellLibrary_typical.lib
read_db ./results/nangate45/x1_y2_kimi/base/3_2_place_iop.odb
read_sdc ./results/nangate45/x1_y2_kimi/base/2_floorplan.sdc
source /OpenROAD-flow-scripts/flow/platforms/nangate45/setRC.tcl
[INFO RSZ-0026] Removed 13543 buffers.
Perform port buffering...
[INFO RSZ-0027] Inserted 142 BUF_X1 input buffers.
[INFO RSZ-0028] Inserted 61 BUF_X1 output buffers.
[INFO GPL-0022] Initialize gpl and calculate uniform density.
Placement density is 0.26899999886751175, computed from PLACE_DENSITY_LB_ADDON  0.05 and lower bound 0.2199999988079071
global_placement -density 0.26899999886751175 -pad_left 0 -pad_right 0 -routability_driven -timing_driven -force_center_initial_place -min_phi_coef 0.95 -max_phi_coef 1.05
[INFO GPL-0001] ---- Initialize GPL Main Data Structures
[INFO GPL-0002] DBU: 2000
[INFO GPL-0003] SiteSize: (  0.190  1.400 ) um
[INFO GPL-0004] CoreBBox: (  1.140  1.400 ) ( 932.330 932.400 ) um
[INFO GPL-0016] Core area:                  866937.890 um^2
[INFO GPL-0036] Movable instances area:     161076.034 um^2
[INFO GPL-0037] Total instances area:       162050.658 um^2
[INFO GPL-0035] Pin density area adjust:     22897.201 um^2
[INFO GPL-0032] ---- Initialize Region: Top-level
[INFO GPL-0006] Number of instances:            125587
[INFO GPL-0007] Movable instances:              121923
[INFO GPL-0008] Fixed instances:                  3664
[INFO GPL-0009] Dummy instances:                     0
[INFO GPL-0010] Number of nets:                 128279
[INFO GPL-0011] Number of pins:                 456229
[INFO GPL-0012] Die BBox:       (  0.000  0.000 ) ( 933.480 933.480 ) um
[INFO GPL-0013] Placement BBox: (  1.140  1.400 ) ( 932.330 932.400 ) um
[INFO GPL-0014] Region name: top-level.
[INFO GPL-0015] Region area:                866937.890 um^2
[INFO GPL-0017] Fixed instances area:          974.624 um^2
[INFO GPL-0018] Movable instances area:     183973.235 um^2
[INFO GPL-0019] Utilization:                    21.245 %
[INFO GPL-0020] Standard cells area:        183973.235 um^2
[INFO GPL-0021] Large instances area:            0.000 um^2
[INFO GPL-0005] ---- Execute Conjugate Gradient Initial Placement.
[INFO GPL-0051] Source of initial instance position counters:
	Odb location = 0	Core center = 121923	Region center = 0
[InitialPlace]  Iter: 1 conjugate gradient residual: 0.00047031 HPWL: 5229496301
[InitialPlace]  Iter: 2 conjugate gradient residual: 0.00002129 HPWL: 990461141
[InitialPlace]  Iter: 3 conjugate gradient residual: 0.00002201 HPWL: 986881429
[InitialPlace]  Iter: 4 conjugate gradient residual: 0.00006481 HPWL: 984620309
[InitialPlace]  Iter: 5 conjugate gradient residual: 0.00006577 HPWL: 976045921
[InitialPlace]  Iter: 6 conjugate gradient residual: 0.00003244 HPWL: 971316861
[InitialPlace]  Iter: 7 conjugate gradient residual: 0.00003576 HPWL: 966940169
[InitialPlace]  Iter: 8 conjugate gradient residual: 0.00003089 HPWL: 966877380
[InitialPlace]  Iter: 9 conjugate gradient residual: 0.00001892 HPWL: 965352944
[InitialPlace]  Iter: 10 conjugate gradient residual: 0.00001249 HPWL: 966193673
[InitialPlace]  Iter: 11 conjugate gradient residual: 0.00002851 HPWL: 964790541
[InitialPlace]  Iter: 12 conjugate gradient residual: 0.00001528 HPWL: 965781029
[InitialPlace]  Iter: 13 conjugate gradient residual: 0.00001323 HPWL: 964519689
[InitialPlace]  Iter: 14 conjugate gradient residual: 0.00001250 HPWL: 965504816
[InitialPlace]  Iter: 15 conjugate gradient residual: 0.00001424 HPWL: 964275340
[InitialPlace]  Iter: 16 conjugate gradient residual: 0.00001596 HPWL: 965327637
[InitialPlace]  Iter: 17 conjugate gradient residual: 0.00001458 HPWL: 964181922
[InitialPlace]  Iter: 18 conjugate gradient residual: 0.00001219 HPWL: 965220653
[InitialPlace]  Iter: 19 conjugate gradient residual: 0.00001414 HPWL: 964050138
[InitialPlace]  Iter: 20 conjugate gradient residual: 0.00001239 HPWL: 965134714
[INFO GPL-0033] ---- Initialize Nesterov Region: Top-level
[INFO GPL-0023] Placement target density:       0.2690
[INFO GPL-0024] Movable insts average area:      1.509 um^2
[INFO GPL-0025] Ideal bin area:                  5.609 um^2
[INFO GPL-0026] Ideal bin count:                154550
[INFO GPL-0027] Total bin area:             866937.890 um^2
[INFO GPL-0028] Bin count (X, Y):         256 ,    256
[INFO GPL-0029] Bin size (W * H):       3.637 *  3.637 um
[INFO GPL-0030] Number of bins:                  65536
[INFO GPL-0084] ---- Execute Nesterov Global Placement.
[INFO GPL-0031] HPWL: Half-Perimeter Wirelength
Iteration | Overflow |     HPWL (um) |  HPWL(%) |   Penalty | Group
---------------------------------------------------------------
        0 |   0.9982 |  1.733886e+05 |   +0.00% |  8.41e-17 |      
       10 |   0.9951 |  1.971843e+05 |  +13.72% |  1.35e-16 |      
       20 |   0.9937 |  1.940146e+05 |   -1.61% |  2.20e-16 |      
       30 |   0.9930 |  1.973950e+05 |   +1.74% |  3.58e-16 |      
       40 |   0.9927 |  2.025538e+05 |   +2.61% |  5.82e-16 |      
       50 |   0.9924 |  2.070090e+05 |   +2.20% |  9.47e-16 |      
       60 |   0.9923 |  2.101188e+05 |   +1.50% |  1.54e-15 |      
       70 |   0.9922 |  2.127375e+05 |   +1.25% |  2.51e-15 |      
       80 |   0.9920 |  2.148760e+05 |   +1.01% |  4.09e-15 |      
       90 |   0.9920 |  2.167368e+05 |   +0.87% |  6.66e-15 |      
      100 |   0.9920 |  2.186254e+05 |   +0.87% |  1.08e-14 |      
      110 |   0.9920 |  2.209600e+05 |   +1.07% |  1.76e-14 |      
      120 |   0.9919 |  2.245768e+05 |   +1.64% |  2.87e-14 |      
      130 |   0.9917 |  2.304239e+05 |   +2.60% |  4.67e-14 |      
      140 |   0.9913 |  2.396391e+05 |   +4.00% |  7.60e-14 |      
      150 |   0.9907 |  2.535839e+05 |   +5.82% |  1.23e-13 |      
      160 |   0.9897 |  2.736449e+05 |   +7.91% |  2.00e-13 |      
      170 |   0.9883 |  3.010804e+05 |  +10.03% |  3.24e-13 |      
      180 |   0.9859 |  3.374551e+05 |  +12.08% |  5.24e-13 |      
      190 |   0.9821 |  3.847934e+05 |  +14.03% |  8.45e-13 |      
      200 |   0.9762 |  4.454802e+05 |  +15.77% |  1.36e-12 |      
      210 |   0.9673 |  5.211634e+05 |  +16.99% |  2.18e-12 |      
      220 |   0.9539 |  6.131978e+05 |  +17.66% |  3.48e-12 |      
      230 |   0.9348 |  7.258664e+05 |  +18.37% |  5.53e-12 |      
      240 |   0.9088 |  8.573396e+05 |  +18.11% |  8.75e-12 |      
      250 |   0.8772 |  9.889589e+05 |  +15.35% |  1.38e-11 |      
      260 |   0.8420 |  1.113085e+06 |  +12.55% |  2.19e-11 |      
      270 |   0.8039 |  1.217315e+06 |   +9.36% |  3.49e-11 |      
      280 |   0.7650 |  1.308498e+06 |   +7.49% |  5.57e-11 |      
      290 |   0.7246 |  1.394323e+06 |   +6.56% |  8.91e-11 |      
      300 |   0.6837 |  1.503413e+06 |   +7.82% |  1.42e-10 |      
      310 |   0.6450 |  1.632379e+06 |   +8.58% |  2.25e-10 |      
[INFO GPL-0100] Timing-driven iteration 1/2, virtual: false.
[INFO GPL-0101]    Iter: 315, overflow: 0.632, keep resizer changes at: 1, HPWL: 3357202114
Iteration |   Area    | Resized | Buffers | Nets repaired | Remaining
---------------------------------------------------------------------
        0 |     +0.0% |       0 |       0 |             0 |    128279
    final |     +2.7% |     582 |    2176 |           942 |         0
---------------------------------------------------------------------
[INFO RSZ-0034] Found 600 slew violations.
[INFO RSZ-0036] Found 834 capacitance violations.
[INFO RSZ-0037] Found 181 long wires.
[INFO RSZ-0039] Resized 582 instances.
[INFO RSZ-0038] Inserted 2176 buffers in 942 nets.
   Iter   |    Area   | Removed | Inserted |   Pins
          |           | Buffers | Buffers  | Remaining
-------------------------------------------------------
        0 |     +0.0% |       0 |        0 |    128130
    12800 |     +0.0% |       0 |        0 |    115330
    25600 |     -0.0% |      16 |       10 |    102530
    38400 |     -0.0% |      52 |       31 |     89730
    51200 |     -0.1% |     296 |      251 |     76930
    64000 |     -0.1% |     351 |      314 |     64130
    76800 |     -0.1% |     373 |      344 |     51330
    89600 |     -0.1% |     404 |      374 |     38530
   102400 |     -0.2% |     631 |      576 |     25730
   115200 |     -0.4% |    1146 |     1113 |     12930
   128000 |     -0.5% |    1737 |     1940 |       130
    final |     -0.3% |    2176 |     2727 |         0
-------------------------------------------------------
[INFO GPL-0106] Timing-driven: worst slack 2.1724698e-09
[INFO GPL-0107] Timing-driven: repair_design delta area: 3771.741 um^2 (+2.05%)
[INFO GPL-0108] Timing-driven: repair_design, gpl delta gcells: 2727 (+2.24%)
[INFO GPL-0109] Timing-driven: repair_design, gcells created: 4903, deleted: 2176
[INFO GPL-0110] Timing-driven: new target density: 0.27335554
Iteration | Overflow |     HPWL (um) |  HPWL(%) |   Penalty | Group
---------------------------------------------------------------
      320 |   0.6134 |  2.133267e+06 |  +30.68% |  3.25e-10 |      
[INFO GPL-0038] Routability snapshot saved at iter = 328
      327 |   0.5990 |  2.152809e+06 |          |           |      
      330 |   0.5951 |  2.152570e+06 |   +0.90% |  5.25e-10 |      
      340 |   0.5781 |  2.159989e+06 |   +0.34% |  8.54e-10 |      
      350 |   0.5519 |  2.186952e+06 |   +1.25% |  1.38e-09 |      
      360 |   0.5113 |  2.201316e+06 |   +0.66% |  2.24e-09 |      
      370 |   0.4733 |  2.202945e+06 |   +0.07% |  3.65e-09 |      
      380 |   0.4449 |  2.152512e+06 |   -2.29% |  5.94e-09 |      
      390 |   0.4106 |  2.203756e+06 |   +2.38% |  9.59e-09 |      
      400 |   0.3833 |  2.241327e+06 |   +1.70% |  1.54e-08 |      
      410 |   0.3481 |  2.214200e+06 |   -1.21% |  2.51e-08 |      
      420 |   0.3187 |  2.179313e+06 |   -1.58% |  3.74e-08 |      
[INFO GPL-0040] Routability iteration: 1
[WARNING GRT-0281] Net clk has a large fanout of 6214 terminals.
[INFO GPL-0041] Total routing overflow: 0.0426
[INFO GPL-0042] Number of overflowed tiles: 3 (0.00%)
[INFO GPL-0043] Average top 0.5% routing congestion: 0.8178
[INFO GPL-0044] Average top 1.0% routing congestion: 0.7917
[INFO GPL-0045] Average top 2.0% routing congestion: 0.7638
[INFO GPL-0046] Average top 5.0% routing congestion: 0.7250
[INFO GPL-0047] Routability iteration weighted routing congestion: 0.8047
[INFO GPL-0050] Weighted routing congestion is lower than target routing congestion(1.0100), end routability optimization.
[INFO GPL-0090] Routability finished. Target routing congestion achieved succesfully.
Iteration | Overflow |     HPWL (um) |  HPWL(%) |   Penalty | Group
---------------------------------------------------------------
      430 |   0.2963 |  2.185918e+06 |   +0.30% |  5.50e-08 |      
      440 |   0.2646 |  2.168504e+06 |   -0.80% |  8.10e-08 |      
      450 |   0.2381 |  2.155811e+06 |   -0.59% |  1.19e-07 |      
      460 |   0.2114 |  2.146103e+06 |   -0.45% |  1.76e-07 |      
[INFO GPL-0100] Timing-driven iteration 2/2, virtual: false.
[INFO GPL-0101]    Iter: 467, overflow: 0.195, keep resizer changes at: 1, HPWL: 4283868326
Iteration |   Area    | Resized | Buffers | Nets repaired | Remaining
---------------------------------------------------------------------
        0 |     +0.0% |       0 |       0 |             0 |    131006
    final |     +0.8% |      26 |     720 |           668 |         0
---------------------------------------------------------------------
[INFO RSZ-0034] Found 106 slew violations.
[INFO RSZ-0036] Found 515 capacitance violations.
[INFO RSZ-0037] Found 161 long wires.
[INFO RSZ-0039] Resized 26 instances.
[INFO RSZ-0038] Inserted 720 buffers in 668 nets.
   Iter   |    Area   | Removed | Inserted |   Pins
          |           | Buffers | Buffers  | Remaining
-------------------------------------------------------
        0 |     +0.0% |       0 |        0 |    128130
    12800 |     +0.0% |       0 |        0 |    115330
    25600 |     -0.0% |      20 |       15 |    102530
    38400 |     -0.0% |      83 |       58 |     89730
    51200 |     +0.0% |     321 |      336 |     76930
    64000 |     +0.0% |     394 |      427 |     64130
    76800 |     +0.0% |     433 |      464 |     51330
    89600 |     -0.0% |     510 |      540 |     38530
   102400 |     -0.0% |     832 |      916 |     25730
   115200 |     -0.1% |    1587 |     1657 |     12930
   128000 |     -0.2% |    2605 |     2727 |       130
    final |     -0.2% |    3447 |     3609 |         0
-------------------------------------------------------
[INFO GPL-0106] Timing-driven: worst slack 2.1037319e-09
[INFO GPL-0107] Timing-driven: repair_design delta area: 915.837 um^2 (+0.49%)
[INFO GPL-0108] Timing-driven: repair_design, gpl delta gcells: 882 (+0.71%)
[INFO GPL-0109] Timing-driven: repair_design, gcells created: 4329, deleted: 3447
[INFO GPL-0110] Timing-driven: new target density: 0.27441314
Iteration | Overflow |     HPWL (um) |  HPWL(%) |   Penalty | Group
---------------------------------------------------------------
      470 |   0.1846 |  2.258607e+06 |   +5.24% |  2.53e-07 |      
      480 |   0.1598 |  2.212710e+06 |   -2.03% |  3.73e-07 |      
      490 |   0.1401 |  2.188408e+06 |   -1.10% |  5.49e-07 |      
      500 |   0.1225 |  2.170731e+06 |   -0.81% |  8.09e-07 |      
      510 |   0.1058 |  2.155541e+06 |   -0.70% |  1.19e-06 |      
      514 |   0.0998 |  2.153175e+06 |          |  1.45e-06 |      
---------------------------------------------------------------
[INFO GPL-1001] Global placement finished at iteration 514
[INFO GPL-1017] Routability mode iteration count: 99
[INFO GPL-1005] Routability final weighted congestion: 0.7418
[INFO GPL-1002] Placed Cell Area            188660.8141
[INFO GPL-1003] Available Free Area         865963.2660
[INFO GPL-1004] Minimum Feasible Density        0.2200 (cell_area / free_area)
[INFO GPL-1006]   Suggested Target Densities:
[INFO GPL-1007]     - For 90% usage of free space: 0.2421
[INFO GPL-1008]     - For 80% usage of free space: 0.2723
[INFO GPL-1009]     - For 50% usage of free space: 0.4357
[INFO GPL-1011] Original area (um^2): 183973.24
[INFO GPL-1012] Total routability artificial inflation: 0.00 (+0.00%)
[INFO GPL-1013] Total timing-driven delta area: 4687.58 (+2.55%)
[INFO GPL-1014] Final placement area: 188660.81 (+2.55%)
Took 142 seconds: global_placement -density 0.26899999886751175 -pad_left 0 -pad_right 0 -routability_driven -timing_driven -force_center_initial_place -min_phi_coef 0.95 -max_phi_coef 1.05
estimate_parasitics -placement
Report metrics stage 3, global place...

==========================================================================
global place report_design_area
--------------------------------------------------------------------------
Design area 166813 um^2 19% utilization.
write_db ./results/nangate45/x1_y2_kimi/base/3_3_place_gp.odb
Elapsed time: 2:37.25[h:]min:sec. CPU time: user 215.99 sys 6.81 (141%). Peak memory: 1608920KB.
Log                       Ext     Elapsed/s Peak Memory/MB sha1sum result [0:20)
3_3_place_gp              .odb          157           1571 060dba3d08c3b2fe7ff1
/OpenROAD-flow-scripts/flow/scripts/flow.sh 3_4_place_resized resize
Running resize.tcl, stage 3_4_place_resized
read_liberty /OpenROAD-flow-scripts/flow/platforms/nangate45/lib/NangateOpenCellLibrary_typical.lib
read_db ./results/nangate45/x1_y2_kimi/base/3_3_place_gp.odb
read_sdc ./results/nangate45/x1_y2_kimi/base/2_floorplan.sdc
source /OpenROAD-flow-scripts/flow/platforms/nangate45/setRC.tcl
estimate_parasitics -placement
Perform buffer insertion and gate resizing...
repair_design -verbose
Iteration |   Area    | Resized | Buffers | Nets repaired | Remaining
---------------------------------------------------------------------
        0 |     +0.0% |       0 |       0 |             0 |    131888
     1000 |     +0.0% |       0 |       0 |             0 |    130888
     2000 |     +0.0% |       0 |       0 |             0 |    129888
     3000 |     +0.0% |       0 |       0 |             0 |    128888
     4000 |     +0.0% |       0 |       0 |             0 |    127888
     5000 |     +0.0% |       0 |       0 |             0 |    126888
     6000 |     +0.0% |       0 |       0 |             0 |    125888
     7000 |     +0.0% |       0 |       0 |             0 |    124888
     8000 |     +0.0% |       0 |       0 |             0 |    123888
     9000 |     +0.0% |       0 |       0 |             0 |    122888
    10000 |     +0.0% |       0 |       0 |             0 |    121888
    11000 |     +0.0% |       0 |       0 |             0 |    120888
    12000 |     +0.0% |       0 |       0 |             0 |    119888
    13000 |     +0.0% |       0 |       0 |             0 |    118888
    14000 |     +0.0% |       0 |       0 |             0 |    117888
    15000 |     +0.0% |       0 |       0 |             0 |    116888
    16000 |     +0.0% |       0 |       0 |             0 |    115888
    17000 |     +0.0% |       0 |       0 |             0 |    114888
    18000 |     +0.0% |       0 |       0 |             0 |    113888
    19000 |     +0.0% |       0 |       0 |             0 |    112888
    20000 |     +0.0% |       0 |       0 |             0 |    111888
    21000 |     +0.0% |       0 |       0 |             0 |    110888
    22000 |     +0.0% |       0 |       0 |             0 |    109888
    23000 |     +0.0% |       0 |       1 |             1 |    108888
    24000 |     +0.0% |       0 |       1 |             1 |    107888
    25000 |     +0.0% |       0 |       4 |             4 |    106888
    26000 |     +0.0% |       0 |       6 |             6 |    105888
    27000 |     +0.0% |       0 |       6 |             6 |    104888
    28000 |     +0.0% |       0 |       6 |             6 |    103888
    29000 |     +0.0% |       0 |       6 |             6 |    102888
    30000 |     +0.0% |       0 |       8 |             8 |    101888
    31000 |     +0.0% |       0 |      10 |            10 |    100888
    32000 |     +0.0% |       0 |      10 |            10 |     99888
    33000 |     +0.0% |       0 |      12 |            12 |     98888
    34000 |     +0.0% |       0 |      13 |            13 |     97888
    35000 |     +0.0% |       0 |      13 |            13 |     96888
    36000 |     +0.0% |       0 |      14 |            14 |     95888
    37000 |     +0.0% |       0 |      15 |            15 |     94888
    38000 |     +0.0% |       0 |      16 |            16 |     93888
    39000 |     +0.0% |       0 |      17 |            17 |     92888
    40000 |     +0.0% |       0 |      18 |            18 |     91888
    41000 |     +0.0% |       0 |      19 |            19 |     90888
    42000 |     +0.0% |       0 |      19 |            19 |     89888
    43000 |     +0.0% |       0 |      21 |            21 |     88888
    44000 |     +0.0% |       0 |      21 |            21 |     87888
    45000 |     +0.0% |       0 |      21 |            21 |     86888
    46000 |     +0.0% |       0 |      21 |            21 |     85888
    47000 |     +0.0% |       0 |      21 |            21 |     84888
    48000 |     +0.0% |       0 |      22 |            22 |     83888
    49000 |     +0.0% |       1 |      22 |            23 |     82888
    50000 |     +0.0% |       1 |      23 |            24 |     81888
    51000 |     +0.0% |       1 |      24 |            25 |     80888
    52000 |     +0.0% |       1 |      25 |            26 |     79888
    53000 |     +0.0% |       1 |      25 |            26 |     78888
    54000 |     +0.0% |       1 |      25 |            26 |     77888
    55000 |     +0.0% |       1 |      25 |            26 |     76888
    56000 |     +0.0% |       1 |      25 |            26 |     75888
    57000 |     +0.0% |       1 |      25 |            26 |     74888
    58000 |     +0.0% |       1 |      26 |            27 |     73888
    59000 |     +0.0% |       1 |      26 |            27 |     72888
    60000 |     +0.0% |       1 |      26 |            27 |     71888
    61000 |     +0.0% |       1 |      26 |            27 |     70888
    62000 |     +0.0% |       1 |      26 |            27 |     69888
    63000 |     +0.0% |       1 |      26 |            27 |     68888
    64000 |     +0.0% |       1 |      27 |            28 |     67888
    65000 |     +0.0% |       1 |      27 |            28 |     66888
    66000 |     +0.0% |       1 |      27 |            28 |     65888
    67000 |     +0.0% |       1 |      28 |            29 |     64888
    68000 |     +0.0% |       1 |      28 |            29 |     63888
    69000 |     +0.0% |       1 |      29 |            30 |     62888
    70000 |     +0.0% |       1 |      30 |            31 |     61888
    71000 |     +0.0% |       1 |      30 |            31 |     60888
    72000 |     +0.0% |       1 |      30 |            31 |     59888
    73000 |     +0.0% |       1 |      30 |            31 |     58888
    74000 |     +0.0% |       1 |      33 |            34 |     57888
    75000 |     +0.0% |       1 |      33 |            34 |     56888
    76000 |     +0.0% |       1 |      33 |            34 |     55888
    77000 |     +0.0% |       1 |      33 |            34 |     54888
    78000 |     +0.0% |       1 |      34 |            35 |     53888
    79000 |     +0.0% |       1 |      35 |            36 |     52888
    80000 |     +0.0% |       1 |      36 |            37 |     51888
    81000 |     +0.0% |       1 |      38 |            39 |     50888
    82000 |     +0.0% |       1 |      41 |            42 |     49888
    83000 |     +0.0% |       1 |      42 |            43 |     48888
    84000 |     +0.0% |       2 |      46 |            48 |     47888
    85000 |     +0.0% |       2 |      48 |            50 |     46888
    86000 |     +0.0% |       2 |      49 |            51 |     45888
    87000 |     +0.0% |       2 |      51 |            53 |     44888
    88000 |     +0.0% |       2 |      54 |            56 |     43888
    89000 |     +0.0% |       2 |      56 |            58 |     42888
    90000 |     +0.0% |       2 |      57 |            59 |     41888
    91000 |     +0.1% |       2 |      62 |            64 |     40888
    92000 |     +0.1% |       2 |      65 |            67 |     39888
    93000 |     +0.1% |       2 |      66 |            68 |     38888
    94000 |     +0.1% |       2 |      72 |            74 |     37888
    95000 |     +0.1% |       2 |      79 |            81 |     36888
    96000 |     +0.1% |       2 |      83 |            85 |     35888
    97000 |     +0.1% |       3 |      89 |            92 |     34888
    98000 |     +0.1% |       3 |      90 |            93 |     33888
    99000 |     +0.1% |       3 |      93 |            96 |     32888
   100000 |     +0.1% |       3 |      97 |           100 |     31888
   101000 |     +0.1% |       4 |      98 |           102 |     30888
   102000 |     +0.1% |       4 |      99 |           103 |     29888
   103000 |     +0.1% |       4 |     101 |           105 |     28888
   104000 |     +0.1% |       4 |     109 |           113 |     27888
   105000 |     +0.1% |       4 |     118 |           121 |     26888
   106000 |     +0.1% |       4 |     121 |           124 |     25888
   107000 |     +0.1% |       4 |     124 |           127 |     24888
   108000 |     +0.1% |       4 |     125 |           128 |     23888
   109000 |     +0.1% |       4 |     134 |           136 |     22888
   110000 |     +0.1% |       4 |     149 |           151 |     21888
   111000 |     +0.1% |       4 |     150 |           152 |     20888
   112000 |     +0.2% |       4 |     162 |           164 |     19888
   113000 |     +0.2% |       5 |     172 |           174 |     18888
   114000 |     +0.2% |       5 |     172 |           174 |     17888
   115000 |     +0.2% |       5 |     172 |           174 |     16888
   116000 |     +0.2% |       5 |     172 |           174 |     15888
   117000 |     +0.2% |       5 |     172 |           174 |     14888
   118000 |     +0.2% |       5 |     172 |           174 |     13888
   119000 |     +0.2% |       5 |     180 |           181 |     12888
   120000 |     +0.2% |       5 |     184 |           185 |     11888
   121000 |     +0.2% |       5 |     184 |           185 |     10888
   122000 |     +0.2% |       5 |     184 |           185 |      9888
   123000 |     +0.2% |       5 |     184 |           185 |      8888
   124000 |     +0.2% |       5 |     184 |           185 |      7888
   125000 |     +0.2% |       5 |     184 |           185 |      6888
   126000 |     +0.2% |       5 |     184 |           185 |      5888
   127000 |     +0.2% |       5 |     184 |           185 |      4888
   128000 |     +0.2% |       5 |     184 |           185 |      3888
   129000 |     +0.2% |       5 |     184 |           185 |      2888
   130000 |     +0.2% |       5 |     184 |           185 |      1888
   131000 |     +0.2% |       5 |     184 |           185 |       888
    final |     +0.2% |       5 |     184 |           185 |         0
---------------------------------------------------------------------
[INFO RSZ-0034] Found 33 slew violations.
[INFO RSZ-0036] Found 168 capacitance violations.
[INFO RSZ-0039] Resized 5 instances.
[INFO RSZ-0038] Inserted 184 buffers in 185 nets.
[INFO RSZ-0504] Runtime: 10.97s
Took 11 seconds: repair_design -verbose
Floating nets: 
Report metrics stage 3, resizer...

==========================================================================
resizer report_design_area
--------------------------------------------------------------------------
Design area 167113 um^2 19% utilization.
Instance count before 129196, after 129380
Pin count before 463237, after 463605
write_db ./results/nangate45/x1_y2_kimi/base/3_4_place_resized.odb
Elapsed time: 0:34.87[h:]min:sec. CPU time: user 43.02 sys 2.11 (129%). Peak memory: 764988KB.
Log                       Ext     Elapsed/s Peak Memory/MB sha1sum result [0:20)
3_4_place_resized         .odb           34            747 798b305a68ff6beb05fc
/OpenROAD-flow-scripts/flow/scripts/flow.sh 3_5_place_dp detail_place
Running detail_place.tcl, stage 3_5_place_dp
read_liberty /OpenROAD-flow-scripts/flow/platforms/nangate45/lib/NangateOpenCellLibrary_typical.lib
read_db ./results/nangate45/x1_y2_kimi/base/3_4_place_resized.odb
read_sdc ./results/nangate45/x1_y2_kimi/base/2_floorplan.sdc
source /OpenROAD-flow-scripts/flow/platforms/nangate45/setRC.tcl
detailed_placement
[INFO DPL-0006] Core area: 866937.89 um^2
[INFO DPL-0007] Movable instances area: 166138.28 um^2
[INFO DPL-0008] Fixed instances area within core: 974.62 um^2
[INFO DPL-0009] Utilization: 19.3%
[INFO DPL-0005] Diamond search max displacement: +/- 500 sites horizontally, +/- 100 rows vertically.
[INFO DPL-1102] Legalizing using negotiation legalizer.
[INFO DPL-1103] Negotiation base search window: +/-20 sites horizontally, +/-5 rows vertically 
	Automatic search window extension enabled.
	Search window extendable up to the max displacement cap of +/-500 sites, +/-100 rows near walls.
[INFO DPL-1104] NegotiationLegalizer DRC penalty: 5.
[INFO DPL-0392] Negotiation cell height distribution (1 unique row-count(s)):
[INFO DPL-0393]   height 1 row(s): 129380 cells
          |      Total |  Illegal |  Illegal
Iteration | Violations |    Cells |    Sites
---------------------------------------------
        0 |          0 |         0 |         0
Negotiation phase 1 converged at iteration 0.
[INFO DPL-0500] Runtime: 1.17s
Placement Analysis
---------------------------------
total displacement     158725.9 u
average displacement        1.2 u
max displacement            7.7 u
original HPWL         2169038.2 u
legalized HPWL        2255516.0 u
delta HPWL                    4 %

improve_placement -max_displacement "5 1"
Detailed placement improvement.
[INFO DPL-0401] Setting random seed to 1.
[INFO DPL-0402] Setting maximum displacement 5 1 to 14000 2800 units.
[INFO DPL-0320] Collected 3874 fixed cells.
[INFO DPL-0318] Collected 125716 single height cells.
[INFO DPL-0321] Collected 0 wide cells.
[INFO DPL-0322] Image (2280, 2800) - (1864660, 1864800)
[INFO DPL-0310] Assigned 125716 cells into segments.  Movement in X-direction is 0.000000, movement in Y-direction is 0.000000.
[INFO DPL-0313] Found 0 cells in wrong regions.
[INFO DPL-0315] Found 0 row alignment problems.
[INFO DPL-0314] Found 0 site alignment problems.
[INFO DPL-0311] Found 0 overlaps between adjacent cells.
[INFO DPL-0312] Found 0 edge spacing violations and 0 padding violations.
[INFO DPL-0303] Running algorithm for independent set matching.
[INFO DPL-0300] Set matching objective is wirelength.
[INFO DPL-0301] Pass   1 of matching; objective is 4.507737e+09.
[INFO DPL-0302] End of matching; objective is 4.506558e+09, improvement is 0.03 percent.
[INFO DPL-0303] Running algorithm for global swaps.
[INFO DPL-0306] Pass   1 of global swaps; hpwl is 4.411343e+09.
[INFO DPL-0306] Pass   2 of global swaps; hpwl is 4.392784e+09.
[INFO DPL-0307] End of global swaps; objective is 4.392784e+09, improvement is 2.52 percent.
[INFO DPL-0303] Running algorithm for vertical swaps.
[INFO DPL-0308] Pass   1 of vertical swaps; hpwl is 4.376221e+09.
[INFO DPL-0309] End of vertical swaps; objective is 4.376221e+09, improvement is 0.38 percent.
[INFO DPL-0303] Running algorithm for reordering.
[INFO DPL-0304] Pass   1 of reordering; objective is 4.374811e+09.
[INFO DPL-0305] End of reordering; objective is 4.374811e+09, improvement is 0.03 percent.
[INFO DPL-0303] Running algorithm for random improvement.
[INFO DPL-0324] Random improver is using random generator.
[INFO DPL-0325] Random improver is using hpwl objective.
[INFO DPL-0326] Random improver cost string is (a).
[INFO DPL-0332] End of pass, Generator random called 2514320 times.
[INFO DPL-0335] Generator random, Cumulative attempts 2514320, swaps 126384, moves 1151581 since last reset.
[INFO DPL-0333] End of pass, Objective hpwl, Initial cost 4.357307e+09, Scratch cost 4.309133e+09, Incremental cost 4.309133e+09, Mismatch? N
[INFO DPL-0338] End of pass, Total cost is 4.309133e+09.
[INFO DPL-0327] Pass   1 of random improver; improvement in cost is 1.11 percent.
[INFO DPL-0332] End of pass, Generator random called 2514320 times.
[INFO DPL-0335] Generator random, Cumulative attempts 5028640, swaps 256837, moves 2282972 since last reset.
[INFO DPL-0333] End of pass, Objective hpwl, Initial cost 4.309133e+09, Scratch cost 4.289976e+09, Incremental cost 4.289976e+09, Mismatch? N
[INFO DPL-0338] End of pass, Total cost is 4.289976e+09.
[INFO DPL-0327] Pass   2 of random improver; improvement in cost is 0.44 percent.
[INFO DPL-0328] End of random improver; improvement is 1.545259 percent.
[INFO DPL-0380] Cell flipping.
[INFO DPL-0382] Changed 0 cell orientations for row compatibility.
[INFO DPL-0383] Performed 41109 cell flips.
[INFO DPL-0384] End of flipping; objective is 4.269504e+09, improvement is 0.88 percent.
[INFO DPL-0313] Found 0 cells in wrong regions.
[INFO DPL-0315] Found 0 row alignment problems.
[INFO DPL-0314] Found 0 site alignment problems.
[INFO DPL-0311] Found 0 overlaps between adjacent cells.
[INFO DPL-0312] Found 0 edge spacing violations and 0 padding violations.
Detailed Improvement Results
------------------------------------------
Original HPWL          2255516.0 u ( 1085325.3,  1170190.7)
Final HPWL             2138413.1 u ( 1050871.5,  1087541.5)
Delta HPWL                  -5.2 % (      -3.2,       -7.1)

Took 42 seconds: improve_placement -max_displacement "5 1"
optimize_mirroring
[INFO DPL-0020] Mirrored 10187 instances
[INFO DPL-0021] HPWL before          2138413.1 u
[INFO DPL-0022] HPWL after           2138119.6 u
[INFO DPL-0023] HPWL delta               -0.0 %
[INFO FLW-0012] Placement violations .
estimate_parasitics -placement
Report metrics stage 3, detailed place...

==========================================================================
detailed place report_design_area
--------------------------------------------------------------------------
Design area 167113 um^2 19% utilization.
write_db ./results/nangate45/x1_y2_kimi/base/3_5_place_dp.odb
write_sdc -no_timestamp ./results/nangate45/x1_y2_kimi/base/3_place.sdc
Elapsed time: 1:10.40[h:]min:sec. CPU time: user 77.44 sys 2.33 (113%). Peak memory: 1122524KB.
Log                       Ext     Elapsed/s Peak Memory/MB sha1sum result [0:20)
3_5_place_dp              .odb           70           1096 5fde08a0eaaed15135d5
cp ./results/nangate45/x1_y2_kimi/base/3_5_place_dp.odb ./results/nangate45/x1_y2_kimi/base/3_place.odb
/OpenROAD-flow-scripts/flow/scripts/flow.sh 4_1_cts cts
Running cts.tcl, stage 4_1_cts
read_liberty /OpenROAD-flow-scripts/flow/platforms/nangate45/lib/NangateOpenCellLibrary_typical.lib
read_db ./results/nangate45/x1_y2_kimi/base/3_place.odb
read_sdc ./results/nangate45/x1_y2_kimi/base/3_place.sdc
source /OpenROAD-flow-scripts/flow/platforms/nangate45/setRC.tcl
clock_tree_synthesis -sink_clustering_enable -repair_clock_nets
[INFO CTS-0050] Root buffer is CLKBUF_X3.
[INFO CTS-0051] Sink buffer is CLKBUF_X3.
[INFO CTS-0052] The following clock buffers will be used for CTS:
                    CLKBUF_X3
[INFO CTS-0049] Characterization buffer is CLKBUF_X3.
[INFO CTS-0007] Net "clk" found for clock "core_clock".
[INFO CTS-0010]  Clock net "clk" has 6213 sinks.
[INFO CTS-0008] TritonCTS found 1 clock nets.
[INFO CTS-0097] Characterization used 1 buffer(s) types.
[INFO CTS-0201] 0 blockages from hard placement blockages and placed macros will be used.
[INFO CTS-0027] Generating H-Tree topology for net clk.
[INFO CTS-0028]  Total number of sinks: 6213.
[INFO CTS-0090]  Sinks will be clustered based on buffer max cap.
[INFO CTS-0030]  Number of static layers: 0.
[INFO CTS-0020]  Wire segment unit: 14000  dbu (7 um).
[INFO CTS-0206] Best clustering solution was found from max clustering size of 7 and max clustering diameter of 109.
[INFO CTS-0019]  Total number of sinks after clustering: 1350.
[INFO CTS-0024]  Normalized sink region: [(0.741071, 1.174), (131.495, 132.6)].
[INFO CTS-0025]     Width:  130.7536.
[INFO CTS-0026]     Height: 131.4260.
 Level 1
    Direction: Vertical
    Sinks per sub-region: 675
    Sub-region size: 130.7536 X 65.7130
[INFO CTS-0034]     Segment length (rounded): 32.
 Level 2
    Direction: Horizontal
    Sinks per sub-region: 338
    Sub-region size: 65.3768 X 65.7130
[INFO CTS-0034]     Segment length (rounded): 32.
 Level 3
    Direction: Vertical
    Sinks per sub-region: 169
    Sub-region size: 65.3768 X 32.8565
[INFO CTS-0034]     Segment length (rounded): 16.
 Level 4
    Direction: Horizontal
    Sinks per sub-region: 85
    Sub-region size: 32.6884 X 32.8565
[INFO CTS-0034]     Segment length (rounded): 16.
 Level 5
    Direction: Vertical
    Sinks per sub-region: 43
    Sub-region size: 32.6884 X 16.4283
[INFO CTS-0034]     Segment length (rounded): 8.
 Level 6
    Direction: Horizontal
    Sinks per sub-region: 22
    Sub-region size: 16.3442 X 16.4283
[INFO CTS-0034]     Segment length (rounded): 8.
 Level 7
    Direction: Vertical
    Sinks per sub-region: 11
    Sub-region size: 16.3442 X 8.2141
[INFO CTS-0034]     Segment length (rounded): 4.
[INFO CTS-0038]  Stop criterion found. Sink region hpwl is smaller than max wirelength (591.189 um) and max number of sinks is 15.
[INFO CTS-0035]  Number of sinks covered: 1350.
[INFO CTS-0018]     Created 1501 clock buffers.
[INFO CTS-0012]     Minimum number of buffers in the clock path: 6.
[INFO CTS-0013]     Maximum number of buffers in the clock path: 6.
[INFO CTS-0015]     Created 1501 clock nets.
[INFO CTS-0016]     Fanout distribution for the current clock = 2:8, 3:102, 4:473, 5:608, 6:163, 7:7, 8:11, 9:22, 10:24, 11:18, 12:18, 13:10, 14:7, 15:2, 16:2, 17:2, 18:1..
[INFO CTS-0017]     Max level of the clock tree: 7.
[INFO CTS-0098] Clock net "clk"
[INFO CTS-0099]  Sinks 7323
[INFO CTS-0100]  Leaf buffers 1350
[INFO CTS-0101]  Average sink wire length 1641.54 um
[INFO CTS-0102]  Path depth 5 - 6
[INFO CTS-0207]  Dummy loads inserted 1110
[INFO RSZ-0047] Found 1 long wires.
[INFO RSZ-0048] Inserted 1 buffers in 1 nets.
[INFO CTS-0500] Runtime: 6.81s
Took 7 seconds: clock_tree_synthesis -sink_clustering_enable -repair_clock_nets
estimate_parasitics -placement
detailed_placement
[INFO DPL-0006] Core area: 866937.89 um^2
[INFO DPL-0007] Movable instances area: 168971.98 um^2
[INFO DPL-0008] Fixed instances area within core: 974.62 um^2
[INFO DPL-0009] Utilization: 19.6%
[INFO DPL-0005] Diamond search max displacement: +/- 500 sites horizontally, +/- 100 rows vertically.
[INFO DPL-1102] Legalizing using negotiation legalizer.
[INFO DPL-1103] Negotiation base search window: +/-20 sites horizontally, +/-5 rows vertically 
	Automatic search window extension enabled.
	Search window extendable up to the max displacement cap of +/-500 sites, +/-100 rows near walls.
[INFO DPL-1104] NegotiationLegalizer DRC penalty: 5.
[INFO DPL-0392] Negotiation cell height distribution (1 unique row-count(s)):
[INFO DPL-0393]   height 1 row(s): 131992 cells
          |      Total |  Illegal |  Illegal
Iteration | Violations |    Cells |    Sites
---------------------------------------------
        0 |          0 |         0 |         0
Negotiation phase 1 converged at iteration 0.
[INFO DPL-0500] Runtime: 1.06s
Placement Analysis
---------------------------------
total displacement      45860.8 u
average displacement        0.3 u
max displacement            6.7 u
original HPWL         2204871.4 u
legalized HPWL        2224680.0 u
delta HPWL                    1 %

estimate_parasitics -placement
repair_timing -setup_margin 0 -hold_margin 0 -repair_tns 100 -verbose
[INFO RSZ-0100] Repair move sequence: UnbufferMove SizeUpMove SwapPinsMove BufferMove CloneMove SplitLoadMove 
[INFO RSZ-0098] No setup violations found
[INFO RSZ-0505] Runtime: 3.33s
[INFO RSZ-0046] Found 1 endpoints with hold violations.
Iteration | Resized | Buffers | Cloned Gates |   Area   |   WNS   |   TNS   | Endpoint
--------------------------------------------------------------------------------------
        0 |       0 |       0 |            0 |    +0.0% |  -0.005 |  -0.005 | accum_bank[155][23]$_DFFE_PN0P_/D
    final |       0 |       1 |            0 |    +0.0% |   0.001 |   0.000 | accum_bank[198][23]$_DFFE_PN0P_/D
--------------------------------------------------------------------------------------
[INFO RSZ-0032] Inserted 1 hold buffers.
[INFO RSZ-0506] Runtime: 0.88s
Repair timing output passed lec test
detailed_placement
[INFO DPL-0006] Core area: 866937.89 um^2
[INFO DPL-0007] Movable instances area: 168972.78 um^2
[INFO DPL-0008] Fixed instances area within core: 974.62 um^2
[INFO DPL-0009] Utilization: 19.6%
[INFO DPL-0005] Diamond search max displacement: +/- 500 sites horizontally, +/- 100 rows vertically.
[INFO DPL-1102] Legalizing using negotiation legalizer.
[INFO DPL-1103] Negotiation base search window: +/-20 sites horizontally, +/-5 rows vertically 
	Automatic search window extension enabled.
	Search window extendable up to the max displacement cap of +/-500 sites, +/-100 rows near walls.
[INFO DPL-1104] NegotiationLegalizer DRC penalty: 5.
[INFO DPL-0392] Negotiation cell height distribution (1 unique row-count(s)):
[INFO DPL-0393]   height 1 row(s): 131993 cells
          |      Total |  Illegal |  Illegal
Iteration | Violations |    Cells |    Sites
---------------------------------------------
        0 |          0 |         0 |         0
Negotiation phase 1 converged at iteration 0.
[INFO DPL-0500] Runtime: 0.93s
Placement Analysis
---------------------------------
total displacement          2.1 u
average displacement        0.0 u
max displacement            2.1 u
original HPWL         2224679.7 u
legalized HPWL        2224682.3 u
delta HPWL                    0 %

Report metrics stage 4, cts final...

==========================================================================
cts final report_design_area
--------------------------------------------------------------------------
Design area 169947 um^2 20% utilization.
write_db ./results/nangate45/x1_y2_kimi/base/4_1_cts.odb
write_sdc -no_timestamp ./results/nangate45/x1_y2_kimi/base/4_cts.sdc
Elapsed time: 0:47.86[h:]min:sec. CPU time: user 61.40 sys 3.44 (135%). Peak memory: 1170032KB.
Log                       Ext     Elapsed/s Peak Memory/MB sha1sum result [0:20)
4_1_cts                   .odb           47           1142 6950d3ebd1ca61524fd3
cp ./results/nangate45/x1_y2_kimi/base/4_1_cts.odb ./results/nangate45/x1_y2_kimi/base/4_cts.odb
/OpenROAD-flow-scripts/flow/scripts/flow.sh 5_1_grt global_route
Running global_route.tcl, stage 5_1_grt
read_liberty /OpenROAD-flow-scripts/flow/platforms/nangate45/lib/NangateOpenCellLibrary_typical.lib
read_db ./results/nangate45/x1_y2_kimi/base/4_cts.odb
read_sdc ./results/nangate45/x1_y2_kimi/base/4_cts.sdc
source /OpenROAD-flow-scripts/flow/platforms/nangate45/setRC.tcl
pin_access
[INFO DRT-0149] Reading tech and libs.

Units:                2000
Number of layers:     21
Number of macros:     135
Number of vias:       33
Number of viarulegen: 19

[INFO DRT-0150] Reading design.
[WARNING DRT-0120] Large net net8831 has 118 pins which may impact routing performance. Consider optimization.
[WARNING DRT-0120] Large net net8818 has 104 pins which may impact routing performance. Consider optimization.
[WARNING DRT-0120] Large net net8815 has 107 pins which may impact routing performance. Consider optimization.
[WARNING DRT-0120] Large net net8844 has 101 pins which may impact routing performance. Consider optimization.
[WARNING DRT-0120] Large net net8596 has 139 pins which may impact routing performance. Consider optimization.
[WARNING DRT-0120] Large net net7401 has 105 pins which may impact routing performance. Consider optimization.
[WARNING DRT-0120] Large net net7414 has 106 pins which may impact routing performance. Consider optimization.
[WARNING DRT-0120] Large net net7304 has 102 pins which may impact routing performance. Consider optimization.
[WARNING DRT-0120] Large net net7342 has 104 pins which may impact routing performance. Consider optimization.
[WARNING DRT-0120] Large net net6137 has 118 pins which may impact routing performance. Consider optimization.
[WARNING DRT-0120] Large net net6133 has 108 pins which may impact routing performance. Consider optimization.
[WARNING DRT-0120] Large net net6125 has 111 pins which may impact routing performance. Consider optimization.
[WARNING DRT-0120] Large net net6074 has 103 pins which may impact routing performance. Consider optimization.
[WARNING DRT-0120] Large net net5965 has 112 pins which may impact routing performance. Consider optimization.
[WARNING DRT-0120] Large net net5931 has 104 pins which may impact routing performance. Consider optimization.
[WARNING DRT-0120] Large net net5911 has 124 pins which may impact routing performance. Consider optimization.
[WARNING DRT-0120] Large net net5915 has 106 pins which may impact routing performance. Consider optimization.
[WARNING DRT-0120] Large net net5913 has 120 pins which may impact routing performance. Consider optimization.
[WARNING DRT-0120] Large net net8669 has 134 pins which may impact routing performance. Consider optimization.
[WARNING DRT-0120] Large net net6186 has 105 pins which may impact routing performance. Consider optimization.
[WARNING DRT-0120] Large net net6095 has 117 pins which may impact routing performance. Consider optimization.
[WARNING DRT-0120] Large net net6045 has 122 pins which may impact routing performance. Consider optimization.
[WARNING DRT-0120] Large net net8680 has 102 pins which may impact routing performance. Consider optimization.
[WARNING DRT-0120] Large net net5983 has 110 pins which may impact routing performance. Consider optimization.
[WARNING DRT-0120] Large net net9464 has 138 pins which may impact routing performance. Consider optimization.
[WARNING DRT-0120] Large net net8641 has 128 pins which may impact routing performance. Consider optimization.

Design:                   x1_y2_kimi
Die area:                 ( 0 0 ) ( 1866960 1866960 )
Number of track patterns: 20
Number of DEF vias:       0
Number of components:     131993
Number of terminals:      212
Number of snets:          2
Number of nets:           133575

[INFO DRT-0167] List of default vias:
  Layer via2
    default via: via2_5
  Layer via3
    default via: via3_2
  Layer via4
    default via: via4_0
  Layer via5
    default via: via5_0
  Layer via6
    default via: via6_0
  Layer via7
    default via: via7_0
  Layer via8
    default via: via8_0
  Layer via9
    default via: via9_0
[INFO DRT-0162] Library cell analysis.
[INFO DRT-0163] Instance analysis.
  Complete 100000 instances.
[INFO DRT-0164] Number of unique instances = 153.
[INFO DRT-0168] Init region query.
[INFO DRT-0018]   Complete 100000 insts.
[INFO DRT-0024]   Complete active.
[INFO DRT-0024]   Complete Fr_VIA.
[INFO DRT-0024]   Complete metal1.
[INFO DRT-0024]   Complete via1.
[INFO DRT-0024]   Complete metal2.
[INFO DRT-0024]   Complete via2.
[INFO DRT-0024]   Complete metal3.
[INFO DRT-0024]   Complete via3.
[INFO DRT-0024]   Complete metal4.
[INFO DRT-0024]   Complete via4.
[INFO DRT-0024]   Complete metal5.
[INFO DRT-0024]   Complete via5.
[INFO DRT-0024]   Complete metal6.
[INFO DRT-0024]   Complete via6.
[INFO DRT-0024]   Complete metal7.
[INFO DRT-0024]   Complete via7.
[INFO DRT-0024]   Complete metal8.
[INFO DRT-0024]   Complete via8.
[INFO DRT-0024]   Complete metal9.
[INFO DRT-0024]   Complete via9.
[INFO DRT-0024]   Complete metal10.
[INFO DRT-0033] active shape region query size = 0.
[INFO DRT-0033] FR_VIA shape region query size = 0.
[INFO DRT-0033] metal1 shape region query size = 2060170.
[INFO DRT-0033] via1 shape region query size = 33966.
[INFO DRT-0033] metal2 shape region query size = 22644.
[INFO DRT-0033] via2 shape region query size = 33966.
[INFO DRT-0033] metal3 shape region query size = 22644.
[INFO DRT-0033] via3 shape region query size = 33966.
[INFO DRT-0033] metal4 shape region query size = 12410.
[INFO DRT-0033] via4 shape region query size = 10540.
[INFO DRT-0033] metal5 shape region query size = 2240.
[INFO DRT-0033] via5 shape region query size = 10540.
[INFO DRT-0033] metal6 shape region query size = 2186.
[INFO DRT-0033] via6 shape region query size = 4216.
[INFO DRT-0033] metal7 shape region query size = 1178.
[INFO DRT-0033] via7 shape region query size = 0.
[INFO DRT-0033] metal8 shape region query size = 0.
[INFO DRT-0033] via8 shape region query size = 0.
[INFO DRT-0033] metal9 shape region query size = 0.
[INFO DRT-0033] via9 shape region query size = 0.
[INFO DRT-0033] metal10 shape region query size = 0.
[INFO DRT-0165] Start pin access.
[INFO DRT-0078]   Complete 910 pins.
[INFO DRT-0079]   Complete 100 unique inst patterns.
[INFO DRT-0081]   Complete 153 unique inst patterns.
[INFO DRT-0082]   Complete 10000 groups.
[INFO DRT-0082]   Complete 20000 groups.
[INFO DRT-0082]   Complete 30000 groups.
[INFO DRT-0082]   Complete 40000 groups.
[INFO DRT-0082]   Complete 50000 groups.
[INFO DRT-0082]   Complete 60000 groups.
[INFO DRT-0082]   Complete 70000 groups.
[INFO DRT-0082]   Complete 80000 groups.
[INFO DRT-0084]   Complete 82775 groups.
#scanned instances     = 131993
#unique  instances     = 153
#stdCellGenAp          = 5633
#stdCellValidPlanarAp  = 0
#stdCellValidViaAp     = 3902
#stdCellPinNoAp        = 0
#stdCellPinCnt         = 467721
#instTermValidViaApCnt = 0
#macroGenAp            = 0
#macroValidPlanarAp    = 0
#macroValidViaAp       = 0
#macroNoAp             = 0
[INFO DRT-0166] Complete pin access.
[INFO DRT-0267] cpu time = 00:03:11, elapsed time = 00:01:04, memory = 522.13 (MB), peak = 572.37 (MB)
Took 66 seconds: pin_access
global_route -congestion_report_file ./reports/nangate45/x1_y2_kimi/base/congestion.rpt -congestion_iterations 30 -congestion_report_iter_step 5 -verbose
[INFO GRT-0020] Min routing layer: metal2
[INFO GRT-0021] Max routing layer: metal10
[INFO GRT-0022] Global adjustment: 0%
[INFO GRT-0023] Grid origin: (0, 0)
[INFO GRT-0088] Layer metal1  Track-Pitch = 0.1400  line-2-Via Pitch: 0.1350
[INFO GRT-0088] Layer metal2  Track-Pitch = 0.1900  line-2-Via Pitch: 0.1400
[INFO GRT-0088] Layer metal3  Track-Pitch = 0.1400  line-2-Via Pitch: 0.1400
[INFO GRT-0088] Layer metal4  Track-Pitch = 0.2800  line-2-Via Pitch: 0.2800
[INFO GRT-0088] Layer metal5  Track-Pitch = 0.2800  line-2-Via Pitch: 0.2800
[INFO GRT-0088] Layer metal6  Track-Pitch = 0.2800  line-2-Via Pitch: 0.2800
[INFO GRT-0088] Layer metal7  Track-Pitch = 0.8000  line-2-Via Pitch: 0.8000
[INFO GRT-0088] Layer metal8  Track-Pitch = 0.8000  line-2-Via Pitch: 0.8000
[INFO GRT-0088] Layer metal9  Track-Pitch = 1.6000  line-2-Via Pitch: 1.6000
[INFO GRT-0088] Layer metal10 Track-Pitch = 1.6000  line-2-Via Pitch: 1.6000
[INFO GRT-0003] Macros: 0
[INFO GRT-0004] Blockages: 0
[INFO GRT-0019] Found 1503 clock nets.
[INFO GRT-0001] Minimum degree: 2
[INFO GRT-0002] Maximum degree: 139

[INFO GRT-0053] Routing resources analysis:
          Routing      Original      Derated      Resource
Layer     Direction    Resources     Resources    Reduction (%)
---------------------------------------------------------------
metal1     Horizontal          0             0          0.00%
metal2     Vertical      1567082        736108          53.03%
metal3     Horizontal    2161559       1060119          50.96%
metal4     Vertical      1063412        751756          29.31%
metal5     Horizontal    1081172        762298          29.49%
metal6     Vertical      1084580        765254          29.44%
metal7     Horizontal     332520        234394          29.51%
metal8     Vertical       380116        273188          28.13%
metal9     Horizontal     190058        106928          43.74%
metal10    Vertical       190058        106928          43.74%
---------------------------------------------------------------

[INFO GRT-0197] Via related to pin nodes: 764695
[INFO GRT-0198] Via related Steiner nodes: 17887
[INFO GRT-0199] Via filling finished.
[INFO GRT-0111] Final number of vias: 962935
[INFO GRT-0112] Final usage 3D: 3845706

[INFO GRT-0096] Final congestion report:
Layer         Resource        Demand        Usage (%)    Max H / Max V / Total Congestion
---------------------------------------------------------------------------------------
metal1               0             0            0.00%             0 /  0 /  0
metal2          736108        316080           42.94%             0 /  0 /  0
metal3         1060119        389267           36.72%             0 /  0 /  0
metal4          751756        160761           21.38%             0 /  0 /  0
metal5          762298         76787           10.07%             0 /  0 /  0
metal6          765254         12473            1.63%             0 /  0 /  0
metal7          234394          1400            0.60%             0 /  0 /  0
metal8          273188             7            0.00%             0 /  0 /  0
metal9          106928           126            0.12%             0 /  0 /  0
metal10         106928             0            0.00%             0 /  0 /  0
---------------------------------------------------------------------------------------
Total          4796973        956901           19.95%             0 /  0 /  0

[INFO GRT-0018] Total wirelength: 3705236 um
[INFO GRT-0014] Routed nets: 127374
[INFO GRT-0303] Global routing runtime = 00:00:08
Took 9 seconds: global_route -congestion_report_file ./reports/nangate45/x1_y2_kimi/base/congestion.rpt -congestion_iterations 30 -congestion_report_iter_step 5 -verbose
estimate_parasitics -global_routing
Perform buffer insertion and gate resizing...
repair_design -verbose
Iteration |   Area    | Resized | Buffers | Nets repaired | Remaining
---------------------------------------------------------------------
        0 |     +0.0% |       0 |       0 |             0 |    134685
     1000 |     +0.0% |       0 |       0 |             0 |    133685
     2000 |     +0.0% |       0 |       0 |             0 |    132685
     3000 |     +0.0% |       0 |       0 |             0 |    131685
     4000 |     +0.0% |       0 |       0 |             0 |    130685
     5000 |     +0.0% |       0 |       0 |             0 |    129685
     6000 |     +0.0% |       0 |       0 |             0 |    128685
     7000 |     +0.0% |       0 |       0 |             0 |    127685
     8000 |     +0.0% |       0 |       0 |             0 |    126685
     9000 |     +0.0% |       0 |       0 |             0 |    125685
    10000 |     +0.0% |       0 |       0 |             0 |    124685
    11000 |     +0.0% |       0 |       0 |             0 |    123685
    12000 |     +0.0% |       0 |       0 |             0 |    122685
    13000 |     +0.0% |       0 |       0 |             0 |    121685
    14000 |     +0.0% |       0 |       0 |             0 |    120685
    15000 |     +0.0% |       0 |       0 |             0 |    119685
    16000 |     +0.0% |       0 |       0 |             0 |    118685
    17000 |     +0.0% |       0 |       0 |             0 |    117685
    18000 |     +0.0% |       0 |       0 |             0 |    116685
    19000 |     +0.0% |       0 |       0 |             0 |    115685
    20000 |     +0.0% |       0 |       0 |             1 |    114685
    21000 |     +0.0% |       0 |       0 |             1 |    113685
    22000 |     +0.0% |       0 |       0 |             1 |    112685
    23000 |     +0.0% |       0 |       0 |             1 |    111685
    24000 |     +0.0% |       0 |       0 |             1 |    110685
    25000 |     +0.0% |       0 |       0 |             1 |    109685
    26000 |     +0.0% |       0 |       0 |             1 |    108685
    27000 |     +0.0% |       0 |       0 |             1 |    107685
    28000 |     +0.0% |       0 |       0 |             1 |    106685
    29000 |     +0.0% |       0 |       0 |             1 |    105685
    30000 |     +0.0% |       0 |       0 |             1 |    104685
    31000 |     +0.0% |       0 |       0 |             2 |    103685
    32000 |     +0.0% |       0 |       0 |             2 |    102685
    33000 |     +0.0% |       0 |       1 |             3 |    101685
    34000 |     +0.0% |       0 |       1 |             4 |    100685
    35000 |     +0.0% |       0 |       3 |             6 |     99685
    36000 |     +0.0% |       0 |       3 |             6 |     98685
    37000 |     +0.0% |       0 |       3 |             6 |     97685
    38000 |     +0.0% |       0 |       3 |             6 |     96685
    39000 |     +0.0% |       0 |       3 |             6 |     95685
    40000 |     +0.0% |       0 |       3 |             6 |     94685
    41000 |     +0.0% |       0 |       3 |             7 |     93685
    42000 |     +0.0% |       0 |       4 |             9 |     92685
    43000 |     +0.0% |       0 |       4 |             9 |     91685
    44000 |     +0.0% |       0 |       4 |             9 |     90685
    45000 |     +0.0% |       0 |       4 |             9 |     89685
    46000 |     +0.0% |       0 |       4 |             9 |     88685
    47000 |     +0.0% |       0 |       4 |             9 |     87685
    48000 |     +0.0% |       0 |       5 |            11 |     86685
    49000 |     +0.0% |       0 |       5 |            11 |     85685
    50000 |     +0.0% |       0 |       5 |            12 |     84685
    51000 |     +0.0% |       0 |       5 |            12 |     83685
    52000 |     +0.0% |       0 |       6 |            13 |     82685
    53000 |     +0.0% |       0 |       6 |            13 |     81685
    54000 |     +0.0% |       0 |       6 |            13 |     80685
    55000 |     +0.0% |       0 |       6 |            13 |     79685
    56000 |     +0.0% |       0 |       6 |            13 |     78685
    57000 |     +0.0% |       0 |       6 |            14 |     77685
    58000 |     +0.0% |       0 |       6 |            14 |     76685
    59000 |     +0.0% |       0 |       6 |            14 |     75685
    60000 |     +0.0% |       0 |       6 |            14 |     74685
    61000 |     +0.0% |       0 |       6 |            14 |     73685
    62000 |     +0.0% |       0 |       6 |            14 |     72685
    63000 |     +0.0% |       0 |       6 |            14 |     71685
    64000 |     +0.0% |       0 |       6 |            14 |     70685
    65000 |     +0.0% |       0 |       6 |            14 |     69685
    66000 |     +0.0% |       0 |       6 |            14 |     68685
    67000 |     +0.0% |       0 |       6 |            14 |     67685
    68000 |     +0.0% |       0 |       6 |            14 |     66685
    69000 |     +0.0% |       0 |       6 |            14 |     65685
    70000 |     +0.0% |       0 |       6 |            14 |     64685
    71000 |     +0.0% |       0 |       6 |            14 |     63685
    72000 |     +0.0% |       0 |       6 |            14 |     62685
    73000 |     +0.0% |       0 |       6 |            14 |     61685
    74000 |     +0.0% |       0 |       6 |            14 |     60685
    75000 |     +0.0% |       0 |       7 |            15 |     59685
    76000 |     +0.0% |       0 |       7 |            15 |     58685
    77000 |     +0.0% |       0 |       7 |            15 |     57685
    78000 |     +0.0% |       0 |       7 |            15 |     56685
    79000 |     +0.0% |       0 |       7 |            15 |     55685
    80000 |     +0.0% |       0 |       7 |            15 |     54685
    81000 |     +0.0% |       0 |       7 |            15 |     53685
    82000 |     +0.0% |       0 |       7 |            15 |     52685
    83000 |     +0.0% |       0 |       7 |            15 |     51685
    84000 |     +0.0% |       0 |       7 |            15 |     50685
    85000 |     +0.0% |       0 |       8 |            16 |     49685
    86000 |     +0.0% |       0 |       8 |            16 |     48685
    87000 |     +0.0% |       0 |       8 |            16 |     47685
    88000 |     +0.0% |       0 |       8 |            16 |     46685
    89000 |     +0.0% |       0 |       8 |            16 |     45685
    90000 |     +0.0% |       0 |       8 |            16 |     44685
    91000 |     +0.0% |       0 |       8 |            16 |     43685
    92000 |     +0.0% |       0 |       8 |            16 |     42685
    93000 |     +0.0% |       0 |       8 |            16 |     41685
    94000 |     +0.0% |       0 |       8 |            16 |     40685
    95000 |     +0.0% |       0 |       8 |            16 |     39685
    96000 |     +0.0% |       0 |       8 |            16 |     38685
    97000 |     +0.0% |       0 |       8 |            16 |     37685
    98000 |     +0.0% |       0 |       8 |            16 |     36685
[WARNING RSZ-0104] Net _129246_ only has one pin. Check if it is intended to be dangling.
[WARNING RSZ-0104] Net _135235_ only has one pin. Check if it is intended to be dangling.
[WARNING RSZ-0104] Net _131586_ only has one pin. Check if it is intended to be dangling.
[WARNING RSZ-0104] Net _131585_ only has one pin. Check if it is intended to be dangling.
[WARNING RSZ-0104] Net _131584_ only has one pin. Check if it is intended to be dangling.
[WARNING RSZ-0104] Net _131583_ only has one pin. Check if it is intended to be dangling.
[WARNING RSZ-0104] Net _131582_ only has one pin. Check if it is intended to be dangling.
[WARNING RSZ-0104] Net _131581_ only has one pin. Check if it is intended to be dangling.
[WARNING RSZ-0104] Net _131580_ only has one pin. Check if it is intended to be dangling.
[WARNING RSZ-0104] Net _131579_ only has one pin. Check if it is intended to be dangling.
[WARNING RSZ-0104] Net _129259_ only has one pin. Check if it is intended to be dangling.
[WARNING RSZ-0104] Net _131599_ only has one pin. Check if it is intended to be dangling.
[WARNING RSZ-0104] Net _131598_ only has one pin. Check if it is intended to be dangling.
[WARNING RSZ-0104] Net _131597_ only has one pin. Check if it is intended to be dangling.
[WARNING RSZ-0104] Net _131578_ only has one pin. Check if it is intended to be dangling.
[WARNING RSZ-0104] Net _131596_ only has one pin. Check if it is intended to be dangling.
[WARNING RSZ-0104] Net _131595_ only has one pin. Check if it is intended to be dangling.
[WARNING RSZ-0104] Net _131594_ only has one pin. Check if it is intended to be dangling.
[WARNING RSZ-0104] Net _131593_ only has one pin. Check if it is intended to be dangling.
[WARNING RSZ-0104] Net _131592_ only has one pin. Check if it is intended to be dangling.
[WARNING RSZ-0104] Net _131591_ only has one pin. Check if it is intended to be dangling.
[WARNING RSZ-0104] Net _131590_ only has one pin. Check if it is intended to be dangling.
[WARNING RSZ-0104] Net _131589_ only has one pin. Check if it is intended to be dangling.
[WARNING RSZ-0104] Net _131588_ only has one pin. Check if it is intended to be dangling.
[WARNING RSZ-0104] Net _131587_ only has one pin. Check if it is intended to be dangling.
[WARNING RSZ-0104] Net _131577_ only has one pin. Check if it is intended to be dangling.
[WARNING RSZ-0104] Net _129157_ only has one pin. Check if it is intended to be dangling.
[WARNING RSZ-0104] Net _129302_ only has one pin. Check if it is intended to be dangling.
[WARNING RSZ-0104] Net _129301_ only has one pin. Check if it is intended to be dangling.
[WARNING RSZ-0104] Net _129300_ only has one pin. Check if it is intended to be dangling.
[WARNING RSZ-0104] Net _129299_ only has one pin. Check if it is intended to be dangling.
[WARNING RSZ-0104] Net _129298_ only has one pin. Check if it is intended to be dangling.
[WARNING RSZ-0104] Net _129297_ only has one pin. Check if it is intended to be dangling.
[WARNING RSZ-0104] Net _129296_ only has one pin. Check if it is intended to be dangling.
[WARNING RSZ-0104] Net _131437_ only has one pin. Check if it is intended to be dangling.
[WARNING RSZ-0104] Net _131436_ only has one pin. Check if it is intended to be dangling.
[WARNING RSZ-0104] Net _131435_ only has one pin. Check if it is intended to be dangling.
[WARNING RSZ-0104] Net _131434_ only has one pin. Check if it is intended to be dangling.
[WARNING RSZ-0104] Net _131433_ only has one pin. Check if it is intended to be dangling.
[WARNING RSZ-0104] Net _131432_ only has one pin. Check if it is intended to be dangling.
[WARNING RSZ-0104] Net _131431_ only has one pin. Check if it is intended to be dangling.
[WARNING RSZ-0104] Net _131430_ only has one pin. Check if it is intended to be dangling.
[WARNING RSZ-0104] Net _131429_ only has one pin. Check if it is intended to be dangling.
[WARNING RSZ-0104] Net _129252_ only has one pin. Check if it is intended to be dangling.
[WARNING RSZ-0104] Net _131438_ only has one pin. Check if it is intended to be dangling.
[WARNING RSZ-0104] Net _129283_ only has one pin. Check if it is intended to be dangling.
[WARNING RSZ-0104] Net _131381_ only has one pin. Check if it is intended to be dangling.
[WARNING RSZ-0104] Net _131380_ only has one pin. Check if it is intended to be dangling.
[WARNING RSZ-0104] Net _131379_ only has one pin. Check if it is intended to be dangling.
[WARNING RSZ-0104] Net _131378_ only has one pin. Check if it is intended to be dangling.
[WARNING RSZ-0104] Net _131377_ only has one pin. Check if it is intended to be dangling.
[WARNING RSZ-0104] Net _131376_ only has one pin. Check if it is intended to be dangling.
[WARNING RSZ-0104] Net _131375_ only has one pin. Check if it is intended to be dangling.
[WARNING RSZ-0104] Net _131374_ only has one pin. Check if it is intended to be dangling.
[WARNING RSZ-0104] Net _131373_ only has one pin. Check if it is intended to be dangling.
[WARNING RSZ-0104] Net _129249_ only has one pin. Check if it is intended to be dangling.
[WARNING RSZ-0104] Net _131382_ only has one pin. Check if it is intended to be dangling.
    99000 |     +0.0% |       0 |       8 |            16 |     35685
[WARNING RSZ-0104] Net _130117_ only has one pin. Check if it is intended to be dangling.
[WARNING RSZ-0104] Net _130116_ only has one pin. Check if it is intended to be dangling.
[WARNING RSZ-0104] Net _130115_ only has one pin. Check if it is intended to be dangling.
[WARNING RSZ-0104] Net _130114_ only has one pin. Check if it is intended to be dangling.
[WARNING RSZ-0104] Net _130113_ only has one pin. Check if it is intended to be dangling.
[WARNING RSZ-0104] Net _130112_ only has one pin. Check if it is intended to be dangling.
[WARNING RSZ-0104] Net _130111_ only has one pin. Check if it is intended to be dangling.
[WARNING RSZ-0104] Net _130110_ only has one pin. Check if it is intended to be dangling.
[WARNING RSZ-0104] Net _129193_ only has one pin. Check if it is intended to be dangling.
[WARNING RSZ-0104] Net _130130_ only has one pin. Check if it is intended to be dangling.
[WARNING RSZ-0104] Net _130129_ only has one pin. Check if it is intended to be dangling.
[WARNING RSZ-0104] Net _130128_ only has one pin. Check if it is intended to be dangling.
[WARNING RSZ-0104] Net _130109_ only has one pin. Check if it is intended to be dangling.
[WARNING RSZ-0104] Net _130127_ only has one pin. Check if it is intended to be dangling.
[WARNING RSZ-0104] Net _130126_ only has one pin. Check if it is intended to be dangling.
[WARNING RSZ-0104] Net _130125_ only has one pin. Check if it is intended to be dangling.
[WARNING RSZ-0104] Net _130124_ only has one pin. Check if it is intended to be dangling.
[WARNING RSZ-0104] Net _130123_ only has one pin. Check if it is intended to be dangling.
[WARNING RSZ-0104] Net _130122_ only has one pin. Check if it is intended to be dangling.
[WARNING RSZ-0104] Net _130121_ only has one pin. Check if it is intended to be dangling.
[WARNING RSZ-0104] Net _130120_ only has one pin. Check if it is intended to be dangling.
[WARNING RSZ-0104] Net _130119_ only has one pin. Check if it is intended to be dangling.
[WARNING RSZ-0104] Net _130118_ only has one pin. Check if it is intended to be dangling.
[WARNING RSZ-0104] Net _130108_ only has one pin. Check if it is intended to be dangling.
[WARNING RSZ-0104] Net _134369_ only has one pin. Check if it is intended to be dangling.
[WARNING RSZ-0104] Net _134368_ only has one pin. Check if it is intended to be dangling.
[WARNING RSZ-0104] Net _134367_ only has one pin. Check if it is intended to be dangling.
[WARNING RSZ-0104] Net _134366_ only has one pin. Check if it is intended to be dangling.
[WARNING RSZ-0104] Net _134365_ only has one pin. Check if it is intended to be dangling.
[WARNING RSZ-0104] Net _134364_ only has one pin. Check if it is intended to be dangling.
[WARNING RSZ-0104] Net _134363_ only has one pin. Check if it is intended to be dangling.
[WARNING RSZ-0104] Net _134362_ only has one pin. Check if it is intended to be dangling.
[WARNING RSZ-0104] Net _129119_ only has one pin. Check if it is intended to be dangling.
[WARNING RSZ-0104] Net _134382_ only has one pin. Check if it is intended to be dangling.
[WARNING RSZ-0104] Net _134381_ only has one pin. Check if it is intended to be dangling.
[WARNING RSZ-0104] Net _134380_ only has one pin. Check if it is intended to be dangling.
[WARNING RSZ-0104] Net _134361_ only has one pin. Check if it is intended to be dangling.
[WARNING RSZ-0104] Net _134379_ only has one pin. Check if it is intended to be dangling.
[WARNING RSZ-0104] Net _134378_ only has one pin. Check if it is intended to be dangling.
[WARNING RSZ-0104] Net _134377_ only has one pin. Check if it is intended to be dangling.
[WARNING RSZ-0104] Net _134376_ only has one pin. Check if it is intended to be dangling.
[WARNING RSZ-0104] Net _134375_ only has one pin. Check if it is intended to be dangling.
[WARNING RSZ-0104] Net _134374_ only has one pin. Check if it is intended to be dangling.
[WARNING RSZ-0104] Net _134373_ only has one pin. Check if it is intended to be dangling.
[WARNING RSZ-0104] Net _134372_ only has one pin. Check if it is intended to be dangling.
[WARNING RSZ-0104] Net _134371_ only has one pin. Check if it is intended to be dangling.
[WARNING RSZ-0104] Net _134370_ only has one pin. Check if it is intended to be dangling.
[WARNING RSZ-0104] Net _134360_ only has one pin. Check if it is intended to be dangling.
[WARNING RSZ-0104] Net _130807_ only has one pin. Check if it is intended to be dangling.
[WARNING RSZ-0104] Net _130806_ only has one pin. Check if it is intended to be dangling.
[WARNING RSZ-0104] Net _130805_ only has one pin. Check if it is intended to be dangling.
[WARNING RSZ-0104] Net _130804_ only has one pin. Check if it is intended to be dangling.
[WARNING RSZ-0104] Net _130803_ only has one pin. Check if it is intended to be dangling.
[WARNING RSZ-0104] Net _130802_ only has one pin. Check if it is intended to be dangling.
[WARNING RSZ-0104] Net _130801_ only has one pin. Check if it is intended to be dangling.
[WARNING RSZ-0104] Net _130800_ only has one pin. Check if it is intended to be dangling.
[WARNING RSZ-0104] Net _129223_ only has one pin. Check if it is intended to be dangling.
[WARNING RSZ-0104] Net _130820_ only has one pin. Check if it is intended to be dangling.
[WARNING RSZ-0104] Net _130819_ only has one pin. Check if it is intended to be dangling.
[WARNING RSZ-0104] Net _130818_ only has one pin. Check if it is intended to be dangling.
[WARNING RSZ-0104] Net _130799_ only has one pin. Check if it is intended to be dangling.
[WARNING RSZ-0104] Net _130817_ only has one pin. Check if it is intended to be dangling.
[WARNING RSZ-0104] Net _130816_ only has one pin. Check if it is intended to be dangling.
[WARNING RSZ-0104] Net _130815_ only has one pin. Check if it is intended to be dangling.
[WARNING RSZ-0104] Net _130814_ only has one pin. Check if it is intended to be dangling.
[WARNING RSZ-0104] Net _130813_ only has one pin. Check if it is intended to be dangling.
[WARNING RSZ-0104] Net _130812_ only has one pin. Check if it is intended to be dangling.
[WARNING RSZ-0104] Net _130811_ only has one pin. Check if it is intended to be dangling.
[WARNING RSZ-0104] Net _130810_ only has one pin. Check if it is intended to be dangling.
[WARNING RSZ-0104] Net _130809_ only has one pin. Check if it is intended to be dangling.
[WARNING RSZ-0104] Net _130808_ only has one pin. Check if it is intended to be dangling.
[WARNING RSZ-0104] Net _130798_ only has one pin. Check if it is intended to be dangling.
[WARNING RSZ-0104] Net _132092_ only has one pin. Check if it is intended to be dangling.
[WARNING RSZ-0104] Net _132091_ only has one pin. Check if it is intended to be dangling.
[WARNING RSZ-0104] Net _132090_ only has one pin. Check if it is intended to be dangling.
[WARNING RSZ-0104] Net _132089_ only has one pin. Check if it is intended to be dangling.
[WARNING RSZ-0104] Net _132088_ only has one pin. Check if it is intended to be dangling.
[WARNING RSZ-0104] Net _132087_ only has one pin. Check if it is intended to be dangling.
[WARNING RSZ-0104] Net _132086_ only has one pin. Check if it is intended to be dangling.
[WARNING RSZ-0104] Net _132085_ only has one pin. Check if it is intended to be dangling.
[WARNING RSZ-0104] Net _129281_ only has one pin. Check if it is intended to be dangling.
[WARNING RSZ-0104] Net _132105_ only has one pin. Check if it is intended to be dangling.
[WARNING RSZ-0104] Net _132104_ only has one pin. Check if it is intended to be dangling.
[WARNING RSZ-0104] Net _132103_ only has one pin. Check if it is intended to be dangling.
[WARNING RSZ-0104] Net _132084_ only has one pin. Check if it is intended to be dangling.
[WARNING RSZ-0104] Net _132102_ only has one pin. Check if it is intended to be dangling.
[WARNING RSZ-0104] Net _132101_ only has one pin. Check if it is intended to be dangling.
[WARNING RSZ-0104] Net _132100_ only has one pin. Check if it is intended to be dangling.
[WARNING RSZ-0104] Net _132099_ only has one pin. Check if it is intended to be dangling.
[WARNING RSZ-0104] Net _132098_ only has one pin. Check if it is intended to be dangling.
[WARNING RSZ-0104] Net _132097_ only has one pin. Check if it is intended to be dangling.
[WARNING RSZ-0104] Net _132096_ only has one pin. Check if it is intended to be dangling.
[WARNING RSZ-0104] Net _132095_ only has one pin. Check if it is intended to be dangling.
[WARNING RSZ-0104] Net _132094_ only has one pin. Check if it is intended to be dangling.
[WARNING RSZ-0104] Net _132093_ only has one pin. Check if it is intended to be dangling.
[WARNING RSZ-0104] Net _132083_ only has one pin. Check if it is intended to be dangling.
[WARNING RSZ-0104] Net _132299_ only has one pin. Check if it is intended to be dangling.
[WARNING RSZ-0104] Net _132298_ only has one pin. Check if it is intended to be dangling.
[WARNING RSZ-0104] Net _132297_ only has one pin. Check if it is intended to be dangling.
[WARNING RSZ-0104] Net _132296_ only has one pin. Check if it is intended to be dangling.
[WARNING RSZ-0104] Net _132295_ only has one pin. Check if it is intended to be dangling.
[WARNING RSZ-0104] Net _132294_ only has one pin. Check if it is intended to be dangling.
[WARNING RSZ-0104] Net _132293_ only has one pin. Check if it is intended to be dangling.
[WARNING RSZ-0104] Net _132292_ only has one pin. Check if it is intended to be dangling.
[WARNING RSZ-0104] Net _129290_ only has one pin. Check if it is intended to be dangling.
[WARNING RSZ-0104] Net _132312_ only has one pin. Check if it is intended to be dangling.
[WARNING RSZ-0104] Net _132311_ only has one pin. Check if it is intended to be dangling.
[WARNING RSZ-0104] Net _132310_ only has one pin. Check if it is intended to be dangling.
[WARNING RSZ-0104] Net _132291_ only has one pin. Check if it is intended to be dangling.
[WARNING RSZ-0104] Net _132309_ only has one pin. Check if it is intended to be dangling.
[WARNING RSZ-0104] Net _132308_ only has one pin. Check if it is intended to be dangling.
[WARNING RSZ-0104] Net _132307_ only has one pin. Check if it is intended to be dangling.
[WARNING RSZ-0104] Net _132306_ only has one pin. Check if it is intended to be dangling.
[WARNING RSZ-0104] Net _132305_ only has one pin. Check if it is intended to be dangling.
[WARNING RSZ-0104] Net _132304_ only has one pin. Check if it is intended to be dangling.
[WARNING RSZ-0104] Net _132303_ only has one pin. Check if it is intended to be dangling.
[WARNING RSZ-0104] Net _132302_ only has one pin. Check if it is intended to be dangling.
[WARNING RSZ-0104] Net _132301_ only has one pin. Check if it is intended to be dangling.
[WARNING RSZ-0104] Net _132300_ only has one pin. Check if it is intended to be dangling.
[WARNING RSZ-0104] Net _132290_ only has one pin. Check if it is intended to be dangling.
[WARNING RSZ-0104] Net _132506_ only has one pin. Check if it is intended to be dangling.
[WARNING RSZ-0104] Net _132505_ only has one pin. Check if it is intended to be dangling.
[WARNING RSZ-0104] Net _132504_ only has one pin. Check if it is intended to be dangling.
[WARNING RSZ-0104] Net _132503_ only has one pin. Check if it is intended to be dangling.
[WARNING RSZ-0104] Net _132502_ only has one pin. Check if it is intended to be dangling.
[WARNING RSZ-0104] Net _132501_ only has one pin. Check if it is intended to be dangling.
[WARNING RSZ-0104] Net _132500_ only has one pin. Check if it is intended to be dangling.
[WARNING RSZ-0104] Net _132499_ only has one pin. Check if it is intended to be dangling.
[WARNING RSZ-0104] Net _129038_ only has one pin. Check if it is intended to be dangling.
[WARNING RSZ-0104] Net _132519_ only has one pin. Check if it is intended to be dangling.
[WARNING RSZ-0104] Net _132518_ only has one pin. Check if it is intended to be dangling.
[WARNING RSZ-0104] Net _132517_ only has one pin. Check if it is intended to be dangling.
[WARNING RSZ-0104] Net _132498_ only has one pin. Check if it is intended to be dangling.
[WARNING RSZ-0104] Net _132516_ only has one pin. Check if it is intended to be dangling.
[WARNING RSZ-0104] Net _132515_ only has one pin. Check if it is intended to be dangling.
[WARNING RSZ-0104] Net _132514_ only has one pin. Check if it is intended to be dangling.
[WARNING RSZ-0104] Net _132513_ only has one pin. Check if it is intended to be dangling.
[WARNING RSZ-0104] Net _132512_ only has one pin. Check if it is intended to be dangling.
[WARNING RSZ-0104] Net _132511_ only has one pin. Check if it is intended to be dangling.
[WARNING RSZ-0104] Net _132510_ only has one pin. Check if it is intended to be dangling.
[WARNING RSZ-0104] Net _132509_ only has one pin. Check if it is intended to be dangling.
[WARNING RSZ-0104] Net _132508_ only has one pin. Check if it is intended to be dangling.
[WARNING RSZ-0104] Net _132507_ only has one pin. Check if it is intended to be dangling.
[WARNING RSZ-0104] Net _132497_ only has one pin. Check if it is intended to be dangling.
[WARNING RSZ-0104] Net _132713_ only has one pin. Check if it is intended to be dangling.
[WARNING RSZ-0104] Net _132712_ only has one pin. Check if it is intended to be dangling.
[WARNING RSZ-0104] Net _132711_ only has one pin. Check if it is intended to be dangling.
[WARNING RSZ-0104] Net _132710_ only has one pin. Check if it is intended to be dangling.
[WARNING RSZ-0104] Net _132709_ only has one pin. Check if it is intended to be dangling.
[WARNING RSZ-0104] Net _132708_ only has one pin. Check if it is intended to be dangling.
[WARNING RSZ-0104] Net _132707_ only has one pin. Check if it is intended to be dangling.
[WARNING RSZ-0104] Net _132706_ only has one pin. Check if it is intended to be dangling.
[WARNING RSZ-0104] Net _129045_ only has one pin. Check if it is intended to be dangling.
[WARNING RSZ-0104] Net _132726_ only has one pin. Check if it is intended to be dangling.
[WARNING RSZ-0104] Net _132725_ only has one pin. Check if it is intended to be dangling.
[WARNING RSZ-0104] Net _132724_ only has one pin. Check if it is intended to be dangling.
[WARNING RSZ-0104] Net _132705_ only has one pin. Check if it is intended to be dangling.
[WARNING RSZ-0104] Net _132723_ only has one pin. Check if it is intended to be dangling.
[WARNING RSZ-0104] Net _132722_ only has one pin. Check if it is intended to be dangling.
[WARNING RSZ-0104] Net _132721_ only has one pin. Check if it is intended to be dangling.
[WARNING RSZ-0104] Net _132720_ only has one pin. Check if it is intended to be dangling.
[WARNING RSZ-0104] Net _132719_ only has one pin. Check if it is intended to be dangling.
[WARNING RSZ-0104] Net _132718_ only has one pin. Check if it is intended to be dangling.
[WARNING RSZ-0104] Net _132717_ only has one pin. Check if it is intended to be dangling.
[WARNING RSZ-0104] Net _132716_ only has one pin. Check if it is intended to be dangling.
[WARNING RSZ-0104] Net _132715_ only has one pin. Check if it is intended to be dangling.
[WARNING RSZ-0104] Net _132714_ only has one pin. Check if it is intended to be dangling.
[WARNING RSZ-0104] Net _132704_ only has one pin. Check if it is intended to be dangling.
[WARNING RSZ-0104] Net _132920_ only has one pin. Check if it is intended to be dangling.
[WARNING RSZ-0104] Net _132919_ only has one pin. Check if it is intended to be dangling.
[WARNING RSZ-0104] Net _132918_ only has one pin. Check if it is intended to be dangling.
[WARNING RSZ-0104] Net _132917_ only has one pin. Check if it is intended to be dangling.
[WARNING RSZ-0104] Net _132916_ only has one pin. Check if it is intended to be dangling.
[WARNING RSZ-0104] Net _132915_ only has one pin. Check if it is intended to be dangling.
[WARNING RSZ-0104] Net _132914_ only has one pin. Check if it is intended to be dangling.
[WARNING RSZ-0104] Net _132913_ only has one pin. Check if it is intended to be dangling.
[WARNING RSZ-0104] Net _129056_ only has one pin. Check if it is intended to be dangling.
[WARNING RSZ-0104] Net _132933_ only has one pin. Check if it is intended to be dangling.
[WARNING RSZ-0104] Net _132932_ only has one pin. Check if it is intended to be dangling.
[WARNING RSZ-0104] Net _132931_ only has one pin. Check if it is intended to be dangling.
[WARNING RSZ-0104] Net _132912_ only has one pin. Check if it is intended to be dangling.
[WARNING RSZ-0104] Net _132930_ only has one pin. Check if it is intended to be dangling.
[WARNING RSZ-0104] Net _132929_ only has one pin. Check if it is intended to be dangling.
[WARNING RSZ-0104] Net _132928_ only has one pin. Check if it is intended to be dangling.
[WARNING RSZ-0104] Net _132927_ only has one pin. Check if it is intended to be dangling.
[WARNING RSZ-0104] Net _132926_ only has one pin. Check if it is intended to be dangling.
[WARNING RSZ-0104] Net _132925_ only has one pin. Check if it is intended to be dangling.
[WARNING RSZ-0104] Net _132924_ only has one pin. Check if it is intended to be dangling.
[WARNING RSZ-0104] Net _132923_ only has one pin. Check if it is intended to be dangling.
[WARNING RSZ-0104] Net _132922_ only has one pin. Check if it is intended to be dangling.
[WARNING RSZ-0104] Net _132921_ only has one pin. Check if it is intended to be dangling.
[WARNING RSZ-0104] Net _132911_ only has one pin. Check if it is intended to be dangling.
[WARNING RSZ-0104] Net _133127_ only has one pin. Check if it is intended to be dangling.
[WARNING RSZ-0104] Net _133126_ only has one pin. Check if it is intended to be dangling.
[WARNING RSZ-0104] Net _133125_ only has one pin. Check if it is intended to be dangling.
[WARNING RSZ-0104] Net _133124_ only has one pin. Check if it is intended to be dangling.
[WARNING RSZ-0104] Net _133123_ only has one pin. Check if it is intended to be dangling.
[WARNING RSZ-0104] Net _133122_ only has one pin. Check if it is intended to be dangling.
[WARNING RSZ-0104] Net _133121_ only has one pin. Check if it is intended to be dangling.
[WARNING RSZ-0104] Net _133120_ only has one pin. Check if it is intended to be dangling.
[WARNING RSZ-0104] Net _129065_ only has one pin. Check if it is intended to be dangling.
[WARNING RSZ-0104] Net _133140_ only has one pin. Check if it is intended to be dangling.
[WARNING RSZ-0104] Net _133139_ only has one pin. Check if it is intended to be dangling.
[WARNING RSZ-0104] Net _133138_ only has one pin. Check if it is intended to be dangling.
[WARNING RSZ-0104] Net _133119_ only has one pin. Check if it is intended to be dangling.
[WARNING RSZ-0104] Net _133137_ only has one pin. Check if it is intended to be dangling.
[WARNING RSZ-0104] Net _133136_ only has one pin. Check if it is intended to be dangling.
[WARNING RSZ-0104] Net _133135_ only has one pin. Check if it is intended to be dangling.
[WARNING RSZ-0104] Net _133134_ only has one pin. Check if it is intended to be dangling.
[WARNING RSZ-0104] Net _133133_ only has one pin. Check if it is intended to be dangling.
[WARNING RSZ-0104] Net _133132_ only has one pin. Check if it is intended to be dangling.
[WARNING RSZ-0104] Net _133131_ only has one pin. Check if it is intended to be dangling.
[WARNING RSZ-0104] Net _133130_ only has one pin. Check if it is intended to be dangling.
[WARNING RSZ-0104] Net _133129_ only has one pin. Check if it is intended to be dangling.
[WARNING RSZ-0104] Net _133128_ only has one pin. Check if it is intended to be dangling.
[WARNING RSZ-0104] Net _133118_ only has one pin. Check if it is intended to be dangling.
[WARNING RSZ-0104] Net _133334_ only has one pin. Check if it is intended to be dangling.
[WARNING RSZ-0104] Net _133333_ only has one pin. Check if it is intended to be dangling.
[WARNING RSZ-0104] Net _133332_ only has one pin. Check if it is intended to be dangling.
[WARNING RSZ-0104] Net _133331_ only has one pin. Check if it is intended to be dangling.
[WARNING RSZ-0104] Net _133330_ only has one pin. Check if it is intended to be dangling.
[WARNING RSZ-0104] Net _133329_ only has one pin. Check if it is intended to be dangling.
[WARNING RSZ-0104] Net _133328_ only has one pin. Check if it is intended to be dangling.
[WARNING RSZ-0104] Net _133327_ only has one pin. Check if it is intended to be dangling.
[WARNING RSZ-0104] Net _129074_ only has one pin. Check if it is intended to be dangling.
[WARNING RSZ-0104] Net _133347_ only has one pin. Check if it is intended to be dangling.
[WARNING RSZ-0104] Net _133346_ only has one pin. Check if it is intended to be dangling.
[WARNING RSZ-0104] Net _133345_ only has one pin. Check if it is intended to be dangling.
[WARNING RSZ-0104] Net _133326_ only has one pin. Check if it is intended to be dangling.
[WARNING RSZ-0104] Net _133344_ only has one pin. Check if it is intended to be dangling.
[WARNING RSZ-0104] Net _133343_ only has one pin. Check if it is intended to be dangling.
[WARNING RSZ-0104] Net _133342_ only has one pin. Check if it is intended to be dangling.
[WARNING RSZ-0104] Net _133341_ only has one pin. Check if it is intended to be dangling.
[WARNING RSZ-0104] Net _133340_ only has one pin. Check if it is intended to be dangling.
[WARNING RSZ-0104] Net _133339_ only has one pin. Check if it is intended to be dangling.
[WARNING RSZ-0104] Net _133338_ only has one pin. Check if it is intended to be dangling.
[WARNING RSZ-0104] Net _133337_ only has one pin. Check if it is intended to be dangling.
[WARNING RSZ-0104] Net _133336_ only has one pin. Check if it is intended to be dangling.
[WARNING RSZ-0104] Net _133335_ only has one pin. Check if it is intended to be dangling.
[WARNING RSZ-0104] Net _133325_ only has one pin. Check if it is intended to be dangling.
[WARNING RSZ-0104] Net _133541_ only has one pin. Check if it is intended to be dangling.
[WARNING RSZ-0104] Net _133540_ only has one pin. Check if it is intended to be dangling.
[WARNING RSZ-0104] Net _133539_ only has one pin. Check if it is intended to be dangling.
[WARNING RSZ-0104] Net _133538_ only has one pin. Check if it is intended to be dangling.
[WARNING RSZ-0104] Net _133537_ only has one pin. Check if it is intended to be dangling.
[WARNING RSZ-0104] Net _133536_ only has one pin. Check if it is intended to be dangling.
[WARNING RSZ-0104] Net _133535_ only has one pin. Check if it is intended to be dangling.
[WARNING RSZ-0104] Net _133534_ only has one pin. Check if it is intended to be dangling.
[WARNING RSZ-0104] Net _129083_ only has one pin. Check if it is intended to be dangling.
[WARNING RSZ-0104] Net _133554_ only has one pin. Check if it is intended to be dangling.
[WARNING RSZ-0104] Net _133553_ only has one pin. Check if it is intended to be dangling.
[WARNING RSZ-0104] Net _133552_ only has one pin. Check if it is intended to be dangling.
[WARNING RSZ-0104] Net _133533_ only has one pin. Check if it is intended to be dangling.
[WARNING RSZ-0104] Net _133551_ only has one pin. Check if it is intended to be dangling.
[WARNING RSZ-0104] Net _133550_ only has one pin. Check if it is intended to be dangling.
[WARNING RSZ-0104] Net _133549_ only has one pin. Check if it is intended to be dangling.
[WARNING RSZ-0104] Net _133548_ only has one pin. Check if it is intended to be dangling.
[WARNING RSZ-0104] Net _133547_ only has one pin. Check if it is intended to be dangling.
[WARNING RSZ-0104] Net _133546_ only has one pin. Check if it is intended to be dangling.
[WARNING RSZ-0104] Net _133545_ only has one pin. Check if it is intended to be dangling.
[WARNING RSZ-0104] Net _133544_ only has one pin. Check if it is intended to be dangling.
[WARNING RSZ-0104] Net _133543_ only has one pin. Check if it is intended to be dangling.
[WARNING RSZ-0104] Net _133542_ only has one pin. Check if it is intended to be dangling.
[WARNING RSZ-0104] Net _133532_ only has one pin. Check if it is intended to be dangling.
[WARNING RSZ-0104] Net _130186_ only has one pin. Check if it is intended to be dangling.
[WARNING RSZ-0104] Net _130185_ only has one pin. Check if it is intended to be dangling.
[WARNING RSZ-0104] Net _130184_ only has one pin. Check if it is intended to be dangling.
[WARNING RSZ-0104] Net _130183_ only has one pin. Check if it is intended to be dangling.
[WARNING RSZ-0104] Net _130182_ only has one pin. Check if it is intended to be dangling.
[WARNING RSZ-0104] Net _130181_ only has one pin. Check if it is intended to be dangling.
[WARNING RSZ-0104] Net _130180_ only has one pin. Check if it is intended to be dangling.
[WARNING RSZ-0104] Net _130179_ only has one pin. Check if it is intended to be dangling.
[WARNING RSZ-0104] Net _129196_ only has one pin. Check if it is intended to be dangling.
[WARNING RSZ-0104] Net _130199_ only has one pin. Check if it is intended to be dangling.
[WARNING RSZ-0104] Net _130198_ only has one pin. Check if it is intended to be dangling.
[WARNING RSZ-0104] Net _130197_ only has one pin. Check if it is intended to be dangling.
[WARNING RSZ-0104] Net _130178_ only has one pin. Check if it is intended to be dangling.
[WARNING RSZ-0104] Net _130196_ only has one pin. Check if it is intended to be dangling.
[WARNING RSZ-0104] Net _130195_ only has one pin. Check if it is intended to be dangling.
[WARNING RSZ-0104] Net _130194_ only has one pin. Check if it is intended to be dangling.
[WARNING RSZ-0104] Net _130193_ only has one pin. Check if it is intended to be dangling.
[WARNING RSZ-0104] Net _130192_ only has one pin. Check if it is intended to be dangling.
[WARNING RSZ-0104] Net _130191_ only has one pin. Check if it is intended to be dangling.
[WARNING RSZ-0104] Net _130190_ only has one pin. Check if it is intended to be dangling.
[WARNING RSZ-0104] Net _130189_ only has one pin. Check if it is intended to be dangling.
[WARNING RSZ-0104] Net _130188_ only has one pin. Check if it is intended to be dangling.
[WARNING RSZ-0104] Net _130187_ only has one pin. Check if it is intended to be dangling.
[WARNING RSZ-0104] Net _130177_ only has one pin. Check if it is intended to be dangling.
[WARNING RSZ-0104] Net _133748_ only has one pin. Check if it is intended to be dangling.
[WARNING RSZ-0104] Net _133747_ only has one pin. Check if it is intended to be dangling.
[WARNING RSZ-0104] Net _133746_ only has one pin. Check if it is intended to be dangling.
[WARNING RSZ-0104] Net _133745_ only has one pin. Check if it is intended to be dangling.
[WARNING RSZ-0104] Net _133744_ only has one pin. Check if it is intended to be dangling.
[WARNING RSZ-0104] Net _133743_ only has one pin. Check if it is intended to be dangling.
[WARNING RSZ-0104] Net _133742_ only has one pin. Check if it is intended to be dangling.
[WARNING RSZ-0104] Net _133741_ only has one pin. Check if it is intended to be dangling.
[WARNING RSZ-0104] Net _129092_ only has one pin. Check if it is intended to be dangling.
[WARNING RSZ-0104] Net _133761_ only has one pin. Check if it is intended to be dangling.
[WARNING RSZ-0104] Net _133760_ only has one pin. Check if it is intended to be dangling.
[WARNING RSZ-0104] Net _133759_ only has one pin. Check if it is intended to be dangling.
[WARNING RSZ-0104] Net _133740_ only has one pin. Check if it is intended to be dangling.
[WARNING RSZ-0104] Net _133758_ only has one pin. Check if it is intended to be dangling.
[WARNING RSZ-0104] Net _133757_ only has one pin. Check if it is intended to be dangling.
[WARNING RSZ-0104] Net _133756_ only has one pin. Check if it is intended to be dangling.
[WARNING RSZ-0104] Net _133755_ only has one pin. Check if it is intended to be dangling.
[WARNING RSZ-0104] Net _133754_ only has one pin. Check if it is intended to be dangling.
[WARNING RSZ-0104] Net _133753_ only has one pin. Check if it is intended to be dangling.
   100000 |     +0.0% |       0 |       8 |            16 |     34685
[WARNING RSZ-0104] Net _133752_ only has one pin. Check if it is intended to be dangling.
[WARNING RSZ-0104] Net _133751_ only has one pin. Check if it is intended to be dangling.
[WARNING RSZ-0104] Net _133750_ only has one pin. Check if it is intended to be dangling.
[WARNING RSZ-0104] Net _133749_ only has one pin. Check if it is intended to be dangling.
[WARNING RSZ-0104] Net _133739_ only has one pin. Check if it is intended to be dangling.
[WARNING RSZ-0104] Net _133955_ only has one pin. Check if it is intended to be dangling.
[WARNING RSZ-0104] Net _133954_ only has one pin. Check if it is intended to be dangling.
[WARNING RSZ-0104] Net _133953_ only has one pin. Check if it is intended to be dangling.
[WARNING RSZ-0104] Net _133952_ only has one pin. Check if it is intended to be dangling.
[WARNING RSZ-0104] Net _133951_ only has one pin. Check if it is intended to be dangling.
[WARNING RSZ-0104] Net _133950_ only has one pin. Check if it is intended to be dangling.
[WARNING RSZ-0104] Net _133949_ only has one pin. Check if it is intended to be dangling.
[WARNING RSZ-0104] Net _133948_ only has one pin. Check if it is intended to be dangling.
[WARNING RSZ-0104] Net _129101_ only has one pin. Check if it is intended to be dangling.
[WARNING RSZ-0104] Net _133968_ only has one pin. Check if it is intended to be dangling.
[WARNING RSZ-0104] Net _133967_ only has one pin. Check if it is intended to be dangling.
[WARNING RSZ-0104] Net _133966_ only has one pin. Check if it is intended to be dangling.
[WARNING RSZ-0104] Net _133947_ only has one pin. Check if it is intended to be dangling.
[WARNING RSZ-0104] Net _133965_ only has one pin. Check if it is intended to be dangling.
[WARNING RSZ-0104] Net _133964_ only has one pin. Check if it is intended to be dangling.
[WARNING RSZ-0104] Net _133963_ only has one pin. Check if it is intended to be dangling.
[WARNING RSZ-0104] Net _133962_ only has one pin. Check if it is intended to be dangling.
[WARNING RSZ-0104] Net _133961_ only has one pin. Check if it is intended to be dangling.
[WARNING RSZ-0104] Net _133960_ only has one pin. Check if it is intended to be dangling.
[WARNING RSZ-0104] Net _133959_ only has one pin. Check if it is intended to be dangling.
[WARNING RSZ-0104] Net _133958_ only has one pin. Check if it is intended to be dangling.
[WARNING RSZ-0104] Net _133957_ only has one pin. Check if it is intended to be dangling.
[WARNING RSZ-0104] Net _133956_ only has one pin. Check if it is intended to be dangling.
[WARNING RSZ-0104] Net _133946_ only has one pin. Check if it is intended to be dangling.
[WARNING RSZ-0104] Net _134162_ only has one pin. Check if it is intended to be dangling.
[WARNING RSZ-0104] Net _134161_ only has one pin. Check if it is intended to be dangling.
[WARNING RSZ-0104] Net _134160_ only has one pin. Check if it is intended to be dangling.
[WARNING RSZ-0104] Net _134159_ only has one pin. Check if it is intended to be dangling.
[WARNING RSZ-0104] Net _134158_ only has one pin. Check if it is intended to be dangling.
[WARNING RSZ-0104] Net _134157_ only has one pin. Check if it is intended to be dangling.
[WARNING RSZ-0104] Net _134156_ only has one pin. Check if it is intended to be dangling.
[WARNING RSZ-0104] Net _134155_ only has one pin. Check if it is intended to be dangling.
[WARNING RSZ-0104] Net _129110_ only has one pin. Check if it is intended to be dangling.
[WARNING RSZ-0104] Net _134175_ only has one pin. Check if it is intended to be dangling.
[WARNING RSZ-0104] Net _134174_ only has one pin. Check if it is intended to be dangling.
[WARNING RSZ-0104] Net _134173_ only has one pin. Check if it is intended to be dangling.
[WARNING RSZ-0104] Net _134154_ only has one pin. Check if it is intended to be dangling.
[WARNING RSZ-0104] Net _134172_ only has one pin. Check if it is intended to be dangling.
[WARNING RSZ-0104] Net _134171_ only has one pin. Check if it is intended to be dangling.
[WARNING RSZ-0104] Net _134170_ only has one pin. Check if it is intended to be dangling.
[WARNING RSZ-0104] Net _134169_ only has one pin. Check if it is intended to be dangling.
[WARNING RSZ-0104] Net _134168_ only has one pin. Check if it is intended to be dangling.
[WARNING RSZ-0104] Net _134167_ only has one pin. Check if it is intended to be dangling.
[WARNING RSZ-0104] Net _134166_ only has one pin. Check if it is intended to be dangling.
[WARNING RSZ-0104] Net _134165_ only has one pin. Check if it is intended to be dangling.
[WARNING RSZ-0104] Net _134164_ only has one pin. Check if it is intended to be dangling.
[WARNING RSZ-0104] Net _134163_ only has one pin. Check if it is intended to be dangling.
[WARNING RSZ-0104] Net _134153_ only has one pin. Check if it is intended to be dangling.
[WARNING RSZ-0104] Net _129335_ only has one pin. Check if it is intended to be dangling.
[WARNING RSZ-0104] Net _129334_ only has one pin. Check if it is intended to be dangling.
[WARNING RSZ-0104] Net _129333_ only has one pin. Check if it is intended to be dangling.
[WARNING RSZ-0104] Net _129332_ only has one pin. Check if it is intended to be dangling.
[WARNING RSZ-0104] Net _129331_ only has one pin. Check if it is intended to be dangling.
[WARNING RSZ-0104] Net _129330_ only has one pin. Check if it is intended to be dangling.
[WARNING RSZ-0104] Net _129329_ only has one pin. Check if it is intended to be dangling.
[WARNING RSZ-0104] Net _129328_ only has one pin. Check if it is intended to be dangling.
[WARNING RSZ-0104] Net _129159_ only has one pin. Check if it is intended to be dangling.
[WARNING RSZ-0104] Net _129348_ only has one pin. Check if it is intended to be dangling.
[WARNING RSZ-0104] Net _129347_ only has one pin. Check if it is intended to be dangling.
[WARNING RSZ-0104] Net _129346_ only has one pin. Check if it is intended to be dangling.
[WARNING RSZ-0104] Net _129327_ only has one pin. Check if it is intended to be dangling.
[WARNING RSZ-0104] Net _129345_ only has one pin. Check if it is intended to be dangling.
[WARNING RSZ-0104] Net _129344_ only has one pin. Check if it is intended to be dangling.
[WARNING RSZ-0104] Net _129343_ only has one pin. Check if it is intended to be dangling.
[WARNING RSZ-0104] Net _129342_ only has one pin. Check if it is intended to be dangling.
[WARNING RSZ-0104] Net _129341_ only has one pin. Check if it is intended to be dangling.
[WARNING RSZ-0104] Net _129340_ only has one pin. Check if it is intended to be dangling.
[WARNING RSZ-0104] Net _129339_ only has one pin. Check if it is intended to be dangling.
[WARNING RSZ-0104] Net _129338_ only has one pin. Check if it is intended to be dangling.
[WARNING RSZ-0104] Net _129337_ only has one pin. Check if it is intended to be dangling.
[WARNING RSZ-0104] Net _129336_ only has one pin. Check if it is intended to be dangling.
[WARNING RSZ-0104] Net _129326_ only has one pin. Check if it is intended to be dangling.
[WARNING RSZ-0104] Net _129542_ only has one pin. Check if it is intended to be dangling.
[WARNING RSZ-0104] Net _129541_ only has one pin. Check if it is intended to be dangling.
[WARNING RSZ-0104] Net _129540_ only has one pin. Check if it is intended to be dangling.
[WARNING RSZ-0104] Net _129539_ only has one pin. Check if it is intended to be dangling.
[WARNING RSZ-0104] Net _129538_ only has one pin. Check if it is intended to be dangling.
[WARNING RSZ-0104] Net _129537_ only has one pin. Check if it is intended to be dangling.
[WARNING RSZ-0104] Net _129536_ only has one pin. Check if it is intended to be dangling.
[WARNING RSZ-0104] Net _129535_ only has one pin. Check if it is intended to be dangling.
[WARNING RSZ-0104] Net _129168_ only has one pin. Check if it is intended to be dangling.
[WARNING RSZ-0104] Net _129555_ only has one pin. Check if it is intended to be dangling.
[WARNING RSZ-0104] Net _129554_ only has one pin. Check if it is intended to be dangling.
[WARNING RSZ-0104] Net _129553_ only has one pin. Check if it is intended to be dangling.
[WARNING RSZ-0104] Net _129534_ only has one pin. Check if it is intended to be dangling.
[WARNING RSZ-0104] Net _129552_ only has one pin. Check if it is intended to be dangling.
[WARNING RSZ-0104] Net _129551_ only has one pin. Check if it is intended to be dangling.
[WARNING RSZ-0104] Net _129550_ only has one pin. Check if it is intended to be dangling.
[WARNING RSZ-0104] Net _129549_ only has one pin. Check if it is intended to be dangling.
[WARNING RSZ-0104] Net _129548_ only has one pin. Check if it is intended to be dangling.
[WARNING RSZ-0104] Net _129547_ only has one pin. Check if it is intended to be dangling.
[WARNING RSZ-0104] Net _129546_ only has one pin. Check if it is intended to be dangling.
[WARNING RSZ-0104] Net _129545_ only has one pin. Check if it is intended to be dangling.
[WARNING RSZ-0104] Net _129544_ only has one pin. Check if it is intended to be dangling.
[WARNING RSZ-0104] Net _129543_ only has one pin. Check if it is intended to be dangling.
[WARNING RSZ-0104] Net _129533_ only has one pin. Check if it is intended to be dangling.
[WARNING RSZ-0104] Net _129749_ only has one pin. Check if it is intended to be dangling.
[WARNING RSZ-0104] Net _129748_ only has one pin. Check if it is intended to be dangling.
[WARNING RSZ-0104] Net _129747_ only has one pin. Check if it is intended to be dangling.
[WARNING RSZ-0104] Net _129746_ only has one pin. Check if it is intended to be dangling.
[WARNING RSZ-0104] Net _129745_ only has one pin. Check if it is intended to be dangling.
[WARNING RSZ-0104] Net _129744_ only has one pin. Check if it is intended to be dangling.
[WARNING RSZ-0104] Net _129743_ only has one pin. Check if it is intended to be dangling.
[WARNING RSZ-0104] Net _129742_ only has one pin. Check if it is intended to be dangling.
[WARNING RSZ-0104] Net _129177_ only has one pin. Check if it is intended to be dangling.
[WARNING RSZ-0104] Net _129762_ only has one pin. Check if it is intended to be dangling.
[WARNING RSZ-0104] Net _129761_ only has one pin. Check if it is intended to be dangling.
[WARNING RSZ-0104] Net _129760_ only has one pin. Check if it is intended to be dangling.
[WARNING RSZ-0104] Net _129741_ only has one pin. Check if it is intended to be dangling.
[WARNING RSZ-0104] Net _129759_ only has one pin. Check if it is intended to be dangling.
[WARNING RSZ-0104] Net _129758_ only has one pin. Check if it is intended to be dangling.
[WARNING RSZ-0104] Net _129757_ only has one pin. Check if it is intended to be dangling.
[WARNING RSZ-0104] Net _129756_ only has one pin. Check if it is intended to be dangling.
[WARNING RSZ-0104] Net _129755_ only has one pin. Check if it is intended to be dangling.
[WARNING RSZ-0104] Net _129754_ only has one pin. Check if it is intended to be dangling.
[WARNING RSZ-0104] Net _129753_ only has one pin. Check if it is intended to be dangling.
[WARNING RSZ-0104] Net _129752_ only has one pin. Check if it is intended to be dangling.
[WARNING RSZ-0104] Net _129751_ only has one pin. Check if it is intended to be dangling.
[WARNING RSZ-0104] Net _129750_ only has one pin. Check if it is intended to be dangling.
[WARNING RSZ-0104] Net _129740_ only has one pin. Check if it is intended to be dangling.
[WARNING RSZ-0104] Net _129956_ only has one pin. Check if it is intended to be dangling.
[WARNING RSZ-0104] Net _129955_ only has one pin. Check if it is intended to be dangling.
[WARNING RSZ-0104] Net _129954_ only has one pin. Check if it is intended to be dangling.
[WARNING RSZ-0104] Net _129953_ only has one pin. Check if it is intended to be dangling.
[WARNING RSZ-0104] Net _129952_ only has one pin. Check if it is intended to be dangling.
[WARNING RSZ-0104] Net _129951_ only has one pin. Check if it is intended to be dangling.
[WARNING RSZ-0104] Net _129950_ only has one pin. Check if it is intended to be dangling.
[WARNING RSZ-0104] Net _129949_ only has one pin. Check if it is intended to be dangling.
[WARNING RSZ-0104] Net _129186_ only has one pin. Check if it is intended to be dangling.
[WARNING RSZ-0104] Net _129969_ only has one pin. Check if it is intended to be dangling.
[WARNING RSZ-0104] Net _129968_ only has one pin. Check if it is intended to be dangling.
[WARNING RSZ-0104] Net _129967_ only has one pin. Check if it is intended to be dangling.
[WARNING RSZ-0104] Net _129948_ only has one pin. Check if it is intended to be dangling.
[WARNING RSZ-0104] Net _129966_ only has one pin. Check if it is intended to be dangling.
[WARNING RSZ-0104] Net _129965_ only has one pin. Check if it is intended to be dangling.
[WARNING RSZ-0104] Net _129964_ only has one pin. Check if it is intended to be dangling.
[WARNING RSZ-0104] Net _129963_ only has one pin. Check if it is intended to be dangling.
[WARNING RSZ-0104] Net _129962_ only has one pin. Check if it is intended to be dangling.
[WARNING RSZ-0104] Net _129961_ only has one pin. Check if it is intended to be dangling.
[WARNING RSZ-0104] Net _129960_ only has one pin. Check if it is intended to be dangling.
[WARNING RSZ-0104] Net _129959_ only has one pin. Check if it is intended to be dangling.
[WARNING RSZ-0104] Net _129958_ only has one pin. Check if it is intended to be dangling.
[WARNING RSZ-0104] Net _129957_ only has one pin. Check if it is intended to be dangling.
[WARNING RSZ-0104] Net _129947_ only has one pin. Check if it is intended to be dangling.
[WARNING RSZ-0104] Net _130163_ only has one pin. Check if it is intended to be dangling.
[WARNING RSZ-0104] Net _130162_ only has one pin. Check if it is intended to be dangling.
[WARNING RSZ-0104] Net _130161_ only has one pin. Check if it is intended to be dangling.
[WARNING RSZ-0104] Net _130160_ only has one pin. Check if it is intended to be dangling.
[WARNING RSZ-0104] Net _130159_ only has one pin. Check if it is intended to be dangling.
[WARNING RSZ-0104] Net _130158_ only has one pin. Check if it is intended to be dangling.
[WARNING RSZ-0104] Net _130157_ only has one pin. Check if it is intended to be dangling.
[WARNING RSZ-0104] Net _130156_ only has one pin. Check if it is intended to be dangling.
[WARNING RSZ-0104] Net _129195_ only has one pin. Check if it is intended to be dangling.
[WARNING RSZ-0104] Net _130176_ only has one pin. Check if it is intended to be dangling.
[WARNING RSZ-0104] Net _130175_ only has one pin. Check if it is intended to be dangling.
[WARNING RSZ-0104] Net _130174_ only has one pin. Check if it is intended to be dangling.
[WARNING RSZ-0104] Net _130155_ only has one pin. Check if it is intended to be dangling.
[WARNING RSZ-0104] Net _130173_ only has one pin. Check if it is intended to be dangling.
[WARNING RSZ-0104] Net _130172_ only has one pin. Check if it is intended to be dangling.
[WARNING RSZ-0104] Net _130171_ only has one pin. Check if it is intended to be dangling.
[WARNING RSZ-0104] Net _130170_ only has one pin. Check if it is intended to be dangling.
[WARNING RSZ-0104] Net _130169_ only has one pin. Check if it is intended to be dangling.
[WARNING RSZ-0104] Net _130168_ only has one pin. Check if it is intended to be dangling.
[WARNING RSZ-0104] Net _130167_ only has one pin. Check if it is intended to be dangling.
[WARNING RSZ-0104] Net _130166_ only has one pin. Check if it is intended to be dangling.
[WARNING RSZ-0104] Net _130165_ only has one pin. Check if it is intended to be dangling.
[WARNING RSZ-0104] Net _130164_ only has one pin. Check if it is intended to be dangling.
[WARNING RSZ-0104] Net _130154_ only has one pin. Check if it is intended to be dangling.
[WARNING RSZ-0104] Net _130370_ only has one pin. Check if it is intended to be dangling.
[WARNING RSZ-0104] Net _130369_ only has one pin. Check if it is intended to be dangling.
[WARNING RSZ-0104] Net _130368_ only has one pin. Check if it is intended to be dangling.
[WARNING RSZ-0104] Net _130367_ only has one pin. Check if it is intended to be dangling.
[WARNING RSZ-0104] Net _130366_ only has one pin. Check if it is intended to be dangling.
[WARNING RSZ-0104] Net _130365_ only has one pin. Check if it is intended to be dangling.
[WARNING RSZ-0104] Net _130364_ only has one pin. Check if it is intended to be dangling.
[WARNING RSZ-0104] Net _130363_ only has one pin. Check if it is intended to be dangling.
[WARNING RSZ-0104] Net _129204_ only has one pin. Check if it is intended to be dangling.
[WARNING RSZ-0104] Net _130383_ only has one pin. Check if it is intended to be dangling.
[WARNING RSZ-0104] Net _130382_ only has one pin. Check if it is intended to be dangling.
[WARNING RSZ-0104] Net _130381_ only has one pin. Check if it is intended to be dangling.
[WARNING RSZ-0104] Net _130362_ only has one pin. Check if it is intended to be dangling.
[WARNING RSZ-0104] Net _130380_ only has one pin. Check if it is intended to be dangling.
[WARNING RSZ-0104] Net _130379_ only has one pin. Check if it is intended to be dangling.
[WARNING RSZ-0104] Net _130378_ only has one pin. Check if it is intended to be dangling.
[WARNING RSZ-0104] Net _130377_ only has one pin. Check if it is intended to be dangling.
[WARNING RSZ-0104] Net _130376_ only has one pin. Check if it is intended to be dangling.
[WARNING RSZ-0104] Net _130375_ only has one pin. Check if it is intended to be dangling.
[WARNING RSZ-0104] Net _130374_ only has one pin. Check if it is intended to be dangling.
[WARNING RSZ-0104] Net _130373_ only has one pin. Check if it is intended to be dangling.
[WARNING RSZ-0104] Net _130372_ only has one pin. Check if it is intended to be dangling.
[WARNING RSZ-0104] Net _130371_ only has one pin. Check if it is intended to be dangling.
[WARNING RSZ-0104] Net _130361_ only has one pin. Check if it is intended to be dangling.
[WARNING RSZ-0104] Net _130577_ only has one pin. Check if it is intended to be dangling.
[WARNING RSZ-0104] Net _130576_ only has one pin. Check if it is intended to be dangling.
[WARNING RSZ-0104] Net _130575_ only has one pin. Check if it is intended to be dangling.
[WARNING RSZ-0104] Net _130574_ only has one pin. Check if it is intended to be dangling.
[WARNING RSZ-0104] Net _130573_ only has one pin. Check if it is intended to be dangling.
[WARNING RSZ-0104] Net _130572_ only has one pin. Check if it is intended to be dangling.
[WARNING RSZ-0104] Net _130571_ only has one pin. Check if it is intended to be dangling.
[WARNING RSZ-0104] Net _130570_ only has one pin. Check if it is intended to be dangling.
[WARNING RSZ-0104] Net _129213_ only has one pin. Check if it is intended to be dangling.
[WARNING RSZ-0104] Net _130590_ only has one pin. Check if it is intended to be dangling.
[WARNING RSZ-0104] Net _130589_ only has one pin. Check if it is intended to be dangling.
[WARNING RSZ-0104] Net _130588_ only has one pin. Check if it is intended to be dangling.
[WARNING RSZ-0104] Net _130569_ only has one pin. Check if it is intended to be dangling.
[WARNING RSZ-0104] Net _130587_ only has one pin. Check if it is intended to be dangling.
[WARNING RSZ-0104] Net _130586_ only has one pin. Check if it is intended to be dangling.
[WARNING RSZ-0104] Net _130585_ only has one pin. Check if it is intended to be dangling.
[WARNING RSZ-0104] Net _130584_ only has one pin. Check if it is intended to be dangling.
[WARNING RSZ-0104] Net _130583_ only has one pin. Check if it is intended to be dangling.
[WARNING RSZ-0104] Net _130582_ only has one pin. Check if it is intended to be dangling.
[WARNING RSZ-0104] Net _130581_ only has one pin. Check if it is intended to be dangling.
[WARNING RSZ-0104] Net _130580_ only has one pin. Check if it is intended to be dangling.
[WARNING RSZ-0104] Net _130579_ only has one pin. Check if it is intended to be dangling.
[WARNING RSZ-0104] Net _130578_ only has one pin. Check if it is intended to be dangling.
[WARNING RSZ-0104] Net _130568_ only has one pin. Check if it is intended to be dangling.
[WARNING RSZ-0104] Net _130255_ only has one pin. Check if it is intended to be dangling.
[WARNING RSZ-0104] Net _130254_ only has one pin. Check if it is intended to be dangling.
[WARNING RSZ-0104] Net _130253_ only has one pin. Check if it is intended to be dangling.
[WARNING RSZ-0104] Net _130252_ only has one pin. Check if it is intended to be dangling.
[WARNING RSZ-0104] Net _130251_ only has one pin. Check if it is intended to be dangling.
[WARNING RSZ-0104] Net _130250_ only has one pin. Check if it is intended to be dangling.
[WARNING RSZ-0104] Net _130249_ only has one pin. Check if it is intended to be dangling.
[WARNING RSZ-0104] Net _130248_ only has one pin. Check if it is intended to be dangling.
[WARNING RSZ-0104] Net _129199_ only has one pin. Check if it is intended to be dangling.
[WARNING RSZ-0104] Net _130268_ only has one pin. Check if it is intended to be dangling.
[WARNING RSZ-0104] Net _130267_ only has one pin. Check if it is intended to be dangling.
[WARNING RSZ-0104] Net _130266_ only has one pin. Check if it is intended to be dangling.
[WARNING RSZ-0104] Net _130247_ only has one pin. Check if it is intended to be dangling.
[WARNING RSZ-0104] Net _130265_ only has one pin. Check if it is intended to be dangling.
[WARNING RSZ-0104] Net _130264_ only has one pin. Check if it is intended to be dangling.
[WARNING RSZ-0104] Net _130263_ only has one pin. Check if it is intended to be dangling.
[WARNING RSZ-0104] Net _130262_ only has one pin. Check if it is intended to be dangling.
[WARNING RSZ-0104] Net _130261_ only has one pin. Check if it is intended to be dangling.
[WARNING RSZ-0104] Net _130260_ only has one pin. Check if it is intended to be dangling.
[WARNING RSZ-0104] Net _130259_ only has one pin. Check if it is intended to be dangling.
[WARNING RSZ-0104] Net _130258_ only has one pin. Check if it is intended to be dangling.
[WARNING RSZ-0104] Net _130257_ only has one pin. Check if it is intended to be dangling.
[WARNING RSZ-0104] Net _130256_ only has one pin. Check if it is intended to be dangling.
[WARNING RSZ-0104] Net _130246_ only has one pin. Check if it is intended to be dangling.
[WARNING RSZ-0104] Net _130784_ only has one pin. Check if it is intended to be dangling.
[WARNING RSZ-0104] Net _130783_ only has one pin. Check if it is intended to be dangling.
[WARNING RSZ-0104] Net _130782_ only has one pin. Check if it is intended to be dangling.
[WARNING RSZ-0104] Net _130781_ only has one pin. Check if it is intended to be dangling.
[WARNING RSZ-0104] Net _130780_ only has one pin. Check if it is intended to be dangling.
[WARNING RSZ-0104] Net _130779_ only has one pin. Check if it is intended to be dangling.
[WARNING RSZ-0104] Net _130778_ only has one pin. Check if it is intended to be dangling.
[WARNING RSZ-0104] Net _130777_ only has one pin. Check if it is intended to be dangling.
[WARNING RSZ-0104] Net _129222_ only has one pin. Check if it is intended to be dangling.
[WARNING RSZ-0104] Net _130797_ only has one pin. Check if it is intended to be dangling.
[WARNING RSZ-0104] Net _130796_ only has one pin. Check if it is intended to be dangling.
[WARNING RSZ-0104] Net _130795_ only has one pin. Check if it is intended to be dangling.
[WARNING RSZ-0104] Net _130776_ only has one pin. Check if it is intended to be dangling.
[WARNING RSZ-0104] Net _130794_ only has one pin. Check if it is intended to be dangling.
[WARNING RSZ-0104] Net _130793_ only has one pin. Check if it is intended to be dangling.
[WARNING RSZ-0104] Net _130792_ only has one pin. Check if it is intended to be dangling.
[WARNING RSZ-0104] Net _130791_ only has one pin. Check if it is intended to be dangling.
[WARNING RSZ-0104] Net _130790_ only has one pin. Check if it is intended to be dangling.
[WARNING RSZ-0104] Net _130789_ only has one pin. Check if it is intended to be dangling.
[WARNING RSZ-0104] Net _130788_ only has one pin. Check if it is intended to be dangling.
[WARNING RSZ-0104] Net _130787_ only has one pin. Check if it is intended to be dangling.
[WARNING RSZ-0104] Net _130786_ only has one pin. Check if it is intended to be dangling.
[WARNING RSZ-0104] Net _130785_ only has one pin. Check if it is intended to be dangling.
[WARNING RSZ-0104] Net _130775_ only has one pin. Check if it is intended to be dangling.
[WARNING RSZ-0104] Net _130922_ only has one pin. Check if it is intended to be dangling.
[WARNING RSZ-0104] Net _130921_ only has one pin. Check if it is intended to be dangling.
[WARNING RSZ-0104] Net _130920_ only has one pin. Check if it is intended to be dangling.
[WARNING RSZ-0104] Net _130919_ only has one pin. Check if it is intended to be dangling.
[WARNING RSZ-0104] Net _130918_ only has one pin. Check if it is intended to be dangling.
[WARNING RSZ-0104] Net _130917_ only has one pin. Check if it is intended to be dangling.
[WARNING RSZ-0104] Net _130916_ only has one pin. Check if it is intended to be dangling.
[WARNING RSZ-0104] Net _130915_ only has one pin. Check if it is intended to be dangling.
[WARNING RSZ-0104] Net _129228_ only has one pin. Check if it is intended to be dangling.
[WARNING RSZ-0104] Net _130935_ only has one pin. Check if it is intended to be dangling.
[WARNING RSZ-0104] Net _130934_ only has one pin. Check if it is intended to be dangling.
[WARNING RSZ-0104] Net _130933_ only has one pin. Check if it is intended to be dangling.
[WARNING RSZ-0104] Net _130914_ only has one pin. Check if it is intended to be dangling.
[WARNING RSZ-0104] Net _130932_ only has one pin. Check if it is intended to be dangling.
[WARNING RSZ-0104] Net _130931_ only has one pin. Check if it is intended to be dangling.
[WARNING RSZ-0104] Net _130930_ only has one pin. Check if it is intended to be dangling.
[WARNING RSZ-0104] Net _130929_ only has one pin. Check if it is intended to be dangling.
[WARNING RSZ-0104] Net _130928_ only has one pin. Check if it is intended to be dangling.
[WARNING RSZ-0104] Net _130927_ only has one pin. Check if it is intended to be dangling.
[WARNING RSZ-0104] Net _130926_ only has one pin. Check if it is intended to be dangling.
[WARNING RSZ-0104] Net _130925_ only has one pin. Check if it is intended to be dangling.
[WARNING RSZ-0104] Net _130924_ only has one pin. Check if it is intended to be dangling.
[WARNING RSZ-0104] Net _130923_ only has one pin. Check if it is intended to be dangling.
[WARNING RSZ-0104] Net _130913_ only has one pin. Check if it is intended to be dangling.
[WARNING RSZ-0104] Net _131060_ only has one pin. Check if it is intended to be dangling.
[WARNING RSZ-0104] Net _131059_ only has one pin. Check if it is intended to be dangling.
[WARNING RSZ-0104] Net _131058_ only has one pin. Check if it is intended to be dangling.
[WARNING RSZ-0104] Net _131057_ only has one pin. Check if it is intended to be dangling.
[WARNING RSZ-0104] Net _131056_ only has one pin. Check if it is intended to be dangling.
[WARNING RSZ-0104] Net _131055_ only has one pin. Check if it is intended to be dangling.
[WARNING RSZ-0104] Net _131054_ only has one pin. Check if it is intended to be dangling.
[WARNING RSZ-0104] Net _131053_ only has one pin. Check if it is intended to be dangling.
[WARNING RSZ-0104] Net _129234_ only has one pin. Check if it is intended to be dangling.
[WARNING RSZ-0104] Net _131073_ only has one pin. Check if it is intended to be dangling.
[WARNING RSZ-0104] Net _131072_ only has one pin. Check if it is intended to be dangling.
[WARNING RSZ-0104] Net _131071_ only has one pin. Check if it is intended to be dangling.
[WARNING RSZ-0104] Net _131052_ only has one pin. Check if it is intended to be dangling.
[WARNING RSZ-0104] Net _131070_ only has one pin. Check if it is intended to be dangling.
[WARNING RSZ-0104] Net _131069_ only has one pin. Check if it is intended to be dangling.
[WARNING RSZ-0104] Net _131068_ only has one pin. Check if it is intended to be dangling.
[WARNING RSZ-0104] Net _131067_ only has one pin. Check if it is intended to be dangling.
[WARNING RSZ-0104] Net _131066_ only has one pin. Check if it is intended to be dangling.
[WARNING RSZ-0104] Net _131065_ only has one pin. Check if it is intended to be dangling.
[WARNING RSZ-0104] Net _131064_ only has one pin. Check if it is intended to be dangling.
[WARNING RSZ-0104] Net _131063_ only has one pin. Check if it is intended to be dangling.
[WARNING RSZ-0104] Net _131062_ only has one pin. Check if it is intended to be dangling.
[WARNING RSZ-0104] Net _131061_ only has one pin. Check if it is intended to be dangling.
[WARNING RSZ-0104] Net _131051_ only has one pin. Check if it is intended to be dangling.
[WARNING RSZ-0104] Net _131221_ only has one pin. Check if it is intended to be dangling.
[WARNING RSZ-0104] Net _131220_ only has one pin. Check if it is intended to be dangling.
[WARNING RSZ-0104] Net _131219_ only has one pin. Check if it is intended to be dangling.
[WARNING RSZ-0104] Net _131218_ only has one pin. Check if it is intended to be dangling.
[WARNING RSZ-0104] Net _131217_ only has one pin. Check if it is intended to be dangling.
[WARNING RSZ-0104] Net _131216_ only has one pin. Check if it is intended to be dangling.
[WARNING RSZ-0104] Net _131215_ only has one pin. Check if it is intended to be dangling.
[WARNING RSZ-0104] Net _131214_ only has one pin. Check if it is intended to be dangling.
[WARNING RSZ-0104] Net _129241_ only has one pin. Check if it is intended to be dangling.
[WARNING RSZ-0104] Net _131234_ only has one pin. Check if it is intended to be dangling.
[WARNING RSZ-0104] Net _131233_ only has one pin. Check if it is intended to be dangling.
[WARNING RSZ-0104] Net _131232_ only has one pin. Check if it is intended to be dangling.
[WARNING RSZ-0104] Net _131213_ only has one pin. Check if it is intended to be dangling.
[WARNING RSZ-0104] Net _131231_ only has one pin. Check if it is intended to be dangling.
[WARNING RSZ-0104] Net _131230_ only has one pin. Check if it is intended to be dangling.
[WARNING RSZ-0104] Net _131229_ only has one pin. Check if it is intended to be dangling.
[WARNING RSZ-0104] Net _131228_ only has one pin. Check if it is intended to be dangling.
[WARNING RSZ-0104] Net _131227_ only has one pin. Check if it is intended to be dangling.
[WARNING RSZ-0104] Net _131226_ only has one pin. Check if it is intended to be dangling.
[WARNING RSZ-0104] Net _131225_ only has one pin. Check if it is intended to be dangling.
[WARNING RSZ-0104] Net _131224_ only has one pin. Check if it is intended to be dangling.
[WARNING RSZ-0104] Net _131223_ only has one pin. Check if it is intended to be dangling.
[WARNING RSZ-0104] Net _131222_ only has one pin. Check if it is intended to be dangling.
[WARNING RSZ-0104] Net _131212_ only has one pin. Check if it is intended to be dangling.
[WARNING RSZ-0104] Net _131359_ only has one pin. Check if it is intended to be dangling.
[WARNING RSZ-0104] Net _131358_ only has one pin. Check if it is intended to be dangling.
[WARNING RSZ-0104] Net _131357_ only has one pin. Check if it is intended to be dangling.
[WARNING RSZ-0104] Net _131356_ only has one pin. Check if it is intended to be dangling.
[WARNING RSZ-0104] Net _131355_ only has one pin. Check if it is intended to be dangling.
[WARNING RSZ-0104] Net _131354_ only has one pin. Check if it is intended to be dangling.
[WARNING RSZ-0104] Net _131353_ only has one pin. Check if it is intended to be dangling.
[WARNING RSZ-0104] Net _131352_ only has one pin. Check if it is intended to be dangling.
[WARNING RSZ-0104] Net _129248_ only has one pin. Check if it is intended to be dangling.
[WARNING RSZ-0104] Net _131372_ only has one pin. Check if it is intended to be dangling.
[WARNING RSZ-0104] Net _131371_ only has one pin. Check if it is intended to be dangling.
[WARNING RSZ-0104] Net _131370_ only has one pin. Check if it is intended to be dangling.
[WARNING RSZ-0104] Net _131351_ only has one pin. Check if it is intended to be dangling.
[WARNING RSZ-0104] Net _131369_ only has one pin. Check if it is intended to be dangling.
[WARNING RSZ-0104] Net _131368_ only has one pin. Check if it is intended to be dangling.
[WARNING RSZ-0104] Net _131367_ only has one pin. Check if it is intended to be dangling.
[WARNING RSZ-0104] Net _131366_ only has one pin. Check if it is intended to be dangling.
[WARNING RSZ-0104] Net _131365_ only has one pin. Check if it is intended to be dangling.
[WARNING RSZ-0104] Net _131364_ only has one pin. Check if it is intended to be dangling.
[WARNING RSZ-0104] Net _131363_ only has one pin. Check if it is intended to be dangling.
[WARNING RSZ-0104] Net _131362_ only has one pin. Check if it is intended to be dangling.
[WARNING RSZ-0104] Net _131361_ only has one pin. Check if it is intended to be dangling.
[WARNING RSZ-0104] Net _131360_ only has one pin. Check if it is intended to be dangling.
[WARNING RSZ-0104] Net _131350_ only has one pin. Check if it is intended to be dangling.
[WARNING RSZ-0104] Net _131517_ only has one pin. Check if it is intended to be dangling.
[WARNING RSZ-0104] Net _131516_ only has one pin. Check if it is intended to be dangling.
[WARNING RSZ-0104] Net _131515_ only has one pin. Check if it is intended to be dangling.
[WARNING RSZ-0104] Net _131514_ only has one pin. Check if it is intended to be dangling.
[WARNING RSZ-0104] Net _131513_ only has one pin. Check if it is intended to be dangling.
[WARNING RSZ-0104] Net _131512_ only has one pin. Check if it is intended to be dangling.
[WARNING RSZ-0104] Net _131511_ only has one pin. Check if it is intended to be dangling.
[WARNING RSZ-0104] Net _131510_ only has one pin. Check if it is intended to be dangling.
[WARNING RSZ-0104] Net _129256_ only has one pin. Check if it is intended to be dangling.
[WARNING RSZ-0104] Net _131530_ only has one pin. Check if it is intended to be dangling.
[WARNING RSZ-0104] Net _131529_ only has one pin. Check if it is intended to be dangling.
[WARNING RSZ-0104] Net _131528_ only has one pin. Check if it is intended to be dangling.
[WARNING RSZ-0104] Net _131509_ only has one pin. Check if it is intended to be dangling.
[WARNING RSZ-0104] Net _131527_ only has one pin. Check if it is intended to be dangling.
[WARNING RSZ-0104] Net _131526_ only has one pin. Check if it is intended to be dangling.
[WARNING RSZ-0104] Net _131525_ only has one pin. Check if it is intended to be dangling.
[WARNING RSZ-0104] Net _131524_ only has one pin. Check if it is intended to be dangling.
[WARNING RSZ-0104] Net _131523_ only has one pin. Check if it is intended to be dangling.
[WARNING RSZ-0104] Net _131522_ only has one pin. Check if it is intended to be dangling.
[WARNING RSZ-0104] Net _131521_ only has one pin. Check if it is intended to be dangling.
[WARNING RSZ-0104] Net _131520_ only has one pin. Check if it is intended to be dangling.
[WARNING RSZ-0104] Net _131519_ only has one pin. Check if it is intended to be dangling.
[WARNING RSZ-0104] Net _131518_ only has one pin. Check if it is intended to be dangling.
[WARNING RSZ-0104] Net _131508_ only has one pin. Check if it is intended to be dangling.
[WARNING RSZ-0104] Net _131678_ only has one pin. Check if it is intended to be dangling.
[WARNING RSZ-0104] Net _131677_ only has one pin. Check if it is intended to be dangling.
[WARNING RSZ-0104] Net _131676_ only has one pin. Check if it is intended to be dangling.
[WARNING RSZ-0104] Net _131675_ only has one pin. Check if it is intended to be dangling.
[WARNING RSZ-0104] Net _131674_ only has one pin. Check if it is intended to be dangling.
[WARNING RSZ-0104] Net _131673_ only has one pin. Check if it is intended to be dangling.
[WARNING RSZ-0104] Net _131672_ only has one pin. Check if it is intended to be dangling.
[WARNING RSZ-0104] Net _131671_ only has one pin. Check if it is intended to be dangling.
[WARNING RSZ-0104] Net _129263_ only has one pin. Check if it is intended to be dangling.
[WARNING RSZ-0104] Net _131691_ only has one pin. Check if it is intended to be dangling.
[WARNING RSZ-0104] Net _131690_ only has one pin. Check if it is intended to be dangling.
[WARNING RSZ-0104] Net _131689_ only has one pin. Check if it is intended to be dangling.
[WARNING RSZ-0104] Net _131670_ only has one pin. Check if it is intended to be dangling.
[WARNING RSZ-0104] Net _131688_ only has one pin. Check if it is intended to be dangling.
[WARNING RSZ-0104] Net _131687_ only has one pin. Check if it is intended to be dangling.
[WARNING RSZ-0104] Net _131686_ only has one pin. Check if it is intended to be dangling.
[WARNING RSZ-0104] Net _131685_ only has one pin. Check if it is intended to be dangling.
[WARNING RSZ-0104] Net _131684_ only has one pin. Check if it is intended to be dangling.
[WARNING RSZ-0104] Net _131683_ only has one pin. Check if it is intended to be dangling.
[WARNING RSZ-0104] Net _131682_ only has one pin. Check if it is intended to be dangling.
[WARNING RSZ-0104] Net _131681_ only has one pin. Check if it is intended to be dangling.
[WARNING RSZ-0104] Net _131680_ only has one pin. Check if it is intended to be dangling.
[WARNING RSZ-0104] Net _131679_ only has one pin. Check if it is intended to be dangling.
[WARNING RSZ-0104] Net _131669_ only has one pin. Check if it is intended to be dangling.
[WARNING RSZ-0104] Net _131839_ only has one pin. Check if it is intended to be dangling.
[WARNING RSZ-0104] Net _131838_ only has one pin. Check if it is intended to be dangling.
[WARNING RSZ-0104] Net _131837_ only has one pin. Check if it is intended to be dangling.
[WARNING RSZ-0104] Net _131836_ only has one pin. Check if it is intended to be dangling.
[WARNING RSZ-0104] Net _131835_ only has one pin. Check if it is intended to be dangling.
[WARNING RSZ-0104] Net _131834_ only has one pin. Check if it is intended to be dangling.
[WARNING RSZ-0104] Net _131833_ only has one pin. Check if it is intended to be dangling.
[WARNING RSZ-0104] Net _131832_ only has one pin. Check if it is intended to be dangling.
[WARNING RSZ-0104] Net _129270_ only has one pin. Check if it is intended to be dangling.
[WARNING RSZ-0104] Net _131852_ only has one pin. Check if it is intended to be dangling.
[WARNING RSZ-0104] Net _131851_ only has one pin. Check if it is intended to be dangling.
[WARNING RSZ-0104] Net _131850_ only has one pin. Check if it is intended to be dangling.
[WARNING RSZ-0104] Net _131831_ only has one pin. Check if it is intended to be dangling.
[WARNING RSZ-0104] Net _131849_ only has one pin. Check if it is intended to be dangling.
[WARNING RSZ-0104] Net _131848_ only has one pin. Check if it is intended to be dangling.
[WARNING RSZ-0104] Net _131847_ only has one pin. Check if it is intended to be dangling.
[WARNING RSZ-0104] Net _131846_ only has one pin. Check if it is intended to be dangling.
[WARNING RSZ-0104] Net _131845_ only has one pin. Check if it is intended to be dangling.
[WARNING RSZ-0104] Net _131844_ only has one pin. Check if it is intended to be dangling.
[WARNING RSZ-0104] Net _131843_ only has one pin. Check if it is intended to be dangling.
[WARNING RSZ-0104] Net _131842_ only has one pin. Check if it is intended to be dangling.
[WARNING RSZ-0104] Net _131841_ only has one pin. Check if it is intended to be dangling.
[WARNING RSZ-0104] Net _131840_ only has one pin. Check if it is intended to be dangling.
[WARNING RSZ-0104] Net _131830_ only has one pin. Check if it is intended to be dangling.
[WARNING RSZ-0104] Net _135174_ only has one pin. Check if it is intended to be dangling.
[WARNING RSZ-0104] Net _135173_ only has one pin. Check if it is intended to be dangling.
[WARNING RSZ-0104] Net _135172_ only has one pin. Check if it is intended to be dangling.
[WARNING RSZ-0104] Net _135171_ only has one pin. Check if it is intended to be dangling.
[WARNING RSZ-0104] Net _135170_ only has one pin. Check if it is intended to be dangling.
[WARNING RSZ-0104] Net _135169_ only has one pin. Check if it is intended to be dangling.
[WARNING RSZ-0104] Net _135168_ only has one pin. Check if it is intended to be dangling.
[WARNING RSZ-0104] Net _135167_ only has one pin. Check if it is intended to be dangling.
[WARNING RSZ-0104] Net _129154_ only has one pin. Check if it is intended to be dangling.
[WARNING RSZ-0104] Net _135187_ only has one pin. Check if it is intended to be dangling.
[WARNING RSZ-0104] Net _135186_ only has one pin. Check if it is intended to be dangling.
[WARNING RSZ-0104] Net _135185_ only has one pin. Check if it is intended to be dangling.
[WARNING RSZ-0104] Net _135166_ only has one pin. Check if it is intended to be dangling.
[WARNING RSZ-0104] Net _135184_ only has one pin. Check if it is intended to be dangling.
[WARNING RSZ-0104] Net _135183_ only has one pin. Check if it is intended to be dangling.
[WARNING RSZ-0104] Net _135182_ only has one pin. Check if it is intended to be dangling.
[WARNING RSZ-0104] Net _135181_ only has one pin. Check if it is intended to be dangling.
[WARNING RSZ-0104] Net _135180_ only has one pin. Check if it is intended to be dangling.
[WARNING RSZ-0104] Net _135179_ only has one pin. Check if it is intended to be dangling.
[WARNING RSZ-0104] Net _135178_ only has one pin. Check if it is intended to be dangling.
[WARNING RSZ-0104] Net _135177_ only has one pin. Check if it is intended to be dangling.
[WARNING RSZ-0104] Net _135176_ only has one pin. Check if it is intended to be dangling.
[WARNING RSZ-0104] Net _135175_ only has one pin. Check if it is intended to be dangling.
[WARNING RSZ-0104] Net _135165_ only has one pin. Check if it is intended to be dangling.
[WARNING RSZ-0104] Net _135105_ only has one pin. Check if it is intended to be dangling.
[WARNING RSZ-0104] Net _135104_ only has one pin. Check if it is intended to be dangling.
[WARNING RSZ-0104] Net _135103_ only has one pin. Check if it is intended to be dangling.
[WARNING RSZ-0104] Net _135102_ only has one pin. Check if it is intended to be dangling.
[WARNING RSZ-0104] Net _135101_ only has one pin. Check if it is intended to be dangling.
[WARNING RSZ-0104] Net _135100_ only has one pin. Check if it is intended to be dangling.
[WARNING RSZ-0104] Net _135099_ only has one pin. Check if it is intended to be dangling.
[WARNING RSZ-0104] Net _135098_ only has one pin. Check if it is intended to be dangling.
[WARNING RSZ-0104] Net _129151_ only has one pin. Check if it is intended to be dangling.
[WARNING RSZ-0104] Net _135118_ only has one pin. Check if it is intended to be dangling.
[WARNING RSZ-0104] Net _135117_ only has one pin. Check if it is intended to be dangling.
[WARNING RSZ-0104] Net _135116_ only has one pin. Check if it is intended to be dangling.
[WARNING RSZ-0104] Net _135097_ only has one pin. Check if it is intended to be dangling.
[WARNING RSZ-0104] Net _135115_ only has one pin. Check if it is intended to be dangling.
[WARNING RSZ-0104] Net _135114_ only has one pin. Check if it is intended to be dangling.
[WARNING RSZ-0104] Net _135113_ only has one pin. Check if it is intended to be dangling.
[WARNING RSZ-0104] Net _135112_ only has one pin. Check if it is intended to be dangling.
[WARNING RSZ-0104] Net _135111_ only has one pin. Check if it is intended to be dangling.
[WARNING RSZ-0104] Net _135110_ only has one pin. Check if it is intended to be dangling.
[WARNING RSZ-0104] Net _135109_ only has one pin. Check if it is intended to be dangling.
[WARNING RSZ-0104] Net _135108_ only has one pin. Check if it is intended to be dangling.
[WARNING RSZ-0104] Net _135107_ only has one pin. Check if it is intended to be dangling.
[WARNING RSZ-0104] Net _135106_ only has one pin. Check if it is intended to be dangling.
[WARNING RSZ-0104] Net _135096_ only has one pin. Check if it is intended to be dangling.
[WARNING RSZ-0104] Net _130324_ only has one pin. Check if it is intended to be dangling.
[WARNING RSZ-0104] Net _130323_ only has one pin. Check if it is intended to be dangling.
[WARNING RSZ-0104] Net _130322_ only has one pin. Check if it is intended to be dangling.
[WARNING RSZ-0104] Net _130321_ only has one pin. Check if it is intended to be dangling.
[WARNING RSZ-0104] Net _130320_ only has one pin. Check if it is intended to be dangling.
[WARNING RSZ-0104] Net _130319_ only has one pin. Check if it is intended to be dangling.
[WARNING RSZ-0104] Net _130318_ only has one pin. Check if it is intended to be dangling.
[WARNING RSZ-0104] Net _130317_ only has one pin. Check if it is intended to be dangling.
[WARNING RSZ-0104] Net _129202_ only has one pin. Check if it is intended to be dangling.
[WARNING RSZ-0104] Net _130337_ only has one pin. Check if it is intended to be dangling.
[WARNING RSZ-0104] Net _130336_ only has one pin. Check if it is intended to be dangling.
[WARNING RSZ-0104] Net _130335_ only has one pin. Check if it is intended to be dangling.
[WARNING RSZ-0104] Net _130316_ only has one pin. Check if it is intended to be dangling.
[WARNING RSZ-0104] Net _130334_ only has one pin. Check if it is intended to be dangling.
[WARNING RSZ-0104] Net _130333_ only has one pin. Check if it is intended to be dangling.
   101000 |     +0.0% |       0 |       8 |            16 |     33685
[WARNING RSZ-0104] Net _130332_ only has one pin. Check if it is intended to be dangling.
[WARNING RSZ-0104] Net _130331_ only has one pin. Check if it is intended to be dangling.
[WARNING RSZ-0104] Net _130330_ only has one pin. Check if it is intended to be dangling.
[WARNING RSZ-0104] Net _130329_ only has one pin. Check if it is intended to be dangling.
[WARNING RSZ-0104] Net _130328_ only has one pin. Check if it is intended to be dangling.
[WARNING RSZ-0104] Net _130327_ only has one pin. Check if it is intended to be dangling.
[WARNING RSZ-0104] Net _130326_ only has one pin. Check if it is intended to be dangling.
[WARNING RSZ-0104] Net _130325_ only has one pin. Check if it is intended to be dangling.
[WARNING RSZ-0104] Net _130315_ only has one pin. Check if it is intended to be dangling.
[WARNING RSZ-0104] Net _135036_ only has one pin. Check if it is intended to be dangling.
[WARNING RSZ-0104] Net _135035_ only has one pin. Check if it is intended to be dangling.
[WARNING RSZ-0104] Net _135034_ only has one pin. Check if it is intended to be dangling.
[WARNING RSZ-0104] Net _135033_ only has one pin. Check if it is intended to be dangling.
[WARNING RSZ-0104] Net _135032_ only has one pin. Check if it is intended to be dangling.
[WARNING RSZ-0104] Net _135031_ only has one pin. Check if it is intended to be dangling.
[WARNING RSZ-0104] Net _135030_ only has one pin. Check if it is intended to be dangling.
[WARNING RSZ-0104] Net _135029_ only has one pin. Check if it is intended to be dangling.
[WARNING RSZ-0104] Net _129148_ only has one pin. Check if it is intended to be dangling.
[WARNING RSZ-0104] Net _135049_ only has one pin. Check if it is intended to be dangling.
[WARNING RSZ-0104] Net _135048_ only has one pin. Check if it is intended to be dangling.
[WARNING RSZ-0104] Net _135047_ only has one pin. Check if it is intended to be dangling.
[WARNING RSZ-0104] Net _135028_ only has one pin. Check if it is intended to be dangling.
[WARNING RSZ-0104] Net _135046_ only has one pin. Check if it is intended to be dangling.
[WARNING RSZ-0104] Net _135045_ only has one pin. Check if it is intended to be dangling.
[WARNING RSZ-0104] Net _135044_ only has one pin. Check if it is intended to be dangling.
[WARNING RSZ-0104] Net _135043_ only has one pin. Check if it is intended to be dangling.
[WARNING RSZ-0104] Net _135042_ only has one pin. Check if it is intended to be dangling.
[WARNING RSZ-0104] Net _135041_ only has one pin. Check if it is intended to be dangling.
[WARNING RSZ-0104] Net _135040_ only has one pin. Check if it is intended to be dangling.
[WARNING RSZ-0104] Net _135039_ only has one pin. Check if it is intended to be dangling.
[WARNING RSZ-0104] Net _135038_ only has one pin. Check if it is intended to be dangling.
[WARNING RSZ-0104] Net _135037_ only has one pin. Check if it is intended to be dangling.
[WARNING RSZ-0104] Net _135027_ only has one pin. Check if it is intended to be dangling.
[WARNING RSZ-0104] Net _134967_ only has one pin. Check if it is intended to be dangling.
[WARNING RSZ-0104] Net _134966_ only has one pin. Check if it is intended to be dangling.
[WARNING RSZ-0104] Net _134965_ only has one pin. Check if it is intended to be dangling.
[WARNING RSZ-0104] Net _134964_ only has one pin. Check if it is intended to be dangling.
[WARNING RSZ-0104] Net _134963_ only has one pin. Check if it is intended to be dangling.
[WARNING RSZ-0104] Net _134962_ only has one pin. Check if it is intended to be dangling.
[WARNING RSZ-0104] Net _134961_ only has one pin. Check if it is intended to be dangling.
[WARNING RSZ-0104] Net _134960_ only has one pin. Check if it is intended to be dangling.
[WARNING RSZ-0104] Net _129145_ only has one pin. Check if it is intended to be dangling.
[WARNING RSZ-0104] Net _134980_ only has one pin. Check if it is intended to be dangling.
[WARNING RSZ-0104] Net _134979_ only has one pin. Check if it is intended to be dangling.
[WARNING RSZ-0104] Net _134978_ only has one pin. Check if it is intended to be dangling.
[WARNING RSZ-0104] Net _134959_ only has one pin. Check if it is intended to be dangling.
[WARNING RSZ-0104] Net _134977_ only has one pin. Check if it is intended to be dangling.
[WARNING RSZ-0104] Net _134976_ only has one pin. Check if it is intended to be dangling.
[WARNING RSZ-0104] Net _134975_ only has one pin. Check if it is intended to be dangling.
[WARNING RSZ-0104] Net _134974_ only has one pin. Check if it is intended to be dangling.
[WARNING RSZ-0104] Net _134973_ only has one pin. Check if it is intended to be dangling.
[WARNING RSZ-0104] Net _134972_ only has one pin. Check if it is intended to be dangling.
[WARNING RSZ-0104] Net _134971_ only has one pin. Check if it is intended to be dangling.
[WARNING RSZ-0104] Net _134970_ only has one pin. Check if it is intended to be dangling.
[WARNING RSZ-0104] Net _134969_ only has one pin. Check if it is intended to be dangling.
[WARNING RSZ-0104] Net _134968_ only has one pin. Check if it is intended to be dangling.
[WARNING RSZ-0104] Net _134958_ only has one pin. Check if it is intended to be dangling.
[WARNING RSZ-0104] Net _134898_ only has one pin. Check if it is intended to be dangling.
[WARNING RSZ-0104] Net _134897_ only has one pin. Check if it is intended to be dangling.
[WARNING RSZ-0104] Net _134896_ only has one pin. Check if it is intended to be dangling.
[WARNING RSZ-0104] Net _134895_ only has one pin. Check if it is intended to be dangling.
[WARNING RSZ-0104] Net _134894_ only has one pin. Check if it is intended to be dangling.
[WARNING RSZ-0104] Net _134893_ only has one pin. Check if it is intended to be dangling.
[WARNING RSZ-0104] Net _134892_ only has one pin. Check if it is intended to be dangling.
[WARNING RSZ-0104] Net _134891_ only has one pin. Check if it is intended to be dangling.
[WARNING RSZ-0104] Net _129142_ only has one pin. Check if it is intended to be dangling.
[WARNING RSZ-0104] Net _134911_ only has one pin. Check if it is intended to be dangling.
[WARNING RSZ-0104] Net _134910_ only has one pin. Check if it is intended to be dangling.
[WARNING RSZ-0104] Net _134909_ only has one pin. Check if it is intended to be dangling.
[WARNING RSZ-0104] Net _134890_ only has one pin. Check if it is intended to be dangling.
[WARNING RSZ-0104] Net _134908_ only has one pin. Check if it is intended to be dangling.
[WARNING RSZ-0104] Net _134907_ only has one pin. Check if it is intended to be dangling.
[WARNING RSZ-0104] Net _134906_ only has one pin. Check if it is intended to be dangling.
[WARNING RSZ-0104] Net _134905_ only has one pin. Check if it is intended to be dangling.
[WARNING RSZ-0104] Net _134904_ only has one pin. Check if it is intended to be dangling.
[WARNING RSZ-0104] Net _134903_ only has one pin. Check if it is intended to be dangling.
[WARNING RSZ-0104] Net _134902_ only has one pin. Check if it is intended to be dangling.
[WARNING RSZ-0104] Net _134901_ only has one pin. Check if it is intended to be dangling.
[WARNING RSZ-0104] Net _134900_ only has one pin. Check if it is intended to be dangling.
[WARNING RSZ-0104] Net _134899_ only has one pin. Check if it is intended to be dangling.
[WARNING RSZ-0104] Net _134889_ only has one pin. Check if it is intended to be dangling.
[WARNING RSZ-0104] Net _134829_ only has one pin. Check if it is intended to be dangling.
[WARNING RSZ-0104] Net _134828_ only has one pin. Check if it is intended to be dangling.
[WARNING RSZ-0104] Net _134827_ only has one pin. Check if it is intended to be dangling.
[WARNING RSZ-0104] Net _134826_ only has one pin. Check if it is intended to be dangling.
[WARNING RSZ-0104] Net _134825_ only has one pin. Check if it is intended to be dangling.
[WARNING RSZ-0104] Net _134824_ only has one pin. Check if it is intended to be dangling.
[WARNING RSZ-0104] Net _134823_ only has one pin. Check if it is intended to be dangling.
[WARNING RSZ-0104] Net _134822_ only has one pin. Check if it is intended to be dangling.
[WARNING RSZ-0104] Net _129139_ only has one pin. Check if it is intended to be dangling.
[WARNING RSZ-0104] Net _134842_ only has one pin. Check if it is intended to be dangling.
[WARNING RSZ-0104] Net _134841_ only has one pin. Check if it is intended to be dangling.
[WARNING RSZ-0104] Net _134840_ only has one pin. Check if it is intended to be dangling.
[WARNING RSZ-0104] Net _134821_ only has one pin. Check if it is intended to be dangling.
[WARNING RSZ-0104] Net _134839_ only has one pin. Check if it is intended to be dangling.
[WARNING RSZ-0104] Net _134838_ only has one pin. Check if it is intended to be dangling.
[WARNING RSZ-0104] Net _134837_ only has one pin. Check if it is intended to be dangling.
[WARNING RSZ-0104] Net _134836_ only has one pin. Check if it is intended to be dangling.
[WARNING RSZ-0104] Net _134835_ only has one pin. Check if it is intended to be dangling.
[WARNING RSZ-0104] Net _134834_ only has one pin. Check if it is intended to be dangling.
[WARNING RSZ-0104] Net _134833_ only has one pin. Check if it is intended to be dangling.
[WARNING RSZ-0104] Net _134832_ only has one pin. Check if it is intended to be dangling.
[WARNING RSZ-0104] Net _134831_ only has one pin. Check if it is intended to be dangling.
[WARNING RSZ-0104] Net _134830_ only has one pin. Check if it is intended to be dangling.
[WARNING RSZ-0104] Net _134820_ only has one pin. Check if it is intended to be dangling.
[WARNING RSZ-0104] Net _134760_ only has one pin. Check if it is intended to be dangling.
[WARNING RSZ-0104] Net _134759_ only has one pin. Check if it is intended to be dangling.
[WARNING RSZ-0104] Net _134758_ only has one pin. Check if it is intended to be dangling.
[WARNING RSZ-0104] Net _134757_ only has one pin. Check if it is intended to be dangling.
[WARNING RSZ-0104] Net _134756_ only has one pin. Check if it is intended to be dangling.
[WARNING RSZ-0104] Net _134755_ only has one pin. Check if it is intended to be dangling.
[WARNING RSZ-0104] Net _134754_ only has one pin. Check if it is intended to be dangling.
[WARNING RSZ-0104] Net _134753_ only has one pin. Check if it is intended to be dangling.
[WARNING RSZ-0104] Net _129136_ only has one pin. Check if it is intended to be dangling.
[WARNING RSZ-0104] Net _134773_ only has one pin. Check if it is intended to be dangling.
[WARNING RSZ-0104] Net _134772_ only has one pin. Check if it is intended to be dangling.
[WARNING RSZ-0104] Net _134771_ only has one pin. Check if it is intended to be dangling.
[WARNING RSZ-0104] Net _134752_ only has one pin. Check if it is intended to be dangling.
[WARNING RSZ-0104] Net _134770_ only has one pin. Check if it is intended to be dangling.
[WARNING RSZ-0104] Net _134769_ only has one pin. Check if it is intended to be dangling.
[WARNING RSZ-0104] Net _134768_ only has one pin. Check if it is intended to be dangling.
[WARNING RSZ-0104] Net _134767_ only has one pin. Check if it is intended to be dangling.
[WARNING RSZ-0104] Net _134766_ only has one pin. Check if it is intended to be dangling.
[WARNING RSZ-0104] Net _134765_ only has one pin. Check if it is intended to be dangling.
[WARNING RSZ-0104] Net _134764_ only has one pin. Check if it is intended to be dangling.
[WARNING RSZ-0104] Net _134763_ only has one pin. Check if it is intended to be dangling.
[WARNING RSZ-0104] Net _134762_ only has one pin. Check if it is intended to be dangling.
[WARNING RSZ-0104] Net _134761_ only has one pin. Check if it is intended to be dangling.
[WARNING RSZ-0104] Net _134751_ only has one pin. Check if it is intended to be dangling.
[WARNING RSZ-0104] Net _134691_ only has one pin. Check if it is intended to be dangling.
[WARNING RSZ-0104] Net _134690_ only has one pin. Check if it is intended to be dangling.
[WARNING RSZ-0104] Net _134689_ only has one pin. Check if it is intended to be dangling.
[WARNING RSZ-0104] Net _134688_ only has one pin. Check if it is intended to be dangling.
[WARNING RSZ-0104] Net _134687_ only has one pin. Check if it is intended to be dangling.
[WARNING RSZ-0104] Net _134686_ only has one pin. Check if it is intended to be dangling.
[WARNING RSZ-0104] Net _134685_ only has one pin. Check if it is intended to be dangling.
[WARNING RSZ-0104] message limit (1000) reached. This message will no longer print.
   102000 |     +0.0% |       0 |       8 |            16 |     32685
   103000 |     +0.0% |       0 |       8 |            16 |     31685
   104000 |     +0.0% |       0 |       8 |            16 |     30685
   105000 |     +0.0% |       0 |       8 |            16 |     29685
   106000 |     +0.0% |       0 |       8 |            16 |     28685
   107000 |     +0.0% |       0 |       8 |            16 |     27685
   108000 |     +0.0% |       0 |       8 |            16 |     26685
   109000 |     +0.0% |       0 |       8 |            16 |     25685
   110000 |     +0.0% |       0 |       8 |            16 |     24685
   111000 |     +0.0% |       0 |       8 |            16 |     23685
   112000 |     +0.0% |       0 |       8 |            16 |     22685
   113000 |     +0.0% |       0 |       8 |            16 |     21685
   114000 |     +0.0% |       0 |       8 |            17 |     20685
   115000 |     +0.0% |       0 |       8 |            17 |     19685
   116000 |     +0.0% |       0 |       8 |            20 |     18685
   117000 |     +0.0% |       0 |       9 |            23 |     17685
   118000 |     +0.0% |       0 |       9 |            24 |     16685
   119000 |     +0.0% |       0 |       9 |            24 |     15685
   120000 |     +0.0% |       0 |      10 |            25 |     14685
   121000 |     +0.0% |       0 |      11 |            26 |     13685
   122000 |     +0.0% |       0 |      11 |            27 |     12685
   123000 |     +0.0% |       0 |      11 |            28 |     11685
   124000 |     +0.0% |       0 |      12 |            30 |     10685
   125000 |     +0.0% |       0 |      14 |            32 |      9685
   126000 |     +0.0% |       0 |      14 |            33 |      8685
   127000 |     +0.0% |       0 |      15 |            35 |      7685
   128000 |     +0.0% |       0 |      15 |            36 |      6685
   129000 |     +0.0% |       0 |      16 |            38 |      5685
   130000 |     +0.0% |       0 |      18 |            40 |      4685
   131000 |     +0.0% |       0 |      19 |            42 |      3685
   132000 |     +0.0% |       0 |      21 |            44 |      2685
   133000 |     +0.0% |       0 |      23 |            47 |      1685
   134000 |     +0.0% |       0 |      26 |            54 |       685
    final |     +0.0% |       0 |      29 |            57 |         0
---------------------------------------------------------------------
[INFO RSZ-0034] Found 2 slew violations.
[INFO RSZ-0036] Found 56 capacitance violations.
[INFO RSZ-0038] Inserted 29 buffers in 57 nets.
[INFO RSZ-0504] Runtime: 37.06s
Took 37 seconds: repair_design -verbose
global_route -start_incremental
detailed_placement
[INFO DPL-0006] Core area: 866937.89 um^2
[INFO DPL-0007] Movable instances area: 169023.58 um^2
[INFO DPL-0008] Fixed instances area within core: 974.62 um^2
[INFO DPL-0009] Utilization: 19.6%
[INFO DPL-0005] Diamond search max displacement: +/- 500 sites horizontally, +/- 100 rows vertically.
[INFO DPL-1102] Legalizing using negotiation legalizer.
[INFO DPL-1103] Negotiation base search window: +/-20 sites horizontally, +/-5 rows vertically 
	Automatic search window extension enabled.
	Search window extendable up to the max displacement cap of +/-500 sites, +/-100 rows near walls.
[INFO DPL-1104] NegotiationLegalizer DRC penalty: 5.
[INFO DPL-0392] Negotiation cell height distribution (1 unique row-count(s)):
[INFO DPL-0393]   height 1 row(s): 132022 cells
          |      Total |  Illegal |  Illegal
Iteration | Violations |    Cells |    Sites
---------------------------------------------
        0 |          0 |         0 |         0
Negotiation phase 1 converged at iteration 0.
[INFO DPL-0500] Runtime: 0.82s
Placement Analysis
---------------------------------
total displacement         34.9 u
average displacement        0.0 u
max displacement            4.2 u
original HPWL         2226696.8 u
legalized HPWL        2226706.6 u
delta HPWL                    0 %

global_route -end_incremental -congestion_report_file ./reports/nangate45/x1_y2_kimi/base/congestion_post_repair_design.rpt
Repair setup and hold violations...
estimate_parasitics -global_routing
repair_timing -setup_margin 0 -hold_margin 0 -repair_tns 100 -verbose
[INFO RSZ-0100] Repair move sequence: UnbufferMove SizeUpMove SwapPinsMove BufferMove CloneMove SplitLoadMove 
[INFO RSZ-0098] No setup violations found
[INFO RSZ-0505] Runtime: 4.04s
[INFO RSZ-0046] Found 1 endpoints with hold violations.
Iteration | Resized | Buffers | Cloned Gates |   Area   |   WNS   |   TNS   | Endpoint
--------------------------------------------------------------------------------------
        0 |       0 |       0 |            0 |    +0.0% |  -0.002 |  -0.002 | accum_bank[198][23]$_DFFE_PN0P_/D
    final |       0 |       1 |            0 |    +0.0% |   0.002 |   0.000 | accum_bank[94][21]$_DFFE_PN0P_/D
--------------------------------------------------------------------------------------
[INFO RSZ-0032] Inserted 1 hold buffers.
[INFO RSZ-0506] Runtime: 1.35s
Took 6 seconds: repair_timing -setup_margin 0 -hold_margin 0 -repair_tns 100 -verbose
global_route -start_incremental
detailed_placement
[INFO DPL-0006] Core area: 866937.89 um^2
[INFO DPL-0007] Movable instances area: 169024.38 um^2
[INFO DPL-0008] Fixed instances area within core: 974.62 um^2
[INFO DPL-0009] Utilization: 19.6%
[INFO DPL-0005] Diamond search max displacement: +/- 500 sites horizontally, +/- 100 rows vertically.
[INFO DPL-1102] Legalizing using negotiation legalizer.
[INFO DPL-1103] Negotiation base search window: +/-20 sites horizontally, +/-5 rows vertically 
	Automatic search window extension enabled.
	Search window extendable up to the max displacement cap of +/-500 sites, +/-100 rows near walls.
[INFO DPL-1104] NegotiationLegalizer DRC penalty: 5.
[INFO DPL-0392] Negotiation cell height distribution (1 unique row-count(s)):
[INFO DPL-0393]   height 1 row(s): 132023 cells
[INFO DPL-0500] Runtime: 0.81s
Placement Analysis
---------------------------------
total displacement          0.0 u
average displacement        0.0 u
max displacement            0.0 u
original HPWL         2226706.4 u
legalized HPWL        2226706.4 u
delta HPWL                    0 %

check_placement -verbose
global_route -end_incremental -congestion_report_file ./reports/nangate45/x1_y2_kimi/base/congestion_post_repair_timing.rpt
estimate_parasitics -global_routing
global_route -start_incremental
global_route -end_incremental -congestion_report_file ./reports/nangate45/x1_y2_kimi/base/congestion_post_recover_power.rpt
Repair antennas...
[WARNING GRT-0246] No diode with LEF class CORE ANTENNACELL found.
[INFO ANT-0002] Found 0 net violations.
[INFO ANT-0001] Found 0 pin violations.
Estimate parasitics...
estimate_parasitics -global_routing
Report metrics stage 5, global route...

==========================================================================
global route report_design_area
--------------------------------------------------------------------------
Design area 169999 um^2 20% utilization.
[INFO FLW-0007] clock core_clock period 5.000000
[INFO FLW-0008] Clock core_clock period 2.509
[INFO FLW-0009] Clock core_clock slack 2.359
write_sdc -no_timestamp ./results/nangate45/x1_y2_kimi/base/updated_clks.sdc
[INFO FLW-0011] Path endpoint path count 19798
write_db ./results/nangate45/x1_y2_kimi/base/5_1_grt.odb
write_sdc -no_timestamp ./results/nangate45/x1_y2_kimi/base/5_1_grt.sdc
Elapsed time: 3:05.37[h:]min:sec. CPU time: user 401.50 sys 4.25 (218%). Peak memory: 2428140KB.
Log                       Ext     Elapsed/s Peak Memory/MB sha1sum result [0:20)
5_1_grt                   .odb          185           2371 b3bc6db032ba00117c38
5_1_grt                   .sdc                             f984959c3d33f88ca2ed
/OpenROAD-flow-scripts/flow/scripts/flow.sh 5_2_route detail_route
Running detail_route.tcl, stage 5_2_route
read_liberty /OpenROAD-flow-scripts/flow/platforms/nangate45/lib/NangateOpenCellLibrary_typical.lib
read_db ./results/nangate45/x1_y2_kimi/base/5_1_grt.odb
read_sdc ./results/nangate45/x1_y2_kimi/base/5_1_grt.sdc
source /OpenROAD-flow-scripts/flow/platforms/nangate45/setRC.tcl
detailed_route -output_drc ./reports/nangate45/x1_y2_kimi/base/5_route_drc.rpt -output_maze ./results/nangate45/x1_y2_kimi/base/maze.log -droute_end_iter 64 -verbose 1 -drc_report_iter_step 5
[INFO DRT-0149] Reading tech and libs.

Units:                2000
Number of layers:     21
Number of macros:     135
Number of vias:       33
Number of viarulegen: 19

[INFO DRT-0150] Reading design.
[WARNING DRT-0120] Large net net8831 has 118 pins which may impact routing performance. Consider optimization.
[WARNING DRT-0120] Large net net8818 has 104 pins which may impact routing performance. Consider optimization.
[WARNING DRT-0120] Large net net8815 has 107 pins which may impact routing performance. Consider optimization.
[WARNING DRT-0120] Large net net8844 has 101 pins which may impact routing performance. Consider optimization.
[WARNING DRT-0120] Large net net8596 has 139 pins which may impact routing performance. Consider optimization.
[WARNING DRT-0120] Large net net7401 has 105 pins which may impact routing performance. Consider optimization.
[WARNING DRT-0120] Large net net7414 has 106 pins which may impact routing performance. Consider optimization.
[WARNING DRT-0120] Large net net7304 has 102 pins which may impact routing performance. Consider optimization.
[WARNING DRT-0120] Large net net7342 has 104 pins which may impact routing performance. Consider optimization.
[WARNING DRT-0120] Large net net6137 has 118 pins which may impact routing performance. Consider optimization.
[WARNING DRT-0120] Large net net6133 has 108 pins which may impact routing performance. Consider optimization.
[WARNING DRT-0120] Large net net6125 has 111 pins which may impact routing performance. Consider optimization.
[WARNING DRT-0120] Large net net6074 has 103 pins which may impact routing performance. Consider optimization.
[WARNING DRT-0120] Large net net5965 has 112 pins which may impact routing performance. Consider optimization.
[WARNING DRT-0120] Large net net5931 has 104 pins which may impact routing performance. Consider optimization.
[WARNING DRT-0120] Large net net5911 has 124 pins which may impact routing performance. Consider optimization.
[WARNING DRT-0120] Large net net5915 has 106 pins which may impact routing performance. Consider optimization.
[WARNING DRT-0120] Large net net5913 has 120 pins which may impact routing performance. Consider optimization.
[WARNING DRT-0120] Large net net8669 has 134 pins which may impact routing performance. Consider optimization.
[WARNING DRT-0120] Large net net6186 has 105 pins which may impact routing performance. Consider optimization.
[WARNING DRT-0120] Large net net6095 has 117 pins which may impact routing performance. Consider optimization.
[WARNING DRT-0120] Large net net6045 has 122 pins which may impact routing performance. Consider optimization.
[WARNING DRT-0120] Large net net8680 has 102 pins which may impact routing performance. Consider optimization.
[WARNING DRT-0120] Large net net5983 has 110 pins which may impact routing performance. Consider optimization.
[WARNING DRT-0120] Large net net8641 has 128 pins which may impact routing performance. Consider optimization.

Design:                   x1_y2_kimi
Die area:                 ( 0 0 ) ( 1866960 1866960 )
Number of track patterns: 20
Number of DEF vias:       0
Number of components:     132023
Number of terminals:      212
Number of snets:          2
Number of nets:           133605

[INFO DRT-0167] List of default vias:
  Layer via2
    default via: via2_5
  Layer via3
    default via: via3_2
  Layer via4
    default via: via4_0
  Layer via5
    default via: via5_0
  Layer via6
    default via: via6_0
  Layer via7
    default via: via7_0
  Layer via8
    default via: via8_0
  Layer via9
    default via: via9_0
[INFO DRT-0162] Library cell analysis.
[INFO DRT-0163] Instance analysis.
  Complete 100000 instances.
[INFO DRT-0164] Number of unique instances = 153.
[INFO DRT-0168] Init region query.
[INFO DRT-0018]   Complete 100000 insts.
[INFO DRT-0024]   Complete active.
[INFO DRT-0024]   Complete Fr_VIA.
[INFO DRT-0024]   Complete metal1.
[INFO DRT-0024]   Complete via1.
[INFO DRT-0024]   Complete metal2.
[INFO DRT-0024]   Complete via2.
[INFO DRT-0024]   Complete metal3.
[INFO DRT-0024]   Complete via3.
[INFO DRT-0024]   Complete metal4.
[INFO DRT-0024]   Complete via4.
[INFO DRT-0024]   Complete metal5.
[INFO DRT-0024]   Complete via5.
[INFO DRT-0024]   Complete metal6.
[INFO DRT-0024]   Complete via6.
[INFO DRT-0024]   Complete metal7.
[INFO DRT-0024]   Complete via7.
[INFO DRT-0024]   Complete metal8.
[INFO DRT-0024]   Complete via8.
[INFO DRT-0024]   Complete metal9.
[INFO DRT-0024]   Complete via9.
[INFO DRT-0024]   Complete metal10.
[INFO DRT-0033] active shape region query size = 0.
[INFO DRT-0033] FR_VIA shape region query size = 0.
[INFO DRT-0033] metal1 shape region query size = 2060637.
[INFO DRT-0033] via1 shape region query size = 33966.
[INFO DRT-0033] metal2 shape region query size = 22644.
[INFO DRT-0033] via2 shape region query size = 33966.
[INFO DRT-0033] metal3 shape region query size = 22644.
[INFO DRT-0033] via3 shape region query size = 33966.
[INFO DRT-0033] metal4 shape region query size = 12410.
[INFO DRT-0033] via4 shape region query size = 10540.
[INFO DRT-0033] metal5 shape region query size = 2240.
[INFO DRT-0033] via5 shape region query size = 10540.
[INFO DRT-0033] metal6 shape region query size = 2186.
[INFO DRT-0033] via6 shape region query size = 4216.
[INFO DRT-0033] metal7 shape region query size = 1178.
[INFO DRT-0033] via7 shape region query size = 0.
[INFO DRT-0033] metal8 shape region query size = 0.
[INFO DRT-0033] via8 shape region query size = 0.
[INFO DRT-0033] metal9 shape region query size = 0.
[INFO DRT-0033] via9 shape region query size = 0.
[INFO DRT-0033] metal10 shape region query size = 0.
[INFO DRT-0165] Start pin access.
[INFO DRT-0078]   Complete 910 pins.
[INFO DRT-0079]   Complete 100 unique inst patterns.
[INFO DRT-0081]   Complete 153 unique inst patterns.
[INFO DRT-0082]   Complete 10000 groups.
[INFO DRT-0082]   Complete 20000 groups.
[INFO DRT-0082]   Complete 30000 groups.
