mkdir -p results/nangate45/x1_y5_kimi/base/
echo 2500 > results/nangate45/x1_y5_kimi/base/clock_period.txt
/OpenROAD-flow-scripts/flow/scripts/synth.sh /OpenROAD-flow-scripts/flow/scripts/synth_canonicalize.tcl ./logs/nangate45/x1_y5_kimi/base/1_1_yosys_canonicalize.log
Using ABC speed script.
Extracting clock period from SDC file: ./results/nangate45/x1_y5_kimi/base/clock_period.txt
Setting clock period to 2500
1. Executing Liberty frontend: /OpenROAD-flow-scripts/flow/platforms/nangate45/lib/NangateOpenCellLibrary_typical.lib
2. Executing Liberty frontend: /OpenROAD-flow-scripts/flow/platforms/nangate45/lib/NangateOpenCellLibrary_typical.lib
3. Executing Verilog-2005 frontend: /home/kit/kimi-chip/experiments/x1/rtl/x1_y5_kimi.v
4. Executing Verilog-2005 frontend: /OpenROAD-flow-scripts/flow/platforms/nangate45/cells_clkgate.v
5. Executing HIERARCHY pass (managing design hierarchy).
6. Executing AST frontend in derive mode using pre-parsed AST for module `\x1_y5_kimi'.
Warning: Replacing memory \accum_bank with list of registers. See /home/kit/kimi-chip/experiments/x1/rtl/x1_y5_kimi.v:153
6.1. Analyzing design hierarchy..
6.2. Analyzing design hierarchy..
7. Executing OPT_CLEAN pass (remove unused cells and wires).
Warning: Ignoring module x1_y5_kimi because it contains processes (run 'proc' command first).
8. Executing RTLIL backend.
Warnings: 2 unique messages, 2 total
End of script. Logfile hash: 45a57855b4, time: 0.64s, user: 0.59s, system: 0.03s, MEM: 52.12 MB peak
Yosys 0.68+post (git sha1 UNKNOWN, Release, GNU /usr/local/bin/wrapped-cc/g++ 11.4.0)
Time spent: 77% 1x hierarchy (0 sec), 15% 4x read_liberty (0 sec), ...
Elapsed time: 0:00.66[h:]min:sec. CPU time: user 0.61 sys 0.04 (99%). Peak memory: 56448KB.
Log                       Ext     Elapsed/s Peak Memory/MB sha1sum result [0:20)
1_1_yosys_canonicalize    .rtlil          0             55 be7d1c6033c15a6d691f
/OpenROAD-flow-scripts/flow/scripts/synth.sh /OpenROAD-flow-scripts/flow/scripts/synth.tcl ./logs/nangate45/x1_y5_kimi/base/1_2_yosys.log
Using ABC speed script.
Extracting clock period from SDC file: ./results/nangate45/x1_y5_kimi/base/clock_period.txt
Setting clock period to 2500
1. Executing RTLIL frontend.
2. Executing HIERARCHY pass (managing design hierarchy).
2.1. Analyzing design hierarchy..
2.2. Analyzing design hierarchy..
3. Executing SYNTH pass.
3.1. Executing HIERARCHY pass (managing design hierarchy).
3.1.1. Analyzing design hierarchy..
3.1.2. Analyzing design hierarchy..
3.2. Executing PROC pass (convert processes to netlists).
3.2.1. Executing PROC_CLEAN pass (remove empty switches from decision trees).
3.2.2. Executing PROC_RMDEAD pass (remove dead branches from decision trees).
3.2.3. Executing PROC_PRUNE pass (remove redundant assignments in processes).
3.2.4. Executing PROC_INIT pass (extract init attributes).
3.2.5. Executing PROC_ARST pass (detect async resets in processes).
3.2.6. Executing PROC_ROM pass (convert switches to ROMs).
3.2.7. Executing PROC_MUX pass (convert decision trees to multiplexers).
3.2.8. Executing PROC_DLATCH pass (convert process syncs to latches).
3.2.9. Executing PROC_DFF pass (convert process syncs to FFs).
3.2.10. Executing PROC_MEMWR pass (convert process memory writes to cells).
3.2.11. Executing PROC_CLEAN pass (remove empty switches from decision trees).
3.2.12. Executing OPT_EXPR pass (perform const folding).
3.3. Executing CHECK pass (checking for obvious problems).
3.4. Executing FLATTEN pass (flatten design).
3.5. Executing OPT_EXPR pass (perform const folding).
3.6. Executing OPT_CLEAN pass (remove unused cells and wires).
3.7. Executing CHECK pass (checking for obvious problems).
3.8. Executing OPT pass (performing simple optimizations).
3.8.1. Executing OPT_EXPR pass (perform const folding).
3.8.2. Executing OPT_MERGE pass (detect identical cells).
3.8.3. Executing OPT_MUXTREE pass (detect dead branches in mux trees).
3.8.4. Executing OPT_REDUCE pass (consolidate $*mux and $reduce_* inputs).
3.8.5. Executing OPT_MERGE pass (detect identical cells).
3.8.6. Executing OPT_DFF pass (perform DFF optimizations).
3.8.7. Executing OPT_CLEAN pass (remove unused cells and wires).
3.8.8. Executing OPT_EXPR pass (perform const folding).
3.8.9. Rerunning OPT passes. (Maybe there is more to do..)
3.8.10. Executing OPT_MUXTREE pass (detect dead branches in mux trees).
3.8.11. Executing OPT_REDUCE pass (consolidate $*mux and $reduce_* inputs).
3.8.12. Executing OPT_MERGE pass (detect identical cells).
3.8.13. Executing OPT_DFF pass (perform DFF optimizations).
3.8.14. Executing OPT_CLEAN pass (remove unused cells and wires).
3.8.15. Executing OPT_EXPR pass (perform const folding).
3.8.16. Rerunning OPT passes. (Maybe there is more to do..)
3.8.17. Executing OPT_MUXTREE pass (detect dead branches in mux trees).
3.8.18. Executing OPT_REDUCE pass (consolidate $*mux and $reduce_* inputs).
3.8.19. Executing OPT_MERGE pass (detect identical cells).
3.8.20. Executing OPT_DFF pass (perform DFF optimizations).
3.8.21. Executing OPT_CLEAN pass (remove unused cells and wires).
3.8.22. Executing OPT_EXPR pass (perform const folding).
3.8.23. Finished fast OPT passes. (There is nothing left to do.)
3.9. Executing FSM pass (extract and optimize FSM).
3.9.1. Executing FSM_DETECT pass (finding FSMs in design).
3.9.2. Executing FSM_EXTRACT pass (extracting FSM from design).
3.9.3. Executing FSM_OPT pass (simple optimizations of FSMs).
3.9.4. Executing OPT_CLEAN pass (remove unused cells and wires).
3.9.5. Executing FSM_OPT pass (simple optimizations of FSMs).
3.9.6. Executing FSM_RECODE pass (re-assigning FSM state encoding).
3.9.7. Executing FSM_INFO pass (dumping all available information on FSM cells).
3.9.8. Executing FSM_MAP pass (mapping FSMs to basic logic).
3.10. Executing OPT pass (performing simple optimizations).
3.10.1. Executing OPT_EXPR pass (perform const folding).
3.10.2. Executing OPT_MERGE pass (detect identical cells).
3.10.3. Executing OPT_MUXTREE pass (detect dead branches in mux trees).
3.10.4. Executing OPT_REDUCE pass (consolidate $*mux and $reduce_* inputs).
3.10.5. Executing OPT_MERGE pass (detect identical cells).
3.10.6. Executing OPT_DFF pass (perform DFF optimizations).
3.10.7. Executing OPT_CLEAN pass (remove unused cells and wires).
3.10.8. Executing OPT_EXPR pass (perform const folding).
3.10.9. Rerunning OPT passes. (Maybe there is more to do..)
3.10.10. Executing OPT_MUXTREE pass (detect dead branches in mux trees).
3.10.11. Executing OPT_REDUCE pass (consolidate $*mux and $reduce_* inputs).
3.10.12. Executing OPT_MERGE pass (detect identical cells).
3.10.13. Executing OPT_DFF pass (perform DFF optimizations).
3.10.14. Executing OPT_CLEAN pass (remove unused cells and wires).
3.10.15. Executing OPT_EXPR pass (perform const folding).
3.10.16. Rerunning OPT passes. (Maybe there is more to do..)
3.10.17. Executing OPT_MUXTREE pass (detect dead branches in mux trees).
3.10.18. Executing OPT_REDUCE pass (consolidate $*mux and $reduce_* inputs).
3.10.19. Executing OPT_MERGE pass (detect identical cells).
3.10.20. Executing OPT_DFF pass (perform DFF optimizations).
3.10.21. Executing OPT_CLEAN pass (remove unused cells and wires).
3.10.22. Executing OPT_EXPR pass (perform const folding).
3.10.23. Finished fast OPT passes. (There is nothing left to do.)
3.11. Executing WREDUCE pass (reducing word size of cells).
3.12. Executing PEEPOPT pass (run peephole optimizers).
3.13. Executing OPT_CLEAN pass (remove unused cells and wires).
3.14. Executing ALUMACC pass (create $alu and $macc cells).
3.15. Executing SHARE pass (SAT-based resource sharing).
3.16. Executing OPT pass (performing simple optimizations).
3.16.1. Executing OPT_EXPR pass (perform const folding).
3.16.2. Executing OPT_MERGE pass (detect identical cells).
3.16.3. Executing OPT_MUXTREE pass (detect dead branches in mux trees).
3.16.4. Executing OPT_REDUCE pass (consolidate $*mux and $reduce_* inputs).
3.16.5. Executing OPT_MERGE pass (detect identical cells).
3.16.6. Executing OPT_DFF pass (perform DFF optimizations).
3.16.7. Executing OPT_CLEAN pass (remove unused cells and wires).
3.16.8. Executing OPT_EXPR pass (perform const folding).
3.16.9. Rerunning OPT passes. (Maybe there is more to do..)
3.16.10. Executing OPT_MUXTREE pass (detect dead branches in mux trees).
3.16.11. Executing OPT_REDUCE pass (consolidate $*mux and $reduce_* inputs).
3.16.12. Executing OPT_MERGE pass (detect identical cells).
3.16.13. Executing OPT_DFF pass (perform DFF optimizations).
3.16.14. Executing OPT_CLEAN pass (remove unused cells and wires).
3.16.15. Executing OPT_EXPR pass (perform const folding).
3.16.16. Finished fast OPT passes. (There is nothing left to do.)
3.17. Executing MEMORY pass.
3.17.1. Executing OPT_MEM pass (optimize memories).
3.17.2. Executing OPT_MEM_PRIORITY pass (removing unnecessary memory write priority relations).
3.17.3. Executing OPT_MEM_FEEDBACK pass (finding memory read-to-write feedback paths).
3.17.4. Executing MEMORY_BMUX2ROM pass (converting muxes to ROMs).
3.17.5. Executing MEMORY_DFF pass (merging $dff cells to $memrd).
3.17.6. Executing OPT_CLEAN pass (remove unused cells and wires).
3.17.7. Executing MEMORY_SHARE pass (consolidating $memrd/$memwr cells).
3.17.8. Executing OPT_MEM_WIDEN pass (optimize memories where all ports are wide).
3.17.9. Executing OPT_CLEAN pass (remove unused cells and wires).
3.17.10. Executing MEMORY_COLLECT pass (generating $mem cells).
3.18. Executing OPT_CLEAN pass (remove unused cells and wires).
4. Executing SYNTH pass.
4.1. Executing OPT pass (performing simple optimizations).
4.1.1. Executing OPT_EXPR pass (perform const folding).
4.1.2. Executing OPT_MERGE pass (detect identical cells).
4.1.3. Executing OPT_DFF pass (perform DFF optimizations).
4.1.4. Executing OPT_CLEAN pass (remove unused cells and wires).
4.1.5. Finished fast OPT passes.
4.2. Executing MEMORY_MAP pass (converting memories to logic and flip-flops).
4.3. Executing OPT pass (performing simple optimizations).
4.3.1. Executing OPT_EXPR pass (perform const folding).
4.3.2. Executing OPT_MERGE pass (detect identical cells).
4.3.3. Executing OPT_MUXTREE pass (detect dead branches in mux trees).
4.3.4. Executing OPT_REDUCE pass (consolidate $*mux and $reduce_* inputs).
4.3.5. Executing OPT_MERGE pass (detect identical cells).
4.3.6. Executing OPT_SHARE pass.
4.3.7. Executing OPT_DFF pass (perform DFF optimizations).
4.3.8. Executing OPT_CLEAN pass (remove unused cells and wires).
4.3.9. Executing OPT_EXPR pass (perform const folding).
4.3.10. Rerunning OPT passes. (Maybe there is more to do..)
4.3.11. Executing OPT_MUXTREE pass (detect dead branches in mux trees).
4.3.12. Executing OPT_REDUCE pass (consolidate $*mux and $reduce_* inputs).
4.3.13. Executing OPT_MERGE pass (detect identical cells).
4.3.14. Executing OPT_SHARE pass.
4.3.15. Executing OPT_DFF pass (perform DFF optimizations).
4.3.16. Executing OPT_CLEAN pass (remove unused cells and wires).
4.3.17. Executing OPT_EXPR pass (perform const folding).
4.3.18. Finished fast OPT passes. (There is nothing left to do.)
4.4. Executing TECHMAP pass (map to technology primitives).
4.4.1. Executing Verilog-2005 frontend: /OpenROAD-flow-scripts/tools/install/yosys/bin/../share/yosys/techmap.v
4.4.2. Executing Verilog-2005 frontend: /OpenROAD-flow-scripts/flow/platforms/common/lcu_kogge_stone.v
4.4.3. Continuing TECHMAP pass.
4.5. Executing OPT pass (performing simple optimizations).
4.5.1. Executing OPT_EXPR pass (perform const folding).
4.5.2. Executing OPT_MERGE pass (detect identical cells).
4.5.3. Executing OPT_DFF pass (perform DFF optimizations).
4.5.4. Executing OPT_CLEAN pass (remove unused cells and wires).
4.5.5. Finished fast OPT passes.
4.6. Executing HIERARCHY pass (managing design hierarchy).
4.6.1. Analyzing design hierarchy..
4.6.2. Analyzing design hierarchy..
4.7. Printing statistics.
4.8. Executing CHECK pass (checking for obvious problems).
5. Executing OPT pass (performing simple optimizations).
5.1. Executing OPT_EXPR pass (perform const folding).
5.2. Executing OPT_MERGE pass (detect identical cells).
5.3. Executing OPT_MUXTREE pass (detect dead branches in mux trees).
5.4. Executing OPT_REDUCE pass (consolidate $*mux and $reduce_* inputs).
5.5. Executing OPT_MERGE pass (detect identical cells).
5.6. Executing OPT_DFF pass (perform DFF optimizations).
5.7. Executing OPT_CLEAN pass (remove unused cells and wires).
5.8. Executing OPT_EXPR pass (perform const folding).
5.9. Rerunning OPT passes. (Maybe there is more to do..)
5.10. Executing OPT_MUXTREE pass (detect dead branches in mux trees).
5.11. Executing OPT_REDUCE pass (consolidate $*mux and $reduce_* inputs).
5.12. Executing OPT_MERGE pass (detect identical cells).
5.13. Executing OPT_DFF pass (perform DFF optimizations).
5.14. Executing OPT_CLEAN pass (remove unused cells and wires).
5.15. Executing OPT_EXPR pass (perform const folding).
5.16. Finished fast OPT passes. (There is nothing left to do.)
6. Executing DFFLEGALIZE pass (convert FFs to types supported by the target).
7. Executing TECHMAP pass (map to technology primitives).
7.1. Executing Verilog-2005 frontend: /OpenROAD-flow-scripts/flow/platforms/nangate45/cells_latch.v
7.2. Continuing TECHMAP pass.
8. Executing DFFLIBMAP pass (mapping DFF cells to sequential cells from liberty file).
8.1. Executing DFFLEGALIZE pass (convert FFs to types supported by the target).
9. Executing OPT pass (performing simple optimizations).
9.1. Executing OPT_EXPR pass (perform const folding).
9.2. Executing OPT_MERGE pass (detect identical cells).
9.3. Executing OPT_MUXTREE pass (detect dead branches in mux trees).
9.4. Executing OPT_REDUCE pass (consolidate $*mux and $reduce_* inputs).
9.5. Executing OPT_MERGE pass (detect identical cells).
9.6. Executing OPT_DFF pass (perform DFF optimizations).
9.7. Executing OPT_CLEAN pass (remove unused cells and wires).
9.8. Executing OPT_EXPR pass (perform const folding).
9.9. Rerunning OPT passes. (Maybe there is more to do..)
9.10. Executing OPT_MUXTREE pass (detect dead branches in mux trees).
9.11. Executing OPT_REDUCE pass (consolidate $*mux and $reduce_* inputs).
9.12. Executing OPT_MERGE pass (detect identical cells).
9.13. Executing OPT_DFF pass (perform DFF optimizations).
9.14. Executing OPT_CLEAN pass (remove unused cells and wires).
9.15. Executing OPT_EXPR pass (perform const folding).
9.16. Finished fast OPT passes. (There is nothing left to do.)
10. Executing SETUNDEF pass (replace undef values with defined constants).
abc -script /OpenROAD-flow-scripts/flow/scripts/abc_speed.script -liberty /OpenROAD-flow-scripts/flow/platforms/nangate45/lib/NangateOpenCellLibrary_typical.lib -dont_use TAPCELL_X1 -dont_use FILLCELL_X1 -dont_use AOI211_X1 -dont_use OAI211_X1 -constr ./objects/nangate45/x1_y5_kimi/base/abc.constr -D 2500
11. Executing ABC pass (technology mapping using ABC).
11.1. Extracting gate netlist of module `\x1_y5_kimi' to `<abc-temp-dir>/input.blif'..
11.1.1. Executed ABC.
11.1.2. Re-integrating ABC results.
Took 288 seconds: abc -script /OpenROAD-flow-scripts/flow/scripts/abc_speed.script -liberty /OpenROAD-flow-scripts/flow/platforms/nangate45/lib/NangateOpenCellLibrary_typical.lib -dont_use TAPCELL_X1 -dont_use FILLCELL_X1 -dont_use AOI211_X1 -dont_use OAI211_X1 -constr ./objects/nangate45/x1_y5_kimi/base/abc.constr -D 2500
12. Executing SPLITNETS pass (splitting up multi-bit signals).
13. Executing OPT_CLEAN pass (remove unused cells and wires).
14. Executing HILOMAP pass (mapping to constant drivers).
15. Executing INSBUF pass (insert buffer cells for connected wires).
16. Executing CHECK pass (checking for obvious problems).
17. Printing statistics.
18. Executing CHECK pass (checking for obvious problems).
19. Executing Verilog backend.
19.1. Executing BMUXMAP pass.
19.2. Executing DEMUXMAP pass.
End of script. Logfile hash: 2df8e0315c, time: 344.20s, user: 72.76s, system: 0.95s, MEM: 680.66 MB peak
Yosys 0.68+post (git sha1 UNKNOWN, Release, GNU /usr/local/bin/wrapped-cc/g++ 11.4.0)
Time spent: 80% 1x abc (287 sec), 5% 30x opt_expr (19 sec), ...
Elapsed time: 5:44.70[h:]min:sec. CPU time: user 357.14 sys 1.23 (103%). Peak memory: 697000KB.
Log                       Ext     Elapsed/s Peak Memory/MB sha1sum result [0:20)
1_2_yosys                 .v            344            680 86ee3d780507274cec04
cp /home/kit/kimi-chip/experiments/x1/flow/constraint_y5.sdc results/nangate45/x1_y5_kimi/base/1_2_yosys.sdc
touch -r /home/kit/kimi-chip/experiments/x1/flow/constraint_y5.sdc results/nangate45/x1_y5_kimi/base/1_2_yosys.sdc
OpenROAD 26Q3-1080-gab6fd26351 
Features included (+) or not (-): +GPU +GUI +Python
This program is licensed under the BSD-3 license. See the LICENSE file for details.
Components of this program may be licensed under more restrictive licenses which must be honored.
[INFO ORD-0030] Using 4 thread(s).
mkdir -p ./objects/nangate45/x1_y5_kimi/base
/OpenROAD-flow-scripts/flow/scripts/flow.sh 1_synth synth_odb
Running synth_odb.tcl, stage 1_synth
read_liberty /OpenROAD-flow-scripts/flow/platforms/nangate45/lib/NangateOpenCellLibrary_typical.lib
[INFO ODB-0227] LEF file: /OpenROAD-flow-scripts/flow/platforms/nangate45/lef/NangateOpenCellLibrary.tech.lef, created 22 layers, 27 vias
[INFO ODB-0227] LEF file: /OpenROAD-flow-scripts/flow/platforms/nangate45/lef/NangateOpenCellLibrary.macro.mod.lef, created 135 library cells
link_design x1_y5_kimi
read_sdc ./results/nangate45/x1_y5_kimi/base/1_2_yosys.sdc
source /OpenROAD-flow-scripts/flow/platforms/nangate45/setRC.tcl
eliminate_dead_logic
Removed 0 unused instances and 0 unused nets.
Design area 165980 um^2 100% utilization.
write_db ./results/nangate45/x1_y5_kimi/base/1_synth.odb
write_sdc -no_timestamp ./results/nangate45/x1_y5_kimi/base/1_synth.sdc
Elapsed time: 0:04.12[h:]min:sec. CPU time: user 3.84 sys 0.28 (99%). Peak memory: 411684KB.
Log                       Ext     Elapsed/s Peak Memory/MB sha1sum result [0:20)
1_synth                   .odb            4            402 9932cd3da0bcf16d65a5
1_synth                   .sdc                             a821a8cf62e7669ef6a1
/OpenROAD-flow-scripts/flow/scripts/flow.sh 2_1_floorplan floorplan
Running floorplan.tcl, stage 2_1_floorplan
read_liberty /OpenROAD-flow-scripts/flow/platforms/nangate45/lib/NangateOpenCellLibrary_typical.lib
read_db ./results/nangate45/x1_y5_kimi/base/1_synth.odb
read_sdc ./results/nangate45/x1_y5_kimi/base/1_synth.sdc
source /OpenROAD-flow-scripts/flow/platforms/nangate45/setRC.tcl

==========================================================================
Floorplan check_setup
--------------------------------------------------------------------------
number instances in verilog is 131415
[INFO IFP-0107] Defining die area using utilization: 20.00% and aspect ratio: 1.
[WARNING IFP-0028] Core area lower left (1.000, 1.000) snapped to (1.140, 1.400).
[INFO IFP-0001] Added 650 rows of 4793 site FreePDK45_38x28_10R_NP_162NW_34O.
[INFO IFP-0100] Die BBox:  (  0.000  0.000 ) ( 912.990 912.990 ) um
[INFO IFP-0101] Core BBox: (  1.140  1.400 ) ( 911.810 911.400 ) um
[INFO IFP-0102] Core area:                       828709.700 um^2
[INFO IFP-0103] Total instances area:            165979.744 um^2
[INFO IFP-0104] Effective utilization:                0.200
[INFO IFP-0105] Number of instances:                 131415
source /OpenROAD-flow-scripts/flow/platforms/nangate45/make_tracks.tcl
source /OpenROAD-flow-scripts/flow/platforms/nangate45/fastroute.tcl
Repair tie lo fanout...
[INFO RSZ-0042] Inserted 6 tie LOGIC0_X1 instances.
Repair tie hi fanout...
repair_timing -setup_margin 0 -hold_margin 0 -repair_tns 100 -setup -skip_last_gasp -sequence unbuffer,sizeup,swap,vt_swap -verbose
[WARNING EST-0027] no estimated parasitics. Using wire load models.
[INFO RSZ-0100] Repair move sequence: UnbufferMove SizeUpMove SwapPinsMove 
[INFO RSZ-0098] No setup violations found
[INFO RSZ-0505] Runtime: 0.61s
Default units for flow
 time 1ns
 capacitance 1fF
 resistance 1kohm
 voltage 1v
 current 1mA
 power 1nW
 distance 1um
   Layer   | Unit Resistance | Unit Capacitance 
           |       (kohm/um) |          (fF/um)
------------------------------------------------
    metal1 |        5.43e-03 |         7.42e-02
    metal2 |        3.57e-03 |         8.34e-02
    metal3 |        3.57e-03 |         1.04e-01
    metal4 |        1.50e-03 |         1.19e-01
    metal5 |        1.50e-03 |         1.09e-01
    metal6 |        1.50e-03 |         1.14e-01
    metal7 |        1.88e-04 |         1.17e-01
    metal8 |        1.88e-04 |         9.45e-02
    metal9 |        3.75e-05 |         1.06e-01
   metal10 |        3.75e-05 |         7.37e-01
------------------------------------------------

   Layer   | Via Resistance 
           |         (kohm) 
----------------------------
      via1 |       5.00e-03 
      via2 |       5.00e-03 
      via3 |       5.00e-03 
      via4 |       3.00e-03 
      via5 |       3.00e-03 
      via6 |       3.00e-03 
      via7 |       1.00e-03 
      via8 |       1.00e-03 
      via9 |       5.00e-04 
----------------------------
Report metrics stage 2, floorplan final...

==========================================================================
floorplan final report_design_area
--------------------------------------------------------------------------
Design area 165982 um^2 20% utilization.
write_db ./results/nangate45/x1_y5_kimi/base/2_1_floorplan.odb
write_sdc -no_timestamp ./results/nangate45/x1_y5_kimi/base/2_1_floorplan.sdc
Elapsed time: 0:39.17[h:]min:sec. CPU time: user 44.50 sys 0.84 (115%). Peak memory: 610180KB.
Log                       Ext     Elapsed/s Peak Memory/MB sha1sum result [0:20)
2_1_floorplan             .odb           39            595 cc21a0116584c624800f
2_1_floorplan             .sdc                             a821a8cf62e7669ef6a1
/OpenROAD-flow-scripts/flow/scripts/flow.sh 2_2_floorplan_macro macro_place
Running macro_place.tcl, stage 2_2_floorplan_macro
read_liberty /OpenROAD-flow-scripts/flow/platforms/nangate45/lib/NangateOpenCellLibrary_typical.lib
read_db ./results/nangate45/x1_y5_kimi/base/2_1_floorplan.odb
read_sdc ./results/nangate45/x1_y5_kimi/base/2_1_floorplan.sdc
source /OpenROAD-flow-scripts/flow/platforms/nangate45/setRC.tcl
No macros found: Skipping macro_placement
Design area 165982 um^2 20% utilization.
write_db ./results/nangate45/x1_y5_kimi/base/2_2_floorplan_macro.odb
Elapsed time: 0:01.45[h:]min:sec. CPU time: user 1.23 sys 0.22 (99%). Peak memory: 316612KB.
Log                       Ext     Elapsed/s Peak Memory/MB sha1sum result [0:20)
2_2_floorplan_macro       .odb            1            309 cc21a0116584c624800f
/OpenROAD-flow-scripts/flow/scripts/flow.sh 2_3_floorplan_tapcell tapcell
Running tapcell.tcl, stage 2_3_floorplan_tapcell
read_liberty /OpenROAD-flow-scripts/flow/platforms/nangate45/lib/NangateOpenCellLibrary_typical.lib
read_db ./results/nangate45/x1_y5_kimi/base/2_2_floorplan_macro.odb
read_sdc ./results/nangate45/x1_y5_kimi/base/2_1_floorplan.sdc
source /OpenROAD-flow-scripts/flow/platforms/nangate45/setRC.tcl
[INFO TAP-0004] Inserted 1300 endcaps.
[INFO TAP-0005] Inserted 2282 tapcells.
Design area 166935 um^2 20% utilization.
write_db ./results/nangate45/x1_y5_kimi/base/2_3_floorplan_tapcell.odb
Elapsed time: 0:01.16[h:]min:sec. CPU time: user 0.97 sys 0.19 (99%). Peak memory: 241048KB.
Log                       Ext     Elapsed/s Peak Memory/MB sha1sum result [0:20)
2_3_floorplan_tapcell     .odb            1            235 802f98ee444de7c4bf08
/OpenROAD-flow-scripts/flow/scripts/flow.sh 2_4_floorplan_pdn pdn
Running pdn.tcl, stage 2_4_floorplan_pdn
read_liberty /OpenROAD-flow-scripts/flow/platforms/nangate45/lib/NangateOpenCellLibrary_typical.lib
read_db ./results/nangate45/x1_y5_kimi/base/2_3_floorplan_tapcell.odb
read_sdc ./results/nangate45/x1_y5_kimi/base/2_1_floorplan.sdc
source /OpenROAD-flow-scripts/flow/platforms/nangate45/setRC.tcl
[WARNING PDN-1051] No instances found for grid (CORE_macro_grid_1).
[WARNING PDN-1051] No instances found for grid (CORE_macro_grid_2).
[INFO PDN-0001] Inserting grid: grid
[INFO PDN-0500] Runtime: 0.22s
Design area 166935 um^2 20% utilization.
write_db ./results/nangate45/x1_y5_kimi/base/2_4_floorplan_pdn.odb
Elapsed time: 0:02.38[h:]min:sec. CPU time: user 2.18 sys 0.20 (99%). Peak memory: 328884KB.
Log                       Ext     Elapsed/s Peak Memory/MB sha1sum result [0:20)
2_4_floorplan_pdn         .odb            2            321 19a1e710a34ca47b7ea4
cp ./results/nangate45/x1_y5_kimi/base/2_4_floorplan_pdn.odb ./results/nangate45/x1_y5_kimi/base/2_floorplan.odb
cp ./results/nangate45/x1_y5_kimi/base/2_1_floorplan.sdc ./results/nangate45/x1_y5_kimi/base/2_floorplan.sdc
/OpenROAD-flow-scripts/flow/scripts/flow.sh 3_1_place_gp_skip_io global_place_skip_io
Running global_place_skip_io.tcl, stage 3_1_place_gp_skip_io
read_liberty /OpenROAD-flow-scripts/flow/platforms/nangate45/lib/NangateOpenCellLibrary_typical.lib
read_db ./results/nangate45/x1_y5_kimi/base/2_floorplan.odb
read_sdc ./results/nangate45/x1_y5_kimi/base/2_floorplan.sdc
source /OpenROAD-flow-scripts/flow/platforms/nangate45/setRC.tcl
[INFO GPL-0022] Initialize gpl and calculate uniform density.
Placement density is 0.2785000039637089, computed from PLACE_DENSITY_LB_ADDON  0.05 and lower bound 0.23000000417232513
global_placement -skip_io -density 0.2785000039637089 -pad_left 0 -pad_right 0
[INFO GPL-0001] ---- Initialize GPL Main Data Structures
[INFO GPL-0002] DBU: 2000
[INFO GPL-0003] SiteSize: (  0.190  1.400 ) um
[INFO GPL-0004] CoreBBox: (  1.140  1.400 ) ( 911.810 911.400 ) um
[INFO GPL-0016] Core area:                  828709.700 um^2
[INFO GPL-0036] Movable instances area:     165982.404 um^2
[INFO GPL-0037] Total instances area:       166935.216 um^2
[INFO GPL-0035] Pin density area adjust:     24022.968 um^2
[INFO GPL-0032] ---- Initialize Region: Top-level
[INFO GPL-0006] Number of instances:            135002
[INFO GPL-0007] Movable instances:              131420
[INFO GPL-0008] Fixed instances:                  3582
[INFO GPL-0009] Dummy instances:                     0
[INFO GPL-0010] Number of nets:                 137788
[INFO GPL-0011] Number of pins:                 454507
[INFO GPL-0012] Die BBox:       (  0.000  0.000 ) ( 912.990 912.990 ) um
[INFO GPL-0013] Placement BBox: (  1.140  1.400 ) ( 911.810 911.400 ) um
[INFO GPL-0014] Region name: top-level.
[INFO GPL-0015] Region area:                828709.700 um^2
[INFO GPL-0017] Fixed instances area:          952.812 um^2
[INFO GPL-0018] Movable instances area:     190005.372 um^2
[INFO GPL-0019] Utilization:                    22.954 %
[INFO GPL-0020] Standard cells area:        190005.372 um^2
[INFO GPL-0021] Large instances area:            0.000 um^2
[INFO GPL-0005] ---- Execute Conjugate Gradient Initial Placement.
[INFO GPL-0051] Source of initial instance position counters:
	Odb location = 0	Core center = 131420	Region center = 0
[INFO GPL-0033] ---- Initialize Nesterov Region: Top-level
[INFO GPL-0023] Placement target density:       0.2785
[INFO GPL-0024] Movable insts average area:      1.446 um^2
[INFO GPL-0025] Ideal bin area:                  5.191 um^2
[INFO GPL-0026] Ideal bin count:                159633
[INFO GPL-0027] Total bin area:             828709.700 um^2
[INFO GPL-0028] Bin count (X, Y):         256 ,    256
[INFO GPL-0029] Bin size (W * H):       3.557 *  3.555 um
[INFO GPL-0030] Number of bins:                  65536
[INFO GPL-0084] ---- Execute Nesterov Global Placement.
[INFO GPL-0031] HPWL: Half-Perimeter Wirelength
Iteration | Overflow |     HPWL (um) |  HPWL(%) |   Penalty | Group
---------------------------------------------------------------
        0 |   0.9998 |  9.258555e+04 |   +0.00% |  1.81e-16 |      
       10 |   0.9997 |  6.050493e+04 |  -34.65% |  2.94e-16 |      
       20 |   0.9997 |  6.008504e+04 |   -0.69% |  4.80e-16 |      
       30 |   0.9997 |  5.996344e+04 |   -0.20% |  7.81e-16 |      
       40 |   0.9997 |  5.994366e+04 |   -0.03% |  1.27e-15 |      
       50 |   0.9997 |  5.993185e+04 |   -0.02% |  2.07e-15 |      
       60 |   0.9997 |  5.993233e+04 |   +0.00% |  3.38e-15 |      
       70 |   0.9997 |  5.994633e+04 |   +0.02% |  5.50e-15 |      
       80 |   0.9997 |  5.998230e+04 |   +0.06% |  8.96e-15 |      
       90 |   0.9997 |  6.009775e+04 |   +0.19% |  1.46e-14 |      
      100 |   0.9997 |  6.050798e+04 |   +0.68% |  2.38e-14 |      
      110 |   0.9996 |  6.229150e+04 |   +2.95% |  3.87e-14 |      
      120 |   0.9995 |  7.196144e+04 |  +15.52% |  6.29e-14 |      
      130 |   0.9992 |  1.118891e+05 |  +55.48% |  1.02e-13 |      
      140 |   0.9987 |  1.860903e+05 |  +66.32% |  1.63e-13 |      
      150 |   0.9980 |  2.668349e+05 |  +43.39% |  2.61e-13 |      
      160 |   0.9972 |  3.361134e+05 |  +25.96% |  4.19e-13 |      
      170 |   0.9962 |  4.053126e+05 |  +20.59% |  6.72e-13 |      
      180 |   0.9943 |  5.062827e+05 |  +24.91% |  1.07e-12 |      
      190 |   0.9913 |  6.475304e+05 |  +27.90% |  1.69e-12 |      
      200 |   0.9866 |  8.104074e+05 |  +25.15% |  2.66e-12 |      
      210 |   0.9803 |  9.873454e+05 |  +21.83% |  4.17e-12 |      
      220 |   0.9724 |  1.194089e+06 |  +20.94% |  6.50e-12 |      
      230 |   0.9606 |  1.439110e+06 |  +20.52% |  1.00e-11 |      
      240 |   0.9443 |  1.705425e+06 |  +18.51% |  1.54e-11 |      
      250 |   0.9258 |  1.977581e+06 |  +15.96% |  2.37e-11 |      
      260 |   0.9024 |  2.267341e+06 |  +14.65% |  3.63e-11 |      
      270 |   0.8742 |  2.558773e+06 |  +12.85% |  5.54e-11 |      
      280 |   0.8409 |  2.848375e+06 |  +11.32% |  8.47e-11 |      
      290 |   0.8016 |  3.111064e+06 |   +9.22% |  1.30e-10 |      
      300 |   0.7602 |  3.387650e+06 |   +8.89% |  2.00e-10 |      
      310 |   0.7076 |  3.714456e+06 |   +9.65% |  3.03e-10 |      
      320 |   0.6514 |  4.130578e+06 |  +11.20% |  4.51e-10 |      
      330 |   0.6038 |  4.509912e+06 |   +9.18% |  6.76e-10 |      
      340 |   0.5909 |  4.852443e+06 |   +7.60% |  1.02e-09 |      
      350 |   0.5443 |  5.043467e+06 |   +3.94% |  1.59e-09 |      
      360 |   0.5091 |  5.062169e+06 |   +0.37% |  2.57e-09 |      
      370 |   0.4607 |  5.080645e+06 |   +0.36% |  4.17e-09 |      
      380 |   0.4175 |  5.116069e+06 |   +0.70% |  6.75e-09 |      
      390 |   0.3890 |  5.237245e+06 |   +2.37% |  1.07e-08 |      
      400 |   0.3565 |  5.210178e+06 |   -0.52% |  1.74e-08 |      
      410 |   0.3249 |  5.161886e+06 |   -0.93% |  2.64e-08 |      
      420 |   0.3012 |  5.173411e+06 |   +0.22% |  3.88e-08 |      
      430 |   0.2727 |  5.146830e+06 |   -0.51% |  5.71e-08 |      
      440 |   0.2467 |  5.143594e+06 |   -0.06% |  8.41e-08 |      
      450 |   0.2187 |  5.133216e+06 |   -0.20% |  1.24e-07 |      
      460 |   0.1923 |  5.130997e+06 |   -0.04% |  1.82e-07 |      
      470 |   0.1664 |  5.128660e+06 |   -0.05% |  2.69e-07 |      
      480 |   0.1442 |  5.127505e+06 |   -0.02% |  3.96e-07 |      
      490 |   0.1243 |  5.127842e+06 |   +0.01% |  5.83e-07 |      
      500 |   0.1068 |  5.129047e+06 |   +0.02% |  8.59e-07 |      
      505 |   0.0996 |  5.130087e+06 |          |  1.08e-06 |      
---------------------------------------------------------------
[INFO GPL-1001] Global placement finished at iteration 505
[INFO GPL-1002] Placed Cell Area            190005.3720
[INFO GPL-1003] Available Free Area         827756.8880
[INFO GPL-1004] Minimum Feasible Density        0.2300 (cell_area / free_area)
[INFO GPL-1006]   Suggested Target Densities:
[INFO GPL-1007]     - For 90% usage of free space: 0.2550
[INFO GPL-1008]     - For 80% usage of free space: 0.2869
[INFO GPL-1009]     - For 50% usage of free space: 0.4591
[INFO GPL-1014] Final placement area: 190005.37 (+0.00%)
Took 45 seconds: global_placement -skip_io -density 0.2785000039637089 -pad_left 0 -pad_right 0
Design area 166935 um^2 20% utilization.
write_db ./results/nangate45/x1_y5_kimi/base/3_1_place_gp_skip_io.odb
Elapsed time: 0:47.88[h:]min:sec. CPU time: user 129.19 sys 0.57 (271%). Peak memory: 622060KB.
Log                       Ext     Elapsed/s Peak Memory/MB sha1sum result [0:20)
3_1_place_gp_skip_io      .odb           47            607 6f9cd1e888bfaf929271
/OpenROAD-flow-scripts/flow/scripts/flow.sh 3_2_place_iop io_placement
Running io_placement.tcl, stage 3_2_place_iop
read_liberty /OpenROAD-flow-scripts/flow/platforms/nangate45/lib/NangateOpenCellLibrary_typical.lib
read_db ./results/nangate45/x1_y5_kimi/base/3_1_place_gp_skip_io.odb
read_sdc ./results/nangate45/x1_y5_kimi/base/2_floorplan.sdc
source /OpenROAD-flow-scripts/flow/platforms/nangate45/setRC.tcl
place_pins -hor_layers metal5 -ver_layers metal6
Found 0 macro blocks.
Using 2 tracks default min distance between IO pins.
[INFO PPL-0001] Number of available slots 6508
[INFO PPL-0002] Number of I/O             210
[INFO PPL-0003] Number of I/O w/sink      210
[INFO PPL-0004] Number of I/O w/o sink    0
[INFO PPL-0005] Slots per section         200
[INFO PPL-0008] Successfully assigned pins to sections.
[INFO PPL-0012] I/O nets HPWL: 66573.10 um.
Design area 166935 um^2 20% utilization.
write_db ./results/nangate45/x1_y5_kimi/base/3_2_place_iop.odb
Elapsed time: 0:01.41[h:]min:sec. CPU time: user 1.20 sys 0.21 (99%). Peak memory: 323956KB.
Log                       Ext     Elapsed/s Peak Memory/MB sha1sum result [0:20)
3_2_place_iop             .odb            1            316 150ff15cb0ac1f5695b4
/OpenROAD-flow-scripts/flow/scripts/flow.sh 3_3_place_gp global_place
Running global_place.tcl, stage 3_3_place_gp
read_liberty /OpenROAD-flow-scripts/flow/platforms/nangate45/lib/NangateOpenCellLibrary_typical.lib
read_db ./results/nangate45/x1_y5_kimi/base/3_2_place_iop.odb
read_sdc ./results/nangate45/x1_y5_kimi/base/2_floorplan.sdc
source /OpenROAD-flow-scripts/flow/platforms/nangate45/setRC.tcl
[INFO RSZ-0026] Removed 12888 buffers.
Perform port buffering...
[INFO RSZ-0027] Inserted 142 BUF_X1 input buffers.
[INFO RSZ-0028] Inserted 61 BUF_X1 output buffers.
[INFO GPL-0022] Initialize gpl and calculate uniform density.
Placement density is 0.26899999886751175, computed from PLACE_DENSITY_LB_ADDON  0.05 and lower bound 0.2199999988079071
global_placement -density 0.26899999886751175 -pad_left 0 -pad_right 0 -routability_driven -timing_driven -force_center_initial_place -min_phi_coef 0.95 -max_phi_coef 1.05
[INFO GPL-0001] ---- Initialize GPL Main Data Structures
[INFO GPL-0002] DBU: 2000
[INFO GPL-0003] SiteSize: (  0.190  1.400 ) um
[INFO GPL-0004] CoreBBox: (  1.140  1.400 ) ( 911.810 911.400 ) um
[INFO GPL-0016] Core area:                  828709.700 um^2
[INFO GPL-0036] Movable instances area:     153785.772 um^2
[INFO GPL-0037] Total instances area:       154738.584 um^2
[INFO GPL-0035] Pin density area adjust:     21760.866 um^2
[INFO GPL-0032] ---- Initialize Region: Top-level
[INFO GPL-0006] Number of instances:            122317
[INFO GPL-0007] Movable instances:              118735
[INFO GPL-0008] Fixed instances:                  3582
[INFO GPL-0009] Dummy instances:                     0
[INFO GPL-0010] Number of nets:                 125103
[INFO GPL-0011] Number of pins:                 429347
[INFO GPL-0012] Die BBox:       (  0.000  0.000 ) ( 912.990 912.990 ) um
[INFO GPL-0013] Placement BBox: (  1.140  1.400 ) ( 911.810 911.400 ) um
[INFO GPL-0014] Region name: top-level.
[INFO GPL-0015] Region area:                828709.700 um^2
[INFO GPL-0017] Fixed instances area:          952.812 um^2
[INFO GPL-0018] Movable instances area:     175546.638 um^2
[INFO GPL-0019] Utilization:                    21.208 %
[INFO GPL-0020] Standard cells area:        175546.638 um^2
[INFO GPL-0021] Large instances area:            0.000 um^2
[INFO GPL-0005] ---- Execute Conjugate Gradient Initial Placement.
[INFO GPL-0051] Source of initial instance position counters:
	Odb location = 0	Core center = 118735	Region center = 0
[InitialPlace]  Iter: 1 conjugate gradient residual: 0.00210331 HPWL: 5298274424
[InitialPlace]  Iter: 2 conjugate gradient residual: 0.00010098 HPWL: 968282873
[InitialPlace]  Iter: 3 conjugate gradient residual: 0.00001242 HPWL: 959010851
[InitialPlace]  Iter: 4 conjugate gradient residual: 0.00004072 HPWL: 945678977
[InitialPlace]  Iter: 5 conjugate gradient residual: 0.00002659 HPWL: 931102605
[InitialPlace]  Iter: 6 conjugate gradient residual: 0.00002130 HPWL: 928095490
[InitialPlace]  Iter: 7 conjugate gradient residual: 0.00002168 HPWL: 926770812
[InitialPlace]  Iter: 8 conjugate gradient residual: 0.00002126 HPWL: 928417465
[InitialPlace]  Iter: 9 conjugate gradient residual: 0.00002134 HPWL: 928022194
[InitialPlace]  Iter: 10 conjugate gradient residual: 0.00002102 HPWL: 929714116
[InitialPlace]  Iter: 11 conjugate gradient residual: 0.00002170 HPWL: 929481182
[InitialPlace]  Iter: 12 conjugate gradient residual: 0.00002125 HPWL: 931203295
[InitialPlace]  Iter: 13 conjugate gradient residual: 0.00002272 HPWL: 930736182
[InitialPlace]  Iter: 14 conjugate gradient residual: 0.00002403 HPWL: 932325898
[InitialPlace]  Iter: 15 conjugate gradient residual: 0.00002311 HPWL: 931668927
[InitialPlace]  Iter: 16 conjugate gradient residual: 0.00002185 HPWL: 933052865
[InitialPlace]  Iter: 17 conjugate gradient residual: 0.00003149 HPWL: 932115602
[InitialPlace]  Iter: 18 conjugate gradient residual: 0.00002814 HPWL: 933191776
[InitialPlace]  Iter: 19 conjugate gradient residual: 0.00003035 HPWL: 932144063
[InitialPlace]  Iter: 20 conjugate gradient residual: 0.00002404 HPWL: 933096138
[INFO GPL-0033] ---- Initialize Nesterov Region: Top-level
[INFO GPL-0023] Placement target density:       0.2690
[INFO GPL-0024] Movable insts average area:      1.478 um^2
[INFO GPL-0025] Ideal bin area:                  5.496 um^2
[INFO GPL-0026] Ideal bin count:                150779
[INFO GPL-0027] Total bin area:             828709.700 um^2
[INFO GPL-0028] Bin count (X, Y):         256 ,    256
[INFO GPL-0029] Bin size (W * H):       3.557 *  3.555 um
[INFO GPL-0030] Number of bins:                  65536
[INFO GPL-0084] ---- Execute Nesterov Global Placement.
[INFO GPL-0031] HPWL: Half-Perimeter Wirelength
Iteration | Overflow |     HPWL (um) |  HPWL(%) |   Penalty | Group
---------------------------------------------------------------
        0 |   0.9979 |  1.689491e+05 |   +0.00% |  6.14e-17 |      
       10 |   0.9950 |  1.842517e+05 |   +9.06% |  9.88e-17 |      
       20 |   0.9946 |  1.844202e+05 |   +0.09% |  1.61e-16 |      
       30 |   0.9943 |  1.826642e+05 |   -0.95% |  2.62e-16 |      
       40 |   0.9941 |  1.854304e+05 |   +1.51% |  4.26e-16 |      
       50 |   0.9941 |  1.871560e+05 |   +0.93% |  6.94e-16 |      
       60 |   0.9940 |  1.874776e+05 |   +0.17% |  1.13e-15 |      
       70 |   0.9940 |  1.881242e+05 |   +0.34% |  1.84e-15 |      
       80 |   0.9940 |  1.884418e+05 |   +0.17% |  3.00e-15 |      
       90 |   0.9940 |  1.891292e+05 |   +0.36% |  4.89e-15 |      
      100 |   0.9940 |  1.902751e+05 |   +0.61% |  7.96e-15 |      
      110 |   0.9940 |  1.919378e+05 |   +0.87% |  1.30e-14 |      
      120 |   0.9938 |  1.946754e+05 |   +1.43% |  2.11e-14 |      
      130 |   0.9937 |  1.993647e+05 |   +2.41% |  3.43e-14 |      
      140 |   0.9935 |  2.071611e+05 |   +3.91% |  5.58e-14 |      
      150 |   0.9932 |  2.192858e+05 |   +5.85% |  9.07e-14 |      
      160 |   0.9926 |  2.366695e+05 |   +7.93% |  1.47e-13 |      
      170 |   0.9918 |  2.602646e+05 |   +9.97% |  2.39e-13 |      
      180 |   0.9904 |  2.909995e+05 |  +11.81% |  3.86e-13 |      
      190 |   0.9881 |  3.304742e+05 |  +13.57% |  6.23e-13 |      
      200 |   0.9847 |  3.804390e+05 |  +15.12% |  1.00e-12 |      
      210 |   0.9796 |  4.425475e+05 |  +16.33% |  1.62e-12 |      
      220 |   0.9719 |  5.202166e+05 |  +17.55% |  2.59e-12 |      
      230 |   0.9606 |  6.154261e+05 |  +18.30% |  4.13e-12 |      
      240 |   0.9453 |  7.294396e+05 |  +18.53% |  6.56e-12 |      
      250 |   0.9248 |  8.581750e+05 |  +17.65% |  1.04e-11 |      
      260 |   0.9001 |  9.908367e+05 |  +15.46% |  1.64e-11 |      
      270 |   0.8715 |  1.117461e+06 |  +12.78% |  2.61e-11 |      
      280 |   0.8396 |  1.235864e+06 |  +10.60% |  4.14e-11 |      
      290 |   0.8048 |  1.338977e+06 |   +8.34% |  6.58e-11 |      
      300 |   0.7703 |  1.446393e+06 |   +8.02% |  1.05e-10 |      
      310 |   0.7320 |  1.578245e+06 |   +9.12% |  1.66e-10 |      
      320 |   0.6917 |  1.687481e+06 |   +6.92% |  2.64e-10 |      
      330 |   0.6549 |  1.739014e+06 |   +3.05% |  4.24e-10 |      
[INFO GPL-0100] Timing-driven iteration 1/2, virtual: false.
[INFO GPL-0101]    Iter: 337, overflow: 0.631, keep resizer changes at: 1, HPWL: 3531686556
Iteration |   Area    | Resized | Buffers | Nets repaired | Remaining
---------------------------------------------------------------------
        0 |     +0.0% |       0 |       0 |             0 |    125103
    final |     +3.7% |     681 |    2821 |          1252 |         0
---------------------------------------------------------------------
[INFO RSZ-0034] Found 707 slew violations.
[INFO RSZ-0036] Found 1087 capacitance violations.
[INFO RSZ-0037] Found 383 long wires.
[INFO RSZ-0039] Resized 681 instances.
[INFO RSZ-0038] Inserted 2821 buffers in 1252 nets.
   Iter   |    Area   | Removed | Inserted |   Pins
          |           | Buffers | Buffers  | Remaining
-------------------------------------------------------
        0 |     +0.0% |       0 |        0 |    124954
    12400 |     +0.1% |       0 |      285 |    112554
    24800 |     +1.0% |      13 |     1943 |    100154
    37200 |     +1.8% |     168 |     3707 |     87754
    49600 |     +2.7% |     181 |     5442 |     75354
    62000 |     +3.2% |     304 |     6714 |     62954
    74400 |     +3.7% |     319 |     7772 |     50554
    86800 |     +4.3% |     485 |     9031 |     38154
    99200 |     +4.9% |     915 |    10851 |     25754
   111600 |     +5.5% |    1607 |    12660 |     13354
   124000 |     +5.8% |    1663 |    13352 |       954
    final |     +7.8% |    2821 |    17259 |         0
-------------------------------------------------------
[INFO GPL-0106] Timing-driven: worst slack 1.5773605e-11
[INFO GPL-0107] Timing-driven: repair_design delta area: 18109.250 um^2 (+10.32%)
[INFO GPL-0108] Timing-driven: repair_design, gpl delta gcells: 17259 (+14.54%)
[INFO GPL-0109] Timing-driven: repair_design, gcells created: 20080, deleted: 2821
[INFO GPL-0110] Timing-driven: new target density: 0.2908775
Iteration | Overflow |     HPWL (um) |  HPWL(%) |   Penalty | Group
---------------------------------------------------------------
      340 |   0.5945 |  2.581438e+06 |  +48.44% |  6.12e-10 |      
[INFO GPL-0038] Routability snapshot saved at iter = 341
      340 |   0.5945 |  2.581438e+06 |          |           |      
      350 |   0.5633 |  2.593233e+06 |   +0.46% |  9.76e-10 |      
      360 |   0.5429 |  2.566321e+06 |   -1.04% |  1.59e-09 |      
      370 |   0.4981 |  2.552629e+06 |   -0.53% |  2.59e-09 |      
      380 |   0.4484 |  2.532943e+06 |   -0.77% |  4.22e-09 |      
      390 |   0.4094 |  2.569050e+06 |   +1.43% |  6.83e-09 |      
      400 |   0.3827 |  2.665398e+06 |   +3.75% |  1.09e-08 |      
      410 |   0.3648 |  2.666700e+06 |   +0.05% |  1.76e-08 |      
      420 |   0.3314 |  2.662661e+06 |   -0.15% |  2.76e-08 |      
      430 |   0.3078 |  2.649291e+06 |   -0.50% |  4.06e-08 |      
[INFO GPL-0040] Routability iteration: 1
[WARNING GRT-0281] Net clk has a large fanout of 6226 terminals.
[INFO GPL-0041] Total routing overflow: 0.4985
[INFO GPL-0042] Number of overflowed tiles: 26 (0.03%)
[INFO GPL-0043] Average top 0.5% routing congestion: 0.9004
[INFO GPL-0044] Average top 1.0% routing congestion: 0.8712
[INFO GPL-0045] Average top 2.0% routing congestion: 0.8419
[INFO GPL-0046] Average top 5.0% routing congestion: 0.8018
[INFO GPL-0047] Routability iteration weighted routing congestion: 0.8858
[INFO GPL-0050] Weighted routing congestion is lower than target routing congestion(1.0100), end routability optimization.
[INFO GPL-0090] Routability finished. Target routing congestion achieved succesfully.
Iteration | Overflow |     HPWL (um) |  HPWL(%) |   Penalty | Group
---------------------------------------------------------------
      440 |   0.2886 |  2.658748e+06 |   +0.36% |  5.95e-08 |      
      450 |   0.2569 |  2.641577e+06 |   -0.65% |  8.76e-08 |      
      460 |   0.2331 |  2.632580e+06 |   -0.34% |  1.29e-07 |      
      470 |   0.2044 |  2.623524e+06 |   -0.34% |  1.90e-07 |      
[INFO GPL-0100] Timing-driven iteration 2/2, virtual: false.
[INFO GPL-0101]    Iter: 475, overflow: 0.193, keep resizer changes at: 1, HPWL: 5242990500
Iteration |   Area    | Resized | Buffers | Nets repaired | Remaining
---------------------------------------------------------------------
        0 |     +0.0% |       0 |       0 |             0 |    142362
    final |     +0.3% |      16 |     341 |           330 |         0
---------------------------------------------------------------------
[INFO RSZ-0034] Found 26 slew violations.
[INFO RSZ-0036] Found 239 capacitance violations.
[INFO RSZ-0037] Found 92 long wires.
[INFO RSZ-0039] Resized 16 instances.
[INFO RSZ-0038] Inserted 341 buffers in 330 nets.
   Iter   |    Area   | Removed | Inserted |   Pins
          |           | Buffers | Buffers  | Remaining
-------------------------------------------------------
        0 |     +0.0% |       0 |        0 |    124954
    12400 |     -0.1% |     285 |       20 |    112554
    24800 |     -0.8% |    1952 |      282 |    100154
    37200 |     -1.6% |    3822 |      633 |     87754
    49600 |     -2.4% |    5566 |      769 |     75354
    62000 |     -2.9% |    6881 |      950 |     62954
    74400 |     -3.4% |    7945 |     1053 |     50554
    86800 |     -3.8% |    9220 |     1423 |     38154
    99200 |     -4.2% |   11078 |     2540 |     25754
   111600 |     -4.8% |   12942 |     3656 |     13354
   124000 |     -5.0% |   13639 |     4063 |       954
    final |     -5.6% |   17600 |     7368 |         0
-------------------------------------------------------
[INFO GPL-0106] Timing-driven: worst slack 3.153766e-11
[INFO GPL-0107] Timing-driven: repair_design delta area: -9205.047 um^2 (-4.75%)
[INFO GPL-0108] Timing-driven: repair_design, gpl delta gcells: -9891 (-7.27%)
[INFO GPL-0109] Timing-driven: repair_design, gcells created: 7709, deleted: 17600
[INFO GPL-0110] Timing-driven: new target density: 0.27975702
Iteration | Overflow |     HPWL (um) |  HPWL(%) |   Penalty | Group
---------------------------------------------------------------
      480 |   0.1810 |  2.667527e+06 |   +1.68% |  2.77e-07 |      
      490 |   0.1574 |  2.609145e+06 |   -2.19% |  4.07e-07 |      
      500 |   0.1365 |  2.586596e+06 |   -0.86% |  6.00e-07 |      
      510 |   0.1167 |  2.569518e+06 |   -0.66% |  8.84e-07 |      
      520 |   0.0988 |  2.560380e+06 |   -0.36% |  1.30e-06 |      
      520 |   0.0988 |  2.560380e+06 |          |  1.35e-06 |      
---------------------------------------------------------------
[INFO GPL-1001] Global placement finished at iteration 520
[INFO GPL-1017] Routability mode iteration count: 92
[INFO GPL-1005] Routability final weighted congestion: 0.8200
[INFO GPL-1002] Placed Cell Area            184450.8418
[INFO GPL-1003] Available Free Area         827756.8880
[INFO GPL-1004] Minimum Feasible Density        0.2200 (cell_area / free_area)
[INFO GPL-1006]   Suggested Target Densities:
[INFO GPL-1007]     - For 90% usage of free space: 0.2476
[INFO GPL-1008]     - For 80% usage of free space: 0.2785
[INFO GPL-1009]     - For 50% usage of free space: 0.4457
[INFO GPL-1011] Original area (um^2): 175546.64
[INFO GPL-1012] Total routability artificial inflation: 0.00 (+0.00%)
[INFO GPL-1013] Total timing-driven delta area: 8904.20 (+5.07%)
[INFO GPL-1014] Final placement area: 184450.84 (+5.07%)
Took 275 seconds: global_placement -density 0.26899999886751175 -pad_left 0 -pad_right 0 -routability_driven -timing_driven -force_center_initial_place -min_phi_coef 0.95 -max_phi_coef 1.05
estimate_parasitics -placement
Took 7 seconds: estimate_parasitics -placement
Report metrics stage 3, global place...

==========================================================================
global place report_design_area
--------------------------------------------------------------------------
Design area 163751 um^2 20% utilization.
write_db ./results/nangate45/x1_y5_kimi/base/3_3_place_gp.odb
Elapsed time: 5:27.15[h:]min:sec. CPU time: user 531.70 sys 16.27 (167%). Peak memory: 1651232KB.
Log                       Ext     Elapsed/s Peak Memory/MB sha1sum result [0:20)
3_3_place_gp              .odb          327           1612 5901ed712dc92a76b0b0
/OpenROAD-flow-scripts/flow/scripts/flow.sh 3_4_place_resized resize
Running resize.tcl, stage 3_4_place_resized
read_liberty /OpenROAD-flow-scripts/flow/platforms/nangate45/lib/NangateOpenCellLibrary_typical.lib
read_db ./results/nangate45/x1_y5_kimi/base/3_3_place_gp.odb
read_sdc ./results/nangate45/x1_y5_kimi/base/2_floorplan.sdc
source /OpenROAD-flow-scripts/flow/platforms/nangate45/setRC.tcl
estimate_parasitics -placement
Took 8 seconds: estimate_parasitics -placement
Perform buffer insertion and gate resizing...
repair_design -verbose -cap_margin 20
Iteration |   Area    | Resized | Buffers | Nets repaired | Remaining
---------------------------------------------------------------------
        0 |     +0.0% |       0 |       0 |             0 |    132471
     1000 |     +0.0% |       0 |       0 |             0 |    131471
     2000 |     +0.0% |       0 |       0 |             0 |    130471
     3000 |     +0.0% |       0 |       0 |             0 |    129471
     4000 |     +0.0% |       0 |       0 |             0 |    128471
     5000 |     +0.0% |       0 |       0 |             0 |    127471
     6000 |     +0.0% |       0 |       0 |             0 |    126471
     7000 |     +0.0% |       0 |       0 |             0 |    125471
     8000 |     +0.0% |       0 |       0 |             0 |    124471
     9000 |     +0.0% |       0 |       0 |             0 |    123471
    10000 |     +0.0% |       0 |       0 |             0 |    122471
    11000 |     +0.0% |       0 |       0 |             0 |    121471
    12000 |     +0.0% |       0 |       0 |             0 |    120471
    13000 |     +0.0% |       0 |       0 |             0 |    119471
    14000 |     +0.0% |       0 |       0 |             0 |    118471
    15000 |     +0.0% |       0 |       0 |             0 |    117471
    16000 |     +0.0% |       0 |       0 |             0 |    116471
    17000 |     +0.0% |       0 |       0 |             0 |    115471
    18000 |     +0.0% |       0 |       3 |             3 |    114471
    19000 |     +0.0% |       0 |       3 |             3 |    113471
    20000 |     +0.0% |       0 |       3 |             3 |    112471
    21000 |     +0.0% |       0 |       4 |             4 |    111471
    22000 |     +0.0% |       0 |       5 |             5 |    110471
    23000 |     +0.0% |       0 |       7 |             7 |    109471
    24000 |     +0.0% |       0 |       8 |             8 |    108471
    25000 |     +0.0% |       0 |      10 |            10 |    107471
    26000 |     +0.0% |       0 |      15 |            15 |    106471
    27000 |     +0.0% |       0 |      16 |            16 |    105471
    28000 |     +0.0% |       0 |      21 |            21 |    104471
    29000 |     +0.0% |       0 |      24 |            23 |    103471
    30000 |     +0.0% |       0 |      27 |            26 |    102471
    31000 |     +0.0% |       0 |      29 |            28 |    101471
    32000 |     +0.0% |       0 |      38 |            37 |    100471
    33000 |     +0.0% |       0 |      41 |            40 |     99471
    34000 |     +0.0% |       0 |      42 |            41 |     98471
    35000 |     +0.0% |       0 |      45 |            44 |     97471
    36000 |     +0.0% |       0 |      47 |            46 |     96471
    37000 |     +0.0% |       0 |      48 |            47 |     95471
    38000 |     +0.0% |       0 |      54 |            53 |     94471
    39000 |     +0.0% |       0 |      56 |            55 |     93471
    40000 |     +0.0% |       0 |      56 |            55 |     92471
    41000 |     +0.0% |       0 |      57 |            56 |     91471
    42000 |     +0.0% |       0 |      57 |            56 |     90471
    43000 |     +0.0% |       0 |      59 |            58 |     89471
    44000 |     +0.0% |       0 |      61 |            60 |     88471
    45000 |     +0.0% |       0 |      61 |            60 |     87471
    46000 |     +0.1% |       0 |      75 |            74 |     86471
    47000 |     +0.1% |       0 |      85 |            83 |     85471
    48000 |     +0.1% |       0 |      87 |            85 |     84471
    49000 |     +0.1% |       0 |      91 |            89 |     83471
    50000 |     +0.1% |       0 |      94 |            92 |     82471
    51000 |     +0.1% |       0 |      96 |            94 |     81471
    52000 |     +0.1% |       0 |      98 |            96 |     80471
    53000 |     +0.1% |       0 |      99 |            97 |     79471
    54000 |     +0.1% |       0 |      99 |            97 |     78471
    55000 |     +0.1% |       0 |     100 |            98 |     77471
    56000 |     +0.1% |       0 |     101 |            99 |     76471
    57000 |     +0.1% |       0 |     138 |           136 |     75471
    58000 |     +0.1% |       0 |     140 |           138 |     74471
    59000 |     +0.1% |       0 |     142 |           140 |     73471
    60000 |     +0.1% |       0 |     143 |           141 |     72471
    61000 |     +0.1% |       0 |     143 |           141 |     71471
    62000 |     +0.1% |       0 |     144 |           142 |     70471
    63000 |     +0.1% |       0 |     144 |           142 |     69471
    64000 |     +0.1% |       0 |     144 |           142 |     68471
    65000 |     +0.1% |       0 |     144 |           142 |     67471
    66000 |     +0.1% |       0 |     144 |           142 |     66471
    67000 |     +0.1% |       0 |     144 |           142 |     65471
    68000 |     +0.1% |       0 |     164 |           162 |     64471
    69000 |     +0.1% |       0 |     166 |           164 |     63471
    70000 |     +0.1% |       0 |     171 |           169 |     62471
    71000 |     +0.1% |       0 |     173 |           171 |     61471
    72000 |     +0.1% |       0 |     175 |           173 |     60471
    73000 |     +0.1% |       0 |     180 |           178 |     59471
    74000 |     +0.1% |       0 |     181 |           179 |     58471
    75000 |     +0.1% |       0 |     183 |           181 |     57471
    76000 |     +0.1% |       0 |     184 |           182 |     56471
    77000 |     +0.1% |       0 |     186 |           184 |     55471
    78000 |     +0.2% |       0 |     189 |           187 |     54471
    79000 |     +0.2% |       0 |     195 |           192 |     53471
    80000 |     +0.2% |       0 |     197 |           194 |     52471
    81000 |     +0.2% |       0 |     206 |           203 |     51471
    82000 |     +0.2% |       0 |     210 |           207 |     50471
    83000 |     +0.2% |       0 |     216 |           213 |     49471
    84000 |     +0.2% |       0 |     223 |           220 |     48471
    85000 |     +0.2% |       0 |     229 |           226 |     47471
    86000 |     +0.2% |       0 |     237 |           234 |     46471
    87000 |     +0.2% |       0 |     244 |           241 |     45471
    88000 |     +0.2% |       0 |     248 |           245 |     44471
    89000 |     +0.2% |       0 |     251 |           248 |     43471
    90000 |     +0.2% |       0 |     252 |           249 |     42471
    91000 |     +0.2% |       0 |     257 |           254 |     41471
    92000 |     +0.2% |       0 |     265 |           262 |     40471
    93000 |     +0.2% |       0 |     274 |           271 |     39471
    94000 |     +0.2% |       0 |     288 |           285 |     38471
    95000 |     +0.2% |       0 |     296 |           293 |     37471
    96000 |     +0.3% |       0 |     312 |           309 |     36471
    97000 |     +0.3% |       0 |     319 |           316 |     35471
    98000 |     +0.3% |       0 |     325 |           322 |     34471
    99000 |     +0.3% |       0 |     328 |           325 |     33471
   100000 |     +0.3% |       0 |     335 |           332 |     32471
   101000 |     +0.3% |       0 |     341 |           338 |     31471
   102000 |     +0.3% |       0 |     345 |           342 |     30471
   103000 |     +0.3% |       0 |     348 |           345 |     29471
   104000 |     +0.3% |       0 |     356 |           353 |     28471
   105000 |     +0.3% |       0 |     367 |           363 |     27471
   106000 |     +0.3% |       0 |     371 |           367 |     26471
   107000 |     +0.3% |       0 |     374 |           370 |     25471
   108000 |     +0.3% |       0 |     380 |           376 |     24471
   109000 |     +0.3% |       0 |     385 |           381 |     23471
   110000 |     +0.3% |       0 |     395 |           391 |     22471
   111000 |     +0.3% |       0 |     409 |           404 |     21471
   112000 |     +0.3% |       0 |     412 |           407 |     20471
   113000 |     +0.3% |       0 |     416 |           411 |     19471
   114000 |     +0.4% |       0 |     439 |           433 |     18471
   115000 |     +0.4% |       0 |     441 |           435 |     17471
   116000 |     +0.4% |       0 |     443 |           437 |     16471
   117000 |     +0.4% |       0 |     443 |           437 |     15471
   118000 |     +0.4% |       0 |     443 |           437 |     14471
   119000 |     +0.4% |       0 |     444 |           438 |     13471
   120000 |     +0.4% |       0 |     452 |           445 |     12471
   121000 |     +0.4% |       0 |     455 |           448 |     11471
   122000 |     +0.4% |       0 |     455 |           448 |     10471
   123000 |     +0.4% |       0 |     455 |           448 |      9471
   124000 |     +0.4% |       0 |     455 |           448 |      8471
   125000 |     +0.4% |       0 |     455 |           448 |      7471
   126000 |     +0.4% |       0 |     455 |           448 |      6471
   127000 |     +0.4% |       0 |     455 |           448 |      5471
   128000 |     +0.4% |       0 |     455 |           448 |      4471
   129000 |     +0.4% |       0 |     455 |           448 |      3471
   130000 |     +0.4% |       0 |     455 |           448 |      2471
   131000 |     +0.4% |       0 |     455 |           448 |      1471
   132000 |     +0.4% |       0 |     455 |           448 |       471
    final |     +0.4% |       0 |     455 |           448 |         0
---------------------------------------------------------------------
[INFO RSZ-0034] Found 5 slew violations.
[INFO RSZ-0036] Found 448 capacitance violations.
[INFO RSZ-0038] Inserted 455 buffers in 448 nets.
[INFO RSZ-0504] Runtime: 20.80s
Took 21 seconds: repair_design -verbose -cap_margin 20
Floating nets: 
Report metrics stage 3, resizer...

==========================================================================
resizer report_design_area
--------------------------------------------------------------------------
Design area 164395 um^2 20% utilization.
Instance count before 129685, after 130140
Pin count before 443873, after 444783
write_db ./results/nangate45/x1_y5_kimi/base/3_4_place_resized.odb
Elapsed time: 1:34.06[h:]min:sec. CPU time: user 125.06 sys 5.17 (138%). Peak memory: 875248KB.
Log                       Ext     Elapsed/s Peak Memory/MB sha1sum result [0:20)
3_4_place_resized         .odb           94            854 ef4111062be7f96f36f3
/OpenROAD-flow-scripts/flow/scripts/flow.sh 3_5_place_dp detail_place
Running detail_place.tcl, stage 3_5_place_dp
read_liberty /OpenROAD-flow-scripts/flow/platforms/nangate45/lib/NangateOpenCellLibrary_typical.lib
read_db ./results/nangate45/x1_y5_kimi/base/3_4_place_resized.odb
read_sdc ./results/nangate45/x1_y5_kimi/base/2_floorplan.sdc
source /OpenROAD-flow-scripts/flow/platforms/nangate45/setRC.tcl
detailed_placement
[INFO DPL-0006] Core area: 828709.70 um^2
[INFO DPL-0007] Movable instances area: 163442.37 um^2
[INFO DPL-0008] Fixed instances area within core: 952.81 um^2
[INFO DPL-0009] Utilization: 19.8%
[INFO DPL-0005] Diamond search max displacement: +/- 500 sites horizontally, +/- 100 rows vertically.
[INFO DPL-1102] Legalizing using negotiation legalizer.
[INFO DPL-1103] Negotiation base search window: +/-20 sites horizontally, +/-5 rows vertically 
	Automatic search window extension enabled.
	Search window extendable up to the max displacement cap of +/-500 sites, +/-100 rows near walls.
[INFO DPL-1104] NegotiationLegalizer DRC penalty: 5.
[INFO DPL-0392] Negotiation cell height distribution (1 unique row-count(s)):
[INFO DPL-0393]   height 1 row(s): 130140 cells
          |      Total |  Illegal |  Illegal
Iteration | Violations |    Cells |    Sites
---------------------------------------------
        0 |          0 |         0 |         0
Negotiation phase 1 converged at iteration 0.
[INFO DPL-0500] Runtime: 2.26s
Placement Analysis
---------------------------------
total displacement     157010.6 u
average displacement        1.2 u
max displacement            7.7 u
original HPWL         2574848.1 u
legalized HPWL        2655629.0 u
delta HPWL                    3 %

improve_placement -max_displacement "5 1"
Detailed placement improvement.
[INFO DPL-0401] Setting random seed to 1.
[INFO DPL-0402] Setting maximum displacement 5 1 to 14000 2800 units.
[INFO DPL-0320] Collected 3792 fixed cells.
[INFO DPL-0318] Collected 126558 single height cells.
[INFO DPL-0321] Collected 0 wide cells.
[INFO DPL-0322] Image (2280, 2800) - (1823620, 1822800)
[INFO DPL-0310] Assigned 126558 cells into segments.  Movement in X-direction is 0.000000, movement in Y-direction is 0.000000.
[INFO DPL-0313] Found 0 cells in wrong regions.
[INFO DPL-0315] Found 0 row alignment problems.
[INFO DPL-0314] Found 0 site alignment problems.
[INFO DPL-0311] Found 0 overlaps between adjacent cells.
[INFO DPL-0312] Found 0 edge spacing violations and 0 padding violations.
[INFO DPL-0303] Running algorithm for independent set matching.
[INFO DPL-0300] Set matching objective is wirelength.
[INFO DPL-0301] Pass   1 of matching; objective is 5.308114e+09.
[INFO DPL-0302] End of matching; objective is 5.306782e+09, improvement is 0.03 percent.
[INFO DPL-0303] Running algorithm for global swaps.
[INFO DPL-0306] Pass   1 of global swaps; hpwl is 5.216140e+09.
[INFO DPL-0306] Pass   2 of global swaps; hpwl is 5.197718e+09.
[INFO DPL-0307] End of global swaps; objective is 5.197718e+09, improvement is 2.06 percent.
[INFO DPL-0303] Running algorithm for vertical swaps.
[INFO DPL-0308] Pass   1 of vertical swaps; hpwl is 5.181210e+09.
[INFO DPL-0309] End of vertical swaps; objective is 5.181210e+09, improvement is 0.32 percent.
[INFO DPL-0303] Running algorithm for reordering.
[INFO DPL-0304] Pass   1 of reordering; objective is 5.179631e+09.
[INFO DPL-0305] End of reordering; objective is 5.179631e+09, improvement is 0.03 percent.
[INFO DPL-0303] Running algorithm for random improvement.
[INFO DPL-0324] Random improver is using random generator.
[INFO DPL-0325] Random improver is using hpwl objective.
[INFO DPL-0326] Random improver cost string is (a).
[INFO DPL-0332] End of pass, Generator random called 2531160 times.
[INFO DPL-0335] Generator random, Cumulative attempts 2531160, swaps 131033, moves 1156367 since last reset.
[INFO DPL-0333] End of pass, Objective hpwl, Initial cost 5.175031e+09, Scratch cost 5.128545e+09, Incremental cost 5.128545e+09, Mismatch? N
[INFO DPL-0338] End of pass, Total cost is 5.128545e+09.
[INFO DPL-0327] Pass   1 of random improver; improvement in cost is 0.90 percent.
[INFO DPL-0328] End of random improver; improvement is 0.898272 percent.
[INFO DPL-0380] Cell flipping.
[INFO DPL-0382] Changed 0 cell orientations for row compatibility.
[INFO DPL-0383] Performed 41368 cell flips.
[INFO DPL-0384] End of flipping; objective is 5.092761e+09, improvement is 0.79 percent.
[INFO DPL-0313] Found 0 cells in wrong regions.
[INFO DPL-0315] Found 0 row alignment problems.
[INFO DPL-0314] Found 0 site alignment problems.
[INFO DPL-0311] Found 0 overlaps between adjacent cells.
[INFO DPL-0312] Found 0 edge spacing violations and 0 padding violations.
Detailed Improvement Results
------------------------------------------
Original HPWL          2655629.0 u ( 1280728.0,  1374901.0)
Final HPWL             2549918.2 u ( 1247638.6,  1302279.5)
Delta HPWL                  -4.0 % (      -2.6,       -5.3)

Took 54 seconds: improve_placement -max_displacement "5 1"
optimize_mirroring
[INFO DPL-0020] Mirrored 9707 instances
[INFO DPL-0021] HPWL before          2549918.2 u
[INFO DPL-0022] HPWL after           2549585.0 u
[INFO DPL-0023] HPWL delta               -0.0 %
[INFO FLW-0012] Placement violations .
estimate_parasitics -placement
Took 8 seconds: estimate_parasitics -placement
Report metrics stage 3, detailed place...

==========================================================================
detailed place report_design_area
--------------------------------------------------------------------------
Design area 164395 um^2 20% utilization.
write_db ./results/nangate45/x1_y5_kimi/base/3_5_place_dp.odb
write_sdc -no_timestamp ./results/nangate45/x1_y5_kimi/base/3_place.sdc
Elapsed time: 2:15.87[h:]min:sec. CPU time: user 163.31 sys 4.78 (123%). Peak memory: 1116720KB.
Log                       Ext     Elapsed/s Peak Memory/MB sha1sum result [0:20)
3_5_place_dp              .odb          135           1090 bc4f16718e11b59d5676
cp ./results/nangate45/x1_y5_kimi/base/3_5_place_dp.odb ./results/nangate45/x1_y5_kimi/base/3_place.odb
/OpenROAD-flow-scripts/flow/scripts/flow.sh 4_1_cts cts
Running cts.tcl, stage 4_1_cts
read_liberty /OpenROAD-flow-scripts/flow/platforms/nangate45/lib/NangateOpenCellLibrary_typical.lib
read_db ./results/nangate45/x1_y5_kimi/base/3_place.odb
read_sdc ./results/nangate45/x1_y5_kimi/base/3_place.sdc
source /OpenROAD-flow-scripts/flow/platforms/nangate45/setRC.tcl
clock_tree_synthesis -sink_clustering_enable -repair_clock_nets
[INFO CTS-0050] Root buffer is CLKBUF_X3.
[INFO CTS-0051] Sink buffer is CLKBUF_X3.
[INFO CTS-0052] The following clock buffers will be used for CTS:
                    CLKBUF_X3
[INFO CTS-0049] Characterization buffer is CLKBUF_X3.
[INFO CTS-0007] Net "clk" found for clock "core_clock".
[INFO CTS-0010]  Clock net "clk" has 6225 sinks.
[INFO CTS-0008] TritonCTS found 1 clock nets.
[INFO CTS-0097] Characterization used 1 buffer(s) types.
[INFO CTS-0201] 0 blockages from hard placement blockages and placed macros will be used.
[INFO CTS-0027] Generating H-Tree topology for net clk.
[INFO CTS-0028]  Total number of sinks: 6225.
[INFO CTS-0090]  Sinks will be clustered based on buffer max cap.
[INFO CTS-0030]  Number of static layers: 0.
[INFO CTS-0020]  Wire segment unit: 14000  dbu (7 um).
[INFO CTS-0206] Best clustering solution was found from max clustering size of 7 and max clustering diameter of 63.
[INFO CTS-0019]  Total number of sinks after clustering: 1322.
[INFO CTS-0024]  Normalized sink region: [(1.20243, 4.14729), (128.893, 129)].
[INFO CTS-0025]     Width:  127.6909.
[INFO CTS-0026]     Height: 124.8527.
 Level 1
    Direction: Horizontal
    Sinks per sub-region: 661
    Sub-region size: 63.8454 X 124.8527
[INFO CTS-0034]     Segment length (rounded): 32.
 Level 2
    Direction: Vertical
    Sinks per sub-region: 331
    Sub-region size: 63.8454 X 62.4264
[INFO CTS-0034]     Segment length (rounded): 32.
 Level 3
    Direction: Horizontal
    Sinks per sub-region: 166
    Sub-region size: 31.9227 X 62.4264
[INFO CTS-0034]     Segment length (rounded): 16.
 Level 4
    Direction: Vertical
    Sinks per sub-region: 83
    Sub-region size: 31.9227 X 31.2132
[INFO CTS-0034]     Segment length (rounded): 16.
 Level 5
    Direction: Horizontal
    Sinks per sub-region: 42
    Sub-region size: 15.9614 X 31.2132
[INFO CTS-0034]     Segment length (rounded): 8.
 Level 6
    Direction: Vertical
    Sinks per sub-region: 21
    Sub-region size: 15.9614 X 15.6066
[INFO CTS-0034]     Segment length (rounded): 8.
 Level 7
    Direction: Horizontal
    Sinks per sub-region: 11
    Sub-region size: 7.9807 X 15.6066
[INFO CTS-0034]     Segment length (rounded): 4.
[INFO CTS-0038]  Stop criterion found. Sink region hpwl is smaller than max wirelength (591.189 um) and max number of sinks is 15.
[INFO CTS-0035]  Number of sinks covered: 1322.
[INFO CTS-0018]     Created 1473 clock buffers.
[INFO CTS-0012]     Minimum number of buffers in the clock path: 6.
[INFO CTS-0013]     Maximum number of buffers in the clock path: 6.
[INFO CTS-0015]     Created 1473 clock nets.
[INFO CTS-0016]     Fanout distribution for the current clock = 2:11, 3:100, 4:407, 5:566, 6:229, 7:28, 8:16, 9:17, 10:14, 11:17, 12:19, 13:10, 14:10, 15:5, 16:1..
[INFO CTS-0017]     Max level of the clock tree: 7.
[INFO CTS-0098] Clock net "clk"
[INFO CTS-0099]  Sinks 7333
[INFO CTS-0100]  Leaf buffers 1322
[INFO CTS-0101]  Average sink wire length 1632.94 um
[INFO CTS-0102]  Path depth 5 - 6
[INFO CTS-0207]  Dummy loads inserted 1108
[INFO RSZ-0047] Found 1 long wires.
[INFO RSZ-0048] Inserted 1 buffers in 1 nets.
[INFO CTS-0500] Runtime: 14.14s
Took 14 seconds: clock_tree_synthesis -sink_clustering_enable -repair_clock_nets
estimate_parasitics -placement
Took 7 seconds: estimate_parasitics -placement
detailed_placement
[INFO DPL-0006] Core area: 828709.70 um^2
[INFO DPL-0007] Movable instances area: 166246.01 um^2
[INFO DPL-0008] Fixed instances area within core: 952.81 um^2
[INFO DPL-0009] Utilization: 20.2%
[INFO DPL-0005] Diamond search max displacement: +/- 500 sites horizontally, +/- 100 rows vertically.
[INFO DPL-1102] Legalizing using negotiation legalizer.
[INFO DPL-1103] Negotiation base search window: +/-20 sites horizontally, +/-5 rows vertically 
	Automatic search window extension enabled.
	Search window extendable up to the max displacement cap of +/-500 sites, +/-100 rows near walls.
[INFO DPL-1104] NegotiationLegalizer DRC penalty: 5.
[INFO DPL-0392] Negotiation cell height distribution (1 unique row-count(s)):
[INFO DPL-0393]   height 1 row(s): 132722 cells
          |      Total |  Illegal |  Illegal
Iteration | Violations |    Cells |    Sites
---------------------------------------------
        0 |          0 |         0 |         0
Negotiation phase 1 converged at iteration 0.
[INFO DPL-0500] Runtime: 1.68s
Placement Analysis
---------------------------------
total displacement      47030.9 u
average displacement        0.4 u
max displacement            6.9 u
original HPWL         2614205.4 u
legalized HPWL        2635125.5 u
delta HPWL                    1 %

estimate_parasitics -placement
Took 7 seconds: estimate_parasitics -placement
repair_timing -setup_margin 0 -hold_margin 0 -repair_tns 100 -verbose
[INFO RSZ-0100] Repair move sequence: UnbufferMove SizeUpMove SwapPinsMove BufferMove CloneMove SplitLoadMove 
[INFO RSZ-0098] No setup violations found
[INFO RSZ-0505] Runtime: 7.28s
[INFO RSZ-0033] No hold violations found.
[INFO RSZ-0506] Runtime: 1.78s
Took 9 seconds: repair_timing -setup_margin 0 -hold_margin 0 -repair_tns 100 -verbose
Repair timing output passed lec test
detailed_placement
[INFO DPL-0006] Core area: 828709.70 um^2
[INFO DPL-0007] Movable instances area: 166246.01 um^2
[INFO DPL-0008] Fixed instances area within core: 952.81 um^2
[INFO DPL-0009] Utilization: 20.2%
[INFO DPL-0005] Diamond search max displacement: +/- 500 sites horizontally, +/- 100 rows vertically.
[INFO DPL-1102] Legalizing using negotiation legalizer.
[INFO DPL-1103] Negotiation base search window: +/-20 sites horizontally, +/-5 rows vertically 
	Automatic search window extension enabled.
	Search window extendable up to the max displacement cap of +/-500 sites, +/-100 rows near walls.
[INFO DPL-1104] NegotiationLegalizer DRC penalty: 5.
[INFO DPL-0392] Negotiation cell height distribution (1 unique row-count(s)):
[INFO DPL-0393]   height 1 row(s): 132722 cells
[INFO DPL-0500] Runtime: 1.56s
Placement Analysis
---------------------------------
total displacement          0.0 u
average displacement        0.0 u
max displacement            0.0 u
original HPWL         2635125.5 u
legalized HPWL        2635125.5 u
delta HPWL                    0 %

Report metrics stage 4, cts final...

==========================================================================
cts final report_design_area
--------------------------------------------------------------------------
Design area 167199 um^2 20% utilization.
write_db ./results/nangate45/x1_y5_kimi/base/4_1_cts.odb
write_sdc -no_timestamp ./results/nangate45/x1_y5_kimi/base/4_cts.sdc
Elapsed time: 2:02.23[h:]min:sec. CPU time: user 173.83 sys 6.91 (147%). Peak memory: 1159536KB.
Log                       Ext     Elapsed/s Peak Memory/MB sha1sum result [0:20)
4_1_cts                   .odb          122           1132 fb312af381cf95c0e483
cp ./results/nangate45/x1_y5_kimi/base/4_1_cts.odb ./results/nangate45/x1_y5_kimi/base/4_cts.odb
/OpenROAD-flow-scripts/flow/scripts/flow.sh 5_1_grt global_route
Running global_route.tcl, stage 5_1_grt
read_liberty /OpenROAD-flow-scripts/flow/platforms/nangate45/lib/NangateOpenCellLibrary_typical.lib
read_db ./results/nangate45/x1_y5_kimi/base/4_cts.odb
read_sdc ./results/nangate45/x1_y5_kimi/base/4_cts.sdc
source /OpenROAD-flow-scripts/flow/platforms/nangate45/setRC.tcl
pin_access
[INFO DRT-0149] Reading tech and libs.

Units:                2000
Number of layers:     21
Number of macros:     135
Number of vias:       33
Number of viarulegen: 19

[INFO DRT-0150] Reading design.
[WARNING DRT-0120] Large net net21828 has 108 pins which may impact routing performance. Consider optimization.
[WARNING DRT-0120] Large net net21865 has 101 pins which may impact routing performance. Consider optimization.

Design:                   x1_y5_kimi
Die area:                 ( 0 0 ) ( 1825980 1825980 )
Number of track patterns: 20
Number of DEF vias:       0
Number of components:     132722
Number of terminals:      212
Number of snets:          2
Number of nets:           134400

[INFO DRT-0167] List of default vias:
  Layer via2
    default via: via2_5
  Layer via3
    default via: via3_2
  Layer via4
    default via: via4_0
  Layer via5
    default via: via5_0
  Layer via6
    default via: via6_0
  Layer via7
    default via: via7_0
  Layer via8
    default via: via8_0
  Layer via9
    default via: via9_0
[INFO DRT-0162] Library cell analysis.
[INFO DRT-0163] Instance analysis.
  Complete 100000 instances.
[INFO DRT-0164] Number of unique instances = 145.
[INFO DRT-0168] Init region query.
[INFO DRT-0018]   Complete 100000 insts.
[INFO DRT-0024]   Complete active.
[INFO DRT-0024]   Complete Fr_VIA.
[INFO DRT-0024]   Complete metal1.
[INFO DRT-0024]   Complete via1.
[INFO DRT-0024]   Complete metal2.
[INFO DRT-0024]   Complete via2.
[INFO DRT-0024]   Complete metal3.
[INFO DRT-0024]   Complete via3.
[INFO DRT-0024]   Complete metal4.
[INFO DRT-0024]   Complete via4.
[INFO DRT-0024]   Complete metal5.
[INFO DRT-0024]   Complete via5.
[INFO DRT-0024]   Complete metal6.
[INFO DRT-0024]   Complete via6.
[INFO DRT-0024]   Complete metal7.
[INFO DRT-0024]   Complete via7.
[INFO DRT-0024]   Complete metal8.
[INFO DRT-0024]   Complete via8.
[INFO DRT-0024]   Complete metal9.
[INFO DRT-0024]   Complete via9.
[INFO DRT-0024]   Complete metal10.
[INFO DRT-0033] active shape region query size = 0.
[INFO DRT-0033] FR_VIA shape region query size = 0.
[INFO DRT-0033] metal1 shape region query size = 2014477.
[INFO DRT-0033] via1 shape region query size = 32226.
[INFO DRT-0033] metal2 shape region query size = 21484.
[INFO DRT-0033] via2 shape region query size = 32226.
[INFO DRT-0033] metal3 shape region query size = 21484.
[INFO DRT-0033] via3 shape region query size = 32226.
[INFO DRT-0033] metal4 shape region query size = 11782.
[INFO DRT-0033] via4 shape region query size = 10070.
[INFO DRT-0033] metal5 shape region query size = 2150.
[INFO DRT-0033] via5 shape region query size = 10070.
[INFO DRT-0033] metal6 shape region query size = 2088.
[INFO DRT-0033] via6 shape region query size = 4028.
[INFO DRT-0033] metal7 shape region query size = 1129.
[INFO DRT-0033] via7 shape region query size = 0.
[INFO DRT-0033] metal8 shape region query size = 0.
[INFO DRT-0033] via8 shape region query size = 0.
[INFO DRT-0033] metal9 shape region query size = 0.
[INFO DRT-0033] via9 shape region query size = 0.
[INFO DRT-0033] metal10 shape region query size = 0.
[INFO DRT-0165] Start pin access.
[INFO DRT-0078]   Complete 848 pins.
[INFO DRT-0079]   Complete 100 unique inst patterns.
[INFO DRT-0081]   Complete 145 unique inst patterns.
[INFO DRT-0082]   Complete 10000 groups.
[INFO DRT-0082]   Complete 20000 groups.
[INFO DRT-0082]   Complete 30000 groups.
[INFO DRT-0082]   Complete 40000 groups.
[INFO DRT-0082]   Complete 50000 groups.
[INFO DRT-0082]   Complete 60000 groups.
[INFO DRT-0082]   Complete 70000 groups.
[INFO DRT-0082]   Complete 80000 groups.
[INFO DRT-0084]   Complete 86717 groups.
#scanned instances     = 132722
#unique  instances     = 145
#stdCellGenAp          = 5162
#stdCellValidPlanarAp  = 0
#stdCellValidViaAp     = 3569
#stdCellPinNoAp        = 0
#stdCellPinCnt         = 448839
#instTermValidViaApCnt = 0
#macroGenAp            = 0
#macroValidPlanarAp    = 0
#macroValidViaAp       = 0
#macroNoAp             = 0
[INFO DRT-0166] Complete pin access.
[INFO DRT-0267] cpu time = 00:14:19, elapsed time = 00:03:36, memory = 546.91 (MB), peak = 593.50 (MB)
Took 219 seconds: pin_access
global_route -congestion_report_file ./reports/nangate45/x1_y5_kimi/base/congestion.rpt -congestion_iterations 30 -congestion_report_iter_step 5 -verbose
[INFO GRT-0020] Min routing layer: metal2
[INFO GRT-0021] Max routing layer: metal10
[INFO GRT-0022] Global adjustment: 0%
[INFO GRT-0023] Grid origin: (0, 0)
[INFO GRT-0088] Layer metal1  Track-Pitch = 0.1400  line-2-Via Pitch: 0.1350
[INFO GRT-0088] Layer metal2  Track-Pitch = 0.1900  line-2-Via Pitch: 0.1400
[INFO GRT-0088] Layer metal3  Track-Pitch = 0.1400  line-2-Via Pitch: 0.1400
[INFO GRT-0088] Layer metal4  Track-Pitch = 0.2800  line-2-Via Pitch: 0.2800
[INFO GRT-0088] Layer metal5  Track-Pitch = 0.2800  line-2-Via Pitch: 0.2800
[INFO GRT-0088] Layer metal6  Track-Pitch = 0.2800  line-2-Via Pitch: 0.2800
[INFO GRT-0088] Layer metal7  Track-Pitch = 0.8000  line-2-Via Pitch: 0.8000
[INFO GRT-0088] Layer metal8  Track-Pitch = 0.8000  line-2-Via Pitch: 0.8000
[INFO GRT-0088] Layer metal9  Track-Pitch = 1.6000  line-2-Via Pitch: 1.6000
[INFO GRT-0088] Layer metal10 Track-Pitch = 1.6000  line-2-Via Pitch: 1.6000
[INFO GRT-0003] Macros: 0
[INFO GRT-0004] Blockages: 0
[INFO GRT-0019] Found 1475 clock nets.
[INFO GRT-0001] Minimum degree: 2
[INFO GRT-0002] Maximum degree: 108

[INFO GRT-0053] Routing resources analysis:
          Routing      Original      Derated      Resource
Layer     Direction    Resources     Resources    Reduction (%)
---------------------------------------------------------------
metal1     Horizontal          0             0          0.00%
metal2     Vertical      1499938        704671          53.02%
metal3     Horizontal    2068895       1014612          50.96%
metal4     Vertical      1017929        719345          29.33%
metal5     Horizontal    1034794        729439          29.51%
metal6     Vertical      1038053        732255          29.46%
metal7     Horizontal     317724        223938          29.52%
metal8     Vertical       363660        261580          28.07%
metal9     Horizontal     181830        102080          43.86%
metal10    Vertical       181830        102080          43.86%
---------------------------------------------------------------

[INFO GRT-0197] Via related to pin nodes: 746065
[INFO GRT-0198] Via related Steiner nodes: 16869
[INFO GRT-0199] Via filling finished.
[INFO GRT-0111] Final number of vias: 943020
[INFO GRT-0112] Final usage 3D: 3906945

[INFO GRT-0096] Final congestion report:
Layer         Resource        Demand        Usage (%)    Max H / Max V / Total Congestion
---------------------------------------------------------------------------------------
metal1               0             0            0.00%             0 /  0 /  0
metal2          704671        304630           43.23%             0 /  0 /  0
metal3         1014612        402790           39.70%             0 /  0 /  0
metal4          719345        205649           28.59%             0 /  0 /  0
metal5          729439        119934           16.44%             0 /  0 /  0
metal6          732255         43659            5.96%             0 /  0 /  0
metal7          223938          1076            0.48%             0 /  0 /  0
metal8          261580             0            0.00%             0 /  0 /  0
metal9          102080           147            0.14%             0 /  0 /  0
metal10         102080             0            0.00%             0 /  0 /  0
---------------------------------------------------------------------------------------
Total          4590000       1077885           23.48%             0 /  0 /  0

[INFO GRT-0018] Total wirelength: 4000331 um
[INFO GRT-0014] Routed nets: 128199
[INFO GRT-0303] Global routing runtime = 00:00:20
Took 20 seconds: global_route -congestion_report_file ./reports/nangate45/x1_y5_kimi/base/congestion.rpt -congestion_iterations 30 -congestion_report_iter_step 5 -verbose
estimate_parasitics -global_routing
Took 7 seconds: estimate_parasitics -global_routing
Perform buffer insertion and gate resizing...
repair_design -verbose -cap_margin 20
Iteration |   Area    | Resized | Buffers | Nets repaired | Remaining
---------------------------------------------------------------------
        0 |     +0.0% |       0 |       0 |             0 |    135508
     1000 |     +0.0% |       0 |       0 |             0 |    134508
     2000 |     +0.0% |       0 |       0 |             0 |    133508
     3000 |     +0.0% |       0 |       0 |             0 |    132508
     4000 |     +0.0% |       0 |       0 |             0 |    131508
     5000 |     +0.0% |       0 |       0 |             0 |    130508
     6000 |     +0.0% |       0 |       0 |             0 |    129508
     7000 |     +0.0% |       0 |       0 |             0 |    128508
     8000 |     +0.0% |       0 |       0 |             0 |    127508
     9000 |     +0.0% |       0 |       0 |             0 |    126508
    10000 |     +0.0% |       0 |       0 |             0 |    125508
    11000 |     +0.0% |       0 |       0 |             1 |    124508
    12000 |     +0.0% |       0 |       0 |             1 |    123508
    13000 |     +0.0% |       0 |       0 |             1 |    122508
    14000 |     +0.0% |       0 |       1 |             2 |    121508
    15000 |     +0.0% |       0 |       1 |             2 |    120508
    16000 |     +0.0% |       0 |       1 |             2 |    119508
    17000 |     +0.0% |       0 |       1 |             2 |    118508
    18000 |     +0.0% |       0 |       5 |             6 |    117508
    19000 |     +0.0% |       0 |       5 |             7 |    116508
    20000 |     +0.0% |       0 |       5 |             7 |    115508
    21000 |     +0.0% |       0 |       9 |            12 |    114508
    22000 |     +0.0% |       0 |      11 |            14 |    113508
    23000 |     +0.0% |       0 |      21 |            25 |    112508
    24000 |     +0.0% |       0 |      21 |            25 |    111508
    25000 |     +0.0% |       0 |      27 |            32 |    110508
    26000 |     +0.0% |       0 |      28 |            33 |    109508
    27000 |     +0.0% |       0 |      32 |            38 |    108508
    28000 |     +0.0% |       0 |      32 |            40 |    107508
    29000 |     +0.0% |       0 |      34 |            43 |    106508
    30000 |     +0.0% |       0 |      37 |            46 |    105508
    31000 |     +0.0% |       0 |      38 |            47 |    104508
    32000 |     +0.0% |       0 |      42 |            52 |    103508
    33000 |     +0.0% |       0 |      42 |            54 |    102508
    34000 |     +0.0% |       0 |      42 |            54 |    101508
    35000 |     +0.0% |       0 |      43 |            55 |    100508
    36000 |     +0.0% |       0 |      43 |            55 |     99508
    37000 |     +0.0% |       0 |      43 |            56 |     98508
    38000 |     +0.0% |       0 |      44 |            57 |     97508
    39000 |     +0.0% |       0 |      44 |            57 |     96508
    40000 |     +0.0% |       0 |      47 |            60 |     95508
    41000 |     +0.0% |       0 |      48 |            61 |     94508
    42000 |     +0.0% |       0 |      49 |            62 |     93508
    43000 |     +0.0% |       0 |      49 |            62 |     92508
    44000 |     +0.0% |       0 |      50 |            65 |     91508
    45000 |     +0.0% |       0 |      50 |            65 |     90508
    46000 |     +0.0% |       0 |      50 |            65 |     89508
    47000 |     +0.0% |       0 |      50 |            65 |     88508
    48000 |     +0.0% |       0 |      50 |            65 |     87508
    49000 |     +0.0% |       0 |      50 |            65 |     86508
    50000 |     +0.0% |       0 |      50 |            66 |     85508
    51000 |     +0.0% |       0 |      50 |            66 |     84508
    52000 |     +0.0% |       0 |      50 |            66 |     83508
    53000 |     +0.0% |       0 |      50 |            66 |     82508
    54000 |     +0.0% |       0 |      50 |            66 |     81508
    55000 |     +0.0% |       0 |      50 |            66 |     80508
    56000 |     +0.0% |       0 |      50 |            66 |     79508
    57000 |     +0.0% |       0 |      52 |            68 |     78508
    58000 |     +0.0% |       0 |      52 |            68 |     77508
    59000 |     +0.0% |       0 |      52 |            68 |     76508
    60000 |     +0.0% |       0 |      52 |            68 |     75508
    61000 |     +0.0% |       0 |      52 |            68 |     74508
    62000 |     +0.0% |       0 |      52 |            69 |     73508
    63000 |     +0.0% |       0 |      52 |            69 |     72508
    64000 |     +0.0% |       0 |      52 |            69 |     71508
    65000 |     +0.0% |       0 |      52 |            70 |     70508
    66000 |     +0.0% |       0 |      52 |            70 |     69508
    67000 |     +0.0% |       0 |      52 |            71 |     68508
    68000 |     +0.0% |       0 |      52 |            72 |     67508
    69000 |     +0.0% |       0 |      52 |            72 |     66508
    70000 |     +0.0% |       0 |      52 |            72 |     65508
    71000 |     +0.0% |       0 |      52 |            72 |     64508
    72000 |     +0.0% |       0 |      52 |            72 |     63508
    73000 |     +0.0% |       0 |      52 |            72 |     62508
    74000 |     +0.0% |       0 |      52 |            72 |     61508
    75000 |     +0.0% |       0 |      52 |            72 |     60508
    76000 |     +0.0% |       0 |      52 |            72 |     59508
    77000 |     +0.0% |       0 |      52 |            72 |     58508
    78000 |     +0.0% |       0 |      52 |            72 |     57508
    79000 |     +0.0% |       0 |      52 |            72 |     56508
    80000 |     +0.0% |       0 |      53 |            73 |     55508
    81000 |     +0.0% |       0 |      53 |            73 |     54508
    82000 |     +0.1% |       0 |      58 |            78 |     53508
    83000 |     +0.1% |       0 |      58 |            78 |     52508
    84000 |     +0.1% |       0 |      58 |            78 |     51508
    85000 |     +0.1% |       0 |      58 |            78 |     50508
    86000 |     +0.1% |       0 |      58 |            78 |     49508
    87000 |     +0.1% |       0 |      58 |            78 |     48508
    88000 |     +0.1% |       0 |      58 |            78 |     47508
    89000 |     +0.1% |       0 |      59 |            79 |     46508
    90000 |     +0.1% |       0 |      59 |            80 |     45508
    91000 |     +0.1% |       0 |      59 |            80 |     44508
    92000 |     +0.1% |       0 |      59 |            80 |     43508
    93000 |     +0.1% |       0 |      59 |            80 |     42508
    94000 |     +0.1% |       0 |      60 |            81 |     41508
    95000 |     +0.1% |       0 |      60 |            81 |     40508
[WARNING RSZ-0104] Net _125287_ only has one pin. Check if it is intended to be dangling.
[WARNING RSZ-0104] Net _131392_ only has one pin. Check if it is intended to be dangling.
[WARNING RSZ-0104] Net _131262_ only has one pin. Check if it is intended to be dangling.
[WARNING RSZ-0104] Net _131261_ only has one pin. Check if it is intended to be dangling.
[WARNING RSZ-0104] Net _131260_ only has one pin. Check if it is intended to be dangling.
[WARNING RSZ-0104] Net _131259_ only has one pin. Check if it is intended to be dangling.
[WARNING RSZ-0104] Net _131258_ only has one pin. Check if it is intended to be dangling.
[WARNING RSZ-0104] Net _131257_ only has one pin. Check if it is intended to be dangling.
[WARNING RSZ-0104] Net _131256_ only has one pin. Check if it is intended to be dangling.
[WARNING RSZ-0104] Net _131255_ only has one pin. Check if it is intended to be dangling.
[WARNING RSZ-0104] Net _125302_ only has one pin. Check if it is intended to be dangling.
[WARNING RSZ-0104] Net _131275_ only has one pin. Check if it is intended to be dangling.
[WARNING RSZ-0104] Net _131274_ only has one pin. Check if it is intended to be dangling.
[WARNING RSZ-0104] Net _131273_ only has one pin. Check if it is intended to be dangling.
[WARNING RSZ-0104] Net _131254_ only has one pin. Check if it is intended to be dangling.
[WARNING RSZ-0104] Net _131272_ only has one pin. Check if it is intended to be dangling.
[WARNING RSZ-0104] Net _131271_ only has one pin. Check if it is intended to be dangling.
[WARNING RSZ-0104] Net _131270_ only has one pin. Check if it is intended to be dangling.
[WARNING RSZ-0104] Net _131269_ only has one pin. Check if it is intended to be dangling.
[WARNING RSZ-0104] Net _131268_ only has one pin. Check if it is intended to be dangling.
[WARNING RSZ-0104] Net _131267_ only has one pin. Check if it is intended to be dangling.
[WARNING RSZ-0104] Net _131266_ only has one pin. Check if it is intended to be dangling.
[WARNING RSZ-0104] Net _131265_ only has one pin. Check if it is intended to be dangling.
[WARNING RSZ-0104] Net _131264_ only has one pin. Check if it is intended to be dangling.
[WARNING RSZ-0104] Net _131263_ only has one pin. Check if it is intended to be dangling.
[WARNING RSZ-0104] Net _131253_ only has one pin. Check if it is intended to be dangling.
[WARNING RSZ-0104] Net _131391_ only has one pin. Check if it is intended to be dangling.
[WARNING RSZ-0104] Net _125459_ only has one pin. Check if it is intended to be dangling.
[WARNING RSZ-0104] Net _125458_ only has one pin. Check if it is intended to be dangling.
[WARNING RSZ-0104] Net _125457_ only has one pin. Check if it is intended to be dangling.
[WARNING RSZ-0104] Net _125456_ only has one pin. Check if it is intended to be dangling.
[WARNING RSZ-0104] Net _125455_ only has one pin. Check if it is intended to be dangling.
[WARNING RSZ-0104] Net _125454_ only has one pin. Check if it is intended to be dangling.
[WARNING RSZ-0104] Net _125453_ only has one pin. Check if it is intended to be dangling.
[WARNING RSZ-0104] Net _129953_ only has one pin. Check if it is intended to be dangling.
[WARNING RSZ-0104] Net _129952_ only has one pin. Check if it is intended to be dangling.
[WARNING RSZ-0104] Net _129951_ only has one pin. Check if it is intended to be dangling.
[WARNING RSZ-0104] Net _129950_ only has one pin. Check if it is intended to be dangling.
[WARNING RSZ-0104] Net _129949_ only has one pin. Check if it is intended to be dangling.
[WARNING RSZ-0104] Net _129948_ only has one pin. Check if it is intended to be dangling.
[WARNING RSZ-0104] Net _129947_ only has one pin. Check if it is intended to be dangling.
[WARNING RSZ-0104] Net _129946_ only has one pin. Check if it is intended to be dangling.
[WARNING RSZ-0104] Net _129945_ only has one pin. Check if it is intended to be dangling.
[WARNING RSZ-0104] Net _125228_ only has one pin. Check if it is intended to be dangling.
[WARNING RSZ-0104] Net _129954_ only has one pin. Check if it is intended to be dangling.
[WARNING RSZ-0104] Net _125324_ only has one pin. Check if it is intended to be dangling.
[WARNING RSZ-0104] Net _130078_ only has one pin. Check if it is intended to be dangling.
[WARNING RSZ-0104] Net _130077_ only has one pin. Check if it is intended to be dangling.
[WARNING RSZ-0104] Net _130076_ only has one pin. Check if it is intended to be dangling.
[WARNING RSZ-0104] Net _130075_ only has one pin. Check if it is intended to be dangling.
[WARNING RSZ-0104] Net _130074_ only has one pin. Check if it is intended to be dangling.
[WARNING RSZ-0104] Net _130073_ only has one pin. Check if it is intended to be dangling.
[WARNING RSZ-0104] Net _130072_ only has one pin. Check if it is intended to be dangling.
[WARNING RSZ-0104] Net _130071_ only has one pin. Check if it is intended to be dangling.
[WARNING RSZ-0104] Net _130070_ only has one pin. Check if it is intended to be dangling.
[WARNING RSZ-0104] Net _125234_ only has one pin. Check if it is intended to be dangling.
[WARNING RSZ-0104] Net _130079_ only has one pin. Check if it is intended to be dangling.
    96000 |     +0.1% |       0 |      60 |            82 |     39508
[WARNING RSZ-0104] Net _129448_ only has one pin. Check if it is intended to be dangling.
[WARNING RSZ-0104] Net _129447_ only has one pin. Check if it is intended to be dangling.
[WARNING RSZ-0104] Net _129446_ only has one pin. Check if it is intended to be dangling.
[WARNING RSZ-0104] Net _129445_ only has one pin. Check if it is intended to be dangling.
[WARNING RSZ-0104] Net _129444_ only has one pin. Check if it is intended to be dangling.
[WARNING RSZ-0104] Net _129443_ only has one pin. Check if it is intended to be dangling.
[WARNING RSZ-0104] Net _129442_ only has one pin. Check if it is intended to be dangling.
[WARNING RSZ-0104] Net _129441_ only has one pin. Check if it is intended to be dangling.
[WARNING RSZ-0104] Net _125206_ only has one pin. Check if it is intended to be dangling.
[WARNING RSZ-0104] Net _129461_ only has one pin. Check if it is intended to be dangling.
[WARNING RSZ-0104] Net _129460_ only has one pin. Check if it is intended to be dangling.
[WARNING RSZ-0104] Net _129459_ only has one pin. Check if it is intended to be dangling.
[WARNING RSZ-0104] Net _129440_ only has one pin. Check if it is intended to be dangling.
[WARNING RSZ-0104] Net _129458_ only has one pin. Check if it is intended to be dangling.
[WARNING RSZ-0104] Net _129457_ only has one pin. Check if it is intended to be dangling.
[WARNING RSZ-0104] Net _129456_ only has one pin. Check if it is intended to be dangling.
[WARNING RSZ-0104] Net _129455_ only has one pin. Check if it is intended to be dangling.
[WARNING RSZ-0104] Net _129454_ only has one pin. Check if it is intended to be dangling.
[WARNING RSZ-0104] Net _129453_ only has one pin. Check if it is intended to be dangling.
[WARNING RSZ-0104] Net _129452_ only has one pin. Check if it is intended to be dangling.
[WARNING RSZ-0104] Net _129451_ only has one pin. Check if it is intended to be dangling.
[WARNING RSZ-0104] Net _129450_ only has one pin. Check if it is intended to be dangling.
[WARNING RSZ-0104] Net _129449_ only has one pin. Check if it is intended to be dangling.
[WARNING RSZ-0104] Net _129439_ only has one pin. Check if it is intended to be dangling.
[WARNING RSZ-0104] Net _127700_ only has one pin. Check if it is intended to be dangling.
[WARNING RSZ-0104] Net _127699_ only has one pin. Check if it is intended to be dangling.
[WARNING RSZ-0104] Net _127698_ only has one pin. Check if it is intended to be dangling.
    97000 |     +0.1% |       0 |      60 |            82 |     38508
[WARNING RSZ-0104] Net _127697_ only has one pin. Check if it is intended to be dangling.
[WARNING RSZ-0104] Net _127696_ only has one pin. Check if it is intended to be dangling.
[WARNING RSZ-0104] Net _127695_ only has one pin. Check if it is intended to be dangling.
[WARNING RSZ-0104] Net _127694_ only has one pin. Check if it is intended to be dangling.
[WARNING RSZ-0104] Net _127693_ only has one pin. Check if it is intended to be dangling.
[WARNING RSZ-0104] Net _125422_ only has one pin. Check if it is intended to be dangling.
[WARNING RSZ-0104] Net _127713_ only has one pin. Check if it is intended to be dangling.
[WARNING RSZ-0104] Net _127712_ only has one pin. Check if it is intended to be dangling.
[WARNING RSZ-0104] Net _127711_ only has one pin. Check if it is intended to be dangling.
[WARNING RSZ-0104] Net _127692_ only has one pin. Check if it is intended to be dangling.
[WARNING RSZ-0104] Net _127710_ only has one pin. Check if it is intended to be dangling.
[WARNING RSZ-0104] Net _127709_ only has one pin. Check if it is intended to be dangling.
[WARNING RSZ-0104] Net _127708_ only has one pin. Check if it is intended to be dangling.
[WARNING RSZ-0104] Net _127707_ only has one pin. Check if it is intended to be dangling.
[WARNING RSZ-0104] Net _127706_ only has one pin. Check if it is intended to be dangling.
[WARNING RSZ-0104] Net _127705_ only has one pin. Check if it is intended to be dangling.
[WARNING RSZ-0104] Net _127704_ only has one pin. Check if it is intended to be dangling.
[WARNING RSZ-0104] Net _127703_ only has one pin. Check if it is intended to be dangling.
[WARNING RSZ-0104] Net _127702_ only has one pin. Check if it is intended to be dangling.
[WARNING RSZ-0104] Net _127701_ only has one pin. Check if it is intended to be dangling.
[WARNING RSZ-0104] Net _127691_ only has one pin. Check if it is intended to be dangling.
[WARNING RSZ-0104] Net _127723_ only has one pin. Check if it is intended to be dangling.
[WARNING RSZ-0104] Net _127722_ only has one pin. Check if it is intended to be dangling.
[WARNING RSZ-0104] Net _127721_ only has one pin. Check if it is intended to be dangling.
[WARNING RSZ-0104] Net _127720_ only has one pin. Check if it is intended to be dangling.
[WARNING RSZ-0104] Net _127719_ only has one pin. Check if it is intended to be dangling.
[WARNING RSZ-0104] Net _127718_ only has one pin. Check if it is intended to be dangling.
[WARNING RSZ-0104] Net _127717_ only has one pin. Check if it is intended to be dangling.
[WARNING RSZ-0104] Net _127716_ only has one pin. Check if it is intended to be dangling.
[WARNING RSZ-0104] Net _125423_ only has one pin. Check if it is intended to be dangling.
[WARNING RSZ-0104] Net _127736_ only has one pin. Check if it is intended to be dangling.
[WARNING RSZ-0104] Net _127735_ only has one pin. Check if it is intended to be dangling.
[WARNING RSZ-0104] Net _127734_ only has one pin. Check if it is intended to be dangling.
[WARNING RSZ-0104] Net _127715_ only has one pin. Check if it is intended to be dangling.
[WARNING RSZ-0104] Net _127733_ only has one pin. Check if it is intended to be dangling.
[WARNING RSZ-0104] Net _127732_ only has one pin. Check if it is intended to be dangling.
[WARNING RSZ-0104] Net _127731_ only has one pin. Check if it is intended to be dangling.
[WARNING RSZ-0104] Net _127730_ only has one pin. Check if it is intended to be dangling.
[WARNING RSZ-0104] Net _127729_ only has one pin. Check if it is intended to be dangling.
[WARNING RSZ-0104] Net _127728_ only has one pin. Check if it is intended to be dangling.
[WARNING RSZ-0104] Net _127727_ only has one pin. Check if it is intended to be dangling.
[WARNING RSZ-0104] Net _127726_ only has one pin. Check if it is intended to be dangling.
[WARNING RSZ-0104] Net _127725_ only has one pin. Check if it is intended to be dangling.
[WARNING RSZ-0104] Net _127724_ only has one pin. Check if it is intended to be dangling.
[WARNING RSZ-0104] Net _127714_ only has one pin. Check if it is intended to be dangling.
[WARNING RSZ-0104] Net _127746_ only has one pin. Check if it is intended to be dangling.
[WARNING RSZ-0104] Net _127745_ only has one pin. Check if it is intended to be dangling.
[WARNING RSZ-0104] Net _127744_ only has one pin. Check if it is intended to be dangling.
[WARNING RSZ-0104] Net _127743_ only has one pin. Check if it is intended to be dangling.
[WARNING RSZ-0104] Net _127742_ only has one pin. Check if it is intended to be dangling.
[WARNING RSZ-0104] Net _127741_ only has one pin. Check if it is intended to be dangling.
[WARNING RSZ-0104] Net _127740_ only has one pin. Check if it is intended to be dangling.
[WARNING RSZ-0104] Net _127739_ only has one pin. Check if it is intended to be dangling.
[WARNING RSZ-0104] Net _125424_ only has one pin. Check if it is intended to be dangling.
[WARNING RSZ-0104] Net _127759_ only has one pin. Check if it is intended to be dangling.
[WARNING RSZ-0104] Net _127758_ only has one pin. Check if it is intended to be dangling.
[WARNING RSZ-0104] Net _127757_ only has one pin. Check if it is intended to be dangling.
[WARNING RSZ-0104] Net _127738_ only has one pin. Check if it is intended to be dangling.
[WARNING RSZ-0104] Net _127756_ only has one pin. Check if it is intended to be dangling.
[WARNING RSZ-0104] Net _127755_ only has one pin. Check if it is intended to be dangling.
[WARNING RSZ-0104] Net _127754_ only has one pin. Check if it is intended to be dangling.
[WARNING RSZ-0104] Net _127753_ only has one pin. Check if it is intended to be dangling.
[WARNING RSZ-0104] Net _127752_ only has one pin. Check if it is intended to be dangling.
[WARNING RSZ-0104] Net _127751_ only has one pin. Check if it is intended to be dangling.
[WARNING RSZ-0104] Net _127750_ only has one pin. Check if it is intended to be dangling.
[WARNING RSZ-0104] Net _127749_ only has one pin. Check if it is intended to be dangling.
[WARNING RSZ-0104] Net _127748_ only has one pin. Check if it is intended to be dangling.
[WARNING RSZ-0104] Net _127747_ only has one pin. Check if it is intended to be dangling.
[WARNING RSZ-0104] Net _127737_ only has one pin. Check if it is intended to be dangling.
[WARNING RSZ-0104] Net _127769_ only has one pin. Check if it is intended to be dangling.
[WARNING RSZ-0104] Net _127768_ only has one pin. Check if it is intended to be dangling.
[WARNING RSZ-0104] Net _127767_ only has one pin. Check if it is intended to be dangling.
[WARNING RSZ-0104] Net _127766_ only has one pin. Check if it is intended to be dangling.
[WARNING RSZ-0104] Net _127765_ only has one pin. Check if it is intended to be dangling.
[WARNING RSZ-0104] Net _127764_ only has one pin. Check if it is intended to be dangling.
[WARNING RSZ-0104] Net _127763_ only has one pin. Check if it is intended to be dangling.
[WARNING RSZ-0104] Net _127762_ only has one pin. Check if it is intended to be dangling.
[WARNING RSZ-0104] Net _125425_ only has one pin. Check if it is intended to be dangling.
[WARNING RSZ-0104] Net _127782_ only has one pin. Check if it is intended to be dangling.
[WARNING RSZ-0104] Net _127781_ only has one pin. Check if it is intended to be dangling.
[WARNING RSZ-0104] Net _127780_ only has one pin. Check if it is intended to be dangling.
[WARNING RSZ-0104] Net _127761_ only has one pin. Check if it is intended to be dangling.
[WARNING RSZ-0104] Net _127779_ only has one pin. Check if it is intended to be dangling.
[WARNING RSZ-0104] Net _127778_ only has one pin. Check if it is intended to be dangling.
[WARNING RSZ-0104] Net _127777_ only has one pin. Check if it is intended to be dangling.
[WARNING RSZ-0104] Net _127776_ only has one pin. Check if it is intended to be dangling.
[WARNING RSZ-0104] Net _127775_ only has one pin. Check if it is intended to be dangling.
[WARNING RSZ-0104] Net _127774_ only has one pin. Check if it is intended to be dangling.
[WARNING RSZ-0104] Net _127773_ only has one pin. Check if it is intended to be dangling.
[WARNING RSZ-0104] Net _127772_ only has one pin. Check if it is intended to be dangling.
[WARNING RSZ-0104] Net _127771_ only has one pin. Check if it is intended to be dangling.
[WARNING RSZ-0104] Net _127770_ only has one pin. Check if it is intended to be dangling.
[WARNING RSZ-0104] Net _127760_ only has one pin. Check if it is intended to be dangling.
[WARNING RSZ-0104] Net _127792_ only has one pin. Check if it is intended to be dangling.
[WARNING RSZ-0104] Net _127791_ only has one pin. Check if it is intended to be dangling.
[WARNING RSZ-0104] Net _127790_ only has one pin. Check if it is intended to be dangling.
[WARNING RSZ-0104] Net _127789_ only has one pin. Check if it is intended to be dangling.
[WARNING RSZ-0104] Net _127788_ only has one pin. Check if it is intended to be dangling.
[WARNING RSZ-0104] Net _127787_ only has one pin. Check if it is intended to be dangling.
[WARNING RSZ-0104] Net _127786_ only has one pin. Check if it is intended to be dangling.
[WARNING RSZ-0104] Net _127785_ only has one pin. Check if it is intended to be dangling.
[WARNING RSZ-0104] Net _125426_ only has one pin. Check if it is intended to be dangling.
[WARNING RSZ-0104] Net _127805_ only has one pin. Check if it is intended to be dangling.
[WARNING RSZ-0104] Net _127804_ only has one pin. Check if it is intended to be dangling.
[WARNING RSZ-0104] Net _127803_ only has one pin. Check if it is intended to be dangling.
[WARNING RSZ-0104] Net _127784_ only has one pin. Check if it is intended to be dangling.
[WARNING RSZ-0104] Net _127802_ only has one pin. Check if it is intended to be dangling.
[WARNING RSZ-0104] Net _127801_ only has one pin. Check if it is intended to be dangling.
[WARNING RSZ-0104] Net _127800_ only has one pin. Check if it is intended to be dangling.
[WARNING RSZ-0104] Net _127799_ only has one pin. Check if it is intended to be dangling.
[WARNING RSZ-0104] Net _127798_ only has one pin. Check if it is intended to be dangling.
[WARNING RSZ-0104] Net _127797_ only has one pin. Check if it is intended to be dangling.
[WARNING RSZ-0104] Net _127796_ only has one pin. Check if it is intended to be dangling.
[WARNING RSZ-0104] Net _127795_ only has one pin. Check if it is intended to be dangling.
[WARNING RSZ-0104] Net _127794_ only has one pin. Check if it is intended to be dangling.
[WARNING RSZ-0104] Net _127793_ only has one pin. Check if it is intended to be dangling.
[WARNING RSZ-0104] Net _127783_ only has one pin. Check if it is intended to be dangling.
[WARNING RSZ-0104] Net _127815_ only has one pin. Check if it is intended to be dangling.
[WARNING RSZ-0104] Net _127814_ only has one pin. Check if it is intended to be dangling.
[WARNING RSZ-0104] Net _127813_ only has one pin. Check if it is intended to be dangling.
[WARNING RSZ-0104] Net _127812_ only has one pin. Check if it is intended to be dangling.
[WARNING RSZ-0104] Net _127811_ only has one pin. Check if it is intended to be dangling.
[WARNING RSZ-0104] Net _127810_ only has one pin. Check if it is intended to be dangling.
[WARNING RSZ-0104] Net _127809_ only has one pin. Check if it is intended to be dangling.
[WARNING RSZ-0104] Net _127808_ only has one pin. Check if it is intended to be dangling.
[WARNING RSZ-0104] Net _125427_ only has one pin. Check if it is intended to be dangling.
[WARNING RSZ-0104] Net _127828_ only has one pin. Check if it is intended to be dangling.
[WARNING RSZ-0104] Net _127827_ only has one pin. Check if it is intended to be dangling.
[WARNING RSZ-0104] Net _127826_ only has one pin. Check if it is intended to be dangling.
[WARNING RSZ-0104] Net _127807_ only has one pin. Check if it is intended to be dangling.
[WARNING RSZ-0104] Net _127825_ only has one pin. Check if it is intended to be dangling.
[WARNING RSZ-0104] Net _127824_ only has one pin. Check if it is intended to be dangling.
[WARNING RSZ-0104] Net _127823_ only has one pin. Check if it is intended to be dangling.
[WARNING RSZ-0104] Net _127822_ only has one pin. Check if it is intended to be dangling.
[WARNING RSZ-0104] Net _127821_ only has one pin. Check if it is intended to be dangling.
[WARNING RSZ-0104] Net _127820_ only has one pin. Check if it is intended to be dangling.
[WARNING RSZ-0104] Net _127819_ only has one pin. Check if it is intended to be dangling.
[WARNING RSZ-0104] Net _127818_ only has one pin. Check if it is intended to be dangling.
[WARNING RSZ-0104] Net _127817_ only has one pin. Check if it is intended to be dangling.
[WARNING RSZ-0104] Net _127816_ only has one pin. Check if it is intended to be dangling.
[WARNING RSZ-0104] Net _127806_ only has one pin. Check if it is intended to be dangling.
[WARNING RSZ-0104] Net _127838_ only has one pin. Check if it is intended to be dangling.
[WARNING RSZ-0104] Net _127837_ only has one pin. Check if it is intended to be dangling.
[WARNING RSZ-0104] Net _127836_ only has one pin. Check if it is intended to be dangling.
[WARNING RSZ-0104] Net _127835_ only has one pin. Check if it is intended to be dangling.
[WARNING RSZ-0104] Net _127834_ only has one pin. Check if it is intended to be dangling.
[WARNING RSZ-0104] Net _127833_ only has one pin. Check if it is intended to be dangling.
[WARNING RSZ-0104] Net _127832_ only has one pin. Check if it is intended to be dangling.
[WARNING RSZ-0104] Net _127831_ only has one pin. Check if it is intended to be dangling.
[WARNING RSZ-0104] Net _125428_ only has one pin. Check if it is intended to be dangling.
[WARNING RSZ-0104] Net _127851_ only has one pin. Check if it is intended to be dangling.
[WARNING RSZ-0104] Net _127850_ only has one pin. Check if it is intended to be dangling.
[WARNING RSZ-0104] Net _127849_ only has one pin. Check if it is intended to be dangling.
[WARNING RSZ-0104] Net _127830_ only has one pin. Check if it is intended to be dangling.
[WARNING RSZ-0104] Net _127848_ only has one pin. Check if it is intended to be dangling.
[WARNING RSZ-0104] Net _127847_ only has one pin. Check if it is intended to be dangling.
[WARNING RSZ-0104] Net _127846_ only has one pin. Check if it is intended to be dangling.
[WARNING RSZ-0104] Net _127845_ only has one pin. Check if it is intended to be dangling.
[WARNING RSZ-0104] Net _127844_ only has one pin. Check if it is intended to be dangling.
[WARNING RSZ-0104] Net _127843_ only has one pin. Check if it is intended to be dangling.
[WARNING RSZ-0104] Net _127842_ only has one pin. Check if it is intended to be dangling.
[WARNING RSZ-0104] Net _127841_ only has one pin. Check if it is intended to be dangling.
[WARNING RSZ-0104] Net _127840_ only has one pin. Check if it is intended to be dangling.
[WARNING RSZ-0104] Net _127839_ only has one pin. Check if it is intended to be dangling.
[WARNING RSZ-0104] Net _127829_ only has one pin. Check if it is intended to be dangling.
[WARNING RSZ-0104] Net _127861_ only has one pin. Check if it is intended to be dangling.
[WARNING RSZ-0104] Net _127860_ only has one pin. Check if it is intended to be dangling.
[WARNING RSZ-0104] Net _127859_ only has one pin. Check if it is intended to be dangling.
[WARNING RSZ-0104] Net _127858_ only has one pin. Check if it is intended to be dangling.
[WARNING RSZ-0104] Net _127857_ only has one pin. Check if it is intended to be dangling.
[WARNING RSZ-0104] Net _127856_ only has one pin. Check if it is intended to be dangling.
[WARNING RSZ-0104] Net _127855_ only has one pin. Check if it is intended to be dangling.
[WARNING RSZ-0104] Net _127854_ only has one pin. Check if it is intended to be dangling.
[WARNING RSZ-0104] Net _125429_ only has one pin. Check if it is intended to be dangling.
[WARNING RSZ-0104] Net _127874_ only has one pin. Check if it is intended to be dangling.
[WARNING RSZ-0104] Net _127873_ only has one pin. Check if it is intended to be dangling.
[WARNING RSZ-0104] Net _127872_ only has one pin. Check if it is intended to be dangling.
[WARNING RSZ-0104] Net _127853_ only has one pin. Check if it is intended to be dangling.
[WARNING RSZ-0104] Net _127871_ only has one pin. Check if it is intended to be dangling.
[WARNING RSZ-0104] Net _127870_ only has one pin. Check if it is intended to be dangling.
[WARNING RSZ-0104] Net _127869_ only has one pin. Check if it is intended to be dangling.
[WARNING RSZ-0104] Net _127868_ only has one pin. Check if it is intended to be dangling.
[WARNING RSZ-0104] Net _127867_ only has one pin. Check if it is intended to be dangling.
[WARNING RSZ-0104] Net _127866_ only has one pin. Check if it is intended to be dangling.
[WARNING RSZ-0104] Net _127865_ only has one pin. Check if it is intended to be dangling.
[WARNING RSZ-0104] Net _127864_ only has one pin. Check if it is intended to be dangling.
[WARNING RSZ-0104] Net _127863_ only has one pin. Check if it is intended to be dangling.
[WARNING RSZ-0104] Net _127862_ only has one pin. Check if it is intended to be dangling.
[WARNING RSZ-0104] Net _127852_ only has one pin. Check if it is intended to be dangling.
[WARNING RSZ-0104] Net _127884_ only has one pin. Check if it is intended to be dangling.
[WARNING RSZ-0104] Net _127883_ only has one pin. Check if it is intended to be dangling.
[WARNING RSZ-0104] Net _127882_ only has one pin. Check if it is intended to be dangling.
[WARNING RSZ-0104] Net _127881_ only has one pin. Check if it is intended to be dangling.
[WARNING RSZ-0104] Net _127880_ only has one pin. Check if it is intended to be dangling.
[WARNING RSZ-0104] Net _127879_ only has one pin. Check if it is intended to be dangling.
[WARNING RSZ-0104] Net _127878_ only has one pin. Check if it is intended to be dangling.
[WARNING RSZ-0104] Net _127877_ only has one pin. Check if it is intended to be dangling.
[WARNING RSZ-0104] Net _125430_ only has one pin. Check if it is intended to be dangling.
[WARNING RSZ-0104] Net _127897_ only has one pin. Check if it is intended to be dangling.
[WARNING RSZ-0104] Net _127896_ only has one pin. Check if it is intended to be dangling.
[WARNING RSZ-0104] Net _127895_ only has one pin. Check if it is intended to be dangling.
[WARNING RSZ-0104] Net _127876_ only has one pin. Check if it is intended to be dangling.
[WARNING RSZ-0104] Net _127894_ only has one pin. Check if it is intended to be dangling.
[WARNING RSZ-0104] Net _127893_ only has one pin. Check if it is intended to be dangling.
[WARNING RSZ-0104] Net _127892_ only has one pin. Check if it is intended to be dangling.
[WARNING RSZ-0104] Net _127891_ only has one pin. Check if it is intended to be dangling.
[WARNING RSZ-0104] Net _127890_ only has one pin. Check if it is intended to be dangling.
[WARNING RSZ-0104] Net _127889_ only has one pin. Check if it is intended to be dangling.
[WARNING RSZ-0104] Net _127888_ only has one pin. Check if it is intended to be dangling.
[WARNING RSZ-0104] Net _127887_ only has one pin. Check if it is intended to be dangling.
[WARNING RSZ-0104] Net _127886_ only has one pin. Check if it is intended to be dangling.
[WARNING RSZ-0104] Net _127885_ only has one pin. Check if it is intended to be dangling.
[WARNING RSZ-0104] Net _127875_ only has one pin. Check if it is intended to be dangling.
[WARNING RSZ-0104] Net _127907_ only has one pin. Check if it is intended to be dangling.
[WARNING RSZ-0104] Net _127906_ only has one pin. Check if it is intended to be dangling.
[WARNING RSZ-0104] Net _127905_ only has one pin. Check if it is intended to be dangling.
[WARNING RSZ-0104] Net _127904_ only has one pin. Check if it is intended to be dangling.
[WARNING RSZ-0104] Net _127903_ only has one pin. Check if it is intended to be dangling.
[WARNING RSZ-0104] Net _127902_ only has one pin. Check if it is intended to be dangling.
[WARNING RSZ-0104] Net _127901_ only has one pin. Check if it is intended to be dangling.
[WARNING RSZ-0104] Net _127900_ only has one pin. Check if it is intended to be dangling.
[WARNING RSZ-0104] Net _125431_ only has one pin. Check if it is intended to be dangling.
[WARNING RSZ-0104] Net _127920_ only has one pin. Check if it is intended to be dangling.
[WARNING RSZ-0104] Net _127919_ only has one pin. Check if it is intended to be dangling.
[WARNING RSZ-0104] Net _127918_ only has one pin. Check if it is intended to be dangling.
[WARNING RSZ-0104] Net _127899_ only has one pin. Check if it is intended to be dangling.
[WARNING RSZ-0104] Net _127917_ only has one pin. Check if it is intended to be dangling.
[WARNING RSZ-0104] Net _127916_ only has one pin. Check if it is intended to be dangling.
[WARNING RSZ-0104] Net _127915_ only has one pin. Check if it is intended to be dangling.
[WARNING RSZ-0104] Net _127914_ only has one pin. Check if it is intended to be dangling.
[WARNING RSZ-0104] Net _127913_ only has one pin. Check if it is intended to be dangling.
[WARNING RSZ-0104] Net _127912_ only has one pin. Check if it is intended to be dangling.
[WARNING RSZ-0104] Net _127911_ only has one pin. Check if it is intended to be dangling.
[WARNING RSZ-0104] Net _127910_ only has one pin. Check if it is intended to be dangling.
[WARNING RSZ-0104] Net _127909_ only has one pin. Check if it is intended to be dangling.
[WARNING RSZ-0104] Net _127908_ only has one pin. Check if it is intended to be dangling.
[WARNING RSZ-0104] Net _127898_ only has one pin. Check if it is intended to be dangling.
[WARNING RSZ-0104] Net _129425_ only has one pin. Check if it is intended to be dangling.
[WARNING RSZ-0104] Net _129424_ only has one pin. Check if it is intended to be dangling.
[WARNING RSZ-0104] Net _129423_ only has one pin. Check if it is intended to be dangling.
[WARNING RSZ-0104] Net _129422_ only has one pin. Check if it is intended to be dangling.
[WARNING RSZ-0104] Net _129421_ only has one pin. Check if it is intended to be dangling.
[WARNING RSZ-0104] Net _129420_ only has one pin. Check if it is intended to be dangling.
[WARNING RSZ-0104] Net _129419_ only has one pin. Check if it is intended to be dangling.
[WARNING RSZ-0104] Net _129418_ only has one pin. Check if it is intended to be dangling.
[WARNING RSZ-0104] Net _125205_ only has one pin. Check if it is intended to be dangling.
[WARNING RSZ-0104] Net _129438_ only has one pin. Check if it is intended to be dangling.
[WARNING RSZ-0104] Net _129437_ only has one pin. Check if it is intended to be dangling.
[WARNING RSZ-0104] Net _129436_ only has one pin. Check if it is intended to be dangling.
[WARNING RSZ-0104] Net _129417_ only has one pin. Check if it is intended to be dangling.
[WARNING RSZ-0104] Net _129435_ only has one pin. Check if it is intended to be dangling.
[WARNING RSZ-0104] Net _129434_ only has one pin. Check if it is intended to be dangling.
[WARNING RSZ-0104] Net _129433_ only has one pin. Check if it is intended to be dangling.
[WARNING RSZ-0104] Net _129432_ only has one pin. Check if it is intended to be dangling.
[WARNING RSZ-0104] Net _129431_ only has one pin. Check if it is intended to be dangling.
[WARNING RSZ-0104] Net _129430_ only has one pin. Check if it is intended to be dangling.
[WARNING RSZ-0104] Net _129429_ only has one pin. Check if it is intended to be dangling.
[WARNING RSZ-0104] Net _129428_ only has one pin. Check if it is intended to be dangling.
[WARNING RSZ-0104] Net _129427_ only has one pin. Check if it is intended to be dangling.
[WARNING RSZ-0104] Net _129426_ only has one pin. Check if it is intended to be dangling.
[WARNING RSZ-0104] Net _129416_ only has one pin. Check if it is intended to be dangling.
[WARNING RSZ-0104] Net _127930_ only has one pin. Check if it is intended to be dangling.
[WARNING RSZ-0104] Net _127929_ only has one pin. Check if it is intended to be dangling.
[WARNING RSZ-0104] Net _127928_ only has one pin. Check if it is intended to be dangling.
[WARNING RSZ-0104] Net _127927_ only has one pin. Check if it is intended to be dangling.
[WARNING RSZ-0104] Net _127926_ only has one pin. Check if it is intended to be dangling.
[WARNING RSZ-0104] Net _127925_ only has one pin. Check if it is intended to be dangling.
[WARNING RSZ-0104] Net _127924_ only has one pin. Check if it is intended to be dangling.
[WARNING RSZ-0104] Net _127923_ only has one pin. Check if it is intended to be dangling.
[WARNING RSZ-0104] Net _125432_ only has one pin. Check if it is intended to be dangling.
[WARNING RSZ-0104] Net _127943_ only has one pin. Check if it is intended to be dangling.
[WARNING RSZ-0104] Net _127942_ only has one pin. Check if it is intended to be dangling.
[WARNING RSZ-0104] Net _127941_ only has one pin. Check if it is intended to be dangling.
[WARNING RSZ-0104] Net _127922_ only has one pin. Check if it is intended to be dangling.
[WARNING RSZ-0104] Net _127940_ only has one pin. Check if it is intended to be dangling.
[WARNING RSZ-0104] Net _127939_ only has one pin. Check if it is intended to be dangling.
[WARNING RSZ-0104] Net _127938_ only has one pin. Check if it is intended to be dangling.
[WARNING RSZ-0104] Net _127937_ only has one pin. Check if it is intended to be dangling.
[WARNING RSZ-0104] Net _127936_ only has one pin. Check if it is intended to be dangling.
[WARNING RSZ-0104] Net _127935_ only has one pin. Check if it is intended to be dangling.
[WARNING RSZ-0104] Net _127934_ only has one pin. Check if it is intended to be dangling.
[WARNING RSZ-0104] Net _127933_ only has one pin. Check if it is intended to be dangling.
[WARNING RSZ-0104] Net _127932_ only has one pin. Check if it is intended to be dangling.
[WARNING RSZ-0104] Net _127931_ only has one pin. Check if it is intended to be dangling.
[WARNING RSZ-0104] Net _127921_ only has one pin. Check if it is intended to be dangling.
[WARNING RSZ-0104] Net _127953_ only has one pin. Check if it is intended to be dangling.
[WARNING RSZ-0104] Net _127952_ only has one pin. Check if it is intended to be dangling.
[WARNING RSZ-0104] Net _127951_ only has one pin. Check if it is intended to be dangling.
[WARNING RSZ-0104] Net _127950_ only has one pin. Check if it is intended to be dangling.
[WARNING RSZ-0104] Net _127949_ only has one pin. Check if it is intended to be dangling.
[WARNING RSZ-0104] Net _127948_ only has one pin. Check if it is intended to be dangling.
[WARNING RSZ-0104] Net _127947_ only has one pin. Check if it is intended to be dangling.
[WARNING RSZ-0104] Net _127946_ only has one pin. Check if it is intended to be dangling.
[WARNING RSZ-0104] Net _125433_ only has one pin. Check if it is intended to be dangling.
[WARNING RSZ-0104] Net _127966_ only has one pin. Check if it is intended to be dangling.
[WARNING RSZ-0104] Net _127965_ only has one pin. Check if it is intended to be dangling.
[WARNING RSZ-0104] Net _127964_ only has one pin. Check if it is intended to be dangling.
[WARNING RSZ-0104] Net _127945_ only has one pin. Check if it is intended to be dangling.
[WARNING RSZ-0104] Net _127963_ only has one pin. Check if it is intended to be dangling.
[WARNING RSZ-0104] Net _127962_ only has one pin. Check if it is intended to be dangling.
[WARNING RSZ-0104] Net _127961_ only has one pin. Check if it is intended to be dangling.
[WARNING RSZ-0104] Net _127960_ only has one pin. Check if it is intended to be dangling.
[WARNING RSZ-0104] Net _127959_ only has one pin. Check if it is intended to be dangling.
[WARNING RSZ-0104] Net _127958_ only has one pin. Check if it is intended to be dangling.
[WARNING RSZ-0104] Net _127957_ only has one pin. Check if it is intended to be dangling.
[WARNING RSZ-0104] Net _127956_ only has one pin. Check if it is intended to be dangling.
[WARNING RSZ-0104] Net _127955_ only has one pin. Check if it is intended to be dangling.
[WARNING RSZ-0104] Net _127954_ only has one pin. Check if it is intended to be dangling.
[WARNING RSZ-0104] Net _127944_ only has one pin. Check if it is intended to be dangling.
[WARNING RSZ-0104] Net _127976_ only has one pin. Check if it is intended to be dangling.
[WARNING RSZ-0104] Net _127975_ only has one pin. Check if it is intended to be dangling.
[WARNING RSZ-0104] Net _127974_ only has one pin. Check if it is intended to be dangling.
[WARNING RSZ-0104] Net _127973_ only has one pin. Check if it is intended to be dangling.
[WARNING RSZ-0104] Net _127972_ only has one pin. Check if it is intended to be dangling.
[WARNING RSZ-0104] Net _127971_ only has one pin. Check if it is intended to be dangling.
[WARNING RSZ-0104] Net _127970_ only has one pin. Check if it is intended to be dangling.
[WARNING RSZ-0104] Net _127969_ only has one pin. Check if it is intended to be dangling.
[WARNING RSZ-0104] Net _125434_ only has one pin. Check if it is intended to be dangling.
[WARNING RSZ-0104] Net _127989_ only has one pin. Check if it is intended to be dangling.
[WARNING RSZ-0104] Net _127988_ only has one pin. Check if it is intended to be dangling.
[WARNING RSZ-0104] Net _127987_ only has one pin. Check if it is intended to be dangling.
[WARNING RSZ-0104] Net _127968_ only has one pin. Check if it is intended to be dangling.
[WARNING RSZ-0104] Net _127986_ only has one pin. Check if it is intended to be dangling.
[WARNING RSZ-0104] Net _127985_ only has one pin. Check if it is intended to be dangling.
[WARNING RSZ-0104] Net _127984_ only has one pin. Check if it is intended to be dangling.
[WARNING RSZ-0104] Net _127983_ only has one pin. Check if it is intended to be dangling.
[WARNING RSZ-0104] Net _127982_ only has one pin. Check if it is intended to be dangling.
[WARNING RSZ-0104] Net _127981_ only has one pin. Check if it is intended to be dangling.
[WARNING RSZ-0104] Net _127980_ only has one pin. Check if it is intended to be dangling.
[WARNING RSZ-0104] Net _127979_ only has one pin. Check if it is intended to be dangling.
[WARNING RSZ-0104] Net _127978_ only has one pin. Check if it is intended to be dangling.
[WARNING RSZ-0104] Net _127977_ only has one pin. Check if it is intended to be dangling.
[WARNING RSZ-0104] Net _127967_ only has one pin. Check if it is intended to be dangling.
[WARNING RSZ-0104] Net _127999_ only has one pin. Check if it is intended to be dangling.
[WARNING RSZ-0104] Net _127998_ only has one pin. Check if it is intended to be dangling.
[WARNING RSZ-0104] Net _127997_ only has one pin. Check if it is intended to be dangling.
[WARNING RSZ-0104] Net _127996_ only has one pin. Check if it is intended to be dangling.
[WARNING RSZ-0104] Net _127995_ only has one pin. Check if it is intended to be dangling.
[WARNING RSZ-0104] Net _127994_ only has one pin. Check if it is intended to be dangling.
[WARNING RSZ-0104] Net _127993_ only has one pin. Check if it is intended to be dangling.
[WARNING RSZ-0104] Net _127992_ only has one pin. Check if it is intended to be dangling.
[WARNING RSZ-0104] Net _125435_ only has one pin. Check if it is intended to be dangling.
[WARNING RSZ-0104] Net _128012_ only has one pin. Check if it is intended to be dangling.
[WARNING RSZ-0104] Net _128011_ only has one pin. Check if it is intended to be dangling.
[WARNING RSZ-0104] Net _128010_ only has one pin. Check if it is intended to be dangling.
[WARNING RSZ-0104] Net _127991_ only has one pin. Check if it is intended to be dangling.
[WARNING RSZ-0104] Net _128009_ only has one pin. Check if it is intended to be dangling.
[WARNING RSZ-0104] Net _128008_ only has one pin. Check if it is intended to be dangling.
[WARNING RSZ-0104] Net _128007_ only has one pin. Check if it is intended to be dangling.
[WARNING RSZ-0104] Net _128006_ only has one pin. Check if it is intended to be dangling.
[WARNING RSZ-0104] Net _128005_ only has one pin. Check if it is intended to be dangling.
[WARNING RSZ-0104] Net _128004_ only has one pin. Check if it is intended to be dangling.
[WARNING RSZ-0104] Net _128003_ only has one pin. Check if it is intended to be dangling.
[WARNING RSZ-0104] Net _128002_ only has one pin. Check if it is intended to be dangling.
[WARNING RSZ-0104] Net _128001_ only has one pin. Check if it is intended to be dangling.
[WARNING RSZ-0104] Net _128000_ only has one pin. Check if it is intended to be dangling.
[WARNING RSZ-0104] Net _127990_ only has one pin. Check if it is intended to be dangling.
[WARNING RSZ-0104] Net _128022_ only has one pin. Check if it is intended to be dangling.
[WARNING RSZ-0104] Net _128021_ only has one pin. Check if it is intended to be dangling.
[WARNING RSZ-0104] Net _128020_ only has one pin. Check if it is intended to be dangling.
[WARNING RSZ-0104] Net _128019_ only has one pin. Check if it is intended to be dangling.
[WARNING RSZ-0104] Net _128018_ only has one pin. Check if it is intended to be dangling.
[WARNING RSZ-0104] Net _128017_ only has one pin. Check if it is intended to be dangling.
[WARNING RSZ-0104] Net _128016_ only has one pin. Check if it is intended to be dangling.
[WARNING RSZ-0104] Net _128015_ only has one pin. Check if it is intended to be dangling.
[WARNING RSZ-0104] Net _125436_ only has one pin. Check if it is intended to be dangling.
[WARNING RSZ-0104] Net _128035_ only has one pin. Check if it is intended to be dangling.
[WARNING RSZ-0104] Net _128034_ only has one pin. Check if it is intended to be dangling.
[WARNING RSZ-0104] Net _128033_ only has one pin. Check if it is intended to be dangling.
[WARNING RSZ-0104] Net _128014_ only has one pin. Check if it is intended to be dangling.
[WARNING RSZ-0104] Net _128032_ only has one pin. Check if it is intended to be dangling.
[WARNING RSZ-0104] Net _128031_ only has one pin. Check if it is intended to be dangling.
[WARNING RSZ-0104] Net _128030_ only has one pin. Check if it is intended to be dangling.
[WARNING RSZ-0104] Net _128029_ only has one pin. Check if it is intended to be dangling.
[WARNING RSZ-0104] Net _128028_ only has one pin. Check if it is intended to be dangling.
[WARNING RSZ-0104] Net _128027_ only has one pin. Check if it is intended to be dangling.
[WARNING RSZ-0104] Net _128026_ only has one pin. Check if it is intended to be dangling.
[WARNING RSZ-0104] Net _128025_ only has one pin. Check if it is intended to be dangling.
[WARNING RSZ-0104] Net _128024_ only has one pin. Check if it is intended to be dangling.
[WARNING RSZ-0104] Net _128023_ only has one pin. Check if it is intended to be dangling.
[WARNING RSZ-0104] Net _128013_ only has one pin. Check if it is intended to be dangling.
[WARNING RSZ-0104] Net _128045_ only has one pin. Check if it is intended to be dangling.
[WARNING RSZ-0104] Net _128044_ only has one pin. Check if it is intended to be dangling.
[WARNING RSZ-0104] Net _128043_ only has one pin. Check if it is intended to be dangling.
[WARNING RSZ-0104] Net _128042_ only has one pin. Check if it is intended to be dangling.
[WARNING RSZ-0104] Net _128041_ only has one pin. Check if it is intended to be dangling.
[WARNING RSZ-0104] Net _128040_ only has one pin. Check if it is intended to be dangling.
[WARNING RSZ-0104] Net _128039_ only has one pin. Check if it is intended to be dangling.
[WARNING RSZ-0104] Net _128038_ only has one pin. Check if it is intended to be dangling.
[WARNING RSZ-0104] Net _125437_ only has one pin. Check if it is intended to be dangling.
[WARNING RSZ-0104] Net _128058_ only has one pin. Check if it is intended to be dangling.
[WARNING RSZ-0104] Net _128057_ only has one pin. Check if it is intended to be dangling.
[WARNING RSZ-0104] Net _128056_ only has one pin. Check if it is intended to be dangling.
[WARNING RSZ-0104] Net _128037_ only has one pin. Check if it is intended to be dangling.
[WARNING RSZ-0104] Net _128055_ only has one pin. Check if it is intended to be dangling.
[WARNING RSZ-0104] Net _128054_ only has one pin. Check if it is intended to be dangling.
[WARNING RSZ-0104] Net _128053_ only has one pin. Check if it is intended to be dangling.
[WARNING RSZ-0104] Net _128052_ only has one pin. Check if it is intended to be dangling.
[WARNING RSZ-0104] Net _128051_ only has one pin. Check if it is intended to be dangling.
[WARNING RSZ-0104] Net _128050_ only has one pin. Check if it is intended to be dangling.
[WARNING RSZ-0104] Net _128049_ only has one pin. Check if it is intended to be dangling.
[WARNING RSZ-0104] Net _128048_ only has one pin. Check if it is intended to be dangling.
[WARNING RSZ-0104] Net _128047_ only has one pin. Check if it is intended to be dangling.
[WARNING RSZ-0104] Net _128046_ only has one pin. Check if it is intended to be dangling.
[WARNING RSZ-0104] Net _128036_ only has one pin. Check if it is intended to be dangling.
[WARNING RSZ-0104] Net _128068_ only has one pin. Check if it is intended to be dangling.
[WARNING RSZ-0104] Net _128067_ only has one pin. Check if it is intended to be dangling.
[WARNING RSZ-0104] Net _128066_ only has one pin. Check if it is intended to be dangling.
[WARNING RSZ-0104] Net _128065_ only has one pin. Check if it is intended to be dangling.
[WARNING RSZ-0104] Net _128064_ only has one pin. Check if it is intended to be dangling.
[WARNING RSZ-0104] Net _128063_ only has one pin. Check if it is intended to be dangling.
[WARNING RSZ-0104] Net _128062_ only has one pin. Check if it is intended to be dangling.
[WARNING RSZ-0104] Net _128061_ only has one pin. Check if it is intended to be dangling.
[WARNING RSZ-0104] Net _125438_ only has one pin. Check if it is intended to be dangling.
[WARNING RSZ-0104] Net _128081_ only has one pin. Check if it is intended to be dangling.
[WARNING RSZ-0104] Net _128080_ only has one pin. Check if it is intended to be dangling.
[WARNING RSZ-0104] Net _128079_ only has one pin. Check if it is intended to be dangling.
[WARNING RSZ-0104] Net _128060_ only has one pin. Check if it is intended to be dangling.
[WARNING RSZ-0104] Net _128078_ only has one pin. Check if it is intended to be dangling.
[WARNING RSZ-0104] Net _128077_ only has one pin. Check if it is intended to be dangling.
[WARNING RSZ-0104] Net _128076_ only has one pin. Check if it is intended to be dangling.
[WARNING RSZ-0104] Net _128075_ only has one pin. Check if it is intended to be dangling.
[WARNING RSZ-0104] Net _128074_ only has one pin. Check if it is intended to be dangling.
[WARNING RSZ-0104] Net _128073_ only has one pin. Check if it is intended to be dangling.
[WARNING RSZ-0104] Net _128072_ only has one pin. Check if it is intended to be dangling.
[WARNING RSZ-0104] Net _128071_ only has one pin. Check if it is intended to be dangling.
[WARNING RSZ-0104] Net _128070_ only has one pin. Check if it is intended to be dangling.
[WARNING RSZ-0104] Net _128069_ only has one pin. Check if it is intended to be dangling.
[WARNING RSZ-0104] Net _128059_ only has one pin. Check if it is intended to be dangling.
[WARNING RSZ-0104] Net _128091_ only has one pin. Check if it is intended to be dangling.
[WARNING RSZ-0104] Net _128090_ only has one pin. Check if it is intended to be dangling.
[WARNING RSZ-0104] Net _128089_ only has one pin. Check if it is intended to be dangling.
[WARNING RSZ-0104] Net _128088_ only has one pin. Check if it is intended to be dangling.
[WARNING RSZ-0104] Net _128087_ only has one pin. Check if it is intended to be dangling.
[WARNING RSZ-0104] Net _128086_ only has one pin. Check if it is intended to be dangling.
[WARNING RSZ-0104] Net _128085_ only has one pin. Check if it is intended to be dangling.
[WARNING RSZ-0104] Net _128084_ only has one pin. Check if it is intended to be dangling.
[WARNING RSZ-0104] Net _125439_ only has one pin. Check if it is intended to be dangling.
[WARNING RSZ-0104] Net _128104_ only has one pin. Check if it is intended to be dangling.
[WARNING RSZ-0104] Net _128103_ only has one pin. Check if it is intended to be dangling.
[WARNING RSZ-0104] Net _128102_ only has one pin. Check if it is intended to be dangling.
[WARNING RSZ-0104] Net _128083_ only has one pin. Check if it is intended to be dangling.
[WARNING RSZ-0104] Net _128101_ only has one pin. Check if it is intended to be dangling.
[WARNING RSZ-0104] Net _128100_ only has one pin. Check if it is intended to be dangling.
[WARNING RSZ-0104] Net _128099_ only has one pin. Check if it is intended to be dangling.
[WARNING RSZ-0104] Net _128098_ only has one pin. Check if it is intended to be dangling.
[WARNING RSZ-0104] Net _128097_ only has one pin. Check if it is intended to be dangling.
[WARNING RSZ-0104] Net _128096_ only has one pin. Check if it is intended to be dangling.
[WARNING RSZ-0104] Net _128095_ only has one pin. Check if it is intended to be dangling.
[WARNING RSZ-0104] Net _128094_ only has one pin. Check if it is intended to be dangling.
[WARNING RSZ-0104] Net _128093_ only has one pin. Check if it is intended to be dangling.
[WARNING RSZ-0104] Net _128092_ only has one pin. Check if it is intended to be dangling.
[WARNING RSZ-0104] Net _128082_ only has one pin. Check if it is intended to be dangling.
[WARNING RSZ-0104] Net _128114_ only has one pin. Check if it is intended to be dangling.
[WARNING RSZ-0104] Net _128113_ only has one pin. Check if it is intended to be dangling.
[WARNING RSZ-0104] Net _128112_ only has one pin. Check if it is intended to be dangling.
[WARNING RSZ-0104] Net _128111_ only has one pin. Check if it is intended to be dangling.
[WARNING RSZ-0104] Net _128110_ only has one pin. Check if it is intended to be dangling.
[WARNING RSZ-0104] Net _128109_ only has one pin. Check if it is intended to be dangling.
[WARNING RSZ-0104] Net _128108_ only has one pin. Check if it is intended to be dangling.
[WARNING RSZ-0104] Net _128107_ only has one pin. Check if it is intended to be dangling.
[WARNING RSZ-0104] Net _125440_ only has one pin. Check if it is intended to be dangling.
[WARNING RSZ-0104] Net _128127_ only has one pin. Check if it is intended to be dangling.
[WARNING RSZ-0104] Net _128126_ only has one pin. Check if it is intended to be dangling.
[WARNING RSZ-0104] Net _128125_ only has one pin. Check if it is intended to be dangling.
[WARNING RSZ-0104] Net _128106_ only has one pin. Check if it is intended to be dangling.
[WARNING RSZ-0104] Net _128124_ only has one pin. Check if it is intended to be dangling.
[WARNING RSZ-0104] Net _128123_ only has one pin. Check if it is intended to be dangling.
[WARNING RSZ-0104] Net _128122_ only has one pin. Check if it is intended to be dangling.
[WARNING RSZ-0104] Net _128121_ only has one pin. Check if it is intended to be dangling.
[WARNING RSZ-0104] Net _128120_ only has one pin. Check if it is intended to be dangling.
[WARNING RSZ-0104] Net _128119_ only has one pin. Check if it is intended to be dangling.
[WARNING RSZ-0104] Net _128118_ only has one pin. Check if it is intended to be dangling.
[WARNING RSZ-0104] Net _128117_ only has one pin. Check if it is intended to be dangling.
[WARNING RSZ-0104] Net _128116_ only has one pin. Check if it is intended to be dangling.
[WARNING RSZ-0104] Net _128115_ only has one pin. Check if it is intended to be dangling.
[WARNING RSZ-0104] Net _128105_ only has one pin. Check if it is intended to be dangling.
[WARNING RSZ-0104] Net _128137_ only has one pin. Check if it is intended to be dangling.
[WARNING RSZ-0104] Net _128136_ only has one pin. Check if it is intended to be dangling.
[WARNING RSZ-0104] Net _128135_ only has one pin. Check if it is intended to be dangling.
[WARNING RSZ-0104] Net _128134_ only has one pin. Check if it is intended to be dangling.
[WARNING RSZ-0104] Net _128133_ only has one pin. Check if it is intended to be dangling.
[WARNING RSZ-0104] Net _128132_ only has one pin. Check if it is intended to be dangling.
[WARNING RSZ-0104] Net _128131_ only has one pin. Check if it is intended to be dangling.
[WARNING RSZ-0104] Net _128130_ only has one pin. Check if it is intended to be dangling.
[WARNING RSZ-0104] Net _125441_ only has one pin. Check if it is intended to be dangling.
[WARNING RSZ-0104] Net _128150_ only has one pin. Check if it is intended to be dangling.
[WARNING RSZ-0104] Net _128149_ only has one pin. Check if it is intended to be dangling.
[WARNING RSZ-0104] Net _128148_ only has one pin. Check if it is intended to be dangling.
[WARNING RSZ-0104] Net _128129_ only has one pin. Check if it is intended to be dangling.
[WARNING RSZ-0104] Net _128147_ only has one pin. Check if it is intended to be dangling.
[WARNING RSZ-0104] Net _128146_ only has one pin. Check if it is intended to be dangling.
[WARNING RSZ-0104] Net _128145_ only has one pin. Check if it is intended to be dangling.
[WARNING RSZ-0104] Net _128144_ only has one pin. Check if it is intended to be dangling.
[WARNING RSZ-0104] Net _128143_ only has one pin. Check if it is intended to be dangling.
[WARNING RSZ-0104] Net _128142_ only has one pin. Check if it is intended to be dangling.
[WARNING RSZ-0104] Net _128141_ only has one pin. Check if it is intended to be dangling.
[WARNING RSZ-0104] Net _128140_ only has one pin. Check if it is intended to be dangling.
[WARNING RSZ-0104] Net _128139_ only has one pin. Check if it is intended to be dangling.
[WARNING RSZ-0104] Net _128138_ only has one pin. Check if it is intended to be dangling.
    98000 |     +0.1% |       0 |      60 |            82 |     37508
[WARNING RSZ-0104] Net _128128_ only has one pin. Check if it is intended to be dangling.
[WARNING RSZ-0104] Net _129402_ only has one pin. Check if it is intended to be dangling.
[WARNING RSZ-0104] Net _129401_ only has one pin. Check if it is intended to be dangling.
[WARNING RSZ-0104] Net _129400_ only has one pin. Check if it is intended to be dangling.
[WARNING RSZ-0104] Net _129399_ only has one pin. Check if it is intended to be dangling.
[WARNING RSZ-0104] Net _129398_ only has one pin. Check if it is intended to be dangling.
[WARNING RSZ-0104] Net _129397_ only has one pin. Check if it is intended to be dangling.
[WARNING RSZ-0104] Net _129396_ only has one pin. Check if it is intended to be dangling.
[WARNING RSZ-0104] Net _129395_ only has one pin. Check if it is intended to be dangling.
[WARNING RSZ-0104] Net _125204_ only has one pin. Check if it is intended to be dangling.
[WARNING RSZ-0104] Net _129415_ only has one pin. Check if it is intended to be dangling.
[WARNING RSZ-0104] Net _129414_ only has one pin. Check if it is intended to be dangling.
[WARNING RSZ-0104] Net _129413_ only has one pin. Check if it is intended to be dangling.
[WARNING RSZ-0104] Net _129394_ only has one pin. Check if it is intended to be dangling.
[WARNING RSZ-0104] Net _129412_ only has one pin. Check if it is intended to be dangling.
[WARNING RSZ-0104] Net _129411_ only has one pin. Check if it is intended to be dangling.
[WARNING RSZ-0104] Net _129410_ only has one pin. Check if it is intended to be dangling.
[WARNING RSZ-0104] Net _129409_ only has one pin. Check if it is intended to be dangling.
[WARNING RSZ-0104] Net _129408_ only has one pin. Check if it is intended to be dangling.
[WARNING RSZ-0104] Net _129407_ only has one pin. Check if it is intended to be dangling.
[WARNING RSZ-0104] Net _129406_ only has one pin. Check if it is intended to be dangling.
[WARNING RSZ-0104] Net _129405_ only has one pin. Check if it is intended to be dangling.
[WARNING RSZ-0104] Net _129404_ only has one pin. Check if it is intended to be dangling.
[WARNING RSZ-0104] Net _129403_ only has one pin. Check if it is intended to be dangling.
[WARNING RSZ-0104] Net _129393_ only has one pin. Check if it is intended to be dangling.
[WARNING RSZ-0104] Net _128160_ only has one pin. Check if it is intended to be dangling.
[WARNING RSZ-0104] Net _128159_ only has one pin. Check if it is intended to be dangling.
[WARNING RSZ-0104] Net _128158_ only has one pin. Check if it is intended to be dangling.
[WARNING RSZ-0104] Net _128157_ only has one pin. Check if it is intended to be dangling.
[WARNING RSZ-0104] Net _128156_ only has one pin. Check if it is intended to be dangling.
[WARNING RSZ-0104] Net _128155_ only has one pin. Check if it is intended to be dangling.
[WARNING RSZ-0104] Net _128154_ only has one pin. Check if it is intended to be dangling.
[WARNING RSZ-0104] Net _128153_ only has one pin. Check if it is intended to be dangling.
[WARNING RSZ-0104] Net _125442_ only has one pin. Check if it is intended to be dangling.
[WARNING RSZ-0104] Net _128173_ only has one pin. Check if it is intended to be dangling.
[WARNING RSZ-0104] Net _128172_ only has one pin. Check if it is intended to be dangling.
[WARNING RSZ-0104] Net _128171_ only has one pin. Check if it is intended to be dangling.
[WARNING RSZ-0104] Net _128152_ only has one pin. Check if it is intended to be dangling.
[WARNING RSZ-0104] Net _128170_ only has one pin. Check if it is intended to be dangling.
[WARNING RSZ-0104] Net _128169_ only has one pin. Check if it is intended to be dangling.
[WARNING RSZ-0104] Net _128168_ only has one pin. Check if it is intended to be dangling.
[WARNING RSZ-0104] Net _128167_ only has one pin. Check if it is intended to be dangling.
[WARNING RSZ-0104] Net _128166_ only has one pin. Check if it is intended to be dangling.
[WARNING RSZ-0104] Net _128165_ only has one pin. Check if it is intended to be dangling.
[WARNING RSZ-0104] Net _128164_ only has one pin. Check if it is intended to be dangling.
[WARNING RSZ-0104] Net _128163_ only has one pin. Check if it is intended to be dangling.
[WARNING RSZ-0104] Net _128162_ only has one pin. Check if it is intended to be dangling.
[WARNING RSZ-0104] Net _128161_ only has one pin. Check if it is intended to be dangling.
[WARNING RSZ-0104] Net _128151_ only has one pin. Check if it is intended to be dangling.
[WARNING RSZ-0104] Net _128183_ only has one pin. Check if it is intended to be dangling.
[WARNING RSZ-0104] Net _128182_ only has one pin. Check if it is intended to be dangling.
[WARNING RSZ-0104] Net _128181_ only has one pin. Check if it is intended to be dangling.
[WARNING RSZ-0104] Net _128180_ only has one pin. Check if it is intended to be dangling.
[WARNING RSZ-0104] Net _128179_ only has one pin. Check if it is intended to be dangling.
[WARNING RSZ-0104] Net _128178_ only has one pin. Check if it is intended to be dangling.
[WARNING RSZ-0104] Net _128177_ only has one pin. Check if it is intended to be dangling.
[WARNING RSZ-0104] Net _128176_ only has one pin. Check if it is intended to be dangling.
[WARNING RSZ-0104] Net _125443_ only has one pin. Check if it is intended to be dangling.
[WARNING RSZ-0104] Net _128196_ only has one pin. Check if it is intended to be dangling.
[WARNING RSZ-0104] Net _128195_ only has one pin. Check if it is intended to be dangling.
[WARNING RSZ-0104] Net _128194_ only has one pin. Check if it is intended to be dangling.
[WARNING RSZ-0104] Net _128175_ only has one pin. Check if it is intended to be dangling.
[WARNING RSZ-0104] Net _128193_ only has one pin. Check if it is intended to be dangling.
[WARNING RSZ-0104] Net _128192_ only has one pin. Check if it is intended to be dangling.
[WARNING RSZ-0104] Net _128191_ only has one pin. Check if it is intended to be dangling.
[WARNING RSZ-0104] Net _128190_ only has one pin. Check if it is intended to be dangling.
[WARNING RSZ-0104] Net _128189_ only has one pin. Check if it is intended to be dangling.
[WARNING RSZ-0104] Net _128188_ only has one pin. Check if it is intended to be dangling.
[WARNING RSZ-0104] Net _128187_ only has one pin. Check if it is intended to be dangling.
[WARNING RSZ-0104] Net _128186_ only has one pin. Check if it is intended to be dangling.
[WARNING RSZ-0104] Net _128185_ only has one pin. Check if it is intended to be dangling.
[WARNING RSZ-0104] Net _128184_ only has one pin. Check if it is intended to be dangling.
[WARNING RSZ-0104] Net _128174_ only has one pin. Check if it is intended to be dangling.
[WARNING RSZ-0104] Net _128206_ only has one pin. Check if it is intended to be dangling.
[WARNING RSZ-0104] Net _128205_ only has one pin. Check if it is intended to be dangling.
[WARNING RSZ-0104] Net _128204_ only has one pin. Check if it is intended to be dangling.
[WARNING RSZ-0104] Net _128203_ only has one pin. Check if it is intended to be dangling.
[WARNING RSZ-0104] Net _128202_ only has one pin. Check if it is intended to be dangling.
[WARNING RSZ-0104] Net _128201_ only has one pin. Check if it is intended to be dangling.
[WARNING RSZ-0104] Net _128200_ only has one pin. Check if it is intended to be dangling.
[WARNING RSZ-0104] Net _128199_ only has one pin. Check if it is intended to be dangling.
[WARNING RSZ-0104] Net _125444_ only has one pin. Check if it is intended to be dangling.
[WARNING RSZ-0104] Net _128219_ only has one pin. Check if it is intended to be dangling.
[WARNING RSZ-0104] Net _128218_ only has one pin. Check if it is intended to be dangling.
[WARNING RSZ-0104] Net _128217_ only has one pin. Check if it is intended to be dangling.
[WARNING RSZ-0104] Net _128198_ only has one pin. Check if it is intended to be dangling.
[WARNING RSZ-0104] Net _128216_ only has one pin. Check if it is intended to be dangling.
[WARNING RSZ-0104] Net _128215_ only has one pin. Check if it is intended to be dangling.
[WARNING RSZ-0104] Net _128214_ only has one pin. Check if it is intended to be dangling.
[WARNING RSZ-0104] Net _128213_ only has one pin. Check if it is intended to be dangling.
[WARNING RSZ-0104] Net _128212_ only has one pin. Check if it is intended to be dangling.
[WARNING RSZ-0104] Net _128211_ only has one pin. Check if it is intended to be dangling.
[WARNING RSZ-0104] Net _128210_ only has one pin. Check if it is intended to be dangling.
[WARNING RSZ-0104] Net _128209_ only has one pin. Check if it is intended to be dangling.
[WARNING RSZ-0104] Net _128208_ only has one pin. Check if it is intended to be dangling.
[WARNING RSZ-0104] Net _128207_ only has one pin. Check if it is intended to be dangling.
[WARNING RSZ-0104] Net _128197_ only has one pin. Check if it is intended to be dangling.
[WARNING RSZ-0104] Net _128229_ only has one pin. Check if it is intended to be dangling.
[WARNING RSZ-0104] Net _128228_ only has one pin. Check if it is intended to be dangling.
[WARNING RSZ-0104] Net _128227_ only has one pin. Check if it is intended to be dangling.
[WARNING RSZ-0104] Net _128226_ only has one pin. Check if it is intended to be dangling.
[WARNING RSZ-0104] Net _128225_ only has one pin. Check if it is intended to be dangling.
[WARNING RSZ-0104] Net _128224_ only has one pin. Check if it is intended to be dangling.
[WARNING RSZ-0104] Net _128223_ only has one pin. Check if it is intended to be dangling.
[WARNING RSZ-0104] Net _128222_ only has one pin. Check if it is intended to be dangling.
[WARNING RSZ-0104] Net _125445_ only has one pin. Check if it is intended to be dangling.
[WARNING RSZ-0104] Net _128242_ only has one pin. Check if it is intended to be dangling.
[WARNING RSZ-0104] Net _128241_ only has one pin. Check if it is intended to be dangling.
[WARNING RSZ-0104] Net _128240_ only has one pin. Check if it is intended to be dangling.
[WARNING RSZ-0104] Net _128221_ only has one pin. Check if it is intended to be dangling.
[WARNING RSZ-0104] Net _128239_ only has one pin. Check if it is intended to be dangling.
[WARNING RSZ-0104] Net _128238_ only has one pin. Check if it is intended to be dangling.
[WARNING RSZ-0104] Net _128237_ only has one pin. Check if it is intended to be dangling.
[WARNING RSZ-0104] Net _128236_ only has one pin. Check if it is intended to be dangling.
[WARNING RSZ-0104] Net _128235_ only has one pin. Check if it is intended to be dangling.
[WARNING RSZ-0104] Net _128234_ only has one pin. Check if it is intended to be dangling.
[WARNING RSZ-0104] Net _128233_ only has one pin. Check if it is intended to be dangling.
[WARNING RSZ-0104] Net _128232_ only has one pin. Check if it is intended to be dangling.
[WARNING RSZ-0104] Net _128231_ only has one pin. Check if it is intended to be dangling.
[WARNING RSZ-0104] Net _128230_ only has one pin. Check if it is intended to be dangling.
[WARNING RSZ-0104] Net _128220_ only has one pin. Check if it is intended to be dangling.
[WARNING RSZ-0104] Net _128252_ only has one pin. Check if it is intended to be dangling.
[WARNING RSZ-0104] Net _128251_ only has one pin. Check if it is intended to be dangling.
[WARNING RSZ-0104] Net _128250_ only has one pin. Check if it is intended to be dangling.
[WARNING RSZ-0104] Net _128249_ only has one pin. Check if it is intended to be dangling.
[WARNING RSZ-0104] Net _128248_ only has one pin. Check if it is intended to be dangling.
[WARNING RSZ-0104] Net _128247_ only has one pin. Check if it is intended to be dangling.
[WARNING RSZ-0104] Net _128246_ only has one pin. Check if it is intended to be dangling.
[WARNING RSZ-0104] Net _128245_ only has one pin. Check if it is intended to be dangling.
[WARNING RSZ-0104] Net _125446_ only has one pin. Check if it is intended to be dangling.
[WARNING RSZ-0104] Net _128265_ only has one pin. Check if it is intended to be dangling.
[WARNING RSZ-0104] Net _128264_ only has one pin. Check if it is intended to be dangling.
[WARNING RSZ-0104] Net _128263_ only has one pin. Check if it is intended to be dangling.
[WARNING RSZ-0104] Net _128244_ only has one pin. Check if it is intended to be dangling.
[WARNING RSZ-0104] Net _128262_ only has one pin. Check if it is intended to be dangling.
[WARNING RSZ-0104] Net _128261_ only has one pin. Check if it is intended to be dangling.
[WARNING RSZ-0104] Net _128260_ only has one pin. Check if it is intended to be dangling.
[WARNING RSZ-0104] Net _128259_ only has one pin. Check if it is intended to be dangling.
[WARNING RSZ-0104] Net _128258_ only has one pin. Check if it is intended to be dangling.
[WARNING RSZ-0104] Net _128257_ only has one pin. Check if it is intended to be dangling.
[WARNING RSZ-0104] Net _128256_ only has one pin. Check if it is intended to be dangling.
[WARNING RSZ-0104] Net _128255_ only has one pin. Check if it is intended to be dangling.
[WARNING RSZ-0104] Net _128254_ only has one pin. Check if it is intended to be dangling.
[WARNING RSZ-0104] Net _128253_ only has one pin. Check if it is intended to be dangling.
[WARNING RSZ-0104] Net _128243_ only has one pin. Check if it is intended to be dangling.
[WARNING RSZ-0104] Net _128275_ only has one pin. Check if it is intended to be dangling.
[WARNING RSZ-0104] Net _128274_ only has one pin. Check if it is intended to be dangling.
[WARNING RSZ-0104] Net _128273_ only has one pin. Check if it is intended to be dangling.
[WARNING RSZ-0104] Net _128272_ only has one pin. Check if it is intended to be dangling.
[WARNING RSZ-0104] Net _128271_ only has one pin. Check if it is intended to be dangling.
[WARNING RSZ-0104] Net _128270_ only has one pin. Check if it is intended to be dangling.
[WARNING RSZ-0104] Net _128269_ only has one pin. Check if it is intended to be dangling.
[WARNING RSZ-0104] Net _128268_ only has one pin. Check if it is intended to be dangling.
[WARNING RSZ-0104] Net _125447_ only has one pin. Check if it is intended to be dangling.
[WARNING RSZ-0104] Net _128288_ only has one pin. Check if it is intended to be dangling.
[WARNING RSZ-0104] Net _128287_ only has one pin. Check if it is intended to be dangling.
[WARNING RSZ-0104] Net _128286_ only has one pin. Check if it is intended to be dangling.
[WARNING RSZ-0104] Net _128267_ only has one pin. Check if it is intended to be dangling.
[WARNING RSZ-0104] Net _128285_ only has one pin. Check if it is intended to be dangling.
[WARNING RSZ-0104] Net _128284_ only has one pin. Check if it is intended to be dangling.
[WARNING RSZ-0104] Net _128283_ only has one pin. Check if it is intended to be dangling.
[WARNING RSZ-0104] Net _128282_ only has one pin. Check if it is intended to be dangling.
[WARNING RSZ-0104] Net _128281_ only has one pin. Check if it is intended to be dangling.
[WARNING RSZ-0104] Net _128280_ only has one pin. Check if it is intended to be dangling.
[WARNING RSZ-0104] Net _128279_ only has one pin. Check if it is intended to be dangling.
[WARNING RSZ-0104] Net _128278_ only has one pin. Check if it is intended to be dangling.
[WARNING RSZ-0104] Net _128277_ only has one pin. Check if it is intended to be dangling.
[WARNING RSZ-0104] Net _128276_ only has one pin. Check if it is intended to be dangling.
[WARNING RSZ-0104] Net _128266_ only has one pin. Check if it is intended to be dangling.
[WARNING RSZ-0104] Net _128298_ only has one pin. Check if it is intended to be dangling.
[WARNING RSZ-0104] Net _128297_ only has one pin. Check if it is intended to be dangling.
[WARNING RSZ-0104] Net _128296_ only has one pin. Check if it is intended to be dangling.
[WARNING RSZ-0104] Net _128295_ only has one pin. Check if it is intended to be dangling.
[WARNING RSZ-0104] Net _128294_ only has one pin. Check if it is intended to be dangling.
[WARNING RSZ-0104] Net _128293_ only has one pin. Check if it is intended to be dangling.
[WARNING RSZ-0104] Net _128292_ only has one pin. Check if it is intended to be dangling.
[WARNING RSZ-0104] Net _128291_ only has one pin. Check if it is intended to be dangling.
[WARNING RSZ-0104] Net _125448_ only has one pin. Check if it is intended to be dangling.
[WARNING RSZ-0104] Net _128311_ only has one pin. Check if it is intended to be dangling.
[WARNING RSZ-0104] Net _128310_ only has one pin. Check if it is intended to be dangling.
[WARNING RSZ-0104] Net _128309_ only has one pin. Check if it is intended to be dangling.
[WARNING RSZ-0104] Net _128290_ only has one pin. Check if it is intended to be dangling.
[WARNING RSZ-0104] Net _128308_ only has one pin. Check if it is intended to be dangling.
[WARNING RSZ-0104] Net _128307_ only has one pin. Check if it is intended to be dangling.
[WARNING RSZ-0104] Net _128306_ only has one pin. Check if it is intended to be dangling.
[WARNING RSZ-0104] Net _128305_ only has one pin. Check if it is intended to be dangling.
[WARNING RSZ-0104] Net _128304_ only has one pin. Check if it is intended to be dangling.
[WARNING RSZ-0104] Net _128303_ only has one pin. Check if it is intended to be dangling.
[WARNING RSZ-0104] Net _128302_ only has one pin. Check if it is intended to be dangling.
[WARNING RSZ-0104] Net _128301_ only has one pin. Check if it is intended to be dangling.
[WARNING RSZ-0104] Net _128300_ only has one pin. Check if it is intended to be dangling.
[WARNING RSZ-0104] Net _128299_ only has one pin. Check if it is intended to be dangling.
[WARNING RSZ-0104] Net _128289_ only has one pin. Check if it is intended to be dangling.
[WARNING RSZ-0104] Net _128321_ only has one pin. Check if it is intended to be dangling.
[WARNING RSZ-0104] Net _128320_ only has one pin. Check if it is intended to be dangling.
[WARNING RSZ-0104] Net _128319_ only has one pin. Check if it is intended to be dangling.
[WARNING RSZ-0104] Net _128318_ only has one pin. Check if it is intended to be dangling.
[WARNING RSZ-0104] Net _128317_ only has one pin. Check if it is intended to be dangling.
[WARNING RSZ-0104] Net _128316_ only has one pin. Check if it is intended to be dangling.
[WARNING RSZ-0104] Net _128315_ only has one pin. Check if it is intended to be dangling.
[WARNING RSZ-0104] Net _128314_ only has one pin. Check if it is intended to be dangling.
[WARNING RSZ-0104] Net _125449_ only has one pin. Check if it is intended to be dangling.
[WARNING RSZ-0104] Net _128334_ only has one pin. Check if it is intended to be dangling.
[WARNING RSZ-0104] Net _128333_ only has one pin. Check if it is intended to be dangling.
[WARNING RSZ-0104] Net _128332_ only has one pin. Check if it is intended to be dangling.
[WARNING RSZ-0104] Net _128313_ only has one pin. Check if it is intended to be dangling.
[WARNING RSZ-0104] Net _128331_ only has one pin. Check if it is intended to be dangling.
[WARNING RSZ-0104] Net _128330_ only has one pin. Check if it is intended to be dangling.
[WARNING RSZ-0104] Net _128329_ only has one pin. Check if it is intended to be dangling.
[WARNING RSZ-0104] Net _128328_ only has one pin. Check if it is intended to be dangling.
[WARNING RSZ-0104] Net _128327_ only has one pin. Check if it is intended to be dangling.
[WARNING RSZ-0104] Net _128326_ only has one pin. Check if it is intended to be dangling.
[WARNING RSZ-0104] Net _128325_ only has one pin. Check if it is intended to be dangling.
[WARNING RSZ-0104] Net _128324_ only has one pin. Check if it is intended to be dangling.
[WARNING RSZ-0104] Net _128323_ only has one pin. Check if it is intended to be dangling.
[WARNING RSZ-0104] Net _128322_ only has one pin. Check if it is intended to be dangling.
[WARNING RSZ-0104] Net _128312_ only has one pin. Check if it is intended to be dangling.
[WARNING RSZ-0104] Net _128344_ only has one pin. Check if it is intended to be dangling.
[WARNING RSZ-0104] Net _128343_ only has one pin. Check if it is intended to be dangling.
[WARNING RSZ-0104] Net _128342_ only has one pin. Check if it is intended to be dangling.
[WARNING RSZ-0104] Net _128341_ only has one pin. Check if it is intended to be dangling.
[WARNING RSZ-0104] Net _128340_ only has one pin. Check if it is intended to be dangling.
[WARNING RSZ-0104] Net _128339_ only has one pin. Check if it is intended to be dangling.
[WARNING RSZ-0104] Net _128338_ only has one pin. Check if it is intended to be dangling.
[WARNING RSZ-0104] Net _128337_ only has one pin. Check if it is intended to be dangling.
[WARNING RSZ-0104] Net _125450_ only has one pin. Check if it is intended to be dangling.
[WARNING RSZ-0104] Net _128357_ only has one pin. Check if it is intended to be dangling.
[WARNING RSZ-0104] Net _128356_ only has one pin. Check if it is intended to be dangling.
[WARNING RSZ-0104] Net _128355_ only has one pin. Check if it is intended to be dangling.
[WARNING RSZ-0104] Net _128336_ only has one pin. Check if it is intended to be dangling.
[WARNING RSZ-0104] Net _128354_ only has one pin. Check if it is intended to be dangling.
[WARNING RSZ-0104] Net _128353_ only has one pin. Check if it is intended to be dangling.
[WARNING RSZ-0104] Net _128352_ only has one pin. Check if it is intended to be dangling.
[WARNING RSZ-0104] Net _128351_ only has one pin. Check if it is intended to be dangling.
[WARNING RSZ-0104] Net _128350_ only has one pin. Check if it is intended to be dangling.
[WARNING RSZ-0104] Net _128349_ only has one pin. Check if it is intended to be dangling.
[WARNING RSZ-0104] Net _128348_ only has one pin. Check if it is intended to be dangling.
[WARNING RSZ-0104] Net _128347_ only has one pin. Check if it is intended to be dangling.
[WARNING RSZ-0104] Net _128346_ only has one pin. Check if it is intended to be dangling.
[WARNING RSZ-0104] Net _128345_ only has one pin. Check if it is intended to be dangling.
[WARNING RSZ-0104] Net _128335_ only has one pin. Check if it is intended to be dangling.
[WARNING RSZ-0104] Net _128367_ only has one pin. Check if it is intended to be dangling.
[WARNING RSZ-0104] Net _128366_ only has one pin. Check if it is intended to be dangling.
[WARNING RSZ-0104] Net _128365_ only has one pin. Check if it is intended to be dangling.
[WARNING RSZ-0104] Net _128364_ only has one pin. Check if it is intended to be dangling.
[WARNING RSZ-0104] Net _128363_ only has one pin. Check if it is intended to be dangling.
[WARNING RSZ-0104] Net _128362_ only has one pin. Check if it is intended to be dangling.
[WARNING RSZ-0104] Net _128361_ only has one pin. Check if it is intended to be dangling.
[WARNING RSZ-0104] Net _128360_ only has one pin. Check if it is intended to be dangling.
[WARNING RSZ-0104] Net _125451_ only has one pin. Check if it is intended to be dangling.
[WARNING RSZ-0104] Net _128380_ only has one pin. Check if it is intended to be dangling.
[WARNING RSZ-0104] Net _128379_ only has one pin. Check if it is intended to be dangling.
[WARNING RSZ-0104] Net _128378_ only has one pin. Check if it is intended to be dangling.
[WARNING RSZ-0104] Net _128359_ only has one pin. Check if it is intended to be dangling.
[WARNING RSZ-0104] Net _128377_ only has one pin. Check if it is intended to be dangling.
[WARNING RSZ-0104] Net _128376_ only has one pin. Check if it is intended to be dangling.
[WARNING RSZ-0104] Net _128375_ only has one pin. Check if it is intended to be dangling.
[WARNING RSZ-0104] Net _128374_ only has one pin. Check if it is intended to be dangling.
[WARNING RSZ-0104] Net _128373_ only has one pin. Check if it is intended to be dangling.
[WARNING RSZ-0104] Net _128372_ only has one pin. Check if it is intended to be dangling.
[WARNING RSZ-0104] Net _128371_ only has one pin. Check if it is intended to be dangling.
[WARNING RSZ-0104] Net _128370_ only has one pin. Check if it is intended to be dangling.
[WARNING RSZ-0104] Net _128369_ only has one pin. Check if it is intended to be dangling.
[WARNING RSZ-0104] Net _128368_ only has one pin. Check if it is intended to be dangling.
[WARNING RSZ-0104] Net _128358_ only has one pin. Check if it is intended to be dangling.
[WARNING RSZ-0104] Net _129379_ only has one pin. Check if it is intended to be dangling.
[WARNING RSZ-0104] Net _129378_ only has one pin. Check if it is intended to be dangling.
[WARNING RSZ-0104] Net _129377_ only has one pin. Check if it is intended to be dangling.
[WARNING RSZ-0104] Net _129376_ only has one pin. Check if it is intended to be dangling.
[WARNING RSZ-0104] Net _129375_ only has one pin. Check if it is intended to be dangling.
[WARNING RSZ-0104] Net _129374_ only has one pin. Check if it is intended to be dangling.
[WARNING RSZ-0104] Net _129373_ only has one pin. Check if it is intended to be dangling.
[WARNING RSZ-0104] Net _129372_ only has one pin. Check if it is intended to be dangling.
[WARNING RSZ-0104] Net _125203_ only has one pin. Check if it is intended to be dangling.
[WARNING RSZ-0104] Net _129392_ only has one pin. Check if it is intended to be dangling.
[WARNING RSZ-0104] Net _129391_ only has one pin. Check if it is intended to be dangling.
[WARNING RSZ-0104] Net _129390_ only has one pin. Check if it is intended to be dangling.
[WARNING RSZ-0104] Net _129371_ only has one pin. Check if it is intended to be dangling.
[WARNING RSZ-0104] Net _129389_ only has one pin. Check if it is intended to be dangling.
[WARNING RSZ-0104] Net _129388_ only has one pin. Check if it is intended to be dangling.
[WARNING RSZ-0104] Net _129387_ only has one pin. Check if it is intended to be dangling.
[WARNING RSZ-0104] Net _129386_ only has one pin. Check if it is intended to be dangling.
[WARNING RSZ-0104] Net _129385_ only has one pin. Check if it is intended to be dangling.
[WARNING RSZ-0104] Net _129384_ only has one pin. Check if it is intended to be dangling.
[WARNING RSZ-0104] Net _129383_ only has one pin. Check if it is intended to be dangling.
[WARNING RSZ-0104] Net _129382_ only has one pin. Check if it is intended to be dangling.
[WARNING RSZ-0104] Net _129381_ only has one pin. Check if it is intended to be dangling.
[WARNING RSZ-0104] Net _129380_ only has one pin. Check if it is intended to be dangling.
[WARNING RSZ-0104] Net _129370_ only has one pin. Check if it is intended to be dangling.
[WARNING RSZ-0104] Net _128390_ only has one pin. Check if it is intended to be dangling.
[WARNING RSZ-0104] Net _128389_ only has one pin. Check if it is intended to be dangling.
[WARNING RSZ-0104] Net _128388_ only has one pin. Check if it is intended to be dangling.
[WARNING RSZ-0104] Net _128387_ only has one pin. Check if it is intended to be dangling.
[WARNING RSZ-0104] Net _128386_ only has one pin. Check if it is intended to be dangling.
[WARNING RSZ-0104] Net _128385_ only has one pin. Check if it is intended to be dangling.
[WARNING RSZ-0104] Net _128384_ only has one pin. Check if it is intended to be dangling.
[WARNING RSZ-0104] Net _128383_ only has one pin. Check if it is intended to be dangling.
[WARNING RSZ-0104] Net _125452_ only has one pin. Check if it is intended to be dangling.
[WARNING RSZ-0104] Net _128403_ only has one pin. Check if it is intended to be dangling.
[WARNING RSZ-0104] Net _128402_ only has one pin. Check if it is intended to be dangling.
[WARNING RSZ-0104] Net _128401_ only has one pin. Check if it is intended to be dangling.
[WARNING RSZ-0104] Net _128382_ only has one pin. Check if it is intended to be dangling.
[WARNING RSZ-0104] Net _128400_ only has one pin. Check if it is intended to be dangling.
[WARNING RSZ-0104] Net _128399_ only has one pin. Check if it is intended to be dangling.
[WARNING RSZ-0104] Net _128398_ only has one pin. Check if it is intended to be dangling.
[WARNING RSZ-0104] Net _128397_ only has one pin. Check if it is intended to be dangling.
[WARNING RSZ-0104] Net _128396_ only has one pin. Check if it is intended to be dangling.
[WARNING RSZ-0104] Net _128395_ only has one pin. Check if it is intended to be dangling.
[WARNING RSZ-0104] Net _128394_ only has one pin. Check if it is intended to be dangling.
[WARNING RSZ-0104] Net _128393_ only has one pin. Check if it is intended to be dangling.
[WARNING RSZ-0104] Net _128392_ only has one pin. Check if it is intended to be dangling.
[WARNING RSZ-0104] Net _128391_ only has one pin. Check if it is intended to be dangling.
[WARNING RSZ-0104] Net _128381_ only has one pin. Check if it is intended to be dangling.
[WARNING RSZ-0104] Net _128413_ only has one pin. Check if it is intended to be dangling.
[WARNING RSZ-0104] Net _128412_ only has one pin. Check if it is intended to be dangling.
[WARNING RSZ-0104] Net _128411_ only has one pin. Check if it is intended to be dangling.
[WARNING RSZ-0104] Net _128410_ only has one pin. Check if it is intended to be dangling.
[WARNING RSZ-0104] Net _128409_ only has one pin. Check if it is intended to be dangling.
[WARNING RSZ-0104] Net _128408_ only has one pin. Check if it is intended to be dangling.
[WARNING RSZ-0104] Net _128407_ only has one pin. Check if it is intended to be dangling.
[WARNING RSZ-0104] Net _128406_ only has one pin. Check if it is intended to be dangling.
[WARNING RSZ-0104] Net _125195_ only has one pin. Check if it is intended to be dangling.
[WARNING RSZ-0104] Net _128426_ only has one pin. Check if it is intended to be dangling.
[WARNING RSZ-0104] Net _128425_ only has one pin. Check if it is intended to be dangling.
[WARNING RSZ-0104] Net _128424_ only has one pin. Check if it is intended to be dangling.
[WARNING RSZ-0104] Net _128405_ only has one pin. Check if it is intended to be dangling.
[WARNING RSZ-0104] Net _128423_ only has one pin. Check if it is intended to be dangling.
[WARNING RSZ-0104] Net _128422_ only has one pin. Check if it is intended to be dangling.
[WARNING RSZ-0104] Net _128421_ only has one pin. Check if it is intended to be dangling.
[WARNING RSZ-0104] Net _128420_ only has one pin. Check if it is intended to be dangling.
[WARNING RSZ-0104] Net _128419_ only has one pin. Check if it is intended to be dangling.
[WARNING RSZ-0104] Net _128418_ only has one pin. Check if it is intended to be dangling.
[WARNING RSZ-0104] Net _128417_ only has one pin. Check if it is intended to be dangling.
[WARNING RSZ-0104] Net _128416_ only has one pin. Check if it is intended to be dangling.
[WARNING RSZ-0104] Net _128415_ only has one pin. Check if it is intended to be dangling.
[WARNING RSZ-0104] Net _128414_ only has one pin. Check if it is intended to be dangling.
[WARNING RSZ-0104] Net _128404_ only has one pin. Check if it is intended to be dangling.
[WARNING RSZ-0104] Net _128436_ only has one pin. Check if it is intended to be dangling.
[WARNING RSZ-0104] Net _128435_ only has one pin. Check if it is intended to be dangling.
[WARNING RSZ-0104] Net _128434_ only has one pin. Check if it is intended to be dangling.
[WARNING RSZ-0104] Net _128433_ only has one pin. Check if it is intended to be dangling.
[WARNING RSZ-0104] Net _128432_ only has one pin. Check if it is intended to be dangling.
[WARNING RSZ-0104] Net _128431_ only has one pin. Check if it is intended to be dangling.
[WARNING RSZ-0104] Net _128430_ only has one pin. Check if it is intended to be dangling.
[WARNING RSZ-0104] Net _128429_ only has one pin. Check if it is intended to be dangling.
[WARNING RSZ-0104] Net _125196_ only has one pin. Check if it is intended to be dangling.
[WARNING RSZ-0104] Net _128449_ only has one pin. Check if it is intended to be dangling.
[WARNING RSZ-0104] Net _128448_ only has one pin. Check if it is intended to be dangling.
[WARNING RSZ-0104] Net _128447_ only has one pin. Check if it is intended to be dangling.
[WARNING RSZ-0104] Net _128428_ only has one pin. Check if it is intended to be dangling.
[WARNING RSZ-0104] Net _128446_ only has one pin. Check if it is intended to be dangling.
[WARNING RSZ-0104] Net _128445_ only has one pin. Check if it is intended to be dangling.
[WARNING RSZ-0104] Net _128444_ only has one pin. Check if it is intended to be dangling.
[WARNING RSZ-0104] Net _128443_ only has one pin. Check if it is intended to be dangling.
[WARNING RSZ-0104] Net _128442_ only has one pin. Check if it is intended to be dangling.
[WARNING RSZ-0104] Net _128441_ only has one pin. Check if it is intended to be dangling.
[WARNING RSZ-0104] Net _128440_ only has one pin. Check if it is intended to be dangling.
[WARNING RSZ-0104] Net _128439_ only has one pin. Check if it is intended to be dangling.
[WARNING RSZ-0104] Net _128438_ only has one pin. Check if it is intended to be dangling.
[WARNING RSZ-0104] Net _128437_ only has one pin. Check if it is intended to be dangling.
[WARNING RSZ-0104] Net _128427_ only has one pin. Check if it is intended to be dangling.
[WARNING RSZ-0104] Net _128459_ only has one pin. Check if it is intended to be dangling.
[WARNING RSZ-0104] Net _128458_ only has one pin. Check if it is intended to be dangling.
[WARNING RSZ-0104] Net _128457_ only has one pin. Check if it is intended to be dangling.
[WARNING RSZ-0104] Net _128456_ only has one pin. Check if it is intended to be dangling.
[WARNING RSZ-0104] Net _128455_ only has one pin. Check if it is intended to be dangling.
[WARNING RSZ-0104] Net _128454_ only has one pin. Check if it is intended to be dangling.
[WARNING RSZ-0104] Net _128453_ only has one pin. Check if it is intended to be dangling.
[WARNING RSZ-0104] Net _128452_ only has one pin. Check if it is intended to be dangling.
[WARNING RSZ-0104] Net _125197_ only has one pin. Check if it is intended to be dangling.
[WARNING RSZ-0104] Net _128472_ only has one pin. Check if it is intended to be dangling.
[WARNING RSZ-0104] Net _128471_ only has one pin. Check if it is intended to be dangling.
[WARNING RSZ-0104] Net _128470_ only has one pin. Check if it is intended to be dangling.
[WARNING RSZ-0104] Net _128451_ only has one pin. Check if it is intended to be dangling.
[WARNING RSZ-0104] Net _128469_ only has one pin. Check if it is intended to be dangling.
[WARNING RSZ-0104] Net _128468_ only has one pin. Check if it is intended to be dangling.
[WARNING RSZ-0104] Net _128467_ only has one pin. Check if it is intended to be dangling.
[WARNING RSZ-0104] Net _128466_ only has one pin. Check if it is intended to be dangling.
[WARNING RSZ-0104] Net _128465_ only has one pin. Check if it is intended to be dangling.
[WARNING RSZ-0104] Net _128464_ only has one pin. Check if it is intended to be dangling.
[WARNING RSZ-0104] Net _128463_ only has one pin. Check if it is intended to be dangling.
[WARNING RSZ-0104] Net _128462_ only has one pin. Check if it is intended to be dangling.
[WARNING RSZ-0104] Net _128461_ only has one pin. Check if it is intended to be dangling.
[WARNING RSZ-0104] Net _128460_ only has one pin. Check if it is intended to be dangling.
[WARNING RSZ-0104] Net _128450_ only has one pin. Check if it is intended to be dangling.
[WARNING RSZ-0104] Net _128482_ only has one pin. Check if it is intended to be dangling.
[WARNING RSZ-0104] Net _128481_ only has one pin. Check if it is intended to be dangling.
[WARNING RSZ-0104] Net _128480_ only has one pin. Check if it is intended to be dangling.
[WARNING RSZ-0104] Net _128479_ only has one pin. Check if it is intended to be dangling.
[WARNING RSZ-0104] Net _128478_ only has one pin. Check if it is intended to be dangling.
[WARNING RSZ-0104] Net _128477_ only has one pin. Check if it is intended to be dangling.
[WARNING RSZ-0104] Net _128476_ only has one pin. Check if it is intended to be dangling.
[WARNING RSZ-0104] Net _128475_ only has one pin. Check if it is intended to be dangling.
[WARNING RSZ-0104] Net _125198_ only has one pin. Check if it is intended to be dangling.
[WARNING RSZ-0104] Net _128495_ only has one pin. Check if it is intended to be dangling.
[WARNING RSZ-0104] Net _128494_ only has one pin. Check if it is intended to be dangling.
[WARNING RSZ-0104] Net _128493_ only has one pin. Check if it is intended to be dangling.
[WARNING RSZ-0104] Net _128474_ only has one pin. Check if it is intended to be dangling.
[WARNING RSZ-0104] Net _128492_ only has one pin. Check if it is intended to be dangling.
[WARNING RSZ-0104] Net _128491_ only has one pin. Check if it is intended to be dangling.
[WARNING RSZ-0104] Net _128490_ only has one pin. Check if it is intended to be dangling.
[WARNING RSZ-0104] Net _128489_ only has one pin. Check if it is intended to be dangling.
[WARNING RSZ-0104] Net _128488_ only has one pin. Check if it is intended to be dangling.
[WARNING RSZ-0104] Net _128487_ only has one pin. Check if it is intended to be dangling.
[WARNING RSZ-0104] Net _128486_ only has one pin. Check if it is intended to be dangling.
[WARNING RSZ-0104] Net _128485_ only has one pin. Check if it is intended to be dangling.
[WARNING RSZ-0104] Net _128484_ only has one pin. Check if it is intended to be dangling.
[WARNING RSZ-0104] Net _128483_ only has one pin. Check if it is intended to be dangling.
[WARNING RSZ-0104] Net _128473_ only has one pin. Check if it is intended to be dangling.
[WARNING RSZ-0104] Net _128505_ only has one pin. Check if it is intended to be dangling.
[WARNING RSZ-0104] Net _128504_ only has one pin. Check if it is intended to be dangling.
[WARNING RSZ-0104] Net _128503_ only has one pin. Check if it is intended to be dangling.
[WARNING RSZ-0104] Net _128502_ only has one pin. Check if it is intended to be dangling.
[WARNING RSZ-0104] Net _128501_ only has one pin. Check if it is intended to be dangling.
[WARNING RSZ-0104] Net _128500_ only has one pin. Check if it is intended to be dangling.
[WARNING RSZ-0104] Net _128499_ only has one pin. Check if it is intended to be dangling.
[WARNING RSZ-0104] message limit (1000) reached. This message will no longer print.
    99000 |     +0.1% |       0 |      60 |            82 |     36508
   100000 |     +0.1% |       0 |      60 |            82 |     35508
   101000 |     +0.1% |       0 |      60 |            82 |     34508
   102000 |     +0.1% |       0 |      60 |            82 |     33508
   103000 |     +0.1% |       0 |      60 |            82 |     32508
   104000 |     +0.1% |       0 |      60 |            82 |     31508
   105000 |     +0.1% |       0 |      60 |            82 |     30508
   106000 |     +0.1% |       0 |      60 |            82 |     29508
   107000 |     +0.1% |       0 |      60 |            82 |     28508
   108000 |     +0.1% |       0 |      60 |            82 |     27508
   109000 |     +0.1% |       0 |      60 |            82 |     26508
   110000 |     +0.1% |       0 |      62 |            86 |     25508
   111000 |     +0.1% |       0 |      65 |            90 |     24508
   112000 |     +0.1% |       0 |      65 |            90 |     23508
   113000 |     +0.1% |       0 |      65 |            90 |     22508
   114000 |     +0.1% |       0 |      66 |            93 |     21508
   115000 |     +0.1% |       0 |      67 |            95 |     20508
   116000 |     +0.1% |       0 |      69 |            98 |     19508
   117000 |     +0.1% |       0 |      71 |           101 |     18508
   118000 |     +0.1% |       0 |      72 |           103 |     17508
   119000 |     +0.1% |       0 |      72 |           104 |     16508
   120000 |     +0.1% |       0 |      72 |           105 |     15508
   121000 |     +0.1% |       0 |      72 |           107 |     14508
   122000 |     +0.1% |       0 |      75 |           111 |     13508
   123000 |     +0.1% |       0 |      80 |           117 |     12508
   124000 |     +0.1% |       0 |      81 |           118 |     11508
   125000 |     +0.1% |       0 |      82 |           120 |     10508
   126000 |     +0.1% |       0 |      83 |           121 |      9508
   127000 |     +0.1% |       0 |      85 |           124 |      8508
   128000 |     +0.1% |       0 |      89 |           131 |      7508
   129000 |     +0.1% |       0 |      92 |           134 |      6508
   130000 |     +0.1% |       0 |      93 |           135 |      5508
   131000 |     +0.1% |       0 |      93 |           136 |      4508
   132000 |     +0.1% |       0 |      93 |           136 |      3508
   133000 |     +0.1% |       0 |      95 |           138 |      2508
   134000 |     +0.1% |       0 |      97 |           140 |      1508
   135000 |     +0.1% |       0 |     102 |           146 |       508
    final |     +0.1% |       0 |     102 |           146 |         0
---------------------------------------------------------------------
[INFO RSZ-0034] Found 1 slew violations.
[INFO RSZ-0036] Found 145 capacitance violations.
[INFO RSZ-0038] Inserted 102 buffers in 146 nets.
[INFO RSZ-0504] Runtime: 91.06s
Took 91 seconds: repair_design -verbose -cap_margin 20
global_route -start_incremental
detailed_placement
[INFO DPL-0006] Core area: 828709.70 um^2
[INFO DPL-0007] Movable instances area: 166402.95 um^2
[INFO DPL-0008] Fixed instances area within core: 952.81 um^2
[INFO DPL-0009] Utilization: 20.2%
[INFO DPL-0005] Diamond search max displacement: +/- 500 sites horizontally, +/- 100 rows vertically.
[INFO DPL-1102] Legalizing using negotiation legalizer.
[INFO DPL-1103] Negotiation base search window: +/-20 sites horizontally, +/-5 rows vertically 
	Automatic search window extension enabled.
	Search window extendable up to the max displacement cap of +/-500 sites, +/-100 rows near walls.
[INFO DPL-1104] NegotiationLegalizer DRC penalty: 5.
[INFO DPL-0392] Negotiation cell height distribution (1 unique row-count(s)):
[INFO DPL-0393]   height 1 row(s): 132824 cells
          |      Total |  Illegal |  Illegal
Iteration | Violations |    Cells |    Sites
---------------------------------------------
        0 |          0 |         0 |         0
Negotiation phase 1 converged at iteration 0.
[INFO DPL-0500] Runtime: 1.55s
Placement Analysis
---------------------------------
total displacement        132.9 u
average displacement        0.0 u
max displacement            5.6 u
original HPWL         2636947.8 u
legalized HPWL        2636976.2 u
delta HPWL                    0 %

global_route -end_incremental -congestion_report_file ./reports/nangate45/x1_y5_kimi/base/congestion_post_repair_design.rpt
Repair setup and hold violations...
estimate_parasitics -global_routing
Took 7 seconds: estimate_parasitics -global_routing
repair_timing -setup_margin 0 -hold_margin 0 -repair_tns 100 -verbose
[INFO RSZ-0100] Repair move sequence: UnbufferMove SizeUpMove SwapPinsMove BufferMove CloneMove SplitLoadMove 
[INFO RSZ-0098] No setup violations found
[INFO RSZ-0505] Runtime: 8.33s
[INFO RSZ-0033] No hold violations found.
[INFO RSZ-0506] Runtime: 2.58s
Took 11 seconds: repair_timing -setup_margin 0 -hold_margin 0 -repair_tns 100 -verbose
global_route -start_incremental
detailed_placement
[INFO DPL-0006] Core area: 828709.70 um^2
[INFO DPL-0007] Movable instances area: 166402.95 um^2
[INFO DPL-0008] Fixed instances area within core: 952.81 um^2
[INFO DPL-0009] Utilization: 20.2%
[INFO DPL-0005] Diamond search max displacement: +/- 500 sites horizontally, +/- 100 rows vertically.
[INFO DPL-1102] Legalizing using negotiation legalizer.
[INFO DPL-1103] Negotiation base search window: +/-20 sites horizontally, +/-5 rows vertically 
	Automatic search window extension enabled.
	Search window extendable up to the max displacement cap of +/-500 sites, +/-100 rows near walls.
[INFO DPL-1104] NegotiationLegalizer DRC penalty: 5.
[INFO DPL-0392] Negotiation cell height distribution (1 unique row-count(s)):
[INFO DPL-0393]   height 1 row(s): 132824 cells
[INFO DPL-0500] Runtime: 1.51s
Placement Analysis
---------------------------------
total displacement          0.0 u
average displacement        0.0 u
max displacement            0.0 u
original HPWL         2636976.2 u
legalized HPWL        2636976.2 u
delta HPWL                    0 %

check_placement -verbose
global_route -end_incremental -congestion_report_file ./reports/nangate45/x1_y5_kimi/base/congestion_post_repair_timing.rpt
estimate_parasitics -global_routing
Took 7 seconds: estimate_parasitics -global_routing
global_route -start_incremental
global_route -end_incremental -congestion_report_file ./reports/nangate45/x1_y5_kimi/base/congestion_post_recover_power.rpt
Repair antennas...
[WARNING GRT-0246] No diode with LEF class CORE ANTENNACELL found.
[INFO ANT-0002] Found 0 net violations.
[INFO ANT-0001] Found 0 pin violations.
Estimate parasitics...
estimate_parasitics -global_routing
Took 6 seconds: estimate_parasitics -global_routing
Report metrics stage 5, global route...

==========================================================================
global route report_design_area
--------------------------------------------------------------------------
Design area 167356 um^2 20% utilization.
[INFO FLW-0007] clock core_clock period 2.500000
[INFO FLW-0008] Clock core_clock period 2.160
[INFO FLW-0009] Clock core_clock slack 0.226
write_sdc -no_timestamp ./results/nangate45/x1_y5_kimi/base/updated_clks.sdc
[INFO FLW-0011] Path endpoint path count 13676
write_db ./results/nangate45/x1_y5_kimi/base/5_1_grt.odb
write_sdc -no_timestamp ./results/nangate45/x1_y5_kimi/base/5_1_grt.sdc
Elapsed time: 8:29.74[h:]min:sec. CPU time: user 1481.16 sys 8.09 (292%). Peak memory: 2412008KB.
Log                       Ext     Elapsed/s Peak Memory/MB sha1sum result [0:20)
5_1_grt                   .odb          509           2355 63050a6d5718a98fd852
5_1_grt                   .sdc                             e41b5044af0bbe947e7a
/OpenROAD-flow-scripts/flow/scripts/flow.sh 5_2_route detail_route
Running detail_route.tcl, stage 5_2_route
read_liberty /OpenROAD-flow-scripts/flow/platforms/nangate45/lib/NangateOpenCellLibrary_typical.lib
read_db ./results/nangate45/x1_y5_kimi/base/5_1_grt.odb
read_sdc ./results/nangate45/x1_y5_kimi/base/5_1_grt.sdc
source /OpenROAD-flow-scripts/flow/platforms/nangate45/setRC.tcl
detailed_route -output_drc ./reports/nangate45/x1_y5_kimi/base/5_route_drc.rpt -output_maze ./results/nangate45/x1_y5_kimi/base/maze.log -droute_end_iter 64 -verbose 1 -drc_report_iter_step 5
[INFO DRT-0149] Reading tech and libs.

Units:                2000
Number of layers:     21
Number of macros:     135
Number of vias:       33
Number of viarulegen: 19

[INFO DRT-0150] Reading design.
[WARNING DRT-0120] Large net net21828 has 108 pins which may impact routing performance. Consider optimization.
[WARNING DRT-0120] Large net net21865 has 101 pins which may impact routing performance. Consider optimization.

Design:                   x1_y5_kimi
Die area:                 ( 0 0 ) ( 1825980 1825980 )
Number of track patterns: 20
Number of DEF vias:       0
Number of components:     132824
Number of terminals:      212
Number of snets:          2
Number of nets:           134502

[INFO DRT-0167] List of default vias:
  Layer via2
    default via: via2_5
  Layer via3
    default via: via3_2
  Layer via4
    default via: via4_0
  Layer via5
    default via: via5_0
  Layer via6
    default via: via6_0
  Layer via7
    default via: via7_0
  Layer via8
    default via: via8_0
  Layer via9
    default via: via9_0
[INFO DRT-0162] Library cell analysis.
[INFO DRT-0163] Instance analysis.
  Complete 100000 instances.
[INFO DRT-0164] Number of unique instances = 145.
[INFO DRT-0168] Init region query.
[INFO DRT-0018]   Complete 100000 insts.
[INFO DRT-0024]   Complete active.
[INFO DRT-0024]   Complete Fr_VIA.
[INFO DRT-0024]   Complete metal1.
[INFO DRT-0024]   Complete via1.
[INFO DRT-0024]   Complete metal2.
[INFO DRT-0024]   Complete via2.
[INFO DRT-0024]   Complete metal3.
[INFO DRT-0024]   Complete via3.
[INFO DRT-0024]   Complete metal4.
[INFO DRT-0024]   Complete via4.
[INFO DRT-0024]   Complete metal5.
[INFO DRT-0024]   Complete via5.
[INFO DRT-0024]   Complete metal6.
[INFO DRT-0024]   Complete via6.
[INFO DRT-0024]   Complete metal7.
[INFO DRT-0024]   Complete via7.
[INFO DRT-0024]   Complete metal8.
[INFO DRT-0024]   Complete via8.
[INFO DRT-0024]   Complete metal9.
[INFO DRT-0024]   Complete via9.
[INFO DRT-0024]   Complete metal10.
[INFO DRT-0033] active shape region query size = 0.
[INFO DRT-0033] FR_VIA shape region query size = 0.
[INFO DRT-0033] metal1 shape region query size = 2016027.
[INFO DRT-0033] via1 shape region query size = 32226.
[INFO DRT-0033] metal2 shape region query size = 21484.
[INFO DRT-0033] via2 shape region query size = 32226.
[INFO DRT-0033] metal3 shape region query size = 21484.
[INFO DRT-0033] via3 shape region query size = 32226.
[INFO DRT-0033] metal4 shape region query size = 11782.
[INFO DRT-0033] via4 shape region query size = 10070.
[INFO DRT-0033] metal5 shape region query size = 2150.
[INFO DRT-0033] via5 shape region query size = 10070.
[INFO DRT-0033] metal6 shape region query size = 2088.
[INFO DRT-0033] via6 shape region query size = 4028.
[INFO DRT-0033] metal7 shape region query size = 1129.
[INFO DRT-0033] via7 shape region query size = 0.
[INFO DRT-0033] metal8 shape region query size = 0.
[INFO DRT-0033] via8 shape region query size = 0.
[INFO DRT-0033] metal9 shape region query size = 0.
[INFO DRT-0033] via9 shape region query size = 0.
[INFO DRT-0033] metal10 shape region query size = 0.
[INFO DRT-0165] Start pin access.
[INFO DRT-0078]   Complete 848 pins.
[INFO DRT-0079]   Complete 100 unique inst patterns.
[INFO DRT-0081]   Complete 145 unique inst patterns.
[INFO DRT-0082]   Complete 10000 groups.
[INFO DRT-0082]   Complete 20000 groups.
[INFO DRT-0082]   Complete 30000 groups.
[INFO DRT-0082]   Complete 40000 groups.
[INFO DRT-0082]   Complete 50000 groups.
[INFO DRT-0082]   Complete 60000 groups.
[INFO DRT-0082]   Complete 70000 groups.
[INFO DRT-0082]   Complete 80000 groups.
[INFO DRT-0084]   Complete 86805 groups.
#scanned instances     = 132824
#unique  instances     = 145
#stdCellGenAp          = 5162
#stdCellValidPlanarAp  = 0
#stdCellValidViaAp     = 3569
#stdCellPinNoAp        = 0
#stdCellPinCnt         = 449043
#instTermValidViaApCnt = 0
#macroGenAp            = 0
#macroValidPlanarAp    = 0
#macroValidViaAp       = 0
#macroNoAp             = 0
[INFO DRT-0166] Complete pin access.
[INFO DRT-0267] cpu time = 00:14:22, elapsed time = 00:03:38, memory = 1134.24 (MB), peak = 1182.44 (MB)
[INFO DRT-0156] guideIn read 100000 guides.
[INFO DRT-0156] guideIn read 200000 guides.
[INFO DRT-0156] guideIn read 300000 guides.
[INFO DRT-0156] guideIn read 400000 guides.
[INFO DRT-0156] guideIn read 500000 guides.
[INFO DRT-0156] guideIn read 600000 guides.
[INFO DRT-0156] guideIn read 700000 guides.
[INFO DRT-0156] guideIn read 800000 guides.
[INFO DRT-0156] guideIn read 900000 guides.
[INFO DRT-0156] guideIn read 1000000 guides.

[INFO DRT-0157] Number of guides:     1031705

[INFO DRT-0169] Post process guides.
[INFO DRT-0176] GCELLGRID X 0 DO 320 STEP 5700 ;
[INFO DRT-0177] GCELLGRID Y 0 DO 320 STEP 5700 ;
[INFO DRT-0026]   Complete 100000 origin guides.
[INFO DRT-0026]   Complete 200000 origin guides.
[INFO DRT-0026]   Complete 300000 origin guides.
[INFO DRT-0026]   Complete 400000 origin guides.
[INFO DRT-0026]   Complete 500000 origin guides.
[INFO DRT-0026]   Complete 600000 origin guides.
[INFO DRT-0026]   Complete 700000 origin guides.
[INFO DRT-0026]   Complete 800000 origin guides.
[INFO DRT-0026]   Complete 900000 origin guides.
[INFO DRT-0027]   Complete 1000000 origin guides.
[INFO DRT-0028]   Complete active.
[INFO DRT-0028]   Complete Fr_VIA.
[INFO DRT-0028]   Complete metal1.
[INFO DRT-0028]   Complete via1.
[INFO DRT-0028]   Complete metal2.
[INFO DRT-0028]   Complete via2.
[INFO DRT-0028]   Complete metal3.
[INFO DRT-0028]   Complete via3.
[INFO DRT-0028]   Complete metal4.
[INFO DRT-0028]   Complete via4.
[INFO DRT-0028]   Complete metal5.
[INFO DRT-0028]   Complete via5.
[INFO DRT-0028]   Complete metal6.
[INFO DRT-0028]   Complete via6.
[INFO DRT-0028]   Complete metal7.
[INFO DRT-0028]   Complete via7.
[INFO DRT-0028]   Complete metal8.
[INFO DRT-0028]   Complete via8.
[INFO DRT-0028]   Complete metal9.
[INFO DRT-0028]   Complete via9.
[INFO DRT-0028]   Complete metal10.
  complete 100000 nets.
[INFO DRT-0178] Init guide query.
[INFO DRT-0029]   Complete 100000 nets (guide).
[INFO DRT-0035]   Complete active (guide).
[INFO DRT-0035]   Complete Fr_VIA (guide).
[INFO DRT-0035]   Complete metal1 (guide).
[INFO DRT-0035]   Complete via1 (guide).
[INFO DRT-0035]   Complete metal2 (guide).
[INFO DRT-0035]   Complete via2 (guide).
[INFO DRT-0035]   Complete metal3 (guide).
[INFO DRT-0035]   Complete via3 (guide).
[INFO DRT-0035]   Complete metal4 (guide).
[INFO DRT-0035]   Complete via4 (guide).
[INFO DRT-0035]   Complete metal5 (guide).
[INFO DRT-0035]   Complete via5 (guide).
[INFO DRT-0035]   Complete metal6 (guide).
[INFO DRT-0035]   Complete via6 (guide).
[INFO DRT-0035]   Complete metal7 (guide).
[INFO DRT-0035]   Complete via7 (guide).
[INFO DRT-0035]   Complete metal8 (guide).
[INFO DRT-0035]   Complete via8 (guide).
[INFO DRT-0035]   Complete metal9 (guide).
[INFO DRT-0035]   Complete via9 (guide).
[INFO DRT-0035]   Complete metal10 (guide).
[INFO DRT-0036] active guide region query size = 0.
[INFO DRT-0036] FR_VIA guide region query size = 0.
[INFO DRT-0036] metal1 guide region query size = 357335.
[INFO DRT-0036] via1 guide region query size = 0.
[INFO DRT-0036] metal2 guide region query size = 303772.
[INFO DRT-0036] via2 guide region query size = 0.
[INFO DRT-0036] metal3 guide region query size = 164166.
[INFO DRT-0036] via3 guide region query size = 0.
[INFO DRT-0036] metal4 guide region query size = 22051.
[INFO DRT-0036] via4 guide region query size = 0.
[INFO DRT-0036] metal5 guide region query size = 6826.
[INFO DRT-0036] via5 guide region query size = 0.
[INFO DRT-0036] metal6 guide region query size = 1153.
[INFO DRT-0036] via6 guide region query size = 0.
[INFO DRT-0036] metal7 guide region query size = 29.
[INFO DRT-0036] via7 guide region query size = 0.
[INFO DRT-0036] metal8 guide region query size = 6.
[INFO DRT-0036] via8 guide region query size = 0.
[INFO DRT-0036] metal9 guide region query size = 3.
[INFO DRT-0036] via9 guide region query size = 0.
[INFO DRT-0036] metal10 guide region query size = 0.
[INFO DRT-0179] Init gr pin query.
[INFO DRT-0267] cpu time = 00:00:07, elapsed time = 00:00:03, memory = 1515.07 (MB), peak = 1514.64 (MB)
[INFO DRT-0245] skipped writing guide updates to database.
[INFO DRT-0181] Start track assignment.
[INFO DRT-0184] Done with 326982 vertical wires in 7 frboxes and 528359 horizontal wires in 7 frboxes.
[INFO DRT-0186] Done with 81624 vertical wires in 7 frboxes and 109119 horizontal wires in 7 frboxes.
[INFO DRT-0182] Complete track assignment.
[INFO DRT-0267] cpu time = 00:01:56, elapsed time = 00:00:35, memory = 2926.94 (MB), peak = 2926.50 (MB)
[INFO DRT-0187] Start routing data preparation.
[INFO DRT-0267] cpu time = 00:00:00, elapsed time = 00:00:00, memory = 2926.94 (MB), peak = 2926.50 (MB)
[INFO DRT-0194] Start detail routing.
[INFO DRT-0195] Start 0th optimization iteration.
    Completing 10% with 0 violations.
    elapsed time = 00:01:01, memory = 3034.51 (MB).
    Completing 20% with 0 violations.
    elapsed time = 00:02:25, memory = 3654.47 (MB).
    Completing 30% with 4871 violations.
    elapsed time = 00:03:12, memory = 4036.87 (MB).
    Completing 40% with 4871 violations.
    elapsed time = 00:04:45, memory = 4036.93 (MB).
    Completing 50% with 4871 violations.
    elapsed time = 00:05:55, memory = 4255.68 (MB).
    Completing 60% with 10159 violations.
    elapsed time = 00:07:08, memory = 4285.94 (MB).
    Completing 70% with 10159 violations.
    elapsed time = 00:08:32, memory = 4332.85 (MB).
    Completing 80% with 14852 violations.
    elapsed time = 00:09:21, memory = 4443.53 (MB).
    Completing 90% with 14852 violations.
    elapsed time = 00:10:56, memory = 4504.72 (MB).
    Completing 100% with 19913 violations.
    elapsed time = 00:12:03, memory = 4640.03 (MB).
[INFO DRT-0199]   Number of violations = 28866.
Viol/Layer      metal1   via1 metal2   via2 metal3   via3 metal4   via4 metal5   via5 metal6   via6 metal7
Cut Spacing          0      2      0     32      0      0      0     18      0      1      0      1      0
Metal Spacing        0      0   1815      0    175      0      4      0      7      0      0      0     34
Recheck             39      0   4971      0   3544      0    125      0    199      0     28      0     47
Short                0      1  15052     25   2556      1    111      1     43      0      2     14     18
[INFO DRT-0267] cpu time = 00:47:29, elapsed time = 00:12:08, memory = 4637.57 (MB), peak = 4640.08 (MB)
Total wire length = 3125128 um.
Total wire length on LAYER metal1 = 0 um.
Total wire length on LAYER metal2 = 911363 um.
Total wire length on LAYER metal3 = 1171706 um.
Total wire length on LAYER metal4 = 576952 um.
Total wire length on LAYER metal5 = 335544 um.
Total wire length on LAYER metal6 = 125394 um.
Total wire length on LAYER metal7 = 3324 um.
Total wire length on LAYER metal8 = 226 um.
Total wire length on LAYER metal9 = 616 um.
Total wire length on LAYER metal10 = 0 um.
Total number of vias = 926495.
Up-via summary (total 926495):

-----------------
 active         0
 metal1    446496
 metal2    433722
 metal3     33028
 metal4     10908
 metal5      2270
 metal6        51
 metal7        14
 metal8         6
 metal9         0
-----------------
       926495


[INFO DRT-0195] Start 1st optimization iteration.
    Completing 10% with 28866 violations.
    elapsed time = 00:01:00, memory = 4637.57 (MB).
    Completing 20% with 28866 violations.
    elapsed time = 00:02:25, memory = 4640.33 (MB).
    Completing 30% with 23698 violations.
    elapsed time = 00:03:08, memory = 4660.69 (MB).
    Completing 40% with 23698 violations.
    elapsed time = 00:04:34, memory = 4681.71 (MB).
    Completing 50% with 23698 violations.
    elapsed time = 00:05:35, memory = 4654.39 (MB).
    Completing 60% with 18231 violations.
    elapsed time = 00:06:47, memory = 4681.04 (MB).
    Completing 70% with 18231 violations.
    elapsed time = 00:08:12, memory = 4684.33 (MB).
    Completing 80% with 13160 violations.
    elapsed time = 00:08:59, memory = 4723.22 (MB).
    Completing 90% with 13160 violations.
    elapsed time = 00:10:24, memory = 4629.97 (MB).
    Completing 100% with 7984 violations.
    elapsed time = 00:11:26, memory = 4650.25 (MB).
[INFO DRT-0199]   Number of violations = 7984.
Viol/Layer        via1 metal2   via2 metal3   via4 metal5
Cut Spacing         18      0     16      0      2      0
Metal Spacing        0   1573      0     91      0      0
Recheck              0      1      0      0      0      0
Short                0   5757      0    521      0      5
[INFO DRT-0267] cpu time = 00:44:57, elapsed time = 00:11:31, memory = 4587.08 (MB), peak = 4774.73 (MB)
Total wire length = 3112827 um.
Total wire length on LAYER metal1 = 0 um.
Total wire length on LAYER metal2 = 904570 um.
Total wire length on LAYER metal3 = 1167267 um.
Total wire length on LAYER metal4 = 576531 um.
Total wire length on LAYER metal5 = 334985 um.
Total wire length on LAYER metal6 = 125311 um.
Total wire length on LAYER metal7 = 3330 um.
Total wire length on LAYER metal8 = 214 um.
Total wire length on LAYER metal9 = 616 um.
Total wire length on LAYER metal10 = 0 um.
Total number of vias = 920000.
Up-via summary (total 920000):

-----------------
 active         0
 metal1    446596
 metal2    427418
 metal3     33001
 metal4     10742
 metal5      2184
 metal6        47
 metal7         6
 metal8         6
 metal9         0
-----------------
       920000


[INFO DRT-0195] Start 2nd optimization iteration.
    Completing 10% with 7984 violations.
    elapsed time = 00:00:53, memory = 4587.08 (MB).
    Completing 20% with 7984 violations.
    elapsed time = 00:02:02, memory = 4594.62 (MB).
    Completing 30% with 7628 violations.
    elapsed time = 00:02:31, memory = 4594.62 (MB).
    Completing 40% with 7628 violations.
    elapsed time = 00:03:43, memory = 4594.62 (MB).
    Completing 50% with 7628 violations.
    elapsed time = 00:04:37, memory = 4594.68 (MB).
    Completing 60% with 7164 violations.
    elapsed time = 00:05:24, memory = 4594.87 (MB).
    Completing 70% with 7164 violations.
    elapsed time = 00:06:41, memory = 4595.80 (MB).
    Completing 80% with 6709 violations.
    elapsed time = 00:07:17, memory = 4595.80 (MB).
    Completing 90% with 6709 violations.
    elapsed time = 00:08:32, memory = 4595.80 (MB).
    Completing 100% with 6084 violations.
    elapsed time = 00:09:29, memory = 4595.80 (MB).
[INFO DRT-0199]   Number of violations = 6084.
Viol/Layer        via1 metal2   via2 metal3 metal4   via4 metal5
Cut Spacing         15      0     13      0      0      2      0
Metal Spacing        0   1249      0     46      0      0      0
Recheck              0      1      0      0      0      0      0
Short                0   4358      0    398      1      0      1
[INFO DRT-0267] cpu time = 00:37:14, elapsed time = 00:09:34, memory = 4595.80 (MB), peak = 4774.73 (MB)
Total wire length = 3109973 um.
Total wire length on LAYER metal1 = 0 um.
Total wire length on LAYER metal2 = 903133 um.
Total wire length on LAYER metal3 = 1166166 um.
Total wire length on LAYER metal4 = 576340 um.
Total wire length on LAYER metal5 = 334874 um.
Total wire length on LAYER metal6 = 125299 um.
Total wire length on LAYER metal7 = 3328 um.
Total wire length on LAYER metal8 = 214 um.
Total wire length on LAYER metal9 = 616 um.
Total wire length on LAYER metal10 = 0 um.
Total number of vias = 917384.
Up-via summary (total 917384):

-----------------
 active         0
 metal1    446560
 metal2    424946
 metal3     32932
 metal4     10693
 metal5      2194
 metal6        47
 metal7         6
 metal8         6
 metal9         0
-----------------
       917384


[INFO DRT-0195] Start 3rd optimization iteration.
    Completing 10% with 6084 violations.
    elapsed time = 00:00:27, memory = 4595.80 (MB).
    Completing 20% with 6084 violations.
    elapsed time = 00:00:59, memory = 4595.80 (MB).
    Completing 30% with 4404 violations.
    elapsed time = 00:01:16, memory = 4595.80 (MB).
    Completing 40% with 4404 violations.
    elapsed time = 00:01:53, memory = 4595.80 (MB).
    Completing 50% with 4404 violations.
    elapsed time = 00:02:16, memory = 4595.80 (MB).
    Completing 60% with 2943 violations.
    elapsed time = 00:02:41, memory = 4532.12 (MB).
    Completing 70% with 2943 violations.
    elapsed time = 00:03:10, memory = 4532.12 (MB).
    Completing 80% with 1446 violations.
    elapsed time = 00:03:28, memory = 4532.12 (MB).
    Completing 90% with 1446 violations.
    elapsed time = 00:04:02, memory = 4532.87 (MB).
    Completing 100% with 107 violations.
    elapsed time = 00:04:21, memory = 4535.58 (MB).
[INFO DRT-0199]   Number of violations = 111.
Viol/Layer      metal2   via2 metal3
Cut Spacing          0      1      0
Metal Spacing       19      0      4
Recheck              0      0      4
Short               76      0      7
[INFO DRT-0267] cpu time = 00:16:52, elapsed time = 00:04:22, memory = 4532.88 (MB), peak = 4774.73 (MB)
Total wire length = 3110175 um.
Total wire length on LAYER metal1 = 0 um.
Total wire length on LAYER metal2 = 893379 um.
Total wire length on LAYER metal3 = 1167964 um.
Total wire length on LAYER metal4 = 584526 um.
Total wire length on LAYER metal5 = 334842 um.
Total wire length on LAYER metal6 = 125303 um.
Total wire length on LAYER metal7 = 3328 um.
Total wire length on LAYER metal8 = 214 um.
Total wire length on LAYER metal9 = 616 um.
Total wire length on LAYER metal10 = 0 um.
Total number of vias = 924815.
Up-via summary (total 924815):

-----------------
 active         0
 metal1    446551
 metal2    429405
 metal3     35885
 metal4     10718
 metal5      2197
 metal6        47
 metal7         6
 metal8         6
 metal9         0
-----------------
       924815


[INFO DRT-0195] Start 4th optimization iteration.
    Completing 10% with 111 violations.
    elapsed time = 00:00:00, memory = 4532.88 (MB).
    Completing 20% with 111 violations.
    elapsed time = 00:00:02, memory = 4532.88 (MB).
    Completing 30% with 69 violations.
    elapsed time = 00:00:02, memory = 4532.88 (MB).
    Completing 40% with 69 violations.
    elapsed time = 00:00:03, memory = 4532.88 (MB).
    Completing 50% with 69 violations.
    elapsed time = 00:00:04, memory = 4532.88 (MB).
    Completing 60% with 45 violations.
    elapsed time = 00:00:05, memory = 4532.88 (MB).
    Completing 70% with 45 violations.
    elapsed time = 00:00:06, memory = 4532.88 (MB).
    Completing 80% with 15 violations.
    elapsed time = 00:00:06, memory = 4532.88 (MB).
    Completing 90% with 15 violations.
    elapsed time = 00:00:06, memory = 4532.88 (MB).
    Completing 100% with 0 violations.
    elapsed time = 00:00:07, memory = 4532.88 (MB).
[INFO DRT-0199]   Number of violations = 0.
[INFO DRT-0267] cpu time = 00:00:26, elapsed time = 00:00:08, memory = 4532.88 (MB), peak = 4774.73 (MB)
Total wire length = 3110173 um.
Total wire length on LAYER metal1 = 0 um.
Total wire length on LAYER metal2 = 893264 um.
Total wire length on LAYER metal3 = 1167999 um.
Total wire length on LAYER metal4 = 584608 um.
Total wire length on LAYER metal5 = 334839 um.
Total wire length on LAYER metal6 = 125303 um.
Total wire length on LAYER metal7 = 3328 um.
Total wire length on LAYER metal8 = 214 um.
Total wire length on LAYER metal9 = 616 um.
Total wire length on LAYER metal10 = 0 um.
Total number of vias = 924862.
Up-via summary (total 924862):

-----------------
 active         0
 metal1    446552
 metal2    429433
 metal3     35905
 metal4     10716
 metal5      2197
 metal6        47
 metal7         6
 metal8         6
 metal9         0
-----------------
       924862


[INFO DRT-0198] Complete detail routing.
Total wire length = 3110173 um.
Total wire length on LAYER metal1 = 0 um.
Total wire length on LAYER metal2 = 893264 um.
Total wire length on LAYER metal3 = 1167999 um.
Total wire length on LAYER metal4 = 584608 um.
Total wire length on LAYER metal5 = 334839 um.
Total wire length on LAYER metal6 = 125303 um.
Total wire length on LAYER metal7 = 3328 um.
Total wire length on LAYER metal8 = 214 um.
Total wire length on LAYER metal9 = 616 um.
Total wire length on LAYER metal10 = 0 um.
Total number of vias = 924862.
Up-via summary (total 924862):

-----------------
 active         0
 metal1    446552
 metal2    429433
 metal3     35905
 metal4     10716
 metal5      2197
 metal6        47
 metal7         6
 metal8         6
 metal9         0
-----------------
       924862


[INFO DRT-0267] cpu time = 02:27:02, elapsed time = 00:37:46, memory = 4533.00 (MB), peak = 4774.73 (MB)

[INFO DRT-0180] Post processing.
[INFO DRT-0501] Runtime: 2529.00s
Took 2529 seconds: detailed_route -output_drc ./reports/nangate45/x1_y5_kimi/base/5_route_drc.rpt -output_maze ./results/nangate45/x1_y5_kimi/base/maze.log -droute_end_iter 64 -verbose 1 -drc_report_iter_step 5
[WARNING GRT-0246] No diode with LEF class CORE ANTENNACELL found.
[INFO ANT-0002] Found 0 net violations.
[INFO ANT-0001] Found 0 pin violations.
[INFO ANT-0002] Found 0 net violations.
[INFO ANT-0001] Found 0 pin violations.
Design area 167356 um^2 20% utilization.
write_db ./results/nangate45/x1_y5_kimi/base/5_2_route.odb
Elapsed time: 43:36.52[h:]min:sec. CPU time: user 10117.89 sys 8.39 (387%). Peak memory: 4889324KB.
Log                       Ext     Elapsed/s Peak Memory/MB sha1sum result [0:20)
5_2_route                 .odb         2616           4774 ce4e4f0ae8761257899c
/OpenROAD-flow-scripts/flow/scripts/flow.sh 5_3_fillcell fillcell
Running fillcell.tcl, stage 5_3_fillcell
read_liberty /OpenROAD-flow-scripts/flow/platforms/nangate45/lib/NangateOpenCellLibrary_typical.lib
read_db ./results/nangate45/x1_y5_kimi/base/5_2_route.odb
read_sdc ./results/nangate45/x1_y5_kimi/base/5_1_grt.sdc
source /OpenROAD-flow-scripts/flow/platforms/nangate45/setRC.tcl
filler_placement "FILLCELL_X1 FILLCELL_X2 FILLCELL_X4 FILLCELL_X8 FILLCELL_X16 FILLCELL_X32"
[INFO DPL-0001] Placed 236531 filler instances.
Design area 167356 um^2 20% utilization.
write_db ./results/nangate45/x1_y5_kimi/base/5_3_fillcell.odb
Elapsed time: 0:05.92[h:]min:sec. CPU time: user 5.31 sys 0.60 (99%). Peak memory: 804236KB.
Log                       Ext     Elapsed/s Peak Memory/MB sha1sum result [0:20)
5_3_fillcell              .odb            5            785 d92d9974733304b0c25a
cp ./results/nangate45/x1_y5_kimi/base/5_3_fillcell.odb ./results/nangate45/x1_y5_kimi/base/5_route.odb
cp ./results/nangate45/x1_y5_kimi/base/5_1_grt.sdc ./results/nangate45/x1_y5_kimi/base/5_route.sdc
/OpenROAD-flow-scripts/flow/scripts/flow.sh 6_1_fill density_fill
Running density_fill.tcl, stage 6_1_fill
read_liberty /OpenROAD-flow-scripts/flow/platforms/nangate45/lib/NangateOpenCellLibrary_typical.lib
read_db ./results/nangate45/x1_y5_kimi/base/5_route.odb
read_sdc ./results/nangate45/x1_y5_kimi/base/5_route.sdc
source /OpenROAD-flow-scripts/flow/platforms/nangate45/setRC.tcl
exec cp ./results/nangate45/x1_y5_kimi/base/5_route.odb ./results/nangate45/x1_y5_kimi/base/6_1_fill.odb
Elapsed time: 0:02.17[h:]min:sec. CPU time: user 1.70 sys 0.47 (99%). Peak memory: 490388KB.
Log                       Ext     Elapsed/s Peak Memory/MB sha1sum result [0:20)
6_1_fill                  .odb            2            478 d92d9974733304b0c25a
cp ./results/nangate45/x1_y5_kimi/base/5_route.sdc ./results/nangate45/x1_y5_kimi/base/6_1_fill.sdc
/OpenROAD-flow-scripts/flow/scripts/flow.sh 6_report final_report
Running final_report.tcl, stage 6_report
read_liberty /OpenROAD-flow-scripts/flow/platforms/nangate45/lib/NangateOpenCellLibrary_typical.lib
read_db ./results/nangate45/x1_y5_kimi/base/6_1_fill.odb
read_sdc ./results/nangate45/x1_y5_kimi/base/6_1_fill.sdc
source /OpenROAD-flow-scripts/flow/platforms/nangate45/setRC.tcl
write_db ./results/nangate45/x1_y5_kimi/base/6_final.odb
write_sdc -no_timestamp ./results/nangate45/x1_y5_kimi/base/6_final.sdc
Deleted 0 routing obstructions
[INFO RCX-0431] Defined process_corner X with ext_model_index 0
[INFO RCX-0029] Defined extraction corner X
[WARNING RCX-0514] The ext_model_file option is deprecated. Use set_extraction_rules_file command instead.
[INFO RCX-0435] Reading extraction model file /OpenROAD-flow-scripts/flow/platforms/nangate45/rcx_patterns.rules ...
[INFO RCX-0436] RC segment generation x1_y5_kimi (max_merge_res 50.0) ...
[INFO RCX-0040] Final 594811 rc segments
[INFO RCX-0439] Coupling Cap extraction x1_y5_kimi ...
[INFO RCX-0440] Coupling threshhold is 0.1000 fF, coupling capacitance less than 0.1000 fF will be grounded.
[INFO RCX-0442] 11% of 910345 wires extracted
[INFO RCX-0442] 20% of 910345 wires extracted
[INFO RCX-0442] 29% of 910345 wires extracted
[INFO RCX-0442] 39% of 910345 wires extracted
[INFO RCX-0442] 47% of 910345 wires extracted
[INFO RCX-0442] 52% of 910345 wires extracted
[INFO RCX-0442] 61% of 910345 wires extracted
[INFO RCX-0442] 71% of 910345 wires extracted
[INFO RCX-0442] 81% of 910345 wires extracted
[INFO RCX-0442] 91% of 910345 wires extracted
[INFO RCX-0442] 100% of 910345 wires extracted
[INFO RCX-0045] Extract 134502 nets, 723112 rsegs, 723112 caps, 1455029 ccs
[INFO RCX-0042] 100000 nets finished
[INFO RCX-0443] 134502 nets finished
[INFO PSM-0040] All shapes on net VDD are connected.
########## IR report #################
Net              : VDD
Corner           : default
Total power      : 2.68e-01 W
Supply voltage   : 1.10e+00 V
Worstcase voltage: 1.09e+00 V
Average voltage  : 1.10e+00 V
Average IR drop  : 2.10e-03 V
Worstcase IR drop: 6.36e-03 V
Percentage drop  : 0.58 %
######################################
[INFO PSM-0040] All shapes on net VSS are connected.
########## IR report #################
Net              : VSS
Corner           : default
Total power      : 2.68e-01 W
Supply voltage   : 0.00e+00 V
Worstcase voltage: 5.47e-03 V
Average voltage  : 2.06e-03 V
Average IR drop  : 2.06e-03 V
Worstcase IR drop: 5.47e-03 V
Percentage drop  : 0.50 %
######################################
Cell type report:                       Count       Area
  Fill cell                            236531  661353.94
  Tap cell                               3582     952.81
  Clock buffer                           2035    2421.13
  Timing Repair Buffer                   8128    9456.83
  Inverter                               6232    3356.39
  Clock inverter                          547     382.51
  Sequential cell                        6225   28214.09
  Multi-Input combinational cell       106075  122572.00
  Total                                369355  828709.70
Report metrics stage 6, finish...

==========================================================================
finish report_design_area
--------------------------------------------------------------------------
Design area 167356 um^2 20% utilization.
[WARNING GUI-0076] QStandardPaths: XDG_RUNTIME_DIR not set, defaulting to '/tmp/runtime-root'
Elapsed time: 3:58.26[h:]min:sec. CPU time: user 273.74 sys 7.90 (118%). Peak memory: 2838056KB.
Log                       Ext     Elapsed/s Peak Memory/MB sha1sum result [0:20)
6_report                                238           2771                  N/A
cp /OpenROAD-flow-scripts/flow/platforms/nangate45/lef/NangateOpenCellLibrary.tech.lef ./objects/nangate45/x1_y5_kimi/base/klayout_tech.lef
/usr/bin/python3 /OpenROAD-flow-scripts/flow/util/generate_klayout_tech.py \
	--template /OpenROAD-flow-scripts/flow/platforms/nangate45/FreePDK45.lyt \
	--output ./objects/nangate45/x1_y5_kimi/base/klayout.lyt \
	--lef-files ./objects/nangate45/x1_y5_kimi/base/klayout_tech.lef /OpenROAD-flow-scripts/flow/platforms/nangate45/lef/NangateOpenCellLibrary.macro.mod.lef   \
	--map-files 
/usr/bin/python3 /OpenROAD-flow-scripts/flow/scripts/run_command.py --log /OpenROAD-flow-scripts/flow/logs/nangate45/x1_y5_kimi/base/6_1_merge.log --tee -- \
        /OpenROAD-flow-scripts/flow/scripts/klayout.sh -zz -rd design_name=x1_y5_kimi \
        -rd in_def=./results/nangate45/x1_y5_kimi/base/6_final.def \
        -rd in_files="/OpenROAD-flow-scripts/flow/platforms/nangate45/gds/NangateOpenCellLibrary.gds  " \
        -rd seal_file="" \
        -rd out_file=./results/nangate45/x1_y5_kimi/base/6_1_merged.gds \
        -rd tech_file=./objects/nangate45/x1_y5_kimi/base/klayout.lyt \
        -rd layer_map= \
        -r /OpenROAD-flow-scripts/flow/util/def2stream.py
KLayout 0.30.7
Warning: DEF UNITS does not match reader DBU (DEF UNITS is 2000 and corresponds to a DBU of 0.0005, but reader DBU is set to 0.0001) (line=5, cell=, file=6_final.def)
[INFO] Reporting cells prior to loading DEF ...
	/OpenROAD-flow-scripts/flow/platforms/nangate45/gds/NangateOpenCellLibrary.gds
[INFO] GDS_ALLOW_EMPTY=fakeram.*
[INFO] All LEF cells have matching GDS/OAS cells
[INFO] No orphan cells in the final layout
Elapsed time: 0:12.12[h:]min:sec. CPU time: user 11.45 sys 0.65 (99%). Peak memory: 1045308KB.
cp results/nangate45/x1_y5_kimi/base/6_1_merged.gds results/nangate45/x1_y5_kimi/base/6_final.gds
./logs/nangate45/x1_y5_kimi/base
Log                       Ext     Elapsed/s Peak Memory/MB sha1sum result [0:20)
1_1_yosys_canonicalize    .rtlil          0             55 be7d1c6033c15a6d691f
1_2_yosys                 .v            344            680 86ee3d780507274cec04
1_2_yosys                 .sdc                             9fd76e53da665890bc1c
1_synth                   .odb            4            402 9932cd3da0bcf16d65a5
1_synth                   .sdc                             a821a8cf62e7669ef6a1
2_1_floorplan             .odb           39            595 cc21a0116584c624800f
2_1_floorplan             .sdc                             a821a8cf62e7669ef6a1
2_2_floorplan_macro       .odb            1            309 cc21a0116584c624800f
2_3_floorplan_tapcell     .odb            1            235 802f98ee444de7c4bf08
2_4_floorplan_pdn         .odb            2            321 19a1e710a34ca47b7ea4
3_1_place_gp_skip_io      .odb           47            607 6f9cd1e888bfaf929271
3_2_place_iop             .odb            1            316 150ff15cb0ac1f5695b4
3_3_place_gp              .odb          327           1612 5901ed712dc92a76b0b0
3_4_place_resized         .odb           94            854 ef4111062be7f96f36f3
3_5_place_dp              .odb          135           1090 bc4f16718e11b59d5676
4_1_cts                   .odb          122           1132 fb312af381cf95c0e483
5_1_grt                   .odb          509           2355 63050a6d5718a98fd852
5_1_grt                   .sdc                             e41b5044af0bbe947e7a
5_2_route                 .odb         2616           4774 ce4e4f0ae8761257899c
5_3_fillcell              .odb            5            785 d92d9974733304b0c25a
6_1_fill                  .odb            2            478 d92d9974733304b0c25a
6_1_fill                  .sdc                             e41b5044af0bbe947e7a
6_1_merge                                12           1020                  N/A
6_report                                238           2771                  N/A
Total                                  4499           4774                     
