
 /----------------------------------------------------------------------------\
 |                                                                            |
 |  yosys -- Yosys Open SYnthesis Suite                                       |
 |                                                                            |
 |  Copyright (C) 2012 - 2020  Claire Xenia Wolf <claire@yosyshq.com>         |
 |                                                                            |
 |  Permission to use, copy, modify, and/or distribute this software for any  |
 |  purpose with or without fee is hereby granted, provided that the above    |
 |  copyright notice and this permission notice appear in all copies.         |
 |                                                                            |
 |  THE SOFTWARE IS PROVIDED "AS IS" AND THE AUTHOR DISCLAIMS ALL WARRANTIES  |
 |  WITH REGARD TO THIS SOFTWARE INCLUDING ALL IMPLIED WARRANTIES OF          |
 |  MERCHANTABILITY AND FITNESS. IN NO EVENT SHALL THE AUTHOR BE LIABLE FOR   |
 |  ANY SPECIAL, DIRECT, INDIRECT, OR CONSEQUENTIAL DAMAGES OR ANY DAMAGES    |
 |  WHATSOEVER RESULTING FROM LOSS OF USE, DATA OR PROFITS, WHETHER IN AN     |
 |  ACTION OF CONTRACT, NEGLIGENCE OR OTHER TORTIOUS ACTION, ARISING OUT OF   |
 |  OR IN CONNECTION WITH THE USE OR PERFORMANCE OF THIS SOFTWARE.            |
 |                                                                            |
 \----------------------------------------------------------------------------/

 Yosys 0.33 (git sha1 2584903a060)


-- Running command `read_verilog -sv experiments/x1/rtl/x1_y5_kimi.v; hierarchy -top x1_y5_kimi; proc; opt; stat' --

1. Executing Verilog-2005 frontend: experiments/x1/rtl/x1_y5_kimi.v
Parsing SystemVerilog input from `experiments/x1/rtl/x1_y5_kimi.v' to AST representation.
Generating RTLIL representation for module `\x1_y5_kimi'.
Warning: Replacing memory \accum_bank with list of registers. See experiments/x1/rtl/x1_y5_kimi.v:153
Successfully finished Verilog frontend.

2. Executing HIERARCHY pass (managing design hierarchy).

2.1. Analyzing design hierarchy..
Top module:  \x1_y5_kimi

2.2. Analyzing design hierarchy..
Top module:  \x1_y5_kimi
Removed 0 unused modules.

3. Executing PROC pass (convert processes to netlists).

3.1. Executing PROC_CLEAN pass (remove empty switches from decision trees).
Cleaned up 0 empty switches.

3.2. Executing PROC_RMDEAD pass (remove dead branches from decision trees).
Marked 2 switch rules as full_case in process $proc$experiments/x1/rtl/x1_y5_kimi.v:149$199 in module x1_y5_kimi.
Removed 16 dead cases from process $proc$experiments/x1/rtl/x1_y5_kimi.v:63$26 in module x1_y5_kimi.
Marked 22 switch rules as full_case in process $proc$experiments/x1/rtl/x1_y5_kimi.v:63$26 in module x1_y5_kimi.
Marked 1 switch rules as full_case in process $proc$experiments/x1/rtl/x1_y5_kimi.v:52$22 in module x1_y5_kimi.
Removed a total of 16 dead cases.

3.3. Executing PROC_PRUNE pass (remove redundant assignments in processes).
Removed 2 redundant assignments.
Promoted 43 assignments to connections.

3.4. Executing PROC_INIT pass (extract init attributes).

3.5. Executing PROC_ARST pass (detect async resets in processes).
Found async reset \rst_n in `\x1_y5_kimi.$proc$experiments/x1/rtl/x1_y5_kimi.v:63$26'.

3.6. Executing PROC_ROM pass (convert switches to ROMs).
Converted 0 switches.
<suppressed ~28 debug messages>

3.7. Executing PROC_MUX pass (convert decision trees to multiplexers).
Creating decoders for process `\x1_y5_kimi.$proc$experiments/x1/rtl/x1_y5_kimi.v:149$199'.
     1/268: $2\r[31:0]
     2/268: $2\c[31:0]
     3/268: $2\product[7:0]
     4/268: $2\weight_lane[3:0]
     5/268: $2\act_lane[3:0]
     6/268: $1\i[31:0]
     7/268: $1\j[31:0]
     8/268: $1\product[7:0]
     9/268: $1\weight_lane[3:0]
    10/268: $1\act_lane[3:0]
    11/268: $1\c[31:0]
    12/268: $1\r[31:0]
    13/268: $0\accum_bank[255][23:0]
    14/268: $0\accum_bank[254][23:0]
    15/268: $0\accum_bank[253][23:0]
    16/268: $0\accum_bank[252][23:0]
    17/268: $0\accum_bank[251][23:0]
    18/268: $0\accum_bank[250][23:0]
    19/268: $0\accum_bank[249][23:0]
    20/268: $0\accum_bank[248][23:0]
    21/268: $0\accum_bank[247][23:0]
    22/268: $0\accum_bank[246][23:0]
    23/268: $0\accum_bank[245][23:0]
    24/268: $0\accum_bank[244][23:0]
    25/268: $0\accum_bank[243][23:0]
    26/268: $0\accum_bank[242][23:0]
    27/268: $0\accum_bank[241][23:0]
    28/268: $0\accum_bank[240][23:0]
    29/268: $0\accum_bank[239][23:0]
    30/268: $0\accum_bank[238][23:0]
    31/268: $0\accum_bank[237][23:0]
    32/268: $0\accum_bank[236][23:0]
    33/268: $0\accum_bank[235][23:0]
    34/268: $0\accum_bank[234][23:0]
    35/268: $0\accum_bank[233][23:0]
    36/268: $0\accum_bank[232][23:0]
    37/268: $0\accum_bank[231][23:0]
    38/268: $0\accum_bank[230][23:0]
    39/268: $0\accum_bank[229][23:0]
    40/268: $0\accum_bank[228][23:0]
    41/268: $0\accum_bank[227][23:0]
    42/268: $0\accum_bank[226][23:0]
    43/268: $0\accum_bank[225][23:0]
    44/268: $0\accum_bank[224][23:0]
    45/268: $0\accum_bank[223][23:0]
    46/268: $0\accum_bank[222][23:0]
    47/268: $0\accum_bank[221][23:0]
    48/268: $0\accum_bank[220][23:0]
    49/268: $0\accum_bank[219][23:0]
    50/268: $0\accum_bank[218][23:0]
    51/268: $0\accum_bank[217][23:0]
    52/268: $0\accum_bank[216][23:0]
    53/268: $0\accum_bank[215][23:0]
    54/268: $0\accum_bank[214][23:0]
    55/268: $0\accum_bank[213][23:0]
    56/268: $0\accum_bank[212][23:0]
    57/268: $0\accum_bank[211][23:0]
    58/268: $0\accum_bank[210][23:0]
    59/268: $0\accum_bank[209][23:0]
    60/268: $0\accum_bank[208][23:0]
    61/268: $0\accum_bank[207][23:0]
    62/268: $0\accum_bank[206][23:0]
    63/268: $0\accum_bank[205][23:0]
    64/268: $0\accum_bank[204][23:0]
    65/268: $0\accum_bank[203][23:0]
    66/268: $0\accum_bank[202][23:0]
    67/268: $0\accum_bank[201][23:0]
    68/268: $0\accum_bank[200][23:0]
    69/268: $0\accum_bank[199][23:0]
    70/268: $0\accum_bank[198][23:0]
    71/268: $0\accum_bank[197][23:0]
    72/268: $0\accum_bank[196][23:0]
    73/268: $0\accum_bank[195][23:0]
    74/268: $0\accum_bank[194][23:0]
    75/268: $0\accum_bank[193][23:0]
    76/268: $0\accum_bank[192][23:0]
    77/268: $0\accum_bank[191][23:0]
    78/268: $0\accum_bank[190][23:0]
    79/268: $0\accum_bank[189][23:0]
    80/268: $0\accum_bank[188][23:0]
    81/268: $0\accum_bank[187][23:0]
    82/268: $0\accum_bank[186][23:0]
    83/268: $0\accum_bank[185][23:0]
    84/268: $0\accum_bank[184][23:0]
    85/268: $0\accum_bank[183][23:0]
    86/268: $0\accum_bank[182][23:0]
    87/268: $0\accum_bank[181][23:0]
    88/268: $0\accum_bank[180][23:0]
    89/268: $0\accum_bank[179][23:0]
    90/268: $0\accum_bank[178][23:0]
    91/268: $0\accum_bank[177][23:0]
    92/268: $0\accum_bank[176][23:0]
    93/268: $0\accum_bank[175][23:0]
    94/268: $0\accum_bank[174][23:0]
    95/268: $0\accum_bank[173][23:0]
    96/268: $0\accum_bank[172][23:0]
    97/268: $0\accum_bank[171][23:0]
    98/268: $0\accum_bank[170][23:0]
    99/268: $0\accum_bank[169][23:0]
   100/268: $0\accum_bank[168][23:0]
   101/268: $0\accum_bank[167][23:0]
   102/268: $0\accum_bank[166][23:0]
   103/268: $0\accum_bank[165][23:0]
   104/268: $0\accum_bank[164][23:0]
   105/268: $0\accum_bank[163][23:0]
   106/268: $0\accum_bank[162][23:0]
   107/268: $0\accum_bank[161][23:0]
   108/268: $0\accum_bank[160][23:0]
   109/268: $0\accum_bank[159][23:0]
   110/268: $0\accum_bank[158][23:0]
   111/268: $0\accum_bank[157][23:0]
   112/268: $0\accum_bank[156][23:0]
   113/268: $0\accum_bank[155][23:0]
   114/268: $0\accum_bank[154][23:0]
   115/268: $0\accum_bank[153][23:0]
   116/268: $0\accum_bank[152][23:0]
   117/268: $0\accum_bank[151][23:0]
   118/268: $0\accum_bank[150][23:0]
   119/268: $0\accum_bank[149][23:0]
   120/268: $0\accum_bank[148][23:0]
   121/268: $0\accum_bank[147][23:0]
   122/268: $0\accum_bank[146][23:0]
   123/268: $0\accum_bank[145][23:0]
   124/268: $0\accum_bank[144][23:0]
   125/268: $0\accum_bank[143][23:0]
   126/268: $0\accum_bank[142][23:0]
   127/268: $0\accum_bank[141][23:0]
   128/268: $0\accum_bank[140][23:0]
   129/268: $0\accum_bank[139][23:0]
   130/268: $0\accum_bank[138][23:0]
   131/268: $0\accum_bank[137][23:0]
   132/268: $0\accum_bank[136][23:0]
   133/268: $0\accum_bank[135][23:0]
   134/268: $0\accum_bank[134][23:0]
   135/268: $0\accum_bank[133][23:0]
   136/268: $0\accum_bank[132][23:0]
   137/268: $0\accum_bank[131][23:0]
   138/268: $0\accum_bank[130][23:0]
   139/268: $0\accum_bank[129][23:0]
   140/268: $0\accum_bank[128][23:0]
   141/268: $0\accum_bank[127][23:0]
   142/268: $0\accum_bank[126][23:0]
   143/268: $0\accum_bank[125][23:0]
   144/268: $0\accum_bank[124][23:0]
   145/268: $0\accum_bank[123][23:0]
   146/268: $0\accum_bank[122][23:0]
   147/268: $0\accum_bank[121][23:0]
   148/268: $0\accum_bank[120][23:0]
   149/268: $0\accum_bank[119][23:0]
   150/268: $0\accum_bank[118][23:0]
   151/268: $0\accum_bank[117][23:0]
   152/268: $0\accum_bank[116][23:0]
   153/268: $0\accum_bank[115][23:0]
   154/268: $0\accum_bank[114][23:0]
   155/268: $0\accum_bank[113][23:0]
   156/268: $0\accum_bank[112][23:0]
   157/268: $0\accum_bank[111][23:0]
   158/268: $0\accum_bank[110][23:0]
   159/268: $0\accum_bank[109][23:0]
   160/268: $0\accum_bank[108][23:0]
   161/268: $0\accum_bank[107][23:0]
   162/268: $0\accum_bank[106][23:0]
   163/268: $0\accum_bank[105][23:0]
   164/268: $0\accum_bank[104][23:0]
   165/268: $0\accum_bank[103][23:0]
   166/268: $0\accum_bank[102][23:0]
   167/268: $0\accum_bank[101][23:0]
   168/268: $0\accum_bank[100][23:0]
   169/268: $0\accum_bank[99][23:0]
   170/268: $0\accum_bank[98][23:0]
   171/268: $0\accum_bank[97][23:0]
   172/268: $0\accum_bank[96][23:0]
   173/268: $0\accum_bank[95][23:0]
   174/268: $0\accum_bank[94][23:0]
   175/268: $0\accum_bank[93][23:0]
   176/268: $0\accum_bank[92][23:0]
   177/268: $0\accum_bank[91][23:0]
   178/268: $0\accum_bank[90][23:0]
   179/268: $0\accum_bank[89][23:0]
   180/268: $0\accum_bank[88][23:0]
   181/268: $0\accum_bank[87][23:0]
   182/268: $0\accum_bank[86][23:0]
   183/268: $0\accum_bank[85][23:0]
   184/268: $0\accum_bank[84][23:0]
   185/268: $0\accum_bank[83][23:0]
   186/268: $0\accum_bank[82][23:0]
   187/268: $0\accum_bank[81][23:0]
   188/268: $0\accum_bank[80][23:0]
   189/268: $0\accum_bank[79][23:0]
   190/268: $0\accum_bank[78][23:0]
   191/268: $0\accum_bank[77][23:0]
   192/268: $0\accum_bank[76][23:0]
   193/268: $0\accum_bank[75][23:0]
   194/268: $0\accum_bank[74][23:0]
   195/268: $0\accum_bank[73][23:0]
   196/268: $0\accum_bank[72][23:0]
   197/268: $0\accum_bank[71][23:0]
   198/268: $0\accum_bank[70][23:0]
   199/268: $0\accum_bank[69][23:0]
   200/268: $0\accum_bank[68][23:0]
   201/268: $0\accum_bank[67][23:0]
   202/268: $0\accum_bank[66][23:0]
   203/268: $0\accum_bank[65][23:0]
   204/268: $0\accum_bank[64][23:0]
   205/268: $0\accum_bank[63][23:0]
   206/268: $0\accum_bank[62][23:0]
   207/268: $0\accum_bank[61][23:0]
   208/268: $0\accum_bank[60][23:0]
   209/268: $0\accum_bank[59][23:0]
   210/268: $0\accum_bank[58][23:0]
   211/268: $0\accum_bank[57][23:0]
   212/268: $0\accum_bank[56][23:0]
   213/268: $0\accum_bank[55][23:0]
   214/268: $0\accum_bank[54][23:0]
   215/268: $0\accum_bank[53][23:0]
   216/268: $0\accum_bank[52][23:0]
   217/268: $0\accum_bank[51][23:0]
   218/268: $0\accum_bank[50][23:0]
   219/268: $0\accum_bank[49][23:0]
   220/268: $0\accum_bank[48][23:0]
   221/268: $0\accum_bank[47][23:0]
   222/268: $0\accum_bank[46][23:0]
   223/268: $0\accum_bank[45][23:0]
   224/268: $0\accum_bank[44][23:0]
   225/268: $0\accum_bank[43][23:0]
   226/268: $0\accum_bank[42][23:0]
   227/268: $0\accum_bank[41][23:0]
   228/268: $0\accum_bank[40][23:0]
   229/268: $0\accum_bank[39][23:0]
   230/268: $0\accum_bank[38][23:0]
   231/268: $0\accum_bank[37][23:0]
   232/268: $0\accum_bank[36][23:0]
   233/268: $0\accum_bank[35][23:0]
   234/268: $0\accum_bank[34][23:0]
   235/268: $0\accum_bank[33][23:0]
   236/268: $0\accum_bank[32][23:0]
   237/268: $0\accum_bank[31][23:0]
   238/268: $0\accum_bank[30][23:0]
   239/268: $0\accum_bank[29][23:0]
   240/268: $0\accum_bank[28][23:0]
   241/268: $0\accum_bank[27][23:0]
   242/268: $0\accum_bank[26][23:0]
   243/268: $0\accum_bank[25][23:0]
   244/268: $0\accum_bank[24][23:0]
   245/268: $0\accum_bank[23][23:0]
   246/268: $0\accum_bank[22][23:0]
   247/268: $0\accum_bank[21][23:0]
   248/268: $0\accum_bank[20][23:0]
   249/268: $0\accum_bank[19][23:0]
   250/268: $0\accum_bank[18][23:0]
   251/268: $0\accum_bank[17][23:0]
   252/268: $0\accum_bank[16][23:0]
   253/268: $0\accum_bank[15][23:0]
   254/268: $0\accum_bank[14][23:0]
   255/268: $0\accum_bank[13][23:0]
   256/268: $0\accum_bank[12][23:0]
   257/268: $0\accum_bank[11][23:0]
   258/268: $0\accum_bank[10][23:0]
   259/268: $0\accum_bank[9][23:0]
   260/268: $0\accum_bank[8][23:0]
   261/268: $0\accum_bank[7][23:0]
   262/268: $0\accum_bank[6][23:0]
   263/268: $0\accum_bank[5][23:0]
   264/268: $0\accum_bank[4][23:0]
   265/268: $0\accum_bank[3][23:0]
   266/268: $0\accum_bank[2][23:0]
   267/268: $0\accum_bank[1][23:0]
   268/268: $0\accum_bank[0][23:0]
Creating decoders for process `\x1_y5_kimi.$proc$experiments/x1/rtl/x1_y5_kimi.v:63$26'.
     1/123: $4$mem2reg_rd$\accum_bank$experiments/x1/rtl/x1_y5_kimi.v:128$20_DATA[23:0]$194
     2/123: $4$mem2reg_rd$\accum_bank$experiments/x1/rtl/x1_y5_kimi.v:127$19_DATA[23:0]$192
     3/123: $4$mem2reg_rd$\accum_bank$experiments/x1/rtl/x1_y5_kimi.v:126$18_DATA[23:0]$190
     4/123: $4$mem2reg_rd$\accum_bank$experiments/x1/rtl/x1_y5_kimi.v:125$17_DATA[23:0]$188
     5/123: $4$mem2reg_rd$\accum_bank$experiments/x1/rtl/x1_y5_kimi.v:124$16_DATA[23:0]$186
     6/123: $4$mem2reg_rd$\accum_bank$experiments/x1/rtl/x1_y5_kimi.v:123$15_DATA[23:0]$184
     7/123: $4$mem2reg_rd$\accum_bank$experiments/x1/rtl/x1_y5_kimi.v:122$14_DATA[23:0]$182
     8/123: $4$mem2reg_rd$\accum_bank$experiments/x1/rtl/x1_y5_kimi.v:121$13_DATA[23:0]$180
     9/123: $4$mem2reg_rd$\accum_bank$experiments/x1/rtl/x1_y5_kimi.v:120$12_DATA[23:0]$178
    10/123: $4$mem2reg_rd$\accum_bank$experiments/x1/rtl/x1_y5_kimi.v:119$11_DATA[23:0]$176
    11/123: $4$mem2reg_rd$\accum_bank$experiments/x1/rtl/x1_y5_kimi.v:118$10_DATA[23:0]$174
    12/123: $4$mem2reg_rd$\accum_bank$experiments/x1/rtl/x1_y5_kimi.v:117$9_DATA[23:0]$172
    13/123: $4$mem2reg_rd$\accum_bank$experiments/x1/rtl/x1_y5_kimi.v:116$8_DATA[23:0]$170
    14/123: $4$mem2reg_rd$\accum_bank$experiments/x1/rtl/x1_y5_kimi.v:115$7_DATA[23:0]$168
    15/123: $4$mem2reg_rd$\accum_bank$experiments/x1/rtl/x1_y5_kimi.v:114$6_DATA[23:0]$166
    16/123: $4$mem2reg_rd$\accum_bank$experiments/x1/rtl/x1_y5_kimi.v:113$5_DATA[23:0]$164
    17/123: $3$mem2reg_rd$\accum_bank$experiments/x1/rtl/x1_y5_kimi.v:113$5_DATA[23:0]$132
    18/123: $3$mem2reg_rd$\accum_bank$experiments/x1/rtl/x1_y5_kimi.v:113$5_ADDR[7:0]$131
    19/123: $3$mem2reg_rd$\accum_bank$experiments/x1/rtl/x1_y5_kimi.v:128$20_DATA[23:0]$162
    20/123: $3$mem2reg_rd$\accum_bank$experiments/x1/rtl/x1_y5_kimi.v:128$20_ADDR[7:0]$161
    21/123: $3$mem2reg_rd$\accum_bank$experiments/x1/rtl/x1_y5_kimi.v:127$19_DATA[23:0]$160
    22/123: $3$mem2reg_rd$\accum_bank$experiments/x1/rtl/x1_y5_kimi.v:127$19_ADDR[7:0]$159
    23/123: $3$mem2reg_rd$\accum_bank$experiments/x1/rtl/x1_y5_kimi.v:126$18_DATA[23:0]$158
    24/123: $3$mem2reg_rd$\accum_bank$experiments/x1/rtl/x1_y5_kimi.v:126$18_ADDR[7:0]$157
    25/123: $3$mem2reg_rd$\accum_bank$experiments/x1/rtl/x1_y5_kimi.v:125$17_DATA[23:0]$156
    26/123: $3$mem2reg_rd$\accum_bank$experiments/x1/rtl/x1_y5_kimi.v:125$17_ADDR[7:0]$155
    27/123: $3$mem2reg_rd$\accum_bank$experiments/x1/rtl/x1_y5_kimi.v:124$16_DATA[23:0]$154
    28/123: $3$mem2reg_rd$\accum_bank$experiments/x1/rtl/x1_y5_kimi.v:124$16_ADDR[7:0]$153
    29/123: $3$mem2reg_rd$\accum_bank$experiments/x1/rtl/x1_y5_kimi.v:123$15_DATA[23:0]$152
    30/123: $3$mem2reg_rd$\accum_bank$experiments/x1/rtl/x1_y5_kimi.v:123$15_ADDR[7:0]$151
    31/123: $3$mem2reg_rd$\accum_bank$experiments/x1/rtl/x1_y5_kimi.v:122$14_DATA[23:0]$150
    32/123: $3$mem2reg_rd$\accum_bank$experiments/x1/rtl/x1_y5_kimi.v:122$14_ADDR[7:0]$149
    33/123: $3$mem2reg_rd$\accum_bank$experiments/x1/rtl/x1_y5_kimi.v:121$13_DATA[23:0]$148
    34/123: $3$mem2reg_rd$\accum_bank$experiments/x1/rtl/x1_y5_kimi.v:121$13_ADDR[7:0]$147
    35/123: $3$mem2reg_rd$\accum_bank$experiments/x1/rtl/x1_y5_kimi.v:120$12_DATA[23:0]$146
    36/123: $3$mem2reg_rd$\accum_bank$experiments/x1/rtl/x1_y5_kimi.v:120$12_ADDR[7:0]$145
    37/123: $3$mem2reg_rd$\accum_bank$experiments/x1/rtl/x1_y5_kimi.v:119$11_DATA[23:0]$144
    38/123: $3$mem2reg_rd$\accum_bank$experiments/x1/rtl/x1_y5_kimi.v:119$11_ADDR[7:0]$143
    39/123: $3$mem2reg_rd$\accum_bank$experiments/x1/rtl/x1_y5_kimi.v:118$10_DATA[23:0]$142
    40/123: $3$mem2reg_rd$\accum_bank$experiments/x1/rtl/x1_y5_kimi.v:118$10_ADDR[7:0]$141
    41/123: $3$mem2reg_rd$\accum_bank$experiments/x1/rtl/x1_y5_kimi.v:117$9_DATA[23:0]$140
    42/123: $3$mem2reg_rd$\accum_bank$experiments/x1/rtl/x1_y5_kimi.v:117$9_ADDR[7:0]$139
    43/123: $3$mem2reg_rd$\accum_bank$experiments/x1/rtl/x1_y5_kimi.v:116$8_DATA[23:0]$138
    44/123: $3$mem2reg_rd$\accum_bank$experiments/x1/rtl/x1_y5_kimi.v:116$8_ADDR[7:0]$137
    45/123: $3$mem2reg_rd$\accum_bank$experiments/x1/rtl/x1_y5_kimi.v:115$7_DATA[23:0]$136
    46/123: $3$mem2reg_rd$\accum_bank$experiments/x1/rtl/x1_y5_kimi.v:115$7_ADDR[7:0]$135
    47/123: $3$mem2reg_rd$\accum_bank$experiments/x1/rtl/x1_y5_kimi.v:114$6_DATA[23:0]$134
    48/123: $3$mem2reg_rd$\accum_bank$experiments/x1/rtl/x1_y5_kimi.v:114$6_ADDR[7:0]$133
    49/123: $2$mem2reg_rd$\accum_bank$experiments/x1/rtl/x1_y5_kimi.v:128$20_DATA[23:0]$123
    50/123: $2$mem2reg_rd$\accum_bank$experiments/x1/rtl/x1_y5_kimi.v:128$20_ADDR[7:0]$122
    51/123: $2$mem2reg_rd$\accum_bank$experiments/x1/rtl/x1_y5_kimi.v:127$19_DATA[23:0]$121
    52/123: $2$mem2reg_rd$\accum_bank$experiments/x1/rtl/x1_y5_kimi.v:127$19_ADDR[7:0]$120
    53/123: $2$mem2reg_rd$\accum_bank$experiments/x1/rtl/x1_y5_kimi.v:126$18_DATA[23:0]$119
    54/123: $2$mem2reg_rd$\accum_bank$experiments/x1/rtl/x1_y5_kimi.v:126$18_ADDR[7:0]$118
    55/123: $2$mem2reg_rd$\accum_bank$experiments/x1/rtl/x1_y5_kimi.v:125$17_DATA[23:0]$117
    56/123: $2$mem2reg_rd$\accum_bank$experiments/x1/rtl/x1_y5_kimi.v:125$17_ADDR[7:0]$116
    57/123: $2$mem2reg_rd$\accum_bank$experiments/x1/rtl/x1_y5_kimi.v:124$16_DATA[23:0]$115
    58/123: $2$mem2reg_rd$\accum_bank$experiments/x1/rtl/x1_y5_kimi.v:124$16_ADDR[7:0]$114
    59/123: $2$mem2reg_rd$\accum_bank$experiments/x1/rtl/x1_y5_kimi.v:123$15_DATA[23:0]$113
    60/123: $2$mem2reg_rd$\accum_bank$experiments/x1/rtl/x1_y5_kimi.v:123$15_ADDR[7:0]$112
    61/123: $2$mem2reg_rd$\accum_bank$experiments/x1/rtl/x1_y5_kimi.v:122$14_DATA[23:0]$111
    62/123: $2$mem2reg_rd$\accum_bank$experiments/x1/rtl/x1_y5_kimi.v:122$14_ADDR[7:0]$110
    63/123: $2$mem2reg_rd$\accum_bank$experiments/x1/rtl/x1_y5_kimi.v:121$13_DATA[23:0]$109
    64/123: $2$mem2reg_rd$\accum_bank$experiments/x1/rtl/x1_y5_kimi.v:121$13_ADDR[7:0]$108
    65/123: $2$mem2reg_rd$\accum_bank$experiments/x1/rtl/x1_y5_kimi.v:120$12_DATA[23:0]$107
    66/123: $2$mem2reg_rd$\accum_bank$experiments/x1/rtl/x1_y5_kimi.v:120$12_ADDR[7:0]$106
    67/123: $2$mem2reg_rd$\accum_bank$experiments/x1/rtl/x1_y5_kimi.v:119$11_DATA[23:0]$105
    68/123: $2$mem2reg_rd$\accum_bank$experiments/x1/rtl/x1_y5_kimi.v:119$11_ADDR[7:0]$104
    69/123: $2$mem2reg_rd$\accum_bank$experiments/x1/rtl/x1_y5_kimi.v:118$10_DATA[23:0]$103
    70/123: $2$mem2reg_rd$\accum_bank$experiments/x1/rtl/x1_y5_kimi.v:118$10_ADDR[7:0]$102
    71/123: $2$mem2reg_rd$\accum_bank$experiments/x1/rtl/x1_y5_kimi.v:117$9_DATA[23:0]$101
    72/123: $2$mem2reg_rd$\accum_bank$experiments/x1/rtl/x1_y5_kimi.v:117$9_ADDR[7:0]$100
    73/123: $2$mem2reg_rd$\accum_bank$experiments/x1/rtl/x1_y5_kimi.v:116$8_DATA[23:0]$99
    74/123: $2$mem2reg_rd$\accum_bank$experiments/x1/rtl/x1_y5_kimi.v:116$8_ADDR[7:0]$98
    75/123: $2$mem2reg_rd$\accum_bank$experiments/x1/rtl/x1_y5_kimi.v:115$7_DATA[23:0]$97
    76/123: $2$mem2reg_rd$\accum_bank$experiments/x1/rtl/x1_y5_kimi.v:115$7_ADDR[7:0]$96
    77/123: $2$mem2reg_rd$\accum_bank$experiments/x1/rtl/x1_y5_kimi.v:114$6_DATA[23:0]$95
    78/123: $2$mem2reg_rd$\accum_bank$experiments/x1/rtl/x1_y5_kimi.v:114$6_ADDR[7:0]$94
    79/123: $2$mem2reg_rd$\accum_bank$experiments/x1/rtl/x1_y5_kimi.v:113$5_DATA[23:0]$93
    80/123: $2$mem2reg_rd$\accum_bank$experiments/x1/rtl/x1_y5_kimi.v:113$5_ADDR[7:0]$92
    81/123: $1$mem2reg_rd$\accum_bank$experiments/x1/rtl/x1_y5_kimi.v:128$20_DATA[23:0]$91
    82/123: $1$mem2reg_rd$\accum_bank$experiments/x1/rtl/x1_y5_kimi.v:128$20_ADDR[7:0]$90
    83/123: $1$mem2reg_rd$\accum_bank$experiments/x1/rtl/x1_y5_kimi.v:127$19_DATA[23:0]$89
    84/123: $1$mem2reg_rd$\accum_bank$experiments/x1/rtl/x1_y5_kimi.v:127$19_ADDR[7:0]$88
    85/123: $1$mem2reg_rd$\accum_bank$experiments/x1/rtl/x1_y5_kimi.v:126$18_DATA[23:0]$87
    86/123: $1$mem2reg_rd$\accum_bank$experiments/x1/rtl/x1_y5_kimi.v:126$18_ADDR[7:0]$86
    87/123: $1$mem2reg_rd$\accum_bank$experiments/x1/rtl/x1_y5_kimi.v:125$17_DATA[23:0]$85
    88/123: $1$mem2reg_rd$\accum_bank$experiments/x1/rtl/x1_y5_kimi.v:125$17_ADDR[7:0]$84
    89/123: $1$mem2reg_rd$\accum_bank$experiments/x1/rtl/x1_y5_kimi.v:124$16_DATA[23:0]$83
    90/123: $1$mem2reg_rd$\accum_bank$experiments/x1/rtl/x1_y5_kimi.v:124$16_ADDR[7:0]$82
    91/123: $1$mem2reg_rd$\accum_bank$experiments/x1/rtl/x1_y5_kimi.v:123$15_DATA[23:0]$81
    92/123: $1$mem2reg_rd$\accum_bank$experiments/x1/rtl/x1_y5_kimi.v:123$15_ADDR[7:0]$80
    93/123: $1$mem2reg_rd$\accum_bank$experiments/x1/rtl/x1_y5_kimi.v:122$14_DATA[23:0]$79
    94/123: $1$mem2reg_rd$\accum_bank$experiments/x1/rtl/x1_y5_kimi.v:122$14_ADDR[7:0]$78
    95/123: $1$mem2reg_rd$\accum_bank$experiments/x1/rtl/x1_y5_kimi.v:121$13_DATA[23:0]$77
    96/123: $1$mem2reg_rd$\accum_bank$experiments/x1/rtl/x1_y5_kimi.v:121$13_ADDR[7:0]$76
    97/123: $1$mem2reg_rd$\accum_bank$experiments/x1/rtl/x1_y5_kimi.v:120$12_DATA[23:0]$75
    98/123: $1$mem2reg_rd$\accum_bank$experiments/x1/rtl/x1_y5_kimi.v:120$12_ADDR[7:0]$74
    99/123: $1$mem2reg_rd$\accum_bank$experiments/x1/rtl/x1_y5_kimi.v:119$11_DATA[23:0]$73
   100/123: $1$mem2reg_rd$\accum_bank$experiments/x1/rtl/x1_y5_kimi.v:119$11_ADDR[7:0]$72
   101/123: $1$mem2reg_rd$\accum_bank$experiments/x1/rtl/x1_y5_kimi.v:118$10_DATA[23:0]$71
   102/123: $1$mem2reg_rd$\accum_bank$experiments/x1/rtl/x1_y5_kimi.v:118$10_ADDR[7:0]$70
   103/123: $1$mem2reg_rd$\accum_bank$experiments/x1/rtl/x1_y5_kimi.v:117$9_DATA[23:0]$69
   104/123: $1$mem2reg_rd$\accum_bank$experiments/x1/rtl/x1_y5_kimi.v:117$9_ADDR[7:0]$68
   105/123: $1$mem2reg_rd$\accum_bank$experiments/x1/rtl/x1_y5_kimi.v:116$8_DATA[23:0]$67
   106/123: $1$mem2reg_rd$\accum_bank$experiments/x1/rtl/x1_y5_kimi.v:116$8_ADDR[7:0]$66
   107/123: $1$mem2reg_rd$\accum_bank$experiments/x1/rtl/x1_y5_kimi.v:115$7_DATA[23:0]$65
   108/123: $1$mem2reg_rd$\accum_bank$experiments/x1/rtl/x1_y5_kimi.v:115$7_ADDR[7:0]$64
   109/123: $1$mem2reg_rd$\accum_bank$experiments/x1/rtl/x1_y5_kimi.v:114$6_DATA[23:0]$63
   110/123: $1$mem2reg_rd$\accum_bank$experiments/x1/rtl/x1_y5_kimi.v:114$6_ADDR[7:0]$62
   111/123: $1$mem2reg_rd$\accum_bank$experiments/x1/rtl/x1_y5_kimi.v:113$5_DATA[23:0]$61
   112/123: $1$mem2reg_rd$\accum_bank$experiments/x1/rtl/x1_y5_kimi.v:113$5_ADDR[7:0]$60
   113/123: $0\done[0:0]
   114/123: $0\out_we[0:0]
   115/123: $0\drain_col[3:0]
   116/123: $0\drain_row[3:0]
   117/123: $0\read_valid[0:0]
   118/123: $0\consumed[11:0]
   119/123: $0\issued[11:0]
   120/123: $0\k_dim_q[11:0]
   121/123: $0\state[1:0]
   122/123: $0\out_wdata[23:0]
   123/123: $0\out_addr[13:0]
Creating decoders for process `\x1_y5_kimi.$proc$experiments/x1/rtl/x1_y5_kimi.v:52$22'.
     1/2: $1\weight_req[0:0]
     2/2: $1\act_req[0:0]

3.8. Executing PROC_DLATCH pass (convert process syncs to latches).
No latch inferred for signal `\x1_y5_kimi.\act_req' from process `\x1_y5_kimi.$proc$experiments/x1/rtl/x1_y5_kimi.v:52$22'.
No latch inferred for signal `\x1_y5_kimi.\act_addr' from process `\x1_y5_kimi.$proc$experiments/x1/rtl/x1_y5_kimi.v:52$22'.
No latch inferred for signal `\x1_y5_kimi.\weight_req' from process `\x1_y5_kimi.$proc$experiments/x1/rtl/x1_y5_kimi.v:52$22'.
No latch inferred for signal `\x1_y5_kimi.\weight_addr' from process `\x1_y5_kimi.$proc$experiments/x1/rtl/x1_y5_kimi.v:52$22'.

3.9. Executing PROC_DFF pass (convert process syncs to FFs).
Creating register for signal `\x1_y5_kimi.\r' using process `\x1_y5_kimi.$proc$experiments/x1/rtl/x1_y5_kimi.v:149$199'.
  created $dff cell `$procdff$7282' with positive edge clock.
Creating register for signal `\x1_y5_kimi.\c' using process `\x1_y5_kimi.$proc$experiments/x1/rtl/x1_y5_kimi.v:149$199'.
  created $dff cell `$procdff$7283' with positive edge clock.
Creating register for signal `\x1_y5_kimi.\i' using process `\x1_y5_kimi.$proc$experiments/x1/rtl/x1_y5_kimi.v:149$199'.
  created $dff cell `$procdff$7284' with positive edge clock.
Creating register for signal `\x1_y5_kimi.\j' using process `\x1_y5_kimi.$proc$experiments/x1/rtl/x1_y5_kimi.v:149$199'.
  created $dff cell `$procdff$7285' with positive edge clock.
Creating register for signal `\x1_y5_kimi.\act_lane' using process `\x1_y5_kimi.$proc$experiments/x1/rtl/x1_y5_kimi.v:149$199'.
  created $dff cell `$procdff$7286' with positive edge clock.
Creating register for signal `\x1_y5_kimi.\weight_lane' using process `\x1_y5_kimi.$proc$experiments/x1/rtl/x1_y5_kimi.v:149$199'.
  created $dff cell `$procdff$7287' with positive edge clock.
Creating register for signal `\x1_y5_kimi.\product' using process `\x1_y5_kimi.$proc$experiments/x1/rtl/x1_y5_kimi.v:149$199'.
  created $dff cell `$procdff$7288' with positive edge clock.
Creating register for signal `\x1_y5_kimi.\accum_bank[0]' using process `\x1_y5_kimi.$proc$experiments/x1/rtl/x1_y5_kimi.v:149$199'.
  created $dff cell `$procdff$7289' with positive edge clock.
Creating register for signal `\x1_y5_kimi.\accum_bank[1]' using process `\x1_y5_kimi.$proc$experiments/x1/rtl/x1_y5_kimi.v:149$199'.
  created $dff cell `$procdff$7290' with positive edge clock.
Creating register for signal `\x1_y5_kimi.\accum_bank[2]' using process `\x1_y5_kimi.$proc$experiments/x1/rtl/x1_y5_kimi.v:149$199'.
  created $dff cell `$procdff$7291' with positive edge clock.
Creating register for signal `\x1_y5_kimi.\accum_bank[3]' using process `\x1_y5_kimi.$proc$experiments/x1/rtl/x1_y5_kimi.v:149$199'.
  created $dff cell `$procdff$7292' with positive edge clock.
Creating register for signal `\x1_y5_kimi.\accum_bank[4]' using process `\x1_y5_kimi.$proc$experiments/x1/rtl/x1_y5_kimi.v:149$199'.
  created $dff cell `$procdff$7293' with positive edge clock.
Creating register for signal `\x1_y5_kimi.\accum_bank[5]' using process `\x1_y5_kimi.$proc$experiments/x1/rtl/x1_y5_kimi.v:149$199'.
  created $dff cell `$procdff$7294' with positive edge clock.
Creating register for signal `\x1_y5_kimi.\accum_bank[6]' using process `\x1_y5_kimi.$proc$experiments/x1/rtl/x1_y5_kimi.v:149$199'.
  created $dff cell `$procdff$7295' with positive edge clock.
Creating register for signal `\x1_y5_kimi.\accum_bank[7]' using process `\x1_y5_kimi.$proc$experiments/x1/rtl/x1_y5_kimi.v:149$199'.
  created $dff cell `$procdff$7296' with positive edge clock.
Creating register for signal `\x1_y5_kimi.\accum_bank[8]' using process `\x1_y5_kimi.$proc$experiments/x1/rtl/x1_y5_kimi.v:149$199'.
  created $dff cell `$procdff$7297' with positive edge clock.
Creating register for signal `\x1_y5_kimi.\accum_bank[9]' using process `\x1_y5_kimi.$proc$experiments/x1/rtl/x1_y5_kimi.v:149$199'.
  created $dff cell `$procdff$7298' with positive edge clock.
Creating register for signal `\x1_y5_kimi.\accum_bank[10]' using process `\x1_y5_kimi.$proc$experiments/x1/rtl/x1_y5_kimi.v:149$199'.
  created $dff cell `$procdff$7299' with positive edge clock.
Creating register for signal `\x1_y5_kimi.\accum_bank[11]' using process `\x1_y5_kimi.$proc$experiments/x1/rtl/x1_y5_kimi.v:149$199'.
  created $dff cell `$procdff$7300' with positive edge clock.
Creating register for signal `\x1_y5_kimi.\accum_bank[12]' using process `\x1_y5_kimi.$proc$experiments/x1/rtl/x1_y5_kimi.v:149$199'.
  created $dff cell `$procdff$7301' with positive edge clock.
Creating register for signal `\x1_y5_kimi.\accum_bank[13]' using process `\x1_y5_kimi.$proc$experiments/x1/rtl/x1_y5_kimi.v:149$199'.
  created $dff cell `$procdff$7302' with positive edge clock.
Creating register for signal `\x1_y5_kimi.\accum_bank[14]' using process `\x1_y5_kimi.$proc$experiments/x1/rtl/x1_y5_kimi.v:149$199'.
  created $dff cell `$procdff$7303' with positive edge clock.
Creating register for signal `\x1_y5_kimi.\accum_bank[15]' using process `\x1_y5_kimi.$proc$experiments/x1/rtl/x1_y5_kimi.v:149$199'.
  created $dff cell `$procdff$7304' with positive edge clock.
Creating register for signal `\x1_y5_kimi.\accum_bank[16]' using process `\x1_y5_kimi.$proc$experiments/x1/rtl/x1_y5_kimi.v:149$199'.
  created $dff cell `$procdff$7305' with positive edge clock.
Creating register for signal `\x1_y5_kimi.\accum_bank[17]' using process `\x1_y5_kimi.$proc$experiments/x1/rtl/x1_y5_kimi.v:149$199'.
  created $dff cell `$procdff$7306' with positive edge clock.
Creating register for signal `\x1_y5_kimi.\accum_bank[18]' using process `\x1_y5_kimi.$proc$experiments/x1/rtl/x1_y5_kimi.v:149$199'.
  created $dff cell `$procdff$7307' with positive edge clock.
Creating register for signal `\x1_y5_kimi.\accum_bank[19]' using process `\x1_y5_kimi.$proc$experiments/x1/rtl/x1_y5_kimi.v:149$199'.
  created $dff cell `$procdff$7308' with positive edge clock.
Creating register for signal `\x1_y5_kimi.\accum_bank[20]' using process `\x1_y5_kimi.$proc$experiments/x1/rtl/x1_y5_kimi.v:149$199'.
  created $dff cell `$procdff$7309' with positive edge clock.
Creating register for signal `\x1_y5_kimi.\accum_bank[21]' using process `\x1_y5_kimi.$proc$experiments/x1/rtl/x1_y5_kimi.v:149$199'.
  created $dff cell `$procdff$7310' with positive edge clock.
Creating register for signal `\x1_y5_kimi.\accum_bank[22]' using process `\x1_y5_kimi.$proc$experiments/x1/rtl/x1_y5_kimi.v:149$199'.
  created $dff cell `$procdff$7311' with positive edge clock.
Creating register for signal `\x1_y5_kimi.\accum_bank[23]' using process `\x1_y5_kimi.$proc$experiments/x1/rtl/x1_y5_kimi.v:149$199'.
  created $dff cell `$procdff$7312' with positive edge clock.
Creating register for signal `\x1_y5_kimi.\accum_bank[24]' using process `\x1_y5_kimi.$proc$experiments/x1/rtl/x1_y5_kimi.v:149$199'.
  created $dff cell `$procdff$7313' with positive edge clock.
Creating register for signal `\x1_y5_kimi.\accum_bank[25]' using process `\x1_y5_kimi.$proc$experiments/x1/rtl/x1_y5_kimi.v:149$199'.
  created $dff cell `$procdff$7314' with positive edge clock.
Creating register for signal `\x1_y5_kimi.\accum_bank[26]' using process `\x1_y5_kimi.$proc$experiments/x1/rtl/x1_y5_kimi.v:149$199'.
  created $dff cell `$procdff$7315' with positive edge clock.
Creating register for signal `\x1_y5_kimi.\accum_bank[27]' using process `\x1_y5_kimi.$proc$experiments/x1/rtl/x1_y5_kimi.v:149$199'.
  created $dff cell `$procdff$7316' with positive edge clock.
Creating register for signal `\x1_y5_kimi.\accum_bank[28]' using process `\x1_y5_kimi.$proc$experiments/x1/rtl/x1_y5_kimi.v:149$199'.
  created $dff cell `$procdff$7317' with positive edge clock.
Creating register for signal `\x1_y5_kimi.\accum_bank[29]' using process `\x1_y5_kimi.$proc$experiments/x1/rtl/x1_y5_kimi.v:149$199'.
  created $dff cell `$procdff$7318' with positive edge clock.
Creating register for signal `\x1_y5_kimi.\accum_bank[30]' using process `\x1_y5_kimi.$proc$experiments/x1/rtl/x1_y5_kimi.v:149$199'.
  created $dff cell `$procdff$7319' with positive edge clock.
Creating register for signal `\x1_y5_kimi.\accum_bank[31]' using process `\x1_y5_kimi.$proc$experiments/x1/rtl/x1_y5_kimi.v:149$199'.
  created $dff cell `$procdff$7320' with positive edge clock.
Creating register for signal `\x1_y5_kimi.\accum_bank[32]' using process `\x1_y5_kimi.$proc$experiments/x1/rtl/x1_y5_kimi.v:149$199'.
  created $dff cell `$procdff$7321' with positive edge clock.
Creating register for signal `\x1_y5_kimi.\accum_bank[33]' using process `\x1_y5_kimi.$proc$experiments/x1/rtl/x1_y5_kimi.v:149$199'.
  created $dff cell `$procdff$7322' with positive edge clock.
Creating register for signal `\x1_y5_kimi.\accum_bank[34]' using process `\x1_y5_kimi.$proc$experiments/x1/rtl/x1_y5_kimi.v:149$199'.
  created $dff cell `$procdff$7323' with positive edge clock.
Creating register for signal `\x1_y5_kimi.\accum_bank[35]' using process `\x1_y5_kimi.$proc$experiments/x1/rtl/x1_y5_kimi.v:149$199'.
  created $dff cell `$procdff$7324' with positive edge clock.
Creating register for signal `\x1_y5_kimi.\accum_bank[36]' using process `\x1_y5_kimi.$proc$experiments/x1/rtl/x1_y5_kimi.v:149$199'.
  created $dff cell `$procdff$7325' with positive edge clock.
Creating register for signal `\x1_y5_kimi.\accum_bank[37]' using process `\x1_y5_kimi.$proc$experiments/x1/rtl/x1_y5_kimi.v:149$199'.
  created $dff cell `$procdff$7326' with positive edge clock.
Creating register for signal `\x1_y5_kimi.\accum_bank[38]' using process `\x1_y5_kimi.$proc$experiments/x1/rtl/x1_y5_kimi.v:149$199'.
  created $dff cell `$procdff$7327' with positive edge clock.
Creating register for signal `\x1_y5_kimi.\accum_bank[39]' using process `\x1_y5_kimi.$proc$experiments/x1/rtl/x1_y5_kimi.v:149$199'.
  created $dff cell `$procdff$7328' with positive edge clock.
Creating register for signal `\x1_y5_kimi.\accum_bank[40]' using process `\x1_y5_kimi.$proc$experiments/x1/rtl/x1_y5_kimi.v:149$199'.
  created $dff cell `$procdff$7329' with positive edge clock.
Creating register for signal `\x1_y5_kimi.\accum_bank[41]' using process `\x1_y5_kimi.$proc$experiments/x1/rtl/x1_y5_kimi.v:149$199'.
  created $dff cell `$procdff$7330' with positive edge clock.
Creating register for signal `\x1_y5_kimi.\accum_bank[42]' using process `\x1_y5_kimi.$proc$experiments/x1/rtl/x1_y5_kimi.v:149$199'.
  created $dff cell `$procdff$7331' with positive edge clock.
Creating register for signal `\x1_y5_kimi.\accum_bank[43]' using process `\x1_y5_kimi.$proc$experiments/x1/rtl/x1_y5_kimi.v:149$199'.
  created $dff cell `$procdff$7332' with positive edge clock.
Creating register for signal `\x1_y5_kimi.\accum_bank[44]' using process `\x1_y5_kimi.$proc$experiments/x1/rtl/x1_y5_kimi.v:149$199'.
  created $dff cell `$procdff$7333' with positive edge clock.
Creating register for signal `\x1_y5_kimi.\accum_bank[45]' using process `\x1_y5_kimi.$proc$experiments/x1/rtl/x1_y5_kimi.v:149$199'.
  created $dff cell `$procdff$7334' with positive edge clock.
Creating register for signal `\x1_y5_kimi.\accum_bank[46]' using process `\x1_y5_kimi.$proc$experiments/x1/rtl/x1_y5_kimi.v:149$199'.
  created $dff cell `$procdff$7335' with positive edge clock.
Creating register for signal `\x1_y5_kimi.\accum_bank[47]' using process `\x1_y5_kimi.$proc$experiments/x1/rtl/x1_y5_kimi.v:149$199'.
  created $dff cell `$procdff$7336' with positive edge clock.
Creating register for signal `\x1_y5_kimi.\accum_bank[48]' using process `\x1_y5_kimi.$proc$experiments/x1/rtl/x1_y5_kimi.v:149$199'.
  created $dff cell `$procdff$7337' with positive edge clock.
Creating register for signal `\x1_y5_kimi.\accum_bank[49]' using process `\x1_y5_kimi.$proc$experiments/x1/rtl/x1_y5_kimi.v:149$199'.
  created $dff cell `$procdff$7338' with positive edge clock.
Creating register for signal `\x1_y5_kimi.\accum_bank[50]' using process `\x1_y5_kimi.$proc$experiments/x1/rtl/x1_y5_kimi.v:149$199'.
  created $dff cell `$procdff$7339' with positive edge clock.
Creating register for signal `\x1_y5_kimi.\accum_bank[51]' using process `\x1_y5_kimi.$proc$experiments/x1/rtl/x1_y5_kimi.v:149$199'.
  created $dff cell `$procdff$7340' with positive edge clock.
Creating register for signal `\x1_y5_kimi.\accum_bank[52]' using process `\x1_y5_kimi.$proc$experiments/x1/rtl/x1_y5_kimi.v:149$199'.
  created $dff cell `$procdff$7341' with positive edge clock.
Creating register for signal `\x1_y5_kimi.\accum_bank[53]' using process `\x1_y5_kimi.$proc$experiments/x1/rtl/x1_y5_kimi.v:149$199'.
  created $dff cell `$procdff$7342' with positive edge clock.
Creating register for signal `\x1_y5_kimi.\accum_bank[54]' using process `\x1_y5_kimi.$proc$experiments/x1/rtl/x1_y5_kimi.v:149$199'.
  created $dff cell `$procdff$7343' with positive edge clock.
Creating register for signal `\x1_y5_kimi.\accum_bank[55]' using process `\x1_y5_kimi.$proc$experiments/x1/rtl/x1_y5_kimi.v:149$199'.
  created $dff cell `$procdff$7344' with positive edge clock.
Creating register for signal `\x1_y5_kimi.\accum_bank[56]' using process `\x1_y5_kimi.$proc$experiments/x1/rtl/x1_y5_kimi.v:149$199'.
  created $dff cell `$procdff$7345' with positive edge clock.
Creating register for signal `\x1_y5_kimi.\accum_bank[57]' using process `\x1_y5_kimi.$proc$experiments/x1/rtl/x1_y5_kimi.v:149$199'.
  created $dff cell `$procdff$7346' with positive edge clock.
Creating register for signal `\x1_y5_kimi.\accum_bank[58]' using process `\x1_y5_kimi.$proc$experiments/x1/rtl/x1_y5_kimi.v:149$199'.
  created $dff cell `$procdff$7347' with positive edge clock.
Creating register for signal `\x1_y5_kimi.\accum_bank[59]' using process `\x1_y5_kimi.$proc$experiments/x1/rtl/x1_y5_kimi.v:149$199'.
  created $dff cell `$procdff$7348' with positive edge clock.
Creating register for signal `\x1_y5_kimi.\accum_bank[60]' using process `\x1_y5_kimi.$proc$experiments/x1/rtl/x1_y5_kimi.v:149$199'.
  created $dff cell `$procdff$7349' with positive edge clock.
Creating register for signal `\x1_y5_kimi.\accum_bank[61]' using process `\x1_y5_kimi.$proc$experiments/x1/rtl/x1_y5_kimi.v:149$199'.
  created $dff cell `$procdff$7350' with positive edge clock.
Creating register for signal `\x1_y5_kimi.\accum_bank[62]' using process `\x1_y5_kimi.$proc$experiments/x1/rtl/x1_y5_kimi.v:149$199'.
  created $dff cell `$procdff$7351' with positive edge clock.
Creating register for signal `\x1_y5_kimi.\accum_bank[63]' using process `\x1_y5_kimi.$proc$experiments/x1/rtl/x1_y5_kimi.v:149$199'.
  created $dff cell `$procdff$7352' with positive edge clock.
Creating register for signal `\x1_y5_kimi.\accum_bank[64]' using process `\x1_y5_kimi.$proc$experiments/x1/rtl/x1_y5_kimi.v:149$199'.
  created $dff cell `$procdff$7353' with positive edge clock.
Creating register for signal `\x1_y5_kimi.\accum_bank[65]' using process `\x1_y5_kimi.$proc$experiments/x1/rtl/x1_y5_kimi.v:149$199'.
  created $dff cell `$procdff$7354' with positive edge clock.
Creating register for signal `\x1_y5_kimi.\accum_bank[66]' using process `\x1_y5_kimi.$proc$experiments/x1/rtl/x1_y5_kimi.v:149$199'.
  created $dff cell `$procdff$7355' with positive edge clock.
Creating register for signal `\x1_y5_kimi.\accum_bank[67]' using process `\x1_y5_kimi.$proc$experiments/x1/rtl/x1_y5_kimi.v:149$199'.
  created $dff cell `$procdff$7356' with positive edge clock.
Creating register for signal `\x1_y5_kimi.\accum_bank[68]' using process `\x1_y5_kimi.$proc$experiments/x1/rtl/x1_y5_kimi.v:149$199'.
  created $dff cell `$procdff$7357' with positive edge clock.
Creating register for signal `\x1_y5_kimi.\accum_bank[69]' using process `\x1_y5_kimi.$proc$experiments/x1/rtl/x1_y5_kimi.v:149$199'.
  created $dff cell `$procdff$7358' with positive edge clock.
Creating register for signal `\x1_y5_kimi.\accum_bank[70]' using process `\x1_y5_kimi.$proc$experiments/x1/rtl/x1_y5_kimi.v:149$199'.
  created $dff cell `$procdff$7359' with positive edge clock.
Creating register for signal `\x1_y5_kimi.\accum_bank[71]' using process `\x1_y5_kimi.$proc$experiments/x1/rtl/x1_y5_kimi.v:149$199'.
  created $dff cell `$procdff$7360' with positive edge clock.
Creating register for signal `\x1_y5_kimi.\accum_bank[72]' using process `\x1_y5_kimi.$proc$experiments/x1/rtl/x1_y5_kimi.v:149$199'.
  created $dff cell `$procdff$7361' with positive edge clock.
Creating register for signal `\x1_y5_kimi.\accum_bank[73]' using process `\x1_y5_kimi.$proc$experiments/x1/rtl/x1_y5_kimi.v:149$199'.
  created $dff cell `$procdff$7362' with positive edge clock.
Creating register for signal `\x1_y5_kimi.\accum_bank[74]' using process `\x1_y5_kimi.$proc$experiments/x1/rtl/x1_y5_kimi.v:149$199'.
  created $dff cell `$procdff$7363' with positive edge clock.
Creating register for signal `\x1_y5_kimi.\accum_bank[75]' using process `\x1_y5_kimi.$proc$experiments/x1/rtl/x1_y5_kimi.v:149$199'.
  created $dff cell `$procdff$7364' with positive edge clock.
Creating register for signal `\x1_y5_kimi.\accum_bank[76]' using process `\x1_y5_kimi.$proc$experiments/x1/rtl/x1_y5_kimi.v:149$199'.
  created $dff cell `$procdff$7365' with positive edge clock.
Creating register for signal `\x1_y5_kimi.\accum_bank[77]' using process `\x1_y5_kimi.$proc$experiments/x1/rtl/x1_y5_kimi.v:149$199'.
  created $dff cell `$procdff$7366' with positive edge clock.
Creating register for signal `\x1_y5_kimi.\accum_bank[78]' using process `\x1_y5_kimi.$proc$experiments/x1/rtl/x1_y5_kimi.v:149$199'.
  created $dff cell `$procdff$7367' with positive edge clock.
Creating register for signal `\x1_y5_kimi.\accum_bank[79]' using process `\x1_y5_kimi.$proc$experiments/x1/rtl/x1_y5_kimi.v:149$199'.
  created $dff cell `$procdff$7368' with positive edge clock.
Creating register for signal `\x1_y5_kimi.\accum_bank[80]' using process `\x1_y5_kimi.$proc$experiments/x1/rtl/x1_y5_kimi.v:149$199'.
  created $dff cell `$procdff$7369' with positive edge clock.
Creating register for signal `\x1_y5_kimi.\accum_bank[81]' using process `\x1_y5_kimi.$proc$experiments/x1/rtl/x1_y5_kimi.v:149$199'.
  created $dff cell `$procdff$7370' with positive edge clock.
Creating register for signal `\x1_y5_kimi.\accum_bank[82]' using process `\x1_y5_kimi.$proc$experiments/x1/rtl/x1_y5_kimi.v:149$199'.
  created $dff cell `$procdff$7371' with positive edge clock.
Creating register for signal `\x1_y5_kimi.\accum_bank[83]' using process `\x1_y5_kimi.$proc$experiments/x1/rtl/x1_y5_kimi.v:149$199'.
  created $dff cell `$procdff$7372' with positive edge clock.
Creating register for signal `\x1_y5_kimi.\accum_bank[84]' using process `\x1_y5_kimi.$proc$experiments/x1/rtl/x1_y5_kimi.v:149$199'.
  created $dff cell `$procdff$7373' with positive edge clock.
Creating register for signal `\x1_y5_kimi.\accum_bank[85]' using process `\x1_y5_kimi.$proc$experiments/x1/rtl/x1_y5_kimi.v:149$199'.
  created $dff cell `$procdff$7374' with positive edge clock.
Creating register for signal `\x1_y5_kimi.\accum_bank[86]' using process `\x1_y5_kimi.$proc$experiments/x1/rtl/x1_y5_kimi.v:149$199'.
  created $dff cell `$procdff$7375' with positive edge clock.
Creating register for signal `\x1_y5_kimi.\accum_bank[87]' using process `\x1_y5_kimi.$proc$experiments/x1/rtl/x1_y5_kimi.v:149$199'.
  created $dff cell `$procdff$7376' with positive edge clock.
Creating register for signal `\x1_y5_kimi.\accum_bank[88]' using process `\x1_y5_kimi.$proc$experiments/x1/rtl/x1_y5_kimi.v:149$199'.
  created $dff cell `$procdff$7377' with positive edge clock.
Creating register for signal `\x1_y5_kimi.\accum_bank[89]' using process `\x1_y5_kimi.$proc$experiments/x1/rtl/x1_y5_kimi.v:149$199'.
  created $dff cell `$procdff$7378' with positive edge clock.
Creating register for signal `\x1_y5_kimi.\accum_bank[90]' using process `\x1_y5_kimi.$proc$experiments/x1/rtl/x1_y5_kimi.v:149$199'.
  created $dff cell `$procdff$7379' with positive edge clock.
Creating register for signal `\x1_y5_kimi.\accum_bank[91]' using process `\x1_y5_kimi.$proc$experiments/x1/rtl/x1_y5_kimi.v:149$199'.
  created $dff cell `$procdff$7380' with positive edge clock.
Creating register for signal `\x1_y5_kimi.\accum_bank[92]' using process `\x1_y5_kimi.$proc$experiments/x1/rtl/x1_y5_kimi.v:149$199'.
  created $dff cell `$procdff$7381' with positive edge clock.
Creating register for signal `\x1_y5_kimi.\accum_bank[93]' using process `\x1_y5_kimi.$proc$experiments/x1/rtl/x1_y5_kimi.v:149$199'.
  created $dff cell `$procdff$7382' with positive edge clock.
Creating register for signal `\x1_y5_kimi.\accum_bank[94]' using process `\x1_y5_kimi.$proc$experiments/x1/rtl/x1_y5_kimi.v:149$199'.
  created $dff cell `$procdff$7383' with positive edge clock.
Creating register for signal `\x1_y5_kimi.\accum_bank[95]' using process `\x1_y5_kimi.$proc$experiments/x1/rtl/x1_y5_kimi.v:149$199'.
  created $dff cell `$procdff$7384' with positive edge clock.
Creating register for signal `\x1_y5_kimi.\accum_bank[96]' using process `\x1_y5_kimi.$proc$experiments/x1/rtl/x1_y5_kimi.v:149$199'.
  created $dff cell `$procdff$7385' with positive edge clock.
Creating register for signal `\x1_y5_kimi.\accum_bank[97]' using process `\x1_y5_kimi.$proc$experiments/x1/rtl/x1_y5_kimi.v:149$199'.
  created $dff cell `$procdff$7386' with positive edge clock.
Creating register for signal `\x1_y5_kimi.\accum_bank[98]' using process `\x1_y5_kimi.$proc$experiments/x1/rtl/x1_y5_kimi.v:149$199'.
  created $dff cell `$procdff$7387' with positive edge clock.
Creating register for signal `\x1_y5_kimi.\accum_bank[99]' using process `\x1_y5_kimi.$proc$experiments/x1/rtl/x1_y5_kimi.v:149$199'.
  created $dff cell `$procdff$7388' with positive edge clock.
Creating register for signal `\x1_y5_kimi.\accum_bank[100]' using process `\x1_y5_kimi.$proc$experiments/x1/rtl/x1_y5_kimi.v:149$199'.
  created $dff cell `$procdff$7389' with positive edge clock.
Creating register for signal `\x1_y5_kimi.\accum_bank[101]' using process `\x1_y5_kimi.$proc$experiments/x1/rtl/x1_y5_kimi.v:149$199'.
  created $dff cell `$procdff$7390' with positive edge clock.
Creating register for signal `\x1_y5_kimi.\accum_bank[102]' using process `\x1_y5_kimi.$proc$experiments/x1/rtl/x1_y5_kimi.v:149$199'.
  created $dff cell `$procdff$7391' with positive edge clock.
Creating register for signal `\x1_y5_kimi.\accum_bank[103]' using process `\x1_y5_kimi.$proc$experiments/x1/rtl/x1_y5_kimi.v:149$199'.
  created $dff cell `$procdff$7392' with positive edge clock.
Creating register for signal `\x1_y5_kimi.\accum_bank[104]' using process `\x1_y5_kimi.$proc$experiments/x1/rtl/x1_y5_kimi.v:149$199'.
  created $dff cell `$procdff$7393' with positive edge clock.
Creating register for signal `\x1_y5_kimi.\accum_bank[105]' using process `\x1_y5_kimi.$proc$experiments/x1/rtl/x1_y5_kimi.v:149$199'.
  created $dff cell `$procdff$7394' with positive edge clock.
Creating register for signal `\x1_y5_kimi.\accum_bank[106]' using process `\x1_y5_kimi.$proc$experiments/x1/rtl/x1_y5_kimi.v:149$199'.
  created $dff cell `$procdff$7395' with positive edge clock.
Creating register for signal `\x1_y5_kimi.\accum_bank[107]' using process `\x1_y5_kimi.$proc$experiments/x1/rtl/x1_y5_kimi.v:149$199'.
  created $dff cell `$procdff$7396' with positive edge clock.
Creating register for signal `\x1_y5_kimi.\accum_bank[108]' using process `\x1_y5_kimi.$proc$experiments/x1/rtl/x1_y5_kimi.v:149$199'.
  created $dff cell `$procdff$7397' with positive edge clock.
Creating register for signal `\x1_y5_kimi.\accum_bank[109]' using process `\x1_y5_kimi.$proc$experiments/x1/rtl/x1_y5_kimi.v:149$199'.
  created $dff cell `$procdff$7398' with positive edge clock.
Creating register for signal `\x1_y5_kimi.\accum_bank[110]' using process `\x1_y5_kimi.$proc$experiments/x1/rtl/x1_y5_kimi.v:149$199'.
  created $dff cell `$procdff$7399' with positive edge clock.
Creating register for signal `\x1_y5_kimi.\accum_bank[111]' using process `\x1_y5_kimi.$proc$experiments/x1/rtl/x1_y5_kimi.v:149$199'.
  created $dff cell `$procdff$7400' with positive edge clock.
Creating register for signal `\x1_y5_kimi.\accum_bank[112]' using process `\x1_y5_kimi.$proc$experiments/x1/rtl/x1_y5_kimi.v:149$199'.
  created $dff cell `$procdff$7401' with positive edge clock.
Creating register for signal `\x1_y5_kimi.\accum_bank[113]' using process `\x1_y5_kimi.$proc$experiments/x1/rtl/x1_y5_kimi.v:149$199'.
  created $dff cell `$procdff$7402' with positive edge clock.
Creating register for signal `\x1_y5_kimi.\accum_bank[114]' using process `\x1_y5_kimi.$proc$experiments/x1/rtl/x1_y5_kimi.v:149$199'.
  created $dff cell `$procdff$7403' with positive edge clock.
Creating register for signal `\x1_y5_kimi.\accum_bank[115]' using process `\x1_y5_kimi.$proc$experiments/x1/rtl/x1_y5_kimi.v:149$199'.
  created $dff cell `$procdff$7404' with positive edge clock.
Creating register for signal `\x1_y5_kimi.\accum_bank[116]' using process `\x1_y5_kimi.$proc$experiments/x1/rtl/x1_y5_kimi.v:149$199'.
  created $dff cell `$procdff$7405' with positive edge clock.
Creating register for signal `\x1_y5_kimi.\accum_bank[117]' using process `\x1_y5_kimi.$proc$experiments/x1/rtl/x1_y5_kimi.v:149$199'.
  created $dff cell `$procdff$7406' with positive edge clock.
Creating register for signal `\x1_y5_kimi.\accum_bank[118]' using process `\x1_y5_kimi.$proc$experiments/x1/rtl/x1_y5_kimi.v:149$199'.
  created $dff cell `$procdff$7407' with positive edge clock.
Creating register for signal `\x1_y5_kimi.\accum_bank[119]' using process `\x1_y5_kimi.$proc$experiments/x1/rtl/x1_y5_kimi.v:149$199'.
  created $dff cell `$procdff$7408' with positive edge clock.
Creating register for signal `\x1_y5_kimi.\accum_bank[120]' using process `\x1_y5_kimi.$proc$experiments/x1/rtl/x1_y5_kimi.v:149$199'.
  created $dff cell `$procdff$7409' with positive edge clock.
Creating register for signal `\x1_y5_kimi.\accum_bank[121]' using process `\x1_y5_kimi.$proc$experiments/x1/rtl/x1_y5_kimi.v:149$199'.
  created $dff cell `$procdff$7410' with positive edge clock.
Creating register for signal `\x1_y5_kimi.\accum_bank[122]' using process `\x1_y5_kimi.$proc$experiments/x1/rtl/x1_y5_kimi.v:149$199'.
  created $dff cell `$procdff$7411' with positive edge clock.
Creating register for signal `\x1_y5_kimi.\accum_bank[123]' using process `\x1_y5_kimi.$proc$experiments/x1/rtl/x1_y5_kimi.v:149$199'.
  created $dff cell `$procdff$7412' with positive edge clock.
Creating register for signal `\x1_y5_kimi.\accum_bank[124]' using process `\x1_y5_kimi.$proc$experiments/x1/rtl/x1_y5_kimi.v:149$199'.
  created $dff cell `$procdff$7413' with positive edge clock.
Creating register for signal `\x1_y5_kimi.\accum_bank[125]' using process `\x1_y5_kimi.$proc$experiments/x1/rtl/x1_y5_kimi.v:149$199'.
  created $dff cell `$procdff$7414' with positive edge clock.
Creating register for signal `\x1_y5_kimi.\accum_bank[126]' using process `\x1_y5_kimi.$proc$experiments/x1/rtl/x1_y5_kimi.v:149$199'.
  created $dff cell `$procdff$7415' with positive edge clock.
Creating register for signal `\x1_y5_kimi.\accum_bank[127]' using process `\x1_y5_kimi.$proc$experiments/x1/rtl/x1_y5_kimi.v:149$199'.
  created $dff cell `$procdff$7416' with positive edge clock.
Creating register for signal `\x1_y5_kimi.\accum_bank[128]' using process `\x1_y5_kimi.$proc$experiments/x1/rtl/x1_y5_kimi.v:149$199'.
  created $dff cell `$procdff$7417' with positive edge clock.
Creating register for signal `\x1_y5_kimi.\accum_bank[129]' using process `\x1_y5_kimi.$proc$experiments/x1/rtl/x1_y5_kimi.v:149$199'.
  created $dff cell `$procdff$7418' with positive edge clock.
Creating register for signal `\x1_y5_kimi.\accum_bank[130]' using process `\x1_y5_kimi.$proc$experiments/x1/rtl/x1_y5_kimi.v:149$199'.
  created $dff cell `$procdff$7419' with positive edge clock.
Creating register for signal `\x1_y5_kimi.\accum_bank[131]' using process `\x1_y5_kimi.$proc$experiments/x1/rtl/x1_y5_kimi.v:149$199'.
  created $dff cell `$procdff$7420' with positive edge clock.
Creating register for signal `\x1_y5_kimi.\accum_bank[132]' using process `\x1_y5_kimi.$proc$experiments/x1/rtl/x1_y5_kimi.v:149$199'.
  created $dff cell `$procdff$7421' with positive edge clock.
Creating register for signal `\x1_y5_kimi.\accum_bank[133]' using process `\x1_y5_kimi.$proc$experiments/x1/rtl/x1_y5_kimi.v:149$199'.
  created $dff cell `$procdff$7422' with positive edge clock.
Creating register for signal `\x1_y5_kimi.\accum_bank[134]' using process `\x1_y5_kimi.$proc$experiments/x1/rtl/x1_y5_kimi.v:149$199'.
  created $dff cell `$procdff$7423' with positive edge clock.
Creating register for signal `\x1_y5_kimi.\accum_bank[135]' using process `\x1_y5_kimi.$proc$experiments/x1/rtl/x1_y5_kimi.v:149$199'.
  created $dff cell `$procdff$7424' with positive edge clock.
Creating register for signal `\x1_y5_kimi.\accum_bank[136]' using process `\x1_y5_kimi.$proc$experiments/x1/rtl/x1_y5_kimi.v:149$199'.
  created $dff cell `$procdff$7425' with positive edge clock.
Creating register for signal `\x1_y5_kimi.\accum_bank[137]' using process `\x1_y5_kimi.$proc$experiments/x1/rtl/x1_y5_kimi.v:149$199'.
  created $dff cell `$procdff$7426' with positive edge clock.
Creating register for signal `\x1_y5_kimi.\accum_bank[138]' using process `\x1_y5_kimi.$proc$experiments/x1/rtl/x1_y5_kimi.v:149$199'.
  created $dff cell `$procdff$7427' with positive edge clock.
Creating register for signal `\x1_y5_kimi.\accum_bank[139]' using process `\x1_y5_kimi.$proc$experiments/x1/rtl/x1_y5_kimi.v:149$199'.
  created $dff cell `$procdff$7428' with positive edge clock.
Creating register for signal `\x1_y5_kimi.\accum_bank[140]' using process `\x1_y5_kimi.$proc$experiments/x1/rtl/x1_y5_kimi.v:149$199'.
  created $dff cell `$procdff$7429' with positive edge clock.
Creating register for signal `\x1_y5_kimi.\accum_bank[141]' using process `\x1_y5_kimi.$proc$experiments/x1/rtl/x1_y5_kimi.v:149$199'.
  created $dff cell `$procdff$7430' with positive edge clock.
Creating register for signal `\x1_y5_kimi.\accum_bank[142]' using process `\x1_y5_kimi.$proc$experiments/x1/rtl/x1_y5_kimi.v:149$199'.
  created $dff cell `$procdff$7431' with positive edge clock.
Creating register for signal `\x1_y5_kimi.\accum_bank[143]' using process `\x1_y5_kimi.$proc$experiments/x1/rtl/x1_y5_kimi.v:149$199'.
  created $dff cell `$procdff$7432' with positive edge clock.
Creating register for signal `\x1_y5_kimi.\accum_bank[144]' using process `\x1_y5_kimi.$proc$experiments/x1/rtl/x1_y5_kimi.v:149$199'.
  created $dff cell `$procdff$7433' with positive edge clock.
Creating register for signal `\x1_y5_kimi.\accum_bank[145]' using process `\x1_y5_kimi.$proc$experiments/x1/rtl/x1_y5_kimi.v:149$199'.
  created $dff cell `$procdff$7434' with positive edge clock.
Creating register for signal `\x1_y5_kimi.\accum_bank[146]' using process `\x1_y5_kimi.$proc$experiments/x1/rtl/x1_y5_kimi.v:149$199'.
  created $dff cell `$procdff$7435' with positive edge clock.
Creating register for signal `\x1_y5_kimi.\accum_bank[147]' using process `\x1_y5_kimi.$proc$experiments/x1/rtl/x1_y5_kimi.v:149$199'.
  created $dff cell `$procdff$7436' with positive edge clock.
Creating register for signal `\x1_y5_kimi.\accum_bank[148]' using process `\x1_y5_kimi.$proc$experiments/x1/rtl/x1_y5_kimi.v:149$199'.
  created $dff cell `$procdff$7437' with positive edge clock.
Creating register for signal `\x1_y5_kimi.\accum_bank[149]' using process `\x1_y5_kimi.$proc$experiments/x1/rtl/x1_y5_kimi.v:149$199'.
  created $dff cell `$procdff$7438' with positive edge clock.
Creating register for signal `\x1_y5_kimi.\accum_bank[150]' using process `\x1_y5_kimi.$proc$experiments/x1/rtl/x1_y5_kimi.v:149$199'.
  created $dff cell `$procdff$7439' with positive edge clock.
Creating register for signal `\x1_y5_kimi.\accum_bank[151]' using process `\x1_y5_kimi.$proc$experiments/x1/rtl/x1_y5_kimi.v:149$199'.
  created $dff cell `$procdff$7440' with positive edge clock.
Creating register for signal `\x1_y5_kimi.\accum_bank[152]' using process `\x1_y5_kimi.$proc$experiments/x1/rtl/x1_y5_kimi.v:149$199'.
  created $dff cell `$procdff$7441' with positive edge clock.
Creating register for signal `\x1_y5_kimi.\accum_bank[153]' using process `\x1_y5_kimi.$proc$experiments/x1/rtl/x1_y5_kimi.v:149$199'.
  created $dff cell `$procdff$7442' with positive edge clock.
Creating register for signal `\x1_y5_kimi.\accum_bank[154]' using process `\x1_y5_kimi.$proc$experiments/x1/rtl/x1_y5_kimi.v:149$199'.
  created $dff cell `$procdff$7443' with positive edge clock.
Creating register for signal `\x1_y5_kimi.\accum_bank[155]' using process `\x1_y5_kimi.$proc$experiments/x1/rtl/x1_y5_kimi.v:149$199'.
  created $dff cell `$procdff$7444' with positive edge clock.
Creating register for signal `\x1_y5_kimi.\accum_bank[156]' using process `\x1_y5_kimi.$proc$experiments/x1/rtl/x1_y5_kimi.v:149$199'.
  created $dff cell `$procdff$7445' with positive edge clock.
Creating register for signal `\x1_y5_kimi.\accum_bank[157]' using process `\x1_y5_kimi.$proc$experiments/x1/rtl/x1_y5_kimi.v:149$199'.
  created $dff cell `$procdff$7446' with positive edge clock.
Creating register for signal `\x1_y5_kimi.\accum_bank[158]' using process `\x1_y5_kimi.$proc$experiments/x1/rtl/x1_y5_kimi.v:149$199'.
  created $dff cell `$procdff$7447' with positive edge clock.
Creating register for signal `\x1_y5_kimi.\accum_bank[159]' using process `\x1_y5_kimi.$proc$experiments/x1/rtl/x1_y5_kimi.v:149$199'.
  created $dff cell `$procdff$7448' with positive edge clock.
Creating register for signal `\x1_y5_kimi.\accum_bank[160]' using process `\x1_y5_kimi.$proc$experiments/x1/rtl/x1_y5_kimi.v:149$199'.
  created $dff cell `$procdff$7449' with positive edge clock.
Creating register for signal `\x1_y5_kimi.\accum_bank[161]' using process `\x1_y5_kimi.$proc$experiments/x1/rtl/x1_y5_kimi.v:149$199'.
  created $dff cell `$procdff$7450' with positive edge clock.
Creating register for signal `\x1_y5_kimi.\accum_bank[162]' using process `\x1_y5_kimi.$proc$experiments/x1/rtl/x1_y5_kimi.v:149$199'.
  created $dff cell `$procdff$7451' with positive edge clock.
Creating register for signal `\x1_y5_kimi.\accum_bank[163]' using process `\x1_y5_kimi.$proc$experiments/x1/rtl/x1_y5_kimi.v:149$199'.
  created $dff cell `$procdff$7452' with positive edge clock.
Creating register for signal `\x1_y5_kimi.\accum_bank[164]' using process `\x1_y5_kimi.$proc$experiments/x1/rtl/x1_y5_kimi.v:149$199'.
  created $dff cell `$procdff$7453' with positive edge clock.
Creating register for signal `\x1_y5_kimi.\accum_bank[165]' using process `\x1_y5_kimi.$proc$experiments/x1/rtl/x1_y5_kimi.v:149$199'.
  created $dff cell `$procdff$7454' with positive edge clock.
Creating register for signal `\x1_y5_kimi.\accum_bank[166]' using process `\x1_y5_kimi.$proc$experiments/x1/rtl/x1_y5_kimi.v:149$199'.
  created $dff cell `$procdff$7455' with positive edge clock.
Creating register for signal `\x1_y5_kimi.\accum_bank[167]' using process `\x1_y5_kimi.$proc$experiments/x1/rtl/x1_y5_kimi.v:149$199'.
  created $dff cell `$procdff$7456' with positive edge clock.
Creating register for signal `\x1_y5_kimi.\accum_bank[168]' using process `\x1_y5_kimi.$proc$experiments/x1/rtl/x1_y5_kimi.v:149$199'.
  created $dff cell `$procdff$7457' with positive edge clock.
Creating register for signal `\x1_y5_kimi.\accum_bank[169]' using process `\x1_y5_kimi.$proc$experiments/x1/rtl/x1_y5_kimi.v:149$199'.
  created $dff cell `$procdff$7458' with positive edge clock.
Creating register for signal `\x1_y5_kimi.\accum_bank[170]' using process `\x1_y5_kimi.$proc$experiments/x1/rtl/x1_y5_kimi.v:149$199'.
  created $dff cell `$procdff$7459' with positive edge clock.
Creating register for signal `\x1_y5_kimi.\accum_bank[171]' using process `\x1_y5_kimi.$proc$experiments/x1/rtl/x1_y5_kimi.v:149$199'.
  created $dff cell `$procdff$7460' with positive edge clock.
Creating register for signal `\x1_y5_kimi.\accum_bank[172]' using process `\x1_y5_kimi.$proc$experiments/x1/rtl/x1_y5_kimi.v:149$199'.
  created $dff cell `$procdff$7461' with positive edge clock.
Creating register for signal `\x1_y5_kimi.\accum_bank[173]' using process `\x1_y5_kimi.$proc$experiments/x1/rtl/x1_y5_kimi.v:149$199'.
  created $dff cell `$procdff$7462' with positive edge clock.
Creating register for signal `\x1_y5_kimi.\accum_bank[174]' using process `\x1_y5_kimi.$proc$experiments/x1/rtl/x1_y5_kimi.v:149$199'.
  created $dff cell `$procdff$7463' with positive edge clock.
Creating register for signal `\x1_y5_kimi.\accum_bank[175]' using process `\x1_y5_kimi.$proc$experiments/x1/rtl/x1_y5_kimi.v:149$199'.
  created $dff cell `$procdff$7464' with positive edge clock.
Creating register for signal `\x1_y5_kimi.\accum_bank[176]' using process `\x1_y5_kimi.$proc$experiments/x1/rtl/x1_y5_kimi.v:149$199'.
  created $dff cell `$procdff$7465' with positive edge clock.
Creating register for signal `\x1_y5_kimi.\accum_bank[177]' using process `\x1_y5_kimi.$proc$experiments/x1/rtl/x1_y5_kimi.v:149$199'.
  created $dff cell `$procdff$7466' with positive edge clock.
Creating register for signal `\x1_y5_kimi.\accum_bank[178]' using process `\x1_y5_kimi.$proc$experiments/x1/rtl/x1_y5_kimi.v:149$199'.
  created $dff cell `$procdff$7467' with positive edge clock.
Creating register for signal `\x1_y5_kimi.\accum_bank[179]' using process `\x1_y5_kimi.$proc$experiments/x1/rtl/x1_y5_kimi.v:149$199'.
  created $dff cell `$procdff$7468' with positive edge clock.
Creating register for signal `\x1_y5_kimi.\accum_bank[180]' using process `\x1_y5_kimi.$proc$experiments/x1/rtl/x1_y5_kimi.v:149$199'.
  created $dff cell `$procdff$7469' with positive edge clock.
Creating register for signal `\x1_y5_kimi.\accum_bank[181]' using process `\x1_y5_kimi.$proc$experiments/x1/rtl/x1_y5_kimi.v:149$199'.
  created $dff cell `$procdff$7470' with positive edge clock.
Creating register for signal `\x1_y5_kimi.\accum_bank[182]' using process `\x1_y5_kimi.$proc$experiments/x1/rtl/x1_y5_kimi.v:149$199'.
  created $dff cell `$procdff$7471' with positive edge clock.
Creating register for signal `\x1_y5_kimi.\accum_bank[183]' using process `\x1_y5_kimi.$proc$experiments/x1/rtl/x1_y5_kimi.v:149$199'.
  created $dff cell `$procdff$7472' with positive edge clock.
Creating register for signal `\x1_y5_kimi.\accum_bank[184]' using process `\x1_y5_kimi.$proc$experiments/x1/rtl/x1_y5_kimi.v:149$199'.
  created $dff cell `$procdff$7473' with positive edge clock.
Creating register for signal `\x1_y5_kimi.\accum_bank[185]' using process `\x1_y5_kimi.$proc$experiments/x1/rtl/x1_y5_kimi.v:149$199'.
  created $dff cell `$procdff$7474' with positive edge clock.
Creating register for signal `\x1_y5_kimi.\accum_bank[186]' using process `\x1_y5_kimi.$proc$experiments/x1/rtl/x1_y5_kimi.v:149$199'.
  created $dff cell `$procdff$7475' with positive edge clock.
Creating register for signal `\x1_y5_kimi.\accum_bank[187]' using process `\x1_y5_kimi.$proc$experiments/x1/rtl/x1_y5_kimi.v:149$199'.
  created $dff cell `$procdff$7476' with positive edge clock.
Creating register for signal `\x1_y5_kimi.\accum_bank[188]' using process `\x1_y5_kimi.$proc$experiments/x1/rtl/x1_y5_kimi.v:149$199'.
  created $dff cell `$procdff$7477' with positive edge clock.
Creating register for signal `\x1_y5_kimi.\accum_bank[189]' using process `\x1_y5_kimi.$proc$experiments/x1/rtl/x1_y5_kimi.v:149$199'.
  created $dff cell `$procdff$7478' with positive edge clock.
Creating register for signal `\x1_y5_kimi.\accum_bank[190]' using process `\x1_y5_kimi.$proc$experiments/x1/rtl/x1_y5_kimi.v:149$199'.
  created $dff cell `$procdff$7479' with positive edge clock.
Creating register for signal `\x1_y5_kimi.\accum_bank[191]' using process `\x1_y5_kimi.$proc$experiments/x1/rtl/x1_y5_kimi.v:149$199'.
  created $dff cell `$procdff$7480' with positive edge clock.
Creating register for signal `\x1_y5_kimi.\accum_bank[192]' using process `\x1_y5_kimi.$proc$experiments/x1/rtl/x1_y5_kimi.v:149$199'.
  created $dff cell `$procdff$7481' with positive edge clock.
Creating register for signal `\x1_y5_kimi.\accum_bank[193]' using process `\x1_y5_kimi.$proc$experiments/x1/rtl/x1_y5_kimi.v:149$199'.
  created $dff cell `$procdff$7482' with positive edge clock.
Creating register for signal `\x1_y5_kimi.\accum_bank[194]' using process `\x1_y5_kimi.$proc$experiments/x1/rtl/x1_y5_kimi.v:149$199'.
  created $dff cell `$procdff$7483' with positive edge clock.
Creating register for signal `\x1_y5_kimi.\accum_bank[195]' using process `\x1_y5_kimi.$proc$experiments/x1/rtl/x1_y5_kimi.v:149$199'.
  created $dff cell `$procdff$7484' with positive edge clock.
Creating register for signal `\x1_y5_kimi.\accum_bank[196]' using process `\x1_y5_kimi.$proc$experiments/x1/rtl/x1_y5_kimi.v:149$199'.
  created $dff cell `$procdff$7485' with positive edge clock.
Creating register for signal `\x1_y5_kimi.\accum_bank[197]' using process `\x1_y5_kimi.$proc$experiments/x1/rtl/x1_y5_kimi.v:149$199'.
  created $dff cell `$procdff$7486' with positive edge clock.
Creating register for signal `\x1_y5_kimi.\accum_bank[198]' using process `\x1_y5_kimi.$proc$experiments/x1/rtl/x1_y5_kimi.v:149$199'.
  created $dff cell `$procdff$7487' with positive edge clock.
Creating register for signal `\x1_y5_kimi.\accum_bank[199]' using process `\x1_y5_kimi.$proc$experiments/x1/rtl/x1_y5_kimi.v:149$199'.
  created $dff cell `$procdff$7488' with positive edge clock.
Creating register for signal `\x1_y5_kimi.\accum_bank[200]' using process `\x1_y5_kimi.$proc$experiments/x1/rtl/x1_y5_kimi.v:149$199'.
  created $dff cell `$procdff$7489' with positive edge clock.
Creating register for signal `\x1_y5_kimi.\accum_bank[201]' using process `\x1_y5_kimi.$proc$experiments/x1/rtl/x1_y5_kimi.v:149$199'.
  created $dff cell `$procdff$7490' with positive edge clock.
Creating register for signal `\x1_y5_kimi.\accum_bank[202]' using process `\x1_y5_kimi.$proc$experiments/x1/rtl/x1_y5_kimi.v:149$199'.
  created $dff cell `$procdff$7491' with positive edge clock.
Creating register for signal `\x1_y5_kimi.\accum_bank[203]' using process `\x1_y5_kimi.$proc$experiments/x1/rtl/x1_y5_kimi.v:149$199'.
  created $dff cell `$procdff$7492' with positive edge clock.
Creating register for signal `\x1_y5_kimi.\accum_bank[204]' using process `\x1_y5_kimi.$proc$experiments/x1/rtl/x1_y5_kimi.v:149$199'.
  created $dff cell `$procdff$7493' with positive edge clock.
Creating register for signal `\x1_y5_kimi.\accum_bank[205]' using process `\x1_y5_kimi.$proc$experiments/x1/rtl/x1_y5_kimi.v:149$199'.
  created $dff cell `$procdff$7494' with positive edge clock.
Creating register for signal `\x1_y5_kimi.\accum_bank[206]' using process `\x1_y5_kimi.$proc$experiments/x1/rtl/x1_y5_kimi.v:149$199'.
  created $dff cell `$procdff$7495' with positive edge clock.
Creating register for signal `\x1_y5_kimi.\accum_bank[207]' using process `\x1_y5_kimi.$proc$experiments/x1/rtl/x1_y5_kimi.v:149$199'.
  created $dff cell `$procdff$7496' with positive edge clock.
Creating register for signal `\x1_y5_kimi.\accum_bank[208]' using process `\x1_y5_kimi.$proc$experiments/x1/rtl/x1_y5_kimi.v:149$199'.
  created $dff cell `$procdff$7497' with positive edge clock.
Creating register for signal `\x1_y5_kimi.\accum_bank[209]' using process `\x1_y5_kimi.$proc$experiments/x1/rtl/x1_y5_kimi.v:149$199'.
  created $dff cell `$procdff$7498' with positive edge clock.
Creating register for signal `\x1_y5_kimi.\accum_bank[210]' using process `\x1_y5_kimi.$proc$experiments/x1/rtl/x1_y5_kimi.v:149$199'.
  created $dff cell `$procdff$7499' with positive edge clock.
Creating register for signal `\x1_y5_kimi.\accum_bank[211]' using process `\x1_y5_kimi.$proc$experiments/x1/rtl/x1_y5_kimi.v:149$199'.
  created $dff cell `$procdff$7500' with positive edge clock.
Creating register for signal `\x1_y5_kimi.\accum_bank[212]' using process `\x1_y5_kimi.$proc$experiments/x1/rtl/x1_y5_kimi.v:149$199'.
  created $dff cell `$procdff$7501' with positive edge clock.
Creating register for signal `\x1_y5_kimi.\accum_bank[213]' using process `\x1_y5_kimi.$proc$experiments/x1/rtl/x1_y5_kimi.v:149$199'.
  created $dff cell `$procdff$7502' with positive edge clock.
Creating register for signal `\x1_y5_kimi.\accum_bank[214]' using process `\x1_y5_kimi.$proc$experiments/x1/rtl/x1_y5_kimi.v:149$199'.
  created $dff cell `$procdff$7503' with positive edge clock.
Creating register for signal `\x1_y5_kimi.\accum_bank[215]' using process `\x1_y5_kimi.$proc$experiments/x1/rtl/x1_y5_kimi.v:149$199'.
  created $dff cell `$procdff$7504' with positive edge clock.
Creating register for signal `\x1_y5_kimi.\accum_bank[216]' using process `\x1_y5_kimi.$proc$experiments/x1/rtl/x1_y5_kimi.v:149$199'.
  created $dff cell `$procdff$7505' with positive edge clock.
Creating register for signal `\x1_y5_kimi.\accum_bank[217]' using process `\x1_y5_kimi.$proc$experiments/x1/rtl/x1_y5_kimi.v:149$199'.
  created $dff cell `$procdff$7506' with positive edge clock.
Creating register for signal `\x1_y5_kimi.\accum_bank[218]' using process `\x1_y5_kimi.$proc$experiments/x1/rtl/x1_y5_kimi.v:149$199'.
  created $dff cell `$procdff$7507' with positive edge clock.
Creating register for signal `\x1_y5_kimi.\accum_bank[219]' using process `\x1_y5_kimi.$proc$experiments/x1/rtl/x1_y5_kimi.v:149$199'.
  created $dff cell `$procdff$7508' with positive edge clock.
Creating register for signal `\x1_y5_kimi.\accum_bank[220]' using process `\x1_y5_kimi.$proc$experiments/x1/rtl/x1_y5_kimi.v:149$199'.
  created $dff cell `$procdff$7509' with positive edge clock.
Creating register for signal `\x1_y5_kimi.\accum_bank[221]' using process `\x1_y5_kimi.$proc$experiments/x1/rtl/x1_y5_kimi.v:149$199'.
  created $dff cell `$procdff$7510' with positive edge clock.
Creating register for signal `\x1_y5_kimi.\accum_bank[222]' using process `\x1_y5_kimi.$proc$experiments/x1/rtl/x1_y5_kimi.v:149$199'.
  created $dff cell `$procdff$7511' with positive edge clock.
Creating register for signal `\x1_y5_kimi.\accum_bank[223]' using process `\x1_y5_kimi.$proc$experiments/x1/rtl/x1_y5_kimi.v:149$199'.
  created $dff cell `$procdff$7512' with positive edge clock.
Creating register for signal `\x1_y5_kimi.\accum_bank[224]' using process `\x1_y5_kimi.$proc$experiments/x1/rtl/x1_y5_kimi.v:149$199'.
  created $dff cell `$procdff$7513' with positive edge clock.
Creating register for signal `\x1_y5_kimi.\accum_bank[225]' using process `\x1_y5_kimi.$proc$experiments/x1/rtl/x1_y5_kimi.v:149$199'.
  created $dff cell `$procdff$7514' with positive edge clock.
Creating register for signal `\x1_y5_kimi.\accum_bank[226]' using process `\x1_y5_kimi.$proc$experiments/x1/rtl/x1_y5_kimi.v:149$199'.
  created $dff cell `$procdff$7515' with positive edge clock.
Creating register for signal `\x1_y5_kimi.\accum_bank[227]' using process `\x1_y5_kimi.$proc$experiments/x1/rtl/x1_y5_kimi.v:149$199'.
  created $dff cell `$procdff$7516' with positive edge clock.
Creating register for signal `\x1_y5_kimi.\accum_bank[228]' using process `\x1_y5_kimi.$proc$experiments/x1/rtl/x1_y5_kimi.v:149$199'.
  created $dff cell `$procdff$7517' with positive edge clock.
Creating register for signal `\x1_y5_kimi.\accum_bank[229]' using process `\x1_y5_kimi.$proc$experiments/x1/rtl/x1_y5_kimi.v:149$199'.
  created $dff cell `$procdff$7518' with positive edge clock.
Creating register for signal `\x1_y5_kimi.\accum_bank[230]' using process `\x1_y5_kimi.$proc$experiments/x1/rtl/x1_y5_kimi.v:149$199'.
  created $dff cell `$procdff$7519' with positive edge clock.
Creating register for signal `\x1_y5_kimi.\accum_bank[231]' using process `\x1_y5_kimi.$proc$experiments/x1/rtl/x1_y5_kimi.v:149$199'.
  created $dff cell `$procdff$7520' with positive edge clock.
Creating register for signal `\x1_y5_kimi.\accum_bank[232]' using process `\x1_y5_kimi.$proc$experiments/x1/rtl/x1_y5_kimi.v:149$199'.
  created $dff cell `$procdff$7521' with positive edge clock.
Creating register for signal `\x1_y5_kimi.\accum_bank[233]' using process `\x1_y5_kimi.$proc$experiments/x1/rtl/x1_y5_kimi.v:149$199'.
  created $dff cell `$procdff$7522' with positive edge clock.
Creating register for signal `\x1_y5_kimi.\accum_bank[234]' using process `\x1_y5_kimi.$proc$experiments/x1/rtl/x1_y5_kimi.v:149$199'.
  created $dff cell `$procdff$7523' with positive edge clock.
Creating register for signal `\x1_y5_kimi.\accum_bank[235]' using process `\x1_y5_kimi.$proc$experiments/x1/rtl/x1_y5_kimi.v:149$199'.
  created $dff cell `$procdff$7524' with positive edge clock.
Creating register for signal `\x1_y5_kimi.\accum_bank[236]' using process `\x1_y5_kimi.$proc$experiments/x1/rtl/x1_y5_kimi.v:149$199'.
  created $dff cell `$procdff$7525' with positive edge clock.
Creating register for signal `\x1_y5_kimi.\accum_bank[237]' using process `\x1_y5_kimi.$proc$experiments/x1/rtl/x1_y5_kimi.v:149$199'.
  created $dff cell `$procdff$7526' with positive edge clock.
Creating register for signal `\x1_y5_kimi.\accum_bank[238]' using process `\x1_y5_kimi.$proc$experiments/x1/rtl/x1_y5_kimi.v:149$199'.
  created $dff cell `$procdff$7527' with positive edge clock.
Creating register for signal `\x1_y5_kimi.\accum_bank[239]' using process `\x1_y5_kimi.$proc$experiments/x1/rtl/x1_y5_kimi.v:149$199'.
  created $dff cell `$procdff$7528' with positive edge clock.
Creating register for signal `\x1_y5_kimi.\accum_bank[240]' using process `\x1_y5_kimi.$proc$experiments/x1/rtl/x1_y5_kimi.v:149$199'.
  created $dff cell `$procdff$7529' with positive edge clock.
Creating register for signal `\x1_y5_kimi.\accum_bank[241]' using process `\x1_y5_kimi.$proc$experiments/x1/rtl/x1_y5_kimi.v:149$199'.
  created $dff cell `$procdff$7530' with positive edge clock.
Creating register for signal `\x1_y5_kimi.\accum_bank[242]' using process `\x1_y5_kimi.$proc$experiments/x1/rtl/x1_y5_kimi.v:149$199'.
  created $dff cell `$procdff$7531' with positive edge clock.
Creating register for signal `\x1_y5_kimi.\accum_bank[243]' using process `\x1_y5_kimi.$proc$experiments/x1/rtl/x1_y5_kimi.v:149$199'.
  created $dff cell `$procdff$7532' with positive edge clock.
Creating register for signal `\x1_y5_kimi.\accum_bank[244]' using process `\x1_y5_kimi.$proc$experiments/x1/rtl/x1_y5_kimi.v:149$199'.
  created $dff cell `$procdff$7533' with positive edge clock.
Creating register for signal `\x1_y5_kimi.\accum_bank[245]' using process `\x1_y5_kimi.$proc$experiments/x1/rtl/x1_y5_kimi.v:149$199'.
  created $dff cell `$procdff$7534' with positive edge clock.
Creating register for signal `\x1_y5_kimi.\accum_bank[246]' using process `\x1_y5_kimi.$proc$experiments/x1/rtl/x1_y5_kimi.v:149$199'.
  created $dff cell `$procdff$7535' with positive edge clock.
Creating register for signal `\x1_y5_kimi.\accum_bank[247]' using process `\x1_y5_kimi.$proc$experiments/x1/rtl/x1_y5_kimi.v:149$199'.
  created $dff cell `$procdff$7536' with positive edge clock.
Creating register for signal `\x1_y5_kimi.\accum_bank[248]' using process `\x1_y5_kimi.$proc$experiments/x1/rtl/x1_y5_kimi.v:149$199'.
  created $dff cell `$procdff$7537' with positive edge clock.
Creating register for signal `\x1_y5_kimi.\accum_bank[249]' using process `\x1_y5_kimi.$proc$experiments/x1/rtl/x1_y5_kimi.v:149$199'.
  created $dff cell `$procdff$7538' with positive edge clock.
Creating register for signal `\x1_y5_kimi.\accum_bank[250]' using process `\x1_y5_kimi.$proc$experiments/x1/rtl/x1_y5_kimi.v:149$199'.
  created $dff cell `$procdff$7539' with positive edge clock.
Creating register for signal `\x1_y5_kimi.\accum_bank[251]' using process `\x1_y5_kimi.$proc$experiments/x1/rtl/x1_y5_kimi.v:149$199'.
  created $dff cell `$procdff$7540' with positive edge clock.
Creating register for signal `\x1_y5_kimi.\accum_bank[252]' using process `\x1_y5_kimi.$proc$experiments/x1/rtl/x1_y5_kimi.v:149$199'.
  created $dff cell `$procdff$7541' with positive edge clock.
Creating register for signal `\x1_y5_kimi.\accum_bank[253]' using process `\x1_y5_kimi.$proc$experiments/x1/rtl/x1_y5_kimi.v:149$199'.
  created $dff cell `$procdff$7542' with positive edge clock.
Creating register for signal `\x1_y5_kimi.\accum_bank[254]' using process `\x1_y5_kimi.$proc$experiments/x1/rtl/x1_y5_kimi.v:149$199'.
  created $dff cell `$procdff$7543' with positive edge clock.
Creating register for signal `\x1_y5_kimi.\accum_bank[255]' using process `\x1_y5_kimi.$proc$experiments/x1/rtl/x1_y5_kimi.v:149$199'.
  created $dff cell `$procdff$7544' with positive edge clock.
Creating register for signal `\x1_y5_kimi.\out_we' using process `\x1_y5_kimi.$proc$experiments/x1/rtl/x1_y5_kimi.v:63$26'.
  created $adff cell `$procdff$7545' with positive edge clock and negative level reset.
Creating register for signal `\x1_y5_kimi.\out_addr' using process `\x1_y5_kimi.$proc$experiments/x1/rtl/x1_y5_kimi.v:63$26'.
  created $adff cell `$procdff$7546' with positive edge clock and negative level reset.
Creating register for signal `\x1_y5_kimi.\out_wdata' using process `\x1_y5_kimi.$proc$experiments/x1/rtl/x1_y5_kimi.v:63$26'.
  created $adff cell `$procdff$7547' with positive edge clock and negative level reset.
Creating register for signal `\x1_y5_kimi.\done' using process `\x1_y5_kimi.$proc$experiments/x1/rtl/x1_y5_kimi.v:63$26'.
  created $adff cell `$procdff$7548' with positive edge clock and negative level reset.
Creating register for signal `\x1_y5_kimi.\state' using process `\x1_y5_kimi.$proc$experiments/x1/rtl/x1_y5_kimi.v:63$26'.
  created $adff cell `$procdff$7549' with positive edge clock and negative level reset.
Creating register for signal `\x1_y5_kimi.\k_dim_q' using process `\x1_y5_kimi.$proc$experiments/x1/rtl/x1_y5_kimi.v:63$26'.
  created $adff cell `$procdff$7550' with positive edge clock and negative level reset.
Creating register for signal `\x1_y5_kimi.\issued' using process `\x1_y5_kimi.$proc$experiments/x1/rtl/x1_y5_kimi.v:63$26'.
  created $adff cell `$procdff$7551' with positive edge clock and negative level reset.
Creating register for signal `\x1_y5_kimi.\consumed' using process `\x1_y5_kimi.$proc$experiments/x1/rtl/x1_y5_kimi.v:63$26'.
  created $adff cell `$procdff$7552' with positive edge clock and negative level reset.
Creating register for signal `\x1_y5_kimi.\read_valid' using process `\x1_y5_kimi.$proc$experiments/x1/rtl/x1_y5_kimi.v:63$26'.
  created $adff cell `$procdff$7553' with positive edge clock and negative level reset.
Creating register for signal `\x1_y5_kimi.\drain_row' using process `\x1_y5_kimi.$proc$experiments/x1/rtl/x1_y5_kimi.v:63$26'.
  created $adff cell `$procdff$7554' with positive edge clock and negative level reset.
Creating register for signal `\x1_y5_kimi.\drain_col' using process `\x1_y5_kimi.$proc$experiments/x1/rtl/x1_y5_kimi.v:63$26'.
  created $adff cell `$procdff$7555' with positive edge clock and negative level reset.
Creating register for signal `\x1_y5_kimi.$mem2reg_rd$\accum_bank$experiments/x1/rtl/x1_y5_kimi.v:113$5_ADDR' using process `\x1_y5_kimi.$proc$experiments/x1/rtl/x1_y5_kimi.v:63$26'.
  created $adff cell `$procdff$7556' with positive edge clock and negative level reset.
Creating register for signal `\x1_y5_kimi.$mem2reg_rd$\accum_bank$experiments/x1/rtl/x1_y5_kimi.v:113$5_DATA' using process `\x1_y5_kimi.$proc$experiments/x1/rtl/x1_y5_kimi.v:63$26'.
  created $adff cell `$procdff$7557' with positive edge clock and negative level reset.
Creating register for signal `\x1_y5_kimi.$mem2reg_rd$\accum_bank$experiments/x1/rtl/x1_y5_kimi.v:114$6_ADDR' using process `\x1_y5_kimi.$proc$experiments/x1/rtl/x1_y5_kimi.v:63$26'.
  created $adff cell `$procdff$7558' with positive edge clock and negative level reset.
Creating register for signal `\x1_y5_kimi.$mem2reg_rd$\accum_bank$experiments/x1/rtl/x1_y5_kimi.v:114$6_DATA' using process `\x1_y5_kimi.$proc$experiments/x1/rtl/x1_y5_kimi.v:63$26'.
  created $adff cell `$procdff$7559' with positive edge clock and negative level reset.
Creating register for signal `\x1_y5_kimi.$mem2reg_rd$\accum_bank$experiments/x1/rtl/x1_y5_kimi.v:115$7_ADDR' using process `\x1_y5_kimi.$proc$experiments/x1/rtl/x1_y5_kimi.v:63$26'.
  created $adff cell `$procdff$7560' with positive edge clock and negative level reset.
Creating register for signal `\x1_y5_kimi.$mem2reg_rd$\accum_bank$experiments/x1/rtl/x1_y5_kimi.v:115$7_DATA' using process `\x1_y5_kimi.$proc$experiments/x1/rtl/x1_y5_kimi.v:63$26'.
  created $adff cell `$procdff$7561' with positive edge clock and negative level reset.
Creating register for signal `\x1_y5_kimi.$mem2reg_rd$\accum_bank$experiments/x1/rtl/x1_y5_kimi.v:116$8_ADDR' using process `\x1_y5_kimi.$proc$experiments/x1/rtl/x1_y5_kimi.v:63$26'.
  created $adff cell `$procdff$7562' with positive edge clock and negative level reset.
Creating register for signal `\x1_y5_kimi.$mem2reg_rd$\accum_bank$experiments/x1/rtl/x1_y5_kimi.v:116$8_DATA' using process `\x1_y5_kimi.$proc$experiments/x1/rtl/x1_y5_kimi.v:63$26'.
  created $adff cell `$procdff$7563' with positive edge clock and negative level reset.
Creating register for signal `\x1_y5_kimi.$mem2reg_rd$\accum_bank$experiments/x1/rtl/x1_y5_kimi.v:117$9_ADDR' using process `\x1_y5_kimi.$proc$experiments/x1/rtl/x1_y5_kimi.v:63$26'.
  created $adff cell `$procdff$7564' with positive edge clock and negative level reset.
Creating register for signal `\x1_y5_kimi.$mem2reg_rd$\accum_bank$experiments/x1/rtl/x1_y5_kimi.v:117$9_DATA' using process `\x1_y5_kimi.$proc$experiments/x1/rtl/x1_y5_kimi.v:63$26'.
  created $adff cell `$procdff$7565' with positive edge clock and negative level reset.
Creating register for signal `\x1_y5_kimi.$mem2reg_rd$\accum_bank$experiments/x1/rtl/x1_y5_kimi.v:118$10_ADDR' using process `\x1_y5_kimi.$proc$experiments/x1/rtl/x1_y5_kimi.v:63$26'.
  created $adff cell `$procdff$7566' with positive edge clock and negative level reset.
Creating register for signal `\x1_y5_kimi.$mem2reg_rd$\accum_bank$experiments/x1/rtl/x1_y5_kimi.v:118$10_DATA' using process `\x1_y5_kimi.$proc$experiments/x1/rtl/x1_y5_kimi.v:63$26'.
  created $adff cell `$procdff$7567' with positive edge clock and negative level reset.
Creating register for signal `\x1_y5_kimi.$mem2reg_rd$\accum_bank$experiments/x1/rtl/x1_y5_kimi.v:119$11_ADDR' using process `\x1_y5_kimi.$proc$experiments/x1/rtl/x1_y5_kimi.v:63$26'.
  created $adff cell `$procdff$7568' with positive edge clock and negative level reset.
Creating register for signal `\x1_y5_kimi.$mem2reg_rd$\accum_bank$experiments/x1/rtl/x1_y5_kimi.v:119$11_DATA' using process `\x1_y5_kimi.$proc$experiments/x1/rtl/x1_y5_kimi.v:63$26'.
  created $adff cell `$procdff$7569' with positive edge clock and negative level reset.
Creating register for signal `\x1_y5_kimi.$mem2reg_rd$\accum_bank$experiments/x1/rtl/x1_y5_kimi.v:120$12_ADDR' using process `\x1_y5_kimi.$proc$experiments/x1/rtl/x1_y5_kimi.v:63$26'.
  created $adff cell `$procdff$7570' with positive edge clock and negative level reset.
Creating register for signal `\x1_y5_kimi.$mem2reg_rd$\accum_bank$experiments/x1/rtl/x1_y5_kimi.v:120$12_DATA' using process `\x1_y5_kimi.$proc$experiments/x1/rtl/x1_y5_kimi.v:63$26'.
  created $adff cell `$procdff$7571' with positive edge clock and negative level reset.
Creating register for signal `\x1_y5_kimi.$mem2reg_rd$\accum_bank$experiments/x1/rtl/x1_y5_kimi.v:121$13_ADDR' using process `\x1_y5_kimi.$proc$experiments/x1/rtl/x1_y5_kimi.v:63$26'.
  created $adff cell `$procdff$7572' with positive edge clock and negative level reset.
Creating register for signal `\x1_y5_kimi.$mem2reg_rd$\accum_bank$experiments/x1/rtl/x1_y5_kimi.v:121$13_DATA' using process `\x1_y5_kimi.$proc$experiments/x1/rtl/x1_y5_kimi.v:63$26'.
  created $adff cell `$procdff$7573' with positive edge clock and negative level reset.
Creating register for signal `\x1_y5_kimi.$mem2reg_rd$\accum_bank$experiments/x1/rtl/x1_y5_kimi.v:122$14_ADDR' using process `\x1_y5_kimi.$proc$experiments/x1/rtl/x1_y5_kimi.v:63$26'.
  created $adff cell `$procdff$7574' with positive edge clock and negative level reset.
Creating register for signal `\x1_y5_kimi.$mem2reg_rd$\accum_bank$experiments/x1/rtl/x1_y5_kimi.v:122$14_DATA' using process `\x1_y5_kimi.$proc$experiments/x1/rtl/x1_y5_kimi.v:63$26'.
  created $adff cell `$procdff$7575' with positive edge clock and negative level reset.
Creating register for signal `\x1_y5_kimi.$mem2reg_rd$\accum_bank$experiments/x1/rtl/x1_y5_kimi.v:123$15_ADDR' using process `\x1_y5_kimi.$proc$experiments/x1/rtl/x1_y5_kimi.v:63$26'.
  created $adff cell `$procdff$7576' with positive edge clock and negative level reset.
Creating register for signal `\x1_y5_kimi.$mem2reg_rd$\accum_bank$experiments/x1/rtl/x1_y5_kimi.v:123$15_DATA' using process `\x1_y5_kimi.$proc$experiments/x1/rtl/x1_y5_kimi.v:63$26'.
  created $adff cell `$procdff$7577' with positive edge clock and negative level reset.
Creating register for signal `\x1_y5_kimi.$mem2reg_rd$\accum_bank$experiments/x1/rtl/x1_y5_kimi.v:124$16_ADDR' using process `\x1_y5_kimi.$proc$experiments/x1/rtl/x1_y5_kimi.v:63$26'.
  created $adff cell `$procdff$7578' with positive edge clock and negative level reset.
Creating register for signal `\x1_y5_kimi.$mem2reg_rd$\accum_bank$experiments/x1/rtl/x1_y5_kimi.v:124$16_DATA' using process `\x1_y5_kimi.$proc$experiments/x1/rtl/x1_y5_kimi.v:63$26'.
  created $adff cell `$procdff$7579' with positive edge clock and negative level reset.
Creating register for signal `\x1_y5_kimi.$mem2reg_rd$\accum_bank$experiments/x1/rtl/x1_y5_kimi.v:125$17_ADDR' using process `\x1_y5_kimi.$proc$experiments/x1/rtl/x1_y5_kimi.v:63$26'.
  created $adff cell `$procdff$7580' with positive edge clock and negative level reset.
Creating register for signal `\x1_y5_kimi.$mem2reg_rd$\accum_bank$experiments/x1/rtl/x1_y5_kimi.v:125$17_DATA' using process `\x1_y5_kimi.$proc$experiments/x1/rtl/x1_y5_kimi.v:63$26'.
  created $adff cell `$procdff$7581' with positive edge clock and negative level reset.
Creating register for signal `\x1_y5_kimi.$mem2reg_rd$\accum_bank$experiments/x1/rtl/x1_y5_kimi.v:126$18_ADDR' using process `\x1_y5_kimi.$proc$experiments/x1/rtl/x1_y5_kimi.v:63$26'.
  created $adff cell `$procdff$7582' with positive edge clock and negative level reset.
Creating register for signal `\x1_y5_kimi.$mem2reg_rd$\accum_bank$experiments/x1/rtl/x1_y5_kimi.v:126$18_DATA' using process `\x1_y5_kimi.$proc$experiments/x1/rtl/x1_y5_kimi.v:63$26'.
  created $adff cell `$procdff$7583' with positive edge clock and negative level reset.
Creating register for signal `\x1_y5_kimi.$mem2reg_rd$\accum_bank$experiments/x1/rtl/x1_y5_kimi.v:127$19_ADDR' using process `\x1_y5_kimi.$proc$experiments/x1/rtl/x1_y5_kimi.v:63$26'.
  created $adff cell `$procdff$7584' with positive edge clock and negative level reset.
Creating register for signal `\x1_y5_kimi.$mem2reg_rd$\accum_bank$experiments/x1/rtl/x1_y5_kimi.v:127$19_DATA' using process `\x1_y5_kimi.$proc$experiments/x1/rtl/x1_y5_kimi.v:63$26'.
  created $adff cell `$procdff$7585' with positive edge clock and negative level reset.
Creating register for signal `\x1_y5_kimi.$mem2reg_rd$\accum_bank$experiments/x1/rtl/x1_y5_kimi.v:128$20_ADDR' using process `\x1_y5_kimi.$proc$experiments/x1/rtl/x1_y5_kimi.v:63$26'.
  created $adff cell `$procdff$7586' with positive edge clock and negative level reset.
Creating register for signal `\x1_y5_kimi.$mem2reg_rd$\accum_bank$experiments/x1/rtl/x1_y5_kimi.v:128$20_DATA' using process `\x1_y5_kimi.$proc$experiments/x1/rtl/x1_y5_kimi.v:63$26'.
  created $adff cell `$procdff$7587' with positive edge clock and negative level reset.

3.10. Executing PROC_MEMWR pass (convert process memory writes to cells).

3.11. Executing PROC_CLEAN pass (remove empty switches from decision trees).
Found and cleaned up 2 empty switches in `\x1_y5_kimi.$proc$experiments/x1/rtl/x1_y5_kimi.v:149$199'.
Removing empty process `x1_y5_kimi.$proc$experiments/x1/rtl/x1_y5_kimi.v:149$199'.
Found and cleaned up 25 empty switches in `\x1_y5_kimi.$proc$experiments/x1/rtl/x1_y5_kimi.v:63$26'.
Removing empty process `x1_y5_kimi.$proc$experiments/x1/rtl/x1_y5_kimi.v:63$26'.
Found and cleaned up 1 empty switch in `\x1_y5_kimi.$proc$experiments/x1/rtl/x1_y5_kimi.v:52$22'.
Removing empty process `x1_y5_kimi.$proc$experiments/x1/rtl/x1_y5_kimi.v:52$22'.
Cleaned up 28 empty switches.

3.12. Executing OPT_EXPR pass (perform const folding).
Optimizing module x1_y5_kimi.
<suppressed ~33 debug messages>

4. Executing OPT pass (performing simple optimizations).

4.1. Executing OPT_EXPR pass (perform const folding).
Optimizing module x1_y5_kimi.
<suppressed ~1 debug messages>

4.2. Executing OPT_MERGE pass (detect identical cells).
Finding identical cells in module `\x1_y5_kimi'.
<suppressed ~666 debug messages>
Removed a total of 222 cells.

4.3. Executing OPT_MUXTREE pass (detect dead branches in mux trees).
Running muxtree optimizer on module \x1_y5_kimi..
  Creating internal representation of mux trees.
  Evaluating internal representation of mux trees.
  Analyzing evaluation results.
    dead port 1/2 on $mux $procmux$7154.
    dead port 2/2 on $mux $procmux$7154.
    dead port 1/2 on $mux $procmux$7151.
    dead port 2/2 on $mux $procmux$7151.
    dead port 1/2 on $mux $procmux$7148.
    dead port 2/2 on $mux $procmux$7148.
    dead port 1/2 on $mux $procmux$7145.
    dead port 2/2 on $mux $procmux$7145.
    dead port 1/2 on $mux $procmux$7142.
    dead port 2/2 on $mux $procmux$7142.
    dead port 1/2 on $mux $procmux$7139.
    dead port 2/2 on $mux $procmux$7139.
    dead port 1/2 on $mux $procmux$7136.
    dead port 2/2 on $mux $procmux$7136.
    dead port 1/2 on $mux $procmux$7133.
    dead port 2/2 on $mux $procmux$7133.
    dead port 1/2 on $mux $procmux$7130.
    dead port 2/2 on $mux $procmux$7130.
    dead port 1/2 on $mux $procmux$7127.
    dead port 2/2 on $mux $procmux$7127.
    dead port 1/2 on $mux $procmux$7124.
    dead port 2/2 on $mux $procmux$7124.
    dead port 1/2 on $mux $procmux$7121.
    dead port 2/2 on $mux $procmux$7121.
    dead port 1/2 on $mux $procmux$7118.
    dead port 2/2 on $mux $procmux$7118.
    dead port 1/2 on $mux $procmux$7115.
    dead port 2/2 on $mux $procmux$7115.
    dead port 1/2 on $mux $procmux$7112.
    dead port 2/2 on $mux $procmux$7112.
    dead port 1/2 on $mux $procmux$7109.
    dead port 2/2 on $mux $procmux$7109.
    dead port 1/2 on $mux $procmux$7106.
    dead port 2/2 on $mux $procmux$7106.
    dead port 1/2 on $mux $procmux$7103.
    dead port 2/2 on $mux $procmux$7103.
    dead port 1/2 on $mux $procmux$7100.
    dead port 2/2 on $mux $procmux$7100.
    dead port 1/2 on $mux $procmux$7097.
    dead port 2/2 on $mux $procmux$7097.
    dead port 1/2 on $mux $procmux$7094.
    dead port 2/2 on $mux $procmux$7094.
    dead port 1/2 on $mux $procmux$7091.
    dead port 2/2 on $mux $procmux$7091.
    dead port 1/2 on $mux $procmux$7088.
    dead port 2/2 on $mux $procmux$7088.
    dead port 1/2 on $mux $procmux$7085.
    dead port 2/2 on $mux $procmux$7085.
    dead port 1/2 on $mux $procmux$7082.
    dead port 2/2 on $mux $procmux$7082.
    dead port 1/2 on $mux $procmux$7079.
    dead port 2/2 on $mux $procmux$7079.
    dead port 1/2 on $mux $procmux$7076.
    dead port 2/2 on $mux $procmux$7076.
    dead port 1/2 on $mux $procmux$7073.
    dead port 2/2 on $mux $procmux$7073.
    dead port 1/2 on $mux $procmux$7070.
    dead port 2/2 on $mux $procmux$7070.
    dead port 1/2 on $mux $procmux$7067.
    dead port 2/2 on $mux $procmux$7067.
    dead port 1/2 on $mux $procmux$7064.
    dead port 2/2 on $mux $procmux$7064.
    dead port 1/2 on $mux $procmux$7061.
    dead port 2/2 on $mux $procmux$7061.
    dead port 1/2 on $mux $procmux$7058.
    dead port 2/2 on $mux $procmux$7058.
    dead port 1/2 on $mux $procmux$7056.
    dead port 2/2 on $mux $procmux$7056.
    dead port 1/2 on $mux $procmux$7039.
    dead port 2/2 on $mux $procmux$7039.
    dead port 1/2 on $mux $procmux$7037.
    dead port 2/2 on $mux $procmux$7037.
    dead port 1/2 on $mux $procmux$7020.
    dead port 2/2 on $mux $procmux$7020.
    dead port 1/2 on $mux $procmux$7018.
    dead port 2/2 on $mux $procmux$7018.
    dead port 1/2 on $mux $procmux$7002.
    dead port 2/2 on $mux $procmux$7002.
    dead port 1/2 on $mux $procmux$7000.
    dead port 2/2 on $mux $procmux$7000.
    dead port 1/2 on $mux $procmux$6984.
    dead port 2/2 on $mux $procmux$6984.
    dead port 1/2 on $mux $procmux$6982.
    dead port 2/2 on $mux $procmux$6982.
    dead port 1/2 on $mux $procmux$6967.
    dead port 2/2 on $mux $procmux$6967.
    dead port 1/2 on $mux $procmux$6965.
    dead port 2/2 on $mux $procmux$6965.
    dead port 1/2 on $mux $procmux$6950.
    dead port 2/2 on $mux $procmux$6950.
    dead port 1/2 on $mux $procmux$6948.
    dead port 2/2 on $mux $procmux$6948.
    dead port 1/2 on $mux $procmux$6934.
    dead port 2/2 on $mux $procmux$6934.
    dead port 1/2 on $mux $procmux$6932.
    dead port 2/2 on $mux $procmux$6932.
    dead port 1/2 on $mux $procmux$6918.
    dead port 2/2 on $mux $procmux$6918.
    dead port 1/2 on $mux $procmux$6916.
    dead port 2/2 on $mux $procmux$6916.
    dead port 1/2 on $mux $procmux$6903.
    dead port 2/2 on $mux $procmux$6903.
    dead port 1/2 on $mux $procmux$6901.
    dead port 2/2 on $mux $procmux$6901.
    dead port 1/2 on $mux $procmux$6888.
    dead port 2/2 on $mux $procmux$6888.
    dead port 1/2 on $mux $procmux$6886.
    dead port 2/2 on $mux $procmux$6886.
    dead port 1/2 on $mux $procmux$6874.
    dead port 2/2 on $mux $procmux$6874.
    dead port 1/2 on $mux $procmux$6872.
    dead port 2/2 on $mux $procmux$6872.
    dead port 1/2 on $mux $procmux$6860.
    dead port 2/2 on $mux $procmux$6860.
    dead port 1/2 on $mux $procmux$6858.
    dead port 2/2 on $mux $procmux$6858.
    dead port 1/2 on $mux $procmux$6847.
    dead port 2/2 on $mux $procmux$6847.
    dead port 1/2 on $mux $procmux$6845.
    dead port 2/2 on $mux $procmux$6845.
    dead port 1/2 on $mux $procmux$6834.
    dead port 2/2 on $mux $procmux$6834.
    dead port 1/2 on $mux $procmux$6832.
    dead port 2/2 on $mux $procmux$6832.
    dead port 1/2 on $mux $procmux$6822.
    dead port 2/2 on $mux $procmux$6822.
    dead port 1/2 on $mux $procmux$6820.
    dead port 2/2 on $mux $procmux$6820.
    dead port 1/2 on $mux $procmux$6810.
    dead port 2/2 on $mux $procmux$6810.
    dead port 1/2 on $mux $procmux$6808.
    dead port 2/2 on $mux $procmux$6808.
    dead port 1/2 on $mux $procmux$6799.
    dead port 2/2 on $mux $procmux$6799.
    dead port 1/2 on $mux $procmux$6797.
    dead port 2/2 on $mux $procmux$6797.
    dead port 1/2 on $mux $procmux$6788.
    dead port 2/2 on $mux $procmux$6788.
    dead port 1/2 on $mux $procmux$6786.
    dead port 2/2 on $mux $procmux$6786.
    dead port 1/2 on $mux $procmux$6778.
    dead port 2/2 on $mux $procmux$6778.
    dead port 1/2 on $mux $procmux$6776.
    dead port 2/2 on $mux $procmux$6776.
    dead port 1/2 on $mux $procmux$6768.
    dead port 2/2 on $mux $procmux$6768.
    dead port 1/2 on $mux $procmux$6766.
    dead port 2/2 on $mux $procmux$6766.
    dead port 1/2 on $mux $procmux$6759.
    dead port 2/2 on $mux $procmux$6759.
    dead port 1/2 on $mux $procmux$6757.
    dead port 2/2 on $mux $procmux$6757.
    dead port 1/2 on $mux $procmux$6750.
    dead port 2/2 on $mux $procmux$6750.
    dead port 1/2 on $mux $procmux$6748.
    dead port 2/2 on $mux $procmux$6748.
    dead port 1/2 on $mux $procmux$6742.
    dead port 2/2 on $mux $procmux$6742.
    dead port 1/2 on $mux $procmux$6740.
    dead port 2/2 on $mux $procmux$6740.
    dead port 1/2 on $mux $procmux$6734.
    dead port 2/2 on $mux $procmux$6734.
    dead port 1/2 on $mux $procmux$6732.
    dead port 2/2 on $mux $procmux$6732.
    dead port 1/2 on $mux $procmux$6727.
    dead port 2/2 on $mux $procmux$6727.
    dead port 1/2 on $mux $procmux$6725.
    dead port 2/2 on $mux $procmux$6725.
    dead port 1/2 on $mux $procmux$6720.
    dead port 2/2 on $mux $procmux$6720.
    dead port 1/2 on $mux $procmux$6718.
    dead port 2/2 on $mux $procmux$6718.
    dead port 1/2 on $mux $procmux$6714.
    dead port 2/2 on $mux $procmux$6714.
    dead port 1/2 on $mux $procmux$6712.
    dead port 2/2 on $mux $procmux$6712.
    dead port 1/2 on $mux $procmux$6708.
    dead port 2/2 on $mux $procmux$6708.
    dead port 1/16 on $pmux $procmux$6692.
    dead port 2/16 on $pmux $procmux$6692.
    dead port 3/16 on $pmux $procmux$6692.
    dead port 4/16 on $pmux $procmux$6692.
    dead port 5/16 on $pmux $procmux$6692.
    dead port 6/16 on $pmux $procmux$6692.
    dead port 7/16 on $pmux $procmux$6692.
    dead port 8/16 on $pmux $procmux$6692.
    dead port 9/16 on $pmux $procmux$6692.
    dead port 10/16 on $pmux $procmux$6692.
    dead port 11/16 on $pmux $procmux$6692.
    dead port 12/16 on $pmux $procmux$6692.
    dead port 13/16 on $pmux $procmux$6692.
    dead port 14/16 on $pmux $procmux$6692.
    dead port 15/16 on $pmux $procmux$6692.
    dead port 16/16 on $pmux $procmux$6692.
    dead port 1/2 on $mux $procmux$6688.
    dead port 2/2 on $mux $procmux$6688.
    dead port 1/16 on $pmux $procmux$6672.
    dead port 2/16 on $pmux $procmux$6672.
    dead port 3/16 on $pmux $procmux$6672.
    dead port 4/16 on $pmux $procmux$6672.
    dead port 5/16 on $pmux $procmux$6672.
    dead port 6/16 on $pmux $procmux$6672.
    dead port 7/16 on $pmux $procmux$6672.
    dead port 8/16 on $pmux $procmux$6672.
    dead port 9/16 on $pmux $procmux$6672.
    dead port 10/16 on $pmux $procmux$6672.
    dead port 11/16 on $pmux $procmux$6672.
    dead port 12/16 on $pmux $procmux$6672.
    dead port 13/16 on $pmux $procmux$6672.
    dead port 14/16 on $pmux $procmux$6672.
    dead port 15/16 on $pmux $procmux$6672.
    dead port 16/16 on $pmux $procmux$6672.
    dead port 1/2 on $mux $procmux$6668.
    dead port 2/2 on $mux $procmux$6668.
    dead port 1/2 on $mux $procmux$6666.
    dead port 2/2 on $mux $procmux$6666.
    dead port 1/2 on $mux $procmux$6648.
    dead port 2/2 on $mux $procmux$6648.
    dead port 1/2 on $mux $procmux$6646.
    dead port 2/2 on $mux $procmux$6646.
    dead port 2/2 on $mux $procmux$6628.
    dead port 2/2 on $mux $procmux$6626.
    dead port 2/2 on $mux $procmux$6351.
    dead port 2/2 on $mux $procmux$6349.
    dead port 2/2 on $mux $procmux$6075.
    dead port 2/2 on $mux $procmux$6073.
    dead port 2/2 on $mux $procmux$5800.
    dead port 2/2 on $mux $procmux$5798.
    dead port 2/2 on $mux $procmux$5526.
    dead port 2/2 on $mux $procmux$5524.
    dead port 2/2 on $mux $procmux$5253.
    dead port 2/2 on $mux $procmux$5251.
    dead port 2/2 on $mux $procmux$4981.
    dead port 2/2 on $mux $procmux$4979.
    dead port 2/2 on $mux $procmux$4710.
    dead port 2/2 on $mux $procmux$4708.
    dead port 2/2 on $mux $procmux$4440.
    dead port 2/2 on $mux $procmux$4438.
    dead port 2/2 on $mux $procmux$4171.
    dead port 2/2 on $mux $procmux$4169.
    dead port 2/2 on $mux $procmux$3903.
    dead port 2/2 on $mux $procmux$3901.
    dead port 2/2 on $mux $procmux$3636.
    dead port 2/2 on $mux $procmux$3634.
    dead port 2/2 on $mux $procmux$3370.
    dead port 2/2 on $mux $procmux$3368.
    dead port 2/2 on $mux $procmux$3105.
    dead port 2/2 on $mux $procmux$3103.
    dead port 2/2 on $mux $procmux$2841.
    dead port 2/2 on $mux $procmux$2839.
    dead port 2/2 on $mux $procmux$2578.
    dead port 1/16 on $pmux $procmux$2562.
    dead port 2/16 on $pmux $procmux$2562.
    dead port 3/16 on $pmux $procmux$2562.
    dead port 4/16 on $pmux $procmux$2562.
    dead port 5/16 on $pmux $procmux$2562.
    dead port 6/16 on $pmux $procmux$2562.
    dead port 7/16 on $pmux $procmux$2562.
    dead port 8/16 on $pmux $procmux$2562.
    dead port 9/16 on $pmux $procmux$2562.
    dead port 10/16 on $pmux $procmux$2562.
    dead port 11/16 on $pmux $procmux$2562.
    dead port 12/16 on $pmux $procmux$2562.
    dead port 13/16 on $pmux $procmux$2562.
    dead port 14/16 on $pmux $procmux$2562.
    dead port 15/16 on $pmux $procmux$2562.
    dead port 1/2 on $mux $procmux$744.
    dead port 1/2 on $mux $procmux$738.
    dead port 1/2 on $mux $procmux$732.
    dead port 1/2 on $mux $procmux$726.
    dead port 1/2 on $mux $procmux$720.
Removed 271 multiplexer ports.
<suppressed ~292 debug messages>

4.4. Executing OPT_REDUCE pass (consolidate $*mux and $reduce_* inputs).
  Optimizing cells in module \x1_y5_kimi.
Performed a total of 0 changes.

4.5. Executing OPT_MERGE pass (detect identical cells).
Finding identical cells in module `\x1_y5_kimi'.
<suppressed ~3 debug messages>
Removed a total of 1 cells.

4.6. Executing OPT_DFF pass (perform DFF optimizations).
Adding SRST signal on $procdff$7366 ($dff) from module x1_y5_kimi (D = $procmux$1836_Y, Q = \accum_bank[77], rval = 24'000000000000000000000000).
Adding EN signal on $auto$ff.cc:266:slice$7588 ($sdff) from module x1_y5_kimi (D = $add$experiments/x1/rtl/x1_y5_kimi.v:160$359_Y, Q = \accum_bank[77]).
Adding SRST signal on $procdff$7367 ($dff) from module x1_y5_kimi (D = $procmux$1830_Y, Q = \accum_bank[78], rval = 24'000000000000000000000000).
Adding EN signal on $auto$ff.cc:266:slice$7590 ($sdff) from module x1_y5_kimi (D = $add$experiments/x1/rtl/x1_y5_kimi.v:160$361_Y, Q = \accum_bank[78]).
Adding SRST signal on $procdff$7368 ($dff) from module x1_y5_kimi (D = $procmux$1824_Y, Q = \accum_bank[79], rval = 24'000000000000000000000000).
Adding EN signal on $auto$ff.cc:266:slice$7592 ($sdff) from module x1_y5_kimi (D = $add$experiments/x1/rtl/x1_y5_kimi.v:160$363_Y, Q = \accum_bank[79]).
Adding SRST signal on $procdff$7369 ($dff) from module x1_y5_kimi (D = $procmux$1818_Y, Q = \accum_bank[80], rval = 24'000000000000000000000000).
Adding EN signal on $auto$ff.cc:266:slice$7594 ($sdff) from module x1_y5_kimi (D = $add$experiments/x1/rtl/x1_y5_kimi.v:160$365_Y, Q = \accum_bank[80]).
Adding SRST signal on $procdff$7370 ($dff) from module x1_y5_kimi (D = $procmux$1812_Y, Q = \accum_bank[81], rval = 24'000000000000000000000000).
Adding EN signal on $auto$ff.cc:266:slice$7596 ($sdff) from module x1_y5_kimi (D = $add$experiments/x1/rtl/x1_y5_kimi.v:160$367_Y, Q = \accum_bank[81]).
Adding EN signal on $procdff$7549 ($adff) from module x1_y5_kimi (D = $procmux$7240_Y, Q = \state).
Adding EN signal on $procdff$7550 ($adff) from module x1_y5_kimi (D = \k_dim, Q = \k_dim_q).
Adding SRST signal on $procdff$7371 ($dff) from module x1_y5_kimi (D = $procmux$1806_Y, Q = \accum_bank[82], rval = 24'000000000000000000000000).
Adding EN signal on $auto$ff.cc:266:slice$7614 ($sdff) from module x1_y5_kimi (D = $add$experiments/x1/rtl/x1_y5_kimi.v:160$369_Y, Q = \accum_bank[82]).
Adding EN signal on $procdff$7551 ($adff) from module x1_y5_kimi (D = $procmux$7221_Y, Q = \issued).
Adding SRST signal on $procdff$7372 ($dff) from module x1_y5_kimi (D = $procmux$1800_Y, Q = \accum_bank[83], rval = 24'000000000000000000000000).
Adding EN signal on $auto$ff.cc:266:slice$7625 ($sdff) from module x1_y5_kimi (D = $add$experiments/x1/rtl/x1_y5_kimi.v:160$371_Y, Q = \accum_bank[83]).
Adding SRST signal on $procdff$7373 ($dff) from module x1_y5_kimi (D = $procmux$1794_Y, Q = \accum_bank[84], rval = 24'000000000000000000000000).
Adding EN signal on $auto$ff.cc:266:slice$7627 ($sdff) from module x1_y5_kimi (D = $add$experiments/x1/rtl/x1_y5_kimi.v:160$373_Y, Q = \accum_bank[84]).
Adding SRST signal on $procdff$7374 ($dff) from module x1_y5_kimi (D = $procmux$1788_Y, Q = \accum_bank[85], rval = 24'000000000000000000000000).
Adding EN signal on $auto$ff.cc:266:slice$7629 ($sdff) from module x1_y5_kimi (D = $add$experiments/x1/rtl/x1_y5_kimi.v:160$375_Y, Q = \accum_bank[85]).
Adding SRST signal on $procdff$7375 ($dff) from module x1_y5_kimi (D = $procmux$1782_Y, Q = \accum_bank[86], rval = 24'000000000000000000000000).
Adding EN signal on $auto$ff.cc:266:slice$7631 ($sdff) from module x1_y5_kimi (D = $add$experiments/x1/rtl/x1_y5_kimi.v:160$377_Y, Q = \accum_bank[86]).
Adding SRST signal on $procdff$7376 ($dff) from module x1_y5_kimi (D = $procmux$1776_Y, Q = \accum_bank[87], rval = 24'000000000000000000000000).
Adding EN signal on $auto$ff.cc:266:slice$7633 ($sdff) from module x1_y5_kimi (D = $add$experiments/x1/rtl/x1_y5_kimi.v:160$379_Y, Q = \accum_bank[87]).
Adding SRST signal on $procdff$7377 ($dff) from module x1_y5_kimi (D = $procmux$1770_Y, Q = \accum_bank[88], rval = 24'000000000000000000000000).
Adding EN signal on $auto$ff.cc:266:slice$7635 ($sdff) from module x1_y5_kimi (D = $add$experiments/x1/rtl/x1_y5_kimi.v:160$381_Y, Q = \accum_bank[88]).
Adding SRST signal on $procdff$7378 ($dff) from module x1_y5_kimi (D = $procmux$1764_Y, Q = \accum_bank[89], rval = 24'000000000000000000000000).
Adding EN signal on $auto$ff.cc:266:slice$7637 ($sdff) from module x1_y5_kimi (D = $add$experiments/x1/rtl/x1_y5_kimi.v:160$383_Y, Q = \accum_bank[89]).
Adding SRST signal on $procdff$7379 ($dff) from module x1_y5_kimi (D = $procmux$1758_Y, Q = \accum_bank[90], rval = 24'000000000000000000000000).
Adding EN signal on $auto$ff.cc:266:slice$7639 ($sdff) from module x1_y5_kimi (D = $add$experiments/x1/rtl/x1_y5_kimi.v:160$385_Y, Q = \accum_bank[90]).
Adding SRST signal on $procdff$7380 ($dff) from module x1_y5_kimi (D = $procmux$1752_Y, Q = \accum_bank[91], rval = 24'000000000000000000000000).
Adding EN signal on $auto$ff.cc:266:slice$7641 ($sdff) from module x1_y5_kimi (D = $add$experiments/x1/rtl/x1_y5_kimi.v:160$387_Y, Q = \accum_bank[91]).
Adding SRST signal on $procdff$7381 ($dff) from module x1_y5_kimi (D = $procmux$1746_Y, Q = \accum_bank[92], rval = 24'000000000000000000000000).
Adding EN signal on $auto$ff.cc:266:slice$7643 ($sdff) from module x1_y5_kimi (D = $add$experiments/x1/rtl/x1_y5_kimi.v:160$389_Y, Q = \accum_bank[92]).
Adding SRST signal on $procdff$7382 ($dff) from module x1_y5_kimi (D = $procmux$1740_Y, Q = \accum_bank[93], rval = 24'000000000000000000000000).
Adding EN signal on $auto$ff.cc:266:slice$7645 ($sdff) from module x1_y5_kimi (D = $add$experiments/x1/rtl/x1_y5_kimi.v:160$391_Y, Q = \accum_bank[93]).
Adding SRST signal on $procdff$7383 ($dff) from module x1_y5_kimi (D = $procmux$1734_Y, Q = \accum_bank[94], rval = 24'000000000000000000000000).
Adding EN signal on $auto$ff.cc:266:slice$7647 ($sdff) from module x1_y5_kimi (D = $add$experiments/x1/rtl/x1_y5_kimi.v:160$393_Y, Q = \accum_bank[94]).
Adding SRST signal on $procdff$7384 ($dff) from module x1_y5_kimi (D = $procmux$1728_Y, Q = \accum_bank[95], rval = 24'000000000000000000000000).
Adding EN signal on $auto$ff.cc:266:slice$7649 ($sdff) from module x1_y5_kimi (D = $add$experiments/x1/rtl/x1_y5_kimi.v:160$395_Y, Q = \accum_bank[95]).
Adding SRST signal on $procdff$7385 ($dff) from module x1_y5_kimi (D = $procmux$1722_Y, Q = \accum_bank[96], rval = 24'000000000000000000000000).
Adding EN signal on $auto$ff.cc:266:slice$7651 ($sdff) from module x1_y5_kimi (D = $add$experiments/x1/rtl/x1_y5_kimi.v:160$397_Y, Q = \accum_bank[96]).
Adding SRST signal on $procdff$7386 ($dff) from module x1_y5_kimi (D = $procmux$1716_Y, Q = \accum_bank[97], rval = 24'000000000000000000000000).
Adding EN signal on $auto$ff.cc:266:slice$7653 ($sdff) from module x1_y5_kimi (D = $add$experiments/x1/rtl/x1_y5_kimi.v:160$399_Y, Q = \accum_bank[97]).
Adding SRST signal on $procdff$7387 ($dff) from module x1_y5_kimi (D = $procmux$1710_Y, Q = \accum_bank[98], rval = 24'000000000000000000000000).
Adding EN signal on $auto$ff.cc:266:slice$7655 ($sdff) from module x1_y5_kimi (D = $add$experiments/x1/rtl/x1_y5_kimi.v:160$401_Y, Q = \accum_bank[98]).
Adding SRST signal on $procdff$7388 ($dff) from module x1_y5_kimi (D = $procmux$1704_Y, Q = \accum_bank[99], rval = 24'000000000000000000000000).
Adding EN signal on $auto$ff.cc:266:slice$7657 ($sdff) from module x1_y5_kimi (D = $add$experiments/x1/rtl/x1_y5_kimi.v:160$403_Y, Q = \accum_bank[99]).
Adding EN signal on $procdff$7552 ($adff) from module x1_y5_kimi (D = $procmux$7212_Y, Q = \consumed).
Adding SRST signal on $procdff$7389 ($dff) from module x1_y5_kimi (D = $procmux$1698_Y, Q = \accum_bank[100], rval = 24'000000000000000000000000).
Adding EN signal on $auto$ff.cc:266:slice$7668 ($sdff) from module x1_y5_kimi (D = $add$experiments/x1/rtl/x1_y5_kimi.v:160$405_Y, Q = \accum_bank[100]).
Adding SRST signal on $procdff$7390 ($dff) from module x1_y5_kimi (D = $procmux$1692_Y, Q = \accum_bank[101], rval = 24'000000000000000000000000).
Adding EN signal on $auto$ff.cc:266:slice$7670 ($sdff) from module x1_y5_kimi (D = $add$experiments/x1/rtl/x1_y5_kimi.v:160$407_Y, Q = \accum_bank[101]).
Adding EN signal on $procdff$7553 ($adff) from module x1_y5_kimi (D = $procmux$7205_Y, Q = \read_valid).
Adding SRST signal on $procdff$7391 ($dff) from module x1_y5_kimi (D = $procmux$1686_Y, Q = \accum_bank[102], rval = 24'000000000000000000000000).
Adding EN signal on $auto$ff.cc:266:slice$7675 ($sdff) from module x1_y5_kimi (D = $add$experiments/x1/rtl/x1_y5_kimi.v:160$409_Y, Q = \accum_bank[102]).
Adding SRST signal on $procdff$7392 ($dff) from module x1_y5_kimi (D = $procmux$1680_Y, Q = \accum_bank[103], rval = 24'000000000000000000000000).
Adding EN signal on $auto$ff.cc:266:slice$7677 ($sdff) from module x1_y5_kimi (D = $add$experiments/x1/rtl/x1_y5_kimi.v:160$411_Y, Q = \accum_bank[103]).
Adding SRST signal on $procdff$7393 ($dff) from module x1_y5_kimi (D = $procmux$1674_Y, Q = \accum_bank[104], rval = 24'000000000000000000000000).
Adding EN signal on $auto$ff.cc:266:slice$7679 ($sdff) from module x1_y5_kimi (D = $add$experiments/x1/rtl/x1_y5_kimi.v:160$413_Y, Q = \accum_bank[104]).
Adding EN signal on $procdff$7554 ($adff) from module x1_y5_kimi (D = $procmux$7189_Y, Q = \drain_row).
Adding SRST signal on $procdff$7394 ($dff) from module x1_y5_kimi (D = $procmux$1668_Y, Q = \accum_bank[105], rval = 24'000000000000000000000000).
Adding EN signal on $auto$ff.cc:266:slice$7696 ($sdff) from module x1_y5_kimi (D = $add$experiments/x1/rtl/x1_y5_kimi.v:160$415_Y, Q = \accum_bank[105]).
Adding SRST signal on $procdff$7395 ($dff) from module x1_y5_kimi (D = $procmux$1662_Y, Q = \accum_bank[106], rval = 24'000000000000000000000000).
Adding EN signal on $auto$ff.cc:266:slice$7698 ($sdff) from module x1_y5_kimi (D = $add$experiments/x1/rtl/x1_y5_kimi.v:160$417_Y, Q = \accum_bank[106]).
Adding EN signal on $procdff$7555 ($adff) from module x1_y5_kimi (D = $procmux$7172_Y, Q = \drain_col).
Adding SRST signal on $procdff$7396 ($dff) from module x1_y5_kimi (D = $procmux$1656_Y, Q = \accum_bank[107], rval = 24'000000000000000000000000).
Adding EN signal on $auto$ff.cc:266:slice$7711 ($sdff) from module x1_y5_kimi (D = $add$experiments/x1/rtl/x1_y5_kimi.v:160$419_Y, Q = \accum_bank[107]).
Adding SRST signal on $procdff$7397 ($dff) from module x1_y5_kimi (D = $procmux$1650_Y, Q = \accum_bank[108], rval = 24'000000000000000000000000).
Adding EN signal on $auto$ff.cc:266:slice$7713 ($sdff) from module x1_y5_kimi (D = $add$experiments/x1/rtl/x1_y5_kimi.v:160$421_Y, Q = \accum_bank[108]).
Adding SRST signal on $procdff$7398 ($dff) from module x1_y5_kimi (D = $procmux$1644_Y, Q = \accum_bank[109], rval = 24'000000000000000000000000).
Adding EN signal on $auto$ff.cc:266:slice$7715 ($sdff) from module x1_y5_kimi (D = $add$experiments/x1/rtl/x1_y5_kimi.v:160$423_Y, Q = \accum_bank[109]).
Adding SRST signal on $procdff$7399 ($dff) from module x1_y5_kimi (D = $procmux$1638_Y, Q = \accum_bank[110], rval = 24'000000000000000000000000).
Adding EN signal on $auto$ff.cc:266:slice$7717 ($sdff) from module x1_y5_kimi (D = $add$experiments/x1/rtl/x1_y5_kimi.v:160$425_Y, Q = \accum_bank[110]).
Adding SRST signal on $procdff$7400 ($dff) from module x1_y5_kimi (D = $procmux$1632_Y, Q = \accum_bank[111], rval = 24'000000000000000000000000).
Adding EN signal on $auto$ff.cc:266:slice$7719 ($sdff) from module x1_y5_kimi (D = $add$experiments/x1/rtl/x1_y5_kimi.v:160$427_Y, Q = \accum_bank[111]).
Adding SRST signal on $procdff$7401 ($dff) from module x1_y5_kimi (D = $procmux$1626_Y, Q = \accum_bank[112], rval = 24'000000000000000000000000).
Adding EN signal on $auto$ff.cc:266:slice$7721 ($sdff) from module x1_y5_kimi (D = $add$experiments/x1/rtl/x1_y5_kimi.v:160$429_Y, Q = \accum_bank[112]).
Adding SRST signal on $procdff$7402 ($dff) from module x1_y5_kimi (D = $procmux$1620_Y, Q = \accum_bank[113], rval = 24'000000000000000000000000).
Adding EN signal on $auto$ff.cc:266:slice$7723 ($sdff) from module x1_y5_kimi (D = $add$experiments/x1/rtl/x1_y5_kimi.v:160$431_Y, Q = \accum_bank[113]).
Adding SRST signal on $procdff$7403 ($dff) from module x1_y5_kimi (D = $procmux$1614_Y, Q = \accum_bank[114], rval = 24'000000000000000000000000).
Adding EN signal on $auto$ff.cc:266:slice$7725 ($sdff) from module x1_y5_kimi (D = $add$experiments/x1/rtl/x1_y5_kimi.v:160$433_Y, Q = \accum_bank[114]).
Adding SRST signal on $procdff$7404 ($dff) from module x1_y5_kimi (D = $procmux$1608_Y, Q = \accum_bank[115], rval = 24'000000000000000000000000).
Adding EN signal on $auto$ff.cc:266:slice$7727 ($sdff) from module x1_y5_kimi (D = $add$experiments/x1/rtl/x1_y5_kimi.v:160$435_Y, Q = \accum_bank[115]).
Adding SRST signal on $procdff$7405 ($dff) from module x1_y5_kimi (D = $procmux$1602_Y, Q = \accum_bank[116], rval = 24'000000000000000000000000).
Adding EN signal on $auto$ff.cc:266:slice$7729 ($sdff) from module x1_y5_kimi (D = $add$experiments/x1/rtl/x1_y5_kimi.v:160$437_Y, Q = \accum_bank[116]).
Adding SRST signal on $procdff$7406 ($dff) from module x1_y5_kimi (D = $procmux$1596_Y, Q = \accum_bank[117], rval = 24'000000000000000000000000).
Adding EN signal on $auto$ff.cc:266:slice$7731 ($sdff) from module x1_y5_kimi (D = $add$experiments/x1/rtl/x1_y5_kimi.v:160$439_Y, Q = \accum_bank[117]).
Adding SRST signal on $procdff$7407 ($dff) from module x1_y5_kimi (D = $procmux$1590_Y, Q = \accum_bank[118], rval = 24'000000000000000000000000).
Adding EN signal on $auto$ff.cc:266:slice$7733 ($sdff) from module x1_y5_kimi (D = $add$experiments/x1/rtl/x1_y5_kimi.v:160$441_Y, Q = \accum_bank[118]).
Adding SRST signal on $procdff$7408 ($dff) from module x1_y5_kimi (D = $procmux$1584_Y, Q = \accum_bank[119], rval = 24'000000000000000000000000).
Adding EN signal on $auto$ff.cc:266:slice$7735 ($sdff) from module x1_y5_kimi (D = $add$experiments/x1/rtl/x1_y5_kimi.v:160$443_Y, Q = \accum_bank[119]).
Adding SRST signal on $procdff$7409 ($dff) from module x1_y5_kimi (D = $procmux$1578_Y, Q = \accum_bank[120], rval = 24'000000000000000000000000).
Adding EN signal on $auto$ff.cc:266:slice$7737 ($sdff) from module x1_y5_kimi (D = $add$experiments/x1/rtl/x1_y5_kimi.v:160$445_Y, Q = \accum_bank[120]).
Adding SRST signal on $procdff$7410 ($dff) from module x1_y5_kimi (D = $procmux$1572_Y, Q = \accum_bank[121], rval = 24'000000000000000000000000).
Adding EN signal on $auto$ff.cc:266:slice$7739 ($sdff) from module x1_y5_kimi (D = $add$experiments/x1/rtl/x1_y5_kimi.v:160$447_Y, Q = \accum_bank[121]).
Adding SRST signal on $procdff$7411 ($dff) from module x1_y5_kimi (D = $procmux$1566_Y, Q = \accum_bank[122], rval = 24'000000000000000000000000).
Adding EN signal on $auto$ff.cc:266:slice$7741 ($sdff) from module x1_y5_kimi (D = $add$experiments/x1/rtl/x1_y5_kimi.v:160$449_Y, Q = \accum_bank[122]).
Adding SRST signal on $procdff$7412 ($dff) from module x1_y5_kimi (D = $procmux$1560_Y, Q = \accum_bank[123], rval = 24'000000000000000000000000).
Adding EN signal on $auto$ff.cc:266:slice$7743 ($sdff) from module x1_y5_kimi (D = $add$experiments/x1/rtl/x1_y5_kimi.v:160$451_Y, Q = \accum_bank[123]).
Adding SRST signal on $procdff$7413 ($dff) from module x1_y5_kimi (D = $procmux$1554_Y, Q = \accum_bank[124], rval = 24'000000000000000000000000).
Adding EN signal on $auto$ff.cc:266:slice$7745 ($sdff) from module x1_y5_kimi (D = $add$experiments/x1/rtl/x1_y5_kimi.v:160$453_Y, Q = \accum_bank[124]).
Adding SRST signal on $procdff$7414 ($dff) from module x1_y5_kimi (D = $procmux$1548_Y, Q = \accum_bank[125], rval = 24'000000000000000000000000).
Adding EN signal on $auto$ff.cc:266:slice$7747 ($sdff) from module x1_y5_kimi (D = $add$experiments/x1/rtl/x1_y5_kimi.v:160$455_Y, Q = \accum_bank[125]).
Adding SRST signal on $procdff$7415 ($dff) from module x1_y5_kimi (D = $procmux$1542_Y, Q = \accum_bank[126], rval = 24'000000000000000000000000).
Adding EN signal on $auto$ff.cc:266:slice$7749 ($sdff) from module x1_y5_kimi (D = $add$experiments/x1/rtl/x1_y5_kimi.v:160$457_Y, Q = \accum_bank[126]).
Adding SRST signal on $procdff$7416 ($dff) from module x1_y5_kimi (D = $procmux$1536_Y, Q = \accum_bank[127], rval = 24'000000000000000000000000).
Adding EN signal on $auto$ff.cc:266:slice$7751 ($sdff) from module x1_y5_kimi (D = $add$experiments/x1/rtl/x1_y5_kimi.v:160$459_Y, Q = \accum_bank[127]).
Adding SRST signal on $procdff$7417 ($dff) from module x1_y5_kimi (D = $procmux$1530_Y, Q = \accum_bank[128], rval = 24'000000000000000000000000).
Adding EN signal on $auto$ff.cc:266:slice$7753 ($sdff) from module x1_y5_kimi (D = $add$experiments/x1/rtl/x1_y5_kimi.v:160$461_Y, Q = \accum_bank[128]).
Adding SRST signal on $procdff$7418 ($dff) from module x1_y5_kimi (D = $procmux$1524_Y, Q = \accum_bank[129], rval = 24'000000000000000000000000).
Adding EN signal on $auto$ff.cc:266:slice$7755 ($sdff) from module x1_y5_kimi (D = $add$experiments/x1/rtl/x1_y5_kimi.v:160$463_Y, Q = \accum_bank[129]).
Adding SRST signal on $procdff$7419 ($dff) from module x1_y5_kimi (D = $procmux$1518_Y, Q = \accum_bank[130], rval = 24'000000000000000000000000).
Adding EN signal on $auto$ff.cc:266:slice$7757 ($sdff) from module x1_y5_kimi (D = $add$experiments/x1/rtl/x1_y5_kimi.v:160$465_Y, Q = \accum_bank[130]).
Adding SRST signal on $procdff$7420 ($dff) from module x1_y5_kimi (D = $procmux$1512_Y, Q = \accum_bank[131], rval = 24'000000000000000000000000).
Adding EN signal on $auto$ff.cc:266:slice$7759 ($sdff) from module x1_y5_kimi (D = $add$experiments/x1/rtl/x1_y5_kimi.v:160$467_Y, Q = \accum_bank[131]).
Adding SRST signal on $procdff$7421 ($dff) from module x1_y5_kimi (D = $procmux$1506_Y, Q = \accum_bank[132], rval = 24'000000000000000000000000).
Adding EN signal on $auto$ff.cc:266:slice$7761 ($sdff) from module x1_y5_kimi (D = $add$experiments/x1/rtl/x1_y5_kimi.v:160$469_Y, Q = \accum_bank[132]).
Adding SRST signal on $procdff$7422 ($dff) from module x1_y5_kimi (D = $procmux$1500_Y, Q = \accum_bank[133], rval = 24'000000000000000000000000).
Adding EN signal on $auto$ff.cc:266:slice$7763 ($sdff) from module x1_y5_kimi (D = $add$experiments/x1/rtl/x1_y5_kimi.v:160$471_Y, Q = \accum_bank[133]).
Adding SRST signal on $procdff$7423 ($dff) from module x1_y5_kimi (D = $procmux$1494_Y, Q = \accum_bank[134], rval = 24'000000000000000000000000).
Adding EN signal on $auto$ff.cc:266:slice$7765 ($sdff) from module x1_y5_kimi (D = $add$experiments/x1/rtl/x1_y5_kimi.v:160$473_Y, Q = \accum_bank[134]).
Adding SRST signal on $procdff$7424 ($dff) from module x1_y5_kimi (D = $procmux$1488_Y, Q = \accum_bank[135], rval = 24'000000000000000000000000).
Adding EN signal on $auto$ff.cc:266:slice$7767 ($sdff) from module x1_y5_kimi (D = $add$experiments/x1/rtl/x1_y5_kimi.v:160$475_Y, Q = \accum_bank[135]).
Adding SRST signal on $procdff$7425 ($dff) from module x1_y5_kimi (D = $procmux$1482_Y, Q = \accum_bank[136], rval = 24'000000000000000000000000).
Adding EN signal on $auto$ff.cc:266:slice$7769 ($sdff) from module x1_y5_kimi (D = $add$experiments/x1/rtl/x1_y5_kimi.v:160$477_Y, Q = \accum_bank[136]).
Adding SRST signal on $procdff$7426 ($dff) from module x1_y5_kimi (D = $procmux$1476_Y, Q = \accum_bank[137], rval = 24'000000000000000000000000).
Adding EN signal on $auto$ff.cc:266:slice$7771 ($sdff) from module x1_y5_kimi (D = $add$experiments/x1/rtl/x1_y5_kimi.v:160$479_Y, Q = \accum_bank[137]).
Adding SRST signal on $procdff$7427 ($dff) from module x1_y5_kimi (D = $procmux$1470_Y, Q = \accum_bank[138], rval = 24'000000000000000000000000).
Adding EN signal on $auto$ff.cc:266:slice$7773 ($sdff) from module x1_y5_kimi (D = $add$experiments/x1/rtl/x1_y5_kimi.v:160$481_Y, Q = \accum_bank[138]).
Adding SRST signal on $procdff$7428 ($dff) from module x1_y5_kimi (D = $procmux$1464_Y, Q = \accum_bank[139], rval = 24'000000000000000000000000).
Adding EN signal on $auto$ff.cc:266:slice$7775 ($sdff) from module x1_y5_kimi (D = $add$experiments/x1/rtl/x1_y5_kimi.v:160$483_Y, Q = \accum_bank[139]).
Adding SRST signal on $procdff$7429 ($dff) from module x1_y5_kimi (D = $procmux$1458_Y, Q = \accum_bank[140], rval = 24'000000000000000000000000).
Adding EN signal on $auto$ff.cc:266:slice$7777 ($sdff) from module x1_y5_kimi (D = $add$experiments/x1/rtl/x1_y5_kimi.v:160$485_Y, Q = \accum_bank[140]).
Adding SRST signal on $procdff$7430 ($dff) from module x1_y5_kimi (D = $procmux$1452_Y, Q = \accum_bank[141], rval = 24'000000000000000000000000).
Adding EN signal on $auto$ff.cc:266:slice$7779 ($sdff) from module x1_y5_kimi (D = $add$experiments/x1/rtl/x1_y5_kimi.v:160$487_Y, Q = \accum_bank[141]).
Adding SRST signal on $procdff$7431 ($dff) from module x1_y5_kimi (D = $procmux$1446_Y, Q = \accum_bank[142], rval = 24'000000000000000000000000).
Adding EN signal on $auto$ff.cc:266:slice$7781 ($sdff) from module x1_y5_kimi (D = $add$experiments/x1/rtl/x1_y5_kimi.v:160$489_Y, Q = \accum_bank[142]).
Adding SRST signal on $procdff$7432 ($dff) from module x1_y5_kimi (D = $procmux$1440_Y, Q = \accum_bank[143], rval = 24'000000000000000000000000).
Adding EN signal on $auto$ff.cc:266:slice$7783 ($sdff) from module x1_y5_kimi (D = $add$experiments/x1/rtl/x1_y5_kimi.v:160$491_Y, Q = \accum_bank[143]).
Adding SRST signal on $procdff$7433 ($dff) from module x1_y5_kimi (D = $procmux$1434_Y, Q = \accum_bank[144], rval = 24'000000000000000000000000).
Adding EN signal on $auto$ff.cc:266:slice$7785 ($sdff) from module x1_y5_kimi (D = $add$experiments/x1/rtl/x1_y5_kimi.v:160$493_Y, Q = \accum_bank[144]).
Adding SRST signal on $procdff$7434 ($dff) from module x1_y5_kimi (D = $procmux$1428_Y, Q = \accum_bank[145], rval = 24'000000000000000000000000).
Adding EN signal on $auto$ff.cc:266:slice$7787 ($sdff) from module x1_y5_kimi (D = $add$experiments/x1/rtl/x1_y5_kimi.v:160$495_Y, Q = \accum_bank[145]).
Adding SRST signal on $procdff$7435 ($dff) from module x1_y5_kimi (D = $procmux$1422_Y, Q = \accum_bank[146], rval = 24'000000000000000000000000).
Adding EN signal on $auto$ff.cc:266:slice$7789 ($sdff) from module x1_y5_kimi (D = $add$experiments/x1/rtl/x1_y5_kimi.v:160$497_Y, Q = \accum_bank[146]).
Adding SRST signal on $procdff$7436 ($dff) from module x1_y5_kimi (D = $procmux$1416_Y, Q = \accum_bank[147], rval = 24'000000000000000000000000).
Adding EN signal on $auto$ff.cc:266:slice$7791 ($sdff) from module x1_y5_kimi (D = $add$experiments/x1/rtl/x1_y5_kimi.v:160$499_Y, Q = \accum_bank[147]).
Adding SRST signal on $procdff$7437 ($dff) from module x1_y5_kimi (D = $procmux$1410_Y, Q = \accum_bank[148], rval = 24'000000000000000000000000).
Adding EN signal on $auto$ff.cc:266:slice$7793 ($sdff) from module x1_y5_kimi (D = $add$experiments/x1/rtl/x1_y5_kimi.v:160$501_Y, Q = \accum_bank[148]).
Adding SRST signal on $procdff$7438 ($dff) from module x1_y5_kimi (D = $procmux$1404_Y, Q = \accum_bank[149], rval = 24'000000000000000000000000).
Adding EN signal on $auto$ff.cc:266:slice$7795 ($sdff) from module x1_y5_kimi (D = $add$experiments/x1/rtl/x1_y5_kimi.v:160$503_Y, Q = \accum_bank[149]).
Adding SRST signal on $procdff$7439 ($dff) from module x1_y5_kimi (D = $procmux$1398_Y, Q = \accum_bank[150], rval = 24'000000000000000000000000).
Adding EN signal on $auto$ff.cc:266:slice$7797 ($sdff) from module x1_y5_kimi (D = $add$experiments/x1/rtl/x1_y5_kimi.v:160$505_Y, Q = \accum_bank[150]).
Adding SRST signal on $procdff$7440 ($dff) from module x1_y5_kimi (D = $procmux$1392_Y, Q = \accum_bank[151], rval = 24'000000000000000000000000).
Adding EN signal on $auto$ff.cc:266:slice$7799 ($sdff) from module x1_y5_kimi (D = $add$experiments/x1/rtl/x1_y5_kimi.v:160$507_Y, Q = \accum_bank[151]).
Adding SRST signal on $procdff$7441 ($dff) from module x1_y5_kimi (D = $procmux$1386_Y, Q = \accum_bank[152], rval = 24'000000000000000000000000).
Adding EN signal on $auto$ff.cc:266:slice$7801 ($sdff) from module x1_y5_kimi (D = $add$experiments/x1/rtl/x1_y5_kimi.v:160$509_Y, Q = \accum_bank[152]).
Adding SRST signal on $procdff$7442 ($dff) from module x1_y5_kimi (D = $procmux$1380_Y, Q = \accum_bank[153], rval = 24'000000000000000000000000).
Adding EN signal on $auto$ff.cc:266:slice$7803 ($sdff) from module x1_y5_kimi (D = $add$experiments/x1/rtl/x1_y5_kimi.v:160$511_Y, Q = \accum_bank[153]).
Adding SRST signal on $procdff$7443 ($dff) from module x1_y5_kimi (D = $procmux$1374_Y, Q = \accum_bank[154], rval = 24'000000000000000000000000).
Adding EN signal on $auto$ff.cc:266:slice$7805 ($sdff) from module x1_y5_kimi (D = $add$experiments/x1/rtl/x1_y5_kimi.v:160$513_Y, Q = \accum_bank[154]).
Adding SRST signal on $procdff$7444 ($dff) from module x1_y5_kimi (D = $procmux$1368_Y, Q = \accum_bank[155], rval = 24'000000000000000000000000).
Adding EN signal on $auto$ff.cc:266:slice$7807 ($sdff) from module x1_y5_kimi (D = $add$experiments/x1/rtl/x1_y5_kimi.v:160$515_Y, Q = \accum_bank[155]).
Adding SRST signal on $procdff$7445 ($dff) from module x1_y5_kimi (D = $procmux$1362_Y, Q = \accum_bank[156], rval = 24'000000000000000000000000).
Adding EN signal on $auto$ff.cc:266:slice$7809 ($sdff) from module x1_y5_kimi (D = $add$experiments/x1/rtl/x1_y5_kimi.v:160$517_Y, Q = \accum_bank[156]).
Adding SRST signal on $procdff$7446 ($dff) from module x1_y5_kimi (D = $procmux$1356_Y, Q = \accum_bank[157], rval = 24'000000000000000000000000).
Adding EN signal on $auto$ff.cc:266:slice$7811 ($sdff) from module x1_y5_kimi (D = $add$experiments/x1/rtl/x1_y5_kimi.v:160$519_Y, Q = \accum_bank[157]).
Adding SRST signal on $procdff$7447 ($dff) from module x1_y5_kimi (D = $procmux$1350_Y, Q = \accum_bank[158], rval = 24'000000000000000000000000).
Adding EN signal on $auto$ff.cc:266:slice$7813 ($sdff) from module x1_y5_kimi (D = $add$experiments/x1/rtl/x1_y5_kimi.v:160$521_Y, Q = \accum_bank[158]).
Adding SRST signal on $procdff$7448 ($dff) from module x1_y5_kimi (D = $procmux$1344_Y, Q = \accum_bank[159], rval = 24'000000000000000000000000).
Adding EN signal on $auto$ff.cc:266:slice$7815 ($sdff) from module x1_y5_kimi (D = $add$experiments/x1/rtl/x1_y5_kimi.v:160$523_Y, Q = \accum_bank[159]).
Adding SRST signal on $procdff$7449 ($dff) from module x1_y5_kimi (D = $procmux$1338_Y, Q = \accum_bank[160], rval = 24'000000000000000000000000).
Adding EN signal on $auto$ff.cc:266:slice$7817 ($sdff) from module x1_y5_kimi (D = $add$experiments/x1/rtl/x1_y5_kimi.v:160$525_Y, Q = \accum_bank[160]).
Adding SRST signal on $procdff$7450 ($dff) from module x1_y5_kimi (D = $procmux$1332_Y, Q = \accum_bank[161], rval = 24'000000000000000000000000).
Adding EN signal on $auto$ff.cc:266:slice$7819 ($sdff) from module x1_y5_kimi (D = $add$experiments/x1/rtl/x1_y5_kimi.v:160$527_Y, Q = \accum_bank[161]).
Adding SRST signal on $procdff$7451 ($dff) from module x1_y5_kimi (D = $procmux$1326_Y, Q = \accum_bank[162], rval = 24'000000000000000000000000).
Adding EN signal on $auto$ff.cc:266:slice$7821 ($sdff) from module x1_y5_kimi (D = $add$experiments/x1/rtl/x1_y5_kimi.v:160$529_Y, Q = \accum_bank[162]).
Adding SRST signal on $procdff$7452 ($dff) from module x1_y5_kimi (D = $procmux$1320_Y, Q = \accum_bank[163], rval = 24'000000000000000000000000).
Adding EN signal on $auto$ff.cc:266:slice$7823 ($sdff) from module x1_y5_kimi (D = $add$experiments/x1/rtl/x1_y5_kimi.v:160$531_Y, Q = \accum_bank[163]).
Adding SRST signal on $procdff$7453 ($dff) from module x1_y5_kimi (D = $procmux$1314_Y, Q = \accum_bank[164], rval = 24'000000000000000000000000).
Adding EN signal on $auto$ff.cc:266:slice$7825 ($sdff) from module x1_y5_kimi (D = $add$experiments/x1/rtl/x1_y5_kimi.v:160$533_Y, Q = \accum_bank[164]).
Adding SRST signal on $procdff$7454 ($dff) from module x1_y5_kimi (D = $procmux$1308_Y, Q = \accum_bank[165], rval = 24'000000000000000000000000).
Adding EN signal on $auto$ff.cc:266:slice$7827 ($sdff) from module x1_y5_kimi (D = $add$experiments/x1/rtl/x1_y5_kimi.v:160$535_Y, Q = \accum_bank[165]).
Adding SRST signal on $procdff$7455 ($dff) from module x1_y5_kimi (D = $procmux$1302_Y, Q = \accum_bank[166], rval = 24'000000000000000000000000).
Adding EN signal on $auto$ff.cc:266:slice$7829 ($sdff) from module x1_y5_kimi (D = $add$experiments/x1/rtl/x1_y5_kimi.v:160$537_Y, Q = \accum_bank[166]).
Adding SRST signal on $procdff$7456 ($dff) from module x1_y5_kimi (D = $procmux$1296_Y, Q = \accum_bank[167], rval = 24'000000000000000000000000).
Adding EN signal on $auto$ff.cc:266:slice$7831 ($sdff) from module x1_y5_kimi (D = $add$experiments/x1/rtl/x1_y5_kimi.v:160$539_Y, Q = \accum_bank[167]).
Adding SRST signal on $procdff$7457 ($dff) from module x1_y5_kimi (D = $procmux$1290_Y, Q = \accum_bank[168], rval = 24'000000000000000000000000).
Adding EN signal on $auto$ff.cc:266:slice$7833 ($sdff) from module x1_y5_kimi (D = $add$experiments/x1/rtl/x1_y5_kimi.v:160$541_Y, Q = \accum_bank[168]).
Adding EN signal on $procdff$7282 ($dff) from module x1_y5_kimi (D = $2\r[31:0], Q = \r).
Adding SRST signal on $procdff$7458 ($dff) from module x1_y5_kimi (D = $procmux$1284_Y, Q = \accum_bank[169], rval = 24'000000000000000000000000).
Adding EN signal on $auto$ff.cc:266:slice$7836 ($sdff) from module x1_y5_kimi (D = $add$experiments/x1/rtl/x1_y5_kimi.v:160$543_Y, Q = \accum_bank[169]).
Adding EN signal on $procdff$7283 ($dff) from module x1_y5_kimi (D = $2\c[31:0], Q = \c).
Adding SRST signal on $procdff$7459 ($dff) from module x1_y5_kimi (D = $procmux$1278_Y, Q = \accum_bank[170], rval = 24'000000000000000000000000).
Adding EN signal on $auto$ff.cc:266:slice$7839 ($sdff) from module x1_y5_kimi (D = $add$experiments/x1/rtl/x1_y5_kimi.v:160$545_Y, Q = \accum_bank[170]).
Adding EN signal on $procdff$7284 ($dff) from module x1_y5_kimi (D = 16, Q = \i).
Adding SRST signal on $procdff$7460 ($dff) from module x1_y5_kimi (D = $procmux$1272_Y, Q = \accum_bank[171], rval = 24'000000000000000000000000).
Adding EN signal on $auto$ff.cc:266:slice$7842 ($sdff) from module x1_y5_kimi (D = $add$experiments/x1/rtl/x1_y5_kimi.v:160$547_Y, Q = \accum_bank[171]).
Adding EN signal on $procdff$7285 ($dff) from module x1_y5_kimi (D = 16, Q = \j).
Adding SRST signal on $procdff$7461 ($dff) from module x1_y5_kimi (D = $procmux$1266_Y, Q = \accum_bank[172], rval = 24'000000000000000000000000).
Adding EN signal on $auto$ff.cc:266:slice$7845 ($sdff) from module x1_y5_kimi (D = $add$experiments/x1/rtl/x1_y5_kimi.v:160$549_Y, Q = \accum_bank[172]).
Adding EN signal on $procdff$7286 ($dff) from module x1_y5_kimi (D = $2\act_lane[3:0], Q = \act_lane).
Adding SRST signal on $procdff$7462 ($dff) from module x1_y5_kimi (D = $procmux$1260_Y, Q = \accum_bank[173], rval = 24'000000000000000000000000).
Adding EN signal on $auto$ff.cc:266:slice$7848 ($sdff) from module x1_y5_kimi (D = $add$experiments/x1/rtl/x1_y5_kimi.v:160$551_Y, Q = \accum_bank[173]).
Adding EN signal on $procdff$7287 ($dff) from module x1_y5_kimi (D = $2\weight_lane[3:0], Q = \weight_lane).
Adding SRST signal on $procdff$7463 ($dff) from module x1_y5_kimi (D = $procmux$1254_Y, Q = \accum_bank[174], rval = 24'000000000000000000000000).
Adding EN signal on $auto$ff.cc:266:slice$7851 ($sdff) from module x1_y5_kimi (D = $add$experiments/x1/rtl/x1_y5_kimi.v:160$553_Y, Q = \accum_bank[174]).
Adding EN signal on $procdff$7288 ($dff) from module x1_y5_kimi (D = $2\product[7:0], Q = \product).
Adding SRST signal on $procdff$7464 ($dff) from module x1_y5_kimi (D = $procmux$1248_Y, Q = \accum_bank[175], rval = 24'000000000000000000000000).
Adding EN signal on $auto$ff.cc:266:slice$7854 ($sdff) from module x1_y5_kimi (D = $add$experiments/x1/rtl/x1_y5_kimi.v:160$555_Y, Q = \accum_bank[175]).
Adding SRST signal on $procdff$7289 ($dff) from module x1_y5_kimi (D = $procmux$2298_Y, Q = \accum_bank[0], rval = 24'000000000000000000000000).
Adding EN signal on $auto$ff.cc:266:slice$7856 ($sdff) from module x1_y5_kimi (D = $add$experiments/x1/rtl/x1_y5_kimi.v:160$205_Y, Q = \accum_bank[0]).
Adding SRST signal on $procdff$7465 ($dff) from module x1_y5_kimi (D = $procmux$1242_Y, Q = \accum_bank[176], rval = 24'000000000000000000000000).
Adding EN signal on $auto$ff.cc:266:slice$7858 ($sdff) from module x1_y5_kimi (D = $add$experiments/x1/rtl/x1_y5_kimi.v:160$557_Y, Q = \accum_bank[176]).
Adding SRST signal on $procdff$7290 ($dff) from module x1_y5_kimi (D = $procmux$2292_Y, Q = \accum_bank[1], rval = 24'000000000000000000000000).
Adding EN signal on $auto$ff.cc:266:slice$7860 ($sdff) from module x1_y5_kimi (D = $add$experiments/x1/rtl/x1_y5_kimi.v:160$207_Y, Q = \accum_bank[1]).
Adding SRST signal on $procdff$7466 ($dff) from module x1_y5_kimi (D = $procmux$1236_Y, Q = \accum_bank[177], rval = 24'000000000000000000000000).
Adding EN signal on $auto$ff.cc:266:slice$7862 ($sdff) from module x1_y5_kimi (D = $add$experiments/x1/rtl/x1_y5_kimi.v:160$559_Y, Q = \accum_bank[177]).
Adding SRST signal on $procdff$7291 ($dff) from module x1_y5_kimi (D = $procmux$2286_Y, Q = \accum_bank[2], rval = 24'000000000000000000000000).
Adding EN signal on $auto$ff.cc:266:slice$7864 ($sdff) from module x1_y5_kimi (D = $add$experiments/x1/rtl/x1_y5_kimi.v:160$209_Y, Q = \accum_bank[2]).
Adding SRST signal on $procdff$7467 ($dff) from module x1_y5_kimi (D = $procmux$1230_Y, Q = \accum_bank[178], rval = 24'000000000000000000000000).
Adding EN signal on $auto$ff.cc:266:slice$7866 ($sdff) from module x1_y5_kimi (D = $add$experiments/x1/rtl/x1_y5_kimi.v:160$561_Y, Q = \accum_bank[178]).
Adding SRST signal on $procdff$7292 ($dff) from module x1_y5_kimi (D = $procmux$2280_Y, Q = \accum_bank[3], rval = 24'000000000000000000000000).
Adding EN signal on $auto$ff.cc:266:slice$7868 ($sdff) from module x1_y5_kimi (D = $add$experiments/x1/rtl/x1_y5_kimi.v:160$211_Y, Q = \accum_bank[3]).
Adding SRST signal on $procdff$7468 ($dff) from module x1_y5_kimi (D = $procmux$1224_Y, Q = \accum_bank[179], rval = 24'000000000000000000000000).
Adding EN signal on $auto$ff.cc:266:slice$7870 ($sdff) from module x1_y5_kimi (D = $add$experiments/x1/rtl/x1_y5_kimi.v:160$563_Y, Q = \accum_bank[179]).
Adding SRST signal on $procdff$7293 ($dff) from module x1_y5_kimi (D = $procmux$2274_Y, Q = \accum_bank[4], rval = 24'000000000000000000000000).
Adding EN signal on $auto$ff.cc:266:slice$7872 ($sdff) from module x1_y5_kimi (D = $add$experiments/x1/rtl/x1_y5_kimi.v:160$213_Y, Q = \accum_bank[4]).
Adding SRST signal on $procdff$7469 ($dff) from module x1_y5_kimi (D = $procmux$1218_Y, Q = \accum_bank[180], rval = 24'000000000000000000000000).
Adding EN signal on $auto$ff.cc:266:slice$7874 ($sdff) from module x1_y5_kimi (D = $add$experiments/x1/rtl/x1_y5_kimi.v:160$565_Y, Q = \accum_bank[180]).
Adding SRST signal on $procdff$7294 ($dff) from module x1_y5_kimi (D = $procmux$2268_Y, Q = \accum_bank[5], rval = 24'000000000000000000000000).
Adding EN signal on $auto$ff.cc:266:slice$7876 ($sdff) from module x1_y5_kimi (D = $add$experiments/x1/rtl/x1_y5_kimi.v:160$215_Y, Q = \accum_bank[5]).
Adding SRST signal on $procdff$7470 ($dff) from module x1_y5_kimi (D = $procmux$1212_Y, Q = \accum_bank[181], rval = 24'000000000000000000000000).
Adding EN signal on $auto$ff.cc:266:slice$7878 ($sdff) from module x1_y5_kimi (D = $add$experiments/x1/rtl/x1_y5_kimi.v:160$567_Y, Q = \accum_bank[181]).
Adding SRST signal on $procdff$7295 ($dff) from module x1_y5_kimi (D = $procmux$2262_Y, Q = \accum_bank[6], rval = 24'000000000000000000000000).
Adding EN signal on $auto$ff.cc:266:slice$7880 ($sdff) from module x1_y5_kimi (D = $add$experiments/x1/rtl/x1_y5_kimi.v:160$217_Y, Q = \accum_bank[6]).
Adding SRST signal on $procdff$7471 ($dff) from module x1_y5_kimi (D = $procmux$1206_Y, Q = \accum_bank[182], rval = 24'000000000000000000000000).
Adding EN signal on $auto$ff.cc:266:slice$7882 ($sdff) from module x1_y5_kimi (D = $add$experiments/x1/rtl/x1_y5_kimi.v:160$569_Y, Q = \accum_bank[182]).
Adding SRST signal on $procdff$7296 ($dff) from module x1_y5_kimi (D = $procmux$2256_Y, Q = \accum_bank[7], rval = 24'000000000000000000000000).
Adding EN signal on $auto$ff.cc:266:slice$7884 ($sdff) from module x1_y5_kimi (D = $add$experiments/x1/rtl/x1_y5_kimi.v:160$219_Y, Q = \accum_bank[7]).
Adding SRST signal on $procdff$7472 ($dff) from module x1_y5_kimi (D = $procmux$1200_Y, Q = \accum_bank[183], rval = 24'000000000000000000000000).
Adding EN signal on $auto$ff.cc:266:slice$7886 ($sdff) from module x1_y5_kimi (D = $add$experiments/x1/rtl/x1_y5_kimi.v:160$571_Y, Q = \accum_bank[183]).
Adding SRST signal on $procdff$7297 ($dff) from module x1_y5_kimi (D = $procmux$2250_Y, Q = \accum_bank[8], rval = 24'000000000000000000000000).
Adding EN signal on $auto$ff.cc:266:slice$7888 ($sdff) from module x1_y5_kimi (D = $add$experiments/x1/rtl/x1_y5_kimi.v:160$221_Y, Q = \accum_bank[8]).
Adding SRST signal on $procdff$7473 ($dff) from module x1_y5_kimi (D = $procmux$1194_Y, Q = \accum_bank[184], rval = 24'000000000000000000000000).
Adding EN signal on $auto$ff.cc:266:slice$7890 ($sdff) from module x1_y5_kimi (D = $add$experiments/x1/rtl/x1_y5_kimi.v:160$573_Y, Q = \accum_bank[184]).
Adding SRST signal on $procdff$7298 ($dff) from module x1_y5_kimi (D = $procmux$2244_Y, Q = \accum_bank[9], rval = 24'000000000000000000000000).
Adding EN signal on $auto$ff.cc:266:slice$7892 ($sdff) from module x1_y5_kimi (D = $add$experiments/x1/rtl/x1_y5_kimi.v:160$223_Y, Q = \accum_bank[9]).
Adding SRST signal on $procdff$7474 ($dff) from module x1_y5_kimi (D = $procmux$1188_Y, Q = \accum_bank[185], rval = 24'000000000000000000000000).
Adding EN signal on $auto$ff.cc:266:slice$7894 ($sdff) from module x1_y5_kimi (D = $add$experiments/x1/rtl/x1_y5_kimi.v:160$575_Y, Q = \accum_bank[185]).
Adding SRST signal on $procdff$7299 ($dff) from module x1_y5_kimi (D = $procmux$2238_Y, Q = \accum_bank[10], rval = 24'000000000000000000000000).
Adding EN signal on $auto$ff.cc:266:slice$7896 ($sdff) from module x1_y5_kimi (D = $add$experiments/x1/rtl/x1_y5_kimi.v:160$225_Y, Q = \accum_bank[10]).
Adding SRST signal on $procdff$7475 ($dff) from module x1_y5_kimi (D = $procmux$1182_Y, Q = \accum_bank[186], rval = 24'000000000000000000000000).
Adding EN signal on $auto$ff.cc:266:slice$7898 ($sdff) from module x1_y5_kimi (D = $add$experiments/x1/rtl/x1_y5_kimi.v:160$577_Y, Q = \accum_bank[186]).
Adding SRST signal on $procdff$7300 ($dff) from module x1_y5_kimi (D = $procmux$2232_Y, Q = \accum_bank[11], rval = 24'000000000000000000000000).
Adding EN signal on $auto$ff.cc:266:slice$7900 ($sdff) from module x1_y5_kimi (D = $add$experiments/x1/rtl/x1_y5_kimi.v:160$227_Y, Q = \accum_bank[11]).
Adding SRST signal on $procdff$7476 ($dff) from module x1_y5_kimi (D = $procmux$1176_Y, Q = \accum_bank[187], rval = 24'000000000000000000000000).
Adding EN signal on $auto$ff.cc:266:slice$7902 ($sdff) from module x1_y5_kimi (D = $add$experiments/x1/rtl/x1_y5_kimi.v:160$579_Y, Q = \accum_bank[187]).
Adding SRST signal on $procdff$7301 ($dff) from module x1_y5_kimi (D = $procmux$2226_Y, Q = \accum_bank[12], rval = 24'000000000000000000000000).
Adding EN signal on $auto$ff.cc:266:slice$7904 ($sdff) from module x1_y5_kimi (D = $add$experiments/x1/rtl/x1_y5_kimi.v:160$229_Y, Q = \accum_bank[12]).
Adding SRST signal on $procdff$7477 ($dff) from module x1_y5_kimi (D = $procmux$1170_Y, Q = \accum_bank[188], rval = 24'000000000000000000000000).
Adding EN signal on $auto$ff.cc:266:slice$7906 ($sdff) from module x1_y5_kimi (D = $add$experiments/x1/rtl/x1_y5_kimi.v:160$581_Y, Q = \accum_bank[188]).
Adding SRST signal on $procdff$7302 ($dff) from module x1_y5_kimi (D = $procmux$2220_Y, Q = \accum_bank[13], rval = 24'000000000000000000000000).
Adding EN signal on $auto$ff.cc:266:slice$7908 ($sdff) from module x1_y5_kimi (D = $add$experiments/x1/rtl/x1_y5_kimi.v:160$231_Y, Q = \accum_bank[13]).
Adding SRST signal on $procdff$7478 ($dff) from module x1_y5_kimi (D = $procmux$1164_Y, Q = \accum_bank[189], rval = 24'000000000000000000000000).
Adding EN signal on $auto$ff.cc:266:slice$7910 ($sdff) from module x1_y5_kimi (D = $add$experiments/x1/rtl/x1_y5_kimi.v:160$583_Y, Q = \accum_bank[189]).
Adding SRST signal on $procdff$7303 ($dff) from module x1_y5_kimi (D = $procmux$2214_Y, Q = \accum_bank[14], rval = 24'000000000000000000000000).
Adding EN signal on $auto$ff.cc:266:slice$7912 ($sdff) from module x1_y5_kimi (D = $add$experiments/x1/rtl/x1_y5_kimi.v:160$233_Y, Q = \accum_bank[14]).
Adding SRST signal on $procdff$7479 ($dff) from module x1_y5_kimi (D = $procmux$1158_Y, Q = \accum_bank[190], rval = 24'000000000000000000000000).
Adding EN signal on $auto$ff.cc:266:slice$7914 ($sdff) from module x1_y5_kimi (D = $add$experiments/x1/rtl/x1_y5_kimi.v:160$585_Y, Q = \accum_bank[190]).
Adding SRST signal on $procdff$7304 ($dff) from module x1_y5_kimi (D = $procmux$2208_Y, Q = \accum_bank[15], rval = 24'000000000000000000000000).
Adding EN signal on $auto$ff.cc:266:slice$7916 ($sdff) from module x1_y5_kimi (D = $add$experiments/x1/rtl/x1_y5_kimi.v:160$235_Y, Q = \accum_bank[15]).
Adding SRST signal on $procdff$7480 ($dff) from module x1_y5_kimi (D = $procmux$1152_Y, Q = \accum_bank[191], rval = 24'000000000000000000000000).
Adding EN signal on $auto$ff.cc:266:slice$7918 ($sdff) from module x1_y5_kimi (D = $add$experiments/x1/rtl/x1_y5_kimi.v:160$587_Y, Q = \accum_bank[191]).
Adding SRST signal on $procdff$7305 ($dff) from module x1_y5_kimi (D = $procmux$2202_Y, Q = \accum_bank[16], rval = 24'000000000000000000000000).
Adding EN signal on $auto$ff.cc:266:slice$7920 ($sdff) from module x1_y5_kimi (D = $add$experiments/x1/rtl/x1_y5_kimi.v:160$237_Y, Q = \accum_bank[16]).
Adding SRST signal on $procdff$7481 ($dff) from module x1_y5_kimi (D = $procmux$1146_Y, Q = \accum_bank[192], rval = 24'000000000000000000000000).
Adding EN signal on $auto$ff.cc:266:slice$7922 ($sdff) from module x1_y5_kimi (D = $add$experiments/x1/rtl/x1_y5_kimi.v:160$589_Y, Q = \accum_bank[192]).
Adding SRST signal on $procdff$7306 ($dff) from module x1_y5_kimi (D = $procmux$2196_Y, Q = \accum_bank[17], rval = 24'000000000000000000000000).
Adding EN signal on $auto$ff.cc:266:slice$7924 ($sdff) from module x1_y5_kimi (D = $add$experiments/x1/rtl/x1_y5_kimi.v:160$239_Y, Q = \accum_bank[17]).
Adding SRST signal on $procdff$7482 ($dff) from module x1_y5_kimi (D = $procmux$1140_Y, Q = \accum_bank[193], rval = 24'000000000000000000000000).
Adding EN signal on $auto$ff.cc:266:slice$7926 ($sdff) from module x1_y5_kimi (D = $add$experiments/x1/rtl/x1_y5_kimi.v:160$591_Y, Q = \accum_bank[193]).
Adding SRST signal on $procdff$7307 ($dff) from module x1_y5_kimi (D = $procmux$2190_Y, Q = \accum_bank[18], rval = 24'000000000000000000000000).
Adding EN signal on $auto$ff.cc:266:slice$7928 ($sdff) from module x1_y5_kimi (D = $add$experiments/x1/rtl/x1_y5_kimi.v:160$241_Y, Q = \accum_bank[18]).
Adding SRST signal on $procdff$7483 ($dff) from module x1_y5_kimi (D = $procmux$1134_Y, Q = \accum_bank[194], rval = 24'000000000000000000000000).
Adding EN signal on $auto$ff.cc:266:slice$7930 ($sdff) from module x1_y5_kimi (D = $add$experiments/x1/rtl/x1_y5_kimi.v:160$593_Y, Q = \accum_bank[194]).
Adding SRST signal on $procdff$7308 ($dff) from module x1_y5_kimi (D = $procmux$2184_Y, Q = \accum_bank[19], rval = 24'000000000000000000000000).
Adding EN signal on $auto$ff.cc:266:slice$7932 ($sdff) from module x1_y5_kimi (D = $add$experiments/x1/rtl/x1_y5_kimi.v:160$243_Y, Q = \accum_bank[19]).
Adding SRST signal on $procdff$7484 ($dff) from module x1_y5_kimi (D = $procmux$1128_Y, Q = \accum_bank[195], rval = 24'000000000000000000000000).
Adding EN signal on $auto$ff.cc:266:slice$7934 ($sdff) from module x1_y5_kimi (D = $add$experiments/x1/rtl/x1_y5_kimi.v:160$595_Y, Q = \accum_bank[195]).
Adding SRST signal on $procdff$7309 ($dff) from module x1_y5_kimi (D = $procmux$2178_Y, Q = \accum_bank[20], rval = 24'000000000000000000000000).
Adding EN signal on $auto$ff.cc:266:slice$7936 ($sdff) from module x1_y5_kimi (D = $add$experiments/x1/rtl/x1_y5_kimi.v:160$245_Y, Q = \accum_bank[20]).
Adding SRST signal on $procdff$7485 ($dff) from module x1_y5_kimi (D = $procmux$1122_Y, Q = \accum_bank[196], rval = 24'000000000000000000000000).
Adding EN signal on $auto$ff.cc:266:slice$7938 ($sdff) from module x1_y5_kimi (D = $add$experiments/x1/rtl/x1_y5_kimi.v:160$597_Y, Q = \accum_bank[196]).
Adding SRST signal on $procdff$7310 ($dff) from module x1_y5_kimi (D = $procmux$2172_Y, Q = \accum_bank[21], rval = 24'000000000000000000000000).
Adding EN signal on $auto$ff.cc:266:slice$7940 ($sdff) from module x1_y5_kimi (D = $add$experiments/x1/rtl/x1_y5_kimi.v:160$247_Y, Q = \accum_bank[21]).
Adding SRST signal on $procdff$7486 ($dff) from module x1_y5_kimi (D = $procmux$1116_Y, Q = \accum_bank[197], rval = 24'000000000000000000000000).
Adding EN signal on $auto$ff.cc:266:slice$7942 ($sdff) from module x1_y5_kimi (D = $add$experiments/x1/rtl/x1_y5_kimi.v:160$599_Y, Q = \accum_bank[197]).
Adding SRST signal on $procdff$7311 ($dff) from module x1_y5_kimi (D = $procmux$2166_Y, Q = \accum_bank[22], rval = 24'000000000000000000000000).
Adding EN signal on $auto$ff.cc:266:slice$7944 ($sdff) from module x1_y5_kimi (D = $add$experiments/x1/rtl/x1_y5_kimi.v:160$249_Y, Q = \accum_bank[22]).
Adding SRST signal on $procdff$7487 ($dff) from module x1_y5_kimi (D = $procmux$1110_Y, Q = \accum_bank[198], rval = 24'000000000000000000000000).
Adding EN signal on $auto$ff.cc:266:slice$7946 ($sdff) from module x1_y5_kimi (D = $add$experiments/x1/rtl/x1_y5_kimi.v:160$601_Y, Q = \accum_bank[198]).
Adding SRST signal on $procdff$7312 ($dff) from module x1_y5_kimi (D = $procmux$2160_Y, Q = \accum_bank[23], rval = 24'000000000000000000000000).
Adding EN signal on $auto$ff.cc:266:slice$7948 ($sdff) from module x1_y5_kimi (D = $add$experiments/x1/rtl/x1_y5_kimi.v:160$251_Y, Q = \accum_bank[23]).
Adding SRST signal on $procdff$7488 ($dff) from module x1_y5_kimi (D = $procmux$1104_Y, Q = \accum_bank[199], rval = 24'000000000000000000000000).
Adding EN signal on $auto$ff.cc:266:slice$7950 ($sdff) from module x1_y5_kimi (D = $add$experiments/x1/rtl/x1_y5_kimi.v:160$603_Y, Q = \accum_bank[199]).
Adding SRST signal on $procdff$7313 ($dff) from module x1_y5_kimi (D = $procmux$2154_Y, Q = \accum_bank[24], rval = 24'000000000000000000000000).
Adding EN signal on $auto$ff.cc:266:slice$7952 ($sdff) from module x1_y5_kimi (D = $add$experiments/x1/rtl/x1_y5_kimi.v:160$253_Y, Q = \accum_bank[24]).
Adding SRST signal on $procdff$7489 ($dff) from module x1_y5_kimi (D = $procmux$1098_Y, Q = \accum_bank[200], rval = 24'000000000000000000000000).
Adding EN signal on $auto$ff.cc:266:slice$7954 ($sdff) from module x1_y5_kimi (D = $add$experiments/x1/rtl/x1_y5_kimi.v:160$605_Y, Q = \accum_bank[200]).
Adding SRST signal on $procdff$7314 ($dff) from module x1_y5_kimi (D = $procmux$2148_Y, Q = \accum_bank[25], rval = 24'000000000000000000000000).
Adding EN signal on $auto$ff.cc:266:slice$7956 ($sdff) from module x1_y5_kimi (D = $add$experiments/x1/rtl/x1_y5_kimi.v:160$255_Y, Q = \accum_bank[25]).
Adding SRST signal on $procdff$7490 ($dff) from module x1_y5_kimi (D = $procmux$1092_Y, Q = \accum_bank[201], rval = 24'000000000000000000000000).
Adding EN signal on $auto$ff.cc:266:slice$7958 ($sdff) from module x1_y5_kimi (D = $add$experiments/x1/rtl/x1_y5_kimi.v:160$607_Y, Q = \accum_bank[201]).
Adding SRST signal on $procdff$7315 ($dff) from module x1_y5_kimi (D = $procmux$2142_Y, Q = \accum_bank[26], rval = 24'000000000000000000000000).
Adding EN signal on $auto$ff.cc:266:slice$7960 ($sdff) from module x1_y5_kimi (D = $add$experiments/x1/rtl/x1_y5_kimi.v:160$257_Y, Q = \accum_bank[26]).
Adding SRST signal on $procdff$7491 ($dff) from module x1_y5_kimi (D = $procmux$1086_Y, Q = \accum_bank[202], rval = 24'000000000000000000000000).
Adding EN signal on $auto$ff.cc:266:slice$7962 ($sdff) from module x1_y5_kimi (D = $add$experiments/x1/rtl/x1_y5_kimi.v:160$609_Y, Q = \accum_bank[202]).
Adding SRST signal on $procdff$7316 ($dff) from module x1_y5_kimi (D = $procmux$2136_Y, Q = \accum_bank[27], rval = 24'000000000000000000000000).
Adding EN signal on $auto$ff.cc:266:slice$7964 ($sdff) from module x1_y5_kimi (D = $add$experiments/x1/rtl/x1_y5_kimi.v:160$259_Y, Q = \accum_bank[27]).
Adding SRST signal on $procdff$7492 ($dff) from module x1_y5_kimi (D = $procmux$1080_Y, Q = \accum_bank[203], rval = 24'000000000000000000000000).
Adding EN signal on $auto$ff.cc:266:slice$7966 ($sdff) from module x1_y5_kimi (D = $add$experiments/x1/rtl/x1_y5_kimi.v:160$611_Y, Q = \accum_bank[203]).
Adding SRST signal on $procdff$7317 ($dff) from module x1_y5_kimi (D = $procmux$2130_Y, Q = \accum_bank[28], rval = 24'000000000000000000000000).
Adding EN signal on $auto$ff.cc:266:slice$7968 ($sdff) from module x1_y5_kimi (D = $add$experiments/x1/rtl/x1_y5_kimi.v:160$261_Y, Q = \accum_bank[28]).
Adding SRST signal on $procdff$7493 ($dff) from module x1_y5_kimi (D = $procmux$1074_Y, Q = \accum_bank[204], rval = 24'000000000000000000000000).
Adding EN signal on $auto$ff.cc:266:slice$7970 ($sdff) from module x1_y5_kimi (D = $add$experiments/x1/rtl/x1_y5_kimi.v:160$613_Y, Q = \accum_bank[204]).
Adding SRST signal on $procdff$7318 ($dff) from module x1_y5_kimi (D = $procmux$2124_Y, Q = \accum_bank[29], rval = 24'000000000000000000000000).
Adding EN signal on $auto$ff.cc:266:slice$7972 ($sdff) from module x1_y5_kimi (D = $add$experiments/x1/rtl/x1_y5_kimi.v:160$263_Y, Q = \accum_bank[29]).
Adding SRST signal on $procdff$7494 ($dff) from module x1_y5_kimi (D = $procmux$1068_Y, Q = \accum_bank[205], rval = 24'000000000000000000000000).
Adding EN signal on $auto$ff.cc:266:slice$7974 ($sdff) from module x1_y5_kimi (D = $add$experiments/x1/rtl/x1_y5_kimi.v:160$615_Y, Q = \accum_bank[205]).
Adding SRST signal on $procdff$7319 ($dff) from module x1_y5_kimi (D = $procmux$2118_Y, Q = \accum_bank[30], rval = 24'000000000000000000000000).
Adding EN signal on $auto$ff.cc:266:slice$7976 ($sdff) from module x1_y5_kimi (D = $add$experiments/x1/rtl/x1_y5_kimi.v:160$265_Y, Q = \accum_bank[30]).
Adding SRST signal on $procdff$7495 ($dff) from module x1_y5_kimi (D = $procmux$1062_Y, Q = \accum_bank[206], rval = 24'000000000000000000000000).
Adding EN signal on $auto$ff.cc:266:slice$7978 ($sdff) from module x1_y5_kimi (D = $add$experiments/x1/rtl/x1_y5_kimi.v:160$617_Y, Q = \accum_bank[206]).
Adding SRST signal on $procdff$7320 ($dff) from module x1_y5_kimi (D = $procmux$2112_Y, Q = \accum_bank[31], rval = 24'000000000000000000000000).
Adding EN signal on $auto$ff.cc:266:slice$7980 ($sdff) from module x1_y5_kimi (D = $add$experiments/x1/rtl/x1_y5_kimi.v:160$267_Y, Q = \accum_bank[31]).
Adding SRST signal on $procdff$7496 ($dff) from module x1_y5_kimi (D = $procmux$1056_Y, Q = \accum_bank[207], rval = 24'000000000000000000000000).
Adding EN signal on $auto$ff.cc:266:slice$7982 ($sdff) from module x1_y5_kimi (D = $add$experiments/x1/rtl/x1_y5_kimi.v:160$619_Y, Q = \accum_bank[207]).
Adding SRST signal on $procdff$7321 ($dff) from module x1_y5_kimi (D = $procmux$2106_Y, Q = \accum_bank[32], rval = 24'000000000000000000000000).
Adding EN signal on $auto$ff.cc:266:slice$7984 ($sdff) from module x1_y5_kimi (D = $add$experiments/x1/rtl/x1_y5_kimi.v:160$269_Y, Q = \accum_bank[32]).
Adding SRST signal on $procdff$7497 ($dff) from module x1_y5_kimi (D = $procmux$1050_Y, Q = \accum_bank[208], rval = 24'000000000000000000000000).
Adding EN signal on $auto$ff.cc:266:slice$7986 ($sdff) from module x1_y5_kimi (D = $add$experiments/x1/rtl/x1_y5_kimi.v:160$621_Y, Q = \accum_bank[208]).
Adding SRST signal on $procdff$7322 ($dff) from module x1_y5_kimi (D = $procmux$2100_Y, Q = \accum_bank[33], rval = 24'000000000000000000000000).
Adding EN signal on $auto$ff.cc:266:slice$7988 ($sdff) from module x1_y5_kimi (D = $add$experiments/x1/rtl/x1_y5_kimi.v:160$271_Y, Q = \accum_bank[33]).
Adding SRST signal on $procdff$7498 ($dff) from module x1_y5_kimi (D = $procmux$1044_Y, Q = \accum_bank[209], rval = 24'000000000000000000000000).
Adding EN signal on $auto$ff.cc:266:slice$7990 ($sdff) from module x1_y5_kimi (D = $add$experiments/x1/rtl/x1_y5_kimi.v:160$623_Y, Q = \accum_bank[209]).
Adding SRST signal on $procdff$7323 ($dff) from module x1_y5_kimi (D = $procmux$2094_Y, Q = \accum_bank[34], rval = 24'000000000000000000000000).
Adding EN signal on $auto$ff.cc:266:slice$7992 ($sdff) from module x1_y5_kimi (D = $add$experiments/x1/rtl/x1_y5_kimi.v:160$273_Y, Q = \accum_bank[34]).
Adding SRST signal on $procdff$7499 ($dff) from module x1_y5_kimi (D = $procmux$1038_Y, Q = \accum_bank[210], rval = 24'000000000000000000000000).
Adding EN signal on $auto$ff.cc:266:slice$7994 ($sdff) from module x1_y5_kimi (D = $add$experiments/x1/rtl/x1_y5_kimi.v:160$625_Y, Q = \accum_bank[210]).
Adding SRST signal on $procdff$7324 ($dff) from module x1_y5_kimi (D = $procmux$2088_Y, Q = \accum_bank[35], rval = 24'000000000000000000000000).
Adding EN signal on $auto$ff.cc:266:slice$7996 ($sdff) from module x1_y5_kimi (D = $add$experiments/x1/rtl/x1_y5_kimi.v:160$275_Y, Q = \accum_bank[35]).
Adding SRST signal on $procdff$7500 ($dff) from module x1_y5_kimi (D = $procmux$1032_Y, Q = \accum_bank[211], rval = 24'000000000000000000000000).
Adding EN signal on $auto$ff.cc:266:slice$7998 ($sdff) from module x1_y5_kimi (D = $add$experiments/x1/rtl/x1_y5_kimi.v:160$627_Y, Q = \accum_bank[211]).
Adding SRST signal on $procdff$7325 ($dff) from module x1_y5_kimi (D = $procmux$2082_Y, Q = \accum_bank[36], rval = 24'000000000000000000000000).
Adding EN signal on $auto$ff.cc:266:slice$8000 ($sdff) from module x1_y5_kimi (D = $add$experiments/x1/rtl/x1_y5_kimi.v:160$277_Y, Q = \accum_bank[36]).
Adding SRST signal on $procdff$7501 ($dff) from module x1_y5_kimi (D = $procmux$1026_Y, Q = \accum_bank[212], rval = 24'000000000000000000000000).
Adding EN signal on $auto$ff.cc:266:slice$8002 ($sdff) from module x1_y5_kimi (D = $add$experiments/x1/rtl/x1_y5_kimi.v:160$629_Y, Q = \accum_bank[212]).
Adding SRST signal on $procdff$7326 ($dff) from module x1_y5_kimi (D = $procmux$2076_Y, Q = \accum_bank[37], rval = 24'000000000000000000000000).
Adding EN signal on $auto$ff.cc:266:slice$8004 ($sdff) from module x1_y5_kimi (D = $add$experiments/x1/rtl/x1_y5_kimi.v:160$279_Y, Q = \accum_bank[37]).
Adding SRST signal on $procdff$7502 ($dff) from module x1_y5_kimi (D = $procmux$1020_Y, Q = \accum_bank[213], rval = 24'000000000000000000000000).
Adding EN signal on $auto$ff.cc:266:slice$8006 ($sdff) from module x1_y5_kimi (D = $add$experiments/x1/rtl/x1_y5_kimi.v:160$631_Y, Q = \accum_bank[213]).
Adding SRST signal on $procdff$7327 ($dff) from module x1_y5_kimi (D = $procmux$2070_Y, Q = \accum_bank[38], rval = 24'000000000000000000000000).
Adding EN signal on $auto$ff.cc:266:slice$8008 ($sdff) from module x1_y5_kimi (D = $add$experiments/x1/rtl/x1_y5_kimi.v:160$281_Y, Q = \accum_bank[38]).
Adding SRST signal on $procdff$7503 ($dff) from module x1_y5_kimi (D = $procmux$1014_Y, Q = \accum_bank[214], rval = 24'000000000000000000000000).
Adding EN signal on $auto$ff.cc:266:slice$8010 ($sdff) from module x1_y5_kimi (D = $add$experiments/x1/rtl/x1_y5_kimi.v:160$633_Y, Q = \accum_bank[214]).
Adding SRST signal on $procdff$7328 ($dff) from module x1_y5_kimi (D = $procmux$2064_Y, Q = \accum_bank[39], rval = 24'000000000000000000000000).
Adding EN signal on $auto$ff.cc:266:slice$8012 ($sdff) from module x1_y5_kimi (D = $add$experiments/x1/rtl/x1_y5_kimi.v:160$283_Y, Q = \accum_bank[39]).
Adding SRST signal on $procdff$7504 ($dff) from module x1_y5_kimi (D = $procmux$1008_Y, Q = \accum_bank[215], rval = 24'000000000000000000000000).
Adding EN signal on $auto$ff.cc:266:slice$8014 ($sdff) from module x1_y5_kimi (D = $add$experiments/x1/rtl/x1_y5_kimi.v:160$635_Y, Q = \accum_bank[215]).
Adding SRST signal on $procdff$7329 ($dff) from module x1_y5_kimi (D = $procmux$2058_Y, Q = \accum_bank[40], rval = 24'000000000000000000000000).
Adding EN signal on $auto$ff.cc:266:slice$8016 ($sdff) from module x1_y5_kimi (D = $add$experiments/x1/rtl/x1_y5_kimi.v:160$285_Y, Q = \accum_bank[40]).
Adding SRST signal on $procdff$7505 ($dff) from module x1_y5_kimi (D = $procmux$1002_Y, Q = \accum_bank[216], rval = 24'000000000000000000000000).
Adding EN signal on $auto$ff.cc:266:slice$8018 ($sdff) from module x1_y5_kimi (D = $add$experiments/x1/rtl/x1_y5_kimi.v:160$637_Y, Q = \accum_bank[216]).
Adding SRST signal on $procdff$7330 ($dff) from module x1_y5_kimi (D = $procmux$2052_Y, Q = \accum_bank[41], rval = 24'000000000000000000000000).
Adding EN signal on $auto$ff.cc:266:slice$8020 ($sdff) from module x1_y5_kimi (D = $add$experiments/x1/rtl/x1_y5_kimi.v:160$287_Y, Q = \accum_bank[41]).
Adding SRST signal on $procdff$7506 ($dff) from module x1_y5_kimi (D = $procmux$996_Y, Q = \accum_bank[217], rval = 24'000000000000000000000000).
Adding EN signal on $auto$ff.cc:266:slice$8022 ($sdff) from module x1_y5_kimi (D = $add$experiments/x1/rtl/x1_y5_kimi.v:160$639_Y, Q = \accum_bank[217]).
Adding SRST signal on $procdff$7331 ($dff) from module x1_y5_kimi (D = $procmux$2046_Y, Q = \accum_bank[42], rval = 24'000000000000000000000000).
Adding EN signal on $auto$ff.cc:266:slice$8024 ($sdff) from module x1_y5_kimi (D = $add$experiments/x1/rtl/x1_y5_kimi.v:160$289_Y, Q = \accum_bank[42]).
Adding SRST signal on $procdff$7507 ($dff) from module x1_y5_kimi (D = $procmux$990_Y, Q = \accum_bank[218], rval = 24'000000000000000000000000).
Adding EN signal on $auto$ff.cc:266:slice$8026 ($sdff) from module x1_y5_kimi (D = $add$experiments/x1/rtl/x1_y5_kimi.v:160$641_Y, Q = \accum_bank[218]).
Adding SRST signal on $procdff$7332 ($dff) from module x1_y5_kimi (D = $procmux$2040_Y, Q = \accum_bank[43], rval = 24'000000000000000000000000).
Adding EN signal on $auto$ff.cc:266:slice$8028 ($sdff) from module x1_y5_kimi (D = $add$experiments/x1/rtl/x1_y5_kimi.v:160$291_Y, Q = \accum_bank[43]).
Adding SRST signal on $procdff$7508 ($dff) from module x1_y5_kimi (D = $procmux$984_Y, Q = \accum_bank[219], rval = 24'000000000000000000000000).
Adding EN signal on $auto$ff.cc:266:slice$8030 ($sdff) from module x1_y5_kimi (D = $add$experiments/x1/rtl/x1_y5_kimi.v:160$643_Y, Q = \accum_bank[219]).
Adding SRST signal on $procdff$7333 ($dff) from module x1_y5_kimi (D = $procmux$2034_Y, Q = \accum_bank[44], rval = 24'000000000000000000000000).
Adding EN signal on $auto$ff.cc:266:slice$8032 ($sdff) from module x1_y5_kimi (D = $add$experiments/x1/rtl/x1_y5_kimi.v:160$293_Y, Q = \accum_bank[44]).
Adding SRST signal on $procdff$7509 ($dff) from module x1_y5_kimi (D = $procmux$978_Y, Q = \accum_bank[220], rval = 24'000000000000000000000000).
Adding EN signal on $auto$ff.cc:266:slice$8034 ($sdff) from module x1_y5_kimi (D = $add$experiments/x1/rtl/x1_y5_kimi.v:160$645_Y, Q = \accum_bank[220]).
Adding SRST signal on $procdff$7334 ($dff) from module x1_y5_kimi (D = $procmux$2028_Y, Q = \accum_bank[45], rval = 24'000000000000000000000000).
Adding EN signal on $auto$ff.cc:266:slice$8036 ($sdff) from module x1_y5_kimi (D = $add$experiments/x1/rtl/x1_y5_kimi.v:160$295_Y, Q = \accum_bank[45]).
Adding SRST signal on $procdff$7510 ($dff) from module x1_y5_kimi (D = $procmux$972_Y, Q = \accum_bank[221], rval = 24'000000000000000000000000).
Adding EN signal on $auto$ff.cc:266:slice$8038 ($sdff) from module x1_y5_kimi (D = $add$experiments/x1/rtl/x1_y5_kimi.v:160$647_Y, Q = \accum_bank[221]).
Adding SRST signal on $procdff$7335 ($dff) from module x1_y5_kimi (D = $procmux$2022_Y, Q = \accum_bank[46], rval = 24'000000000000000000000000).
Adding EN signal on $auto$ff.cc:266:slice$8040 ($sdff) from module x1_y5_kimi (D = $add$experiments/x1/rtl/x1_y5_kimi.v:160$297_Y, Q = \accum_bank[46]).
Adding SRST signal on $procdff$7511 ($dff) from module x1_y5_kimi (D = $procmux$966_Y, Q = \accum_bank[222], rval = 24'000000000000000000000000).
Adding EN signal on $auto$ff.cc:266:slice$8042 ($sdff) from module x1_y5_kimi (D = $add$experiments/x1/rtl/x1_y5_kimi.v:160$649_Y, Q = \accum_bank[222]).
Adding SRST signal on $procdff$7336 ($dff) from module x1_y5_kimi (D = $procmux$2016_Y, Q = \accum_bank[47], rval = 24'000000000000000000000000).
Adding EN signal on $auto$ff.cc:266:slice$8044 ($sdff) from module x1_y5_kimi (D = $add$experiments/x1/rtl/x1_y5_kimi.v:160$299_Y, Q = \accum_bank[47]).
Adding SRST signal on $procdff$7512 ($dff) from module x1_y5_kimi (D = $procmux$960_Y, Q = \accum_bank[223], rval = 24'000000000000000000000000).
Adding EN signal on $auto$ff.cc:266:slice$8046 ($sdff) from module x1_y5_kimi (D = $add$experiments/x1/rtl/x1_y5_kimi.v:160$651_Y, Q = \accum_bank[223]).
Adding SRST signal on $procdff$7337 ($dff) from module x1_y5_kimi (D = $procmux$2010_Y, Q = \accum_bank[48], rval = 24'000000000000000000000000).
Adding EN signal on $auto$ff.cc:266:slice$8048 ($sdff) from module x1_y5_kimi (D = $add$experiments/x1/rtl/x1_y5_kimi.v:160$301_Y, Q = \accum_bank[48]).
Adding SRST signal on $procdff$7513 ($dff) from module x1_y5_kimi (D = $procmux$954_Y, Q = \accum_bank[224], rval = 24'000000000000000000000000).
Adding EN signal on $auto$ff.cc:266:slice$8050 ($sdff) from module x1_y5_kimi (D = $add$experiments/x1/rtl/x1_y5_kimi.v:160$653_Y, Q = \accum_bank[224]).
Adding SRST signal on $procdff$7338 ($dff) from module x1_y5_kimi (D = $procmux$2004_Y, Q = \accum_bank[49], rval = 24'000000000000000000000000).
Adding EN signal on $auto$ff.cc:266:slice$8052 ($sdff) from module x1_y5_kimi (D = $add$experiments/x1/rtl/x1_y5_kimi.v:160$303_Y, Q = \accum_bank[49]).
Adding SRST signal on $procdff$7514 ($dff) from module x1_y5_kimi (D = $procmux$948_Y, Q = \accum_bank[225], rval = 24'000000000000000000000000).
Adding EN signal on $auto$ff.cc:266:slice$8054 ($sdff) from module x1_y5_kimi (D = $add$experiments/x1/rtl/x1_y5_kimi.v:160$655_Y, Q = \accum_bank[225]).
Adding SRST signal on $procdff$7339 ($dff) from module x1_y5_kimi (D = $procmux$1998_Y, Q = \accum_bank[50], rval = 24'000000000000000000000000).
Adding EN signal on $auto$ff.cc:266:slice$8056 ($sdff) from module x1_y5_kimi (D = $add$experiments/x1/rtl/x1_y5_kimi.v:160$305_Y, Q = \accum_bank[50]).
Adding SRST signal on $procdff$7515 ($dff) from module x1_y5_kimi (D = $procmux$942_Y, Q = \accum_bank[226], rval = 24'000000000000000000000000).
Adding EN signal on $auto$ff.cc:266:slice$8058 ($sdff) from module x1_y5_kimi (D = $add$experiments/x1/rtl/x1_y5_kimi.v:160$657_Y, Q = \accum_bank[226]).
Adding SRST signal on $procdff$7340 ($dff) from module x1_y5_kimi (D = $procmux$1992_Y, Q = \accum_bank[51], rval = 24'000000000000000000000000).
Adding EN signal on $auto$ff.cc:266:slice$8060 ($sdff) from module x1_y5_kimi (D = $add$experiments/x1/rtl/x1_y5_kimi.v:160$307_Y, Q = \accum_bank[51]).
Adding SRST signal on $procdff$7516 ($dff) from module x1_y5_kimi (D = $procmux$936_Y, Q = \accum_bank[227], rval = 24'000000000000000000000000).
Adding EN signal on $auto$ff.cc:266:slice$8062 ($sdff) from module x1_y5_kimi (D = $add$experiments/x1/rtl/x1_y5_kimi.v:160$659_Y, Q = \accum_bank[227]).
Adding SRST signal on $procdff$7341 ($dff) from module x1_y5_kimi (D = $procmux$1986_Y, Q = \accum_bank[52], rval = 24'000000000000000000000000).
Adding EN signal on $auto$ff.cc:266:slice$8064 ($sdff) from module x1_y5_kimi (D = $add$experiments/x1/rtl/x1_y5_kimi.v:160$309_Y, Q = \accum_bank[52]).
Adding SRST signal on $procdff$7517 ($dff) from module x1_y5_kimi (D = $procmux$930_Y, Q = \accum_bank[228], rval = 24'000000000000000000000000).
Adding EN signal on $auto$ff.cc:266:slice$8066 ($sdff) from module x1_y5_kimi (D = $add$experiments/x1/rtl/x1_y5_kimi.v:160$661_Y, Q = \accum_bank[228]).
Adding SRST signal on $procdff$7342 ($dff) from module x1_y5_kimi (D = $procmux$1980_Y, Q = \accum_bank[53], rval = 24'000000000000000000000000).
Adding EN signal on $auto$ff.cc:266:slice$8068 ($sdff) from module x1_y5_kimi (D = $add$experiments/x1/rtl/x1_y5_kimi.v:160$311_Y, Q = \accum_bank[53]).
Adding SRST signal on $procdff$7518 ($dff) from module x1_y5_kimi (D = $procmux$924_Y, Q = \accum_bank[229], rval = 24'000000000000000000000000).
Adding EN signal on $auto$ff.cc:266:slice$8070 ($sdff) from module x1_y5_kimi (D = $add$experiments/x1/rtl/x1_y5_kimi.v:160$663_Y, Q = \accum_bank[229]).
Adding SRST signal on $procdff$7343 ($dff) from module x1_y5_kimi (D = $procmux$1974_Y, Q = \accum_bank[54], rval = 24'000000000000000000000000).
Adding EN signal on $auto$ff.cc:266:slice$8072 ($sdff) from module x1_y5_kimi (D = $add$experiments/x1/rtl/x1_y5_kimi.v:160$313_Y, Q = \accum_bank[54]).
Adding SRST signal on $procdff$7519 ($dff) from module x1_y5_kimi (D = $procmux$918_Y, Q = \accum_bank[230], rval = 24'000000000000000000000000).
Adding EN signal on $auto$ff.cc:266:slice$8074 ($sdff) from module x1_y5_kimi (D = $add$experiments/x1/rtl/x1_y5_kimi.v:160$665_Y, Q = \accum_bank[230]).
Adding SRST signal on $procdff$7344 ($dff) from module x1_y5_kimi (D = $procmux$1968_Y, Q = \accum_bank[55], rval = 24'000000000000000000000000).
Adding EN signal on $auto$ff.cc:266:slice$8076 ($sdff) from module x1_y5_kimi (D = $add$experiments/x1/rtl/x1_y5_kimi.v:160$315_Y, Q = \accum_bank[55]).
Adding SRST signal on $procdff$7520 ($dff) from module x1_y5_kimi (D = $procmux$912_Y, Q = \accum_bank[231], rval = 24'000000000000000000000000).
Adding EN signal on $auto$ff.cc:266:slice$8078 ($sdff) from module x1_y5_kimi (D = $add$experiments/x1/rtl/x1_y5_kimi.v:160$667_Y, Q = \accum_bank[231]).
Adding SRST signal on $procdff$7345 ($dff) from module x1_y5_kimi (D = $procmux$1962_Y, Q = \accum_bank[56], rval = 24'000000000000000000000000).
Adding EN signal on $auto$ff.cc:266:slice$8080 ($sdff) from module x1_y5_kimi (D = $add$experiments/x1/rtl/x1_y5_kimi.v:160$317_Y, Q = \accum_bank[56]).
Adding SRST signal on $procdff$7521 ($dff) from module x1_y5_kimi (D = $procmux$906_Y, Q = \accum_bank[232], rval = 24'000000000000000000000000).
Adding EN signal on $auto$ff.cc:266:slice$8082 ($sdff) from module x1_y5_kimi (D = $add$experiments/x1/rtl/x1_y5_kimi.v:160$669_Y, Q = \accum_bank[232]).
Adding SRST signal on $procdff$7346 ($dff) from module x1_y5_kimi (D = $procmux$1956_Y, Q = \accum_bank[57], rval = 24'000000000000000000000000).
Adding EN signal on $auto$ff.cc:266:slice$8084 ($sdff) from module x1_y5_kimi (D = $add$experiments/x1/rtl/x1_y5_kimi.v:160$319_Y, Q = \accum_bank[57]).
Adding SRST signal on $procdff$7522 ($dff) from module x1_y5_kimi (D = $procmux$900_Y, Q = \accum_bank[233], rval = 24'000000000000000000000000).
Adding EN signal on $auto$ff.cc:266:slice$8086 ($sdff) from module x1_y5_kimi (D = $add$experiments/x1/rtl/x1_y5_kimi.v:160$671_Y, Q = \accum_bank[233]).
Adding SRST signal on $procdff$7347 ($dff) from module x1_y5_kimi (D = $procmux$1950_Y, Q = \accum_bank[58], rval = 24'000000000000000000000000).
Adding EN signal on $auto$ff.cc:266:slice$8088 ($sdff) from module x1_y5_kimi (D = $add$experiments/x1/rtl/x1_y5_kimi.v:160$321_Y, Q = \accum_bank[58]).
Adding SRST signal on $procdff$7523 ($dff) from module x1_y5_kimi (D = $procmux$894_Y, Q = \accum_bank[234], rval = 24'000000000000000000000000).
Adding EN signal on $auto$ff.cc:266:slice$8090 ($sdff) from module x1_y5_kimi (D = $add$experiments/x1/rtl/x1_y5_kimi.v:160$673_Y, Q = \accum_bank[234]).
Adding SRST signal on $procdff$7348 ($dff) from module x1_y5_kimi (D = $procmux$1944_Y, Q = \accum_bank[59], rval = 24'000000000000000000000000).
Adding EN signal on $auto$ff.cc:266:slice$8092 ($sdff) from module x1_y5_kimi (D = $add$experiments/x1/rtl/x1_y5_kimi.v:160$323_Y, Q = \accum_bank[59]).
Adding SRST signal on $procdff$7524 ($dff) from module x1_y5_kimi (D = $procmux$888_Y, Q = \accum_bank[235], rval = 24'000000000000000000000000).
Adding EN signal on $auto$ff.cc:266:slice$8094 ($sdff) from module x1_y5_kimi (D = $add$experiments/x1/rtl/x1_y5_kimi.v:160$675_Y, Q = \accum_bank[235]).
Adding SRST signal on $procdff$7349 ($dff) from module x1_y5_kimi (D = $procmux$1938_Y, Q = \accum_bank[60], rval = 24'000000000000000000000000).
Adding EN signal on $auto$ff.cc:266:slice$8096 ($sdff) from module x1_y5_kimi (D = $add$experiments/x1/rtl/x1_y5_kimi.v:160$325_Y, Q = \accum_bank[60]).
Adding SRST signal on $procdff$7525 ($dff) from module x1_y5_kimi (D = $procmux$882_Y, Q = \accum_bank[236], rval = 24'000000000000000000000000).
Adding EN signal on $auto$ff.cc:266:slice$8098 ($sdff) from module x1_y5_kimi (D = $add$experiments/x1/rtl/x1_y5_kimi.v:160$677_Y, Q = \accum_bank[236]).
Adding SRST signal on $procdff$7350 ($dff) from module x1_y5_kimi (D = $procmux$1932_Y, Q = \accum_bank[61], rval = 24'000000000000000000000000).
Adding EN signal on $auto$ff.cc:266:slice$8100 ($sdff) from module x1_y5_kimi (D = $add$experiments/x1/rtl/x1_y5_kimi.v:160$327_Y, Q = \accum_bank[61]).
Adding SRST signal on $procdff$7526 ($dff) from module x1_y5_kimi (D = $procmux$876_Y, Q = \accum_bank[237], rval = 24'000000000000000000000000).
Adding EN signal on $auto$ff.cc:266:slice$8102 ($sdff) from module x1_y5_kimi (D = $add$experiments/x1/rtl/x1_y5_kimi.v:160$679_Y, Q = \accum_bank[237]).
Adding SRST signal on $procdff$7351 ($dff) from module x1_y5_kimi (D = $procmux$1926_Y, Q = \accum_bank[62], rval = 24'000000000000000000000000).
Adding EN signal on $auto$ff.cc:266:slice$8104 ($sdff) from module x1_y5_kimi (D = $add$experiments/x1/rtl/x1_y5_kimi.v:160$329_Y, Q = \accum_bank[62]).
Adding SRST signal on $procdff$7527 ($dff) from module x1_y5_kimi (D = $procmux$870_Y, Q = \accum_bank[238], rval = 24'000000000000000000000000).
Adding EN signal on $auto$ff.cc:266:slice$8106 ($sdff) from module x1_y5_kimi (D = $add$experiments/x1/rtl/x1_y5_kimi.v:160$681_Y, Q = \accum_bank[238]).
Adding SRST signal on $procdff$7352 ($dff) from module x1_y5_kimi (D = $procmux$1920_Y, Q = \accum_bank[63], rval = 24'000000000000000000000000).
Adding EN signal on $auto$ff.cc:266:slice$8108 ($sdff) from module x1_y5_kimi (D = $add$experiments/x1/rtl/x1_y5_kimi.v:160$331_Y, Q = \accum_bank[63]).
Adding SRST signal on $procdff$7528 ($dff) from module x1_y5_kimi (D = $procmux$864_Y, Q = \accum_bank[239], rval = 24'000000000000000000000000).
Adding EN signal on $auto$ff.cc:266:slice$8110 ($sdff) from module x1_y5_kimi (D = $add$experiments/x1/rtl/x1_y5_kimi.v:160$683_Y, Q = \accum_bank[239]).
Adding SRST signal on $procdff$7353 ($dff) from module x1_y5_kimi (D = $procmux$1914_Y, Q = \accum_bank[64], rval = 24'000000000000000000000000).
Adding EN signal on $auto$ff.cc:266:slice$8112 ($sdff) from module x1_y5_kimi (D = $add$experiments/x1/rtl/x1_y5_kimi.v:160$333_Y, Q = \accum_bank[64]).
Adding SRST signal on $procdff$7529 ($dff) from module x1_y5_kimi (D = $procmux$858_Y, Q = \accum_bank[240], rval = 24'000000000000000000000000).
Adding EN signal on $auto$ff.cc:266:slice$8114 ($sdff) from module x1_y5_kimi (D = $add$experiments/x1/rtl/x1_y5_kimi.v:160$685_Y, Q = \accum_bank[240]).
Adding SRST signal on $procdff$7354 ($dff) from module x1_y5_kimi (D = $procmux$1908_Y, Q = \accum_bank[65], rval = 24'000000000000000000000000).
Adding EN signal on $auto$ff.cc:266:slice$8116 ($sdff) from module x1_y5_kimi (D = $add$experiments/x1/rtl/x1_y5_kimi.v:160$335_Y, Q = \accum_bank[65]).
Adding SRST signal on $procdff$7530 ($dff) from module x1_y5_kimi (D = $procmux$852_Y, Q = \accum_bank[241], rval = 24'000000000000000000000000).
Adding EN signal on $auto$ff.cc:266:slice$8118 ($sdff) from module x1_y5_kimi (D = $add$experiments/x1/rtl/x1_y5_kimi.v:160$687_Y, Q = \accum_bank[241]).
Adding SRST signal on $procdff$7355 ($dff) from module x1_y5_kimi (D = $procmux$1902_Y, Q = \accum_bank[66], rval = 24'000000000000000000000000).
Adding EN signal on $auto$ff.cc:266:slice$8120 ($sdff) from module x1_y5_kimi (D = $add$experiments/x1/rtl/x1_y5_kimi.v:160$337_Y, Q = \accum_bank[66]).
Adding SRST signal on $procdff$7531 ($dff) from module x1_y5_kimi (D = $procmux$846_Y, Q = \accum_bank[242], rval = 24'000000000000000000000000).
Adding EN signal on $auto$ff.cc:266:slice$8122 ($sdff) from module x1_y5_kimi (D = $add$experiments/x1/rtl/x1_y5_kimi.v:160$689_Y, Q = \accum_bank[242]).
Adding SRST signal on $procdff$7356 ($dff) from module x1_y5_kimi (D = $procmux$1896_Y, Q = \accum_bank[67], rval = 24'000000000000000000000000).
Adding EN signal on $auto$ff.cc:266:slice$8124 ($sdff) from module x1_y5_kimi (D = $add$experiments/x1/rtl/x1_y5_kimi.v:160$339_Y, Q = \accum_bank[67]).
Adding SRST signal on $procdff$7532 ($dff) from module x1_y5_kimi (D = $procmux$840_Y, Q = \accum_bank[243], rval = 24'000000000000000000000000).
Adding EN signal on $auto$ff.cc:266:slice$8126 ($sdff) from module x1_y5_kimi (D = $add$experiments/x1/rtl/x1_y5_kimi.v:160$691_Y, Q = \accum_bank[243]).
Adding SRST signal on $procdff$7357 ($dff) from module x1_y5_kimi (D = $procmux$1890_Y, Q = \accum_bank[68], rval = 24'000000000000000000000000).
Adding EN signal on $auto$ff.cc:266:slice$8128 ($sdff) from module x1_y5_kimi (D = $add$experiments/x1/rtl/x1_y5_kimi.v:160$341_Y, Q = \accum_bank[68]).
Adding SRST signal on $procdff$7533 ($dff) from module x1_y5_kimi (D = $procmux$834_Y, Q = \accum_bank[244], rval = 24'000000000000000000000000).
Adding EN signal on $auto$ff.cc:266:slice$8130 ($sdff) from module x1_y5_kimi (D = $add$experiments/x1/rtl/x1_y5_kimi.v:160$693_Y, Q = \accum_bank[244]).
Adding SRST signal on $procdff$7358 ($dff) from module x1_y5_kimi (D = $procmux$1884_Y, Q = \accum_bank[69], rval = 24'000000000000000000000000).
Adding EN signal on $auto$ff.cc:266:slice$8132 ($sdff) from module x1_y5_kimi (D = $add$experiments/x1/rtl/x1_y5_kimi.v:160$343_Y, Q = \accum_bank[69]).
Adding SRST signal on $procdff$7534 ($dff) from module x1_y5_kimi (D = $procmux$828_Y, Q = \accum_bank[245], rval = 24'000000000000000000000000).
Adding EN signal on $auto$ff.cc:266:slice$8134 ($sdff) from module x1_y5_kimi (D = $add$experiments/x1/rtl/x1_y5_kimi.v:160$695_Y, Q = \accum_bank[245]).
Adding SRST signal on $procdff$7359 ($dff) from module x1_y5_kimi (D = $procmux$1878_Y, Q = \accum_bank[70], rval = 24'000000000000000000000000).
Adding EN signal on $auto$ff.cc:266:slice$8136 ($sdff) from module x1_y5_kimi (D = $add$experiments/x1/rtl/x1_y5_kimi.v:160$345_Y, Q = \accum_bank[70]).
Adding SRST signal on $procdff$7535 ($dff) from module x1_y5_kimi (D = $procmux$822_Y, Q = \accum_bank[246], rval = 24'000000000000000000000000).
Adding EN signal on $auto$ff.cc:266:slice$8138 ($sdff) from module x1_y5_kimi (D = $add$experiments/x1/rtl/x1_y5_kimi.v:160$697_Y, Q = \accum_bank[246]).
Adding SRST signal on $procdff$7360 ($dff) from module x1_y5_kimi (D = $procmux$1872_Y, Q = \accum_bank[71], rval = 24'000000000000000000000000).
Adding EN signal on $auto$ff.cc:266:slice$8140 ($sdff) from module x1_y5_kimi (D = $add$experiments/x1/rtl/x1_y5_kimi.v:160$347_Y, Q = \accum_bank[71]).
Adding SRST signal on $procdff$7536 ($dff) from module x1_y5_kimi (D = $procmux$816_Y, Q = \accum_bank[247], rval = 24'000000000000000000000000).
Adding EN signal on $auto$ff.cc:266:slice$8142 ($sdff) from module x1_y5_kimi (D = $add$experiments/x1/rtl/x1_y5_kimi.v:160$699_Y, Q = \accum_bank[247]).
Adding SRST signal on $procdff$7361 ($dff) from module x1_y5_kimi (D = $procmux$1866_Y, Q = \accum_bank[72], rval = 24'000000000000000000000000).
Adding EN signal on $auto$ff.cc:266:slice$8144 ($sdff) from module x1_y5_kimi (D = $add$experiments/x1/rtl/x1_y5_kimi.v:160$349_Y, Q = \accum_bank[72]).
Adding SRST signal on $procdff$7537 ($dff) from module x1_y5_kimi (D = $procmux$810_Y, Q = \accum_bank[248], rval = 24'000000000000000000000000).
Adding EN signal on $auto$ff.cc:266:slice$8146 ($sdff) from module x1_y5_kimi (D = $add$experiments/x1/rtl/x1_y5_kimi.v:160$701_Y, Q = \accum_bank[248]).
Adding SRST signal on $procdff$7362 ($dff) from module x1_y5_kimi (D = $procmux$1860_Y, Q = \accum_bank[73], rval = 24'000000000000000000000000).
Adding EN signal on $auto$ff.cc:266:slice$8148 ($sdff) from module x1_y5_kimi (D = $add$experiments/x1/rtl/x1_y5_kimi.v:160$351_Y, Q = \accum_bank[73]).
Adding SRST signal on $procdff$7538 ($dff) from module x1_y5_kimi (D = $procmux$804_Y, Q = \accum_bank[249], rval = 24'000000000000000000000000).
Adding EN signal on $auto$ff.cc:266:slice$8150 ($sdff) from module x1_y5_kimi (D = $add$experiments/x1/rtl/x1_y5_kimi.v:160$703_Y, Q = \accum_bank[249]).
Adding SRST signal on $procdff$7363 ($dff) from module x1_y5_kimi (D = $procmux$1854_Y, Q = \accum_bank[74], rval = 24'000000000000000000000000).
Adding EN signal on $auto$ff.cc:266:slice$8152 ($sdff) from module x1_y5_kimi (D = $add$experiments/x1/rtl/x1_y5_kimi.v:160$353_Y, Q = \accum_bank[74]).
Adding SRST signal on $procdff$7539 ($dff) from module x1_y5_kimi (D = $procmux$798_Y, Q = \accum_bank[250], rval = 24'000000000000000000000000).
Adding EN signal on $auto$ff.cc:266:slice$8154 ($sdff) from module x1_y5_kimi (D = $add$experiments/x1/rtl/x1_y5_kimi.v:160$705_Y, Q = \accum_bank[250]).
Adding SRST signal on $procdff$7364 ($dff) from module x1_y5_kimi (D = $procmux$1848_Y, Q = \accum_bank[75], rval = 24'000000000000000000000000).
Adding EN signal on $auto$ff.cc:266:slice$8156 ($sdff) from module x1_y5_kimi (D = $add$experiments/x1/rtl/x1_y5_kimi.v:160$355_Y, Q = \accum_bank[75]).
Adding SRST signal on $procdff$7540 ($dff) from module x1_y5_kimi (D = $procmux$792_Y, Q = \accum_bank[251], rval = 24'000000000000000000000000).
Adding EN signal on $auto$ff.cc:266:slice$8158 ($sdff) from module x1_y5_kimi (D = $add$experiments/x1/rtl/x1_y5_kimi.v:160$707_Y, Q = \accum_bank[251]).
Adding SRST signal on $procdff$7365 ($dff) from module x1_y5_kimi (D = $procmux$1842_Y, Q = \accum_bank[76], rval = 24'000000000000000000000000).
Adding EN signal on $auto$ff.cc:266:slice$8160 ($sdff) from module x1_y5_kimi (D = $add$experiments/x1/rtl/x1_y5_kimi.v:160$357_Y, Q = \accum_bank[76]).
Adding SRST signal on $procdff$7541 ($dff) from module x1_y5_kimi (D = $procmux$786_Y, Q = \accum_bank[252], rval = 24'000000000000000000000000).
Adding EN signal on $auto$ff.cc:266:slice$8162 ($sdff) from module x1_y5_kimi (D = $add$experiments/x1/rtl/x1_y5_kimi.v:160$709_Y, Q = \accum_bank[252]).
Adding SRST signal on $procdff$7542 ($dff) from module x1_y5_kimi (D = $procmux$780_Y, Q = \accum_bank[253], rval = 24'000000000000000000000000).
Adding EN signal on $auto$ff.cc:266:slice$8164 ($sdff) from module x1_y5_kimi (D = $add$experiments/x1/rtl/x1_y5_kimi.v:160$711_Y, Q = \accum_bank[253]).
Adding SRST signal on $procdff$7543 ($dff) from module x1_y5_kimi (D = $procmux$774_Y, Q = \accum_bank[254], rval = 24'000000000000000000000000).
Adding EN signal on $auto$ff.cc:266:slice$8166 ($sdff) from module x1_y5_kimi (D = $add$experiments/x1/rtl/x1_y5_kimi.v:160$713_Y, Q = \accum_bank[254]).
Adding SRST signal on $procdff$7544 ($dff) from module x1_y5_kimi (D = $procmux$768_Y, Q = \accum_bank[255], rval = 24'000000000000000000000000).
Adding EN signal on $auto$ff.cc:266:slice$8168 ($sdff) from module x1_y5_kimi (D = $add$experiments/x1/rtl/x1_y5_kimi.v:160$715_Y, Q = \accum_bank[255]).
Adding EN signal on $procdff$7546 ($adff) from module x1_y5_kimi (D = { 6'000000 \drain_row \drain_col }, Q = \out_addr).
Adding EN signal on $procdff$7547 ($adff) from module x1_y5_kimi (D = $procmux$7255_Y, Q = \out_wdata).
Setting constant 0-bit at position 8 on $auto$ff.cc:266:slice$8170 ($adffe) from module x1_y5_kimi.
Setting constant 0-bit at position 9 on $auto$ff.cc:266:slice$8170 ($adffe) from module x1_y5_kimi.
Setting constant 0-bit at position 10 on $auto$ff.cc:266:slice$8170 ($adffe) from module x1_y5_kimi.
Setting constant 0-bit at position 11 on $auto$ff.cc:266:slice$8170 ($adffe) from module x1_y5_kimi.
Setting constant 0-bit at position 12 on $auto$ff.cc:266:slice$8170 ($adffe) from module x1_y5_kimi.
Setting constant 0-bit at position 13 on $auto$ff.cc:266:slice$8170 ($adffe) from module x1_y5_kimi.
Setting constant 0-bit at position 0 on $auto$ff.cc:266:slice$7844 ($dffe) from module x1_y5_kimi.
Setting constant 0-bit at position 1 on $auto$ff.cc:266:slice$7844 ($dffe) from module x1_y5_kimi.
Setting constant 0-bit at position 2 on $auto$ff.cc:266:slice$7844 ($dffe) from module x1_y5_kimi.
Setting constant 0-bit at position 3 on $auto$ff.cc:266:slice$7844 ($dffe) from module x1_y5_kimi.
Setting constant 1-bit at position 4 on $auto$ff.cc:266:slice$7844 ($dffe) from module x1_y5_kimi.
Setting constant 0-bit at position 5 on $auto$ff.cc:266:slice$7844 ($dffe) from module x1_y5_kimi.
Setting constant 0-bit at position 6 on $auto$ff.cc:266:slice$7844 ($dffe) from module x1_y5_kimi.
Setting constant 0-bit at position 7 on $auto$ff.cc:266:slice$7844 ($dffe) from module x1_y5_kimi.
Setting constant 0-bit at position 8 on $auto$ff.cc:266:slice$7844 ($dffe) from module x1_y5_kimi.
Setting constant 0-bit at position 9 on $auto$ff.cc:266:slice$7844 ($dffe) from module x1_y5_kimi.
Setting constant 0-bit at position 10 on $auto$ff.cc:266:slice$7844 ($dffe) from module x1_y5_kimi.
Setting constant 0-bit at position 11 on $auto$ff.cc:266:slice$7844 ($dffe) from module x1_y5_kimi.
Setting constant 0-bit at position 12 on $auto$ff.cc:266:slice$7844 ($dffe) from module x1_y5_kimi.
Setting constant 0-bit at position 13 on $auto$ff.cc:266:slice$7844 ($dffe) from module x1_y5_kimi.
Setting constant 0-bit at position 14 on $auto$ff.cc:266:slice$7844 ($dffe) from module x1_y5_kimi.
Setting constant 0-bit at position 15 on $auto$ff.cc:266:slice$7844 ($dffe) from module x1_y5_kimi.
Setting constant 0-bit at position 16 on $auto$ff.cc:266:slice$7844 ($dffe) from module x1_y5_kimi.
Setting constant 0-bit at position 17 on $auto$ff.cc:266:slice$7844 ($dffe) from module x1_y5_kimi.
Setting constant 0-bit at position 18 on $auto$ff.cc:266:slice$7844 ($dffe) from module x1_y5_kimi.
Setting constant 0-bit at position 19 on $auto$ff.cc:266:slice$7844 ($dffe) from module x1_y5_kimi.
Setting constant 0-bit at position 20 on $auto$ff.cc:266:slice$7844 ($dffe) from module x1_y5_kimi.
Setting constant 0-bit at position 21 on $auto$ff.cc:266:slice$7844 ($dffe) from module x1_y5_kimi.
Setting constant 0-bit at position 22 on $auto$ff.cc:266:slice$7844 ($dffe) from module x1_y5_kimi.
Setting constant 0-bit at position 23 on $auto$ff.cc:266:slice$7844 ($dffe) from module x1_y5_kimi.
Setting constant 0-bit at position 24 on $auto$ff.cc:266:slice$7844 ($dffe) from module x1_y5_kimi.
Setting constant 0-bit at position 25 on $auto$ff.cc:266:slice$7844 ($dffe) from module x1_y5_kimi.
Setting constant 0-bit at position 26 on $auto$ff.cc:266:slice$7844 ($dffe) from module x1_y5_kimi.
Setting constant 0-bit at position 27 on $auto$ff.cc:266:slice$7844 ($dffe) from module x1_y5_kimi.
Setting constant 0-bit at position 28 on $auto$ff.cc:266:slice$7844 ($dffe) from module x1_y5_kimi.
Setting constant 0-bit at position 29 on $auto$ff.cc:266:slice$7844 ($dffe) from module x1_y5_kimi.
Setting constant 0-bit at position 30 on $auto$ff.cc:266:slice$7844 ($dffe) from module x1_y5_kimi.
Setting constant 0-bit at position 31 on $auto$ff.cc:266:slice$7844 ($dffe) from module x1_y5_kimi.
Setting constant 0-bit at position 0 on $auto$ff.cc:266:slice$7841 ($dffe) from module x1_y5_kimi.
Setting constant 0-bit at position 1 on $auto$ff.cc:266:slice$7841 ($dffe) from module x1_y5_kimi.
Setting constant 0-bit at position 2 on $auto$ff.cc:266:slice$7841 ($dffe) from module x1_y5_kimi.
Setting constant 0-bit at position 3 on $auto$ff.cc:266:slice$7841 ($dffe) from module x1_y5_kimi.
Setting constant 1-bit at position 4 on $auto$ff.cc:266:slice$7841 ($dffe) from module x1_y5_kimi.
Setting constant 0-bit at position 5 on $auto$ff.cc:266:slice$7841 ($dffe) from module x1_y5_kimi.
Setting constant 0-bit at position 6 on $auto$ff.cc:266:slice$7841 ($dffe) from module x1_y5_kimi.
Setting constant 0-bit at position 7 on $auto$ff.cc:266:slice$7841 ($dffe) from module x1_y5_kimi.
Setting constant 0-bit at position 8 on $auto$ff.cc:266:slice$7841 ($dffe) from module x1_y5_kimi.
Setting constant 0-bit at position 9 on $auto$ff.cc:266:slice$7841 ($dffe) from module x1_y5_kimi.
Setting constant 0-bit at position 10 on $auto$ff.cc:266:slice$7841 ($dffe) from module x1_y5_kimi.
Setting constant 0-bit at position 11 on $auto$ff.cc:266:slice$7841 ($dffe) from module x1_y5_kimi.
Setting constant 0-bit at position 12 on $auto$ff.cc:266:slice$7841 ($dffe) from module x1_y5_kimi.
Setting constant 0-bit at position 13 on $auto$ff.cc:266:slice$7841 ($dffe) from module x1_y5_kimi.
Setting constant 0-bit at position 14 on $auto$ff.cc:266:slice$7841 ($dffe) from module x1_y5_kimi.
Setting constant 0-bit at position 15 on $auto$ff.cc:266:slice$7841 ($dffe) from module x1_y5_kimi.
Setting constant 0-bit at position 16 on $auto$ff.cc:266:slice$7841 ($dffe) from module x1_y5_kimi.
Setting constant 0-bit at position 17 on $auto$ff.cc:266:slice$7841 ($dffe) from module x1_y5_kimi.
Setting constant 0-bit at position 18 on $auto$ff.cc:266:slice$7841 ($dffe) from module x1_y5_kimi.
Setting constant 0-bit at position 19 on $auto$ff.cc:266:slice$7841 ($dffe) from module x1_y5_kimi.
Setting constant 0-bit at position 20 on $auto$ff.cc:266:slice$7841 ($dffe) from module x1_y5_kimi.
Setting constant 0-bit at position 21 on $auto$ff.cc:266:slice$7841 ($dffe) from module x1_y5_kimi.
Setting constant 0-bit at position 22 on $auto$ff.cc:266:slice$7841 ($dffe) from module x1_y5_kimi.
Setting constant 0-bit at position 23 on $auto$ff.cc:266:slice$7841 ($dffe) from module x1_y5_kimi.
Setting constant 0-bit at position 24 on $auto$ff.cc:266:slice$7841 ($dffe) from module x1_y5_kimi.
Setting constant 0-bit at position 25 on $auto$ff.cc:266:slice$7841 ($dffe) from module x1_y5_kimi.
Setting constant 0-bit at position 26 on $auto$ff.cc:266:slice$7841 ($dffe) from module x1_y5_kimi.
Setting constant 0-bit at position 27 on $auto$ff.cc:266:slice$7841 ($dffe) from module x1_y5_kimi.
Setting constant 0-bit at position 28 on $auto$ff.cc:266:slice$7841 ($dffe) from module x1_y5_kimi.
Setting constant 0-bit at position 29 on $auto$ff.cc:266:slice$7841 ($dffe) from module x1_y5_kimi.
Setting constant 0-bit at position 30 on $auto$ff.cc:266:slice$7841 ($dffe) from module x1_y5_kimi.
Setting constant 0-bit at position 31 on $auto$ff.cc:266:slice$7841 ($dffe) from module x1_y5_kimi.
Setting constant 1-bit at position 0 on $procdff$7587 ($adff) from module x1_y5_kimi.
Setting constant 1-bit at position 1 on $procdff$7587 ($adff) from module x1_y5_kimi.
Setting constant 1-bit at position 2 on $procdff$7587 ($adff) from module x1_y5_kimi.
Setting constant 1-bit at position 3 on $procdff$7587 ($adff) from module x1_y5_kimi.
Setting constant 1-bit at position 4 on $procdff$7587 ($adff) from module x1_y5_kimi.
Setting constant 1-bit at position 5 on $procdff$7587 ($adff) from module x1_y5_kimi.
Setting constant 1-bit at position 6 on $procdff$7587 ($adff) from module x1_y5_kimi.
Setting constant 1-bit at position 7 on $procdff$7587 ($adff) from module x1_y5_kimi.
Setting constant 1-bit at position 8 on $procdff$7587 ($adff) from module x1_y5_kimi.
Setting constant 1-bit at position 9 on $procdff$7587 ($adff) from module x1_y5_kimi.
Setting constant 1-bit at position 10 on $procdff$7587 ($adff) from module x1_y5_kimi.
Setting constant 1-bit at position 11 on $procdff$7587 ($adff) from module x1_y5_kimi.
Setting constant 1-bit at position 12 on $procdff$7587 ($adff) from module x1_y5_kimi.
Setting constant 1-bit at position 13 on $procdff$7587 ($adff) from module x1_y5_kimi.
Setting constant 1-bit at position 14 on $procdff$7587 ($adff) from module x1_y5_kimi.
Setting constant 1-bit at position 15 on $procdff$7587 ($adff) from module x1_y5_kimi.
Setting constant 1-bit at position 16 on $procdff$7587 ($adff) from module x1_y5_kimi.
Setting constant 1-bit at position 17 on $procdff$7587 ($adff) from module x1_y5_kimi.
Setting constant 1-bit at position 18 on $procdff$7587 ($adff) from module x1_y5_kimi.
Setting constant 1-bit at position 19 on $procdff$7587 ($adff) from module x1_y5_kimi.
Setting constant 1-bit at position 20 on $procdff$7587 ($adff) from module x1_y5_kimi.
Setting constant 1-bit at position 21 on $procdff$7587 ($adff) from module x1_y5_kimi.
Setting constant 1-bit at position 22 on $procdff$7587 ($adff) from module x1_y5_kimi.
Setting constant 1-bit at position 23 on $procdff$7587 ($adff) from module x1_y5_kimi.
Setting constant 1-bit at position 0 on $procdff$7586 ($adff) from module x1_y5_kimi.
Setting constant 1-bit at position 1 on $procdff$7586 ($adff) from module x1_y5_kimi.
Setting constant 1-bit at position 2 on $procdff$7586 ($adff) from module x1_y5_kimi.
Setting constant 1-bit at position 3 on $procdff$7586 ($adff) from module x1_y5_kimi.
Setting constant 1-bit at position 4 on $procdff$7586 ($adff) from module x1_y5_kimi.
Setting constant 1-bit at position 5 on $procdff$7586 ($adff) from module x1_y5_kimi.
Setting constant 1-bit at position 6 on $procdff$7586 ($adff) from module x1_y5_kimi.
Setting constant 1-bit at position 7 on $procdff$7586 ($adff) from module x1_y5_kimi.

4.7. Executing OPT_CLEAN pass (remove unused cells and wires).
Finding unused cells or wires in module \x1_y5_kimi..
Removed 534 unused cells and 1886 unused wires.
<suppressed ~541 debug messages>

4.8. Executing OPT_EXPR pass (perform const folding).
Optimizing module x1_y5_kimi.
<suppressed ~246 debug messages>

4.9. Rerunning OPT passes. (Maybe there is more to do..)

4.10. Executing OPT_MUXTREE pass (detect dead branches in mux trees).
Running muxtree optimizer on module \x1_y5_kimi..
  Creating internal representation of mux trees.
  Evaluating internal representation of mux trees.
  Analyzing evaluation results.
    dead port 1/257 on $pmux $procmux$6369.
    dead port 2/257 on $pmux $procmux$6369.
    dead port 3/257 on $pmux $procmux$6369.
    dead port 4/257 on $pmux $procmux$6369.
    dead port 5/257 on $pmux $procmux$6369.
    dead port 6/257 on $pmux $procmux$6369.
    dead port 7/257 on $pmux $procmux$6369.
    dead port 8/257 on $pmux $procmux$6369.
    dead port 9/257 on $pmux $procmux$6369.
    dead port 10/257 on $pmux $procmux$6369.
    dead port 11/257 on $pmux $procmux$6369.
    dead port 12/257 on $pmux $procmux$6369.
    dead port 13/257 on $pmux $procmux$6369.
    dead port 14/257 on $pmux $procmux$6369.
    dead port 15/257 on $pmux $procmux$6369.
    dead port 16/257 on $pmux $procmux$6369.
    dead port 17/257 on $pmux $procmux$6369.
    dead port 18/257 on $pmux $procmux$6369.
    dead port 19/257 on $pmux $procmux$6369.
    dead port 20/257 on $pmux $procmux$6369.
    dead port 21/257 on $pmux $procmux$6369.
    dead port 22/257 on $pmux $procmux$6369.
    dead port 23/257 on $pmux $procmux$6369.
    dead port 24/257 on $pmux $procmux$6369.
    dead port 25/257 on $pmux $procmux$6369.
    dead port 26/257 on $pmux $procmux$6369.
    dead port 27/257 on $pmux $procmux$6369.
    dead port 28/257 on $pmux $procmux$6369.
    dead port 29/257 on $pmux $procmux$6369.
    dead port 30/257 on $pmux $procmux$6369.
    dead port 31/257 on $pmux $procmux$6369.
    dead port 32/257 on $pmux $procmux$6369.
    dead port 33/257 on $pmux $procmux$6369.
    dead port 34/257 on $pmux $procmux$6369.
    dead port 35/257 on $pmux $procmux$6369.
    dead port 36/257 on $pmux $procmux$6369.
    dead port 37/257 on $pmux $procmux$6369.
    dead port 38/257 on $pmux $procmux$6369.
    dead port 39/257 on $pmux $procmux$6369.
    dead port 40/257 on $pmux $procmux$6369.
    dead port 41/257 on $pmux $procmux$6369.
    dead port 42/257 on $pmux $procmux$6369.
    dead port 43/257 on $pmux $procmux$6369.
    dead port 44/257 on $pmux $procmux$6369.
    dead port 45/257 on $pmux $procmux$6369.
    dead port 46/257 on $pmux $procmux$6369.
    dead port 47/257 on $pmux $procmux$6369.
    dead port 48/257 on $pmux $procmux$6369.
    dead port 49/257 on $pmux $procmux$6369.
    dead port 50/257 on $pmux $procmux$6369.
    dead port 51/257 on $pmux $procmux$6369.
    dead port 52/257 on $pmux $procmux$6369.
    dead port 53/257 on $pmux $procmux$6369.
    dead port 54/257 on $pmux $procmux$6369.
    dead port 55/257 on $pmux $procmux$6369.
    dead port 56/257 on $pmux $procmux$6369.
    dead port 57/257 on $pmux $procmux$6369.
    dead port 58/257 on $pmux $procmux$6369.
    dead port 59/257 on $pmux $procmux$6369.
    dead port 60/257 on $pmux $procmux$6369.
    dead port 61/257 on $pmux $procmux$6369.
    dead port 62/257 on $pmux $procmux$6369.
    dead port 63/257 on $pmux $procmux$6369.
    dead port 64/257 on $pmux $procmux$6369.
    dead port 65/257 on $pmux $procmux$6369.
    dead port 66/257 on $pmux $procmux$6369.
    dead port 67/257 on $pmux $procmux$6369.
    dead port 68/257 on $pmux $procmux$6369.
    dead port 69/257 on $pmux $procmux$6369.
    dead port 70/257 on $pmux $procmux$6369.
    dead port 71/257 on $pmux $procmux$6369.
    dead port 72/257 on $pmux $procmux$6369.
    dead port 73/257 on $pmux $procmux$6369.
    dead port 74/257 on $pmux $procmux$6369.
    dead port 75/257 on $pmux $procmux$6369.
    dead port 76/257 on $pmux $procmux$6369.
    dead port 77/257 on $pmux $procmux$6369.
    dead port 78/257 on $pmux $procmux$6369.
    dead port 79/257 on $pmux $procmux$6369.
    dead port 80/257 on $pmux $procmux$6369.
    dead port 81/257 on $pmux $procmux$6369.
    dead port 82/257 on $pmux $procmux$6369.
    dead port 83/257 on $pmux $procmux$6369.
    dead port 84/257 on $pmux $procmux$6369.
    dead port 85/257 on $pmux $procmux$6369.
    dead port 86/257 on $pmux $procmux$6369.
    dead port 87/257 on $pmux $procmux$6369.
    dead port 88/257 on $pmux $procmux$6369.
    dead port 89/257 on $pmux $procmux$6369.
    dead port 90/257 on $pmux $procmux$6369.
    dead port 91/257 on $pmux $procmux$6369.
    dead port 92/257 on $pmux $procmux$6369.
    dead port 93/257 on $pmux $procmux$6369.
    dead port 94/257 on $pmux $procmux$6369.
    dead port 95/257 on $pmux $procmux$6369.
    dead port 96/257 on $pmux $procmux$6369.
    dead port 97/257 on $pmux $procmux$6369.
    dead port 98/257 on $pmux $procmux$6369.
    dead port 99/257 on $pmux $procmux$6369.
    dead port 100/257 on $pmux $procmux$6369.
    dead port 101/257 on $pmux $procmux$6369.
    dead port 102/257 on $pmux $procmux$6369.
    dead port 103/257 on $pmux $procmux$6369.
    dead port 104/257 on $pmux $procmux$6369.
    dead port 105/257 on $pmux $procmux$6369.
    dead port 106/257 on $pmux $procmux$6369.
    dead port 107/257 on $pmux $procmux$6369.
    dead port 108/257 on $pmux $procmux$6369.
    dead port 109/257 on $pmux $procmux$6369.
    dead port 110/257 on $pmux $procmux$6369.
    dead port 111/257 on $pmux $procmux$6369.
    dead port 112/257 on $pmux $procmux$6369.
    dead port 113/257 on $pmux $procmux$6369.
    dead port 114/257 on $pmux $procmux$6369.
    dead port 115/257 on $pmux $procmux$6369.
    dead port 116/257 on $pmux $procmux$6369.
    dead port 117/257 on $pmux $procmux$6369.
    dead port 118/257 on $pmux $procmux$6369.
    dead port 119/257 on $pmux $procmux$6369.
    dead port 120/257 on $pmux $procmux$6369.
    dead port 121/257 on $pmux $procmux$6369.
    dead port 122/257 on $pmux $procmux$6369.
    dead port 123/257 on $pmux $procmux$6369.
    dead port 124/257 on $pmux $procmux$6369.
    dead port 125/257 on $pmux $procmux$6369.
    dead port 126/257 on $pmux $procmux$6369.
    dead port 127/257 on $pmux $procmux$6369.
    dead port 128/257 on $pmux $procmux$6369.
    dead port 129/257 on $pmux $procmux$6369.
    dead port 130/257 on $pmux $procmux$6369.
    dead port 131/257 on $pmux $procmux$6369.
    dead port 132/257 on $pmux $procmux$6369.
    dead port 133/257 on $pmux $procmux$6369.
    dead port 134/257 on $pmux $procmux$6369.
    dead port 135/257 on $pmux $procmux$6369.
    dead port 136/257 on $pmux $procmux$6369.
    dead port 137/257 on $pmux $procmux$6369.
    dead port 138/257 on $pmux $procmux$6369.
    dead port 139/257 on $pmux $procmux$6369.
    dead port 140/257 on $pmux $procmux$6369.
    dead port 141/257 on $pmux $procmux$6369.
    dead port 142/257 on $pmux $procmux$6369.
    dead port 143/257 on $pmux $procmux$6369.
    dead port 144/257 on $pmux $procmux$6369.
    dead port 145/257 on $pmux $procmux$6369.
    dead port 146/257 on $pmux $procmux$6369.
    dead port 147/257 on $pmux $procmux$6369.
    dead port 148/257 on $pmux $procmux$6369.
    dead port 149/257 on $pmux $procmux$6369.
    dead port 150/257 on $pmux $procmux$6369.
    dead port 151/257 on $pmux $procmux$6369.
    dead port 152/257 on $pmux $procmux$6369.
    dead port 153/257 on $pmux $procmux$6369.
    dead port 154/257 on $pmux $procmux$6369.
    dead port 155/257 on $pmux $procmux$6369.
    dead port 156/257 on $pmux $procmux$6369.
    dead port 157/257 on $pmux $procmux$6369.
    dead port 158/257 on $pmux $procmux$6369.
    dead port 159/257 on $pmux $procmux$6369.
    dead port 160/257 on $pmux $procmux$6369.
    dead port 161/257 on $pmux $procmux$6369.
    dead port 162/257 on $pmux $procmux$6369.
    dead port 163/257 on $pmux $procmux$6369.
    dead port 164/257 on $pmux $procmux$6369.
    dead port 165/257 on $pmux $procmux$6369.
    dead port 166/257 on $pmux $procmux$6369.
    dead port 167/257 on $pmux $procmux$6369.
    dead port 168/257 on $pmux $procmux$6369.
    dead port 169/257 on $pmux $procmux$6369.
    dead port 170/257 on $pmux $procmux$6369.
    dead port 171/257 on $pmux $procmux$6369.
    dead port 172/257 on $pmux $procmux$6369.
    dead port 173/257 on $pmux $procmux$6369.
    dead port 174/257 on $pmux $procmux$6369.
    dead port 175/257 on $pmux $procmux$6369.
    dead port 176/257 on $pmux $procmux$6369.
    dead port 177/257 on $pmux $procmux$6369.
    dead port 178/257 on $pmux $procmux$6369.
    dead port 179/257 on $pmux $procmux$6369.
    dead port 180/257 on $pmux $procmux$6369.
    dead port 181/257 on $pmux $procmux$6369.
    dead port 182/257 on $pmux $procmux$6369.
    dead port 183/257 on $pmux $procmux$6369.
    dead port 184/257 on $pmux $procmux$6369.
    dead port 185/257 on $pmux $procmux$6369.
    dead port 186/257 on $pmux $procmux$6369.
    dead port 187/257 on $pmux $procmux$6369.
    dead port 188/257 on $pmux $procmux$6369.
    dead port 189/257 on $pmux $procmux$6369.
    dead port 190/257 on $pmux $procmux$6369.
    dead port 191/257 on $pmux $procmux$6369.
    dead port 192/257 on $pmux $procmux$6369.
    dead port 193/257 on $pmux $procmux$6369.
    dead port 194/257 on $pmux $procmux$6369.
    dead port 195/257 on $pmux $procmux$6369.
    dead port 196/257 on $pmux $procmux$6369.
    dead port 197/257 on $pmux $procmux$6369.
    dead port 198/257 on $pmux $procmux$6369.
    dead port 199/257 on $pmux $procmux$6369.
    dead port 200/257 on $pmux $procmux$6369.
    dead port 201/257 on $pmux $procmux$6369.
    dead port 202/257 on $pmux $procmux$6369.
    dead port 203/257 on $pmux $procmux$6369.
    dead port 204/257 on $pmux $procmux$6369.
    dead port 205/257 on $pmux $procmux$6369.
    dead port 206/257 on $pmux $procmux$6369.
    dead port 207/257 on $pmux $procmux$6369.
    dead port 208/257 on $pmux $procmux$6369.
    dead port 209/257 on $pmux $procmux$6369.
    dead port 210/257 on $pmux $procmux$6369.
    dead port 211/257 on $pmux $procmux$6369.
    dead port 212/257 on $pmux $procmux$6369.
    dead port 213/257 on $pmux $procmux$6369.
    dead port 214/257 on $pmux $procmux$6369.
    dead port 215/257 on $pmux $procmux$6369.
    dead port 216/257 on $pmux $procmux$6369.
    dead port 217/257 on $pmux $procmux$6369.
    dead port 218/257 on $pmux $procmux$6369.
    dead port 219/257 on $pmux $procmux$6369.
    dead port 220/257 on $pmux $procmux$6369.
    dead port 221/257 on $pmux $procmux$6369.
    dead port 222/257 on $pmux $procmux$6369.
    dead port 223/257 on $pmux $procmux$6369.
    dead port 224/257 on $pmux $procmux$6369.
    dead port 225/257 on $pmux $procmux$6369.
    dead port 226/257 on $pmux $procmux$6369.
    dead port 227/257 on $pmux $procmux$6369.
    dead port 228/257 on $pmux $procmux$6369.
    dead port 229/257 on $pmux $procmux$6369.
    dead port 230/257 on $pmux $procmux$6369.
    dead port 231/257 on $pmux $procmux$6369.
    dead port 232/257 on $pmux $procmux$6369.
    dead port 233/257 on $pmux $procmux$6369.
    dead port 234/257 on $pmux $procmux$6369.
    dead port 235/257 on $pmux $procmux$6369.
    dead port 236/257 on $pmux $procmux$6369.
    dead port 237/257 on $pmux $procmux$6369.
    dead port 238/257 on $pmux $procmux$6369.
    dead port 239/257 on $pmux $procmux$6369.
    dead port 240/257 on $pmux $procmux$6369.
Removed 240 multiplexer ports.
<suppressed ~10 debug messages>

4.11. Executing OPT_REDUCE pass (consolidate $*mux and $reduce_* inputs).
  Optimizing cells in module \x1_y5_kimi.
Performed a total of 0 changes.

4.12. Executing OPT_MERGE pass (detect identical cells).
Finding identical cells in module `\x1_y5_kimi'.
<suppressed ~54 debug messages>
Removed a total of 18 cells.

4.13. Executing OPT_DFF pass (perform DFF optimizations).

4.14. Executing OPT_CLEAN pass (remove unused cells and wires).
Finding unused cells or wires in module \x1_y5_kimi..
Removed 0 unused cells and 259 unused wires.
<suppressed ~1 debug messages>

4.15. Executing OPT_EXPR pass (perform const folding).
Optimizing module x1_y5_kimi.

4.16. Rerunning OPT passes. (Maybe there is more to do..)

4.17. Executing OPT_MUXTREE pass (detect dead branches in mux trees).
Running muxtree optimizer on module \x1_y5_kimi..
  Creating internal representation of mux trees.
  Evaluating internal representation of mux trees.
  Analyzing evaluation results.
Removed 0 multiplexer ports.
<suppressed ~13 debug messages>

4.18. Executing OPT_REDUCE pass (consolidate $*mux and $reduce_* inputs).
  Optimizing cells in module \x1_y5_kimi.
Performed a total of 0 changes.

4.19. Executing OPT_MERGE pass (detect identical cells).
Finding identical cells in module `\x1_y5_kimi'.
Removed a total of 0 cells.

4.20. Executing OPT_DFF pass (perform DFF optimizations).

4.21. Executing OPT_CLEAN pass (remove unused cells and wires).
Finding unused cells or wires in module \x1_y5_kimi..

4.22. Executing OPT_EXPR pass (perform const folding).
Optimizing module x1_y5_kimi.

4.23. Finished OPT passes. (There is nothing left to do.)

5. Printing statistics.

=== x1_y5_kimi ===

   Number of wires:               4751
   Number of wire bits:          19586
   Number of public wires:         280
   Number of public wire bits:    6465
   Number of memories:               0
   Number of memory bits:            0
   Number of processes:              0
   Number of cells:               4740
     $add                          275
     $adff                           2
     $adffe                          9
     $eq                          3858
     $logic_and                      3
     $logic_not                     19
     $lt                             1
     $mul                          256
     $mux                           22
     $ne                             7
     $pmux                          23
     $reduce_and                     6
     $reduce_bool                    3
     $sdffe                        256

Warnings: 1 unique messages, 1 total
End of script. Logfile hash: d708681fde, CPU: user 3.29s system 0.05s, MEM: 54.56 MB peak
Yosys 0.33 (git sha1 2584903a060)
Time spent: 22% 5x opt_expr (0 sec), 17% 3x opt_muxtree (0 sec), ...
