
 /----------------------------------------------------------------------------\
 |                                                                            |
 |  yosys -- Yosys Open SYnthesis Suite                                       |
 |                                                                            |
 |  Copyright (C) 2012 - 2020  Claire Xenia Wolf <claire@yosyshq.com>         |
 |                                                                            |
 |  Permission to use, copy, modify, and/or distribute this software for any  |
 |  purpose with or without fee is hereby granted, provided that the above    |
 |  copyright notice and this permission notice appear in all copies.         |
 |                                                                            |
 |  THE SOFTWARE IS PROVIDED "AS IS" AND THE AUTHOR DISCLAIMS ALL WARRANTIES  |
 |  WITH REGARD TO THIS SOFTWARE INCLUDING ALL IMPLIED WARRANTIES OF          |
 |  MERCHANTABILITY AND FITNESS. IN NO EVENT SHALL THE AUTHOR BE LIABLE FOR   |
 |  ANY SPECIAL, DIRECT, INDIRECT, OR CONSEQUENTIAL DAMAGES OR ANY DAMAGES    |
 |  WHATSOEVER RESULTING FROM LOSS OF USE, DATA OR PROFITS, WHETHER IN AN     |
 |  ACTION OF CONTRACT, NEGLIGENCE OR OTHER TORTIOUS ACTION, ARISING OUT OF   |
 |  OR IN CONNECTION WITH THE USE OR PERFORMANCE OF THIS SOFTWARE.            |
 |                                                                            |
 \----------------------------------------------------------------------------/

 Yosys 0.33 (git sha1 2584903a060)


-- Running command `read_verilog -sv experiments/x1/rtl/x1_y3_kimi.v; hierarchy -check -top x1_y3_kimi; synth -top x1_y3_kimi; stat; check' --

1. Executing Verilog-2005 frontend: experiments/x1/rtl/x1_y3_kimi.v
Parsing SystemVerilog input from `experiments/x1/rtl/x1_y3_kimi.v' to AST representation.
Generating RTLIL representation for module `\x1_y3_kimi'.
Warning: Replacing memory \accum_bank with list of registers. See experiments/x1/rtl/x1_y3_kimi.v:162
Successfully finished Verilog frontend.

2. Executing HIERARCHY pass (managing design hierarchy).

2.1. Analyzing design hierarchy..
Top module:  \x1_y3_kimi

2.2. Analyzing design hierarchy..
Top module:  \x1_y3_kimi
Removed 0 unused modules.

3. Executing SYNTH pass.

3.1. Executing HIERARCHY pass (managing design hierarchy).

3.1.1. Analyzing design hierarchy..
Top module:  \x1_y3_kimi

3.1.2. Analyzing design hierarchy..
Top module:  \x1_y3_kimi
Removed 0 unused modules.

3.2. Executing PROC pass (convert processes to netlists).

3.2.1. Executing PROC_CLEAN pass (remove empty switches from decision trees).
Cleaned up 0 empty switches.

3.2.2. Executing PROC_RMDEAD pass (remove dead branches from decision trees).
Marked 4 switch rules as full_case in process $proc$experiments/x1/rtl/x1_y3_kimi.v:158$39 in module x1_y3_kimi.
Marked 6 switch rules as full_case in process $proc$experiments/x1/rtl/x1_y3_kimi.v:67$26 in module x1_y3_kimi.
Marked 1 switch rules as full_case in process $proc$experiments/x1/rtl/x1_y3_kimi.v:55$22 in module x1_y3_kimi.
Removed a total of 0 dead cases.

3.2.3. Executing PROC_PRUNE pass (remove redundant assignments in processes).
Removed 2 redundant assignments.
Promoted 11 assignments to connections.

3.2.4. Executing PROC_INIT pass (extract init attributes).

3.2.5. Executing PROC_ARST pass (detect async resets in processes).
Found async reset \rst_n in `\x1_y3_kimi.$proc$experiments/x1/rtl/x1_y3_kimi.v:67$26'.

3.2.6. Executing PROC_ROM pass (convert switches to ROMs).
Converted 0 switches.
<suppressed ~14 debug messages>

3.2.7. Executing PROC_MUX pass (convert decision trees to multiplexers).
Creating decoders for process `\x1_y3_kimi.$proc$experiments/x1/rtl/x1_y3_kimi.v:158$39'.
     1/271: $4\i[31:0]
     2/271: $3\i[31:0]
     3/271: $2\r[31:0]
     4/271: $2\c[31:0]
     5/271: $2\product[7:0]
     6/271: $2\weight_lane[3:0]
     7/271: $2\act_lane[3:0]
     8/271: $2\i[31:0]
     9/271: $1\i[31:0]
    10/271: $1\j[31:0]
    11/271: $1\product[7:0]
    12/271: $1\weight_lane[3:0]
    13/271: $1\act_lane[3:0]
    14/271: $1\c[31:0]
    15/271: $1\r[31:0]
    16/271: $0\accum_bank[255][23:0]
    17/271: $0\accum_bank[254][23:0]
    18/271: $0\accum_bank[253][23:0]
    19/271: $0\accum_bank[252][23:0]
    20/271: $0\accum_bank[251][23:0]
    21/271: $0\accum_bank[250][23:0]
    22/271: $0\accum_bank[249][23:0]
    23/271: $0\accum_bank[248][23:0]
    24/271: $0\accum_bank[247][23:0]
    25/271: $0\accum_bank[246][23:0]
    26/271: $0\accum_bank[245][23:0]
    27/271: $0\accum_bank[244][23:0]
    28/271: $0\accum_bank[243][23:0]
    29/271: $0\accum_bank[242][23:0]
    30/271: $0\accum_bank[241][23:0]
    31/271: $0\accum_bank[240][23:0]
    32/271: $0\accum_bank[239][23:0]
    33/271: $0\accum_bank[238][23:0]
    34/271: $0\accum_bank[237][23:0]
    35/271: $0\accum_bank[236][23:0]
    36/271: $0\accum_bank[235][23:0]
    37/271: $0\accum_bank[234][23:0]
    38/271: $0\accum_bank[233][23:0]
    39/271: $0\accum_bank[232][23:0]
    40/271: $0\accum_bank[231][23:0]
    41/271: $0\accum_bank[230][23:0]
    42/271: $0\accum_bank[229][23:0]
    43/271: $0\accum_bank[228][23:0]
    44/271: $0\accum_bank[227][23:0]
    45/271: $0\accum_bank[226][23:0]
    46/271: $0\accum_bank[225][23:0]
    47/271: $0\accum_bank[224][23:0]
    48/271: $0\accum_bank[223][23:0]
    49/271: $0\accum_bank[222][23:0]
    50/271: $0\accum_bank[221][23:0]
    51/271: $0\accum_bank[220][23:0]
    52/271: $0\accum_bank[219][23:0]
    53/271: $0\accum_bank[218][23:0]
    54/271: $0\accum_bank[217][23:0]
    55/271: $0\accum_bank[216][23:0]
    56/271: $0\accum_bank[215][23:0]
    57/271: $0\accum_bank[214][23:0]
    58/271: $0\accum_bank[213][23:0]
    59/271: $0\accum_bank[212][23:0]
    60/271: $0\accum_bank[211][23:0]
    61/271: $0\accum_bank[210][23:0]
    62/271: $0\accum_bank[209][23:0]
    63/271: $0\accum_bank[208][23:0]
    64/271: $0\accum_bank[207][23:0]
    65/271: $0\accum_bank[206][23:0]
    66/271: $0\accum_bank[205][23:0]
    67/271: $0\accum_bank[204][23:0]
    68/271: $0\accum_bank[203][23:0]
    69/271: $0\accum_bank[202][23:0]
    70/271: $0\accum_bank[201][23:0]
    71/271: $0\accum_bank[200][23:0]
    72/271: $0\accum_bank[199][23:0]
    73/271: $0\accum_bank[198][23:0]
    74/271: $0\accum_bank[197][23:0]
    75/271: $0\accum_bank[196][23:0]
    76/271: $0\accum_bank[195][23:0]
    77/271: $0\accum_bank[194][23:0]
    78/271: $0\accum_bank[193][23:0]
    79/271: $0\accum_bank[192][23:0]
    80/271: $0\accum_bank[191][23:0]
    81/271: $0\accum_bank[190][23:0]
    82/271: $0\accum_bank[189][23:0]
    83/271: $0\accum_bank[188][23:0]
    84/271: $0\accum_bank[187][23:0]
    85/271: $0\accum_bank[186][23:0]
    86/271: $0\accum_bank[185][23:0]
    87/271: $0\accum_bank[184][23:0]
    88/271: $0\accum_bank[183][23:0]
    89/271: $0\accum_bank[182][23:0]
    90/271: $0\accum_bank[181][23:0]
    91/271: $0\accum_bank[180][23:0]
    92/271: $0\accum_bank[179][23:0]
    93/271: $0\accum_bank[178][23:0]
    94/271: $0\accum_bank[177][23:0]
    95/271: $0\accum_bank[176][23:0]
    96/271: $0\accum_bank[175][23:0]
    97/271: $0\accum_bank[174][23:0]
    98/271: $0\accum_bank[173][23:0]
    99/271: $0\accum_bank[172][23:0]
   100/271: $0\accum_bank[171][23:0]
   101/271: $0\accum_bank[170][23:0]
   102/271: $0\accum_bank[169][23:0]
   103/271: $0\accum_bank[168][23:0]
   104/271: $0\accum_bank[167][23:0]
   105/271: $0\accum_bank[166][23:0]
   106/271: $0\accum_bank[165][23:0]
   107/271: $0\accum_bank[164][23:0]
   108/271: $0\accum_bank[163][23:0]
   109/271: $0\accum_bank[162][23:0]
   110/271: $0\accum_bank[161][23:0]
   111/271: $0\accum_bank[160][23:0]
   112/271: $0\accum_bank[159][23:0]
   113/271: $0\accum_bank[158][23:0]
   114/271: $0\accum_bank[157][23:0]
   115/271: $0\accum_bank[156][23:0]
   116/271: $0\accum_bank[155][23:0]
   117/271: $0\accum_bank[154][23:0]
   118/271: $0\accum_bank[153][23:0]
   119/271: $0\accum_bank[152][23:0]
   120/271: $0\accum_bank[151][23:0]
   121/271: $0\accum_bank[150][23:0]
   122/271: $0\accum_bank[149][23:0]
   123/271: $0\accum_bank[148][23:0]
   124/271: $0\accum_bank[147][23:0]
   125/271: $0\accum_bank[146][23:0]
   126/271: $0\accum_bank[145][23:0]
   127/271: $0\accum_bank[144][23:0]
   128/271: $0\accum_bank[143][23:0]
   129/271: $0\accum_bank[142][23:0]
   130/271: $0\accum_bank[141][23:0]
   131/271: $0\accum_bank[140][23:0]
   132/271: $0\accum_bank[139][23:0]
   133/271: $0\accum_bank[138][23:0]
   134/271: $0\accum_bank[137][23:0]
   135/271: $0\accum_bank[136][23:0]
   136/271: $0\accum_bank[135][23:0]
   137/271: $0\accum_bank[134][23:0]
   138/271: $0\accum_bank[133][23:0]
   139/271: $0\accum_bank[132][23:0]
   140/271: $0\accum_bank[131][23:0]
   141/271: $0\accum_bank[130][23:0]
   142/271: $0\accum_bank[129][23:0]
   143/271: $0\accum_bank[128][23:0]
   144/271: $0\accum_bank[127][23:0]
   145/271: $0\accum_bank[126][23:0]
   146/271: $0\accum_bank[125][23:0]
   147/271: $0\accum_bank[124][23:0]
   148/271: $0\accum_bank[123][23:0]
   149/271: $0\accum_bank[122][23:0]
   150/271: $0\accum_bank[121][23:0]
   151/271: $0\accum_bank[120][23:0]
   152/271: $0\accum_bank[119][23:0]
   153/271: $0\accum_bank[118][23:0]
   154/271: $0\accum_bank[117][23:0]
   155/271: $0\accum_bank[116][23:0]
   156/271: $0\accum_bank[115][23:0]
   157/271: $0\accum_bank[114][23:0]
   158/271: $0\accum_bank[113][23:0]
   159/271: $0\accum_bank[112][23:0]
   160/271: $0\accum_bank[111][23:0]
   161/271: $0\accum_bank[110][23:0]
   162/271: $0\accum_bank[109][23:0]
   163/271: $0\accum_bank[108][23:0]
   164/271: $0\accum_bank[107][23:0]
   165/271: $0\accum_bank[106][23:0]
   166/271: $0\accum_bank[105][23:0]
   167/271: $0\accum_bank[104][23:0]
   168/271: $0\accum_bank[103][23:0]
   169/271: $0\accum_bank[102][23:0]
   170/271: $0\accum_bank[101][23:0]
   171/271: $0\accum_bank[100][23:0]
   172/271: $0\accum_bank[99][23:0]
   173/271: $0\accum_bank[98][23:0]
   174/271: $0\accum_bank[97][23:0]
   175/271: $0\accum_bank[96][23:0]
   176/271: $0\accum_bank[95][23:0]
   177/271: $0\accum_bank[94][23:0]
   178/271: $0\accum_bank[93][23:0]
   179/271: $0\accum_bank[92][23:0]
   180/271: $0\accum_bank[91][23:0]
   181/271: $0\accum_bank[90][23:0]
   182/271: $0\accum_bank[89][23:0]
   183/271: $0\accum_bank[88][23:0]
   184/271: $0\accum_bank[87][23:0]
   185/271: $0\accum_bank[86][23:0]
   186/271: $0\accum_bank[85][23:0]
   187/271: $0\accum_bank[84][23:0]
   188/271: $0\accum_bank[83][23:0]
   189/271: $0\accum_bank[82][23:0]
   190/271: $0\accum_bank[81][23:0]
   191/271: $0\accum_bank[80][23:0]
   192/271: $0\accum_bank[79][23:0]
   193/271: $0\accum_bank[78][23:0]
   194/271: $0\accum_bank[77][23:0]
   195/271: $0\accum_bank[76][23:0]
   196/271: $0\accum_bank[75][23:0]
   197/271: $0\accum_bank[74][23:0]
   198/271: $0\accum_bank[73][23:0]
   199/271: $0\accum_bank[72][23:0]
   200/271: $0\accum_bank[71][23:0]
   201/271: $0\accum_bank[70][23:0]
   202/271: $0\accum_bank[69][23:0]
   203/271: $0\accum_bank[68][23:0]
   204/271: $0\accum_bank[67][23:0]
   205/271: $0\accum_bank[66][23:0]
   206/271: $0\accum_bank[65][23:0]
   207/271: $0\accum_bank[64][23:0]
   208/271: $0\accum_bank[63][23:0]
   209/271: $0\accum_bank[62][23:0]
   210/271: $0\accum_bank[61][23:0]
   211/271: $0\accum_bank[60][23:0]
   212/271: $0\accum_bank[59][23:0]
   213/271: $0\accum_bank[58][23:0]
   214/271: $0\accum_bank[57][23:0]
   215/271: $0\accum_bank[56][23:0]
   216/271: $0\accum_bank[55][23:0]
   217/271: $0\accum_bank[54][23:0]
   218/271: $0\accum_bank[53][23:0]
   219/271: $0\accum_bank[52][23:0]
   220/271: $0\accum_bank[51][23:0]
   221/271: $0\accum_bank[50][23:0]
   222/271: $0\accum_bank[49][23:0]
   223/271: $0\accum_bank[48][23:0]
   224/271: $0\accum_bank[47][23:0]
   225/271: $0\accum_bank[46][23:0]
   226/271: $0\accum_bank[45][23:0]
   227/271: $0\accum_bank[44][23:0]
   228/271: $0\accum_bank[43][23:0]
   229/271: $0\accum_bank[42][23:0]
   230/271: $0\accum_bank[41][23:0]
   231/271: $0\accum_bank[40][23:0]
   232/271: $0\accum_bank[39][23:0]
   233/271: $0\accum_bank[38][23:0]
   234/271: $0\accum_bank[37][23:0]
   235/271: $0\accum_bank[36][23:0]
   236/271: $0\accum_bank[35][23:0]
   237/271: $0\accum_bank[34][23:0]
   238/271: $0\accum_bank[33][23:0]
   239/271: $0\accum_bank[32][23:0]
   240/271: $0\accum_bank[31][23:0]
   241/271: $0\accum_bank[30][23:0]
   242/271: $0\accum_bank[29][23:0]
   243/271: $0\accum_bank[28][23:0]
   244/271: $0\accum_bank[27][23:0]
   245/271: $0\accum_bank[26][23:0]
   246/271: $0\accum_bank[25][23:0]
   247/271: $0\accum_bank[24][23:0]
   248/271: $0\accum_bank[23][23:0]
   249/271: $0\accum_bank[22][23:0]
   250/271: $0\accum_bank[21][23:0]
   251/271: $0\accum_bank[20][23:0]
   252/271: $0\accum_bank[19][23:0]
   253/271: $0\accum_bank[18][23:0]
   254/271: $0\accum_bank[17][23:0]
   255/271: $0\accum_bank[16][23:0]
   256/271: $0\accum_bank[15][23:0]
   257/271: $0\accum_bank[14][23:0]
   258/271: $0\accum_bank[13][23:0]
   259/271: $0\accum_bank[12][23:0]
   260/271: $0\accum_bank[11][23:0]
   261/271: $0\accum_bank[10][23:0]
   262/271: $0\accum_bank[9][23:0]
   263/271: $0\accum_bank[8][23:0]
   264/271: $0\accum_bank[7][23:0]
   265/271: $0\accum_bank[6][23:0]
   266/271: $0\accum_bank[5][23:0]
   267/271: $0\accum_bank[4][23:0]
   268/271: $0\accum_bank[3][23:0]
   269/271: $0\accum_bank[2][23:0]
   270/271: $0\accum_bank[1][23:0]
   271/271: $0\accum_bank[0][23:0]
Creating decoders for process `\x1_y3_kimi.$proc$experiments/x1/rtl/x1_y3_kimi.v:67$26'.
     1/11: $0\done[0:0]
     2/11: $0\out_we[0:0]
     3/11: $0\drain_col[3:0]
     4/11: $0\drain_row[3:0]
     5/11: $0\read_valid[0:0]
     6/11: $0\consumed[11:0]
     7/11: $0\issued[11:0]
     8/11: $0\k_dim_q[11:0]
     9/11: $0\state[1:0]
    10/11: $0\out_wdata[23:0]
    11/11: $0\out_addr[13:0]
Creating decoders for process `\x1_y3_kimi.$proc$experiments/x1/rtl/x1_y3_kimi.v:55$22'.
     1/2: $1\weight_req[0:0]
     2/2: $1\act_req[0:0]

3.2.8. Executing PROC_DLATCH pass (convert process syncs to latches).
No latch inferred for signal `\x1_y3_kimi.\act_req' from process `\x1_y3_kimi.$proc$experiments/x1/rtl/x1_y3_kimi.v:55$22'.
No latch inferred for signal `\x1_y3_kimi.\act_addr' from process `\x1_y3_kimi.$proc$experiments/x1/rtl/x1_y3_kimi.v:55$22'.
No latch inferred for signal `\x1_y3_kimi.\weight_req' from process `\x1_y3_kimi.$proc$experiments/x1/rtl/x1_y3_kimi.v:55$22'.
No latch inferred for signal `\x1_y3_kimi.\weight_addr' from process `\x1_y3_kimi.$proc$experiments/x1/rtl/x1_y3_kimi.v:55$22'.

3.2.9. Executing PROC_DFF pass (convert process syncs to FFs).
Creating register for signal `\x1_y3_kimi.\r' using process `\x1_y3_kimi.$proc$experiments/x1/rtl/x1_y3_kimi.v:158$39'.
  created $dff cell `$procdff$5535' with positive edge clock.
Creating register for signal `\x1_y3_kimi.\c' using process `\x1_y3_kimi.$proc$experiments/x1/rtl/x1_y3_kimi.v:158$39'.
  created $dff cell `$procdff$5536' with positive edge clock.
Creating register for signal `\x1_y3_kimi.\i' using process `\x1_y3_kimi.$proc$experiments/x1/rtl/x1_y3_kimi.v:158$39'.
  created $dff cell `$procdff$5537' with positive edge clock.
Creating register for signal `\x1_y3_kimi.\j' using process `\x1_y3_kimi.$proc$experiments/x1/rtl/x1_y3_kimi.v:158$39'.
  created $dff cell `$procdff$5538' with positive edge clock.
Creating register for signal `\x1_y3_kimi.\act_lane' using process `\x1_y3_kimi.$proc$experiments/x1/rtl/x1_y3_kimi.v:158$39'.
  created $dff cell `$procdff$5539' with positive edge clock.
Creating register for signal `\x1_y3_kimi.\weight_lane' using process `\x1_y3_kimi.$proc$experiments/x1/rtl/x1_y3_kimi.v:158$39'.
  created $dff cell `$procdff$5540' with positive edge clock.
Creating register for signal `\x1_y3_kimi.\product' using process `\x1_y3_kimi.$proc$experiments/x1/rtl/x1_y3_kimi.v:158$39'.
  created $dff cell `$procdff$5541' with positive edge clock.
Creating register for signal `\x1_y3_kimi.\accum_bank[0]' using process `\x1_y3_kimi.$proc$experiments/x1/rtl/x1_y3_kimi.v:158$39'.
  created $dff cell `$procdff$5542' with positive edge clock.
Creating register for signal `\x1_y3_kimi.\accum_bank[1]' using process `\x1_y3_kimi.$proc$experiments/x1/rtl/x1_y3_kimi.v:158$39'.
  created $dff cell `$procdff$5543' with positive edge clock.
Creating register for signal `\x1_y3_kimi.\accum_bank[2]' using process `\x1_y3_kimi.$proc$experiments/x1/rtl/x1_y3_kimi.v:158$39'.
  created $dff cell `$procdff$5544' with positive edge clock.
Creating register for signal `\x1_y3_kimi.\accum_bank[3]' using process `\x1_y3_kimi.$proc$experiments/x1/rtl/x1_y3_kimi.v:158$39'.
  created $dff cell `$procdff$5545' with positive edge clock.
Creating register for signal `\x1_y3_kimi.\accum_bank[4]' using process `\x1_y3_kimi.$proc$experiments/x1/rtl/x1_y3_kimi.v:158$39'.
  created $dff cell `$procdff$5546' with positive edge clock.
Creating register for signal `\x1_y3_kimi.\accum_bank[5]' using process `\x1_y3_kimi.$proc$experiments/x1/rtl/x1_y3_kimi.v:158$39'.
  created $dff cell `$procdff$5547' with positive edge clock.
Creating register for signal `\x1_y3_kimi.\accum_bank[6]' using process `\x1_y3_kimi.$proc$experiments/x1/rtl/x1_y3_kimi.v:158$39'.
  created $dff cell `$procdff$5548' with positive edge clock.
Creating register for signal `\x1_y3_kimi.\accum_bank[7]' using process `\x1_y3_kimi.$proc$experiments/x1/rtl/x1_y3_kimi.v:158$39'.
  created $dff cell `$procdff$5549' with positive edge clock.
Creating register for signal `\x1_y3_kimi.\accum_bank[8]' using process `\x1_y3_kimi.$proc$experiments/x1/rtl/x1_y3_kimi.v:158$39'.
  created $dff cell `$procdff$5550' with positive edge clock.
Creating register for signal `\x1_y3_kimi.\accum_bank[9]' using process `\x1_y3_kimi.$proc$experiments/x1/rtl/x1_y3_kimi.v:158$39'.
  created $dff cell `$procdff$5551' with positive edge clock.
Creating register for signal `\x1_y3_kimi.\accum_bank[10]' using process `\x1_y3_kimi.$proc$experiments/x1/rtl/x1_y3_kimi.v:158$39'.
  created $dff cell `$procdff$5552' with positive edge clock.
Creating register for signal `\x1_y3_kimi.\accum_bank[11]' using process `\x1_y3_kimi.$proc$experiments/x1/rtl/x1_y3_kimi.v:158$39'.
  created $dff cell `$procdff$5553' with positive edge clock.
Creating register for signal `\x1_y3_kimi.\accum_bank[12]' using process `\x1_y3_kimi.$proc$experiments/x1/rtl/x1_y3_kimi.v:158$39'.
  created $dff cell `$procdff$5554' with positive edge clock.
Creating register for signal `\x1_y3_kimi.\accum_bank[13]' using process `\x1_y3_kimi.$proc$experiments/x1/rtl/x1_y3_kimi.v:158$39'.
  created $dff cell `$procdff$5555' with positive edge clock.
Creating register for signal `\x1_y3_kimi.\accum_bank[14]' using process `\x1_y3_kimi.$proc$experiments/x1/rtl/x1_y3_kimi.v:158$39'.
  created $dff cell `$procdff$5556' with positive edge clock.
Creating register for signal `\x1_y3_kimi.\accum_bank[15]' using process `\x1_y3_kimi.$proc$experiments/x1/rtl/x1_y3_kimi.v:158$39'.
  created $dff cell `$procdff$5557' with positive edge clock.
Creating register for signal `\x1_y3_kimi.\accum_bank[16]' using process `\x1_y3_kimi.$proc$experiments/x1/rtl/x1_y3_kimi.v:158$39'.
  created $dff cell `$procdff$5558' with positive edge clock.
Creating register for signal `\x1_y3_kimi.\accum_bank[17]' using process `\x1_y3_kimi.$proc$experiments/x1/rtl/x1_y3_kimi.v:158$39'.
  created $dff cell `$procdff$5559' with positive edge clock.
Creating register for signal `\x1_y3_kimi.\accum_bank[18]' using process `\x1_y3_kimi.$proc$experiments/x1/rtl/x1_y3_kimi.v:158$39'.
  created $dff cell `$procdff$5560' with positive edge clock.
Creating register for signal `\x1_y3_kimi.\accum_bank[19]' using process `\x1_y3_kimi.$proc$experiments/x1/rtl/x1_y3_kimi.v:158$39'.
  created $dff cell `$procdff$5561' with positive edge clock.
Creating register for signal `\x1_y3_kimi.\accum_bank[20]' using process `\x1_y3_kimi.$proc$experiments/x1/rtl/x1_y3_kimi.v:158$39'.
  created $dff cell `$procdff$5562' with positive edge clock.
Creating register for signal `\x1_y3_kimi.\accum_bank[21]' using process `\x1_y3_kimi.$proc$experiments/x1/rtl/x1_y3_kimi.v:158$39'.
  created $dff cell `$procdff$5563' with positive edge clock.
Creating register for signal `\x1_y3_kimi.\accum_bank[22]' using process `\x1_y3_kimi.$proc$experiments/x1/rtl/x1_y3_kimi.v:158$39'.
  created $dff cell `$procdff$5564' with positive edge clock.
Creating register for signal `\x1_y3_kimi.\accum_bank[23]' using process `\x1_y3_kimi.$proc$experiments/x1/rtl/x1_y3_kimi.v:158$39'.
  created $dff cell `$procdff$5565' with positive edge clock.
Creating register for signal `\x1_y3_kimi.\accum_bank[24]' using process `\x1_y3_kimi.$proc$experiments/x1/rtl/x1_y3_kimi.v:158$39'.
  created $dff cell `$procdff$5566' with positive edge clock.
Creating register for signal `\x1_y3_kimi.\accum_bank[25]' using process `\x1_y3_kimi.$proc$experiments/x1/rtl/x1_y3_kimi.v:158$39'.
  created $dff cell `$procdff$5567' with positive edge clock.
Creating register for signal `\x1_y3_kimi.\accum_bank[26]' using process `\x1_y3_kimi.$proc$experiments/x1/rtl/x1_y3_kimi.v:158$39'.
  created $dff cell `$procdff$5568' with positive edge clock.
Creating register for signal `\x1_y3_kimi.\accum_bank[27]' using process `\x1_y3_kimi.$proc$experiments/x1/rtl/x1_y3_kimi.v:158$39'.
  created $dff cell `$procdff$5569' with positive edge clock.
Creating register for signal `\x1_y3_kimi.\accum_bank[28]' using process `\x1_y3_kimi.$proc$experiments/x1/rtl/x1_y3_kimi.v:158$39'.
  created $dff cell `$procdff$5570' with positive edge clock.
Creating register for signal `\x1_y3_kimi.\accum_bank[29]' using process `\x1_y3_kimi.$proc$experiments/x1/rtl/x1_y3_kimi.v:158$39'.
  created $dff cell `$procdff$5571' with positive edge clock.
Creating register for signal `\x1_y3_kimi.\accum_bank[30]' using process `\x1_y3_kimi.$proc$experiments/x1/rtl/x1_y3_kimi.v:158$39'.
  created $dff cell `$procdff$5572' with positive edge clock.
Creating register for signal `\x1_y3_kimi.\accum_bank[31]' using process `\x1_y3_kimi.$proc$experiments/x1/rtl/x1_y3_kimi.v:158$39'.
  created $dff cell `$procdff$5573' with positive edge clock.
Creating register for signal `\x1_y3_kimi.\accum_bank[32]' using process `\x1_y3_kimi.$proc$experiments/x1/rtl/x1_y3_kimi.v:158$39'.
  created $dff cell `$procdff$5574' with positive edge clock.
Creating register for signal `\x1_y3_kimi.\accum_bank[33]' using process `\x1_y3_kimi.$proc$experiments/x1/rtl/x1_y3_kimi.v:158$39'.
  created $dff cell `$procdff$5575' with positive edge clock.
Creating register for signal `\x1_y3_kimi.\accum_bank[34]' using process `\x1_y3_kimi.$proc$experiments/x1/rtl/x1_y3_kimi.v:158$39'.
  created $dff cell `$procdff$5576' with positive edge clock.
Creating register for signal `\x1_y3_kimi.\accum_bank[35]' using process `\x1_y3_kimi.$proc$experiments/x1/rtl/x1_y3_kimi.v:158$39'.
  created $dff cell `$procdff$5577' with positive edge clock.
Creating register for signal `\x1_y3_kimi.\accum_bank[36]' using process `\x1_y3_kimi.$proc$experiments/x1/rtl/x1_y3_kimi.v:158$39'.
  created $dff cell `$procdff$5578' with positive edge clock.
Creating register for signal `\x1_y3_kimi.\accum_bank[37]' using process `\x1_y3_kimi.$proc$experiments/x1/rtl/x1_y3_kimi.v:158$39'.
  created $dff cell `$procdff$5579' with positive edge clock.
Creating register for signal `\x1_y3_kimi.\accum_bank[38]' using process `\x1_y3_kimi.$proc$experiments/x1/rtl/x1_y3_kimi.v:158$39'.
  created $dff cell `$procdff$5580' with positive edge clock.
Creating register for signal `\x1_y3_kimi.\accum_bank[39]' using process `\x1_y3_kimi.$proc$experiments/x1/rtl/x1_y3_kimi.v:158$39'.
  created $dff cell `$procdff$5581' with positive edge clock.
Creating register for signal `\x1_y3_kimi.\accum_bank[40]' using process `\x1_y3_kimi.$proc$experiments/x1/rtl/x1_y3_kimi.v:158$39'.
  created $dff cell `$procdff$5582' with positive edge clock.
Creating register for signal `\x1_y3_kimi.\accum_bank[41]' using process `\x1_y3_kimi.$proc$experiments/x1/rtl/x1_y3_kimi.v:158$39'.
  created $dff cell `$procdff$5583' with positive edge clock.
Creating register for signal `\x1_y3_kimi.\accum_bank[42]' using process `\x1_y3_kimi.$proc$experiments/x1/rtl/x1_y3_kimi.v:158$39'.
  created $dff cell `$procdff$5584' with positive edge clock.
Creating register for signal `\x1_y3_kimi.\accum_bank[43]' using process `\x1_y3_kimi.$proc$experiments/x1/rtl/x1_y3_kimi.v:158$39'.
  created $dff cell `$procdff$5585' with positive edge clock.
Creating register for signal `\x1_y3_kimi.\accum_bank[44]' using process `\x1_y3_kimi.$proc$experiments/x1/rtl/x1_y3_kimi.v:158$39'.
  created $dff cell `$procdff$5586' with positive edge clock.
Creating register for signal `\x1_y3_kimi.\accum_bank[45]' using process `\x1_y3_kimi.$proc$experiments/x1/rtl/x1_y3_kimi.v:158$39'.
  created $dff cell `$procdff$5587' with positive edge clock.
Creating register for signal `\x1_y3_kimi.\accum_bank[46]' using process `\x1_y3_kimi.$proc$experiments/x1/rtl/x1_y3_kimi.v:158$39'.
  created $dff cell `$procdff$5588' with positive edge clock.
Creating register for signal `\x1_y3_kimi.\accum_bank[47]' using process `\x1_y3_kimi.$proc$experiments/x1/rtl/x1_y3_kimi.v:158$39'.
  created $dff cell `$procdff$5589' with positive edge clock.
Creating register for signal `\x1_y3_kimi.\accum_bank[48]' using process `\x1_y3_kimi.$proc$experiments/x1/rtl/x1_y3_kimi.v:158$39'.
  created $dff cell `$procdff$5590' with positive edge clock.
Creating register for signal `\x1_y3_kimi.\accum_bank[49]' using process `\x1_y3_kimi.$proc$experiments/x1/rtl/x1_y3_kimi.v:158$39'.
  created $dff cell `$procdff$5591' with positive edge clock.
Creating register for signal `\x1_y3_kimi.\accum_bank[50]' using process `\x1_y3_kimi.$proc$experiments/x1/rtl/x1_y3_kimi.v:158$39'.
  created $dff cell `$procdff$5592' with positive edge clock.
Creating register for signal `\x1_y3_kimi.\accum_bank[51]' using process `\x1_y3_kimi.$proc$experiments/x1/rtl/x1_y3_kimi.v:158$39'.
  created $dff cell `$procdff$5593' with positive edge clock.
Creating register for signal `\x1_y3_kimi.\accum_bank[52]' using process `\x1_y3_kimi.$proc$experiments/x1/rtl/x1_y3_kimi.v:158$39'.
  created $dff cell `$procdff$5594' with positive edge clock.
Creating register for signal `\x1_y3_kimi.\accum_bank[53]' using process `\x1_y3_kimi.$proc$experiments/x1/rtl/x1_y3_kimi.v:158$39'.
  created $dff cell `$procdff$5595' with positive edge clock.
Creating register for signal `\x1_y3_kimi.\accum_bank[54]' using process `\x1_y3_kimi.$proc$experiments/x1/rtl/x1_y3_kimi.v:158$39'.
  created $dff cell `$procdff$5596' with positive edge clock.
Creating register for signal `\x1_y3_kimi.\accum_bank[55]' using process `\x1_y3_kimi.$proc$experiments/x1/rtl/x1_y3_kimi.v:158$39'.
  created $dff cell `$procdff$5597' with positive edge clock.
Creating register for signal `\x1_y3_kimi.\accum_bank[56]' using process `\x1_y3_kimi.$proc$experiments/x1/rtl/x1_y3_kimi.v:158$39'.
  created $dff cell `$procdff$5598' with positive edge clock.
Creating register for signal `\x1_y3_kimi.\accum_bank[57]' using process `\x1_y3_kimi.$proc$experiments/x1/rtl/x1_y3_kimi.v:158$39'.
  created $dff cell `$procdff$5599' with positive edge clock.
Creating register for signal `\x1_y3_kimi.\accum_bank[58]' using process `\x1_y3_kimi.$proc$experiments/x1/rtl/x1_y3_kimi.v:158$39'.
  created $dff cell `$procdff$5600' with positive edge clock.
Creating register for signal `\x1_y3_kimi.\accum_bank[59]' using process `\x1_y3_kimi.$proc$experiments/x1/rtl/x1_y3_kimi.v:158$39'.
  created $dff cell `$procdff$5601' with positive edge clock.
Creating register for signal `\x1_y3_kimi.\accum_bank[60]' using process `\x1_y3_kimi.$proc$experiments/x1/rtl/x1_y3_kimi.v:158$39'.
  created $dff cell `$procdff$5602' with positive edge clock.
Creating register for signal `\x1_y3_kimi.\accum_bank[61]' using process `\x1_y3_kimi.$proc$experiments/x1/rtl/x1_y3_kimi.v:158$39'.
  created $dff cell `$procdff$5603' with positive edge clock.
Creating register for signal `\x1_y3_kimi.\accum_bank[62]' using process `\x1_y3_kimi.$proc$experiments/x1/rtl/x1_y3_kimi.v:158$39'.
  created $dff cell `$procdff$5604' with positive edge clock.
Creating register for signal `\x1_y3_kimi.\accum_bank[63]' using process `\x1_y3_kimi.$proc$experiments/x1/rtl/x1_y3_kimi.v:158$39'.
  created $dff cell `$procdff$5605' with positive edge clock.
Creating register for signal `\x1_y3_kimi.\accum_bank[64]' using process `\x1_y3_kimi.$proc$experiments/x1/rtl/x1_y3_kimi.v:158$39'.
  created $dff cell `$procdff$5606' with positive edge clock.
Creating register for signal `\x1_y3_kimi.\accum_bank[65]' using process `\x1_y3_kimi.$proc$experiments/x1/rtl/x1_y3_kimi.v:158$39'.
  created $dff cell `$procdff$5607' with positive edge clock.
Creating register for signal `\x1_y3_kimi.\accum_bank[66]' using process `\x1_y3_kimi.$proc$experiments/x1/rtl/x1_y3_kimi.v:158$39'.
  created $dff cell `$procdff$5608' with positive edge clock.
Creating register for signal `\x1_y3_kimi.\accum_bank[67]' using process `\x1_y3_kimi.$proc$experiments/x1/rtl/x1_y3_kimi.v:158$39'.
  created $dff cell `$procdff$5609' with positive edge clock.
Creating register for signal `\x1_y3_kimi.\accum_bank[68]' using process `\x1_y3_kimi.$proc$experiments/x1/rtl/x1_y3_kimi.v:158$39'.
  created $dff cell `$procdff$5610' with positive edge clock.
Creating register for signal `\x1_y3_kimi.\accum_bank[69]' using process `\x1_y3_kimi.$proc$experiments/x1/rtl/x1_y3_kimi.v:158$39'.
  created $dff cell `$procdff$5611' with positive edge clock.
Creating register for signal `\x1_y3_kimi.\accum_bank[70]' using process `\x1_y3_kimi.$proc$experiments/x1/rtl/x1_y3_kimi.v:158$39'.
  created $dff cell `$procdff$5612' with positive edge clock.
Creating register for signal `\x1_y3_kimi.\accum_bank[71]' using process `\x1_y3_kimi.$proc$experiments/x1/rtl/x1_y3_kimi.v:158$39'.
  created $dff cell `$procdff$5613' with positive edge clock.
Creating register for signal `\x1_y3_kimi.\accum_bank[72]' using process `\x1_y3_kimi.$proc$experiments/x1/rtl/x1_y3_kimi.v:158$39'.
  created $dff cell `$procdff$5614' with positive edge clock.
Creating register for signal `\x1_y3_kimi.\accum_bank[73]' using process `\x1_y3_kimi.$proc$experiments/x1/rtl/x1_y3_kimi.v:158$39'.
  created $dff cell `$procdff$5615' with positive edge clock.
Creating register for signal `\x1_y3_kimi.\accum_bank[74]' using process `\x1_y3_kimi.$proc$experiments/x1/rtl/x1_y3_kimi.v:158$39'.
  created $dff cell `$procdff$5616' with positive edge clock.
Creating register for signal `\x1_y3_kimi.\accum_bank[75]' using process `\x1_y3_kimi.$proc$experiments/x1/rtl/x1_y3_kimi.v:158$39'.
  created $dff cell `$procdff$5617' with positive edge clock.
Creating register for signal `\x1_y3_kimi.\accum_bank[76]' using process `\x1_y3_kimi.$proc$experiments/x1/rtl/x1_y3_kimi.v:158$39'.
  created $dff cell `$procdff$5618' with positive edge clock.
Creating register for signal `\x1_y3_kimi.\accum_bank[77]' using process `\x1_y3_kimi.$proc$experiments/x1/rtl/x1_y3_kimi.v:158$39'.
  created $dff cell `$procdff$5619' with positive edge clock.
Creating register for signal `\x1_y3_kimi.\accum_bank[78]' using process `\x1_y3_kimi.$proc$experiments/x1/rtl/x1_y3_kimi.v:158$39'.
  created $dff cell `$procdff$5620' with positive edge clock.
Creating register for signal `\x1_y3_kimi.\accum_bank[79]' using process `\x1_y3_kimi.$proc$experiments/x1/rtl/x1_y3_kimi.v:158$39'.
  created $dff cell `$procdff$5621' with positive edge clock.
Creating register for signal `\x1_y3_kimi.\accum_bank[80]' using process `\x1_y3_kimi.$proc$experiments/x1/rtl/x1_y3_kimi.v:158$39'.
  created $dff cell `$procdff$5622' with positive edge clock.
Creating register for signal `\x1_y3_kimi.\accum_bank[81]' using process `\x1_y3_kimi.$proc$experiments/x1/rtl/x1_y3_kimi.v:158$39'.
  created $dff cell `$procdff$5623' with positive edge clock.
Creating register for signal `\x1_y3_kimi.\accum_bank[82]' using process `\x1_y3_kimi.$proc$experiments/x1/rtl/x1_y3_kimi.v:158$39'.
  created $dff cell `$procdff$5624' with positive edge clock.
Creating register for signal `\x1_y3_kimi.\accum_bank[83]' using process `\x1_y3_kimi.$proc$experiments/x1/rtl/x1_y3_kimi.v:158$39'.
  created $dff cell `$procdff$5625' with positive edge clock.
Creating register for signal `\x1_y3_kimi.\accum_bank[84]' using process `\x1_y3_kimi.$proc$experiments/x1/rtl/x1_y3_kimi.v:158$39'.
  created $dff cell `$procdff$5626' with positive edge clock.
Creating register for signal `\x1_y3_kimi.\accum_bank[85]' using process `\x1_y3_kimi.$proc$experiments/x1/rtl/x1_y3_kimi.v:158$39'.
  created $dff cell `$procdff$5627' with positive edge clock.
Creating register for signal `\x1_y3_kimi.\accum_bank[86]' using process `\x1_y3_kimi.$proc$experiments/x1/rtl/x1_y3_kimi.v:158$39'.
  created $dff cell `$procdff$5628' with positive edge clock.
Creating register for signal `\x1_y3_kimi.\accum_bank[87]' using process `\x1_y3_kimi.$proc$experiments/x1/rtl/x1_y3_kimi.v:158$39'.
  created $dff cell `$procdff$5629' with positive edge clock.
Creating register for signal `\x1_y3_kimi.\accum_bank[88]' using process `\x1_y3_kimi.$proc$experiments/x1/rtl/x1_y3_kimi.v:158$39'.
  created $dff cell `$procdff$5630' with positive edge clock.
Creating register for signal `\x1_y3_kimi.\accum_bank[89]' using process `\x1_y3_kimi.$proc$experiments/x1/rtl/x1_y3_kimi.v:158$39'.
  created $dff cell `$procdff$5631' with positive edge clock.
Creating register for signal `\x1_y3_kimi.\accum_bank[90]' using process `\x1_y3_kimi.$proc$experiments/x1/rtl/x1_y3_kimi.v:158$39'.
  created $dff cell `$procdff$5632' with positive edge clock.
Creating register for signal `\x1_y3_kimi.\accum_bank[91]' using process `\x1_y3_kimi.$proc$experiments/x1/rtl/x1_y3_kimi.v:158$39'.
  created $dff cell `$procdff$5633' with positive edge clock.
Creating register for signal `\x1_y3_kimi.\accum_bank[92]' using process `\x1_y3_kimi.$proc$experiments/x1/rtl/x1_y3_kimi.v:158$39'.
  created $dff cell `$procdff$5634' with positive edge clock.
Creating register for signal `\x1_y3_kimi.\accum_bank[93]' using process `\x1_y3_kimi.$proc$experiments/x1/rtl/x1_y3_kimi.v:158$39'.
  created $dff cell `$procdff$5635' with positive edge clock.
Creating register for signal `\x1_y3_kimi.\accum_bank[94]' using process `\x1_y3_kimi.$proc$experiments/x1/rtl/x1_y3_kimi.v:158$39'.
  created $dff cell `$procdff$5636' with positive edge clock.
Creating register for signal `\x1_y3_kimi.\accum_bank[95]' using process `\x1_y3_kimi.$proc$experiments/x1/rtl/x1_y3_kimi.v:158$39'.
  created $dff cell `$procdff$5637' with positive edge clock.
Creating register for signal `\x1_y3_kimi.\accum_bank[96]' using process `\x1_y3_kimi.$proc$experiments/x1/rtl/x1_y3_kimi.v:158$39'.
  created $dff cell `$procdff$5638' with positive edge clock.
Creating register for signal `\x1_y3_kimi.\accum_bank[97]' using process `\x1_y3_kimi.$proc$experiments/x1/rtl/x1_y3_kimi.v:158$39'.
  created $dff cell `$procdff$5639' with positive edge clock.
Creating register for signal `\x1_y3_kimi.\accum_bank[98]' using process `\x1_y3_kimi.$proc$experiments/x1/rtl/x1_y3_kimi.v:158$39'.
  created $dff cell `$procdff$5640' with positive edge clock.
Creating register for signal `\x1_y3_kimi.\accum_bank[99]' using process `\x1_y3_kimi.$proc$experiments/x1/rtl/x1_y3_kimi.v:158$39'.
  created $dff cell `$procdff$5641' with positive edge clock.
Creating register for signal `\x1_y3_kimi.\accum_bank[100]' using process `\x1_y3_kimi.$proc$experiments/x1/rtl/x1_y3_kimi.v:158$39'.
  created $dff cell `$procdff$5642' with positive edge clock.
Creating register for signal `\x1_y3_kimi.\accum_bank[101]' using process `\x1_y3_kimi.$proc$experiments/x1/rtl/x1_y3_kimi.v:158$39'.
  created $dff cell `$procdff$5643' with positive edge clock.
Creating register for signal `\x1_y3_kimi.\accum_bank[102]' using process `\x1_y3_kimi.$proc$experiments/x1/rtl/x1_y3_kimi.v:158$39'.
  created $dff cell `$procdff$5644' with positive edge clock.
Creating register for signal `\x1_y3_kimi.\accum_bank[103]' using process `\x1_y3_kimi.$proc$experiments/x1/rtl/x1_y3_kimi.v:158$39'.
  created $dff cell `$procdff$5645' with positive edge clock.
Creating register for signal `\x1_y3_kimi.\accum_bank[104]' using process `\x1_y3_kimi.$proc$experiments/x1/rtl/x1_y3_kimi.v:158$39'.
  created $dff cell `$procdff$5646' with positive edge clock.
Creating register for signal `\x1_y3_kimi.\accum_bank[105]' using process `\x1_y3_kimi.$proc$experiments/x1/rtl/x1_y3_kimi.v:158$39'.
  created $dff cell `$procdff$5647' with positive edge clock.
Creating register for signal `\x1_y3_kimi.\accum_bank[106]' using process `\x1_y3_kimi.$proc$experiments/x1/rtl/x1_y3_kimi.v:158$39'.
  created $dff cell `$procdff$5648' with positive edge clock.
Creating register for signal `\x1_y3_kimi.\accum_bank[107]' using process `\x1_y3_kimi.$proc$experiments/x1/rtl/x1_y3_kimi.v:158$39'.
  created $dff cell `$procdff$5649' with positive edge clock.
Creating register for signal `\x1_y3_kimi.\accum_bank[108]' using process `\x1_y3_kimi.$proc$experiments/x1/rtl/x1_y3_kimi.v:158$39'.
  created $dff cell `$procdff$5650' with positive edge clock.
Creating register for signal `\x1_y3_kimi.\accum_bank[109]' using process `\x1_y3_kimi.$proc$experiments/x1/rtl/x1_y3_kimi.v:158$39'.
  created $dff cell `$procdff$5651' with positive edge clock.
Creating register for signal `\x1_y3_kimi.\accum_bank[110]' using process `\x1_y3_kimi.$proc$experiments/x1/rtl/x1_y3_kimi.v:158$39'.
  created $dff cell `$procdff$5652' with positive edge clock.
Creating register for signal `\x1_y3_kimi.\accum_bank[111]' using process `\x1_y3_kimi.$proc$experiments/x1/rtl/x1_y3_kimi.v:158$39'.
  created $dff cell `$procdff$5653' with positive edge clock.
Creating register for signal `\x1_y3_kimi.\accum_bank[112]' using process `\x1_y3_kimi.$proc$experiments/x1/rtl/x1_y3_kimi.v:158$39'.
  created $dff cell `$procdff$5654' with positive edge clock.
Creating register for signal `\x1_y3_kimi.\accum_bank[113]' using process `\x1_y3_kimi.$proc$experiments/x1/rtl/x1_y3_kimi.v:158$39'.
  created $dff cell `$procdff$5655' with positive edge clock.
Creating register for signal `\x1_y3_kimi.\accum_bank[114]' using process `\x1_y3_kimi.$proc$experiments/x1/rtl/x1_y3_kimi.v:158$39'.
  created $dff cell `$procdff$5656' with positive edge clock.
Creating register for signal `\x1_y3_kimi.\accum_bank[115]' using process `\x1_y3_kimi.$proc$experiments/x1/rtl/x1_y3_kimi.v:158$39'.
  created $dff cell `$procdff$5657' with positive edge clock.
Creating register for signal `\x1_y3_kimi.\accum_bank[116]' using process `\x1_y3_kimi.$proc$experiments/x1/rtl/x1_y3_kimi.v:158$39'.
  created $dff cell `$procdff$5658' with positive edge clock.
Creating register for signal `\x1_y3_kimi.\accum_bank[117]' using process `\x1_y3_kimi.$proc$experiments/x1/rtl/x1_y3_kimi.v:158$39'.
  created $dff cell `$procdff$5659' with positive edge clock.
Creating register for signal `\x1_y3_kimi.\accum_bank[118]' using process `\x1_y3_kimi.$proc$experiments/x1/rtl/x1_y3_kimi.v:158$39'.
  created $dff cell `$procdff$5660' with positive edge clock.
Creating register for signal `\x1_y3_kimi.\accum_bank[119]' using process `\x1_y3_kimi.$proc$experiments/x1/rtl/x1_y3_kimi.v:158$39'.
  created $dff cell `$procdff$5661' with positive edge clock.
Creating register for signal `\x1_y3_kimi.\accum_bank[120]' using process `\x1_y3_kimi.$proc$experiments/x1/rtl/x1_y3_kimi.v:158$39'.
  created $dff cell `$procdff$5662' with positive edge clock.
Creating register for signal `\x1_y3_kimi.\accum_bank[121]' using process `\x1_y3_kimi.$proc$experiments/x1/rtl/x1_y3_kimi.v:158$39'.
  created $dff cell `$procdff$5663' with positive edge clock.
Creating register for signal `\x1_y3_kimi.\accum_bank[122]' using process `\x1_y3_kimi.$proc$experiments/x1/rtl/x1_y3_kimi.v:158$39'.
  created $dff cell `$procdff$5664' with positive edge clock.
Creating register for signal `\x1_y3_kimi.\accum_bank[123]' using process `\x1_y3_kimi.$proc$experiments/x1/rtl/x1_y3_kimi.v:158$39'.
  created $dff cell `$procdff$5665' with positive edge clock.
Creating register for signal `\x1_y3_kimi.\accum_bank[124]' using process `\x1_y3_kimi.$proc$experiments/x1/rtl/x1_y3_kimi.v:158$39'.
  created $dff cell `$procdff$5666' with positive edge clock.
Creating register for signal `\x1_y3_kimi.\accum_bank[125]' using process `\x1_y3_kimi.$proc$experiments/x1/rtl/x1_y3_kimi.v:158$39'.
  created $dff cell `$procdff$5667' with positive edge clock.
Creating register for signal `\x1_y3_kimi.\accum_bank[126]' using process `\x1_y3_kimi.$proc$experiments/x1/rtl/x1_y3_kimi.v:158$39'.
  created $dff cell `$procdff$5668' with positive edge clock.
Creating register for signal `\x1_y3_kimi.\accum_bank[127]' using process `\x1_y3_kimi.$proc$experiments/x1/rtl/x1_y3_kimi.v:158$39'.
  created $dff cell `$procdff$5669' with positive edge clock.
Creating register for signal `\x1_y3_kimi.\accum_bank[128]' using process `\x1_y3_kimi.$proc$experiments/x1/rtl/x1_y3_kimi.v:158$39'.
  created $dff cell `$procdff$5670' with positive edge clock.
Creating register for signal `\x1_y3_kimi.\accum_bank[129]' using process `\x1_y3_kimi.$proc$experiments/x1/rtl/x1_y3_kimi.v:158$39'.
  created $dff cell `$procdff$5671' with positive edge clock.
Creating register for signal `\x1_y3_kimi.\accum_bank[130]' using process `\x1_y3_kimi.$proc$experiments/x1/rtl/x1_y3_kimi.v:158$39'.
  created $dff cell `$procdff$5672' with positive edge clock.
Creating register for signal `\x1_y3_kimi.\accum_bank[131]' using process `\x1_y3_kimi.$proc$experiments/x1/rtl/x1_y3_kimi.v:158$39'.
  created $dff cell `$procdff$5673' with positive edge clock.
Creating register for signal `\x1_y3_kimi.\accum_bank[132]' using process `\x1_y3_kimi.$proc$experiments/x1/rtl/x1_y3_kimi.v:158$39'.
  created $dff cell `$procdff$5674' with positive edge clock.
Creating register for signal `\x1_y3_kimi.\accum_bank[133]' using process `\x1_y3_kimi.$proc$experiments/x1/rtl/x1_y3_kimi.v:158$39'.
  created $dff cell `$procdff$5675' with positive edge clock.
Creating register for signal `\x1_y3_kimi.\accum_bank[134]' using process `\x1_y3_kimi.$proc$experiments/x1/rtl/x1_y3_kimi.v:158$39'.
  created $dff cell `$procdff$5676' with positive edge clock.
Creating register for signal `\x1_y3_kimi.\accum_bank[135]' using process `\x1_y3_kimi.$proc$experiments/x1/rtl/x1_y3_kimi.v:158$39'.
  created $dff cell `$procdff$5677' with positive edge clock.
Creating register for signal `\x1_y3_kimi.\accum_bank[136]' using process `\x1_y3_kimi.$proc$experiments/x1/rtl/x1_y3_kimi.v:158$39'.
  created $dff cell `$procdff$5678' with positive edge clock.
Creating register for signal `\x1_y3_kimi.\accum_bank[137]' using process `\x1_y3_kimi.$proc$experiments/x1/rtl/x1_y3_kimi.v:158$39'.
  created $dff cell `$procdff$5679' with positive edge clock.
Creating register for signal `\x1_y3_kimi.\accum_bank[138]' using process `\x1_y3_kimi.$proc$experiments/x1/rtl/x1_y3_kimi.v:158$39'.
  created $dff cell `$procdff$5680' with positive edge clock.
Creating register for signal `\x1_y3_kimi.\accum_bank[139]' using process `\x1_y3_kimi.$proc$experiments/x1/rtl/x1_y3_kimi.v:158$39'.
  created $dff cell `$procdff$5681' with positive edge clock.
Creating register for signal `\x1_y3_kimi.\accum_bank[140]' using process `\x1_y3_kimi.$proc$experiments/x1/rtl/x1_y3_kimi.v:158$39'.
  created $dff cell `$procdff$5682' with positive edge clock.
Creating register for signal `\x1_y3_kimi.\accum_bank[141]' using process `\x1_y3_kimi.$proc$experiments/x1/rtl/x1_y3_kimi.v:158$39'.
  created $dff cell `$procdff$5683' with positive edge clock.
Creating register for signal `\x1_y3_kimi.\accum_bank[142]' using process `\x1_y3_kimi.$proc$experiments/x1/rtl/x1_y3_kimi.v:158$39'.
  created $dff cell `$procdff$5684' with positive edge clock.
Creating register for signal `\x1_y3_kimi.\accum_bank[143]' using process `\x1_y3_kimi.$proc$experiments/x1/rtl/x1_y3_kimi.v:158$39'.
  created $dff cell `$procdff$5685' with positive edge clock.
Creating register for signal `\x1_y3_kimi.\accum_bank[144]' using process `\x1_y3_kimi.$proc$experiments/x1/rtl/x1_y3_kimi.v:158$39'.
  created $dff cell `$procdff$5686' with positive edge clock.
Creating register for signal `\x1_y3_kimi.\accum_bank[145]' using process `\x1_y3_kimi.$proc$experiments/x1/rtl/x1_y3_kimi.v:158$39'.
  created $dff cell `$procdff$5687' with positive edge clock.
Creating register for signal `\x1_y3_kimi.\accum_bank[146]' using process `\x1_y3_kimi.$proc$experiments/x1/rtl/x1_y3_kimi.v:158$39'.
  created $dff cell `$procdff$5688' with positive edge clock.
Creating register for signal `\x1_y3_kimi.\accum_bank[147]' using process `\x1_y3_kimi.$proc$experiments/x1/rtl/x1_y3_kimi.v:158$39'.
  created $dff cell `$procdff$5689' with positive edge clock.
Creating register for signal `\x1_y3_kimi.\accum_bank[148]' using process `\x1_y3_kimi.$proc$experiments/x1/rtl/x1_y3_kimi.v:158$39'.
  created $dff cell `$procdff$5690' with positive edge clock.
Creating register for signal `\x1_y3_kimi.\accum_bank[149]' using process `\x1_y3_kimi.$proc$experiments/x1/rtl/x1_y3_kimi.v:158$39'.
  created $dff cell `$procdff$5691' with positive edge clock.
Creating register for signal `\x1_y3_kimi.\accum_bank[150]' using process `\x1_y3_kimi.$proc$experiments/x1/rtl/x1_y3_kimi.v:158$39'.
  created $dff cell `$procdff$5692' with positive edge clock.
Creating register for signal `\x1_y3_kimi.\accum_bank[151]' using process `\x1_y3_kimi.$proc$experiments/x1/rtl/x1_y3_kimi.v:158$39'.
  created $dff cell `$procdff$5693' with positive edge clock.
Creating register for signal `\x1_y3_kimi.\accum_bank[152]' using process `\x1_y3_kimi.$proc$experiments/x1/rtl/x1_y3_kimi.v:158$39'.
  created $dff cell `$procdff$5694' with positive edge clock.
Creating register for signal `\x1_y3_kimi.\accum_bank[153]' using process `\x1_y3_kimi.$proc$experiments/x1/rtl/x1_y3_kimi.v:158$39'.
  created $dff cell `$procdff$5695' with positive edge clock.
Creating register for signal `\x1_y3_kimi.\accum_bank[154]' using process `\x1_y3_kimi.$proc$experiments/x1/rtl/x1_y3_kimi.v:158$39'.
  created $dff cell `$procdff$5696' with positive edge clock.
Creating register for signal `\x1_y3_kimi.\accum_bank[155]' using process `\x1_y3_kimi.$proc$experiments/x1/rtl/x1_y3_kimi.v:158$39'.
  created $dff cell `$procdff$5697' with positive edge clock.
Creating register for signal `\x1_y3_kimi.\accum_bank[156]' using process `\x1_y3_kimi.$proc$experiments/x1/rtl/x1_y3_kimi.v:158$39'.
  created $dff cell `$procdff$5698' with positive edge clock.
Creating register for signal `\x1_y3_kimi.\accum_bank[157]' using process `\x1_y3_kimi.$proc$experiments/x1/rtl/x1_y3_kimi.v:158$39'.
  created $dff cell `$procdff$5699' with positive edge clock.
Creating register for signal `\x1_y3_kimi.\accum_bank[158]' using process `\x1_y3_kimi.$proc$experiments/x1/rtl/x1_y3_kimi.v:158$39'.
  created $dff cell `$procdff$5700' with positive edge clock.
Creating register for signal `\x1_y3_kimi.\accum_bank[159]' using process `\x1_y3_kimi.$proc$experiments/x1/rtl/x1_y3_kimi.v:158$39'.
  created $dff cell `$procdff$5701' with positive edge clock.
Creating register for signal `\x1_y3_kimi.\accum_bank[160]' using process `\x1_y3_kimi.$proc$experiments/x1/rtl/x1_y3_kimi.v:158$39'.
  created $dff cell `$procdff$5702' with positive edge clock.
Creating register for signal `\x1_y3_kimi.\accum_bank[161]' using process `\x1_y3_kimi.$proc$experiments/x1/rtl/x1_y3_kimi.v:158$39'.
  created $dff cell `$procdff$5703' with positive edge clock.
Creating register for signal `\x1_y3_kimi.\accum_bank[162]' using process `\x1_y3_kimi.$proc$experiments/x1/rtl/x1_y3_kimi.v:158$39'.
  created $dff cell `$procdff$5704' with positive edge clock.
Creating register for signal `\x1_y3_kimi.\accum_bank[163]' using process `\x1_y3_kimi.$proc$experiments/x1/rtl/x1_y3_kimi.v:158$39'.
  created $dff cell `$procdff$5705' with positive edge clock.
Creating register for signal `\x1_y3_kimi.\accum_bank[164]' using process `\x1_y3_kimi.$proc$experiments/x1/rtl/x1_y3_kimi.v:158$39'.
  created $dff cell `$procdff$5706' with positive edge clock.
Creating register for signal `\x1_y3_kimi.\accum_bank[165]' using process `\x1_y3_kimi.$proc$experiments/x1/rtl/x1_y3_kimi.v:158$39'.
  created $dff cell `$procdff$5707' with positive edge clock.
Creating register for signal `\x1_y3_kimi.\accum_bank[166]' using process `\x1_y3_kimi.$proc$experiments/x1/rtl/x1_y3_kimi.v:158$39'.
  created $dff cell `$procdff$5708' with positive edge clock.
Creating register for signal `\x1_y3_kimi.\accum_bank[167]' using process `\x1_y3_kimi.$proc$experiments/x1/rtl/x1_y3_kimi.v:158$39'.
  created $dff cell `$procdff$5709' with positive edge clock.
Creating register for signal `\x1_y3_kimi.\accum_bank[168]' using process `\x1_y3_kimi.$proc$experiments/x1/rtl/x1_y3_kimi.v:158$39'.
  created $dff cell `$procdff$5710' with positive edge clock.
Creating register for signal `\x1_y3_kimi.\accum_bank[169]' using process `\x1_y3_kimi.$proc$experiments/x1/rtl/x1_y3_kimi.v:158$39'.
  created $dff cell `$procdff$5711' with positive edge clock.
Creating register for signal `\x1_y3_kimi.\accum_bank[170]' using process `\x1_y3_kimi.$proc$experiments/x1/rtl/x1_y3_kimi.v:158$39'.
  created $dff cell `$procdff$5712' with positive edge clock.
Creating register for signal `\x1_y3_kimi.\accum_bank[171]' using process `\x1_y3_kimi.$proc$experiments/x1/rtl/x1_y3_kimi.v:158$39'.
  created $dff cell `$procdff$5713' with positive edge clock.
Creating register for signal `\x1_y3_kimi.\accum_bank[172]' using process `\x1_y3_kimi.$proc$experiments/x1/rtl/x1_y3_kimi.v:158$39'.
  created $dff cell `$procdff$5714' with positive edge clock.
Creating register for signal `\x1_y3_kimi.\accum_bank[173]' using process `\x1_y3_kimi.$proc$experiments/x1/rtl/x1_y3_kimi.v:158$39'.
  created $dff cell `$procdff$5715' with positive edge clock.
Creating register for signal `\x1_y3_kimi.\accum_bank[174]' using process `\x1_y3_kimi.$proc$experiments/x1/rtl/x1_y3_kimi.v:158$39'.
  created $dff cell `$procdff$5716' with positive edge clock.
Creating register for signal `\x1_y3_kimi.\accum_bank[175]' using process `\x1_y3_kimi.$proc$experiments/x1/rtl/x1_y3_kimi.v:158$39'.
  created $dff cell `$procdff$5717' with positive edge clock.
Creating register for signal `\x1_y3_kimi.\accum_bank[176]' using process `\x1_y3_kimi.$proc$experiments/x1/rtl/x1_y3_kimi.v:158$39'.
  created $dff cell `$procdff$5718' with positive edge clock.
Creating register for signal `\x1_y3_kimi.\accum_bank[177]' using process `\x1_y3_kimi.$proc$experiments/x1/rtl/x1_y3_kimi.v:158$39'.
  created $dff cell `$procdff$5719' with positive edge clock.
Creating register for signal `\x1_y3_kimi.\accum_bank[178]' using process `\x1_y3_kimi.$proc$experiments/x1/rtl/x1_y3_kimi.v:158$39'.
  created $dff cell `$procdff$5720' with positive edge clock.
Creating register for signal `\x1_y3_kimi.\accum_bank[179]' using process `\x1_y3_kimi.$proc$experiments/x1/rtl/x1_y3_kimi.v:158$39'.
  created $dff cell `$procdff$5721' with positive edge clock.
Creating register for signal `\x1_y3_kimi.\accum_bank[180]' using process `\x1_y3_kimi.$proc$experiments/x1/rtl/x1_y3_kimi.v:158$39'.
  created $dff cell `$procdff$5722' with positive edge clock.
Creating register for signal `\x1_y3_kimi.\accum_bank[181]' using process `\x1_y3_kimi.$proc$experiments/x1/rtl/x1_y3_kimi.v:158$39'.
  created $dff cell `$procdff$5723' with positive edge clock.
Creating register for signal `\x1_y3_kimi.\accum_bank[182]' using process `\x1_y3_kimi.$proc$experiments/x1/rtl/x1_y3_kimi.v:158$39'.
  created $dff cell `$procdff$5724' with positive edge clock.
Creating register for signal `\x1_y3_kimi.\accum_bank[183]' using process `\x1_y3_kimi.$proc$experiments/x1/rtl/x1_y3_kimi.v:158$39'.
  created $dff cell `$procdff$5725' with positive edge clock.
Creating register for signal `\x1_y3_kimi.\accum_bank[184]' using process `\x1_y3_kimi.$proc$experiments/x1/rtl/x1_y3_kimi.v:158$39'.
  created $dff cell `$procdff$5726' with positive edge clock.
Creating register for signal `\x1_y3_kimi.\accum_bank[185]' using process `\x1_y3_kimi.$proc$experiments/x1/rtl/x1_y3_kimi.v:158$39'.
  created $dff cell `$procdff$5727' with positive edge clock.
Creating register for signal `\x1_y3_kimi.\accum_bank[186]' using process `\x1_y3_kimi.$proc$experiments/x1/rtl/x1_y3_kimi.v:158$39'.
  created $dff cell `$procdff$5728' with positive edge clock.
Creating register for signal `\x1_y3_kimi.\accum_bank[187]' using process `\x1_y3_kimi.$proc$experiments/x1/rtl/x1_y3_kimi.v:158$39'.
  created $dff cell `$procdff$5729' with positive edge clock.
Creating register for signal `\x1_y3_kimi.\accum_bank[188]' using process `\x1_y3_kimi.$proc$experiments/x1/rtl/x1_y3_kimi.v:158$39'.
  created $dff cell `$procdff$5730' with positive edge clock.
Creating register for signal `\x1_y3_kimi.\accum_bank[189]' using process `\x1_y3_kimi.$proc$experiments/x1/rtl/x1_y3_kimi.v:158$39'.
  created $dff cell `$procdff$5731' with positive edge clock.
Creating register for signal `\x1_y3_kimi.\accum_bank[190]' using process `\x1_y3_kimi.$proc$experiments/x1/rtl/x1_y3_kimi.v:158$39'.
  created $dff cell `$procdff$5732' with positive edge clock.
Creating register for signal `\x1_y3_kimi.\accum_bank[191]' using process `\x1_y3_kimi.$proc$experiments/x1/rtl/x1_y3_kimi.v:158$39'.
  created $dff cell `$procdff$5733' with positive edge clock.
Creating register for signal `\x1_y3_kimi.\accum_bank[192]' using process `\x1_y3_kimi.$proc$experiments/x1/rtl/x1_y3_kimi.v:158$39'.
  created $dff cell `$procdff$5734' with positive edge clock.
Creating register for signal `\x1_y3_kimi.\accum_bank[193]' using process `\x1_y3_kimi.$proc$experiments/x1/rtl/x1_y3_kimi.v:158$39'.
  created $dff cell `$procdff$5735' with positive edge clock.
Creating register for signal `\x1_y3_kimi.\accum_bank[194]' using process `\x1_y3_kimi.$proc$experiments/x1/rtl/x1_y3_kimi.v:158$39'.
  created $dff cell `$procdff$5736' with positive edge clock.
Creating register for signal `\x1_y3_kimi.\accum_bank[195]' using process `\x1_y3_kimi.$proc$experiments/x1/rtl/x1_y3_kimi.v:158$39'.
  created $dff cell `$procdff$5737' with positive edge clock.
Creating register for signal `\x1_y3_kimi.\accum_bank[196]' using process `\x1_y3_kimi.$proc$experiments/x1/rtl/x1_y3_kimi.v:158$39'.
  created $dff cell `$procdff$5738' with positive edge clock.
Creating register for signal `\x1_y3_kimi.\accum_bank[197]' using process `\x1_y3_kimi.$proc$experiments/x1/rtl/x1_y3_kimi.v:158$39'.
  created $dff cell `$procdff$5739' with positive edge clock.
Creating register for signal `\x1_y3_kimi.\accum_bank[198]' using process `\x1_y3_kimi.$proc$experiments/x1/rtl/x1_y3_kimi.v:158$39'.
  created $dff cell `$procdff$5740' with positive edge clock.
Creating register for signal `\x1_y3_kimi.\accum_bank[199]' using process `\x1_y3_kimi.$proc$experiments/x1/rtl/x1_y3_kimi.v:158$39'.
  created $dff cell `$procdff$5741' with positive edge clock.
Creating register for signal `\x1_y3_kimi.\accum_bank[200]' using process `\x1_y3_kimi.$proc$experiments/x1/rtl/x1_y3_kimi.v:158$39'.
  created $dff cell `$procdff$5742' with positive edge clock.
Creating register for signal `\x1_y3_kimi.\accum_bank[201]' using process `\x1_y3_kimi.$proc$experiments/x1/rtl/x1_y3_kimi.v:158$39'.
  created $dff cell `$procdff$5743' with positive edge clock.
Creating register for signal `\x1_y3_kimi.\accum_bank[202]' using process `\x1_y3_kimi.$proc$experiments/x1/rtl/x1_y3_kimi.v:158$39'.
  created $dff cell `$procdff$5744' with positive edge clock.
Creating register for signal `\x1_y3_kimi.\accum_bank[203]' using process `\x1_y3_kimi.$proc$experiments/x1/rtl/x1_y3_kimi.v:158$39'.
  created $dff cell `$procdff$5745' with positive edge clock.
Creating register for signal `\x1_y3_kimi.\accum_bank[204]' using process `\x1_y3_kimi.$proc$experiments/x1/rtl/x1_y3_kimi.v:158$39'.
  created $dff cell `$procdff$5746' with positive edge clock.
Creating register for signal `\x1_y3_kimi.\accum_bank[205]' using process `\x1_y3_kimi.$proc$experiments/x1/rtl/x1_y3_kimi.v:158$39'.
  created $dff cell `$procdff$5747' with positive edge clock.
Creating register for signal `\x1_y3_kimi.\accum_bank[206]' using process `\x1_y3_kimi.$proc$experiments/x1/rtl/x1_y3_kimi.v:158$39'.
  created $dff cell `$procdff$5748' with positive edge clock.
Creating register for signal `\x1_y3_kimi.\accum_bank[207]' using process `\x1_y3_kimi.$proc$experiments/x1/rtl/x1_y3_kimi.v:158$39'.
  created $dff cell `$procdff$5749' with positive edge clock.
Creating register for signal `\x1_y3_kimi.\accum_bank[208]' using process `\x1_y3_kimi.$proc$experiments/x1/rtl/x1_y3_kimi.v:158$39'.
  created $dff cell `$procdff$5750' with positive edge clock.
Creating register for signal `\x1_y3_kimi.\accum_bank[209]' using process `\x1_y3_kimi.$proc$experiments/x1/rtl/x1_y3_kimi.v:158$39'.
  created $dff cell `$procdff$5751' with positive edge clock.
Creating register for signal `\x1_y3_kimi.\accum_bank[210]' using process `\x1_y3_kimi.$proc$experiments/x1/rtl/x1_y3_kimi.v:158$39'.
  created $dff cell `$procdff$5752' with positive edge clock.
Creating register for signal `\x1_y3_kimi.\accum_bank[211]' using process `\x1_y3_kimi.$proc$experiments/x1/rtl/x1_y3_kimi.v:158$39'.
  created $dff cell `$procdff$5753' with positive edge clock.
Creating register for signal `\x1_y3_kimi.\accum_bank[212]' using process `\x1_y3_kimi.$proc$experiments/x1/rtl/x1_y3_kimi.v:158$39'.
  created $dff cell `$procdff$5754' with positive edge clock.
Creating register for signal `\x1_y3_kimi.\accum_bank[213]' using process `\x1_y3_kimi.$proc$experiments/x1/rtl/x1_y3_kimi.v:158$39'.
  created $dff cell `$procdff$5755' with positive edge clock.
Creating register for signal `\x1_y3_kimi.\accum_bank[214]' using process `\x1_y3_kimi.$proc$experiments/x1/rtl/x1_y3_kimi.v:158$39'.
  created $dff cell `$procdff$5756' with positive edge clock.
Creating register for signal `\x1_y3_kimi.\accum_bank[215]' using process `\x1_y3_kimi.$proc$experiments/x1/rtl/x1_y3_kimi.v:158$39'.
  created $dff cell `$procdff$5757' with positive edge clock.
Creating register for signal `\x1_y3_kimi.\accum_bank[216]' using process `\x1_y3_kimi.$proc$experiments/x1/rtl/x1_y3_kimi.v:158$39'.
  created $dff cell `$procdff$5758' with positive edge clock.
Creating register for signal `\x1_y3_kimi.\accum_bank[217]' using process `\x1_y3_kimi.$proc$experiments/x1/rtl/x1_y3_kimi.v:158$39'.
  created $dff cell `$procdff$5759' with positive edge clock.
Creating register for signal `\x1_y3_kimi.\accum_bank[218]' using process `\x1_y3_kimi.$proc$experiments/x1/rtl/x1_y3_kimi.v:158$39'.
  created $dff cell `$procdff$5760' with positive edge clock.
Creating register for signal `\x1_y3_kimi.\accum_bank[219]' using process `\x1_y3_kimi.$proc$experiments/x1/rtl/x1_y3_kimi.v:158$39'.
  created $dff cell `$procdff$5761' with positive edge clock.
Creating register for signal `\x1_y3_kimi.\accum_bank[220]' using process `\x1_y3_kimi.$proc$experiments/x1/rtl/x1_y3_kimi.v:158$39'.
  created $dff cell `$procdff$5762' with positive edge clock.
Creating register for signal `\x1_y3_kimi.\accum_bank[221]' using process `\x1_y3_kimi.$proc$experiments/x1/rtl/x1_y3_kimi.v:158$39'.
  created $dff cell `$procdff$5763' with positive edge clock.
Creating register for signal `\x1_y3_kimi.\accum_bank[222]' using process `\x1_y3_kimi.$proc$experiments/x1/rtl/x1_y3_kimi.v:158$39'.
  created $dff cell `$procdff$5764' with positive edge clock.
Creating register for signal `\x1_y3_kimi.\accum_bank[223]' using process `\x1_y3_kimi.$proc$experiments/x1/rtl/x1_y3_kimi.v:158$39'.
  created $dff cell `$procdff$5765' with positive edge clock.
Creating register for signal `\x1_y3_kimi.\accum_bank[224]' using process `\x1_y3_kimi.$proc$experiments/x1/rtl/x1_y3_kimi.v:158$39'.
  created $dff cell `$procdff$5766' with positive edge clock.
Creating register for signal `\x1_y3_kimi.\accum_bank[225]' using process `\x1_y3_kimi.$proc$experiments/x1/rtl/x1_y3_kimi.v:158$39'.
  created $dff cell `$procdff$5767' with positive edge clock.
Creating register for signal `\x1_y3_kimi.\accum_bank[226]' using process `\x1_y3_kimi.$proc$experiments/x1/rtl/x1_y3_kimi.v:158$39'.
  created $dff cell `$procdff$5768' with positive edge clock.
Creating register for signal `\x1_y3_kimi.\accum_bank[227]' using process `\x1_y3_kimi.$proc$experiments/x1/rtl/x1_y3_kimi.v:158$39'.
  created $dff cell `$procdff$5769' with positive edge clock.
Creating register for signal `\x1_y3_kimi.\accum_bank[228]' using process `\x1_y3_kimi.$proc$experiments/x1/rtl/x1_y3_kimi.v:158$39'.
  created $dff cell `$procdff$5770' with positive edge clock.
Creating register for signal `\x1_y3_kimi.\accum_bank[229]' using process `\x1_y3_kimi.$proc$experiments/x1/rtl/x1_y3_kimi.v:158$39'.
  created $dff cell `$procdff$5771' with positive edge clock.
Creating register for signal `\x1_y3_kimi.\accum_bank[230]' using process `\x1_y3_kimi.$proc$experiments/x1/rtl/x1_y3_kimi.v:158$39'.
  created $dff cell `$procdff$5772' with positive edge clock.
Creating register for signal `\x1_y3_kimi.\accum_bank[231]' using process `\x1_y3_kimi.$proc$experiments/x1/rtl/x1_y3_kimi.v:158$39'.
  created $dff cell `$procdff$5773' with positive edge clock.
Creating register for signal `\x1_y3_kimi.\accum_bank[232]' using process `\x1_y3_kimi.$proc$experiments/x1/rtl/x1_y3_kimi.v:158$39'.
  created $dff cell `$procdff$5774' with positive edge clock.
Creating register for signal `\x1_y3_kimi.\accum_bank[233]' using process `\x1_y3_kimi.$proc$experiments/x1/rtl/x1_y3_kimi.v:158$39'.
  created $dff cell `$procdff$5775' with positive edge clock.
Creating register for signal `\x1_y3_kimi.\accum_bank[234]' using process `\x1_y3_kimi.$proc$experiments/x1/rtl/x1_y3_kimi.v:158$39'.
  created $dff cell `$procdff$5776' with positive edge clock.
Creating register for signal `\x1_y3_kimi.\accum_bank[235]' using process `\x1_y3_kimi.$proc$experiments/x1/rtl/x1_y3_kimi.v:158$39'.
  created $dff cell `$procdff$5777' with positive edge clock.
Creating register for signal `\x1_y3_kimi.\accum_bank[236]' using process `\x1_y3_kimi.$proc$experiments/x1/rtl/x1_y3_kimi.v:158$39'.
  created $dff cell `$procdff$5778' with positive edge clock.
Creating register for signal `\x1_y3_kimi.\accum_bank[237]' using process `\x1_y3_kimi.$proc$experiments/x1/rtl/x1_y3_kimi.v:158$39'.
  created $dff cell `$procdff$5779' with positive edge clock.
Creating register for signal `\x1_y3_kimi.\accum_bank[238]' using process `\x1_y3_kimi.$proc$experiments/x1/rtl/x1_y3_kimi.v:158$39'.
  created $dff cell `$procdff$5780' with positive edge clock.
Creating register for signal `\x1_y3_kimi.\accum_bank[239]' using process `\x1_y3_kimi.$proc$experiments/x1/rtl/x1_y3_kimi.v:158$39'.
  created $dff cell `$procdff$5781' with positive edge clock.
Creating register for signal `\x1_y3_kimi.\accum_bank[240]' using process `\x1_y3_kimi.$proc$experiments/x1/rtl/x1_y3_kimi.v:158$39'.
  created $dff cell `$procdff$5782' with positive edge clock.
Creating register for signal `\x1_y3_kimi.\accum_bank[241]' using process `\x1_y3_kimi.$proc$experiments/x1/rtl/x1_y3_kimi.v:158$39'.
  created $dff cell `$procdff$5783' with positive edge clock.
Creating register for signal `\x1_y3_kimi.\accum_bank[242]' using process `\x1_y3_kimi.$proc$experiments/x1/rtl/x1_y3_kimi.v:158$39'.
  created $dff cell `$procdff$5784' with positive edge clock.
Creating register for signal `\x1_y3_kimi.\accum_bank[243]' using process `\x1_y3_kimi.$proc$experiments/x1/rtl/x1_y3_kimi.v:158$39'.
  created $dff cell `$procdff$5785' with positive edge clock.
Creating register for signal `\x1_y3_kimi.\accum_bank[244]' using process `\x1_y3_kimi.$proc$experiments/x1/rtl/x1_y3_kimi.v:158$39'.
  created $dff cell `$procdff$5786' with positive edge clock.
Creating register for signal `\x1_y3_kimi.\accum_bank[245]' using process `\x1_y3_kimi.$proc$experiments/x1/rtl/x1_y3_kimi.v:158$39'.
  created $dff cell `$procdff$5787' with positive edge clock.
Creating register for signal `\x1_y3_kimi.\accum_bank[246]' using process `\x1_y3_kimi.$proc$experiments/x1/rtl/x1_y3_kimi.v:158$39'.
  created $dff cell `$procdff$5788' with positive edge clock.
Creating register for signal `\x1_y3_kimi.\accum_bank[247]' using process `\x1_y3_kimi.$proc$experiments/x1/rtl/x1_y3_kimi.v:158$39'.
  created $dff cell `$procdff$5789' with positive edge clock.
Creating register for signal `\x1_y3_kimi.\accum_bank[248]' using process `\x1_y3_kimi.$proc$experiments/x1/rtl/x1_y3_kimi.v:158$39'.
  created $dff cell `$procdff$5790' with positive edge clock.
Creating register for signal `\x1_y3_kimi.\accum_bank[249]' using process `\x1_y3_kimi.$proc$experiments/x1/rtl/x1_y3_kimi.v:158$39'.
  created $dff cell `$procdff$5791' with positive edge clock.
Creating register for signal `\x1_y3_kimi.\accum_bank[250]' using process `\x1_y3_kimi.$proc$experiments/x1/rtl/x1_y3_kimi.v:158$39'.
  created $dff cell `$procdff$5792' with positive edge clock.
Creating register for signal `\x1_y3_kimi.\accum_bank[251]' using process `\x1_y3_kimi.$proc$experiments/x1/rtl/x1_y3_kimi.v:158$39'.
  created $dff cell `$procdff$5793' with positive edge clock.
Creating register for signal `\x1_y3_kimi.\accum_bank[252]' using process `\x1_y3_kimi.$proc$experiments/x1/rtl/x1_y3_kimi.v:158$39'.
  created $dff cell `$procdff$5794' with positive edge clock.
Creating register for signal `\x1_y3_kimi.\accum_bank[253]' using process `\x1_y3_kimi.$proc$experiments/x1/rtl/x1_y3_kimi.v:158$39'.
  created $dff cell `$procdff$5795' with positive edge clock.
Creating register for signal `\x1_y3_kimi.\accum_bank[254]' using process `\x1_y3_kimi.$proc$experiments/x1/rtl/x1_y3_kimi.v:158$39'.
  created $dff cell `$procdff$5796' with positive edge clock.
Creating register for signal `\x1_y3_kimi.\accum_bank[255]' using process `\x1_y3_kimi.$proc$experiments/x1/rtl/x1_y3_kimi.v:158$39'.
  created $dff cell `$procdff$5797' with positive edge clock.
Creating register for signal `\x1_y3_kimi.\out_we' using process `\x1_y3_kimi.$proc$experiments/x1/rtl/x1_y3_kimi.v:67$26'.
  created $adff cell `$procdff$5798' with positive edge clock and negative level reset.
Creating register for signal `\x1_y3_kimi.\out_addr' using process `\x1_y3_kimi.$proc$experiments/x1/rtl/x1_y3_kimi.v:67$26'.
  created $adff cell `$procdff$5799' with positive edge clock and negative level reset.
Creating register for signal `\x1_y3_kimi.\out_wdata' using process `\x1_y3_kimi.$proc$experiments/x1/rtl/x1_y3_kimi.v:67$26'.
  created $adff cell `$procdff$5800' with positive edge clock and negative level reset.
Creating register for signal `\x1_y3_kimi.\done' using process `\x1_y3_kimi.$proc$experiments/x1/rtl/x1_y3_kimi.v:67$26'.
  created $adff cell `$procdff$5801' with positive edge clock and negative level reset.
Creating register for signal `\x1_y3_kimi.\state' using process `\x1_y3_kimi.$proc$experiments/x1/rtl/x1_y3_kimi.v:67$26'.
  created $adff cell `$procdff$5802' with positive edge clock and negative level reset.
Creating register for signal `\x1_y3_kimi.\k_dim_q' using process `\x1_y3_kimi.$proc$experiments/x1/rtl/x1_y3_kimi.v:67$26'.
  created $adff cell `$procdff$5803' with positive edge clock and negative level reset.
Creating register for signal `\x1_y3_kimi.\issued' using process `\x1_y3_kimi.$proc$experiments/x1/rtl/x1_y3_kimi.v:67$26'.
  created $adff cell `$procdff$5804' with positive edge clock and negative level reset.
Creating register for signal `\x1_y3_kimi.\consumed' using process `\x1_y3_kimi.$proc$experiments/x1/rtl/x1_y3_kimi.v:67$26'.
  created $adff cell `$procdff$5805' with positive edge clock and negative level reset.
Creating register for signal `\x1_y3_kimi.\read_valid' using process `\x1_y3_kimi.$proc$experiments/x1/rtl/x1_y3_kimi.v:67$26'.
  created $adff cell `$procdff$5806' with positive edge clock and negative level reset.
Creating register for signal `\x1_y3_kimi.\drain_row' using process `\x1_y3_kimi.$proc$experiments/x1/rtl/x1_y3_kimi.v:67$26'.
  created $adff cell `$procdff$5807' with positive edge clock and negative level reset.
Creating register for signal `\x1_y3_kimi.\drain_col' using process `\x1_y3_kimi.$proc$experiments/x1/rtl/x1_y3_kimi.v:67$26'.
  created $adff cell `$procdff$5808' with positive edge clock and negative level reset.

3.2.10. Executing PROC_MEMWR pass (convert process memory writes to cells).

3.2.11. Executing PROC_CLEAN pass (remove empty switches from decision trees).
Found and cleaned up 4 empty switches in `\x1_y3_kimi.$proc$experiments/x1/rtl/x1_y3_kimi.v:158$39'.
Removing empty process `x1_y3_kimi.$proc$experiments/x1/rtl/x1_y3_kimi.v:158$39'.
Found and cleaned up 9 empty switches in `\x1_y3_kimi.$proc$experiments/x1/rtl/x1_y3_kimi.v:67$26'.
Removing empty process `x1_y3_kimi.$proc$experiments/x1/rtl/x1_y3_kimi.v:67$26'.
Found and cleaned up 1 empty switch in `\x1_y3_kimi.$proc$experiments/x1/rtl/x1_y3_kimi.v:55$22'.
Removing empty process `x1_y3_kimi.$proc$experiments/x1/rtl/x1_y3_kimi.v:55$22'.
Cleaned up 14 empty switches.

3.2.12. Executing OPT_EXPR pass (perform const folding).
Optimizing module x1_y3_kimi.
<suppressed ~41 debug messages>

3.3. Executing OPT_EXPR pass (perform const folding).
Optimizing module x1_y3_kimi.

3.4. Executing OPT_CLEAN pass (remove unused cells and wires).
Finding unused cells or wires in module \x1_y3_kimi..
Removed 33 unused cells and 1134 unused wires.
<suppressed ~41 debug messages>

3.5. Executing CHECK pass (checking for obvious problems).
Checking module x1_y3_kimi...
Found and reported 0 problems.

3.6. Executing OPT pass (performing simple optimizations).

3.6.1. Executing OPT_EXPR pass (perform const folding).
Optimizing module x1_y3_kimi.

3.6.2. Executing OPT_MERGE pass (detect identical cells).
Finding identical cells in module `\x1_y3_kimi'.
<suppressed ~1419 debug messages>
Removed a total of 473 cells.

3.6.3. Executing OPT_MUXTREE pass (detect dead branches in mux trees).
Running muxtree optimizer on module \x1_y3_kimi..
  Creating internal representation of mux trees.
  Evaluating internal representation of mux trees.
  Analyzing evaluation results.
Removed 0 multiplexer ports.
<suppressed ~269 debug messages>

3.6.4. Executing OPT_REDUCE pass (consolidate $*mux and $reduce_* inputs).
  Optimizing cells in module \x1_y3_kimi.
    New ctrl vector for $pmux cell $procmux$1020: $auto$opt_reduce.cc:134:opt_pmux$5810
    New ctrl vector for $pmux cell $procmux$656: $auto$opt_reduce.cc:134:opt_pmux$5812
    New ctrl vector for $pmux cell $procmux$682: $auto$opt_reduce.cc:134:opt_pmux$5814
    New ctrl vector for $pmux cell $procmux$708: $auto$opt_reduce.cc:134:opt_pmux$5816
    New ctrl vector for $pmux cell $procmux$734: $auto$opt_reduce.cc:134:opt_pmux$5818
    New ctrl vector for $pmux cell $procmux$760: $auto$opt_reduce.cc:134:opt_pmux$5820
    New ctrl vector for $pmux cell $procmux$786: $auto$opt_reduce.cc:134:opt_pmux$5822
    New ctrl vector for $pmux cell $procmux$812: $auto$opt_reduce.cc:134:opt_pmux$5824
    New ctrl vector for $pmux cell $procmux$838: $auto$opt_reduce.cc:134:opt_pmux$5826
    New ctrl vector for $pmux cell $procmux$864: $auto$opt_reduce.cc:134:opt_pmux$5828
    New ctrl vector for $pmux cell $procmux$890: $auto$opt_reduce.cc:134:opt_pmux$5830
    New ctrl vector for $pmux cell $procmux$916: $auto$opt_reduce.cc:134:opt_pmux$5832
    New ctrl vector for $pmux cell $procmux$942: $auto$opt_reduce.cc:134:opt_pmux$5834
    New ctrl vector for $pmux cell $procmux$968: $auto$opt_reduce.cc:134:opt_pmux$5836
    New ctrl vector for $pmux cell $procmux$994: $auto$opt_reduce.cc:134:opt_pmux$5838
  Optimizing cells in module \x1_y3_kimi.
Performed a total of 15 changes.

3.6.5. Executing OPT_MERGE pass (detect identical cells).
Finding identical cells in module `\x1_y3_kimi'.
<suppressed ~45 debug messages>
Removed a total of 15 cells.

3.6.6. Executing OPT_DFF pass (perform DFF optimizations).

3.6.7. Executing OPT_CLEAN pass (remove unused cells and wires).
Finding unused cells or wires in module \x1_y3_kimi..
Removed 0 unused cells and 487 unused wires.
<suppressed ~1 debug messages>

3.6.8. Executing OPT_EXPR pass (perform const folding).
Optimizing module x1_y3_kimi.
<suppressed ~1 debug messages>

3.6.9. Rerunning OPT passes. (Maybe there is more to do..)

3.6.10. Executing OPT_MUXTREE pass (detect dead branches in mux trees).
Running muxtree optimizer on module \x1_y3_kimi..
  Creating internal representation of mux trees.
  Evaluating internal representation of mux trees.
  Analyzing evaluation results.
Removed 0 multiplexer ports.
<suppressed ~268 debug messages>

3.6.11. Executing OPT_REDUCE pass (consolidate $*mux and $reduce_* inputs).
  Optimizing cells in module \x1_y3_kimi.
Performed a total of 0 changes.

3.6.12. Executing OPT_MERGE pass (detect identical cells).
Finding identical cells in module `\x1_y3_kimi'.
Removed a total of 0 cells.

3.6.13. Executing OPT_DFF pass (perform DFF optimizations).

3.6.14. Executing OPT_CLEAN pass (remove unused cells and wires).
Finding unused cells or wires in module \x1_y3_kimi..
Removed 0 unused cells and 1 unused wires.
<suppressed ~1 debug messages>

3.6.15. Executing OPT_EXPR pass (perform const folding).
Optimizing module x1_y3_kimi.

3.6.16. Rerunning OPT passes. (Maybe there is more to do..)

3.6.17. Executing OPT_MUXTREE pass (detect dead branches in mux trees).
Running muxtree optimizer on module \x1_y3_kimi..
  Creating internal representation of mux trees.
  Evaluating internal representation of mux trees.
  Analyzing evaluation results.
Removed 0 multiplexer ports.
<suppressed ~268 debug messages>

3.6.18. Executing OPT_REDUCE pass (consolidate $*mux and $reduce_* inputs).
  Optimizing cells in module \x1_y3_kimi.
Performed a total of 0 changes.

3.6.19. Executing OPT_MERGE pass (detect identical cells).
Finding identical cells in module `\x1_y3_kimi'.
Removed a total of 0 cells.

3.6.20. Executing OPT_DFF pass (perform DFF optimizations).

3.6.21. Executing OPT_CLEAN pass (remove unused cells and wires).
Finding unused cells or wires in module \x1_y3_kimi..

3.6.22. Executing OPT_EXPR pass (perform const folding).
Optimizing module x1_y3_kimi.

3.6.23. Finished OPT passes. (There is nothing left to do.)

3.7. Executing FSM pass (extract and optimize FSM).

3.7.1. Executing FSM_DETECT pass (finding FSMs in design).
Not marking x1_y3_kimi.state as FSM state register:
    Users of register don't seem to benefit from recoding.
    Circuit seems to be self-resetting.

3.7.2. Executing FSM_EXTRACT pass (extracting FSM from design).

3.7.3. Executing FSM_OPT pass (simple optimizations of FSMs).

3.7.4. Executing OPT_CLEAN pass (remove unused cells and wires).
Finding unused cells or wires in module \x1_y3_kimi..

3.7.5. Executing FSM_OPT pass (simple optimizations of FSMs).

3.7.6. Executing FSM_RECODE pass (re-assigning FSM state encoding).

3.7.7. Executing FSM_INFO pass (dumping all available information on FSM cells).

3.7.8. Executing FSM_MAP pass (mapping FSMs to basic logic).

3.8. Executing OPT pass (performing simple optimizations).

3.8.1. Executing OPT_EXPR pass (perform const folding).
Optimizing module x1_y3_kimi.

3.8.2. Executing OPT_MERGE pass (detect identical cells).
Finding identical cells in module `\x1_y3_kimi'.
Removed a total of 0 cells.

3.8.3. Executing OPT_MUXTREE pass (detect dead branches in mux trees).
Running muxtree optimizer on module \x1_y3_kimi..
  Creating internal representation of mux trees.
  Evaluating internal representation of mux trees.
  Analyzing evaluation results.
Removed 0 multiplexer ports.
<suppressed ~268 debug messages>

3.8.4. Executing OPT_REDUCE pass (consolidate $*mux and $reduce_* inputs).
  Optimizing cells in module \x1_y3_kimi.
Performed a total of 0 changes.

3.8.5. Executing OPT_MERGE pass (detect identical cells).
Finding identical cells in module `\x1_y3_kimi'.
Removed a total of 0 cells.

3.8.6. Executing OPT_DFF pass (perform DFF optimizations).
Adding EN signal on $procdff$5808 ($adff) from module x1_y3_kimi (D = $0\drain_col[3:0], Q = \drain_col).
Adding EN signal on $procdff$5807 ($adff) from module x1_y3_kimi (D = $0\drain_row[3:0], Q = \drain_row).
Adding EN signal on $procdff$5806 ($adff) from module x1_y3_kimi (D = $0\read_valid[0:0], Q = \read_valid).
Adding EN signal on $procdff$5805 ($adff) from module x1_y3_kimi (D = $0\consumed[11:0], Q = \consumed).
Adding EN signal on $procdff$5804 ($adff) from module x1_y3_kimi (D = $0\issued[11:0], Q = \issued).
Adding EN signal on $procdff$5803 ($adff) from module x1_y3_kimi (D = \k_dim, Q = \k_dim_q).
Adding EN signal on $procdff$5802 ($adff) from module x1_y3_kimi (D = $0\state[1:0], Q = \state).
Adding EN signal on $procdff$5800 ($adff) from module x1_y3_kimi (D = $procmux$5508_Y, Q = \out_wdata).
Adding EN signal on $procdff$5799 ($adff) from module x1_y3_kimi (D = { 6'000000 \drain_row \drain_col }, Q = \out_addr).
Adding SRST signal on $procdff$5797 ($dff) from module x1_y3_kimi (D = $procmux$649_Y, Q = \accum_bank[255], rval = 24'000000000000000000000000).
Adding EN signal on $auto$ff.cc:266:slice$5904 ($sdff) from module x1_y3_kimi (D = $add$experiments/x1/rtl/x1_y3_kimi.v:169$555_Y, Q = \accum_bank[255]).
Adding SRST signal on $procdff$5796 ($dff) from module x1_y3_kimi (D = $procmux$675_Y, Q = \accum_bank[254], rval = 24'000000000000000000000000).
Adding EN signal on $auto$ff.cc:266:slice$5906 ($sdff) from module x1_y3_kimi (D = $procmux$675_Y, Q = \accum_bank[254]).
Adding SRST signal on $procdff$5795 ($dff) from module x1_y3_kimi (D = $procmux$701_Y, Q = \accum_bank[253], rval = 24'000000000000000000000000).
Adding EN signal on $auto$ff.cc:266:slice$5914 ($sdff) from module x1_y3_kimi (D = $procmux$701_Y, Q = \accum_bank[253]).
Adding SRST signal on $procdff$5794 ($dff) from module x1_y3_kimi (D = $procmux$727_Y, Q = \accum_bank[252], rval = 24'000000000000000000000000).
Adding EN signal on $auto$ff.cc:266:slice$5922 ($sdff) from module x1_y3_kimi (D = $procmux$727_Y, Q = \accum_bank[252]).
Adding SRST signal on $procdff$5793 ($dff) from module x1_y3_kimi (D = $procmux$753_Y, Q = \accum_bank[251], rval = 24'000000000000000000000000).
Adding EN signal on $auto$ff.cc:266:slice$5930 ($sdff) from module x1_y3_kimi (D = $procmux$753_Y, Q = \accum_bank[251]).
Adding SRST signal on $procdff$5792 ($dff) from module x1_y3_kimi (D = $procmux$779_Y, Q = \accum_bank[250], rval = 24'000000000000000000000000).
Adding EN signal on $auto$ff.cc:266:slice$5938 ($sdff) from module x1_y3_kimi (D = $procmux$779_Y, Q = \accum_bank[250]).
Adding SRST signal on $procdff$5791 ($dff) from module x1_y3_kimi (D = $procmux$805_Y, Q = \accum_bank[249], rval = 24'000000000000000000000000).
Adding EN signal on $auto$ff.cc:266:slice$5946 ($sdff) from module x1_y3_kimi (D = $procmux$805_Y, Q = \accum_bank[249]).
Adding SRST signal on $procdff$5790 ($dff) from module x1_y3_kimi (D = $procmux$831_Y, Q = \accum_bank[248], rval = 24'000000000000000000000000).
Adding EN signal on $auto$ff.cc:266:slice$5954 ($sdff) from module x1_y3_kimi (D = $procmux$831_Y, Q = \accum_bank[248]).
Adding SRST signal on $procdff$5789 ($dff) from module x1_y3_kimi (D = $procmux$857_Y, Q = \accum_bank[247], rval = 24'000000000000000000000000).
Adding EN signal on $auto$ff.cc:266:slice$5962 ($sdff) from module x1_y3_kimi (D = $procmux$857_Y, Q = \accum_bank[247]).
Adding SRST signal on $procdff$5788 ($dff) from module x1_y3_kimi (D = $procmux$883_Y, Q = \accum_bank[246], rval = 24'000000000000000000000000).
Adding EN signal on $auto$ff.cc:266:slice$5970 ($sdff) from module x1_y3_kimi (D = $procmux$883_Y, Q = \accum_bank[246]).
Adding SRST signal on $procdff$5787 ($dff) from module x1_y3_kimi (D = $procmux$909_Y, Q = \accum_bank[245], rval = 24'000000000000000000000000).
Adding EN signal on $auto$ff.cc:266:slice$5978 ($sdff) from module x1_y3_kimi (D = $procmux$909_Y, Q = \accum_bank[245]).
Adding SRST signal on $procdff$5786 ($dff) from module x1_y3_kimi (D = $procmux$935_Y, Q = \accum_bank[244], rval = 24'000000000000000000000000).
Adding EN signal on $auto$ff.cc:266:slice$5986 ($sdff) from module x1_y3_kimi (D = $procmux$935_Y, Q = \accum_bank[244]).
Adding SRST signal on $procdff$5785 ($dff) from module x1_y3_kimi (D = $procmux$961_Y, Q = \accum_bank[243], rval = 24'000000000000000000000000).
Adding EN signal on $auto$ff.cc:266:slice$5994 ($sdff) from module x1_y3_kimi (D = $procmux$961_Y, Q = \accum_bank[243]).
Adding SRST signal on $procdff$5784 ($dff) from module x1_y3_kimi (D = $procmux$987_Y, Q = \accum_bank[242], rval = 24'000000000000000000000000).
Adding EN signal on $auto$ff.cc:266:slice$6002 ($sdff) from module x1_y3_kimi (D = $procmux$987_Y, Q = \accum_bank[242]).
Adding SRST signal on $procdff$5783 ($dff) from module x1_y3_kimi (D = $procmux$1013_Y, Q = \accum_bank[241], rval = 24'000000000000000000000000).
Adding EN signal on $auto$ff.cc:266:slice$6010 ($sdff) from module x1_y3_kimi (D = $procmux$1013_Y, Q = \accum_bank[241]).
Adding SRST signal on $procdff$5782 ($dff) from module x1_y3_kimi (D = $procmux$1039_Y, Q = \accum_bank[240], rval = 24'000000000000000000000000).
Adding EN signal on $auto$ff.cc:266:slice$6018 ($sdff) from module x1_y3_kimi (D = $procmux$1039_Y, Q = \accum_bank[240]).
Adding SRST signal on $procdff$5781 ($dff) from module x1_y3_kimi (D = $procmux$1045_Y, Q = \accum_bank[239], rval = 24'000000000000000000000000).
Adding EN signal on $auto$ff.cc:266:slice$6026 ($sdff) from module x1_y3_kimi (D = $add$experiments/x1/rtl/x1_y3_kimi.v:169$523_Y, Q = \accum_bank[239]).
Adding SRST signal on $procdff$5780 ($dff) from module x1_y3_kimi (D = $procmux$1057_Y, Q = \accum_bank[238], rval = 24'000000000000000000000000).
Adding EN signal on $auto$ff.cc:266:slice$6028 ($sdff) from module x1_y3_kimi (D = $procmux$1057_Y, Q = \accum_bank[238]).
Adding SRST signal on $procdff$5779 ($dff) from module x1_y3_kimi (D = $procmux$1069_Y, Q = \accum_bank[237], rval = 24'000000000000000000000000).
Adding EN signal on $auto$ff.cc:266:slice$6036 ($sdff) from module x1_y3_kimi (D = $procmux$1069_Y, Q = \accum_bank[237]).
Adding SRST signal on $procdff$5778 ($dff) from module x1_y3_kimi (D = $procmux$1081_Y, Q = \accum_bank[236], rval = 24'000000000000000000000000).
Adding EN signal on $auto$ff.cc:266:slice$6044 ($sdff) from module x1_y3_kimi (D = $procmux$1081_Y, Q = \accum_bank[236]).
Adding SRST signal on $procdff$5777 ($dff) from module x1_y3_kimi (D = $procmux$1093_Y, Q = \accum_bank[235], rval = 24'000000000000000000000000).
Adding EN signal on $auto$ff.cc:266:slice$6052 ($sdff) from module x1_y3_kimi (D = $procmux$1093_Y, Q = \accum_bank[235]).
Adding SRST signal on $procdff$5776 ($dff) from module x1_y3_kimi (D = $procmux$1105_Y, Q = \accum_bank[234], rval = 24'000000000000000000000000).
Adding EN signal on $auto$ff.cc:266:slice$6060 ($sdff) from module x1_y3_kimi (D = $procmux$1105_Y, Q = \accum_bank[234]).
Adding SRST signal on $procdff$5775 ($dff) from module x1_y3_kimi (D = $procmux$1117_Y, Q = \accum_bank[233], rval = 24'000000000000000000000000).
Adding EN signal on $auto$ff.cc:266:slice$6068 ($sdff) from module x1_y3_kimi (D = $procmux$1117_Y, Q = \accum_bank[233]).
Adding SRST signal on $procdff$5774 ($dff) from module x1_y3_kimi (D = $procmux$1129_Y, Q = \accum_bank[232], rval = 24'000000000000000000000000).
Adding EN signal on $auto$ff.cc:266:slice$6076 ($sdff) from module x1_y3_kimi (D = $procmux$1129_Y, Q = \accum_bank[232]).
Adding SRST signal on $procdff$5773 ($dff) from module x1_y3_kimi (D = $procmux$1141_Y, Q = \accum_bank[231], rval = 24'000000000000000000000000).
Adding EN signal on $auto$ff.cc:266:slice$6084 ($sdff) from module x1_y3_kimi (D = $procmux$1141_Y, Q = \accum_bank[231]).
Adding SRST signal on $procdff$5772 ($dff) from module x1_y3_kimi (D = $procmux$1153_Y, Q = \accum_bank[230], rval = 24'000000000000000000000000).
Adding EN signal on $auto$ff.cc:266:slice$6092 ($sdff) from module x1_y3_kimi (D = $procmux$1153_Y, Q = \accum_bank[230]).
Adding SRST signal on $procdff$5771 ($dff) from module x1_y3_kimi (D = $procmux$1165_Y, Q = \accum_bank[229], rval = 24'000000000000000000000000).
Adding EN signal on $auto$ff.cc:266:slice$6100 ($sdff) from module x1_y3_kimi (D = $procmux$1165_Y, Q = \accum_bank[229]).
Adding SRST signal on $procdff$5770 ($dff) from module x1_y3_kimi (D = $procmux$1177_Y, Q = \accum_bank[228], rval = 24'000000000000000000000000).
Adding EN signal on $auto$ff.cc:266:slice$6108 ($sdff) from module x1_y3_kimi (D = $procmux$1177_Y, Q = \accum_bank[228]).
Adding SRST signal on $procdff$5769 ($dff) from module x1_y3_kimi (D = $procmux$1189_Y, Q = \accum_bank[227], rval = 24'000000000000000000000000).
Adding EN signal on $auto$ff.cc:266:slice$6116 ($sdff) from module x1_y3_kimi (D = $procmux$1189_Y, Q = \accum_bank[227]).
Adding SRST signal on $procdff$5768 ($dff) from module x1_y3_kimi (D = $procmux$1201_Y, Q = \accum_bank[226], rval = 24'000000000000000000000000).
Adding EN signal on $auto$ff.cc:266:slice$6124 ($sdff) from module x1_y3_kimi (D = $procmux$1201_Y, Q = \accum_bank[226]).
Adding SRST signal on $procdff$5767 ($dff) from module x1_y3_kimi (D = $procmux$1213_Y, Q = \accum_bank[225], rval = 24'000000000000000000000000).
Adding EN signal on $auto$ff.cc:266:slice$6132 ($sdff) from module x1_y3_kimi (D = $procmux$1213_Y, Q = \accum_bank[225]).
Adding SRST signal on $procdff$5766 ($dff) from module x1_y3_kimi (D = $procmux$1225_Y, Q = \accum_bank[224], rval = 24'000000000000000000000000).
Adding EN signal on $auto$ff.cc:266:slice$6140 ($sdff) from module x1_y3_kimi (D = $procmux$1225_Y, Q = \accum_bank[224]).
Adding SRST signal on $procdff$5765 ($dff) from module x1_y3_kimi (D = $procmux$1231_Y, Q = \accum_bank[223], rval = 24'000000000000000000000000).
Adding EN signal on $auto$ff.cc:266:slice$6148 ($sdff) from module x1_y3_kimi (D = $add$experiments/x1/rtl/x1_y3_kimi.v:169$491_Y, Q = \accum_bank[223]).
Adding SRST signal on $procdff$5764 ($dff) from module x1_y3_kimi (D = $procmux$1244_Y, Q = \accum_bank[222], rval = 24'000000000000000000000000).
Adding EN signal on $auto$ff.cc:266:slice$6150 ($sdff) from module x1_y3_kimi (D = $procmux$1244_Y, Q = \accum_bank[222]).
Adding SRST signal on $procdff$5763 ($dff) from module x1_y3_kimi (D = $procmux$1257_Y, Q = \accum_bank[221], rval = 24'000000000000000000000000).
Adding EN signal on $auto$ff.cc:266:slice$6158 ($sdff) from module x1_y3_kimi (D = $procmux$1257_Y, Q = \accum_bank[221]).
Adding SRST signal on $procdff$5762 ($dff) from module x1_y3_kimi (D = $procmux$1270_Y, Q = \accum_bank[220], rval = 24'000000000000000000000000).
Adding EN signal on $auto$ff.cc:266:slice$6166 ($sdff) from module x1_y3_kimi (D = $procmux$1270_Y, Q = \accum_bank[220]).
Adding SRST signal on $procdff$5761 ($dff) from module x1_y3_kimi (D = $procmux$1283_Y, Q = \accum_bank[219], rval = 24'000000000000000000000000).
Adding EN signal on $auto$ff.cc:266:slice$6174 ($sdff) from module x1_y3_kimi (D = $procmux$1283_Y, Q = \accum_bank[219]).
Adding SRST signal on $procdff$5760 ($dff) from module x1_y3_kimi (D = $procmux$1296_Y, Q = \accum_bank[218], rval = 24'000000000000000000000000).
Adding EN signal on $auto$ff.cc:266:slice$6182 ($sdff) from module x1_y3_kimi (D = $procmux$1296_Y, Q = \accum_bank[218]).
Adding SRST signal on $procdff$5759 ($dff) from module x1_y3_kimi (D = $procmux$1309_Y, Q = \accum_bank[217], rval = 24'000000000000000000000000).
Adding EN signal on $auto$ff.cc:266:slice$6190 ($sdff) from module x1_y3_kimi (D = $procmux$1309_Y, Q = \accum_bank[217]).
Adding SRST signal on $procdff$5758 ($dff) from module x1_y3_kimi (D = $procmux$1322_Y, Q = \accum_bank[216], rval = 24'000000000000000000000000).
Adding EN signal on $auto$ff.cc:266:slice$6198 ($sdff) from module x1_y3_kimi (D = $procmux$1322_Y, Q = \accum_bank[216]).
Adding SRST signal on $procdff$5757 ($dff) from module x1_y3_kimi (D = $procmux$1335_Y, Q = \accum_bank[215], rval = 24'000000000000000000000000).
Adding EN signal on $auto$ff.cc:266:slice$6206 ($sdff) from module x1_y3_kimi (D = $procmux$1335_Y, Q = \accum_bank[215]).
Adding SRST signal on $procdff$5756 ($dff) from module x1_y3_kimi (D = $procmux$1348_Y, Q = \accum_bank[214], rval = 24'000000000000000000000000).
Adding EN signal on $auto$ff.cc:266:slice$6214 ($sdff) from module x1_y3_kimi (D = $procmux$1348_Y, Q = \accum_bank[214]).
Adding SRST signal on $procdff$5755 ($dff) from module x1_y3_kimi (D = $procmux$1361_Y, Q = \accum_bank[213], rval = 24'000000000000000000000000).
Adding EN signal on $auto$ff.cc:266:slice$6222 ($sdff) from module x1_y3_kimi (D = $procmux$1361_Y, Q = \accum_bank[213]).
Adding SRST signal on $procdff$5754 ($dff) from module x1_y3_kimi (D = $procmux$1374_Y, Q = \accum_bank[212], rval = 24'000000000000000000000000).
Adding EN signal on $auto$ff.cc:266:slice$6230 ($sdff) from module x1_y3_kimi (D = $procmux$1374_Y, Q = \accum_bank[212]).
Adding SRST signal on $procdff$5753 ($dff) from module x1_y3_kimi (D = $procmux$1387_Y, Q = \accum_bank[211], rval = 24'000000000000000000000000).
Adding EN signal on $auto$ff.cc:266:slice$6238 ($sdff) from module x1_y3_kimi (D = $procmux$1387_Y, Q = \accum_bank[211]).
Adding SRST signal on $procdff$5752 ($dff) from module x1_y3_kimi (D = $procmux$1400_Y, Q = \accum_bank[210], rval = 24'000000000000000000000000).
Adding EN signal on $auto$ff.cc:266:slice$6246 ($sdff) from module x1_y3_kimi (D = $procmux$1400_Y, Q = \accum_bank[210]).
Adding SRST signal on $procdff$5751 ($dff) from module x1_y3_kimi (D = $procmux$1413_Y, Q = \accum_bank[209], rval = 24'000000000000000000000000).
Adding EN signal on $auto$ff.cc:266:slice$6254 ($sdff) from module x1_y3_kimi (D = $procmux$1413_Y, Q = \accum_bank[209]).
Adding SRST signal on $procdff$5750 ($dff) from module x1_y3_kimi (D = $procmux$1426_Y, Q = \accum_bank[208], rval = 24'000000000000000000000000).
Adding EN signal on $auto$ff.cc:266:slice$6262 ($sdff) from module x1_y3_kimi (D = $procmux$1426_Y, Q = \accum_bank[208]).
Adding SRST signal on $procdff$5749 ($dff) from module x1_y3_kimi (D = $procmux$1432_Y, Q = \accum_bank[207], rval = 24'000000000000000000000000).
Adding EN signal on $auto$ff.cc:266:slice$6270 ($sdff) from module x1_y3_kimi (D = $add$experiments/x1/rtl/x1_y3_kimi.v:169$459_Y, Q = \accum_bank[207]).
Adding SRST signal on $procdff$5748 ($dff) from module x1_y3_kimi (D = $procmux$1446_Y, Q = \accum_bank[206], rval = 24'000000000000000000000000).
Adding EN signal on $auto$ff.cc:266:slice$6272 ($sdff) from module x1_y3_kimi (D = $procmux$1446_Y, Q = \accum_bank[206]).
Adding SRST signal on $procdff$5747 ($dff) from module x1_y3_kimi (D = $procmux$1460_Y, Q = \accum_bank[205], rval = 24'000000000000000000000000).
Adding EN signal on $auto$ff.cc:266:slice$6280 ($sdff) from module x1_y3_kimi (D = $procmux$1460_Y, Q = \accum_bank[205]).
Adding SRST signal on $procdff$5746 ($dff) from module x1_y3_kimi (D = $procmux$1474_Y, Q = \accum_bank[204], rval = 24'000000000000000000000000).
Adding EN signal on $auto$ff.cc:266:slice$6288 ($sdff) from module x1_y3_kimi (D = $procmux$1474_Y, Q = \accum_bank[204]).
Adding SRST signal on $procdff$5745 ($dff) from module x1_y3_kimi (D = $procmux$1488_Y, Q = \accum_bank[203], rval = 24'000000000000000000000000).
Adding EN signal on $auto$ff.cc:266:slice$6296 ($sdff) from module x1_y3_kimi (D = $procmux$1488_Y, Q = \accum_bank[203]).
Adding SRST signal on $procdff$5744 ($dff) from module x1_y3_kimi (D = $procmux$1502_Y, Q = \accum_bank[202], rval = 24'000000000000000000000000).
Adding EN signal on $auto$ff.cc:266:slice$6304 ($sdff) from module x1_y3_kimi (D = $procmux$1502_Y, Q = \accum_bank[202]).
Adding SRST signal on $procdff$5743 ($dff) from module x1_y3_kimi (D = $procmux$1516_Y, Q = \accum_bank[201], rval = 24'000000000000000000000000).
Adding EN signal on $auto$ff.cc:266:slice$6312 ($sdff) from module x1_y3_kimi (D = $procmux$1516_Y, Q = \accum_bank[201]).
Adding SRST signal on $procdff$5742 ($dff) from module x1_y3_kimi (D = $procmux$1530_Y, Q = \accum_bank[200], rval = 24'000000000000000000000000).
Adding EN signal on $auto$ff.cc:266:slice$6320 ($sdff) from module x1_y3_kimi (D = $procmux$1530_Y, Q = \accum_bank[200]).
Adding SRST signal on $procdff$5741 ($dff) from module x1_y3_kimi (D = $procmux$1544_Y, Q = \accum_bank[199], rval = 24'000000000000000000000000).
Adding EN signal on $auto$ff.cc:266:slice$6328 ($sdff) from module x1_y3_kimi (D = $procmux$1544_Y, Q = \accum_bank[199]).
Adding SRST signal on $procdff$5740 ($dff) from module x1_y3_kimi (D = $procmux$1558_Y, Q = \accum_bank[198], rval = 24'000000000000000000000000).
Adding EN signal on $auto$ff.cc:266:slice$6336 ($sdff) from module x1_y3_kimi (D = $procmux$1558_Y, Q = \accum_bank[198]).
Adding SRST signal on $procdff$5739 ($dff) from module x1_y3_kimi (D = $procmux$1572_Y, Q = \accum_bank[197], rval = 24'000000000000000000000000).
Adding EN signal on $auto$ff.cc:266:slice$6344 ($sdff) from module x1_y3_kimi (D = $procmux$1572_Y, Q = \accum_bank[197]).
Adding SRST signal on $procdff$5738 ($dff) from module x1_y3_kimi (D = $procmux$1586_Y, Q = \accum_bank[196], rval = 24'000000000000000000000000).
Adding EN signal on $auto$ff.cc:266:slice$6352 ($sdff) from module x1_y3_kimi (D = $procmux$1586_Y, Q = \accum_bank[196]).
Adding SRST signal on $procdff$5737 ($dff) from module x1_y3_kimi (D = $procmux$1600_Y, Q = \accum_bank[195], rval = 24'000000000000000000000000).
Adding EN signal on $auto$ff.cc:266:slice$6360 ($sdff) from module x1_y3_kimi (D = $procmux$1600_Y, Q = \accum_bank[195]).
Adding SRST signal on $procdff$5736 ($dff) from module x1_y3_kimi (D = $procmux$1614_Y, Q = \accum_bank[194], rval = 24'000000000000000000000000).
Adding EN signal on $auto$ff.cc:266:slice$6368 ($sdff) from module x1_y3_kimi (D = $procmux$1614_Y, Q = \accum_bank[194]).
Adding SRST signal on $procdff$5735 ($dff) from module x1_y3_kimi (D = $procmux$1628_Y, Q = \accum_bank[193], rval = 24'000000000000000000000000).
Adding EN signal on $auto$ff.cc:266:slice$6376 ($sdff) from module x1_y3_kimi (D = $procmux$1628_Y, Q = \accum_bank[193]).
Adding SRST signal on $procdff$5734 ($dff) from module x1_y3_kimi (D = $procmux$1642_Y, Q = \accum_bank[192], rval = 24'000000000000000000000000).
Adding EN signal on $auto$ff.cc:266:slice$6384 ($sdff) from module x1_y3_kimi (D = $procmux$1642_Y, Q = \accum_bank[192]).
Adding SRST signal on $procdff$5733 ($dff) from module x1_y3_kimi (D = $procmux$1648_Y, Q = \accum_bank[191], rval = 24'000000000000000000000000).
Adding EN signal on $auto$ff.cc:266:slice$6392 ($sdff) from module x1_y3_kimi (D = $add$experiments/x1/rtl/x1_y3_kimi.v:169$427_Y, Q = \accum_bank[191]).
Adding SRST signal on $procdff$5732 ($dff) from module x1_y3_kimi (D = $procmux$1663_Y, Q = \accum_bank[190], rval = 24'000000000000000000000000).
Adding EN signal on $auto$ff.cc:266:slice$6394 ($sdff) from module x1_y3_kimi (D = $procmux$1663_Y, Q = \accum_bank[190]).
Adding SRST signal on $procdff$5731 ($dff) from module x1_y3_kimi (D = $procmux$1678_Y, Q = \accum_bank[189], rval = 24'000000000000000000000000).
Adding EN signal on $auto$ff.cc:266:slice$6402 ($sdff) from module x1_y3_kimi (D = $procmux$1678_Y, Q = \accum_bank[189]).
Adding SRST signal on $procdff$5730 ($dff) from module x1_y3_kimi (D = $procmux$1693_Y, Q = \accum_bank[188], rval = 24'000000000000000000000000).
Adding EN signal on $auto$ff.cc:266:slice$6410 ($sdff) from module x1_y3_kimi (D = $procmux$1693_Y, Q = \accum_bank[188]).
Adding SRST signal on $procdff$5729 ($dff) from module x1_y3_kimi (D = $procmux$1708_Y, Q = \accum_bank[187], rval = 24'000000000000000000000000).
Adding EN signal on $auto$ff.cc:266:slice$6418 ($sdff) from module x1_y3_kimi (D = $procmux$1708_Y, Q = \accum_bank[187]).
Adding SRST signal on $procdff$5728 ($dff) from module x1_y3_kimi (D = $procmux$1723_Y, Q = \accum_bank[186], rval = 24'000000000000000000000000).
Adding EN signal on $auto$ff.cc:266:slice$6426 ($sdff) from module x1_y3_kimi (D = $procmux$1723_Y, Q = \accum_bank[186]).
Adding SRST signal on $procdff$5727 ($dff) from module x1_y3_kimi (D = $procmux$1738_Y, Q = \accum_bank[185], rval = 24'000000000000000000000000).
Adding EN signal on $auto$ff.cc:266:slice$6434 ($sdff) from module x1_y3_kimi (D = $procmux$1738_Y, Q = \accum_bank[185]).
Adding SRST signal on $procdff$5726 ($dff) from module x1_y3_kimi (D = $procmux$1753_Y, Q = \accum_bank[184], rval = 24'000000000000000000000000).
Adding EN signal on $auto$ff.cc:266:slice$6442 ($sdff) from module x1_y3_kimi (D = $procmux$1753_Y, Q = \accum_bank[184]).
Adding SRST signal on $procdff$5725 ($dff) from module x1_y3_kimi (D = $procmux$1768_Y, Q = \accum_bank[183], rval = 24'000000000000000000000000).
Adding EN signal on $auto$ff.cc:266:slice$6450 ($sdff) from module x1_y3_kimi (D = $procmux$1768_Y, Q = \accum_bank[183]).
Adding SRST signal on $procdff$5724 ($dff) from module x1_y3_kimi (D = $procmux$1783_Y, Q = \accum_bank[182], rval = 24'000000000000000000000000).
Adding EN signal on $auto$ff.cc:266:slice$6458 ($sdff) from module x1_y3_kimi (D = $procmux$1783_Y, Q = \accum_bank[182]).
Adding SRST signal on $procdff$5723 ($dff) from module x1_y3_kimi (D = $procmux$1798_Y, Q = \accum_bank[181], rval = 24'000000000000000000000000).
Adding EN signal on $auto$ff.cc:266:slice$6466 ($sdff) from module x1_y3_kimi (D = $procmux$1798_Y, Q = \accum_bank[181]).
Adding SRST signal on $procdff$5722 ($dff) from module x1_y3_kimi (D = $procmux$1813_Y, Q = \accum_bank[180], rval = 24'000000000000000000000000).
Adding EN signal on $auto$ff.cc:266:slice$6474 ($sdff) from module x1_y3_kimi (D = $procmux$1813_Y, Q = \accum_bank[180]).
Adding SRST signal on $procdff$5721 ($dff) from module x1_y3_kimi (D = $procmux$1828_Y, Q = \accum_bank[179], rval = 24'000000000000000000000000).
Adding EN signal on $auto$ff.cc:266:slice$6482 ($sdff) from module x1_y3_kimi (D = $procmux$1828_Y, Q = \accum_bank[179]).
Adding SRST signal on $procdff$5720 ($dff) from module x1_y3_kimi (D = $procmux$1843_Y, Q = \accum_bank[178], rval = 24'000000000000000000000000).
Adding EN signal on $auto$ff.cc:266:slice$6490 ($sdff) from module x1_y3_kimi (D = $procmux$1843_Y, Q = \accum_bank[178]).
Adding SRST signal on $procdff$5719 ($dff) from module x1_y3_kimi (D = $procmux$1858_Y, Q = \accum_bank[177], rval = 24'000000000000000000000000).
Adding EN signal on $auto$ff.cc:266:slice$6498 ($sdff) from module x1_y3_kimi (D = $procmux$1858_Y, Q = \accum_bank[177]).
Adding SRST signal on $procdff$5718 ($dff) from module x1_y3_kimi (D = $procmux$1873_Y, Q = \accum_bank[176], rval = 24'000000000000000000000000).
Adding EN signal on $auto$ff.cc:266:slice$6506 ($sdff) from module x1_y3_kimi (D = $procmux$1873_Y, Q = \accum_bank[176]).
Adding SRST signal on $procdff$5717 ($dff) from module x1_y3_kimi (D = $procmux$1879_Y, Q = \accum_bank[175], rval = 24'000000000000000000000000).
Adding EN signal on $auto$ff.cc:266:slice$6514 ($sdff) from module x1_y3_kimi (D = $add$experiments/x1/rtl/x1_y3_kimi.v:169$395_Y, Q = \accum_bank[175]).
Adding SRST signal on $procdff$5716 ($dff) from module x1_y3_kimi (D = $procmux$1895_Y, Q = \accum_bank[174], rval = 24'000000000000000000000000).
Adding EN signal on $auto$ff.cc:266:slice$6516 ($sdff) from module x1_y3_kimi (D = $procmux$1895_Y, Q = \accum_bank[174]).
Adding SRST signal on $procdff$5715 ($dff) from module x1_y3_kimi (D = $procmux$1911_Y, Q = \accum_bank[173], rval = 24'000000000000000000000000).
Adding EN signal on $auto$ff.cc:266:slice$6524 ($sdff) from module x1_y3_kimi (D = $procmux$1911_Y, Q = \accum_bank[173]).
Adding SRST signal on $procdff$5714 ($dff) from module x1_y3_kimi (D = $procmux$1927_Y, Q = \accum_bank[172], rval = 24'000000000000000000000000).
Adding EN signal on $auto$ff.cc:266:slice$6532 ($sdff) from module x1_y3_kimi (D = $procmux$1927_Y, Q = \accum_bank[172]).
Adding SRST signal on $procdff$5713 ($dff) from module x1_y3_kimi (D = $procmux$1943_Y, Q = \accum_bank[171], rval = 24'000000000000000000000000).
Adding EN signal on $auto$ff.cc:266:slice$6540 ($sdff) from module x1_y3_kimi (D = $procmux$1943_Y, Q = \accum_bank[171]).
Adding SRST signal on $procdff$5712 ($dff) from module x1_y3_kimi (D = $procmux$1959_Y, Q = \accum_bank[170], rval = 24'000000000000000000000000).
Adding EN signal on $auto$ff.cc:266:slice$6548 ($sdff) from module x1_y3_kimi (D = $procmux$1959_Y, Q = \accum_bank[170]).
Adding SRST signal on $procdff$5711 ($dff) from module x1_y3_kimi (D = $procmux$1975_Y, Q = \accum_bank[169], rval = 24'000000000000000000000000).
Adding EN signal on $auto$ff.cc:266:slice$6556 ($sdff) from module x1_y3_kimi (D = $procmux$1975_Y, Q = \accum_bank[169]).
Adding SRST signal on $procdff$5710 ($dff) from module x1_y3_kimi (D = $procmux$1991_Y, Q = \accum_bank[168], rval = 24'000000000000000000000000).
Adding EN signal on $auto$ff.cc:266:slice$6564 ($sdff) from module x1_y3_kimi (D = $procmux$1991_Y, Q = \accum_bank[168]).
Adding SRST signal on $procdff$5709 ($dff) from module x1_y3_kimi (D = $procmux$2007_Y, Q = \accum_bank[167], rval = 24'000000000000000000000000).
Adding EN signal on $auto$ff.cc:266:slice$6572 ($sdff) from module x1_y3_kimi (D = $procmux$2007_Y, Q = \accum_bank[167]).
Adding SRST signal on $procdff$5708 ($dff) from module x1_y3_kimi (D = $procmux$2023_Y, Q = \accum_bank[166], rval = 24'000000000000000000000000).
Adding EN signal on $auto$ff.cc:266:slice$6580 ($sdff) from module x1_y3_kimi (D = $procmux$2023_Y, Q = \accum_bank[166]).
Adding SRST signal on $procdff$5707 ($dff) from module x1_y3_kimi (D = $procmux$2039_Y, Q = \accum_bank[165], rval = 24'000000000000000000000000).
Adding EN signal on $auto$ff.cc:266:slice$6588 ($sdff) from module x1_y3_kimi (D = $procmux$2039_Y, Q = \accum_bank[165]).
Adding SRST signal on $procdff$5706 ($dff) from module x1_y3_kimi (D = $procmux$2055_Y, Q = \accum_bank[164], rval = 24'000000000000000000000000).
Adding EN signal on $auto$ff.cc:266:slice$6596 ($sdff) from module x1_y3_kimi (D = $procmux$2055_Y, Q = \accum_bank[164]).
Adding SRST signal on $procdff$5705 ($dff) from module x1_y3_kimi (D = $procmux$2071_Y, Q = \accum_bank[163], rval = 24'000000000000000000000000).
Adding EN signal on $auto$ff.cc:266:slice$6604 ($sdff) from module x1_y3_kimi (D = $procmux$2071_Y, Q = \accum_bank[163]).
Adding SRST signal on $procdff$5704 ($dff) from module x1_y3_kimi (D = $procmux$2087_Y, Q = \accum_bank[162], rval = 24'000000000000000000000000).
Adding EN signal on $auto$ff.cc:266:slice$6612 ($sdff) from module x1_y3_kimi (D = $procmux$2087_Y, Q = \accum_bank[162]).
Adding SRST signal on $procdff$5703 ($dff) from module x1_y3_kimi (D = $procmux$2103_Y, Q = \accum_bank[161], rval = 24'000000000000000000000000).
Adding EN signal on $auto$ff.cc:266:slice$6620 ($sdff) from module x1_y3_kimi (D = $procmux$2103_Y, Q = \accum_bank[161]).
Adding SRST signal on $procdff$5702 ($dff) from module x1_y3_kimi (D = $procmux$2119_Y, Q = \accum_bank[160], rval = 24'000000000000000000000000).
Adding EN signal on $auto$ff.cc:266:slice$6628 ($sdff) from module x1_y3_kimi (D = $procmux$2119_Y, Q = \accum_bank[160]).
Adding SRST signal on $procdff$5701 ($dff) from module x1_y3_kimi (D = $procmux$2125_Y, Q = \accum_bank[159], rval = 24'000000000000000000000000).
Adding EN signal on $auto$ff.cc:266:slice$6636 ($sdff) from module x1_y3_kimi (D = $add$experiments/x1/rtl/x1_y3_kimi.v:169$363_Y, Q = \accum_bank[159]).
Adding SRST signal on $procdff$5700 ($dff) from module x1_y3_kimi (D = $procmux$2142_Y, Q = \accum_bank[158], rval = 24'000000000000000000000000).
Adding EN signal on $auto$ff.cc:266:slice$6638 ($sdff) from module x1_y3_kimi (D = $procmux$2142_Y, Q = \accum_bank[158]).
Adding SRST signal on $procdff$5699 ($dff) from module x1_y3_kimi (D = $procmux$2159_Y, Q = \accum_bank[157], rval = 24'000000000000000000000000).
Adding EN signal on $auto$ff.cc:266:slice$6646 ($sdff) from module x1_y3_kimi (D = $procmux$2159_Y, Q = \accum_bank[157]).
Adding SRST signal on $procdff$5698 ($dff) from module x1_y3_kimi (D = $procmux$2176_Y, Q = \accum_bank[156], rval = 24'000000000000000000000000).
Adding EN signal on $auto$ff.cc:266:slice$6654 ($sdff) from module x1_y3_kimi (D = $procmux$2176_Y, Q = \accum_bank[156]).
Adding SRST signal on $procdff$5697 ($dff) from module x1_y3_kimi (D = $procmux$2193_Y, Q = \accum_bank[155], rval = 24'000000000000000000000000).
Adding EN signal on $auto$ff.cc:266:slice$6662 ($sdff) from module x1_y3_kimi (D = $procmux$2193_Y, Q = \accum_bank[155]).
Adding SRST signal on $procdff$5696 ($dff) from module x1_y3_kimi (D = $procmux$2210_Y, Q = \accum_bank[154], rval = 24'000000000000000000000000).
Adding EN signal on $auto$ff.cc:266:slice$6670 ($sdff) from module x1_y3_kimi (D = $procmux$2210_Y, Q = \accum_bank[154]).
Adding SRST signal on $procdff$5695 ($dff) from module x1_y3_kimi (D = $procmux$2227_Y, Q = \accum_bank[153], rval = 24'000000000000000000000000).
Adding EN signal on $auto$ff.cc:266:slice$6678 ($sdff) from module x1_y3_kimi (D = $procmux$2227_Y, Q = \accum_bank[153]).
Adding SRST signal on $procdff$5694 ($dff) from module x1_y3_kimi (D = $procmux$2244_Y, Q = \accum_bank[152], rval = 24'000000000000000000000000).
Adding EN signal on $auto$ff.cc:266:slice$6686 ($sdff) from module x1_y3_kimi (D = $procmux$2244_Y, Q = \accum_bank[152]).
Adding SRST signal on $procdff$5693 ($dff) from module x1_y3_kimi (D = $procmux$2261_Y, Q = \accum_bank[151], rval = 24'000000000000000000000000).
Adding EN signal on $auto$ff.cc:266:slice$6694 ($sdff) from module x1_y3_kimi (D = $procmux$2261_Y, Q = \accum_bank[151]).
Adding SRST signal on $procdff$5692 ($dff) from module x1_y3_kimi (D = $procmux$2278_Y, Q = \accum_bank[150], rval = 24'000000000000000000000000).
Adding EN signal on $auto$ff.cc:266:slice$6702 ($sdff) from module x1_y3_kimi (D = $procmux$2278_Y, Q = \accum_bank[150]).
Adding SRST signal on $procdff$5691 ($dff) from module x1_y3_kimi (D = $procmux$2295_Y, Q = \accum_bank[149], rval = 24'000000000000000000000000).
Adding EN signal on $auto$ff.cc:266:slice$6710 ($sdff) from module x1_y3_kimi (D = $procmux$2295_Y, Q = \accum_bank[149]).
Adding SRST signal on $procdff$5690 ($dff) from module x1_y3_kimi (D = $procmux$2312_Y, Q = \accum_bank[148], rval = 24'000000000000000000000000).
Adding EN signal on $auto$ff.cc:266:slice$6718 ($sdff) from module x1_y3_kimi (D = $procmux$2312_Y, Q = \accum_bank[148]).
Adding SRST signal on $procdff$5689 ($dff) from module x1_y3_kimi (D = $procmux$2329_Y, Q = \accum_bank[147], rval = 24'000000000000000000000000).
Adding EN signal on $auto$ff.cc:266:slice$6726 ($sdff) from module x1_y3_kimi (D = $procmux$2329_Y, Q = \accum_bank[147]).
Adding SRST signal on $procdff$5688 ($dff) from module x1_y3_kimi (D = $procmux$2346_Y, Q = \accum_bank[146], rval = 24'000000000000000000000000).
Adding EN signal on $auto$ff.cc:266:slice$6734 ($sdff) from module x1_y3_kimi (D = $procmux$2346_Y, Q = \accum_bank[146]).
Adding SRST signal on $procdff$5687 ($dff) from module x1_y3_kimi (D = $procmux$2363_Y, Q = \accum_bank[145], rval = 24'000000000000000000000000).
Adding EN signal on $auto$ff.cc:266:slice$6742 ($sdff) from module x1_y3_kimi (D = $procmux$2363_Y, Q = \accum_bank[145]).
Adding SRST signal on $procdff$5686 ($dff) from module x1_y3_kimi (D = $procmux$2380_Y, Q = \accum_bank[144], rval = 24'000000000000000000000000).
Adding EN signal on $auto$ff.cc:266:slice$6750 ($sdff) from module x1_y3_kimi (D = $procmux$2380_Y, Q = \accum_bank[144]).
Adding SRST signal on $procdff$5685 ($dff) from module x1_y3_kimi (D = $procmux$2386_Y, Q = \accum_bank[143], rval = 24'000000000000000000000000).
Adding EN signal on $auto$ff.cc:266:slice$6758 ($sdff) from module x1_y3_kimi (D = $add$experiments/x1/rtl/x1_y3_kimi.v:169$331_Y, Q = \accum_bank[143]).
Adding SRST signal on $procdff$5684 ($dff) from module x1_y3_kimi (D = $procmux$2404_Y, Q = \accum_bank[142], rval = 24'000000000000000000000000).
Adding EN signal on $auto$ff.cc:266:slice$6760 ($sdff) from module x1_y3_kimi (D = $procmux$2404_Y, Q = \accum_bank[142]).
Adding SRST signal on $procdff$5683 ($dff) from module x1_y3_kimi (D = $procmux$2422_Y, Q = \accum_bank[141], rval = 24'000000000000000000000000).
Adding EN signal on $auto$ff.cc:266:slice$6768 ($sdff) from module x1_y3_kimi (D = $procmux$2422_Y, Q = \accum_bank[141]).
Adding SRST signal on $procdff$5682 ($dff) from module x1_y3_kimi (D = $procmux$2440_Y, Q = \accum_bank[140], rval = 24'000000000000000000000000).
Adding EN signal on $auto$ff.cc:266:slice$6776 ($sdff) from module x1_y3_kimi (D = $procmux$2440_Y, Q = \accum_bank[140]).
Adding SRST signal on $procdff$5681 ($dff) from module x1_y3_kimi (D = $procmux$2458_Y, Q = \accum_bank[139], rval = 24'000000000000000000000000).
Adding EN signal on $auto$ff.cc:266:slice$6784 ($sdff) from module x1_y3_kimi (D = $procmux$2458_Y, Q = \accum_bank[139]).
Adding SRST signal on $procdff$5680 ($dff) from module x1_y3_kimi (D = $procmux$2476_Y, Q = \accum_bank[138], rval = 24'000000000000000000000000).
Adding EN signal on $auto$ff.cc:266:slice$6792 ($sdff) from module x1_y3_kimi (D = $procmux$2476_Y, Q = \accum_bank[138]).
Adding SRST signal on $procdff$5679 ($dff) from module x1_y3_kimi (D = $procmux$2494_Y, Q = \accum_bank[137], rval = 24'000000000000000000000000).
Adding EN signal on $auto$ff.cc:266:slice$6800 ($sdff) from module x1_y3_kimi (D = $procmux$2494_Y, Q = \accum_bank[137]).
Adding SRST signal on $procdff$5678 ($dff) from module x1_y3_kimi (D = $procmux$2512_Y, Q = \accum_bank[136], rval = 24'000000000000000000000000).
Adding EN signal on $auto$ff.cc:266:slice$6808 ($sdff) from module x1_y3_kimi (D = $procmux$2512_Y, Q = \accum_bank[136]).
Adding SRST signal on $procdff$5677 ($dff) from module x1_y3_kimi (D = $procmux$2530_Y, Q = \accum_bank[135], rval = 24'000000000000000000000000).
Adding EN signal on $auto$ff.cc:266:slice$6816 ($sdff) from module x1_y3_kimi (D = $procmux$2530_Y, Q = \accum_bank[135]).
Adding SRST signal on $procdff$5676 ($dff) from module x1_y3_kimi (D = $procmux$2548_Y, Q = \accum_bank[134], rval = 24'000000000000000000000000).
Adding EN signal on $auto$ff.cc:266:slice$6824 ($sdff) from module x1_y3_kimi (D = $procmux$2548_Y, Q = \accum_bank[134]).
Adding SRST signal on $procdff$5675 ($dff) from module x1_y3_kimi (D = $procmux$2566_Y, Q = \accum_bank[133], rval = 24'000000000000000000000000).
Adding EN signal on $auto$ff.cc:266:slice$6832 ($sdff) from module x1_y3_kimi (D = $procmux$2566_Y, Q = \accum_bank[133]).
Adding SRST signal on $procdff$5674 ($dff) from module x1_y3_kimi (D = $procmux$2584_Y, Q = \accum_bank[132], rval = 24'000000000000000000000000).
Adding EN signal on $auto$ff.cc:266:slice$6840 ($sdff) from module x1_y3_kimi (D = $procmux$2584_Y, Q = \accum_bank[132]).
Adding SRST signal on $procdff$5673 ($dff) from module x1_y3_kimi (D = $procmux$2602_Y, Q = \accum_bank[131], rval = 24'000000000000000000000000).
Adding EN signal on $auto$ff.cc:266:slice$6848 ($sdff) from module x1_y3_kimi (D = $procmux$2602_Y, Q = \accum_bank[131]).
Adding SRST signal on $procdff$5672 ($dff) from module x1_y3_kimi (D = $procmux$2620_Y, Q = \accum_bank[130], rval = 24'000000000000000000000000).
Adding EN signal on $auto$ff.cc:266:slice$6856 ($sdff) from module x1_y3_kimi (D = $procmux$2620_Y, Q = \accum_bank[130]).
Adding SRST signal on $procdff$5671 ($dff) from module x1_y3_kimi (D = $procmux$2638_Y, Q = \accum_bank[129], rval = 24'000000000000000000000000).
Adding EN signal on $auto$ff.cc:266:slice$6864 ($sdff) from module x1_y3_kimi (D = $procmux$2638_Y, Q = \accum_bank[129]).
Adding SRST signal on $procdff$5670 ($dff) from module x1_y3_kimi (D = $procmux$2656_Y, Q = \accum_bank[128], rval = 24'000000000000000000000000).
Adding EN signal on $auto$ff.cc:266:slice$6872 ($sdff) from module x1_y3_kimi (D = $procmux$2656_Y, Q = \accum_bank[128]).
Adding SRST signal on $procdff$5669 ($dff) from module x1_y3_kimi (D = $procmux$2662_Y, Q = \accum_bank[127], rval = 24'000000000000000000000000).
Adding EN signal on $auto$ff.cc:266:slice$6880 ($sdff) from module x1_y3_kimi (D = $add$experiments/x1/rtl/x1_y3_kimi.v:169$299_Y, Q = \accum_bank[127]).
Adding SRST signal on $procdff$5668 ($dff) from module x1_y3_kimi (D = $procmux$2681_Y, Q = \accum_bank[126], rval = 24'000000000000000000000000).
Adding EN signal on $auto$ff.cc:266:slice$6882 ($sdff) from module x1_y3_kimi (D = $procmux$2681_Y, Q = \accum_bank[126]).
Adding SRST signal on $procdff$5667 ($dff) from module x1_y3_kimi (D = $procmux$2700_Y, Q = \accum_bank[125], rval = 24'000000000000000000000000).
Adding EN signal on $auto$ff.cc:266:slice$6890 ($sdff) from module x1_y3_kimi (D = $procmux$2700_Y, Q = \accum_bank[125]).
Adding SRST signal on $procdff$5666 ($dff) from module x1_y3_kimi (D = $procmux$2719_Y, Q = \accum_bank[124], rval = 24'000000000000000000000000).
Adding EN signal on $auto$ff.cc:266:slice$6898 ($sdff) from module x1_y3_kimi (D = $procmux$2719_Y, Q = \accum_bank[124]).
Adding SRST signal on $procdff$5665 ($dff) from module x1_y3_kimi (D = $procmux$2738_Y, Q = \accum_bank[123], rval = 24'000000000000000000000000).
Adding EN signal on $auto$ff.cc:266:slice$6906 ($sdff) from module x1_y3_kimi (D = $procmux$2738_Y, Q = \accum_bank[123]).
Adding SRST signal on $procdff$5664 ($dff) from module x1_y3_kimi (D = $procmux$2757_Y, Q = \accum_bank[122], rval = 24'000000000000000000000000).
Adding EN signal on $auto$ff.cc:266:slice$6914 ($sdff) from module x1_y3_kimi (D = $procmux$2757_Y, Q = \accum_bank[122]).
Adding SRST signal on $procdff$5663 ($dff) from module x1_y3_kimi (D = $procmux$2776_Y, Q = \accum_bank[121], rval = 24'000000000000000000000000).
Adding EN signal on $auto$ff.cc:266:slice$6922 ($sdff) from module x1_y3_kimi (D = $procmux$2776_Y, Q = \accum_bank[121]).
Adding SRST signal on $procdff$5662 ($dff) from module x1_y3_kimi (D = $procmux$2795_Y, Q = \accum_bank[120], rval = 24'000000000000000000000000).
Adding EN signal on $auto$ff.cc:266:slice$6930 ($sdff) from module x1_y3_kimi (D = $procmux$2795_Y, Q = \accum_bank[120]).
Adding SRST signal on $procdff$5661 ($dff) from module x1_y3_kimi (D = $procmux$2814_Y, Q = \accum_bank[119], rval = 24'000000000000000000000000).
Adding EN signal on $auto$ff.cc:266:slice$6938 ($sdff) from module x1_y3_kimi (D = $procmux$2814_Y, Q = \accum_bank[119]).
Adding SRST signal on $procdff$5660 ($dff) from module x1_y3_kimi (D = $procmux$2833_Y, Q = \accum_bank[118], rval = 24'000000000000000000000000).
Adding EN signal on $auto$ff.cc:266:slice$6946 ($sdff) from module x1_y3_kimi (D = $procmux$2833_Y, Q = \accum_bank[118]).
Adding SRST signal on $procdff$5659 ($dff) from module x1_y3_kimi (D = $procmux$2852_Y, Q = \accum_bank[117], rval = 24'000000000000000000000000).
Adding EN signal on $auto$ff.cc:266:slice$6954 ($sdff) from module x1_y3_kimi (D = $procmux$2852_Y, Q = \accum_bank[117]).
Adding SRST signal on $procdff$5658 ($dff) from module x1_y3_kimi (D = $procmux$2871_Y, Q = \accum_bank[116], rval = 24'000000000000000000000000).
Adding EN signal on $auto$ff.cc:266:slice$6962 ($sdff) from module x1_y3_kimi (D = $procmux$2871_Y, Q = \accum_bank[116]).
Adding SRST signal on $procdff$5657 ($dff) from module x1_y3_kimi (D = $procmux$2890_Y, Q = \accum_bank[115], rval = 24'000000000000000000000000).
Adding EN signal on $auto$ff.cc:266:slice$6970 ($sdff) from module x1_y3_kimi (D = $procmux$2890_Y, Q = \accum_bank[115]).
Adding SRST signal on $procdff$5656 ($dff) from module x1_y3_kimi (D = $procmux$2909_Y, Q = \accum_bank[114], rval = 24'000000000000000000000000).
Adding EN signal on $auto$ff.cc:266:slice$6978 ($sdff) from module x1_y3_kimi (D = $procmux$2909_Y, Q = \accum_bank[114]).
Adding SRST signal on $procdff$5655 ($dff) from module x1_y3_kimi (D = $procmux$2928_Y, Q = \accum_bank[113], rval = 24'000000000000000000000000).
Adding EN signal on $auto$ff.cc:266:slice$6986 ($sdff) from module x1_y3_kimi (D = $procmux$2928_Y, Q = \accum_bank[113]).
Adding SRST signal on $procdff$5654 ($dff) from module x1_y3_kimi (D = $procmux$2947_Y, Q = \accum_bank[112], rval = 24'000000000000000000000000).
Adding EN signal on $auto$ff.cc:266:slice$6994 ($sdff) from module x1_y3_kimi (D = $procmux$2947_Y, Q = \accum_bank[112]).
Adding SRST signal on $procdff$5653 ($dff) from module x1_y3_kimi (D = $procmux$2953_Y, Q = \accum_bank[111], rval = 24'000000000000000000000000).
Adding EN signal on $auto$ff.cc:266:slice$7002 ($sdff) from module x1_y3_kimi (D = $add$experiments/x1/rtl/x1_y3_kimi.v:169$267_Y, Q = \accum_bank[111]).
Adding SRST signal on $procdff$5652 ($dff) from module x1_y3_kimi (D = $procmux$2973_Y, Q = \accum_bank[110], rval = 24'000000000000000000000000).
Adding EN signal on $auto$ff.cc:266:slice$7004 ($sdff) from module x1_y3_kimi (D = $procmux$2973_Y, Q = \accum_bank[110]).
Adding SRST signal on $procdff$5651 ($dff) from module x1_y3_kimi (D = $procmux$2993_Y, Q = \accum_bank[109], rval = 24'000000000000000000000000).
Adding EN signal on $auto$ff.cc:266:slice$7012 ($sdff) from module x1_y3_kimi (D = $procmux$2993_Y, Q = \accum_bank[109]).
Adding SRST signal on $procdff$5650 ($dff) from module x1_y3_kimi (D = $procmux$3013_Y, Q = \accum_bank[108], rval = 24'000000000000000000000000).
Adding EN signal on $auto$ff.cc:266:slice$7020 ($sdff) from module x1_y3_kimi (D = $procmux$3013_Y, Q = \accum_bank[108]).
Adding SRST signal on $procdff$5649 ($dff) from module x1_y3_kimi (D = $procmux$3033_Y, Q = \accum_bank[107], rval = 24'000000000000000000000000).
Adding EN signal on $auto$ff.cc:266:slice$7028 ($sdff) from module x1_y3_kimi (D = $procmux$3033_Y, Q = \accum_bank[107]).
Adding SRST signal on $procdff$5648 ($dff) from module x1_y3_kimi (D = $procmux$3053_Y, Q = \accum_bank[106], rval = 24'000000000000000000000000).
Adding EN signal on $auto$ff.cc:266:slice$7036 ($sdff) from module x1_y3_kimi (D = $procmux$3053_Y, Q = \accum_bank[106]).
Adding SRST signal on $procdff$5647 ($dff) from module x1_y3_kimi (D = $procmux$3073_Y, Q = \accum_bank[105], rval = 24'000000000000000000000000).
Adding EN signal on $auto$ff.cc:266:slice$7044 ($sdff) from module x1_y3_kimi (D = $procmux$3073_Y, Q = \accum_bank[105]).
Adding SRST signal on $procdff$5646 ($dff) from module x1_y3_kimi (D = $procmux$3093_Y, Q = \accum_bank[104], rval = 24'000000000000000000000000).
Adding EN signal on $auto$ff.cc:266:slice$7052 ($sdff) from module x1_y3_kimi (D = $procmux$3093_Y, Q = \accum_bank[104]).
Adding SRST signal on $procdff$5645 ($dff) from module x1_y3_kimi (D = $procmux$3113_Y, Q = \accum_bank[103], rval = 24'000000000000000000000000).
Adding EN signal on $auto$ff.cc:266:slice$7060 ($sdff) from module x1_y3_kimi (D = $procmux$3113_Y, Q = \accum_bank[103]).
Adding SRST signal on $procdff$5644 ($dff) from module x1_y3_kimi (D = $procmux$3133_Y, Q = \accum_bank[102], rval = 24'000000000000000000000000).
Adding EN signal on $auto$ff.cc:266:slice$7068 ($sdff) from module x1_y3_kimi (D = $procmux$3133_Y, Q = \accum_bank[102]).
Adding SRST signal on $procdff$5643 ($dff) from module x1_y3_kimi (D = $procmux$3153_Y, Q = \accum_bank[101], rval = 24'000000000000000000000000).
Adding EN signal on $auto$ff.cc:266:slice$7076 ($sdff) from module x1_y3_kimi (D = $procmux$3153_Y, Q = \accum_bank[101]).
Adding SRST signal on $procdff$5642 ($dff) from module x1_y3_kimi (D = $procmux$3173_Y, Q = \accum_bank[100], rval = 24'000000000000000000000000).
Adding EN signal on $auto$ff.cc:266:slice$7084 ($sdff) from module x1_y3_kimi (D = $procmux$3173_Y, Q = \accum_bank[100]).
Adding SRST signal on $procdff$5641 ($dff) from module x1_y3_kimi (D = $procmux$3193_Y, Q = \accum_bank[99], rval = 24'000000000000000000000000).
Adding EN signal on $auto$ff.cc:266:slice$7092 ($sdff) from module x1_y3_kimi (D = $procmux$3193_Y, Q = \accum_bank[99]).
Adding SRST signal on $procdff$5640 ($dff) from module x1_y3_kimi (D = $procmux$3213_Y, Q = \accum_bank[98], rval = 24'000000000000000000000000).
Adding EN signal on $auto$ff.cc:266:slice$7100 ($sdff) from module x1_y3_kimi (D = $procmux$3213_Y, Q = \accum_bank[98]).
Adding SRST signal on $procdff$5639 ($dff) from module x1_y3_kimi (D = $procmux$3233_Y, Q = \accum_bank[97], rval = 24'000000000000000000000000).
Adding EN signal on $auto$ff.cc:266:slice$7108 ($sdff) from module x1_y3_kimi (D = $procmux$3233_Y, Q = \accum_bank[97]).
Adding SRST signal on $procdff$5638 ($dff) from module x1_y3_kimi (D = $procmux$3253_Y, Q = \accum_bank[96], rval = 24'000000000000000000000000).
Adding EN signal on $auto$ff.cc:266:slice$7116 ($sdff) from module x1_y3_kimi (D = $procmux$3253_Y, Q = \accum_bank[96]).
Adding SRST signal on $procdff$5637 ($dff) from module x1_y3_kimi (D = $procmux$3259_Y, Q = \accum_bank[95], rval = 24'000000000000000000000000).
Adding EN signal on $auto$ff.cc:266:slice$7124 ($sdff) from module x1_y3_kimi (D = $add$experiments/x1/rtl/x1_y3_kimi.v:169$235_Y, Q = \accum_bank[95]).
Adding SRST signal on $procdff$5636 ($dff) from module x1_y3_kimi (D = $procmux$3280_Y, Q = \accum_bank[94], rval = 24'000000000000000000000000).
Adding EN signal on $auto$ff.cc:266:slice$7126 ($sdff) from module x1_y3_kimi (D = $procmux$3280_Y, Q = \accum_bank[94]).
Adding SRST signal on $procdff$5635 ($dff) from module x1_y3_kimi (D = $procmux$3301_Y, Q = \accum_bank[93], rval = 24'000000000000000000000000).
Adding EN signal on $auto$ff.cc:266:slice$7134 ($sdff) from module x1_y3_kimi (D = $procmux$3301_Y, Q = \accum_bank[93]).
Adding SRST signal on $procdff$5634 ($dff) from module x1_y3_kimi (D = $procmux$3322_Y, Q = \accum_bank[92], rval = 24'000000000000000000000000).
Adding EN signal on $auto$ff.cc:266:slice$7142 ($sdff) from module x1_y3_kimi (D = $procmux$3322_Y, Q = \accum_bank[92]).
Adding SRST signal on $procdff$5633 ($dff) from module x1_y3_kimi (D = $procmux$3343_Y, Q = \accum_bank[91], rval = 24'000000000000000000000000).
Adding EN signal on $auto$ff.cc:266:slice$7150 ($sdff) from module x1_y3_kimi (D = $procmux$3343_Y, Q = \accum_bank[91]).
Adding SRST signal on $procdff$5632 ($dff) from module x1_y3_kimi (D = $procmux$3364_Y, Q = \accum_bank[90], rval = 24'000000000000000000000000).
Adding EN signal on $auto$ff.cc:266:slice$7158 ($sdff) from module x1_y3_kimi (D = $procmux$3364_Y, Q = \accum_bank[90]).
Adding SRST signal on $procdff$5631 ($dff) from module x1_y3_kimi (D = $procmux$3385_Y, Q = \accum_bank[89], rval = 24'000000000000000000000000).
Adding EN signal on $auto$ff.cc:266:slice$7166 ($sdff) from module x1_y3_kimi (D = $procmux$3385_Y, Q = \accum_bank[89]).
Adding SRST signal on $procdff$5630 ($dff) from module x1_y3_kimi (D = $procmux$3406_Y, Q = \accum_bank[88], rval = 24'000000000000000000000000).
Adding EN signal on $auto$ff.cc:266:slice$7174 ($sdff) from module x1_y3_kimi (D = $procmux$3406_Y, Q = \accum_bank[88]).
Adding SRST signal on $procdff$5629 ($dff) from module x1_y3_kimi (D = $procmux$3427_Y, Q = \accum_bank[87], rval = 24'000000000000000000000000).
Adding EN signal on $auto$ff.cc:266:slice$7182 ($sdff) from module x1_y3_kimi (D = $procmux$3427_Y, Q = \accum_bank[87]).
Adding SRST signal on $procdff$5628 ($dff) from module x1_y3_kimi (D = $procmux$3448_Y, Q = \accum_bank[86], rval = 24'000000000000000000000000).
Adding EN signal on $auto$ff.cc:266:slice$7190 ($sdff) from module x1_y3_kimi (D = $procmux$3448_Y, Q = \accum_bank[86]).
Adding SRST signal on $procdff$5627 ($dff) from module x1_y3_kimi (D = $procmux$3469_Y, Q = \accum_bank[85], rval = 24'000000000000000000000000).
Adding EN signal on $auto$ff.cc:266:slice$7198 ($sdff) from module x1_y3_kimi (D = $procmux$3469_Y, Q = \accum_bank[85]).
Adding SRST signal on $procdff$5626 ($dff) from module x1_y3_kimi (D = $procmux$3490_Y, Q = \accum_bank[84], rval = 24'000000000000000000000000).
Adding EN signal on $auto$ff.cc:266:slice$7206 ($sdff) from module x1_y3_kimi (D = $procmux$3490_Y, Q = \accum_bank[84]).
Adding SRST signal on $procdff$5625 ($dff) from module x1_y3_kimi (D = $procmux$3511_Y, Q = \accum_bank[83], rval = 24'000000000000000000000000).
Adding EN signal on $auto$ff.cc:266:slice$7214 ($sdff) from module x1_y3_kimi (D = $procmux$3511_Y, Q = \accum_bank[83]).
Adding SRST signal on $procdff$5624 ($dff) from module x1_y3_kimi (D = $procmux$3532_Y, Q = \accum_bank[82], rval = 24'000000000000000000000000).
Adding EN signal on $auto$ff.cc:266:slice$7222 ($sdff) from module x1_y3_kimi (D = $procmux$3532_Y, Q = \accum_bank[82]).
Adding SRST signal on $procdff$5623 ($dff) from module x1_y3_kimi (D = $procmux$3553_Y, Q = \accum_bank[81], rval = 24'000000000000000000000000).
Adding EN signal on $auto$ff.cc:266:slice$7230 ($sdff) from module x1_y3_kimi (D = $procmux$3553_Y, Q = \accum_bank[81]).
Adding SRST signal on $procdff$5622 ($dff) from module x1_y3_kimi (D = $procmux$3574_Y, Q = \accum_bank[80], rval = 24'000000000000000000000000).
Adding EN signal on $auto$ff.cc:266:slice$7238 ($sdff) from module x1_y3_kimi (D = $procmux$3574_Y, Q = \accum_bank[80]).
Adding SRST signal on $procdff$5621 ($dff) from module x1_y3_kimi (D = $procmux$3580_Y, Q = \accum_bank[79], rval = 24'000000000000000000000000).
Adding EN signal on $auto$ff.cc:266:slice$7246 ($sdff) from module x1_y3_kimi (D = $add$experiments/x1/rtl/x1_y3_kimi.v:169$203_Y, Q = \accum_bank[79]).
Adding SRST signal on $procdff$5620 ($dff) from module x1_y3_kimi (D = $procmux$3602_Y, Q = \accum_bank[78], rval = 24'000000000000000000000000).
Adding EN signal on $auto$ff.cc:266:slice$7248 ($sdff) from module x1_y3_kimi (D = $procmux$3602_Y, Q = \accum_bank[78]).
Adding SRST signal on $procdff$5619 ($dff) from module x1_y3_kimi (D = $procmux$3624_Y, Q = \accum_bank[77], rval = 24'000000000000000000000000).
Adding EN signal on $auto$ff.cc:266:slice$7256 ($sdff) from module x1_y3_kimi (D = $procmux$3624_Y, Q = \accum_bank[77]).
Adding SRST signal on $procdff$5618 ($dff) from module x1_y3_kimi (D = $procmux$3646_Y, Q = \accum_bank[76], rval = 24'000000000000000000000000).
Adding EN signal on $auto$ff.cc:266:slice$7264 ($sdff) from module x1_y3_kimi (D = $procmux$3646_Y, Q = \accum_bank[76]).
Adding SRST signal on $procdff$5617 ($dff) from module x1_y3_kimi (D = $procmux$3668_Y, Q = \accum_bank[75], rval = 24'000000000000000000000000).
Adding EN signal on $auto$ff.cc:266:slice$7272 ($sdff) from module x1_y3_kimi (D = $procmux$3668_Y, Q = \accum_bank[75]).
Adding SRST signal on $procdff$5616 ($dff) from module x1_y3_kimi (D = $procmux$3690_Y, Q = \accum_bank[74], rval = 24'000000000000000000000000).
Adding EN signal on $auto$ff.cc:266:slice$7280 ($sdff) from module x1_y3_kimi (D = $procmux$3690_Y, Q = \accum_bank[74]).
Adding SRST signal on $procdff$5615 ($dff) from module x1_y3_kimi (D = $procmux$3712_Y, Q = \accum_bank[73], rval = 24'000000000000000000000000).
Adding EN signal on $auto$ff.cc:266:slice$7288 ($sdff) from module x1_y3_kimi (D = $procmux$3712_Y, Q = \accum_bank[73]).
Adding SRST signal on $procdff$5614 ($dff) from module x1_y3_kimi (D = $procmux$3734_Y, Q = \accum_bank[72], rval = 24'000000000000000000000000).
Adding EN signal on $auto$ff.cc:266:slice$7296 ($sdff) from module x1_y3_kimi (D = $procmux$3734_Y, Q = \accum_bank[72]).
Adding SRST signal on $procdff$5613 ($dff) from module x1_y3_kimi (D = $procmux$3756_Y, Q = \accum_bank[71], rval = 24'000000000000000000000000).
Adding EN signal on $auto$ff.cc:266:slice$7304 ($sdff) from module x1_y3_kimi (D = $procmux$3756_Y, Q = \accum_bank[71]).
Adding SRST signal on $procdff$5612 ($dff) from module x1_y3_kimi (D = $procmux$3778_Y, Q = \accum_bank[70], rval = 24'000000000000000000000000).
Adding EN signal on $auto$ff.cc:266:slice$7312 ($sdff) from module x1_y3_kimi (D = $procmux$3778_Y, Q = \accum_bank[70]).
Adding SRST signal on $procdff$5611 ($dff) from module x1_y3_kimi (D = $procmux$3800_Y, Q = \accum_bank[69], rval = 24'000000000000000000000000).
Adding EN signal on $auto$ff.cc:266:slice$7320 ($sdff) from module x1_y3_kimi (D = $procmux$3800_Y, Q = \accum_bank[69]).
Adding SRST signal on $procdff$5610 ($dff) from module x1_y3_kimi (D = $procmux$3822_Y, Q = \accum_bank[68], rval = 24'000000000000000000000000).
Adding EN signal on $auto$ff.cc:266:slice$7328 ($sdff) from module x1_y3_kimi (D = $procmux$3822_Y, Q = \accum_bank[68]).
Adding SRST signal on $procdff$5609 ($dff) from module x1_y3_kimi (D = $procmux$3844_Y, Q = \accum_bank[67], rval = 24'000000000000000000000000).
Adding EN signal on $auto$ff.cc:266:slice$7336 ($sdff) from module x1_y3_kimi (D = $procmux$3844_Y, Q = \accum_bank[67]).
Adding SRST signal on $procdff$5608 ($dff) from module x1_y3_kimi (D = $procmux$3866_Y, Q = \accum_bank[66], rval = 24'000000000000000000000000).
Adding EN signal on $auto$ff.cc:266:slice$7344 ($sdff) from module x1_y3_kimi (D = $procmux$3866_Y, Q = \accum_bank[66]).
Adding SRST signal on $procdff$5607 ($dff) from module x1_y3_kimi (D = $procmux$3888_Y, Q = \accum_bank[65], rval = 24'000000000000000000000000).
Adding EN signal on $auto$ff.cc:266:slice$7352 ($sdff) from module x1_y3_kimi (D = $procmux$3888_Y, Q = \accum_bank[65]).
Adding SRST signal on $procdff$5606 ($dff) from module x1_y3_kimi (D = $procmux$3910_Y, Q = \accum_bank[64], rval = 24'000000000000000000000000).
Adding EN signal on $auto$ff.cc:266:slice$7360 ($sdff) from module x1_y3_kimi (D = $procmux$3910_Y, Q = \accum_bank[64]).
Adding SRST signal on $procdff$5605 ($dff) from module x1_y3_kimi (D = $procmux$3916_Y, Q = \accum_bank[63], rval = 24'000000000000000000000000).
Adding EN signal on $auto$ff.cc:266:slice$7368 ($sdff) from module x1_y3_kimi (D = $add$experiments/x1/rtl/x1_y3_kimi.v:169$171_Y, Q = \accum_bank[63]).
Adding SRST signal on $procdff$5604 ($dff) from module x1_y3_kimi (D = $procmux$3939_Y, Q = \accum_bank[62], rval = 24'000000000000000000000000).
Adding EN signal on $auto$ff.cc:266:slice$7370 ($sdff) from module x1_y3_kimi (D = $procmux$3939_Y, Q = \accum_bank[62]).
Adding SRST signal on $procdff$5603 ($dff) from module x1_y3_kimi (D = $procmux$3962_Y, Q = \accum_bank[61], rval = 24'000000000000000000000000).
Adding EN signal on $auto$ff.cc:266:slice$7378 ($sdff) from module x1_y3_kimi (D = $procmux$3962_Y, Q = \accum_bank[61]).
Adding SRST signal on $procdff$5602 ($dff) from module x1_y3_kimi (D = $procmux$3985_Y, Q = \accum_bank[60], rval = 24'000000000000000000000000).
Adding EN signal on $auto$ff.cc:266:slice$7386 ($sdff) from module x1_y3_kimi (D = $procmux$3985_Y, Q = \accum_bank[60]).
Adding SRST signal on $procdff$5601 ($dff) from module x1_y3_kimi (D = $procmux$4008_Y, Q = \accum_bank[59], rval = 24'000000000000000000000000).
Adding EN signal on $auto$ff.cc:266:slice$7394 ($sdff) from module x1_y3_kimi (D = $procmux$4008_Y, Q = \accum_bank[59]).
Adding SRST signal on $procdff$5600 ($dff) from module x1_y3_kimi (D = $procmux$4031_Y, Q = \accum_bank[58], rval = 24'000000000000000000000000).
Adding EN signal on $auto$ff.cc:266:slice$7402 ($sdff) from module x1_y3_kimi (D = $procmux$4031_Y, Q = \accum_bank[58]).
Adding SRST signal on $procdff$5599 ($dff) from module x1_y3_kimi (D = $procmux$4054_Y, Q = \accum_bank[57], rval = 24'000000000000000000000000).
Adding EN signal on $auto$ff.cc:266:slice$7410 ($sdff) from module x1_y3_kimi (D = $procmux$4054_Y, Q = \accum_bank[57]).
Adding SRST signal on $procdff$5598 ($dff) from module x1_y3_kimi (D = $procmux$4077_Y, Q = \accum_bank[56], rval = 24'000000000000000000000000).
Adding EN signal on $auto$ff.cc:266:slice$7418 ($sdff) from module x1_y3_kimi (D = $procmux$4077_Y, Q = \accum_bank[56]).
Adding SRST signal on $procdff$5597 ($dff) from module x1_y3_kimi (D = $procmux$4100_Y, Q = \accum_bank[55], rval = 24'000000000000000000000000).
Adding EN signal on $auto$ff.cc:266:slice$7426 ($sdff) from module x1_y3_kimi (D = $procmux$4100_Y, Q = \accum_bank[55]).
Adding SRST signal on $procdff$5596 ($dff) from module x1_y3_kimi (D = $procmux$4123_Y, Q = \accum_bank[54], rval = 24'000000000000000000000000).
Adding EN signal on $auto$ff.cc:266:slice$7434 ($sdff) from module x1_y3_kimi (D = $procmux$4123_Y, Q = \accum_bank[54]).
Adding SRST signal on $procdff$5595 ($dff) from module x1_y3_kimi (D = $procmux$4146_Y, Q = \accum_bank[53], rval = 24'000000000000000000000000).
Adding EN signal on $auto$ff.cc:266:slice$7442 ($sdff) from module x1_y3_kimi (D = $procmux$4146_Y, Q = \accum_bank[53]).
Adding SRST signal on $procdff$5594 ($dff) from module x1_y3_kimi (D = $procmux$4169_Y, Q = \accum_bank[52], rval = 24'000000000000000000000000).
Adding EN signal on $auto$ff.cc:266:slice$7450 ($sdff) from module x1_y3_kimi (D = $procmux$4169_Y, Q = \accum_bank[52]).
Adding SRST signal on $procdff$5593 ($dff) from module x1_y3_kimi (D = $procmux$4192_Y, Q = \accum_bank[51], rval = 24'000000000000000000000000).
Adding EN signal on $auto$ff.cc:266:slice$7458 ($sdff) from module x1_y3_kimi (D = $procmux$4192_Y, Q = \accum_bank[51]).
Adding SRST signal on $procdff$5592 ($dff) from module x1_y3_kimi (D = $procmux$4215_Y, Q = \accum_bank[50], rval = 24'000000000000000000000000).
Adding EN signal on $auto$ff.cc:266:slice$7466 ($sdff) from module x1_y3_kimi (D = $procmux$4215_Y, Q = \accum_bank[50]).
Adding SRST signal on $procdff$5591 ($dff) from module x1_y3_kimi (D = $procmux$4238_Y, Q = \accum_bank[49], rval = 24'000000000000000000000000).
Adding EN signal on $auto$ff.cc:266:slice$7474 ($sdff) from module x1_y3_kimi (D = $procmux$4238_Y, Q = \accum_bank[49]).
Adding SRST signal on $procdff$5590 ($dff) from module x1_y3_kimi (D = $procmux$4261_Y, Q = \accum_bank[48], rval = 24'000000000000000000000000).
Adding EN signal on $auto$ff.cc:266:slice$7482 ($sdff) from module x1_y3_kimi (D = $procmux$4261_Y, Q = \accum_bank[48]).
Adding SRST signal on $procdff$5589 ($dff) from module x1_y3_kimi (D = $procmux$4267_Y, Q = \accum_bank[47], rval = 24'000000000000000000000000).
Adding EN signal on $auto$ff.cc:266:slice$7490 ($sdff) from module x1_y3_kimi (D = $add$experiments/x1/rtl/x1_y3_kimi.v:169$139_Y, Q = \accum_bank[47]).
Adding SRST signal on $procdff$5588 ($dff) from module x1_y3_kimi (D = $procmux$4291_Y, Q = \accum_bank[46], rval = 24'000000000000000000000000).
Adding EN signal on $auto$ff.cc:266:slice$7492 ($sdff) from module x1_y3_kimi (D = $procmux$4291_Y, Q = \accum_bank[46]).
Adding SRST signal on $procdff$5587 ($dff) from module x1_y3_kimi (D = $procmux$4315_Y, Q = \accum_bank[45], rval = 24'000000000000000000000000).
Adding EN signal on $auto$ff.cc:266:slice$7500 ($sdff) from module x1_y3_kimi (D = $procmux$4315_Y, Q = \accum_bank[45]).
Adding SRST signal on $procdff$5586 ($dff) from module x1_y3_kimi (D = $procmux$4339_Y, Q = \accum_bank[44], rval = 24'000000000000000000000000).
Adding EN signal on $auto$ff.cc:266:slice$7508 ($sdff) from module x1_y3_kimi (D = $procmux$4339_Y, Q = \accum_bank[44]).
Adding SRST signal on $procdff$5585 ($dff) from module x1_y3_kimi (D = $procmux$4363_Y, Q = \accum_bank[43], rval = 24'000000000000000000000000).
Adding EN signal on $auto$ff.cc:266:slice$7516 ($sdff) from module x1_y3_kimi (D = $procmux$4363_Y, Q = \accum_bank[43]).
Adding SRST signal on $procdff$5584 ($dff) from module x1_y3_kimi (D = $procmux$4387_Y, Q = \accum_bank[42], rval = 24'000000000000000000000000).
Adding EN signal on $auto$ff.cc:266:slice$7524 ($sdff) from module x1_y3_kimi (D = $procmux$4387_Y, Q = \accum_bank[42]).
Adding SRST signal on $procdff$5583 ($dff) from module x1_y3_kimi (D = $procmux$4411_Y, Q = \accum_bank[41], rval = 24'000000000000000000000000).
Adding EN signal on $auto$ff.cc:266:slice$7532 ($sdff) from module x1_y3_kimi (D = $procmux$4411_Y, Q = \accum_bank[41]).
Adding SRST signal on $procdff$5582 ($dff) from module x1_y3_kimi (D = $procmux$4435_Y, Q = \accum_bank[40], rval = 24'000000000000000000000000).
Adding EN signal on $auto$ff.cc:266:slice$7540 ($sdff) from module x1_y3_kimi (D = $procmux$4435_Y, Q = \accum_bank[40]).
Adding SRST signal on $procdff$5581 ($dff) from module x1_y3_kimi (D = $procmux$4459_Y, Q = \accum_bank[39], rval = 24'000000000000000000000000).
Adding EN signal on $auto$ff.cc:266:slice$7548 ($sdff) from module x1_y3_kimi (D = $procmux$4459_Y, Q = \accum_bank[39]).
Adding SRST signal on $procdff$5580 ($dff) from module x1_y3_kimi (D = $procmux$4483_Y, Q = \accum_bank[38], rval = 24'000000000000000000000000).
Adding EN signal on $auto$ff.cc:266:slice$7556 ($sdff) from module x1_y3_kimi (D = $procmux$4483_Y, Q = \accum_bank[38]).
Adding SRST signal on $procdff$5579 ($dff) from module x1_y3_kimi (D = $procmux$4507_Y, Q = \accum_bank[37], rval = 24'000000000000000000000000).
Adding EN signal on $auto$ff.cc:266:slice$7564 ($sdff) from module x1_y3_kimi (D = $procmux$4507_Y, Q = \accum_bank[37]).
Adding SRST signal on $procdff$5578 ($dff) from module x1_y3_kimi (D = $procmux$4531_Y, Q = \accum_bank[36], rval = 24'000000000000000000000000).
Adding EN signal on $auto$ff.cc:266:slice$7572 ($sdff) from module x1_y3_kimi (D = $procmux$4531_Y, Q = \accum_bank[36]).
Adding SRST signal on $procdff$5577 ($dff) from module x1_y3_kimi (D = $procmux$4555_Y, Q = \accum_bank[35], rval = 24'000000000000000000000000).
Adding EN signal on $auto$ff.cc:266:slice$7580 ($sdff) from module x1_y3_kimi (D = $procmux$4555_Y, Q = \accum_bank[35]).
Adding SRST signal on $procdff$5576 ($dff) from module x1_y3_kimi (D = $procmux$4579_Y, Q = \accum_bank[34], rval = 24'000000000000000000000000).
Adding EN signal on $auto$ff.cc:266:slice$7588 ($sdff) from module x1_y3_kimi (D = $procmux$4579_Y, Q = \accum_bank[34]).
Adding SRST signal on $procdff$5575 ($dff) from module x1_y3_kimi (D = $procmux$4603_Y, Q = \accum_bank[33], rval = 24'000000000000000000000000).
Adding EN signal on $auto$ff.cc:266:slice$7596 ($sdff) from module x1_y3_kimi (D = $procmux$4603_Y, Q = \accum_bank[33]).
Adding SRST signal on $procdff$5574 ($dff) from module x1_y3_kimi (D = $procmux$4627_Y, Q = \accum_bank[32], rval = 24'000000000000000000000000).
Adding EN signal on $auto$ff.cc:266:slice$7604 ($sdff) from module x1_y3_kimi (D = $procmux$4627_Y, Q = \accum_bank[32]).
Adding SRST signal on $procdff$5573 ($dff) from module x1_y3_kimi (D = $procmux$4633_Y, Q = \accum_bank[31], rval = 24'000000000000000000000000).
Adding EN signal on $auto$ff.cc:266:slice$7612 ($sdff) from module x1_y3_kimi (D = $add$experiments/x1/rtl/x1_y3_kimi.v:169$107_Y, Q = \accum_bank[31]).
Adding SRST signal on $procdff$5572 ($dff) from module x1_y3_kimi (D = $procmux$4658_Y, Q = \accum_bank[30], rval = 24'000000000000000000000000).
Adding EN signal on $auto$ff.cc:266:slice$7614 ($sdff) from module x1_y3_kimi (D = $procmux$4658_Y, Q = \accum_bank[30]).
Adding SRST signal on $procdff$5571 ($dff) from module x1_y3_kimi (D = $procmux$4683_Y, Q = \accum_bank[29], rval = 24'000000000000000000000000).
Adding EN signal on $auto$ff.cc:266:slice$7622 ($sdff) from module x1_y3_kimi (D = $procmux$4683_Y, Q = \accum_bank[29]).
Adding SRST signal on $procdff$5570 ($dff) from module x1_y3_kimi (D = $procmux$4708_Y, Q = \accum_bank[28], rval = 24'000000000000000000000000).
Adding EN signal on $auto$ff.cc:266:slice$7630 ($sdff) from module x1_y3_kimi (D = $procmux$4708_Y, Q = \accum_bank[28]).
Adding SRST signal on $procdff$5569 ($dff) from module x1_y3_kimi (D = $procmux$4733_Y, Q = \accum_bank[27], rval = 24'000000000000000000000000).
Adding EN signal on $auto$ff.cc:266:slice$7638 ($sdff) from module x1_y3_kimi (D = $procmux$4733_Y, Q = \accum_bank[27]).
Adding SRST signal on $procdff$5568 ($dff) from module x1_y3_kimi (D = $procmux$4758_Y, Q = \accum_bank[26], rval = 24'000000000000000000000000).
Adding EN signal on $auto$ff.cc:266:slice$7646 ($sdff) from module x1_y3_kimi (D = $procmux$4758_Y, Q = \accum_bank[26]).
Adding SRST signal on $procdff$5567 ($dff) from module x1_y3_kimi (D = $procmux$4783_Y, Q = \accum_bank[25], rval = 24'000000000000000000000000).
Adding EN signal on $auto$ff.cc:266:slice$7654 ($sdff) from module x1_y3_kimi (D = $procmux$4783_Y, Q = \accum_bank[25]).
Adding SRST signal on $procdff$5566 ($dff) from module x1_y3_kimi (D = $procmux$4808_Y, Q = \accum_bank[24], rval = 24'000000000000000000000000).
Adding EN signal on $auto$ff.cc:266:slice$7662 ($sdff) from module x1_y3_kimi (D = $procmux$4808_Y, Q = \accum_bank[24]).
Adding SRST signal on $procdff$5565 ($dff) from module x1_y3_kimi (D = $procmux$4833_Y, Q = \accum_bank[23], rval = 24'000000000000000000000000).
Adding EN signal on $auto$ff.cc:266:slice$7670 ($sdff) from module x1_y3_kimi (D = $procmux$4833_Y, Q = \accum_bank[23]).
Adding SRST signal on $procdff$5564 ($dff) from module x1_y3_kimi (D = $procmux$4858_Y, Q = \accum_bank[22], rval = 24'000000000000000000000000).
Adding EN signal on $auto$ff.cc:266:slice$7678 ($sdff) from module x1_y3_kimi (D = $procmux$4858_Y, Q = \accum_bank[22]).
Adding SRST signal on $procdff$5563 ($dff) from module x1_y3_kimi (D = $procmux$4883_Y, Q = \accum_bank[21], rval = 24'000000000000000000000000).
Adding EN signal on $auto$ff.cc:266:slice$7686 ($sdff) from module x1_y3_kimi (D = $procmux$4883_Y, Q = \accum_bank[21]).
Adding SRST signal on $procdff$5562 ($dff) from module x1_y3_kimi (D = $procmux$4908_Y, Q = \accum_bank[20], rval = 24'000000000000000000000000).
Adding EN signal on $auto$ff.cc:266:slice$7694 ($sdff) from module x1_y3_kimi (D = $procmux$4908_Y, Q = \accum_bank[20]).
Adding SRST signal on $procdff$5561 ($dff) from module x1_y3_kimi (D = $procmux$4933_Y, Q = \accum_bank[19], rval = 24'000000000000000000000000).
Adding EN signal on $auto$ff.cc:266:slice$7702 ($sdff) from module x1_y3_kimi (D = $procmux$4933_Y, Q = \accum_bank[19]).
Adding SRST signal on $procdff$5560 ($dff) from module x1_y3_kimi (D = $procmux$4958_Y, Q = \accum_bank[18], rval = 24'000000000000000000000000).
Adding EN signal on $auto$ff.cc:266:slice$7710 ($sdff) from module x1_y3_kimi (D = $procmux$4958_Y, Q = \accum_bank[18]).
Adding SRST signal on $procdff$5559 ($dff) from module x1_y3_kimi (D = $procmux$4983_Y, Q = \accum_bank[17], rval = 24'000000000000000000000000).
Adding EN signal on $auto$ff.cc:266:slice$7718 ($sdff) from module x1_y3_kimi (D = $procmux$4983_Y, Q = \accum_bank[17]).
Adding SRST signal on $procdff$5558 ($dff) from module x1_y3_kimi (D = $procmux$5008_Y, Q = \accum_bank[16], rval = 24'000000000000000000000000).
Adding EN signal on $auto$ff.cc:266:slice$7726 ($sdff) from module x1_y3_kimi (D = $procmux$5008_Y, Q = \accum_bank[16]).
Adding SRST signal on $procdff$5557 ($dff) from module x1_y3_kimi (D = $procmux$5014_Y, Q = \accum_bank[15], rval = 24'000000000000000000000000).
Adding EN signal on $auto$ff.cc:266:slice$7734 ($sdff) from module x1_y3_kimi (D = $add$experiments/x1/rtl/x1_y3_kimi.v:169$75_Y, Q = \accum_bank[15]).
Adding SRST signal on $procdff$5556 ($dff) from module x1_y3_kimi (D = $procmux$5040_Y, Q = \accum_bank[14], rval = 24'000000000000000000000000).
Adding EN signal on $auto$ff.cc:266:slice$7736 ($sdff) from module x1_y3_kimi (D = $procmux$5040_Y, Q = \accum_bank[14]).
Adding SRST signal on $procdff$5555 ($dff) from module x1_y3_kimi (D = $procmux$5066_Y, Q = \accum_bank[13], rval = 24'000000000000000000000000).
Adding EN signal on $auto$ff.cc:266:slice$7744 ($sdff) from module x1_y3_kimi (D = $procmux$5066_Y, Q = \accum_bank[13]).
Adding SRST signal on $procdff$5554 ($dff) from module x1_y3_kimi (D = $procmux$5092_Y, Q = \accum_bank[12], rval = 24'000000000000000000000000).
Adding EN signal on $auto$ff.cc:266:slice$7752 ($sdff) from module x1_y3_kimi (D = $procmux$5092_Y, Q = \accum_bank[12]).
Adding SRST signal on $procdff$5553 ($dff) from module x1_y3_kimi (D = $procmux$5118_Y, Q = \accum_bank[11], rval = 24'000000000000000000000000).
Adding EN signal on $auto$ff.cc:266:slice$7760 ($sdff) from module x1_y3_kimi (D = $procmux$5118_Y, Q = \accum_bank[11]).
Adding SRST signal on $procdff$5552 ($dff) from module x1_y3_kimi (D = $procmux$5144_Y, Q = \accum_bank[10], rval = 24'000000000000000000000000).
Adding EN signal on $auto$ff.cc:266:slice$7768 ($sdff) from module x1_y3_kimi (D = $procmux$5144_Y, Q = \accum_bank[10]).
Adding SRST signal on $procdff$5551 ($dff) from module x1_y3_kimi (D = $procmux$5170_Y, Q = \accum_bank[9], rval = 24'000000000000000000000000).
Adding EN signal on $auto$ff.cc:266:slice$7776 ($sdff) from module x1_y3_kimi (D = $procmux$5170_Y, Q = \accum_bank[9]).
Adding SRST signal on $procdff$5550 ($dff) from module x1_y3_kimi (D = $procmux$5196_Y, Q = \accum_bank[8], rval = 24'000000000000000000000000).
Adding EN signal on $auto$ff.cc:266:slice$7784 ($sdff) from module x1_y3_kimi (D = $procmux$5196_Y, Q = \accum_bank[8]).
Adding SRST signal on $procdff$5549 ($dff) from module x1_y3_kimi (D = $procmux$5222_Y, Q = \accum_bank[7], rval = 24'000000000000000000000000).
Adding EN signal on $auto$ff.cc:266:slice$7792 ($sdff) from module x1_y3_kimi (D = $procmux$5222_Y, Q = \accum_bank[7]).
Adding SRST signal on $procdff$5548 ($dff) from module x1_y3_kimi (D = $procmux$5248_Y, Q = \accum_bank[6], rval = 24'000000000000000000000000).
Adding EN signal on $auto$ff.cc:266:slice$7800 ($sdff) from module x1_y3_kimi (D = $procmux$5248_Y, Q = \accum_bank[6]).
Adding SRST signal on $procdff$5547 ($dff) from module x1_y3_kimi (D = $procmux$5274_Y, Q = \accum_bank[5], rval = 24'000000000000000000000000).
Adding EN signal on $auto$ff.cc:266:slice$7808 ($sdff) from module x1_y3_kimi (D = $procmux$5274_Y, Q = \accum_bank[5]).
Adding SRST signal on $procdff$5546 ($dff) from module x1_y3_kimi (D = $procmux$5300_Y, Q = \accum_bank[4], rval = 24'000000000000000000000000).
Adding EN signal on $auto$ff.cc:266:slice$7816 ($sdff) from module x1_y3_kimi (D = $procmux$5300_Y, Q = \accum_bank[4]).
Adding SRST signal on $procdff$5545 ($dff) from module x1_y3_kimi (D = $procmux$5326_Y, Q = \accum_bank[3], rval = 24'000000000000000000000000).
Adding EN signal on $auto$ff.cc:266:slice$7824 ($sdff) from module x1_y3_kimi (D = $procmux$5326_Y, Q = \accum_bank[3]).
Adding SRST signal on $procdff$5544 ($dff) from module x1_y3_kimi (D = $procmux$5352_Y, Q = \accum_bank[2], rval = 24'000000000000000000000000).
Adding EN signal on $auto$ff.cc:266:slice$7832 ($sdff) from module x1_y3_kimi (D = $procmux$5352_Y, Q = \accum_bank[2]).
Adding SRST signal on $procdff$5543 ($dff) from module x1_y3_kimi (D = $procmux$5378_Y, Q = \accum_bank[1], rval = 24'000000000000000000000000).
Adding EN signal on $auto$ff.cc:266:slice$7840 ($sdff) from module x1_y3_kimi (D = $procmux$5378_Y, Q = \accum_bank[1]).
Adding SRST signal on $procdff$5542 ($dff) from module x1_y3_kimi (D = $procmux$5404_Y, Q = \accum_bank[0], rval = 24'000000000000000000000000).
Adding EN signal on $auto$ff.cc:266:slice$7848 ($sdff) from module x1_y3_kimi (D = $procmux$5404_Y, Q = \accum_bank[0]).
Setting constant 0-bit at position 8 on $auto$ff.cc:266:slice$5903 ($adffe) from module x1_y3_kimi.
Setting constant 0-bit at position 9 on $auto$ff.cc:266:slice$5903 ($adffe) from module x1_y3_kimi.
Setting constant 0-bit at position 10 on $auto$ff.cc:266:slice$5903 ($adffe) from module x1_y3_kimi.
Setting constant 0-bit at position 11 on $auto$ff.cc:266:slice$5903 ($adffe) from module x1_y3_kimi.
Setting constant 0-bit at position 12 on $auto$ff.cc:266:slice$5903 ($adffe) from module x1_y3_kimi.
Setting constant 0-bit at position 13 on $auto$ff.cc:266:slice$5903 ($adffe) from module x1_y3_kimi.

3.8.7. Executing OPT_CLEAN pass (remove unused cells and wires).
Finding unused cells or wires in module \x1_y3_kimi..
Removed 276 unused cells and 276 unused wires.
<suppressed ~277 debug messages>

3.8.8. Executing OPT_EXPR pass (perform const folding).
Optimizing module x1_y3_kimi.
<suppressed ~245 debug messages>

3.8.9. Rerunning OPT passes. (Maybe there is more to do..)

3.8.10. Executing OPT_MUXTREE pass (detect dead branches in mux trees).
Running muxtree optimizer on module \x1_y3_kimi..
  Creating internal representation of mux trees.
  Evaluating internal representation of mux trees.
  Analyzing evaluation results.
Removed 0 multiplexer ports.
<suppressed ~250 debug messages>

3.8.11. Executing OPT_REDUCE pass (consolidate $*mux and $reduce_* inputs).
  Optimizing cells in module \x1_y3_kimi.
Performed a total of 0 changes.

3.8.12. Executing OPT_MERGE pass (detect identical cells).
Finding identical cells in module `\x1_y3_kimi'.
<suppressed ~2112 debug messages>
Removed a total of 704 cells.

3.8.13. Executing OPT_DFF pass (perform DFF optimizations).

3.8.14. Executing OPT_CLEAN pass (remove unused cells and wires).
Finding unused cells or wires in module \x1_y3_kimi..
Removed 0 unused cells and 704 unused wires.
<suppressed ~1 debug messages>

3.8.15. Executing OPT_EXPR pass (perform const folding).
Optimizing module x1_y3_kimi.

3.8.16. Rerunning OPT passes. (Maybe there is more to do..)

3.8.17. Executing OPT_MUXTREE pass (detect dead branches in mux trees).
Running muxtree optimizer on module \x1_y3_kimi..
  Creating internal representation of mux trees.
  Evaluating internal representation of mux trees.
  Analyzing evaluation results.
Removed 0 multiplexer ports.
<suppressed ~253 debug messages>

3.8.18. Executing OPT_REDUCE pass (consolidate $*mux and $reduce_* inputs).
  Optimizing cells in module \x1_y3_kimi.
Performed a total of 0 changes.

3.8.19. Executing OPT_MERGE pass (detect identical cells).
Finding identical cells in module `\x1_y3_kimi'.
Removed a total of 0 cells.

3.8.20. Executing OPT_DFF pass (perform DFF optimizations).

3.8.21. Executing OPT_CLEAN pass (remove unused cells and wires).
Finding unused cells or wires in module \x1_y3_kimi..

3.8.22. Executing OPT_EXPR pass (perform const folding).
Optimizing module x1_y3_kimi.

3.8.23. Finished OPT passes. (There is nothing left to do.)

3.9. Executing WREDUCE pass (reducing word size of cells).
Removed top 1 bits (of 2) from port B of cell x1_y3_kimi.$eq$experiments/x1/rtl/x1_y3_kimi.v:163$42 ($eq).
Removed top 1 bits (of 3) from port B of cell x1_y3_kimi.$auto$opt_dff.cc:195:make_patterns_logic$6277 ($ne).
Removed top 1 bits (of 3) from port B of cell x1_y3_kimi.$auto$opt_dff.cc:195:make_patterns_logic$6643 ($ne).
Removed top 1 bits (of 3) from port B of cell x1_y3_kimi.$auto$opt_dff.cc:195:make_patterns_logic$6399 ($ne).
Removed top 1 bits (of 3) from port B of cell x1_y3_kimi.$auto$opt_dff.cc:195:make_patterns_logic$6521 ($ne).
Removed top 1 bits (of 4) from port B of cell x1_y3_kimi.$procmux$1002_CMP0 ($eq).
Removed top 1 bits (of 4) from port B of cell x1_y3_kimi.$procmux$1003_CMP0 ($eq).
Removed top 1 bits (of 4) from port B of cell x1_y3_kimi.$procmux$1004_CMP0 ($eq).
Removed top 1 bits (of 4) from port B of cell x1_y3_kimi.$procmux$1005_CMP0 ($eq).
Removed top 2 bits (of 4) from port B of cell x1_y3_kimi.$procmux$1006_CMP0 ($eq).
Removed top 2 bits (of 4) from port B of cell x1_y3_kimi.$procmux$1007_CMP0 ($eq).
Removed top 3 bits (of 4) from port B of cell x1_y3_kimi.$procmux$1008_CMP0 ($eq).
Removed top 1 bits (of 3) from port B of cell x1_y3_kimi.$auto$opt_dff.cc:195:make_patterns_logic$7009 ($ne).
Removed top 1 bits (of 3) from port B of cell x1_y3_kimi.$auto$opt_dff.cc:195:make_patterns_logic$6033 ($ne).
Removed top 1 bits (of 3) from port B of cell x1_y3_kimi.$auto$opt_dff.cc:195:make_patterns_logic$7741 ($ne).
Removed top 1 bits (of 3) from port B of cell x1_y3_kimi.$auto$opt_dff.cc:195:make_patterns_logic$7619 ($ne).
Removed top 1 bits (of 3) from port B of cell x1_y3_kimi.$auto$opt_dff.cc:195:make_patterns_logic$6887 ($ne).
Removed top 1 bits (of 3) from port B of cell x1_y3_kimi.$auto$opt_dff.cc:195:make_patterns_logic$7497 ($ne).
Removed top 1 bits (of 3) from port B of cell x1_y3_kimi.$auto$opt_dff.cc:195:make_patterns_logic$7375 ($ne).
Removed top 1 bits (of 3) from port B of cell x1_y3_kimi.$auto$opt_dff.cc:195:make_patterns_logic$7253 ($ne).
Removed top 1 bits (of 3) from port B of cell x1_y3_kimi.$auto$opt_dff.cc:195:make_patterns_logic$6155 ($ne).
Removed top 1 bits (of 3) from port B of cell x1_y3_kimi.$auto$opt_dff.cc:195:make_patterns_logic$7131 ($ne).
Removed top 1 bits (of 3) from port B of cell x1_y3_kimi.$auto$opt_dff.cc:195:make_patterns_logic$6765 ($ne).

3.10. Executing PEEPOPT pass (run peephole optimizers).

3.11. Executing OPT_CLEAN pass (remove unused cells and wires).
Finding unused cells or wires in module \x1_y3_kimi..

3.12. Executing ALUMACC pass (create $alu and $macc cells).
Extracting $alu and $macc cells in module x1_y3_kimi:
  creating $macc model for $add$experiments/x1/rtl/x1_y3_kimi.v:103$31 ($add).
  creating $macc model for $add$experiments/x1/rtl/x1_y3_kimi.v:106$32 ($add).
  creating $macc model for $add$experiments/x1/rtl/x1_y3_kimi.v:144$37 ($add).
  creating $macc model for $add$experiments/x1/rtl/x1_y3_kimi.v:147$38 ($add).
  creating $macc model for $add$experiments/x1/rtl/x1_y3_kimi.v:169$101 ($add).
  creating $macc model for $add$experiments/x1/rtl/x1_y3_kimi.v:169$103 ($add).
  creating $macc model for $add$experiments/x1/rtl/x1_y3_kimi.v:169$105 ($add).
  creating $macc model for $add$experiments/x1/rtl/x1_y3_kimi.v:169$107 ($add).
  creating $macc model for $add$experiments/x1/rtl/x1_y3_kimi.v:169$109 ($add).
  creating $macc model for $add$experiments/x1/rtl/x1_y3_kimi.v:169$111 ($add).
  creating $macc model for $add$experiments/x1/rtl/x1_y3_kimi.v:169$113 ($add).
  creating $macc model for $add$experiments/x1/rtl/x1_y3_kimi.v:169$115 ($add).
  creating $macc model for $add$experiments/x1/rtl/x1_y3_kimi.v:169$117 ($add).
  creating $macc model for $add$experiments/x1/rtl/x1_y3_kimi.v:169$119 ($add).
  creating $macc model for $add$experiments/x1/rtl/x1_y3_kimi.v:169$121 ($add).
  creating $macc model for $add$experiments/x1/rtl/x1_y3_kimi.v:169$123 ($add).
  creating $macc model for $add$experiments/x1/rtl/x1_y3_kimi.v:169$125 ($add).
  creating $macc model for $add$experiments/x1/rtl/x1_y3_kimi.v:169$127 ($add).
  creating $macc model for $add$experiments/x1/rtl/x1_y3_kimi.v:169$129 ($add).
  creating $macc model for $add$experiments/x1/rtl/x1_y3_kimi.v:169$131 ($add).
  creating $macc model for $add$experiments/x1/rtl/x1_y3_kimi.v:169$133 ($add).
  creating $macc model for $add$experiments/x1/rtl/x1_y3_kimi.v:169$135 ($add).
  creating $macc model for $add$experiments/x1/rtl/x1_y3_kimi.v:169$137 ($add).
  creating $macc model for $add$experiments/x1/rtl/x1_y3_kimi.v:169$139 ($add).
  creating $macc model for $add$experiments/x1/rtl/x1_y3_kimi.v:169$141 ($add).
  creating $macc model for $add$experiments/x1/rtl/x1_y3_kimi.v:169$143 ($add).
  creating $macc model for $add$experiments/x1/rtl/x1_y3_kimi.v:169$145 ($add).
  creating $macc model for $add$experiments/x1/rtl/x1_y3_kimi.v:169$147 ($add).
  creating $macc model for $add$experiments/x1/rtl/x1_y3_kimi.v:169$149 ($add).
  creating $macc model for $add$experiments/x1/rtl/x1_y3_kimi.v:169$151 ($add).
  creating $macc model for $add$experiments/x1/rtl/x1_y3_kimi.v:169$153 ($add).
  creating $macc model for $add$experiments/x1/rtl/x1_y3_kimi.v:169$155 ($add).
  creating $macc model for $add$experiments/x1/rtl/x1_y3_kimi.v:169$157 ($add).
  creating $macc model for $add$experiments/x1/rtl/x1_y3_kimi.v:169$159 ($add).
  creating $macc model for $add$experiments/x1/rtl/x1_y3_kimi.v:169$161 ($add).
  creating $macc model for $add$experiments/x1/rtl/x1_y3_kimi.v:169$163 ($add).
  creating $macc model for $add$experiments/x1/rtl/x1_y3_kimi.v:169$165 ($add).
  creating $macc model for $add$experiments/x1/rtl/x1_y3_kimi.v:169$167 ($add).
  creating $macc model for $add$experiments/x1/rtl/x1_y3_kimi.v:169$169 ($add).
  creating $macc model for $add$experiments/x1/rtl/x1_y3_kimi.v:169$171 ($add).
  creating $macc model for $add$experiments/x1/rtl/x1_y3_kimi.v:169$173 ($add).
  creating $macc model for $add$experiments/x1/rtl/x1_y3_kimi.v:169$175 ($add).
  creating $macc model for $add$experiments/x1/rtl/x1_y3_kimi.v:169$177 ($add).
  creating $macc model for $add$experiments/x1/rtl/x1_y3_kimi.v:169$179 ($add).
  creating $macc model for $add$experiments/x1/rtl/x1_y3_kimi.v:169$181 ($add).
  creating $macc model for $add$experiments/x1/rtl/x1_y3_kimi.v:169$183 ($add).
  creating $macc model for $add$experiments/x1/rtl/x1_y3_kimi.v:169$185 ($add).
  creating $macc model for $add$experiments/x1/rtl/x1_y3_kimi.v:169$187 ($add).
  creating $macc model for $add$experiments/x1/rtl/x1_y3_kimi.v:169$189 ($add).
  creating $macc model for $add$experiments/x1/rtl/x1_y3_kimi.v:169$191 ($add).
  creating $macc model for $add$experiments/x1/rtl/x1_y3_kimi.v:169$193 ($add).
  creating $macc model for $add$experiments/x1/rtl/x1_y3_kimi.v:169$195 ($add).
  creating $macc model for $add$experiments/x1/rtl/x1_y3_kimi.v:169$197 ($add).
  creating $macc model for $add$experiments/x1/rtl/x1_y3_kimi.v:169$199 ($add).
  creating $macc model for $add$experiments/x1/rtl/x1_y3_kimi.v:169$201 ($add).
  creating $macc model for $add$experiments/x1/rtl/x1_y3_kimi.v:169$203 ($add).
  creating $macc model for $add$experiments/x1/rtl/x1_y3_kimi.v:169$205 ($add).
  creating $macc model for $add$experiments/x1/rtl/x1_y3_kimi.v:169$207 ($add).
  creating $macc model for $add$experiments/x1/rtl/x1_y3_kimi.v:169$209 ($add).
  creating $macc model for $add$experiments/x1/rtl/x1_y3_kimi.v:169$211 ($add).
  creating $macc model for $add$experiments/x1/rtl/x1_y3_kimi.v:169$213 ($add).
  creating $macc model for $add$experiments/x1/rtl/x1_y3_kimi.v:169$215 ($add).
  creating $macc model for $add$experiments/x1/rtl/x1_y3_kimi.v:169$217 ($add).
  creating $macc model for $add$experiments/x1/rtl/x1_y3_kimi.v:169$219 ($add).
  creating $macc model for $add$experiments/x1/rtl/x1_y3_kimi.v:169$221 ($add).
  creating $macc model for $add$experiments/x1/rtl/x1_y3_kimi.v:169$223 ($add).
  creating $macc model for $add$experiments/x1/rtl/x1_y3_kimi.v:169$225 ($add).
  creating $macc model for $add$experiments/x1/rtl/x1_y3_kimi.v:169$227 ($add).
  creating $macc model for $add$experiments/x1/rtl/x1_y3_kimi.v:169$229 ($add).
  creating $macc model for $add$experiments/x1/rtl/x1_y3_kimi.v:169$231 ($add).
  creating $macc model for $add$experiments/x1/rtl/x1_y3_kimi.v:169$233 ($add).
  creating $macc model for $add$experiments/x1/rtl/x1_y3_kimi.v:169$235 ($add).
  creating $macc model for $add$experiments/x1/rtl/x1_y3_kimi.v:169$237 ($add).
  creating $macc model for $add$experiments/x1/rtl/x1_y3_kimi.v:169$239 ($add).
  creating $macc model for $add$experiments/x1/rtl/x1_y3_kimi.v:169$241 ($add).
  creating $macc model for $add$experiments/x1/rtl/x1_y3_kimi.v:169$243 ($add).
  creating $macc model for $add$experiments/x1/rtl/x1_y3_kimi.v:169$245 ($add).
  creating $macc model for $add$experiments/x1/rtl/x1_y3_kimi.v:169$247 ($add).
  creating $macc model for $add$experiments/x1/rtl/x1_y3_kimi.v:169$249 ($add).
  creating $macc model for $add$experiments/x1/rtl/x1_y3_kimi.v:169$251 ($add).
  creating $macc model for $add$experiments/x1/rtl/x1_y3_kimi.v:169$253 ($add).
  creating $macc model for $add$experiments/x1/rtl/x1_y3_kimi.v:169$255 ($add).
  creating $macc model for $add$experiments/x1/rtl/x1_y3_kimi.v:169$257 ($add).
  creating $macc model for $add$experiments/x1/rtl/x1_y3_kimi.v:169$259 ($add).
  creating $macc model for $add$experiments/x1/rtl/x1_y3_kimi.v:169$261 ($add).
  creating $macc model for $add$experiments/x1/rtl/x1_y3_kimi.v:169$263 ($add).
  creating $macc model for $add$experiments/x1/rtl/x1_y3_kimi.v:169$265 ($add).
  creating $macc model for $add$experiments/x1/rtl/x1_y3_kimi.v:169$267 ($add).
  creating $macc model for $add$experiments/x1/rtl/x1_y3_kimi.v:169$269 ($add).
  creating $macc model for $add$experiments/x1/rtl/x1_y3_kimi.v:169$271 ($add).
  creating $macc model for $add$experiments/x1/rtl/x1_y3_kimi.v:169$273 ($add).
  creating $macc model for $add$experiments/x1/rtl/x1_y3_kimi.v:169$275 ($add).
  creating $macc model for $add$experiments/x1/rtl/x1_y3_kimi.v:169$277 ($add).
  creating $macc model for $add$experiments/x1/rtl/x1_y3_kimi.v:169$279 ($add).
  creating $macc model for $add$experiments/x1/rtl/x1_y3_kimi.v:169$281 ($add).
  creating $macc model for $add$experiments/x1/rtl/x1_y3_kimi.v:169$283 ($add).
  creating $macc model for $add$experiments/x1/rtl/x1_y3_kimi.v:169$285 ($add).
  creating $macc model for $add$experiments/x1/rtl/x1_y3_kimi.v:169$287 ($add).
  creating $macc model for $add$experiments/x1/rtl/x1_y3_kimi.v:169$289 ($add).
  creating $macc model for $add$experiments/x1/rtl/x1_y3_kimi.v:169$291 ($add).
  creating $macc model for $add$experiments/x1/rtl/x1_y3_kimi.v:169$293 ($add).
  creating $macc model for $add$experiments/x1/rtl/x1_y3_kimi.v:169$295 ($add).
  creating $macc model for $add$experiments/x1/rtl/x1_y3_kimi.v:169$297 ($add).
  creating $macc model for $add$experiments/x1/rtl/x1_y3_kimi.v:169$299 ($add).
  creating $macc model for $add$experiments/x1/rtl/x1_y3_kimi.v:169$301 ($add).
  creating $macc model for $add$experiments/x1/rtl/x1_y3_kimi.v:169$303 ($add).
  creating $macc model for $add$experiments/x1/rtl/x1_y3_kimi.v:169$305 ($add).
  creating $macc model for $add$experiments/x1/rtl/x1_y3_kimi.v:169$307 ($add).
  creating $macc model for $add$experiments/x1/rtl/x1_y3_kimi.v:169$309 ($add).
  creating $macc model for $add$experiments/x1/rtl/x1_y3_kimi.v:169$311 ($add).
  creating $macc model for $add$experiments/x1/rtl/x1_y3_kimi.v:169$313 ($add).
  creating $macc model for $add$experiments/x1/rtl/x1_y3_kimi.v:169$315 ($add).
  creating $macc model for $add$experiments/x1/rtl/x1_y3_kimi.v:169$317 ($add).
  creating $macc model for $add$experiments/x1/rtl/x1_y3_kimi.v:169$319 ($add).
  creating $macc model for $add$experiments/x1/rtl/x1_y3_kimi.v:169$321 ($add).
  creating $macc model for $add$experiments/x1/rtl/x1_y3_kimi.v:169$323 ($add).
  creating $macc model for $add$experiments/x1/rtl/x1_y3_kimi.v:169$325 ($add).
  creating $macc model for $add$experiments/x1/rtl/x1_y3_kimi.v:169$327 ($add).
  creating $macc model for $add$experiments/x1/rtl/x1_y3_kimi.v:169$329 ($add).
  creating $macc model for $add$experiments/x1/rtl/x1_y3_kimi.v:169$331 ($add).
  creating $macc model for $add$experiments/x1/rtl/x1_y3_kimi.v:169$333 ($add).
  creating $macc model for $add$experiments/x1/rtl/x1_y3_kimi.v:169$335 ($add).
  creating $macc model for $add$experiments/x1/rtl/x1_y3_kimi.v:169$337 ($add).
  creating $macc model for $add$experiments/x1/rtl/x1_y3_kimi.v:169$339 ($add).
  creating $macc model for $add$experiments/x1/rtl/x1_y3_kimi.v:169$341 ($add).
  creating $macc model for $add$experiments/x1/rtl/x1_y3_kimi.v:169$343 ($add).
  creating $macc model for $add$experiments/x1/rtl/x1_y3_kimi.v:169$345 ($add).
  creating $macc model for $add$experiments/x1/rtl/x1_y3_kimi.v:169$347 ($add).
  creating $macc model for $add$experiments/x1/rtl/x1_y3_kimi.v:169$349 ($add).
  creating $macc model for $add$experiments/x1/rtl/x1_y3_kimi.v:169$351 ($add).
  creating $macc model for $add$experiments/x1/rtl/x1_y3_kimi.v:169$353 ($add).
  creating $macc model for $add$experiments/x1/rtl/x1_y3_kimi.v:169$355 ($add).
  creating $macc model for $add$experiments/x1/rtl/x1_y3_kimi.v:169$357 ($add).
  creating $macc model for $add$experiments/x1/rtl/x1_y3_kimi.v:169$359 ($add).
  creating $macc model for $add$experiments/x1/rtl/x1_y3_kimi.v:169$361 ($add).
  creating $macc model for $add$experiments/x1/rtl/x1_y3_kimi.v:169$363 ($add).
  creating $macc model for $add$experiments/x1/rtl/x1_y3_kimi.v:169$365 ($add).
  creating $macc model for $add$experiments/x1/rtl/x1_y3_kimi.v:169$367 ($add).
  creating $macc model for $add$experiments/x1/rtl/x1_y3_kimi.v:169$369 ($add).
  creating $macc model for $add$experiments/x1/rtl/x1_y3_kimi.v:169$371 ($add).
  creating $macc model for $add$experiments/x1/rtl/x1_y3_kimi.v:169$373 ($add).
  creating $macc model for $add$experiments/x1/rtl/x1_y3_kimi.v:169$375 ($add).
  creating $macc model for $add$experiments/x1/rtl/x1_y3_kimi.v:169$377 ($add).
  creating $macc model for $add$experiments/x1/rtl/x1_y3_kimi.v:169$379 ($add).
  creating $macc model for $add$experiments/x1/rtl/x1_y3_kimi.v:169$381 ($add).
  creating $macc model for $add$experiments/x1/rtl/x1_y3_kimi.v:169$383 ($add).
  creating $macc model for $add$experiments/x1/rtl/x1_y3_kimi.v:169$385 ($add).
  creating $macc model for $add$experiments/x1/rtl/x1_y3_kimi.v:169$387 ($add).
  creating $macc model for $add$experiments/x1/rtl/x1_y3_kimi.v:169$389 ($add).
  creating $macc model for $add$experiments/x1/rtl/x1_y3_kimi.v:169$391 ($add).
  creating $macc model for $add$experiments/x1/rtl/x1_y3_kimi.v:169$393 ($add).
  creating $macc model for $add$experiments/x1/rtl/x1_y3_kimi.v:169$395 ($add).
  creating $macc model for $add$experiments/x1/rtl/x1_y3_kimi.v:169$397 ($add).
  creating $macc model for $add$experiments/x1/rtl/x1_y3_kimi.v:169$399 ($add).
  creating $macc model for $add$experiments/x1/rtl/x1_y3_kimi.v:169$401 ($add).
  creating $macc model for $add$experiments/x1/rtl/x1_y3_kimi.v:169$403 ($add).
  creating $macc model for $add$experiments/x1/rtl/x1_y3_kimi.v:169$405 ($add).
  creating $macc model for $add$experiments/x1/rtl/x1_y3_kimi.v:169$407 ($add).
  creating $macc model for $add$experiments/x1/rtl/x1_y3_kimi.v:169$409 ($add).
  creating $macc model for $add$experiments/x1/rtl/x1_y3_kimi.v:169$411 ($add).
  creating $macc model for $add$experiments/x1/rtl/x1_y3_kimi.v:169$413 ($add).
  creating $macc model for $add$experiments/x1/rtl/x1_y3_kimi.v:169$415 ($add).
  creating $macc model for $add$experiments/x1/rtl/x1_y3_kimi.v:169$417 ($add).
  creating $macc model for $add$experiments/x1/rtl/x1_y3_kimi.v:169$419 ($add).
  creating $macc model for $add$experiments/x1/rtl/x1_y3_kimi.v:169$421 ($add).
  creating $macc model for $add$experiments/x1/rtl/x1_y3_kimi.v:169$423 ($add).
  creating $macc model for $add$experiments/x1/rtl/x1_y3_kimi.v:169$425 ($add).
  creating $macc model for $add$experiments/x1/rtl/x1_y3_kimi.v:169$427 ($add).
  creating $macc model for $add$experiments/x1/rtl/x1_y3_kimi.v:169$429 ($add).
  creating $macc model for $add$experiments/x1/rtl/x1_y3_kimi.v:169$431 ($add).
  creating $macc model for $add$experiments/x1/rtl/x1_y3_kimi.v:169$433 ($add).
  creating $macc model for $add$experiments/x1/rtl/x1_y3_kimi.v:169$435 ($add).
  creating $macc model for $add$experiments/x1/rtl/x1_y3_kimi.v:169$437 ($add).
  creating $macc model for $add$experiments/x1/rtl/x1_y3_kimi.v:169$439 ($add).
  creating $macc model for $add$experiments/x1/rtl/x1_y3_kimi.v:169$441 ($add).
  creating $macc model for $add$experiments/x1/rtl/x1_y3_kimi.v:169$443 ($add).
  creating $macc model for $add$experiments/x1/rtl/x1_y3_kimi.v:169$445 ($add).
  creating $macc model for $add$experiments/x1/rtl/x1_y3_kimi.v:169$447 ($add).
  creating $macc model for $add$experiments/x1/rtl/x1_y3_kimi.v:169$449 ($add).
  creating $macc model for $add$experiments/x1/rtl/x1_y3_kimi.v:169$45 ($add).
  creating $macc model for $add$experiments/x1/rtl/x1_y3_kimi.v:169$451 ($add).
  creating $macc model for $add$experiments/x1/rtl/x1_y3_kimi.v:169$453 ($add).
  creating $macc model for $add$experiments/x1/rtl/x1_y3_kimi.v:169$455 ($add).
  creating $macc model for $add$experiments/x1/rtl/x1_y3_kimi.v:169$457 ($add).
  creating $macc model for $add$experiments/x1/rtl/x1_y3_kimi.v:169$459 ($add).
  creating $macc model for $add$experiments/x1/rtl/x1_y3_kimi.v:169$461 ($add).
  creating $macc model for $add$experiments/x1/rtl/x1_y3_kimi.v:169$463 ($add).
  creating $macc model for $add$experiments/x1/rtl/x1_y3_kimi.v:169$465 ($add).
  creating $macc model for $add$experiments/x1/rtl/x1_y3_kimi.v:169$467 ($add).
  creating $macc model for $add$experiments/x1/rtl/x1_y3_kimi.v:169$469 ($add).
  creating $macc model for $add$experiments/x1/rtl/x1_y3_kimi.v:169$47 ($add).
  creating $macc model for $add$experiments/x1/rtl/x1_y3_kimi.v:169$471 ($add).
  creating $macc model for $add$experiments/x1/rtl/x1_y3_kimi.v:169$473 ($add).
  creating $macc model for $add$experiments/x1/rtl/x1_y3_kimi.v:169$475 ($add).
  creating $macc model for $add$experiments/x1/rtl/x1_y3_kimi.v:169$477 ($add).
  creating $macc model for $add$experiments/x1/rtl/x1_y3_kimi.v:169$479 ($add).
  creating $macc model for $add$experiments/x1/rtl/x1_y3_kimi.v:169$481 ($add).
  creating $macc model for $add$experiments/x1/rtl/x1_y3_kimi.v:169$483 ($add).
  creating $macc model for $add$experiments/x1/rtl/x1_y3_kimi.v:169$485 ($add).
  creating $macc model for $add$experiments/x1/rtl/x1_y3_kimi.v:169$487 ($add).
  creating $macc model for $add$experiments/x1/rtl/x1_y3_kimi.v:169$489 ($add).
  creating $macc model for $add$experiments/x1/rtl/x1_y3_kimi.v:169$49 ($add).
  creating $macc model for $add$experiments/x1/rtl/x1_y3_kimi.v:169$491 ($add).
  creating $macc model for $add$experiments/x1/rtl/x1_y3_kimi.v:169$493 ($add).
  creating $macc model for $add$experiments/x1/rtl/x1_y3_kimi.v:169$495 ($add).
  creating $macc model for $add$experiments/x1/rtl/x1_y3_kimi.v:169$497 ($add).
  creating $macc model for $add$experiments/x1/rtl/x1_y3_kimi.v:169$499 ($add).
  creating $macc model for $add$experiments/x1/rtl/x1_y3_kimi.v:169$501 ($add).
  creating $macc model for $add$experiments/x1/rtl/x1_y3_kimi.v:169$503 ($add).
  creating $macc model for $add$experiments/x1/rtl/x1_y3_kimi.v:169$505 ($add).
  creating $macc model for $add$experiments/x1/rtl/x1_y3_kimi.v:169$507 ($add).
  creating $macc model for $add$experiments/x1/rtl/x1_y3_kimi.v:169$509 ($add).
  creating $macc model for $add$experiments/x1/rtl/x1_y3_kimi.v:169$51 ($add).
  creating $macc model for $add$experiments/x1/rtl/x1_y3_kimi.v:169$511 ($add).
  creating $macc model for $add$experiments/x1/rtl/x1_y3_kimi.v:169$513 ($add).
  creating $macc model for $add$experiments/x1/rtl/x1_y3_kimi.v:169$515 ($add).
  creating $macc model for $add$experiments/x1/rtl/x1_y3_kimi.v:169$517 ($add).
  creating $macc model for $add$experiments/x1/rtl/x1_y3_kimi.v:169$519 ($add).
  creating $macc model for $add$experiments/x1/rtl/x1_y3_kimi.v:169$521 ($add).
  creating $macc model for $add$experiments/x1/rtl/x1_y3_kimi.v:169$523 ($add).
  creating $macc model for $add$experiments/x1/rtl/x1_y3_kimi.v:169$525 ($add).
  creating $macc model for $add$experiments/x1/rtl/x1_y3_kimi.v:169$527 ($add).
  creating $macc model for $add$experiments/x1/rtl/x1_y3_kimi.v:169$529 ($add).
  creating $macc model for $add$experiments/x1/rtl/x1_y3_kimi.v:169$53 ($add).
  creating $macc model for $add$experiments/x1/rtl/x1_y3_kimi.v:169$531 ($add).
  creating $macc model for $add$experiments/x1/rtl/x1_y3_kimi.v:169$533 ($add).
  creating $macc model for $add$experiments/x1/rtl/x1_y3_kimi.v:169$535 ($add).
  creating $macc model for $add$experiments/x1/rtl/x1_y3_kimi.v:169$537 ($add).
  creating $macc model for $add$experiments/x1/rtl/x1_y3_kimi.v:169$539 ($add).
  creating $macc model for $add$experiments/x1/rtl/x1_y3_kimi.v:169$541 ($add).
  creating $macc model for $add$experiments/x1/rtl/x1_y3_kimi.v:169$543 ($add).
  creating $macc model for $add$experiments/x1/rtl/x1_y3_kimi.v:169$545 ($add).
  creating $macc model for $add$experiments/x1/rtl/x1_y3_kimi.v:169$547 ($add).
  creating $macc model for $add$experiments/x1/rtl/x1_y3_kimi.v:169$549 ($add).
  creating $macc model for $add$experiments/x1/rtl/x1_y3_kimi.v:169$55 ($add).
  creating $macc model for $add$experiments/x1/rtl/x1_y3_kimi.v:169$551 ($add).
  creating $macc model for $add$experiments/x1/rtl/x1_y3_kimi.v:169$553 ($add).
  creating $macc model for $add$experiments/x1/rtl/x1_y3_kimi.v:169$555 ($add).
  creating $macc model for $add$experiments/x1/rtl/x1_y3_kimi.v:169$57 ($add).
  creating $macc model for $add$experiments/x1/rtl/x1_y3_kimi.v:169$59 ($add).
  creating $macc model for $add$experiments/x1/rtl/x1_y3_kimi.v:169$61 ($add).
  creating $macc model for $add$experiments/x1/rtl/x1_y3_kimi.v:169$63 ($add).
  creating $macc model for $add$experiments/x1/rtl/x1_y3_kimi.v:169$65 ($add).
  creating $macc model for $add$experiments/x1/rtl/x1_y3_kimi.v:169$67 ($add).
  creating $macc model for $add$experiments/x1/rtl/x1_y3_kimi.v:169$69 ($add).
  creating $macc model for $add$experiments/x1/rtl/x1_y3_kimi.v:169$71 ($add).
  creating $macc model for $add$experiments/x1/rtl/x1_y3_kimi.v:169$73 ($add).
  creating $macc model for $add$experiments/x1/rtl/x1_y3_kimi.v:169$75 ($add).
  creating $macc model for $add$experiments/x1/rtl/x1_y3_kimi.v:169$77 ($add).
  creating $macc model for $add$experiments/x1/rtl/x1_y3_kimi.v:169$79 ($add).
  creating $macc model for $add$experiments/x1/rtl/x1_y3_kimi.v:169$81 ($add).
  creating $macc model for $add$experiments/x1/rtl/x1_y3_kimi.v:169$83 ($add).
  creating $macc model for $add$experiments/x1/rtl/x1_y3_kimi.v:169$85 ($add).
  creating $macc model for $add$experiments/x1/rtl/x1_y3_kimi.v:169$87 ($add).
  creating $macc model for $add$experiments/x1/rtl/x1_y3_kimi.v:169$89 ($add).
  creating $macc model for $add$experiments/x1/rtl/x1_y3_kimi.v:169$91 ($add).
  creating $macc model for $add$experiments/x1/rtl/x1_y3_kimi.v:169$93 ($add).
  creating $macc model for $add$experiments/x1/rtl/x1_y3_kimi.v:169$95 ($add).
  creating $macc model for $add$experiments/x1/rtl/x1_y3_kimi.v:169$97 ($add).
  creating $macc model for $add$experiments/x1/rtl/x1_y3_kimi.v:169$99 ($add).
  creating $macc model for $mul$experiments/x1/rtl/x1_y3_kimi.v:168$100 ($mul).
  creating $macc model for $mul$experiments/x1/rtl/x1_y3_kimi.v:168$102 ($mul).
  creating $macc model for $mul$experiments/x1/rtl/x1_y3_kimi.v:168$104 ($mul).
  creating $macc model for $mul$experiments/x1/rtl/x1_y3_kimi.v:168$106 ($mul).
  creating $macc model for $mul$experiments/x1/rtl/x1_y3_kimi.v:168$108 ($mul).
  creating $macc model for $mul$experiments/x1/rtl/x1_y3_kimi.v:168$110 ($mul).
  creating $macc model for $mul$experiments/x1/rtl/x1_y3_kimi.v:168$112 ($mul).
  creating $macc model for $mul$experiments/x1/rtl/x1_y3_kimi.v:168$114 ($mul).
  creating $macc model for $mul$experiments/x1/rtl/x1_y3_kimi.v:168$116 ($mul).
  creating $macc model for $mul$experiments/x1/rtl/x1_y3_kimi.v:168$118 ($mul).
  creating $macc model for $mul$experiments/x1/rtl/x1_y3_kimi.v:168$120 ($mul).
  creating $macc model for $mul$experiments/x1/rtl/x1_y3_kimi.v:168$122 ($mul).
  creating $macc model for $mul$experiments/x1/rtl/x1_y3_kimi.v:168$124 ($mul).
  creating $macc model for $mul$experiments/x1/rtl/x1_y3_kimi.v:168$126 ($mul).
  creating $macc model for $mul$experiments/x1/rtl/x1_y3_kimi.v:168$128 ($mul).
  creating $macc model for $mul$experiments/x1/rtl/x1_y3_kimi.v:168$130 ($mul).
  creating $macc model for $mul$experiments/x1/rtl/x1_y3_kimi.v:168$132 ($mul).
  creating $macc model for $mul$experiments/x1/rtl/x1_y3_kimi.v:168$134 ($mul).
  creating $macc model for $mul$experiments/x1/rtl/x1_y3_kimi.v:168$136 ($mul).
  creating $macc model for $mul$experiments/x1/rtl/x1_y3_kimi.v:168$138 ($mul).
  creating $macc model for $mul$experiments/x1/rtl/x1_y3_kimi.v:168$140 ($mul).
  creating $macc model for $mul$experiments/x1/rtl/x1_y3_kimi.v:168$142 ($mul).
  creating $macc model for $mul$experiments/x1/rtl/x1_y3_kimi.v:168$144 ($mul).
  creating $macc model for $mul$experiments/x1/rtl/x1_y3_kimi.v:168$146 ($mul).
  creating $macc model for $mul$experiments/x1/rtl/x1_y3_kimi.v:168$148 ($mul).
  creating $macc model for $mul$experiments/x1/rtl/x1_y3_kimi.v:168$150 ($mul).
  creating $macc model for $mul$experiments/x1/rtl/x1_y3_kimi.v:168$152 ($mul).
  creating $macc model for $mul$experiments/x1/rtl/x1_y3_kimi.v:168$154 ($mul).
  creating $macc model for $mul$experiments/x1/rtl/x1_y3_kimi.v:168$156 ($mul).
  creating $macc model for $mul$experiments/x1/rtl/x1_y3_kimi.v:168$158 ($mul).
  creating $macc model for $mul$experiments/x1/rtl/x1_y3_kimi.v:168$160 ($mul).
  creating $macc model for $mul$experiments/x1/rtl/x1_y3_kimi.v:168$162 ($mul).
  creating $macc model for $mul$experiments/x1/rtl/x1_y3_kimi.v:168$164 ($mul).
  creating $macc model for $mul$experiments/x1/rtl/x1_y3_kimi.v:168$166 ($mul).
  creating $macc model for $mul$experiments/x1/rtl/x1_y3_kimi.v:168$168 ($mul).
  creating $macc model for $mul$experiments/x1/rtl/x1_y3_kimi.v:168$170 ($mul).
  creating $macc model for $mul$experiments/x1/rtl/x1_y3_kimi.v:168$172 ($mul).
  creating $macc model for $mul$experiments/x1/rtl/x1_y3_kimi.v:168$174 ($mul).
  creating $macc model for $mul$experiments/x1/rtl/x1_y3_kimi.v:168$176 ($mul).
  creating $macc model for $mul$experiments/x1/rtl/x1_y3_kimi.v:168$178 ($mul).
  creating $macc model for $mul$experiments/x1/rtl/x1_y3_kimi.v:168$180 ($mul).
  creating $macc model for $mul$experiments/x1/rtl/x1_y3_kimi.v:168$182 ($mul).
  creating $macc model for $mul$experiments/x1/rtl/x1_y3_kimi.v:168$184 ($mul).
  creating $macc model for $mul$experiments/x1/rtl/x1_y3_kimi.v:168$186 ($mul).
  creating $macc model for $mul$experiments/x1/rtl/x1_y3_kimi.v:168$188 ($mul).
  creating $macc model for $mul$experiments/x1/rtl/x1_y3_kimi.v:168$190 ($mul).
  creating $macc model for $mul$experiments/x1/rtl/x1_y3_kimi.v:168$192 ($mul).
  creating $macc model for $mul$experiments/x1/rtl/x1_y3_kimi.v:168$194 ($mul).
  creating $macc model for $mul$experiments/x1/rtl/x1_y3_kimi.v:168$196 ($mul).
  creating $macc model for $mul$experiments/x1/rtl/x1_y3_kimi.v:168$198 ($mul).
  creating $macc model for $mul$experiments/x1/rtl/x1_y3_kimi.v:168$200 ($mul).
  creating $macc model for $mul$experiments/x1/rtl/x1_y3_kimi.v:168$202 ($mul).
  creating $macc model for $mul$experiments/x1/rtl/x1_y3_kimi.v:168$204 ($mul).
  creating $macc model for $mul$experiments/x1/rtl/x1_y3_kimi.v:168$206 ($mul).
  creating $macc model for $mul$experiments/x1/rtl/x1_y3_kimi.v:168$208 ($mul).
  creating $macc model for $mul$experiments/x1/rtl/x1_y3_kimi.v:168$210 ($mul).
  creating $macc model for $mul$experiments/x1/rtl/x1_y3_kimi.v:168$212 ($mul).
  creating $macc model for $mul$experiments/x1/rtl/x1_y3_kimi.v:168$214 ($mul).
  creating $macc model for $mul$experiments/x1/rtl/x1_y3_kimi.v:168$216 ($mul).
  creating $macc model for $mul$experiments/x1/rtl/x1_y3_kimi.v:168$218 ($mul).
  creating $macc model for $mul$experiments/x1/rtl/x1_y3_kimi.v:168$220 ($mul).
  creating $macc model for $mul$experiments/x1/rtl/x1_y3_kimi.v:168$222 ($mul).
  creating $macc model for $mul$experiments/x1/rtl/x1_y3_kimi.v:168$224 ($mul).
  creating $macc model for $mul$experiments/x1/rtl/x1_y3_kimi.v:168$226 ($mul).
  creating $macc model for $mul$experiments/x1/rtl/x1_y3_kimi.v:168$228 ($mul).
  creating $macc model for $mul$experiments/x1/rtl/x1_y3_kimi.v:168$230 ($mul).
  creating $macc model for $mul$experiments/x1/rtl/x1_y3_kimi.v:168$232 ($mul).
  creating $macc model for $mul$experiments/x1/rtl/x1_y3_kimi.v:168$234 ($mul).
  creating $macc model for $mul$experiments/x1/rtl/x1_y3_kimi.v:168$236 ($mul).
  creating $macc model for $mul$experiments/x1/rtl/x1_y3_kimi.v:168$238 ($mul).
  creating $macc model for $mul$experiments/x1/rtl/x1_y3_kimi.v:168$240 ($mul).
  creating $macc model for $mul$experiments/x1/rtl/x1_y3_kimi.v:168$242 ($mul).
  creating $macc model for $mul$experiments/x1/rtl/x1_y3_kimi.v:168$244 ($mul).
  creating $macc model for $mul$experiments/x1/rtl/x1_y3_kimi.v:168$246 ($mul).
  creating $macc model for $mul$experiments/x1/rtl/x1_y3_kimi.v:168$248 ($mul).
  creating $macc model for $mul$experiments/x1/rtl/x1_y3_kimi.v:168$250 ($mul).
  creating $macc model for $mul$experiments/x1/rtl/x1_y3_kimi.v:168$252 ($mul).
  creating $macc model for $mul$experiments/x1/rtl/x1_y3_kimi.v:168$254 ($mul).
  creating $macc model for $mul$experiments/x1/rtl/x1_y3_kimi.v:168$256 ($mul).
  creating $macc model for $mul$experiments/x1/rtl/x1_y3_kimi.v:168$258 ($mul).
  creating $macc model for $mul$experiments/x1/rtl/x1_y3_kimi.v:168$260 ($mul).
  creating $macc model for $mul$experiments/x1/rtl/x1_y3_kimi.v:168$262 ($mul).
  creating $macc model for $mul$experiments/x1/rtl/x1_y3_kimi.v:168$264 ($mul).
  creating $macc model for $mul$experiments/x1/rtl/x1_y3_kimi.v:168$266 ($mul).
  creating $macc model for $mul$experiments/x1/rtl/x1_y3_kimi.v:168$268 ($mul).
  creating $macc model for $mul$experiments/x1/rtl/x1_y3_kimi.v:168$270 ($mul).
  creating $macc model for $mul$experiments/x1/rtl/x1_y3_kimi.v:168$272 ($mul).
  creating $macc model for $mul$experiments/x1/rtl/x1_y3_kimi.v:168$274 ($mul).
  creating $macc model for $mul$experiments/x1/rtl/x1_y3_kimi.v:168$276 ($mul).
  creating $macc model for $mul$experiments/x1/rtl/x1_y3_kimi.v:168$278 ($mul).
  creating $macc model for $mul$experiments/x1/rtl/x1_y3_kimi.v:168$280 ($mul).
  creating $macc model for $mul$experiments/x1/rtl/x1_y3_kimi.v:168$282 ($mul).
  creating $macc model for $mul$experiments/x1/rtl/x1_y3_kimi.v:168$284 ($mul).
  creating $macc model for $mul$experiments/x1/rtl/x1_y3_kimi.v:168$286 ($mul).
  creating $macc model for $mul$experiments/x1/rtl/x1_y3_kimi.v:168$288 ($mul).
  creating $macc model for $mul$experiments/x1/rtl/x1_y3_kimi.v:168$290 ($mul).
  creating $macc model for $mul$experiments/x1/rtl/x1_y3_kimi.v:168$292 ($mul).
  creating $macc model for $mul$experiments/x1/rtl/x1_y3_kimi.v:168$294 ($mul).
  creating $macc model for $mul$experiments/x1/rtl/x1_y3_kimi.v:168$296 ($mul).
  creating $macc model for $mul$experiments/x1/rtl/x1_y3_kimi.v:168$298 ($mul).
  creating $macc model for $mul$experiments/x1/rtl/x1_y3_kimi.v:168$300 ($mul).
  creating $macc model for $mul$experiments/x1/rtl/x1_y3_kimi.v:168$302 ($mul).
  creating $macc model for $mul$experiments/x1/rtl/x1_y3_kimi.v:168$304 ($mul).
  creating $macc model for $mul$experiments/x1/rtl/x1_y3_kimi.v:168$306 ($mul).
  creating $macc model for $mul$experiments/x1/rtl/x1_y3_kimi.v:168$308 ($mul).
  creating $macc model for $mul$experiments/x1/rtl/x1_y3_kimi.v:168$310 ($mul).
  creating $macc model for $mul$experiments/x1/rtl/x1_y3_kimi.v:168$312 ($mul).
  creating $macc model for $mul$experiments/x1/rtl/x1_y3_kimi.v:168$314 ($mul).
  creating $macc model for $mul$experiments/x1/rtl/x1_y3_kimi.v:168$316 ($mul).
  creating $macc model for $mul$experiments/x1/rtl/x1_y3_kimi.v:168$318 ($mul).
  creating $macc model for $mul$experiments/x1/rtl/x1_y3_kimi.v:168$320 ($mul).
  creating $macc model for $mul$experiments/x1/rtl/x1_y3_kimi.v:168$322 ($mul).
  creating $macc model for $mul$experiments/x1/rtl/x1_y3_kimi.v:168$324 ($mul).
  creating $macc model for $mul$experiments/x1/rtl/x1_y3_kimi.v:168$326 ($mul).
  creating $macc model for $mul$experiments/x1/rtl/x1_y3_kimi.v:168$328 ($mul).
  creating $macc model for $mul$experiments/x1/rtl/x1_y3_kimi.v:168$330 ($mul).
  creating $macc model for $mul$experiments/x1/rtl/x1_y3_kimi.v:168$332 ($mul).
  creating $macc model for $mul$experiments/x1/rtl/x1_y3_kimi.v:168$334 ($mul).
  creating $macc model for $mul$experiments/x1/rtl/x1_y3_kimi.v:168$336 ($mul).
  creating $macc model for $mul$experiments/x1/rtl/x1_y3_kimi.v:168$338 ($mul).
  creating $macc model for $mul$experiments/x1/rtl/x1_y3_kimi.v:168$340 ($mul).
  creating $macc model for $mul$experiments/x1/rtl/x1_y3_kimi.v:168$342 ($mul).
  creating $macc model for $mul$experiments/x1/rtl/x1_y3_kimi.v:168$344 ($mul).
  creating $macc model for $mul$experiments/x1/rtl/x1_y3_kimi.v:168$346 ($mul).
  creating $macc model for $mul$experiments/x1/rtl/x1_y3_kimi.v:168$348 ($mul).
  creating $macc model for $mul$experiments/x1/rtl/x1_y3_kimi.v:168$350 ($mul).
  creating $macc model for $mul$experiments/x1/rtl/x1_y3_kimi.v:168$352 ($mul).
  creating $macc model for $mul$experiments/x1/rtl/x1_y3_kimi.v:168$354 ($mul).
  creating $macc model for $mul$experiments/x1/rtl/x1_y3_kimi.v:168$356 ($mul).
  creating $macc model for $mul$experiments/x1/rtl/x1_y3_kimi.v:168$358 ($mul).
  creating $macc model for $mul$experiments/x1/rtl/x1_y3_kimi.v:168$360 ($mul).
  creating $macc model for $mul$experiments/x1/rtl/x1_y3_kimi.v:168$362 ($mul).
  creating $macc model for $mul$experiments/x1/rtl/x1_y3_kimi.v:168$364 ($mul).
  creating $macc model for $mul$experiments/x1/rtl/x1_y3_kimi.v:168$366 ($mul).
  creating $macc model for $mul$experiments/x1/rtl/x1_y3_kimi.v:168$368 ($mul).
  creating $macc model for $mul$experiments/x1/rtl/x1_y3_kimi.v:168$370 ($mul).
  creating $macc model for $mul$experiments/x1/rtl/x1_y3_kimi.v:168$372 ($mul).
  creating $macc model for $mul$experiments/x1/rtl/x1_y3_kimi.v:168$374 ($mul).
  creating $macc model for $mul$experiments/x1/rtl/x1_y3_kimi.v:168$376 ($mul).
  creating $macc model for $mul$experiments/x1/rtl/x1_y3_kimi.v:168$378 ($mul).
  creating $macc model for $mul$experiments/x1/rtl/x1_y3_kimi.v:168$380 ($mul).
  creating $macc model for $mul$experiments/x1/rtl/x1_y3_kimi.v:168$382 ($mul).
  creating $macc model for $mul$experiments/x1/rtl/x1_y3_kimi.v:168$384 ($mul).
  creating $macc model for $mul$experiments/x1/rtl/x1_y3_kimi.v:168$386 ($mul).
  creating $macc model for $mul$experiments/x1/rtl/x1_y3_kimi.v:168$388 ($mul).
  creating $macc model for $mul$experiments/x1/rtl/x1_y3_kimi.v:168$390 ($mul).
  creating $macc model for $mul$experiments/x1/rtl/x1_y3_kimi.v:168$392 ($mul).
  creating $macc model for $mul$experiments/x1/rtl/x1_y3_kimi.v:168$394 ($mul).
  creating $macc model for $mul$experiments/x1/rtl/x1_y3_kimi.v:168$396 ($mul).
  creating $macc model for $mul$experiments/x1/rtl/x1_y3_kimi.v:168$398 ($mul).
  creating $macc model for $mul$experiments/x1/rtl/x1_y3_kimi.v:168$400 ($mul).
  creating $macc model for $mul$experiments/x1/rtl/x1_y3_kimi.v:168$402 ($mul).
  creating $macc model for $mul$experiments/x1/rtl/x1_y3_kimi.v:168$404 ($mul).
  creating $macc model for $mul$experiments/x1/rtl/x1_y3_kimi.v:168$406 ($mul).
  creating $macc model for $mul$experiments/x1/rtl/x1_y3_kimi.v:168$408 ($mul).
  creating $macc model for $mul$experiments/x1/rtl/x1_y3_kimi.v:168$410 ($mul).
  creating $macc model for $mul$experiments/x1/rtl/x1_y3_kimi.v:168$412 ($mul).
  creating $macc model for $mul$experiments/x1/rtl/x1_y3_kimi.v:168$414 ($mul).
  creating $macc model for $mul$experiments/x1/rtl/x1_y3_kimi.v:168$416 ($mul).
  creating $macc model for $mul$experiments/x1/rtl/x1_y3_kimi.v:168$418 ($mul).
  creating $macc model for $mul$experiments/x1/rtl/x1_y3_kimi.v:168$420 ($mul).
  creating $macc model for $mul$experiments/x1/rtl/x1_y3_kimi.v:168$422 ($mul).
  creating $macc model for $mul$experiments/x1/rtl/x1_y3_kimi.v:168$424 ($mul).
  creating $macc model for $mul$experiments/x1/rtl/x1_y3_kimi.v:168$426 ($mul).
  creating $macc model for $mul$experiments/x1/rtl/x1_y3_kimi.v:168$428 ($mul).
  creating $macc model for $mul$experiments/x1/rtl/x1_y3_kimi.v:168$430 ($mul).
  creating $macc model for $mul$experiments/x1/rtl/x1_y3_kimi.v:168$432 ($mul).
  creating $macc model for $mul$experiments/x1/rtl/x1_y3_kimi.v:168$434 ($mul).
  creating $macc model for $mul$experiments/x1/rtl/x1_y3_kimi.v:168$436 ($mul).
  creating $macc model for $mul$experiments/x1/rtl/x1_y3_kimi.v:168$438 ($mul).
  creating $macc model for $mul$experiments/x1/rtl/x1_y3_kimi.v:168$44 ($mul).
  creating $macc model for $mul$experiments/x1/rtl/x1_y3_kimi.v:168$440 ($mul).
  creating $macc model for $mul$experiments/x1/rtl/x1_y3_kimi.v:168$442 ($mul).
  creating $macc model for $mul$experiments/x1/rtl/x1_y3_kimi.v:168$444 ($mul).
  creating $macc model for $mul$experiments/x1/rtl/x1_y3_kimi.v:168$446 ($mul).
  creating $macc model for $mul$experiments/x1/rtl/x1_y3_kimi.v:168$448 ($mul).
  creating $macc model for $mul$experiments/x1/rtl/x1_y3_kimi.v:168$450 ($mul).
  creating $macc model for $mul$experiments/x1/rtl/x1_y3_kimi.v:168$452 ($mul).
  creating $macc model for $mul$experiments/x1/rtl/x1_y3_kimi.v:168$454 ($mul).
  creating $macc model for $mul$experiments/x1/rtl/x1_y3_kimi.v:168$456 ($mul).
  creating $macc model for $mul$experiments/x1/rtl/x1_y3_kimi.v:168$458 ($mul).
  creating $macc model for $mul$experiments/x1/rtl/x1_y3_kimi.v:168$46 ($mul).
  creating $macc model for $mul$experiments/x1/rtl/x1_y3_kimi.v:168$460 ($mul).
  creating $macc model for $mul$experiments/x1/rtl/x1_y3_kimi.v:168$462 ($mul).
  creating $macc model for $mul$experiments/x1/rtl/x1_y3_kimi.v:168$464 ($mul).
  creating $macc model for $mul$experiments/x1/rtl/x1_y3_kimi.v:168$466 ($mul).
  creating $macc model for $mul$experiments/x1/rtl/x1_y3_kimi.v:168$468 ($mul).
  creating $macc model for $mul$experiments/x1/rtl/x1_y3_kimi.v:168$470 ($mul).
  creating $macc model for $mul$experiments/x1/rtl/x1_y3_kimi.v:168$472 ($mul).
  creating $macc model for $mul$experiments/x1/rtl/x1_y3_kimi.v:168$474 ($mul).
  creating $macc model for $mul$experiments/x1/rtl/x1_y3_kimi.v:168$476 ($mul).
  creating $macc model for $mul$experiments/x1/rtl/x1_y3_kimi.v:168$478 ($mul).
  creating $macc model for $mul$experiments/x1/rtl/x1_y3_kimi.v:168$48 ($mul).
  creating $macc model for $mul$experiments/x1/rtl/x1_y3_kimi.v:168$480 ($mul).
  creating $macc model for $mul$experiments/x1/rtl/x1_y3_kimi.v:168$482 ($mul).
  creating $macc model for $mul$experiments/x1/rtl/x1_y3_kimi.v:168$484 ($mul).
  creating $macc model for $mul$experiments/x1/rtl/x1_y3_kimi.v:168$486 ($mul).
  creating $macc model for $mul$experiments/x1/rtl/x1_y3_kimi.v:168$488 ($mul).
  creating $macc model for $mul$experiments/x1/rtl/x1_y3_kimi.v:168$490 ($mul).
  creating $macc model for $mul$experiments/x1/rtl/x1_y3_kimi.v:168$492 ($mul).
  creating $macc model for $mul$experiments/x1/rtl/x1_y3_kimi.v:168$494 ($mul).
  creating $macc model for $mul$experiments/x1/rtl/x1_y3_kimi.v:168$496 ($mul).
  creating $macc model for $mul$experiments/x1/rtl/x1_y3_kimi.v:168$498 ($mul).
  creating $macc model for $mul$experiments/x1/rtl/x1_y3_kimi.v:168$50 ($mul).
  creating $macc model for $mul$experiments/x1/rtl/x1_y3_kimi.v:168$500 ($mul).
  creating $macc model for $mul$experiments/x1/rtl/x1_y3_kimi.v:168$502 ($mul).
  creating $macc model for $mul$experiments/x1/rtl/x1_y3_kimi.v:168$504 ($mul).
  creating $macc model for $mul$experiments/x1/rtl/x1_y3_kimi.v:168$506 ($mul).
  creating $macc model for $mul$experiments/x1/rtl/x1_y3_kimi.v:168$508 ($mul).
  creating $macc model for $mul$experiments/x1/rtl/x1_y3_kimi.v:168$510 ($mul).
  creating $macc model for $mul$experiments/x1/rtl/x1_y3_kimi.v:168$512 ($mul).
  creating $macc model for $mul$experiments/x1/rtl/x1_y3_kimi.v:168$514 ($mul).
  creating $macc model for $mul$experiments/x1/rtl/x1_y3_kimi.v:168$516 ($mul).
  creating $macc model for $mul$experiments/x1/rtl/x1_y3_kimi.v:168$518 ($mul).
  creating $macc model for $mul$experiments/x1/rtl/x1_y3_kimi.v:168$52 ($mul).
  creating $macc model for $mul$experiments/x1/rtl/x1_y3_kimi.v:168$520 ($mul).
  creating $macc model for $mul$experiments/x1/rtl/x1_y3_kimi.v:168$522 ($mul).
  creating $macc model for $mul$experiments/x1/rtl/x1_y3_kimi.v:168$524 ($mul).
  creating $macc model for $mul$experiments/x1/rtl/x1_y3_kimi.v:168$526 ($mul).
  creating $macc model for $mul$experiments/x1/rtl/x1_y3_kimi.v:168$528 ($mul).
  creating $macc model for $mul$experiments/x1/rtl/x1_y3_kimi.v:168$530 ($mul).
  creating $macc model for $mul$experiments/x1/rtl/x1_y3_kimi.v:168$532 ($mul).
  creating $macc model for $mul$experiments/x1/rtl/x1_y3_kimi.v:168$534 ($mul).
  creating $macc model for $mul$experiments/x1/rtl/x1_y3_kimi.v:168$536 ($mul).
  creating $macc model for $mul$experiments/x1/rtl/x1_y3_kimi.v:168$538 ($mul).
  creating $macc model for $mul$experiments/x1/rtl/x1_y3_kimi.v:168$54 ($mul).
  creating $macc model for $mul$experiments/x1/rtl/x1_y3_kimi.v:168$540 ($mul).
  creating $macc model for $mul$experiments/x1/rtl/x1_y3_kimi.v:168$542 ($mul).
  creating $macc model for $mul$experiments/x1/rtl/x1_y3_kimi.v:168$544 ($mul).
  creating $macc model for $mul$experiments/x1/rtl/x1_y3_kimi.v:168$546 ($mul).
  creating $macc model for $mul$experiments/x1/rtl/x1_y3_kimi.v:168$548 ($mul).
  creating $macc model for $mul$experiments/x1/rtl/x1_y3_kimi.v:168$550 ($mul).
  creating $macc model for $mul$experiments/x1/rtl/x1_y3_kimi.v:168$552 ($mul).
  creating $macc model for $mul$experiments/x1/rtl/x1_y3_kimi.v:168$554 ($mul).
  creating $macc model for $mul$experiments/x1/rtl/x1_y3_kimi.v:168$56 ($mul).
  creating $macc model for $mul$experiments/x1/rtl/x1_y3_kimi.v:168$58 ($mul).
  creating $macc model for $mul$experiments/x1/rtl/x1_y3_kimi.v:168$60 ($mul).
  creating $macc model for $mul$experiments/x1/rtl/x1_y3_kimi.v:168$62 ($mul).
  creating $macc model for $mul$experiments/x1/rtl/x1_y3_kimi.v:168$64 ($mul).
  creating $macc model for $mul$experiments/x1/rtl/x1_y3_kimi.v:168$66 ($mul).
  creating $macc model for $mul$experiments/x1/rtl/x1_y3_kimi.v:168$68 ($mul).
  creating $macc model for $mul$experiments/x1/rtl/x1_y3_kimi.v:168$70 ($mul).
  creating $macc model for $mul$experiments/x1/rtl/x1_y3_kimi.v:168$72 ($mul).
  creating $macc model for $mul$experiments/x1/rtl/x1_y3_kimi.v:168$74 ($mul).
  creating $macc model for $mul$experiments/x1/rtl/x1_y3_kimi.v:168$76 ($mul).
  creating $macc model for $mul$experiments/x1/rtl/x1_y3_kimi.v:168$78 ($mul).
  creating $macc model for $mul$experiments/x1/rtl/x1_y3_kimi.v:168$80 ($mul).
  creating $macc model for $mul$experiments/x1/rtl/x1_y3_kimi.v:168$82 ($mul).
  creating $macc model for $mul$experiments/x1/rtl/x1_y3_kimi.v:168$84 ($mul).
  creating $macc model for $mul$experiments/x1/rtl/x1_y3_kimi.v:168$86 ($mul).
  creating $macc model for $mul$experiments/x1/rtl/x1_y3_kimi.v:168$88 ($mul).
  creating $macc model for $mul$experiments/x1/rtl/x1_y3_kimi.v:168$90 ($mul).
  creating $macc model for $mul$experiments/x1/rtl/x1_y3_kimi.v:168$92 ($mul).
  creating $macc model for $mul$experiments/x1/rtl/x1_y3_kimi.v:168$94 ($mul).
  creating $macc model for $mul$experiments/x1/rtl/x1_y3_kimi.v:168$96 ($mul).
  creating $macc model for $mul$experiments/x1/rtl/x1_y3_kimi.v:168$98 ($mul).
  merging $macc model for $mul$experiments/x1/rtl/x1_y3_kimi.v:168$98 into $add$experiments/x1/rtl/x1_y3_kimi.v:169$99.
  merging $macc model for $mul$experiments/x1/rtl/x1_y3_kimi.v:168$96 into $add$experiments/x1/rtl/x1_y3_kimi.v:169$97.
  merging $macc model for $mul$experiments/x1/rtl/x1_y3_kimi.v:168$94 into $add$experiments/x1/rtl/x1_y3_kimi.v:169$95.
  merging $macc model for $mul$experiments/x1/rtl/x1_y3_kimi.v:168$92 into $add$experiments/x1/rtl/x1_y3_kimi.v:169$93.
  merging $macc model for $mul$experiments/x1/rtl/x1_y3_kimi.v:168$90 into $add$experiments/x1/rtl/x1_y3_kimi.v:169$91.
  merging $macc model for $mul$experiments/x1/rtl/x1_y3_kimi.v:168$88 into $add$experiments/x1/rtl/x1_y3_kimi.v:169$89.
  merging $macc model for $mul$experiments/x1/rtl/x1_y3_kimi.v:168$86 into $add$experiments/x1/rtl/x1_y3_kimi.v:169$87.
  merging $macc model for $mul$experiments/x1/rtl/x1_y3_kimi.v:168$84 into $add$experiments/x1/rtl/x1_y3_kimi.v:169$85.
  merging $macc model for $mul$experiments/x1/rtl/x1_y3_kimi.v:168$82 into $add$experiments/x1/rtl/x1_y3_kimi.v:169$83.
  merging $macc model for $mul$experiments/x1/rtl/x1_y3_kimi.v:168$80 into $add$experiments/x1/rtl/x1_y3_kimi.v:169$81.
  merging $macc model for $mul$experiments/x1/rtl/x1_y3_kimi.v:168$78 into $add$experiments/x1/rtl/x1_y3_kimi.v:169$79.
  merging $macc model for $mul$experiments/x1/rtl/x1_y3_kimi.v:168$76 into $add$experiments/x1/rtl/x1_y3_kimi.v:169$77.
  merging $macc model for $mul$experiments/x1/rtl/x1_y3_kimi.v:168$74 into $add$experiments/x1/rtl/x1_y3_kimi.v:169$75.
  merging $macc model for $mul$experiments/x1/rtl/x1_y3_kimi.v:168$72 into $add$experiments/x1/rtl/x1_y3_kimi.v:169$73.
  merging $macc model for $mul$experiments/x1/rtl/x1_y3_kimi.v:168$70 into $add$experiments/x1/rtl/x1_y3_kimi.v:169$71.
  merging $macc model for $mul$experiments/x1/rtl/x1_y3_kimi.v:168$68 into $add$experiments/x1/rtl/x1_y3_kimi.v:169$69.
  merging $macc model for $mul$experiments/x1/rtl/x1_y3_kimi.v:168$66 into $add$experiments/x1/rtl/x1_y3_kimi.v:169$67.
  merging $macc model for $mul$experiments/x1/rtl/x1_y3_kimi.v:168$64 into $add$experiments/x1/rtl/x1_y3_kimi.v:169$65.
  merging $macc model for $mul$experiments/x1/rtl/x1_y3_kimi.v:168$62 into $add$experiments/x1/rtl/x1_y3_kimi.v:169$63.
  merging $macc model for $mul$experiments/x1/rtl/x1_y3_kimi.v:168$60 into $add$experiments/x1/rtl/x1_y3_kimi.v:169$61.
  merging $macc model for $mul$experiments/x1/rtl/x1_y3_kimi.v:168$58 into $add$experiments/x1/rtl/x1_y3_kimi.v:169$59.
  merging $macc model for $mul$experiments/x1/rtl/x1_y3_kimi.v:168$56 into $add$experiments/x1/rtl/x1_y3_kimi.v:169$57.
  merging $macc model for $mul$experiments/x1/rtl/x1_y3_kimi.v:168$554 into $add$experiments/x1/rtl/x1_y3_kimi.v:169$555.
  merging $macc model for $mul$experiments/x1/rtl/x1_y3_kimi.v:168$552 into $add$experiments/x1/rtl/x1_y3_kimi.v:169$553.
  merging $macc model for $mul$experiments/x1/rtl/x1_y3_kimi.v:168$550 into $add$experiments/x1/rtl/x1_y3_kimi.v:169$551.
  merging $macc model for $mul$experiments/x1/rtl/x1_y3_kimi.v:168$54 into $add$experiments/x1/rtl/x1_y3_kimi.v:169$55.
  merging $macc model for $mul$experiments/x1/rtl/x1_y3_kimi.v:168$548 into $add$experiments/x1/rtl/x1_y3_kimi.v:169$549.
  merging $macc model for $mul$experiments/x1/rtl/x1_y3_kimi.v:168$546 into $add$experiments/x1/rtl/x1_y3_kimi.v:169$547.
  merging $macc model for $mul$experiments/x1/rtl/x1_y3_kimi.v:168$544 into $add$experiments/x1/rtl/x1_y3_kimi.v:169$545.
  merging $macc model for $mul$experiments/x1/rtl/x1_y3_kimi.v:168$542 into $add$experiments/x1/rtl/x1_y3_kimi.v:169$543.
  merging $macc model for $mul$experiments/x1/rtl/x1_y3_kimi.v:168$540 into $add$experiments/x1/rtl/x1_y3_kimi.v:169$541.
  merging $macc model for $mul$experiments/x1/rtl/x1_y3_kimi.v:168$538 into $add$experiments/x1/rtl/x1_y3_kimi.v:169$539.
  merging $macc model for $mul$experiments/x1/rtl/x1_y3_kimi.v:168$536 into $add$experiments/x1/rtl/x1_y3_kimi.v:169$537.
  merging $macc model for $mul$experiments/x1/rtl/x1_y3_kimi.v:168$534 into $add$experiments/x1/rtl/x1_y3_kimi.v:169$535.
  merging $macc model for $mul$experiments/x1/rtl/x1_y3_kimi.v:168$532 into $add$experiments/x1/rtl/x1_y3_kimi.v:169$533.
  merging $macc model for $mul$experiments/x1/rtl/x1_y3_kimi.v:168$530 into $add$experiments/x1/rtl/x1_y3_kimi.v:169$531.
  merging $macc model for $mul$experiments/x1/rtl/x1_y3_kimi.v:168$52 into $add$experiments/x1/rtl/x1_y3_kimi.v:169$53.
  merging $macc model for $mul$experiments/x1/rtl/x1_y3_kimi.v:168$528 into $add$experiments/x1/rtl/x1_y3_kimi.v:169$529.
  merging $macc model for $mul$experiments/x1/rtl/x1_y3_kimi.v:168$526 into $add$experiments/x1/rtl/x1_y3_kimi.v:169$527.
  merging $macc model for $mul$experiments/x1/rtl/x1_y3_kimi.v:168$524 into $add$experiments/x1/rtl/x1_y3_kimi.v:169$525.
  merging $macc model for $mul$experiments/x1/rtl/x1_y3_kimi.v:168$522 into $add$experiments/x1/rtl/x1_y3_kimi.v:169$523.
  merging $macc model for $mul$experiments/x1/rtl/x1_y3_kimi.v:168$520 into $add$experiments/x1/rtl/x1_y3_kimi.v:169$521.
  merging $macc model for $mul$experiments/x1/rtl/x1_y3_kimi.v:168$518 into $add$experiments/x1/rtl/x1_y3_kimi.v:169$519.
  merging $macc model for $mul$experiments/x1/rtl/x1_y3_kimi.v:168$516 into $add$experiments/x1/rtl/x1_y3_kimi.v:169$517.
  merging $macc model for $mul$experiments/x1/rtl/x1_y3_kimi.v:168$514 into $add$experiments/x1/rtl/x1_y3_kimi.v:169$515.
  merging $macc model for $mul$experiments/x1/rtl/x1_y3_kimi.v:168$512 into $add$experiments/x1/rtl/x1_y3_kimi.v:169$513.
  merging $macc model for $mul$experiments/x1/rtl/x1_y3_kimi.v:168$510 into $add$experiments/x1/rtl/x1_y3_kimi.v:169$511.
  merging $macc model for $mul$experiments/x1/rtl/x1_y3_kimi.v:168$50 into $add$experiments/x1/rtl/x1_y3_kimi.v:169$51.
  merging $macc model for $mul$experiments/x1/rtl/x1_y3_kimi.v:168$508 into $add$experiments/x1/rtl/x1_y3_kimi.v:169$509.
  merging $macc model for $mul$experiments/x1/rtl/x1_y3_kimi.v:168$506 into $add$experiments/x1/rtl/x1_y3_kimi.v:169$507.
  merging $macc model for $mul$experiments/x1/rtl/x1_y3_kimi.v:168$504 into $add$experiments/x1/rtl/x1_y3_kimi.v:169$505.
  merging $macc model for $mul$experiments/x1/rtl/x1_y3_kimi.v:168$502 into $add$experiments/x1/rtl/x1_y3_kimi.v:169$503.
  merging $macc model for $mul$experiments/x1/rtl/x1_y3_kimi.v:168$500 into $add$experiments/x1/rtl/x1_y3_kimi.v:169$501.
  merging $macc model for $mul$experiments/x1/rtl/x1_y3_kimi.v:168$498 into $add$experiments/x1/rtl/x1_y3_kimi.v:169$499.
  merging $macc model for $mul$experiments/x1/rtl/x1_y3_kimi.v:168$496 into $add$experiments/x1/rtl/x1_y3_kimi.v:169$497.
  merging $macc model for $mul$experiments/x1/rtl/x1_y3_kimi.v:168$494 into $add$experiments/x1/rtl/x1_y3_kimi.v:169$495.
  merging $macc model for $mul$experiments/x1/rtl/x1_y3_kimi.v:168$492 into $add$experiments/x1/rtl/x1_y3_kimi.v:169$493.
  merging $macc model for $mul$experiments/x1/rtl/x1_y3_kimi.v:168$490 into $add$experiments/x1/rtl/x1_y3_kimi.v:169$491.
  merging $macc model for $mul$experiments/x1/rtl/x1_y3_kimi.v:168$48 into $add$experiments/x1/rtl/x1_y3_kimi.v:169$49.
  merging $macc model for $mul$experiments/x1/rtl/x1_y3_kimi.v:168$488 into $add$experiments/x1/rtl/x1_y3_kimi.v:169$489.
  merging $macc model for $mul$experiments/x1/rtl/x1_y3_kimi.v:168$486 into $add$experiments/x1/rtl/x1_y3_kimi.v:169$487.
  merging $macc model for $mul$experiments/x1/rtl/x1_y3_kimi.v:168$484 into $add$experiments/x1/rtl/x1_y3_kimi.v:169$485.
  merging $macc model for $mul$experiments/x1/rtl/x1_y3_kimi.v:168$482 into $add$experiments/x1/rtl/x1_y3_kimi.v:169$483.
  merging $macc model for $mul$experiments/x1/rtl/x1_y3_kimi.v:168$480 into $add$experiments/x1/rtl/x1_y3_kimi.v:169$481.
  merging $macc model for $mul$experiments/x1/rtl/x1_y3_kimi.v:168$478 into $add$experiments/x1/rtl/x1_y3_kimi.v:169$479.
  merging $macc model for $mul$experiments/x1/rtl/x1_y3_kimi.v:168$476 into $add$experiments/x1/rtl/x1_y3_kimi.v:169$477.
  merging $macc model for $mul$experiments/x1/rtl/x1_y3_kimi.v:168$474 into $add$experiments/x1/rtl/x1_y3_kimi.v:169$475.
  merging $macc model for $mul$experiments/x1/rtl/x1_y3_kimi.v:168$472 into $add$experiments/x1/rtl/x1_y3_kimi.v:169$473.
  merging $macc model for $mul$experiments/x1/rtl/x1_y3_kimi.v:168$470 into $add$experiments/x1/rtl/x1_y3_kimi.v:169$471.
  merging $macc model for $mul$experiments/x1/rtl/x1_y3_kimi.v:168$46 into $add$experiments/x1/rtl/x1_y3_kimi.v:169$47.
  merging $macc model for $mul$experiments/x1/rtl/x1_y3_kimi.v:168$468 into $add$experiments/x1/rtl/x1_y3_kimi.v:169$469.
  merging $macc model for $mul$experiments/x1/rtl/x1_y3_kimi.v:168$466 into $add$experiments/x1/rtl/x1_y3_kimi.v:169$467.
  merging $macc model for $mul$experiments/x1/rtl/x1_y3_kimi.v:168$464 into $add$experiments/x1/rtl/x1_y3_kimi.v:169$465.
  merging $macc model for $mul$experiments/x1/rtl/x1_y3_kimi.v:168$462 into $add$experiments/x1/rtl/x1_y3_kimi.v:169$463.
  merging $macc model for $mul$experiments/x1/rtl/x1_y3_kimi.v:168$460 into $add$experiments/x1/rtl/x1_y3_kimi.v:169$461.
  merging $macc model for $mul$experiments/x1/rtl/x1_y3_kimi.v:168$458 into $add$experiments/x1/rtl/x1_y3_kimi.v:169$459.
  merging $macc model for $mul$experiments/x1/rtl/x1_y3_kimi.v:168$456 into $add$experiments/x1/rtl/x1_y3_kimi.v:169$457.
  merging $macc model for $mul$experiments/x1/rtl/x1_y3_kimi.v:168$454 into $add$experiments/x1/rtl/x1_y3_kimi.v:169$455.
  merging $macc model for $mul$experiments/x1/rtl/x1_y3_kimi.v:168$452 into $add$experiments/x1/rtl/x1_y3_kimi.v:169$453.
  merging $macc model for $mul$experiments/x1/rtl/x1_y3_kimi.v:168$450 into $add$experiments/x1/rtl/x1_y3_kimi.v:169$451.
  merging $macc model for $mul$experiments/x1/rtl/x1_y3_kimi.v:168$44 into $add$experiments/x1/rtl/x1_y3_kimi.v:169$45.
  merging $macc model for $mul$experiments/x1/rtl/x1_y3_kimi.v:168$448 into $add$experiments/x1/rtl/x1_y3_kimi.v:169$449.
  merging $macc model for $mul$experiments/x1/rtl/x1_y3_kimi.v:168$446 into $add$experiments/x1/rtl/x1_y3_kimi.v:169$447.
  merging $macc model for $mul$experiments/x1/rtl/x1_y3_kimi.v:168$444 into $add$experiments/x1/rtl/x1_y3_kimi.v:169$445.
  merging $macc model for $mul$experiments/x1/rtl/x1_y3_kimi.v:168$442 into $add$experiments/x1/rtl/x1_y3_kimi.v:169$443.
  merging $macc model for $mul$experiments/x1/rtl/x1_y3_kimi.v:168$440 into $add$experiments/x1/rtl/x1_y3_kimi.v:169$441.
  merging $macc model for $mul$experiments/x1/rtl/x1_y3_kimi.v:168$438 into $add$experiments/x1/rtl/x1_y3_kimi.v:169$439.
  merging $macc model for $mul$experiments/x1/rtl/x1_y3_kimi.v:168$436 into $add$experiments/x1/rtl/x1_y3_kimi.v:169$437.
  merging $macc model for $mul$experiments/x1/rtl/x1_y3_kimi.v:168$434 into $add$experiments/x1/rtl/x1_y3_kimi.v:169$435.
  merging $macc model for $mul$experiments/x1/rtl/x1_y3_kimi.v:168$432 into $add$experiments/x1/rtl/x1_y3_kimi.v:169$433.
  merging $macc model for $mul$experiments/x1/rtl/x1_y3_kimi.v:168$430 into $add$experiments/x1/rtl/x1_y3_kimi.v:169$431.
  merging $macc model for $mul$experiments/x1/rtl/x1_y3_kimi.v:168$428 into $add$experiments/x1/rtl/x1_y3_kimi.v:169$429.
  merging $macc model for $mul$experiments/x1/rtl/x1_y3_kimi.v:168$426 into $add$experiments/x1/rtl/x1_y3_kimi.v:169$427.
  merging $macc model for $mul$experiments/x1/rtl/x1_y3_kimi.v:168$424 into $add$experiments/x1/rtl/x1_y3_kimi.v:169$425.
  merging $macc model for $mul$experiments/x1/rtl/x1_y3_kimi.v:168$422 into $add$experiments/x1/rtl/x1_y3_kimi.v:169$423.
  merging $macc model for $mul$experiments/x1/rtl/x1_y3_kimi.v:168$420 into $add$experiments/x1/rtl/x1_y3_kimi.v:169$421.
  merging $macc model for $mul$experiments/x1/rtl/x1_y3_kimi.v:168$418 into $add$experiments/x1/rtl/x1_y3_kimi.v:169$419.
  merging $macc model for $mul$experiments/x1/rtl/x1_y3_kimi.v:168$416 into $add$experiments/x1/rtl/x1_y3_kimi.v:169$417.
  merging $macc model for $mul$experiments/x1/rtl/x1_y3_kimi.v:168$414 into $add$experiments/x1/rtl/x1_y3_kimi.v:169$415.
  merging $macc model for $mul$experiments/x1/rtl/x1_y3_kimi.v:168$412 into $add$experiments/x1/rtl/x1_y3_kimi.v:169$413.
  merging $macc model for $mul$experiments/x1/rtl/x1_y3_kimi.v:168$410 into $add$experiments/x1/rtl/x1_y3_kimi.v:169$411.
  merging $macc model for $mul$experiments/x1/rtl/x1_y3_kimi.v:168$408 into $add$experiments/x1/rtl/x1_y3_kimi.v:169$409.
  merging $macc model for $mul$experiments/x1/rtl/x1_y3_kimi.v:168$406 into $add$experiments/x1/rtl/x1_y3_kimi.v:169$407.
  merging $macc model for $mul$experiments/x1/rtl/x1_y3_kimi.v:168$404 into $add$experiments/x1/rtl/x1_y3_kimi.v:169$405.
  merging $macc model for $mul$experiments/x1/rtl/x1_y3_kimi.v:168$402 into $add$experiments/x1/rtl/x1_y3_kimi.v:169$403.
  merging $macc model for $mul$experiments/x1/rtl/x1_y3_kimi.v:168$400 into $add$experiments/x1/rtl/x1_y3_kimi.v:169$401.
  merging $macc model for $mul$experiments/x1/rtl/x1_y3_kimi.v:168$398 into $add$experiments/x1/rtl/x1_y3_kimi.v:169$399.
  merging $macc model for $mul$experiments/x1/rtl/x1_y3_kimi.v:168$396 into $add$experiments/x1/rtl/x1_y3_kimi.v:169$397.
  merging $macc model for $mul$experiments/x1/rtl/x1_y3_kimi.v:168$394 into $add$experiments/x1/rtl/x1_y3_kimi.v:169$395.
  merging $macc model for $mul$experiments/x1/rtl/x1_y3_kimi.v:168$392 into $add$experiments/x1/rtl/x1_y3_kimi.v:169$393.
  merging $macc model for $mul$experiments/x1/rtl/x1_y3_kimi.v:168$390 into $add$experiments/x1/rtl/x1_y3_kimi.v:169$391.
  merging $macc model for $mul$experiments/x1/rtl/x1_y3_kimi.v:168$388 into $add$experiments/x1/rtl/x1_y3_kimi.v:169$389.
  merging $macc model for $mul$experiments/x1/rtl/x1_y3_kimi.v:168$386 into $add$experiments/x1/rtl/x1_y3_kimi.v:169$387.
  merging $macc model for $mul$experiments/x1/rtl/x1_y3_kimi.v:168$384 into $add$experiments/x1/rtl/x1_y3_kimi.v:169$385.
  merging $macc model for $mul$experiments/x1/rtl/x1_y3_kimi.v:168$382 into $add$experiments/x1/rtl/x1_y3_kimi.v:169$383.
  merging $macc model for $mul$experiments/x1/rtl/x1_y3_kimi.v:168$380 into $add$experiments/x1/rtl/x1_y3_kimi.v:169$381.
  merging $macc model for $mul$experiments/x1/rtl/x1_y3_kimi.v:168$378 into $add$experiments/x1/rtl/x1_y3_kimi.v:169$379.
  merging $macc model for $mul$experiments/x1/rtl/x1_y3_kimi.v:168$376 into $add$experiments/x1/rtl/x1_y3_kimi.v:169$377.
  merging $macc model for $mul$experiments/x1/rtl/x1_y3_kimi.v:168$374 into $add$experiments/x1/rtl/x1_y3_kimi.v:169$375.
  merging $macc model for $mul$experiments/x1/rtl/x1_y3_kimi.v:168$372 into $add$experiments/x1/rtl/x1_y3_kimi.v:169$373.
  merging $macc model for $mul$experiments/x1/rtl/x1_y3_kimi.v:168$370 into $add$experiments/x1/rtl/x1_y3_kimi.v:169$371.
  merging $macc model for $mul$experiments/x1/rtl/x1_y3_kimi.v:168$368 into $add$experiments/x1/rtl/x1_y3_kimi.v:169$369.
  merging $macc model for $mul$experiments/x1/rtl/x1_y3_kimi.v:168$366 into $add$experiments/x1/rtl/x1_y3_kimi.v:169$367.
  merging $macc model for $mul$experiments/x1/rtl/x1_y3_kimi.v:168$364 into $add$experiments/x1/rtl/x1_y3_kimi.v:169$365.
  merging $macc model for $mul$experiments/x1/rtl/x1_y3_kimi.v:168$362 into $add$experiments/x1/rtl/x1_y3_kimi.v:169$363.
  merging $macc model for $mul$experiments/x1/rtl/x1_y3_kimi.v:168$360 into $add$experiments/x1/rtl/x1_y3_kimi.v:169$361.
  merging $macc model for $mul$experiments/x1/rtl/x1_y3_kimi.v:168$358 into $add$experiments/x1/rtl/x1_y3_kimi.v:169$359.
  merging $macc model for $mul$experiments/x1/rtl/x1_y3_kimi.v:168$356 into $add$experiments/x1/rtl/x1_y3_kimi.v:169$357.
  merging $macc model for $mul$experiments/x1/rtl/x1_y3_kimi.v:168$354 into $add$experiments/x1/rtl/x1_y3_kimi.v:169$355.
  merging $macc model for $mul$experiments/x1/rtl/x1_y3_kimi.v:168$352 into $add$experiments/x1/rtl/x1_y3_kimi.v:169$353.
  merging $macc model for $mul$experiments/x1/rtl/x1_y3_kimi.v:168$350 into $add$experiments/x1/rtl/x1_y3_kimi.v:169$351.
  merging $macc model for $mul$experiments/x1/rtl/x1_y3_kimi.v:168$348 into $add$experiments/x1/rtl/x1_y3_kimi.v:169$349.
  merging $macc model for $mul$experiments/x1/rtl/x1_y3_kimi.v:168$346 into $add$experiments/x1/rtl/x1_y3_kimi.v:169$347.
  merging $macc model for $mul$experiments/x1/rtl/x1_y3_kimi.v:168$344 into $add$experiments/x1/rtl/x1_y3_kimi.v:169$345.
  merging $macc model for $mul$experiments/x1/rtl/x1_y3_kimi.v:168$342 into $add$experiments/x1/rtl/x1_y3_kimi.v:169$343.
  merging $macc model for $mul$experiments/x1/rtl/x1_y3_kimi.v:168$340 into $add$experiments/x1/rtl/x1_y3_kimi.v:169$341.
  merging $macc model for $mul$experiments/x1/rtl/x1_y3_kimi.v:168$338 into $add$experiments/x1/rtl/x1_y3_kimi.v:169$339.
  merging $macc model for $mul$experiments/x1/rtl/x1_y3_kimi.v:168$336 into $add$experiments/x1/rtl/x1_y3_kimi.v:169$337.
  merging $macc model for $mul$experiments/x1/rtl/x1_y3_kimi.v:168$334 into $add$experiments/x1/rtl/x1_y3_kimi.v:169$335.
  merging $macc model for $mul$experiments/x1/rtl/x1_y3_kimi.v:168$332 into $add$experiments/x1/rtl/x1_y3_kimi.v:169$333.
  merging $macc model for $mul$experiments/x1/rtl/x1_y3_kimi.v:168$330 into $add$experiments/x1/rtl/x1_y3_kimi.v:169$331.
  merging $macc model for $mul$experiments/x1/rtl/x1_y3_kimi.v:168$328 into $add$experiments/x1/rtl/x1_y3_kimi.v:169$329.
  merging $macc model for $mul$experiments/x1/rtl/x1_y3_kimi.v:168$326 into $add$experiments/x1/rtl/x1_y3_kimi.v:169$327.
  merging $macc model for $mul$experiments/x1/rtl/x1_y3_kimi.v:168$324 into $add$experiments/x1/rtl/x1_y3_kimi.v:169$325.
  merging $macc model for $mul$experiments/x1/rtl/x1_y3_kimi.v:168$322 into $add$experiments/x1/rtl/x1_y3_kimi.v:169$323.
  merging $macc model for $mul$experiments/x1/rtl/x1_y3_kimi.v:168$320 into $add$experiments/x1/rtl/x1_y3_kimi.v:169$321.
  merging $macc model for $mul$experiments/x1/rtl/x1_y3_kimi.v:168$318 into $add$experiments/x1/rtl/x1_y3_kimi.v:169$319.
  merging $macc model for $mul$experiments/x1/rtl/x1_y3_kimi.v:168$316 into $add$experiments/x1/rtl/x1_y3_kimi.v:169$317.
  merging $macc model for $mul$experiments/x1/rtl/x1_y3_kimi.v:168$314 into $add$experiments/x1/rtl/x1_y3_kimi.v:169$315.
  merging $macc model for $mul$experiments/x1/rtl/x1_y3_kimi.v:168$312 into $add$experiments/x1/rtl/x1_y3_kimi.v:169$313.
  merging $macc model for $mul$experiments/x1/rtl/x1_y3_kimi.v:168$310 into $add$experiments/x1/rtl/x1_y3_kimi.v:169$311.
  merging $macc model for $mul$experiments/x1/rtl/x1_y3_kimi.v:168$308 into $add$experiments/x1/rtl/x1_y3_kimi.v:169$309.
  merging $macc model for $mul$experiments/x1/rtl/x1_y3_kimi.v:168$306 into $add$experiments/x1/rtl/x1_y3_kimi.v:169$307.
  merging $macc model for $mul$experiments/x1/rtl/x1_y3_kimi.v:168$304 into $add$experiments/x1/rtl/x1_y3_kimi.v:169$305.
  merging $macc model for $mul$experiments/x1/rtl/x1_y3_kimi.v:168$302 into $add$experiments/x1/rtl/x1_y3_kimi.v:169$303.
  merging $macc model for $mul$experiments/x1/rtl/x1_y3_kimi.v:168$300 into $add$experiments/x1/rtl/x1_y3_kimi.v:169$301.
  merging $macc model for $mul$experiments/x1/rtl/x1_y3_kimi.v:168$298 into $add$experiments/x1/rtl/x1_y3_kimi.v:169$299.
  merging $macc model for $mul$experiments/x1/rtl/x1_y3_kimi.v:168$296 into $add$experiments/x1/rtl/x1_y3_kimi.v:169$297.
  merging $macc model for $mul$experiments/x1/rtl/x1_y3_kimi.v:168$294 into $add$experiments/x1/rtl/x1_y3_kimi.v:169$295.
  merging $macc model for $mul$experiments/x1/rtl/x1_y3_kimi.v:168$292 into $add$experiments/x1/rtl/x1_y3_kimi.v:169$293.
  merging $macc model for $mul$experiments/x1/rtl/x1_y3_kimi.v:168$290 into $add$experiments/x1/rtl/x1_y3_kimi.v:169$291.
  merging $macc model for $mul$experiments/x1/rtl/x1_y3_kimi.v:168$288 into $add$experiments/x1/rtl/x1_y3_kimi.v:169$289.
  merging $macc model for $mul$experiments/x1/rtl/x1_y3_kimi.v:168$286 into $add$experiments/x1/rtl/x1_y3_kimi.v:169$287.
  merging $macc model for $mul$experiments/x1/rtl/x1_y3_kimi.v:168$284 into $add$experiments/x1/rtl/x1_y3_kimi.v:169$285.
  merging $macc model for $mul$experiments/x1/rtl/x1_y3_kimi.v:168$282 into $add$experiments/x1/rtl/x1_y3_kimi.v:169$283.
  merging $macc model for $mul$experiments/x1/rtl/x1_y3_kimi.v:168$280 into $add$experiments/x1/rtl/x1_y3_kimi.v:169$281.
  merging $macc model for $mul$experiments/x1/rtl/x1_y3_kimi.v:168$278 into $add$experiments/x1/rtl/x1_y3_kimi.v:169$279.
  merging $macc model for $mul$experiments/x1/rtl/x1_y3_kimi.v:168$276 into $add$experiments/x1/rtl/x1_y3_kimi.v:169$277.
  merging $macc model for $mul$experiments/x1/rtl/x1_y3_kimi.v:168$274 into $add$experiments/x1/rtl/x1_y3_kimi.v:169$275.
  merging $macc model for $mul$experiments/x1/rtl/x1_y3_kimi.v:168$272 into $add$experiments/x1/rtl/x1_y3_kimi.v:169$273.
  merging $macc model for $mul$experiments/x1/rtl/x1_y3_kimi.v:168$270 into $add$experiments/x1/rtl/x1_y3_kimi.v:169$271.
  merging $macc model for $mul$experiments/x1/rtl/x1_y3_kimi.v:168$268 into $add$experiments/x1/rtl/x1_y3_kimi.v:169$269.
  merging $macc model for $mul$experiments/x1/rtl/x1_y3_kimi.v:168$266 into $add$experiments/x1/rtl/x1_y3_kimi.v:169$267.
  merging $macc model for $mul$experiments/x1/rtl/x1_y3_kimi.v:168$264 into $add$experiments/x1/rtl/x1_y3_kimi.v:169$265.
  merging $macc model for $mul$experiments/x1/rtl/x1_y3_kimi.v:168$262 into $add$experiments/x1/rtl/x1_y3_kimi.v:169$263.
  merging $macc model for $mul$experiments/x1/rtl/x1_y3_kimi.v:168$260 into $add$experiments/x1/rtl/x1_y3_kimi.v:169$261.
  merging $macc model for $mul$experiments/x1/rtl/x1_y3_kimi.v:168$258 into $add$experiments/x1/rtl/x1_y3_kimi.v:169$259.
  merging $macc model for $mul$experiments/x1/rtl/x1_y3_kimi.v:168$256 into $add$experiments/x1/rtl/x1_y3_kimi.v:169$257.
  merging $macc model for $mul$experiments/x1/rtl/x1_y3_kimi.v:168$254 into $add$experiments/x1/rtl/x1_y3_kimi.v:169$255.
  merging $macc model for $mul$experiments/x1/rtl/x1_y3_kimi.v:168$252 into $add$experiments/x1/rtl/x1_y3_kimi.v:169$253.
  merging $macc model for $mul$experiments/x1/rtl/x1_y3_kimi.v:168$250 into $add$experiments/x1/rtl/x1_y3_kimi.v:169$251.
  merging $macc model for $mul$experiments/x1/rtl/x1_y3_kimi.v:168$248 into $add$experiments/x1/rtl/x1_y3_kimi.v:169$249.
  merging $macc model for $mul$experiments/x1/rtl/x1_y3_kimi.v:168$246 into $add$experiments/x1/rtl/x1_y3_kimi.v:169$247.
  merging $macc model for $mul$experiments/x1/rtl/x1_y3_kimi.v:168$244 into $add$experiments/x1/rtl/x1_y3_kimi.v:169$245.
  merging $macc model for $mul$experiments/x1/rtl/x1_y3_kimi.v:168$242 into $add$experiments/x1/rtl/x1_y3_kimi.v:169$243.
  merging $macc model for $mul$experiments/x1/rtl/x1_y3_kimi.v:168$240 into $add$experiments/x1/rtl/x1_y3_kimi.v:169$241.
  merging $macc model for $mul$experiments/x1/rtl/x1_y3_kimi.v:168$238 into $add$experiments/x1/rtl/x1_y3_kimi.v:169$239.
  merging $macc model for $mul$experiments/x1/rtl/x1_y3_kimi.v:168$236 into $add$experiments/x1/rtl/x1_y3_kimi.v:169$237.
  merging $macc model for $mul$experiments/x1/rtl/x1_y3_kimi.v:168$234 into $add$experiments/x1/rtl/x1_y3_kimi.v:169$235.
  merging $macc model for $mul$experiments/x1/rtl/x1_y3_kimi.v:168$232 into $add$experiments/x1/rtl/x1_y3_kimi.v:169$233.
  merging $macc model for $mul$experiments/x1/rtl/x1_y3_kimi.v:168$230 into $add$experiments/x1/rtl/x1_y3_kimi.v:169$231.
  merging $macc model for $mul$experiments/x1/rtl/x1_y3_kimi.v:168$228 into $add$experiments/x1/rtl/x1_y3_kimi.v:169$229.
  merging $macc model for $mul$experiments/x1/rtl/x1_y3_kimi.v:168$226 into $add$experiments/x1/rtl/x1_y3_kimi.v:169$227.
  merging $macc model for $mul$experiments/x1/rtl/x1_y3_kimi.v:168$224 into $add$experiments/x1/rtl/x1_y3_kimi.v:169$225.
  merging $macc model for $mul$experiments/x1/rtl/x1_y3_kimi.v:168$222 into $add$experiments/x1/rtl/x1_y3_kimi.v:169$223.
  merging $macc model for $mul$experiments/x1/rtl/x1_y3_kimi.v:168$220 into $add$experiments/x1/rtl/x1_y3_kimi.v:169$221.
  merging $macc model for $mul$experiments/x1/rtl/x1_y3_kimi.v:168$218 into $add$experiments/x1/rtl/x1_y3_kimi.v:169$219.
  merging $macc model for $mul$experiments/x1/rtl/x1_y3_kimi.v:168$216 into $add$experiments/x1/rtl/x1_y3_kimi.v:169$217.
  merging $macc model for $mul$experiments/x1/rtl/x1_y3_kimi.v:168$214 into $add$experiments/x1/rtl/x1_y3_kimi.v:169$215.
  merging $macc model for $mul$experiments/x1/rtl/x1_y3_kimi.v:168$212 into $add$experiments/x1/rtl/x1_y3_kimi.v:169$213.
  merging $macc model for $mul$experiments/x1/rtl/x1_y3_kimi.v:168$210 into $add$experiments/x1/rtl/x1_y3_kimi.v:169$211.
  merging $macc model for $mul$experiments/x1/rtl/x1_y3_kimi.v:168$208 into $add$experiments/x1/rtl/x1_y3_kimi.v:169$209.
  merging $macc model for $mul$experiments/x1/rtl/x1_y3_kimi.v:168$206 into $add$experiments/x1/rtl/x1_y3_kimi.v:169$207.
  merging $macc model for $mul$experiments/x1/rtl/x1_y3_kimi.v:168$204 into $add$experiments/x1/rtl/x1_y3_kimi.v:169$205.
  merging $macc model for $mul$experiments/x1/rtl/x1_y3_kimi.v:168$202 into $add$experiments/x1/rtl/x1_y3_kimi.v:169$203.
  merging $macc model for $mul$experiments/x1/rtl/x1_y3_kimi.v:168$200 into $add$experiments/x1/rtl/x1_y3_kimi.v:169$201.
  merging $macc model for $mul$experiments/x1/rtl/x1_y3_kimi.v:168$198 into $add$experiments/x1/rtl/x1_y3_kimi.v:169$199.
  merging $macc model for $mul$experiments/x1/rtl/x1_y3_kimi.v:168$196 into $add$experiments/x1/rtl/x1_y3_kimi.v:169$197.
  merging $macc model for $mul$experiments/x1/rtl/x1_y3_kimi.v:168$194 into $add$experiments/x1/rtl/x1_y3_kimi.v:169$195.
  merging $macc model for $mul$experiments/x1/rtl/x1_y3_kimi.v:168$192 into $add$experiments/x1/rtl/x1_y3_kimi.v:169$193.
  merging $macc model for $mul$experiments/x1/rtl/x1_y3_kimi.v:168$190 into $add$experiments/x1/rtl/x1_y3_kimi.v:169$191.
  merging $macc model for $mul$experiments/x1/rtl/x1_y3_kimi.v:168$188 into $add$experiments/x1/rtl/x1_y3_kimi.v:169$189.
  merging $macc model for $mul$experiments/x1/rtl/x1_y3_kimi.v:168$186 into $add$experiments/x1/rtl/x1_y3_kimi.v:169$187.
  merging $macc model for $mul$experiments/x1/rtl/x1_y3_kimi.v:168$184 into $add$experiments/x1/rtl/x1_y3_kimi.v:169$185.
  merging $macc model for $mul$experiments/x1/rtl/x1_y3_kimi.v:168$182 into $add$experiments/x1/rtl/x1_y3_kimi.v:169$183.
  merging $macc model for $mul$experiments/x1/rtl/x1_y3_kimi.v:168$180 into $add$experiments/x1/rtl/x1_y3_kimi.v:169$181.
  merging $macc model for $mul$experiments/x1/rtl/x1_y3_kimi.v:168$178 into $add$experiments/x1/rtl/x1_y3_kimi.v:169$179.
  merging $macc model for $mul$experiments/x1/rtl/x1_y3_kimi.v:168$176 into $add$experiments/x1/rtl/x1_y3_kimi.v:169$177.
  merging $macc model for $mul$experiments/x1/rtl/x1_y3_kimi.v:168$174 into $add$experiments/x1/rtl/x1_y3_kimi.v:169$175.
  merging $macc model for $mul$experiments/x1/rtl/x1_y3_kimi.v:168$172 into $add$experiments/x1/rtl/x1_y3_kimi.v:169$173.
  merging $macc model for $mul$experiments/x1/rtl/x1_y3_kimi.v:168$170 into $add$experiments/x1/rtl/x1_y3_kimi.v:169$171.
  merging $macc model for $mul$experiments/x1/rtl/x1_y3_kimi.v:168$168 into $add$experiments/x1/rtl/x1_y3_kimi.v:169$169.
  merging $macc model for $mul$experiments/x1/rtl/x1_y3_kimi.v:168$166 into $add$experiments/x1/rtl/x1_y3_kimi.v:169$167.
  merging $macc model for $mul$experiments/x1/rtl/x1_y3_kimi.v:168$164 into $add$experiments/x1/rtl/x1_y3_kimi.v:169$165.
  merging $macc model for $mul$experiments/x1/rtl/x1_y3_kimi.v:168$162 into $add$experiments/x1/rtl/x1_y3_kimi.v:169$163.
  merging $macc model for $mul$experiments/x1/rtl/x1_y3_kimi.v:168$160 into $add$experiments/x1/rtl/x1_y3_kimi.v:169$161.
  merging $macc model for $mul$experiments/x1/rtl/x1_y3_kimi.v:168$158 into $add$experiments/x1/rtl/x1_y3_kimi.v:169$159.
  merging $macc model for $mul$experiments/x1/rtl/x1_y3_kimi.v:168$156 into $add$experiments/x1/rtl/x1_y3_kimi.v:169$157.
  merging $macc model for $mul$experiments/x1/rtl/x1_y3_kimi.v:168$154 into $add$experiments/x1/rtl/x1_y3_kimi.v:169$155.
  merging $macc model for $mul$experiments/x1/rtl/x1_y3_kimi.v:168$152 into $add$experiments/x1/rtl/x1_y3_kimi.v:169$153.
  merging $macc model for $mul$experiments/x1/rtl/x1_y3_kimi.v:168$150 into $add$experiments/x1/rtl/x1_y3_kimi.v:169$151.
  merging $macc model for $mul$experiments/x1/rtl/x1_y3_kimi.v:168$148 into $add$experiments/x1/rtl/x1_y3_kimi.v:169$149.
  merging $macc model for $mul$experiments/x1/rtl/x1_y3_kimi.v:168$146 into $add$experiments/x1/rtl/x1_y3_kimi.v:169$147.
  merging $macc model for $mul$experiments/x1/rtl/x1_y3_kimi.v:168$144 into $add$experiments/x1/rtl/x1_y3_kimi.v:169$145.
  merging $macc model for $mul$experiments/x1/rtl/x1_y3_kimi.v:168$142 into $add$experiments/x1/rtl/x1_y3_kimi.v:169$143.
  merging $macc model for $mul$experiments/x1/rtl/x1_y3_kimi.v:168$140 into $add$experiments/x1/rtl/x1_y3_kimi.v:169$141.
  merging $macc model for $mul$experiments/x1/rtl/x1_y3_kimi.v:168$138 into $add$experiments/x1/rtl/x1_y3_kimi.v:169$139.
  merging $macc model for $mul$experiments/x1/rtl/x1_y3_kimi.v:168$136 into $add$experiments/x1/rtl/x1_y3_kimi.v:169$137.
  merging $macc model for $mul$experiments/x1/rtl/x1_y3_kimi.v:168$134 into $add$experiments/x1/rtl/x1_y3_kimi.v:169$135.
  merging $macc model for $mul$experiments/x1/rtl/x1_y3_kimi.v:168$132 into $add$experiments/x1/rtl/x1_y3_kimi.v:169$133.
  merging $macc model for $mul$experiments/x1/rtl/x1_y3_kimi.v:168$130 into $add$experiments/x1/rtl/x1_y3_kimi.v:169$131.
  merging $macc model for $mul$experiments/x1/rtl/x1_y3_kimi.v:168$128 into $add$experiments/x1/rtl/x1_y3_kimi.v:169$129.
  merging $macc model for $mul$experiments/x1/rtl/x1_y3_kimi.v:168$126 into $add$experiments/x1/rtl/x1_y3_kimi.v:169$127.
  merging $macc model for $mul$experiments/x1/rtl/x1_y3_kimi.v:168$124 into $add$experiments/x1/rtl/x1_y3_kimi.v:169$125.
  merging $macc model for $mul$experiments/x1/rtl/x1_y3_kimi.v:168$122 into $add$experiments/x1/rtl/x1_y3_kimi.v:169$123.
  merging $macc model for $mul$experiments/x1/rtl/x1_y3_kimi.v:168$120 into $add$experiments/x1/rtl/x1_y3_kimi.v:169$121.
  merging $macc model for $mul$experiments/x1/rtl/x1_y3_kimi.v:168$118 into $add$experiments/x1/rtl/x1_y3_kimi.v:169$119.
  merging $macc model for $mul$experiments/x1/rtl/x1_y3_kimi.v:168$116 into $add$experiments/x1/rtl/x1_y3_kimi.v:169$117.
  merging $macc model for $mul$experiments/x1/rtl/x1_y3_kimi.v:168$114 into $add$experiments/x1/rtl/x1_y3_kimi.v:169$115.
  merging $macc model for $mul$experiments/x1/rtl/x1_y3_kimi.v:168$112 into $add$experiments/x1/rtl/x1_y3_kimi.v:169$113.
  merging $macc model for $mul$experiments/x1/rtl/x1_y3_kimi.v:168$110 into $add$experiments/x1/rtl/x1_y3_kimi.v:169$111.
  merging $macc model for $mul$experiments/x1/rtl/x1_y3_kimi.v:168$108 into $add$experiments/x1/rtl/x1_y3_kimi.v:169$109.
  merging $macc model for $mul$experiments/x1/rtl/x1_y3_kimi.v:168$106 into $add$experiments/x1/rtl/x1_y3_kimi.v:169$107.
  merging $macc model for $mul$experiments/x1/rtl/x1_y3_kimi.v:168$104 into $add$experiments/x1/rtl/x1_y3_kimi.v:169$105.
  merging $macc model for $mul$experiments/x1/rtl/x1_y3_kimi.v:168$102 into $add$experiments/x1/rtl/x1_y3_kimi.v:169$103.
  merging $macc model for $mul$experiments/x1/rtl/x1_y3_kimi.v:168$100 into $add$experiments/x1/rtl/x1_y3_kimi.v:169$101.
  creating $alu model for $macc $add$experiments/x1/rtl/x1_y3_kimi.v:147$38.
  creating $alu model for $macc $add$experiments/x1/rtl/x1_y3_kimi.v:144$37.
  creating $alu model for $macc $add$experiments/x1/rtl/x1_y3_kimi.v:106$32.
  creating $alu model for $macc $add$experiments/x1/rtl/x1_y3_kimi.v:103$31.
  creating $macc cell for $add$experiments/x1/rtl/x1_y3_kimi.v:169$91: $auto$alumacc.cc:365:replace_macc$7857
  creating $macc cell for $add$experiments/x1/rtl/x1_y3_kimi.v:169$89: $auto$alumacc.cc:365:replace_macc$7858
  creating $macc cell for $add$experiments/x1/rtl/x1_y3_kimi.v:169$87: $auto$alumacc.cc:365:replace_macc$7859
  creating $macc cell for $add$experiments/x1/rtl/x1_y3_kimi.v:169$85: $auto$alumacc.cc:365:replace_macc$7860
  creating $macc cell for $add$experiments/x1/rtl/x1_y3_kimi.v:169$83: $auto$alumacc.cc:365:replace_macc$7861
  creating $macc cell for $add$experiments/x1/rtl/x1_y3_kimi.v:169$81: $auto$alumacc.cc:365:replace_macc$7862
  creating $macc cell for $add$experiments/x1/rtl/x1_y3_kimi.v:169$79: $auto$alumacc.cc:365:replace_macc$7863
  creating $macc cell for $add$experiments/x1/rtl/x1_y3_kimi.v:169$77: $auto$alumacc.cc:365:replace_macc$7864
  creating $macc cell for $add$experiments/x1/rtl/x1_y3_kimi.v:169$75: $auto$alumacc.cc:365:replace_macc$7865
  creating $macc cell for $add$experiments/x1/rtl/x1_y3_kimi.v:169$73: $auto$alumacc.cc:365:replace_macc$7866
  creating $macc cell for $add$experiments/x1/rtl/x1_y3_kimi.v:169$71: $auto$alumacc.cc:365:replace_macc$7867
  creating $macc cell for $add$experiments/x1/rtl/x1_y3_kimi.v:169$69: $auto$alumacc.cc:365:replace_macc$7868
  creating $macc cell for $add$experiments/x1/rtl/x1_y3_kimi.v:169$67: $auto$alumacc.cc:365:replace_macc$7869
  creating $macc cell for $add$experiments/x1/rtl/x1_y3_kimi.v:169$65: $auto$alumacc.cc:365:replace_macc$7870
  creating $macc cell for $add$experiments/x1/rtl/x1_y3_kimi.v:169$63: $auto$alumacc.cc:365:replace_macc$7871
  creating $macc cell for $add$experiments/x1/rtl/x1_y3_kimi.v:169$61: $auto$alumacc.cc:365:replace_macc$7872
  creating $macc cell for $add$experiments/x1/rtl/x1_y3_kimi.v:169$59: $auto$alumacc.cc:365:replace_macc$7873
  creating $macc cell for $add$experiments/x1/rtl/x1_y3_kimi.v:169$57: $auto$alumacc.cc:365:replace_macc$7874
  creating $macc cell for $add$experiments/x1/rtl/x1_y3_kimi.v:169$555: $auto$alumacc.cc:365:replace_macc$7875
  creating $macc cell for $add$experiments/x1/rtl/x1_y3_kimi.v:169$553: $auto$alumacc.cc:365:replace_macc$7876
  creating $macc cell for $add$experiments/x1/rtl/x1_y3_kimi.v:169$551: $auto$alumacc.cc:365:replace_macc$7877
  creating $macc cell for $add$experiments/x1/rtl/x1_y3_kimi.v:169$55: $auto$alumacc.cc:365:replace_macc$7878
  creating $macc cell for $add$experiments/x1/rtl/x1_y3_kimi.v:169$549: $auto$alumacc.cc:365:replace_macc$7879
  creating $macc cell for $add$experiments/x1/rtl/x1_y3_kimi.v:169$547: $auto$alumacc.cc:365:replace_macc$7880
  creating $macc cell for $add$experiments/x1/rtl/x1_y3_kimi.v:169$545: $auto$alumacc.cc:365:replace_macc$7881
  creating $macc cell for $add$experiments/x1/rtl/x1_y3_kimi.v:169$543: $auto$alumacc.cc:365:replace_macc$7882
  creating $macc cell for $add$experiments/x1/rtl/x1_y3_kimi.v:169$541: $auto$alumacc.cc:365:replace_macc$7883
  creating $macc cell for $add$experiments/x1/rtl/x1_y3_kimi.v:169$539: $auto$alumacc.cc:365:replace_macc$7884
  creating $macc cell for $add$experiments/x1/rtl/x1_y3_kimi.v:169$537: $auto$alumacc.cc:365:replace_macc$7885
  creating $macc cell for $add$experiments/x1/rtl/x1_y3_kimi.v:169$535: $auto$alumacc.cc:365:replace_macc$7886
  creating $macc cell for $add$experiments/x1/rtl/x1_y3_kimi.v:169$533: $auto$alumacc.cc:365:replace_macc$7887
  creating $macc cell for $add$experiments/x1/rtl/x1_y3_kimi.v:169$531: $auto$alumacc.cc:365:replace_macc$7888
  creating $macc cell for $add$experiments/x1/rtl/x1_y3_kimi.v:169$53: $auto$alumacc.cc:365:replace_macc$7889
  creating $macc cell for $add$experiments/x1/rtl/x1_y3_kimi.v:169$529: $auto$alumacc.cc:365:replace_macc$7890
  creating $macc cell for $add$experiments/x1/rtl/x1_y3_kimi.v:169$527: $auto$alumacc.cc:365:replace_macc$7891
  creating $macc cell for $add$experiments/x1/rtl/x1_y3_kimi.v:169$525: $auto$alumacc.cc:365:replace_macc$7892
  creating $macc cell for $add$experiments/x1/rtl/x1_y3_kimi.v:169$523: $auto$alumacc.cc:365:replace_macc$7893
  creating $macc cell for $add$experiments/x1/rtl/x1_y3_kimi.v:169$521: $auto$alumacc.cc:365:replace_macc$7894
  creating $macc cell for $add$experiments/x1/rtl/x1_y3_kimi.v:169$519: $auto$alumacc.cc:365:replace_macc$7895
  creating $macc cell for $add$experiments/x1/rtl/x1_y3_kimi.v:169$517: $auto$alumacc.cc:365:replace_macc$7896
  creating $macc cell for $add$experiments/x1/rtl/x1_y3_kimi.v:169$515: $auto$alumacc.cc:365:replace_macc$7897
  creating $macc cell for $add$experiments/x1/rtl/x1_y3_kimi.v:169$513: $auto$alumacc.cc:365:replace_macc$7898
  creating $macc cell for $add$experiments/x1/rtl/x1_y3_kimi.v:169$511: $auto$alumacc.cc:365:replace_macc$7899
  creating $macc cell for $add$experiments/x1/rtl/x1_y3_kimi.v:169$51: $auto$alumacc.cc:365:replace_macc$7900
  creating $macc cell for $add$experiments/x1/rtl/x1_y3_kimi.v:169$509: $auto$alumacc.cc:365:replace_macc$7901
  creating $macc cell for $add$experiments/x1/rtl/x1_y3_kimi.v:169$507: $auto$alumacc.cc:365:replace_macc$7902
  creating $macc cell for $add$experiments/x1/rtl/x1_y3_kimi.v:169$505: $auto$alumacc.cc:365:replace_macc$7903
  creating $macc cell for $add$experiments/x1/rtl/x1_y3_kimi.v:169$503: $auto$alumacc.cc:365:replace_macc$7904
  creating $macc cell for $add$experiments/x1/rtl/x1_y3_kimi.v:169$501: $auto$alumacc.cc:365:replace_macc$7905
  creating $macc cell for $add$experiments/x1/rtl/x1_y3_kimi.v:169$499: $auto$alumacc.cc:365:replace_macc$7906
  creating $macc cell for $add$experiments/x1/rtl/x1_y3_kimi.v:169$497: $auto$alumacc.cc:365:replace_macc$7907
  creating $macc cell for $add$experiments/x1/rtl/x1_y3_kimi.v:169$495: $auto$alumacc.cc:365:replace_macc$7908
  creating $macc cell for $add$experiments/x1/rtl/x1_y3_kimi.v:169$493: $auto$alumacc.cc:365:replace_macc$7909
  creating $macc cell for $add$experiments/x1/rtl/x1_y3_kimi.v:169$491: $auto$alumacc.cc:365:replace_macc$7910
  creating $macc cell for $add$experiments/x1/rtl/x1_y3_kimi.v:169$49: $auto$alumacc.cc:365:replace_macc$7911
  creating $macc cell for $add$experiments/x1/rtl/x1_y3_kimi.v:169$489: $auto$alumacc.cc:365:replace_macc$7912
  creating $macc cell for $add$experiments/x1/rtl/x1_y3_kimi.v:169$487: $auto$alumacc.cc:365:replace_macc$7913
  creating $macc cell for $add$experiments/x1/rtl/x1_y3_kimi.v:169$485: $auto$alumacc.cc:365:replace_macc$7914
  creating $macc cell for $add$experiments/x1/rtl/x1_y3_kimi.v:169$483: $auto$alumacc.cc:365:replace_macc$7915
  creating $macc cell for $add$experiments/x1/rtl/x1_y3_kimi.v:169$481: $auto$alumacc.cc:365:replace_macc$7916
  creating $macc cell for $add$experiments/x1/rtl/x1_y3_kimi.v:169$479: $auto$alumacc.cc:365:replace_macc$7917
  creating $macc cell for $add$experiments/x1/rtl/x1_y3_kimi.v:169$477: $auto$alumacc.cc:365:replace_macc$7918
  creating $macc cell for $add$experiments/x1/rtl/x1_y3_kimi.v:169$475: $auto$alumacc.cc:365:replace_macc$7919
  creating $macc cell for $add$experiments/x1/rtl/x1_y3_kimi.v:169$473: $auto$alumacc.cc:365:replace_macc$7920
  creating $macc cell for $add$experiments/x1/rtl/x1_y3_kimi.v:169$471: $auto$alumacc.cc:365:replace_macc$7921
  creating $macc cell for $add$experiments/x1/rtl/x1_y3_kimi.v:169$47: $auto$alumacc.cc:365:replace_macc$7922
  creating $macc cell for $add$experiments/x1/rtl/x1_y3_kimi.v:169$469: $auto$alumacc.cc:365:replace_macc$7923
  creating $macc cell for $add$experiments/x1/rtl/x1_y3_kimi.v:169$467: $auto$alumacc.cc:365:replace_macc$7924
  creating $macc cell for $add$experiments/x1/rtl/x1_y3_kimi.v:169$465: $auto$alumacc.cc:365:replace_macc$7925
  creating $macc cell for $add$experiments/x1/rtl/x1_y3_kimi.v:169$463: $auto$alumacc.cc:365:replace_macc$7926
  creating $macc cell for $add$experiments/x1/rtl/x1_y3_kimi.v:169$461: $auto$alumacc.cc:365:replace_macc$7927
  creating $macc cell for $add$experiments/x1/rtl/x1_y3_kimi.v:169$459: $auto$alumacc.cc:365:replace_macc$7928
  creating $macc cell for $add$experiments/x1/rtl/x1_y3_kimi.v:169$457: $auto$alumacc.cc:365:replace_macc$7929
  creating $macc cell for $add$experiments/x1/rtl/x1_y3_kimi.v:169$455: $auto$alumacc.cc:365:replace_macc$7930
  creating $macc cell for $add$experiments/x1/rtl/x1_y3_kimi.v:169$453: $auto$alumacc.cc:365:replace_macc$7931
  creating $macc cell for $add$experiments/x1/rtl/x1_y3_kimi.v:169$451: $auto$alumacc.cc:365:replace_macc$7932
  creating $macc cell for $add$experiments/x1/rtl/x1_y3_kimi.v:169$45: $auto$alumacc.cc:365:replace_macc$7933
  creating $macc cell for $add$experiments/x1/rtl/x1_y3_kimi.v:169$449: $auto$alumacc.cc:365:replace_macc$7934
  creating $macc cell for $add$experiments/x1/rtl/x1_y3_kimi.v:169$447: $auto$alumacc.cc:365:replace_macc$7935
  creating $macc cell for $add$experiments/x1/rtl/x1_y3_kimi.v:169$445: $auto$alumacc.cc:365:replace_macc$7936
  creating $macc cell for $add$experiments/x1/rtl/x1_y3_kimi.v:169$443: $auto$alumacc.cc:365:replace_macc$7937
  creating $macc cell for $add$experiments/x1/rtl/x1_y3_kimi.v:169$441: $auto$alumacc.cc:365:replace_macc$7938
  creating $macc cell for $add$experiments/x1/rtl/x1_y3_kimi.v:169$439: $auto$alumacc.cc:365:replace_macc$7939
  creating $macc cell for $add$experiments/x1/rtl/x1_y3_kimi.v:169$437: $auto$alumacc.cc:365:replace_macc$7940
  creating $macc cell for $add$experiments/x1/rtl/x1_y3_kimi.v:169$435: $auto$alumacc.cc:365:replace_macc$7941
  creating $macc cell for $add$experiments/x1/rtl/x1_y3_kimi.v:169$433: $auto$alumacc.cc:365:replace_macc$7942
  creating $macc cell for $add$experiments/x1/rtl/x1_y3_kimi.v:169$431: $auto$alumacc.cc:365:replace_macc$7943
  creating $macc cell for $add$experiments/x1/rtl/x1_y3_kimi.v:169$429: $auto$alumacc.cc:365:replace_macc$7944
  creating $macc cell for $add$experiments/x1/rtl/x1_y3_kimi.v:169$427: $auto$alumacc.cc:365:replace_macc$7945
  creating $macc cell for $add$experiments/x1/rtl/x1_y3_kimi.v:169$425: $auto$alumacc.cc:365:replace_macc$7946
  creating $macc cell for $add$experiments/x1/rtl/x1_y3_kimi.v:169$423: $auto$alumacc.cc:365:replace_macc$7947
  creating $macc cell for $add$experiments/x1/rtl/x1_y3_kimi.v:169$421: $auto$alumacc.cc:365:replace_macc$7948
  creating $macc cell for $add$experiments/x1/rtl/x1_y3_kimi.v:169$419: $auto$alumacc.cc:365:replace_macc$7949
  creating $macc cell for $add$experiments/x1/rtl/x1_y3_kimi.v:169$417: $auto$alumacc.cc:365:replace_macc$7950
  creating $macc cell for $add$experiments/x1/rtl/x1_y3_kimi.v:169$415: $auto$alumacc.cc:365:replace_macc$7951
  creating $macc cell for $add$experiments/x1/rtl/x1_y3_kimi.v:169$413: $auto$alumacc.cc:365:replace_macc$7952
  creating $macc cell for $add$experiments/x1/rtl/x1_y3_kimi.v:169$411: $auto$alumacc.cc:365:replace_macc$7953
  creating $macc cell for $add$experiments/x1/rtl/x1_y3_kimi.v:169$409: $auto$alumacc.cc:365:replace_macc$7954
  creating $macc cell for $add$experiments/x1/rtl/x1_y3_kimi.v:169$407: $auto$alumacc.cc:365:replace_macc$7955
  creating $macc cell for $add$experiments/x1/rtl/x1_y3_kimi.v:169$405: $auto$alumacc.cc:365:replace_macc$7956
  creating $macc cell for $add$experiments/x1/rtl/x1_y3_kimi.v:169$403: $auto$alumacc.cc:365:replace_macc$7957
  creating $macc cell for $add$experiments/x1/rtl/x1_y3_kimi.v:169$401: $auto$alumacc.cc:365:replace_macc$7958
  creating $macc cell for $add$experiments/x1/rtl/x1_y3_kimi.v:169$399: $auto$alumacc.cc:365:replace_macc$7959
  creating $macc cell for $add$experiments/x1/rtl/x1_y3_kimi.v:169$397: $auto$alumacc.cc:365:replace_macc$7960
  creating $macc cell for $add$experiments/x1/rtl/x1_y3_kimi.v:169$395: $auto$alumacc.cc:365:replace_macc$7961
  creating $macc cell for $add$experiments/x1/rtl/x1_y3_kimi.v:169$393: $auto$alumacc.cc:365:replace_macc$7962
  creating $macc cell for $add$experiments/x1/rtl/x1_y3_kimi.v:169$391: $auto$alumacc.cc:365:replace_macc$7963
  creating $macc cell for $add$experiments/x1/rtl/x1_y3_kimi.v:169$389: $auto$alumacc.cc:365:replace_macc$7964
  creating $macc cell for $add$experiments/x1/rtl/x1_y3_kimi.v:169$387: $auto$alumacc.cc:365:replace_macc$7965
  creating $macc cell for $add$experiments/x1/rtl/x1_y3_kimi.v:169$385: $auto$alumacc.cc:365:replace_macc$7966
  creating $macc cell for $add$experiments/x1/rtl/x1_y3_kimi.v:169$383: $auto$alumacc.cc:365:replace_macc$7967
  creating $macc cell for $add$experiments/x1/rtl/x1_y3_kimi.v:169$381: $auto$alumacc.cc:365:replace_macc$7968
  creating $macc cell for $add$experiments/x1/rtl/x1_y3_kimi.v:169$379: $auto$alumacc.cc:365:replace_macc$7969
  creating $macc cell for $add$experiments/x1/rtl/x1_y3_kimi.v:169$377: $auto$alumacc.cc:365:replace_macc$7970
  creating $macc cell for $add$experiments/x1/rtl/x1_y3_kimi.v:169$375: $auto$alumacc.cc:365:replace_macc$7971
  creating $macc cell for $add$experiments/x1/rtl/x1_y3_kimi.v:169$373: $auto$alumacc.cc:365:replace_macc$7972
  creating $macc cell for $add$experiments/x1/rtl/x1_y3_kimi.v:169$371: $auto$alumacc.cc:365:replace_macc$7973
  creating $macc cell for $add$experiments/x1/rtl/x1_y3_kimi.v:169$369: $auto$alumacc.cc:365:replace_macc$7974
  creating $macc cell for $add$experiments/x1/rtl/x1_y3_kimi.v:169$367: $auto$alumacc.cc:365:replace_macc$7975
  creating $macc cell for $add$experiments/x1/rtl/x1_y3_kimi.v:169$365: $auto$alumacc.cc:365:replace_macc$7976
  creating $macc cell for $add$experiments/x1/rtl/x1_y3_kimi.v:169$363: $auto$alumacc.cc:365:replace_macc$7977
  creating $macc cell for $add$experiments/x1/rtl/x1_y3_kimi.v:169$361: $auto$alumacc.cc:365:replace_macc$7978
  creating $macc cell for $add$experiments/x1/rtl/x1_y3_kimi.v:169$359: $auto$alumacc.cc:365:replace_macc$7979
  creating $macc cell for $add$experiments/x1/rtl/x1_y3_kimi.v:169$357: $auto$alumacc.cc:365:replace_macc$7980
  creating $macc cell for $add$experiments/x1/rtl/x1_y3_kimi.v:169$355: $auto$alumacc.cc:365:replace_macc$7981
  creating $macc cell for $add$experiments/x1/rtl/x1_y3_kimi.v:169$353: $auto$alumacc.cc:365:replace_macc$7982
  creating $macc cell for $add$experiments/x1/rtl/x1_y3_kimi.v:169$351: $auto$alumacc.cc:365:replace_macc$7983
  creating $macc cell for $add$experiments/x1/rtl/x1_y3_kimi.v:169$349: $auto$alumacc.cc:365:replace_macc$7984
  creating $macc cell for $add$experiments/x1/rtl/x1_y3_kimi.v:169$347: $auto$alumacc.cc:365:replace_macc$7985
  creating $macc cell for $add$experiments/x1/rtl/x1_y3_kimi.v:169$345: $auto$alumacc.cc:365:replace_macc$7986
  creating $macc cell for $add$experiments/x1/rtl/x1_y3_kimi.v:169$343: $auto$alumacc.cc:365:replace_macc$7987
  creating $macc cell for $add$experiments/x1/rtl/x1_y3_kimi.v:169$341: $auto$alumacc.cc:365:replace_macc$7988
  creating $macc cell for $add$experiments/x1/rtl/x1_y3_kimi.v:169$339: $auto$alumacc.cc:365:replace_macc$7989
  creating $macc cell for $add$experiments/x1/rtl/x1_y3_kimi.v:169$337: $auto$alumacc.cc:365:replace_macc$7990
  creating $macc cell for $add$experiments/x1/rtl/x1_y3_kimi.v:169$335: $auto$alumacc.cc:365:replace_macc$7991
  creating $macc cell for $add$experiments/x1/rtl/x1_y3_kimi.v:169$333: $auto$alumacc.cc:365:replace_macc$7992
  creating $macc cell for $add$experiments/x1/rtl/x1_y3_kimi.v:169$331: $auto$alumacc.cc:365:replace_macc$7993
  creating $macc cell for $add$experiments/x1/rtl/x1_y3_kimi.v:169$329: $auto$alumacc.cc:365:replace_macc$7994
  creating $macc cell for $add$experiments/x1/rtl/x1_y3_kimi.v:169$327: $auto$alumacc.cc:365:replace_macc$7995
  creating $macc cell for $add$experiments/x1/rtl/x1_y3_kimi.v:169$325: $auto$alumacc.cc:365:replace_macc$7996
  creating $macc cell for $add$experiments/x1/rtl/x1_y3_kimi.v:169$323: $auto$alumacc.cc:365:replace_macc$7997
  creating $macc cell for $add$experiments/x1/rtl/x1_y3_kimi.v:169$321: $auto$alumacc.cc:365:replace_macc$7998
  creating $macc cell for $add$experiments/x1/rtl/x1_y3_kimi.v:169$319: $auto$alumacc.cc:365:replace_macc$7999
  creating $macc cell for $add$experiments/x1/rtl/x1_y3_kimi.v:169$317: $auto$alumacc.cc:365:replace_macc$8000
  creating $macc cell for $add$experiments/x1/rtl/x1_y3_kimi.v:169$315: $auto$alumacc.cc:365:replace_macc$8001
  creating $macc cell for $add$experiments/x1/rtl/x1_y3_kimi.v:169$313: $auto$alumacc.cc:365:replace_macc$8002
  creating $macc cell for $add$experiments/x1/rtl/x1_y3_kimi.v:169$311: $auto$alumacc.cc:365:replace_macc$8003
  creating $macc cell for $add$experiments/x1/rtl/x1_y3_kimi.v:169$309: $auto$alumacc.cc:365:replace_macc$8004
  creating $macc cell for $add$experiments/x1/rtl/x1_y3_kimi.v:169$307: $auto$alumacc.cc:365:replace_macc$8005
  creating $macc cell for $add$experiments/x1/rtl/x1_y3_kimi.v:169$305: $auto$alumacc.cc:365:replace_macc$8006
  creating $macc cell for $add$experiments/x1/rtl/x1_y3_kimi.v:169$303: $auto$alumacc.cc:365:replace_macc$8007
  creating $macc cell for $add$experiments/x1/rtl/x1_y3_kimi.v:169$301: $auto$alumacc.cc:365:replace_macc$8008
  creating $macc cell for $add$experiments/x1/rtl/x1_y3_kimi.v:169$299: $auto$alumacc.cc:365:replace_macc$8009
  creating $macc cell for $add$experiments/x1/rtl/x1_y3_kimi.v:169$297: $auto$alumacc.cc:365:replace_macc$8010
  creating $macc cell for $add$experiments/x1/rtl/x1_y3_kimi.v:169$295: $auto$alumacc.cc:365:replace_macc$8011
  creating $macc cell for $add$experiments/x1/rtl/x1_y3_kimi.v:169$293: $auto$alumacc.cc:365:replace_macc$8012
  creating $macc cell for $add$experiments/x1/rtl/x1_y3_kimi.v:169$291: $auto$alumacc.cc:365:replace_macc$8013
  creating $macc cell for $add$experiments/x1/rtl/x1_y3_kimi.v:169$289: $auto$alumacc.cc:365:replace_macc$8014
  creating $macc cell for $add$experiments/x1/rtl/x1_y3_kimi.v:169$287: $auto$alumacc.cc:365:replace_macc$8015
  creating $macc cell for $add$experiments/x1/rtl/x1_y3_kimi.v:169$285: $auto$alumacc.cc:365:replace_macc$8016
  creating $macc cell for $add$experiments/x1/rtl/x1_y3_kimi.v:169$283: $auto$alumacc.cc:365:replace_macc$8017
  creating $macc cell for $add$experiments/x1/rtl/x1_y3_kimi.v:169$281: $auto$alumacc.cc:365:replace_macc$8018
  creating $macc cell for $add$experiments/x1/rtl/x1_y3_kimi.v:169$279: $auto$alumacc.cc:365:replace_macc$8019
  creating $macc cell for $add$experiments/x1/rtl/x1_y3_kimi.v:169$277: $auto$alumacc.cc:365:replace_macc$8020
  creating $macc cell for $add$experiments/x1/rtl/x1_y3_kimi.v:169$275: $auto$alumacc.cc:365:replace_macc$8021
  creating $macc cell for $add$experiments/x1/rtl/x1_y3_kimi.v:169$273: $auto$alumacc.cc:365:replace_macc$8022
  creating $macc cell for $add$experiments/x1/rtl/x1_y3_kimi.v:169$271: $auto$alumacc.cc:365:replace_macc$8023
  creating $macc cell for $add$experiments/x1/rtl/x1_y3_kimi.v:169$269: $auto$alumacc.cc:365:replace_macc$8024
  creating $macc cell for $add$experiments/x1/rtl/x1_y3_kimi.v:169$267: $auto$alumacc.cc:365:replace_macc$8025
  creating $macc cell for $add$experiments/x1/rtl/x1_y3_kimi.v:169$265: $auto$alumacc.cc:365:replace_macc$8026
  creating $macc cell for $add$experiments/x1/rtl/x1_y3_kimi.v:169$263: $auto$alumacc.cc:365:replace_macc$8027
  creating $macc cell for $add$experiments/x1/rtl/x1_y3_kimi.v:169$261: $auto$alumacc.cc:365:replace_macc$8028
  creating $macc cell for $add$experiments/x1/rtl/x1_y3_kimi.v:169$259: $auto$alumacc.cc:365:replace_macc$8029
  creating $macc cell for $add$experiments/x1/rtl/x1_y3_kimi.v:169$257: $auto$alumacc.cc:365:replace_macc$8030
  creating $macc cell for $add$experiments/x1/rtl/x1_y3_kimi.v:169$255: $auto$alumacc.cc:365:replace_macc$8031
  creating $macc cell for $add$experiments/x1/rtl/x1_y3_kimi.v:169$253: $auto$alumacc.cc:365:replace_macc$8032
  creating $macc cell for $add$experiments/x1/rtl/x1_y3_kimi.v:169$251: $auto$alumacc.cc:365:replace_macc$8033
  creating $macc cell for $add$experiments/x1/rtl/x1_y3_kimi.v:169$249: $auto$alumacc.cc:365:replace_macc$8034
  creating $macc cell for $add$experiments/x1/rtl/x1_y3_kimi.v:169$247: $auto$alumacc.cc:365:replace_macc$8035
  creating $macc cell for $add$experiments/x1/rtl/x1_y3_kimi.v:169$245: $auto$alumacc.cc:365:replace_macc$8036
  creating $macc cell for $add$experiments/x1/rtl/x1_y3_kimi.v:169$243: $auto$alumacc.cc:365:replace_macc$8037
  creating $macc cell for $add$experiments/x1/rtl/x1_y3_kimi.v:169$241: $auto$alumacc.cc:365:replace_macc$8038
  creating $macc cell for $add$experiments/x1/rtl/x1_y3_kimi.v:169$239: $auto$alumacc.cc:365:replace_macc$8039
  creating $macc cell for $add$experiments/x1/rtl/x1_y3_kimi.v:169$237: $auto$alumacc.cc:365:replace_macc$8040
  creating $macc cell for $add$experiments/x1/rtl/x1_y3_kimi.v:169$235: $auto$alumacc.cc:365:replace_macc$8041
  creating $macc cell for $add$experiments/x1/rtl/x1_y3_kimi.v:169$233: $auto$alumacc.cc:365:replace_macc$8042
  creating $macc cell for $add$experiments/x1/rtl/x1_y3_kimi.v:169$231: $auto$alumacc.cc:365:replace_macc$8043
  creating $macc cell for $add$experiments/x1/rtl/x1_y3_kimi.v:169$229: $auto$alumacc.cc:365:replace_macc$8044
  creating $macc cell for $add$experiments/x1/rtl/x1_y3_kimi.v:169$227: $auto$alumacc.cc:365:replace_macc$8045
  creating $macc cell for $add$experiments/x1/rtl/x1_y3_kimi.v:169$225: $auto$alumacc.cc:365:replace_macc$8046
  creating $macc cell for $add$experiments/x1/rtl/x1_y3_kimi.v:169$223: $auto$alumacc.cc:365:replace_macc$8047
  creating $macc cell for $add$experiments/x1/rtl/x1_y3_kimi.v:169$221: $auto$alumacc.cc:365:replace_macc$8048
  creating $macc cell for $add$experiments/x1/rtl/x1_y3_kimi.v:169$219: $auto$alumacc.cc:365:replace_macc$8049
  creating $macc cell for $add$experiments/x1/rtl/x1_y3_kimi.v:169$217: $auto$alumacc.cc:365:replace_macc$8050
  creating $macc cell for $add$experiments/x1/rtl/x1_y3_kimi.v:169$215: $auto$alumacc.cc:365:replace_macc$8051
  creating $macc cell for $add$experiments/x1/rtl/x1_y3_kimi.v:169$213: $auto$alumacc.cc:365:replace_macc$8052
  creating $macc cell for $add$experiments/x1/rtl/x1_y3_kimi.v:169$211: $auto$alumacc.cc:365:replace_macc$8053
  creating $macc cell for $add$experiments/x1/rtl/x1_y3_kimi.v:169$209: $auto$alumacc.cc:365:replace_macc$8054
  creating $macc cell for $add$experiments/x1/rtl/x1_y3_kimi.v:169$207: $auto$alumacc.cc:365:replace_macc$8055
  creating $macc cell for $add$experiments/x1/rtl/x1_y3_kimi.v:169$205: $auto$alumacc.cc:365:replace_macc$8056
  creating $macc cell for $add$experiments/x1/rtl/x1_y3_kimi.v:169$203: $auto$alumacc.cc:365:replace_macc$8057
  creating $macc cell for $add$experiments/x1/rtl/x1_y3_kimi.v:169$201: $auto$alumacc.cc:365:replace_macc$8058
  creating $macc cell for $add$experiments/x1/rtl/x1_y3_kimi.v:169$199: $auto$alumacc.cc:365:replace_macc$8059
  creating $macc cell for $add$experiments/x1/rtl/x1_y3_kimi.v:169$197: $auto$alumacc.cc:365:replace_macc$8060
  creating $macc cell for $add$experiments/x1/rtl/x1_y3_kimi.v:169$195: $auto$alumacc.cc:365:replace_macc$8061
  creating $macc cell for $add$experiments/x1/rtl/x1_y3_kimi.v:169$193: $auto$alumacc.cc:365:replace_macc$8062
  creating $macc cell for $add$experiments/x1/rtl/x1_y3_kimi.v:169$191: $auto$alumacc.cc:365:replace_macc$8063
  creating $macc cell for $add$experiments/x1/rtl/x1_y3_kimi.v:169$189: $auto$alumacc.cc:365:replace_macc$8064
  creating $macc cell for $add$experiments/x1/rtl/x1_y3_kimi.v:169$187: $auto$alumacc.cc:365:replace_macc$8065
  creating $macc cell for $add$experiments/x1/rtl/x1_y3_kimi.v:169$185: $auto$alumacc.cc:365:replace_macc$8066
  creating $macc cell for $add$experiments/x1/rtl/x1_y3_kimi.v:169$183: $auto$alumacc.cc:365:replace_macc$8067
  creating $macc cell for $add$experiments/x1/rtl/x1_y3_kimi.v:169$181: $auto$alumacc.cc:365:replace_macc$8068
  creating $macc cell for $add$experiments/x1/rtl/x1_y3_kimi.v:169$179: $auto$alumacc.cc:365:replace_macc$8069
  creating $macc cell for $add$experiments/x1/rtl/x1_y3_kimi.v:169$177: $auto$alumacc.cc:365:replace_macc$8070
  creating $macc cell for $add$experiments/x1/rtl/x1_y3_kimi.v:169$175: $auto$alumacc.cc:365:replace_macc$8071
  creating $macc cell for $add$experiments/x1/rtl/x1_y3_kimi.v:169$173: $auto$alumacc.cc:365:replace_macc$8072
  creating $macc cell for $add$experiments/x1/rtl/x1_y3_kimi.v:169$171: $auto$alumacc.cc:365:replace_macc$8073
  creating $macc cell for $add$experiments/x1/rtl/x1_y3_kimi.v:169$169: $auto$alumacc.cc:365:replace_macc$8074
  creating $macc cell for $add$experiments/x1/rtl/x1_y3_kimi.v:169$167: $auto$alumacc.cc:365:replace_macc$8075
  creating $macc cell for $add$experiments/x1/rtl/x1_y3_kimi.v:169$165: $auto$alumacc.cc:365:replace_macc$8076
  creating $macc cell for $add$experiments/x1/rtl/x1_y3_kimi.v:169$163: $auto$alumacc.cc:365:replace_macc$8077
  creating $macc cell for $add$experiments/x1/rtl/x1_y3_kimi.v:169$161: $auto$alumacc.cc:365:replace_macc$8078
  creating $macc cell for $add$experiments/x1/rtl/x1_y3_kimi.v:169$159: $auto$alumacc.cc:365:replace_macc$8079
  creating $macc cell for $add$experiments/x1/rtl/x1_y3_kimi.v:169$157: $auto$alumacc.cc:365:replace_macc$8080
  creating $macc cell for $add$experiments/x1/rtl/x1_y3_kimi.v:169$155: $auto$alumacc.cc:365:replace_macc$8081
  creating $macc cell for $add$experiments/x1/rtl/x1_y3_kimi.v:169$153: $auto$alumacc.cc:365:replace_macc$8082
  creating $macc cell for $add$experiments/x1/rtl/x1_y3_kimi.v:169$151: $auto$alumacc.cc:365:replace_macc$8083
  creating $macc cell for $add$experiments/x1/rtl/x1_y3_kimi.v:169$149: $auto$alumacc.cc:365:replace_macc$8084
  creating $macc cell for $add$experiments/x1/rtl/x1_y3_kimi.v:169$147: $auto$alumacc.cc:365:replace_macc$8085
  creating $macc cell for $add$experiments/x1/rtl/x1_y3_kimi.v:169$145: $auto$alumacc.cc:365:replace_macc$8086
  creating $macc cell for $add$experiments/x1/rtl/x1_y3_kimi.v:169$143: $auto$alumacc.cc:365:replace_macc$8087
  creating $macc cell for $add$experiments/x1/rtl/x1_y3_kimi.v:169$141: $auto$alumacc.cc:365:replace_macc$8088
  creating $macc cell for $add$experiments/x1/rtl/x1_y3_kimi.v:169$139: $auto$alumacc.cc:365:replace_macc$8089
  creating $macc cell for $add$experiments/x1/rtl/x1_y3_kimi.v:169$137: $auto$alumacc.cc:365:replace_macc$8090
  creating $macc cell for $add$experiments/x1/rtl/x1_y3_kimi.v:169$135: $auto$alumacc.cc:365:replace_macc$8091
  creating $macc cell for $add$experiments/x1/rtl/x1_y3_kimi.v:169$133: $auto$alumacc.cc:365:replace_macc$8092
  creating $macc cell for $add$experiments/x1/rtl/x1_y3_kimi.v:169$131: $auto$alumacc.cc:365:replace_macc$8093
  creating $macc cell for $add$experiments/x1/rtl/x1_y3_kimi.v:169$129: $auto$alumacc.cc:365:replace_macc$8094
  creating $macc cell for $add$experiments/x1/rtl/x1_y3_kimi.v:169$127: $auto$alumacc.cc:365:replace_macc$8095
  creating $macc cell for $add$experiments/x1/rtl/x1_y3_kimi.v:169$125: $auto$alumacc.cc:365:replace_macc$8096
  creating $macc cell for $add$experiments/x1/rtl/x1_y3_kimi.v:169$123: $auto$alumacc.cc:365:replace_macc$8097
  creating $macc cell for $add$experiments/x1/rtl/x1_y3_kimi.v:169$121: $auto$alumacc.cc:365:replace_macc$8098
  creating $macc cell for $add$experiments/x1/rtl/x1_y3_kimi.v:169$119: $auto$alumacc.cc:365:replace_macc$8099
  creating $macc cell for $add$experiments/x1/rtl/x1_y3_kimi.v:169$117: $auto$alumacc.cc:365:replace_macc$8100
  creating $macc cell for $add$experiments/x1/rtl/x1_y3_kimi.v:169$115: $auto$alumacc.cc:365:replace_macc$8101
  creating $macc cell for $add$experiments/x1/rtl/x1_y3_kimi.v:169$113: $auto$alumacc.cc:365:replace_macc$8102
  creating $macc cell for $add$experiments/x1/rtl/x1_y3_kimi.v:169$111: $auto$alumacc.cc:365:replace_macc$8103
  creating $macc cell for $add$experiments/x1/rtl/x1_y3_kimi.v:169$109: $auto$alumacc.cc:365:replace_macc$8104
  creating $macc cell for $add$experiments/x1/rtl/x1_y3_kimi.v:169$107: $auto$alumacc.cc:365:replace_macc$8105
  creating $macc cell for $add$experiments/x1/rtl/x1_y3_kimi.v:169$105: $auto$alumacc.cc:365:replace_macc$8106
  creating $macc cell for $add$experiments/x1/rtl/x1_y3_kimi.v:169$103: $auto$alumacc.cc:365:replace_macc$8107
  creating $macc cell for $add$experiments/x1/rtl/x1_y3_kimi.v:169$101: $auto$alumacc.cc:365:replace_macc$8108
  creating $macc cell for $add$experiments/x1/rtl/x1_y3_kimi.v:169$93: $auto$alumacc.cc:365:replace_macc$8109
  creating $macc cell for $add$experiments/x1/rtl/x1_y3_kimi.v:169$95: $auto$alumacc.cc:365:replace_macc$8110
  creating $macc cell for $add$experiments/x1/rtl/x1_y3_kimi.v:169$97: $auto$alumacc.cc:365:replace_macc$8111
  creating $macc cell for $add$experiments/x1/rtl/x1_y3_kimi.v:169$99: $auto$alumacc.cc:365:replace_macc$8112
  creating $alu model for $lt$experiments/x1/rtl/x1_y3_kimi.v:60$24 ($lt): new $alu
  creating $alu cell for $lt$experiments/x1/rtl/x1_y3_kimi.v:60$24: $auto$alumacc.cc:485:replace_alu$8114
  creating $alu cell for $add$experiments/x1/rtl/x1_y3_kimi.v:103$31: $auto$alumacc.cc:485:replace_alu$8119
  creating $alu cell for $add$experiments/x1/rtl/x1_y3_kimi.v:106$32: $auto$alumacc.cc:485:replace_alu$8122
  creating $alu cell for $add$experiments/x1/rtl/x1_y3_kimi.v:144$37: $auto$alumacc.cc:485:replace_alu$8125
  creating $alu cell for $add$experiments/x1/rtl/x1_y3_kimi.v:147$38: $auto$alumacc.cc:485:replace_alu$8128
  created 5 $alu and 256 $macc cells.

3.13. Executing SHARE pass (SAT-based resource sharing).
Found 256 cells in module x1_y3_kimi that may be considered for resource sharing.
  Analyzing resource sharing options for $mul$experiments/x1/rtl/x1_y3_kimi.v:168$98 ($mul):
    Found cell that is never activated: $mul$experiments/x1/rtl/x1_y3_kimi.v:168$98
    Cell is never active. Sharing is pointless, we simply remove it.
  Analyzing resource sharing options for $mul$experiments/x1/rtl/x1_y3_kimi.v:168$96 ($mul):
    Found cell that is never activated: $mul$experiments/x1/rtl/x1_y3_kimi.v:168$96
    Cell is never active. Sharing is pointless, we simply remove it.
  Analyzing resource sharing options for $mul$experiments/x1/rtl/x1_y3_kimi.v:168$94 ($mul):
    Found cell that is never activated: $mul$experiments/x1/rtl/x1_y3_kimi.v:168$94
    Cell is never active. Sharing is pointless, we simply remove it.
  Analyzing resource sharing options for $mul$experiments/x1/rtl/x1_y3_kimi.v:168$92 ($mul):
    Found cell that is never activated: $mul$experiments/x1/rtl/x1_y3_kimi.v:168$92
    Cell is never active. Sharing is pointless, we simply remove it.
  Analyzing resource sharing options for $mul$experiments/x1/rtl/x1_y3_kimi.v:168$90 ($mul):
    Found cell that is never activated: $mul$experiments/x1/rtl/x1_y3_kimi.v:168$90
    Cell is never active. Sharing is pointless, we simply remove it.
  Analyzing resource sharing options for $mul$experiments/x1/rtl/x1_y3_kimi.v:168$88 ($mul):
    Found cell that is never activated: $mul$experiments/x1/rtl/x1_y3_kimi.v:168$88
    Cell is never active. Sharing is pointless, we simply remove it.
  Analyzing resource sharing options for $mul$experiments/x1/rtl/x1_y3_kimi.v:168$86 ($mul):
    Found cell that is never activated: $mul$experiments/x1/rtl/x1_y3_kimi.v:168$86
    Cell is never active. Sharing is pointless, we simply remove it.
  Analyzing resource sharing options for $mul$experiments/x1/rtl/x1_y3_kimi.v:168$84 ($mul):
    Found cell that is never activated: $mul$experiments/x1/rtl/x1_y3_kimi.v:168$84
    Cell is never active. Sharing is pointless, we simply remove it.
  Analyzing resource sharing options for $mul$experiments/x1/rtl/x1_y3_kimi.v:168$82 ($mul):
    Found cell that is never activated: $mul$experiments/x1/rtl/x1_y3_kimi.v:168$82
    Cell is never active. Sharing is pointless, we simply remove it.
  Analyzing resource sharing options for $mul$experiments/x1/rtl/x1_y3_kimi.v:168$80 ($mul):
    Found cell that is never activated: $mul$experiments/x1/rtl/x1_y3_kimi.v:168$80
    Cell is never active. Sharing is pointless, we simply remove it.
  Analyzing resource sharing options for $mul$experiments/x1/rtl/x1_y3_kimi.v:168$78 ($mul):
    Found cell that is never activated: $mul$experiments/x1/rtl/x1_y3_kimi.v:168$78
    Cell is never active. Sharing is pointless, we simply remove it.
  Analyzing resource sharing options for $mul$experiments/x1/rtl/x1_y3_kimi.v:168$76 ($mul):
    Found cell that is never activated: $mul$experiments/x1/rtl/x1_y3_kimi.v:168$76
    Cell is never active. Sharing is pointless, we simply remove it.
  Analyzing resource sharing options for $mul$experiments/x1/rtl/x1_y3_kimi.v:168$74 ($mul):
    Found cell that is never activated: $mul$experiments/x1/rtl/x1_y3_kimi.v:168$74
    Cell is never active. Sharing is pointless, we simply remove it.
  Analyzing resource sharing options for $mul$experiments/x1/rtl/x1_y3_kimi.v:168$72 ($mul):
    Found cell that is never activated: $mul$experiments/x1/rtl/x1_y3_kimi.v:168$72
    Cell is never active. Sharing is pointless, we simply remove it.
  Analyzing resource sharing options for $mul$experiments/x1/rtl/x1_y3_kimi.v:168$70 ($mul):
    Found cell that is never activated: $mul$experiments/x1/rtl/x1_y3_kimi.v:168$70
    Cell is never active. Sharing is pointless, we simply remove it.
  Analyzing resource sharing options for $mul$experiments/x1/rtl/x1_y3_kimi.v:168$68 ($mul):
    Found cell that is never activated: $mul$experiments/x1/rtl/x1_y3_kimi.v:168$68
    Cell is never active. Sharing is pointless, we simply remove it.
  Analyzing resource sharing options for $mul$experiments/x1/rtl/x1_y3_kimi.v:168$66 ($mul):
    Found cell that is never activated: $mul$experiments/x1/rtl/x1_y3_kimi.v:168$66
    Cell is never active. Sharing is pointless, we simply remove it.
  Analyzing resource sharing options for $mul$experiments/x1/rtl/x1_y3_kimi.v:168$64 ($mul):
    Found cell that is never activated: $mul$experiments/x1/rtl/x1_y3_kimi.v:168$64
    Cell is never active. Sharing is pointless, we simply remove it.
  Analyzing resource sharing options for $mul$experiments/x1/rtl/x1_y3_kimi.v:168$62 ($mul):
    Found cell that is never activated: $mul$experiments/x1/rtl/x1_y3_kimi.v:168$62
    Cell is never active. Sharing is pointless, we simply remove it.
  Analyzing resource sharing options for $mul$experiments/x1/rtl/x1_y3_kimi.v:168$60 ($mul):
    Found cell that is never activated: $mul$experiments/x1/rtl/x1_y3_kimi.v:168$60
    Cell is never active. Sharing is pointless, we simply remove it.
  Analyzing resource sharing options for $mul$experiments/x1/rtl/x1_y3_kimi.v:168$58 ($mul):
    Found cell that is never activated: $mul$experiments/x1/rtl/x1_y3_kimi.v:168$58
    Cell is never active. Sharing is pointless, we simply remove it.
  Analyzing resource sharing options for $mul$experiments/x1/rtl/x1_y3_kimi.v:168$56 ($mul):
    Found cell that is never activated: $mul$experiments/x1/rtl/x1_y3_kimi.v:168$56
    Cell is never active. Sharing is pointless, we simply remove it.
  Analyzing resource sharing options for $mul$experiments/x1/rtl/x1_y3_kimi.v:168$554 ($mul):
    Found cell that is never activated: $mul$experiments/x1/rtl/x1_y3_kimi.v:168$554
    Cell is never active. Sharing is pointless, we simply remove it.
  Analyzing resource sharing options for $mul$experiments/x1/rtl/x1_y3_kimi.v:168$552 ($mul):
    Found cell that is never activated: $mul$experiments/x1/rtl/x1_y3_kimi.v:168$552
    Cell is never active. Sharing is pointless, we simply remove it.
  Analyzing resource sharing options for $mul$experiments/x1/rtl/x1_y3_kimi.v:168$550 ($mul):
    Found cell that is never activated: $mul$experiments/x1/rtl/x1_y3_kimi.v:168$550
    Cell is never active. Sharing is pointless, we simply remove it.
  Analyzing resource sharing options for $mul$experiments/x1/rtl/x1_y3_kimi.v:168$548 ($mul):
    Found cell that is never activated: $mul$experiments/x1/rtl/x1_y3_kimi.v:168$548
    Cell is never active. Sharing is pointless, we simply remove it.
  Analyzing resource sharing options for $mul$experiments/x1/rtl/x1_y3_kimi.v:168$546 ($mul):
    Found cell that is never activated: $mul$experiments/x1/rtl/x1_y3_kimi.v:168$546
    Cell is never active. Sharing is pointless, we simply remove it.
  Analyzing resource sharing options for $mul$experiments/x1/rtl/x1_y3_kimi.v:168$544 ($mul):
    Found cell that is never activated: $mul$experiments/x1/rtl/x1_y3_kimi.v:168$544
    Cell is never active. Sharing is pointless, we simply remove it.
  Analyzing resource sharing options for $mul$experiments/x1/rtl/x1_y3_kimi.v:168$542 ($mul):
    Found cell that is never activated: $mul$experiments/x1/rtl/x1_y3_kimi.v:168$542
    Cell is never active. Sharing is pointless, we simply remove it.
  Analyzing resource sharing options for $mul$experiments/x1/rtl/x1_y3_kimi.v:168$540 ($mul):
    Found cell that is never activated: $mul$experiments/x1/rtl/x1_y3_kimi.v:168$540
    Cell is never active. Sharing is pointless, we simply remove it.
  Analyzing resource sharing options for $mul$experiments/x1/rtl/x1_y3_kimi.v:168$54 ($mul):
    Found cell that is never activated: $mul$experiments/x1/rtl/x1_y3_kimi.v:168$54
    Cell is never active. Sharing is pointless, we simply remove it.
  Analyzing resource sharing options for $mul$experiments/x1/rtl/x1_y3_kimi.v:168$538 ($mul):
    Found cell that is never activated: $mul$experiments/x1/rtl/x1_y3_kimi.v:168$538
    Cell is never active. Sharing is pointless, we simply remove it.
  Analyzing resource sharing options for $mul$experiments/x1/rtl/x1_y3_kimi.v:168$536 ($mul):
    Found cell that is never activated: $mul$experiments/x1/rtl/x1_y3_kimi.v:168$536
    Cell is never active. Sharing is pointless, we simply remove it.
  Analyzing resource sharing options for $mul$experiments/x1/rtl/x1_y3_kimi.v:168$534 ($mul):
    Found cell that is never activated: $mul$experiments/x1/rtl/x1_y3_kimi.v:168$534
    Cell is never active. Sharing is pointless, we simply remove it.
  Analyzing resource sharing options for $mul$experiments/x1/rtl/x1_y3_kimi.v:168$532 ($mul):
    Found cell that is never activated: $mul$experiments/x1/rtl/x1_y3_kimi.v:168$532
    Cell is never active. Sharing is pointless, we simply remove it.
  Analyzing resource sharing options for $mul$experiments/x1/rtl/x1_y3_kimi.v:168$530 ($mul):
    Found cell that is never activated: $mul$experiments/x1/rtl/x1_y3_kimi.v:168$530
    Cell is never active. Sharing is pointless, we simply remove it.
  Analyzing resource sharing options for $mul$experiments/x1/rtl/x1_y3_kimi.v:168$528 ($mul):
    Found cell that is never activated: $mul$experiments/x1/rtl/x1_y3_kimi.v:168$528
    Cell is never active. Sharing is pointless, we simply remove it.
  Analyzing resource sharing options for $mul$experiments/x1/rtl/x1_y3_kimi.v:168$526 ($mul):
    Found cell that is never activated: $mul$experiments/x1/rtl/x1_y3_kimi.v:168$526
    Cell is never active. Sharing is pointless, we simply remove it.
  Analyzing resource sharing options for $mul$experiments/x1/rtl/x1_y3_kimi.v:168$524 ($mul):
    Found cell that is never activated: $mul$experiments/x1/rtl/x1_y3_kimi.v:168$524
    Cell is never active. Sharing is pointless, we simply remove it.
  Analyzing resource sharing options for $mul$experiments/x1/rtl/x1_y3_kimi.v:168$522 ($mul):
    Found cell that is never activated: $mul$experiments/x1/rtl/x1_y3_kimi.v:168$522
    Cell is never active. Sharing is pointless, we simply remove it.
  Analyzing resource sharing options for $mul$experiments/x1/rtl/x1_y3_kimi.v:168$520 ($mul):
    Found cell that is never activated: $mul$experiments/x1/rtl/x1_y3_kimi.v:168$520
    Cell is never active. Sharing is pointless, we simply remove it.
  Analyzing resource sharing options for $mul$experiments/x1/rtl/x1_y3_kimi.v:168$52 ($mul):
    Found cell that is never activated: $mul$experiments/x1/rtl/x1_y3_kimi.v:168$52
    Cell is never active. Sharing is pointless, we simply remove it.
  Analyzing resource sharing options for $mul$experiments/x1/rtl/x1_y3_kimi.v:168$518 ($mul):
    Found cell that is never activated: $mul$experiments/x1/rtl/x1_y3_kimi.v:168$518
    Cell is never active. Sharing is pointless, we simply remove it.
  Analyzing resource sharing options for $mul$experiments/x1/rtl/x1_y3_kimi.v:168$516 ($mul):
    Found cell that is never activated: $mul$experiments/x1/rtl/x1_y3_kimi.v:168$516
    Cell is never active. Sharing is pointless, we simply remove it.
  Analyzing resource sharing options for $mul$experiments/x1/rtl/x1_y3_kimi.v:168$514 ($mul):
    Found cell that is never activated: $mul$experiments/x1/rtl/x1_y3_kimi.v:168$514
    Cell is never active. Sharing is pointless, we simply remove it.
  Analyzing resource sharing options for $mul$experiments/x1/rtl/x1_y3_kimi.v:168$512 ($mul):
    Found cell that is never activated: $mul$experiments/x1/rtl/x1_y3_kimi.v:168$512
    Cell is never active. Sharing is pointless, we simply remove it.
  Analyzing resource sharing options for $mul$experiments/x1/rtl/x1_y3_kimi.v:168$510 ($mul):
    Found cell that is never activated: $mul$experiments/x1/rtl/x1_y3_kimi.v:168$510
    Cell is never active. Sharing is pointless, we simply remove it.
  Analyzing resource sharing options for $mul$experiments/x1/rtl/x1_y3_kimi.v:168$508 ($mul):
    Found cell that is never activated: $mul$experiments/x1/rtl/x1_y3_kimi.v:168$508
    Cell is never active. Sharing is pointless, we simply remove it.
  Analyzing resource sharing options for $mul$experiments/x1/rtl/x1_y3_kimi.v:168$506 ($mul):
    Found cell that is never activated: $mul$experiments/x1/rtl/x1_y3_kimi.v:168$506
    Cell is never active. Sharing is pointless, we simply remove it.
  Analyzing resource sharing options for $mul$experiments/x1/rtl/x1_y3_kimi.v:168$504 ($mul):
    Found cell that is never activated: $mul$experiments/x1/rtl/x1_y3_kimi.v:168$504
    Cell is never active. Sharing is pointless, we simply remove it.
  Analyzing resource sharing options for $mul$experiments/x1/rtl/x1_y3_kimi.v:168$502 ($mul):
    Found cell that is never activated: $mul$experiments/x1/rtl/x1_y3_kimi.v:168$502
    Cell is never active. Sharing is pointless, we simply remove it.
  Analyzing resource sharing options for $mul$experiments/x1/rtl/x1_y3_kimi.v:168$500 ($mul):
    Found cell that is never activated: $mul$experiments/x1/rtl/x1_y3_kimi.v:168$500
    Cell is never active. Sharing is pointless, we simply remove it.
  Analyzing resource sharing options for $mul$experiments/x1/rtl/x1_y3_kimi.v:168$50 ($mul):
    Found cell that is never activated: $mul$experiments/x1/rtl/x1_y3_kimi.v:168$50
    Cell is never active. Sharing is pointless, we simply remove it.
  Analyzing resource sharing options for $mul$experiments/x1/rtl/x1_y3_kimi.v:168$498 ($mul):
    Found cell that is never activated: $mul$experiments/x1/rtl/x1_y3_kimi.v:168$498
    Cell is never active. Sharing is pointless, we simply remove it.
  Analyzing resource sharing options for $mul$experiments/x1/rtl/x1_y3_kimi.v:168$496 ($mul):
    Found cell that is never activated: $mul$experiments/x1/rtl/x1_y3_kimi.v:168$496
    Cell is never active. Sharing is pointless, we simply remove it.
  Analyzing resource sharing options for $mul$experiments/x1/rtl/x1_y3_kimi.v:168$494 ($mul):
    Found cell that is never activated: $mul$experiments/x1/rtl/x1_y3_kimi.v:168$494
    Cell is never active. Sharing is pointless, we simply remove it.
  Analyzing resource sharing options for $mul$experiments/x1/rtl/x1_y3_kimi.v:168$492 ($mul):
    Found cell that is never activated: $mul$experiments/x1/rtl/x1_y3_kimi.v:168$492
    Cell is never active. Sharing is pointless, we simply remove it.
  Analyzing resource sharing options for $mul$experiments/x1/rtl/x1_y3_kimi.v:168$490 ($mul):
    Found cell that is never activated: $mul$experiments/x1/rtl/x1_y3_kimi.v:168$490
    Cell is never active. Sharing is pointless, we simply remove it.
  Analyzing resource sharing options for $mul$experiments/x1/rtl/x1_y3_kimi.v:168$488 ($mul):
    Found cell that is never activated: $mul$experiments/x1/rtl/x1_y3_kimi.v:168$488
    Cell is never active. Sharing is pointless, we simply remove it.
  Analyzing resource sharing options for $mul$experiments/x1/rtl/x1_y3_kimi.v:168$486 ($mul):
    Found cell that is never activated: $mul$experiments/x1/rtl/x1_y3_kimi.v:168$486
    Cell is never active. Sharing is pointless, we simply remove it.
  Analyzing resource sharing options for $mul$experiments/x1/rtl/x1_y3_kimi.v:168$484 ($mul):
    Found cell that is never activated: $mul$experiments/x1/rtl/x1_y3_kimi.v:168$484
    Cell is never active. Sharing is pointless, we simply remove it.
  Analyzing resource sharing options for $mul$experiments/x1/rtl/x1_y3_kimi.v:168$482 ($mul):
    Found cell that is never activated: $mul$experiments/x1/rtl/x1_y3_kimi.v:168$482
    Cell is never active. Sharing is pointless, we simply remove it.
  Analyzing resource sharing options for $mul$experiments/x1/rtl/x1_y3_kimi.v:168$480 ($mul):
    Found cell that is never activated: $mul$experiments/x1/rtl/x1_y3_kimi.v:168$480
    Cell is never active. Sharing is pointless, we simply remove it.
  Analyzing resource sharing options for $mul$experiments/x1/rtl/x1_y3_kimi.v:168$48 ($mul):
    Found cell that is never activated: $mul$experiments/x1/rtl/x1_y3_kimi.v:168$48
    Cell is never active. Sharing is pointless, we simply remove it.
  Analyzing resource sharing options for $mul$experiments/x1/rtl/x1_y3_kimi.v:168$478 ($mul):
    Found cell that is never activated: $mul$experiments/x1/rtl/x1_y3_kimi.v:168$478
    Cell is never active. Sharing is pointless, we simply remove it.
  Analyzing resource sharing options for $mul$experiments/x1/rtl/x1_y3_kimi.v:168$476 ($mul):
    Found cell that is never activated: $mul$experiments/x1/rtl/x1_y3_kimi.v:168$476
    Cell is never active. Sharing is pointless, we simply remove it.
  Analyzing resource sharing options for $mul$experiments/x1/rtl/x1_y3_kimi.v:168$474 ($mul):
    Found cell that is never activated: $mul$experiments/x1/rtl/x1_y3_kimi.v:168$474
    Cell is never active. Sharing is pointless, we simply remove it.
  Analyzing resource sharing options for $mul$experiments/x1/rtl/x1_y3_kimi.v:168$472 ($mul):
    Found cell that is never activated: $mul$experiments/x1/rtl/x1_y3_kimi.v:168$472
    Cell is never active. Sharing is pointless, we simply remove it.
  Analyzing resource sharing options for $mul$experiments/x1/rtl/x1_y3_kimi.v:168$470 ($mul):
    Found cell that is never activated: $mul$experiments/x1/rtl/x1_y3_kimi.v:168$470
    Cell is never active. Sharing is pointless, we simply remove it.
  Analyzing resource sharing options for $mul$experiments/x1/rtl/x1_y3_kimi.v:168$468 ($mul):
    Found cell that is never activated: $mul$experiments/x1/rtl/x1_y3_kimi.v:168$468
    Cell is never active. Sharing is pointless, we simply remove it.
  Analyzing resource sharing options for $mul$experiments/x1/rtl/x1_y3_kimi.v:168$466 ($mul):
    Found cell that is never activated: $mul$experiments/x1/rtl/x1_y3_kimi.v:168$466
    Cell is never active. Sharing is pointless, we simply remove it.
  Analyzing resource sharing options for $mul$experiments/x1/rtl/x1_y3_kimi.v:168$464 ($mul):
    Found cell that is never activated: $mul$experiments/x1/rtl/x1_y3_kimi.v:168$464
    Cell is never active. Sharing is pointless, we simply remove it.
  Analyzing resource sharing options for $mul$experiments/x1/rtl/x1_y3_kimi.v:168$462 ($mul):
    Found cell that is never activated: $mul$experiments/x1/rtl/x1_y3_kimi.v:168$462
    Cell is never active. Sharing is pointless, we simply remove it.
  Analyzing resource sharing options for $mul$experiments/x1/rtl/x1_y3_kimi.v:168$460 ($mul):
    Found cell that is never activated: $mul$experiments/x1/rtl/x1_y3_kimi.v:168$460
    Cell is never active. Sharing is pointless, we simply remove it.
  Analyzing resource sharing options for $mul$experiments/x1/rtl/x1_y3_kimi.v:168$46 ($mul):
    Found cell that is never activated: $mul$experiments/x1/rtl/x1_y3_kimi.v:168$46
    Cell is never active. Sharing is pointless, we simply remove it.
  Analyzing resource sharing options for $mul$experiments/x1/rtl/x1_y3_kimi.v:168$458 ($mul):
    Found cell that is never activated: $mul$experiments/x1/rtl/x1_y3_kimi.v:168$458
    Cell is never active. Sharing is pointless, we simply remove it.
  Analyzing resource sharing options for $mul$experiments/x1/rtl/x1_y3_kimi.v:168$456 ($mul):
    Found cell that is never activated: $mul$experiments/x1/rtl/x1_y3_kimi.v:168$456
    Cell is never active. Sharing is pointless, we simply remove it.
  Analyzing resource sharing options for $mul$experiments/x1/rtl/x1_y3_kimi.v:168$454 ($mul):
    Found cell that is never activated: $mul$experiments/x1/rtl/x1_y3_kimi.v:168$454
    Cell is never active. Sharing is pointless, we simply remove it.
  Analyzing resource sharing options for $mul$experiments/x1/rtl/x1_y3_kimi.v:168$452 ($mul):
    Found cell that is never activated: $mul$experiments/x1/rtl/x1_y3_kimi.v:168$452
    Cell is never active. Sharing is pointless, we simply remove it.
  Analyzing resource sharing options for $mul$experiments/x1/rtl/x1_y3_kimi.v:168$450 ($mul):
    Found cell that is never activated: $mul$experiments/x1/rtl/x1_y3_kimi.v:168$450
    Cell is never active. Sharing is pointless, we simply remove it.
  Analyzing resource sharing options for $mul$experiments/x1/rtl/x1_y3_kimi.v:168$448 ($mul):
    Found cell that is never activated: $mul$experiments/x1/rtl/x1_y3_kimi.v:168$448
    Cell is never active. Sharing is pointless, we simply remove it.
  Analyzing resource sharing options for $mul$experiments/x1/rtl/x1_y3_kimi.v:168$446 ($mul):
    Found cell that is never activated: $mul$experiments/x1/rtl/x1_y3_kimi.v:168$446
    Cell is never active. Sharing is pointless, we simply remove it.
  Analyzing resource sharing options for $mul$experiments/x1/rtl/x1_y3_kimi.v:168$444 ($mul):
    Found cell that is never activated: $mul$experiments/x1/rtl/x1_y3_kimi.v:168$444
    Cell is never active. Sharing is pointless, we simply remove it.
  Analyzing resource sharing options for $mul$experiments/x1/rtl/x1_y3_kimi.v:168$442 ($mul):
    Found cell that is never activated: $mul$experiments/x1/rtl/x1_y3_kimi.v:168$442
    Cell is never active. Sharing is pointless, we simply remove it.
  Analyzing resource sharing options for $mul$experiments/x1/rtl/x1_y3_kimi.v:168$440 ($mul):
    Found cell that is never activated: $mul$experiments/x1/rtl/x1_y3_kimi.v:168$440
    Cell is never active. Sharing is pointless, we simply remove it.
  Analyzing resource sharing options for $mul$experiments/x1/rtl/x1_y3_kimi.v:168$44 ($mul):
    Found cell that is never activated: $mul$experiments/x1/rtl/x1_y3_kimi.v:168$44
    Cell is never active. Sharing is pointless, we simply remove it.
  Analyzing resource sharing options for $mul$experiments/x1/rtl/x1_y3_kimi.v:168$438 ($mul):
    Found cell that is never activated: $mul$experiments/x1/rtl/x1_y3_kimi.v:168$438
    Cell is never active. Sharing is pointless, we simply remove it.
  Analyzing resource sharing options for $mul$experiments/x1/rtl/x1_y3_kimi.v:168$436 ($mul):
    Found cell that is never activated: $mul$experiments/x1/rtl/x1_y3_kimi.v:168$436
    Cell is never active. Sharing is pointless, we simply remove it.
  Analyzing resource sharing options for $mul$experiments/x1/rtl/x1_y3_kimi.v:168$434 ($mul):
    Found cell that is never activated: $mul$experiments/x1/rtl/x1_y3_kimi.v:168$434
    Cell is never active. Sharing is pointless, we simply remove it.
  Analyzing resource sharing options for $mul$experiments/x1/rtl/x1_y3_kimi.v:168$432 ($mul):
    Found cell that is never activated: $mul$experiments/x1/rtl/x1_y3_kimi.v:168$432
    Cell is never active. Sharing is pointless, we simply remove it.
  Analyzing resource sharing options for $mul$experiments/x1/rtl/x1_y3_kimi.v:168$430 ($mul):
    Found cell that is never activated: $mul$experiments/x1/rtl/x1_y3_kimi.v:168$430
    Cell is never active. Sharing is pointless, we simply remove it.
  Analyzing resource sharing options for $mul$experiments/x1/rtl/x1_y3_kimi.v:168$428 ($mul):
    Found cell that is never activated: $mul$experiments/x1/rtl/x1_y3_kimi.v:168$428
    Cell is never active. Sharing is pointless, we simply remove it.
  Analyzing resource sharing options for $mul$experiments/x1/rtl/x1_y3_kimi.v:168$426 ($mul):
    Found cell that is never activated: $mul$experiments/x1/rtl/x1_y3_kimi.v:168$426
    Cell is never active. Sharing is pointless, we simply remove it.
  Analyzing resource sharing options for $mul$experiments/x1/rtl/x1_y3_kimi.v:168$424 ($mul):
    Found cell that is never activated: $mul$experiments/x1/rtl/x1_y3_kimi.v:168$424
    Cell is never active. Sharing is pointless, we simply remove it.
  Analyzing resource sharing options for $mul$experiments/x1/rtl/x1_y3_kimi.v:168$422 ($mul):
    Found cell that is never activated: $mul$experiments/x1/rtl/x1_y3_kimi.v:168$422
    Cell is never active. Sharing is pointless, we simply remove it.
  Analyzing resource sharing options for $mul$experiments/x1/rtl/x1_y3_kimi.v:168$420 ($mul):
    Found cell that is never activated: $mul$experiments/x1/rtl/x1_y3_kimi.v:168$420
    Cell is never active. Sharing is pointless, we simply remove it.
  Analyzing resource sharing options for $mul$experiments/x1/rtl/x1_y3_kimi.v:168$418 ($mul):
    Found cell that is never activated: $mul$experiments/x1/rtl/x1_y3_kimi.v:168$418
    Cell is never active. Sharing is pointless, we simply remove it.
  Analyzing resource sharing options for $mul$experiments/x1/rtl/x1_y3_kimi.v:168$416 ($mul):
    Found cell that is never activated: $mul$experiments/x1/rtl/x1_y3_kimi.v:168$416
    Cell is never active. Sharing is pointless, we simply remove it.
  Analyzing resource sharing options for $mul$experiments/x1/rtl/x1_y3_kimi.v:168$414 ($mul):
    Found cell that is never activated: $mul$experiments/x1/rtl/x1_y3_kimi.v:168$414
    Cell is never active. Sharing is pointless, we simply remove it.
  Analyzing resource sharing options for $mul$experiments/x1/rtl/x1_y3_kimi.v:168$412 ($mul):
    Found cell that is never activated: $mul$experiments/x1/rtl/x1_y3_kimi.v:168$412
    Cell is never active. Sharing is pointless, we simply remove it.
  Analyzing resource sharing options for $mul$experiments/x1/rtl/x1_y3_kimi.v:168$410 ($mul):
    Found cell that is never activated: $mul$experiments/x1/rtl/x1_y3_kimi.v:168$410
    Cell is never active. Sharing is pointless, we simply remove it.
  Analyzing resource sharing options for $mul$experiments/x1/rtl/x1_y3_kimi.v:168$408 ($mul):
    Found cell that is never activated: $mul$experiments/x1/rtl/x1_y3_kimi.v:168$408
    Cell is never active. Sharing is pointless, we simply remove it.
  Analyzing resource sharing options for $mul$experiments/x1/rtl/x1_y3_kimi.v:168$406 ($mul):
    Found cell that is never activated: $mul$experiments/x1/rtl/x1_y3_kimi.v:168$406
    Cell is never active. Sharing is pointless, we simply remove it.
  Analyzing resource sharing options for $mul$experiments/x1/rtl/x1_y3_kimi.v:168$404 ($mul):
    Found cell that is never activated: $mul$experiments/x1/rtl/x1_y3_kimi.v:168$404
    Cell is never active. Sharing is pointless, we simply remove it.
  Analyzing resource sharing options for $mul$experiments/x1/rtl/x1_y3_kimi.v:168$402 ($mul):
    Found cell that is never activated: $mul$experiments/x1/rtl/x1_y3_kimi.v:168$402
    Cell is never active. Sharing is pointless, we simply remove it.
  Analyzing resource sharing options for $mul$experiments/x1/rtl/x1_y3_kimi.v:168$400 ($mul):
    Found cell that is never activated: $mul$experiments/x1/rtl/x1_y3_kimi.v:168$400
    Cell is never active. Sharing is pointless, we simply remove it.
  Analyzing resource sharing options for $mul$experiments/x1/rtl/x1_y3_kimi.v:168$398 ($mul):
    Found cell that is never activated: $mul$experiments/x1/rtl/x1_y3_kimi.v:168$398
    Cell is never active. Sharing is pointless, we simply remove it.
  Analyzing resource sharing options for $mul$experiments/x1/rtl/x1_y3_kimi.v:168$396 ($mul):
    Found cell that is never activated: $mul$experiments/x1/rtl/x1_y3_kimi.v:168$396
    Cell is never active. Sharing is pointless, we simply remove it.
  Analyzing resource sharing options for $mul$experiments/x1/rtl/x1_y3_kimi.v:168$394 ($mul):
    Found cell that is never activated: $mul$experiments/x1/rtl/x1_y3_kimi.v:168$394
    Cell is never active. Sharing is pointless, we simply remove it.
  Analyzing resource sharing options for $mul$experiments/x1/rtl/x1_y3_kimi.v:168$392 ($mul):
    Found cell that is never activated: $mul$experiments/x1/rtl/x1_y3_kimi.v:168$392
    Cell is never active. Sharing is pointless, we simply remove it.
  Analyzing resource sharing options for $mul$experiments/x1/rtl/x1_y3_kimi.v:168$390 ($mul):
    Found cell that is never activated: $mul$experiments/x1/rtl/x1_y3_kimi.v:168$390
    Cell is never active. Sharing is pointless, we simply remove it.
  Analyzing resource sharing options for $mul$experiments/x1/rtl/x1_y3_kimi.v:168$388 ($mul):
    Found cell that is never activated: $mul$experiments/x1/rtl/x1_y3_kimi.v:168$388
    Cell is never active. Sharing is pointless, we simply remove it.
  Analyzing resource sharing options for $mul$experiments/x1/rtl/x1_y3_kimi.v:168$386 ($mul):
    Found cell that is never activated: $mul$experiments/x1/rtl/x1_y3_kimi.v:168$386
    Cell is never active. Sharing is pointless, we simply remove it.
  Analyzing resource sharing options for $mul$experiments/x1/rtl/x1_y3_kimi.v:168$384 ($mul):
    Found cell that is never activated: $mul$experiments/x1/rtl/x1_y3_kimi.v:168$384
    Cell is never active. Sharing is pointless, we simply remove it.
  Analyzing resource sharing options for $mul$experiments/x1/rtl/x1_y3_kimi.v:168$382 ($mul):
    Found cell that is never activated: $mul$experiments/x1/rtl/x1_y3_kimi.v:168$382
    Cell is never active. Sharing is pointless, we simply remove it.
  Analyzing resource sharing options for $mul$experiments/x1/rtl/x1_y3_kimi.v:168$380 ($mul):
    Found cell that is never activated: $mul$experiments/x1/rtl/x1_y3_kimi.v:168$380
    Cell is never active. Sharing is pointless, we simply remove it.
  Analyzing resource sharing options for $mul$experiments/x1/rtl/x1_y3_kimi.v:168$378 ($mul):
    Found cell that is never activated: $mul$experiments/x1/rtl/x1_y3_kimi.v:168$378
    Cell is never active. Sharing is pointless, we simply remove it.
  Analyzing resource sharing options for $mul$experiments/x1/rtl/x1_y3_kimi.v:168$376 ($mul):
    Found cell that is never activated: $mul$experiments/x1/rtl/x1_y3_kimi.v:168$376
    Cell is never active. Sharing is pointless, we simply remove it.
  Analyzing resource sharing options for $mul$experiments/x1/rtl/x1_y3_kimi.v:168$374 ($mul):
    Found cell that is never activated: $mul$experiments/x1/rtl/x1_y3_kimi.v:168$374
    Cell is never active. Sharing is pointless, we simply remove it.
  Analyzing resource sharing options for $mul$experiments/x1/rtl/x1_y3_kimi.v:168$372 ($mul):
    Found cell that is never activated: $mul$experiments/x1/rtl/x1_y3_kimi.v:168$372
    Cell is never active. Sharing is pointless, we simply remove it.
  Analyzing resource sharing options for $mul$experiments/x1/rtl/x1_y3_kimi.v:168$370 ($mul):
    Found cell that is never activated: $mul$experiments/x1/rtl/x1_y3_kimi.v:168$370
    Cell is never active. Sharing is pointless, we simply remove it.
  Analyzing resource sharing options for $mul$experiments/x1/rtl/x1_y3_kimi.v:168$368 ($mul):
    Found cell that is never activated: $mul$experiments/x1/rtl/x1_y3_kimi.v:168$368
    Cell is never active. Sharing is pointless, we simply remove it.
  Analyzing resource sharing options for $mul$experiments/x1/rtl/x1_y3_kimi.v:168$366 ($mul):
    Found cell that is never activated: $mul$experiments/x1/rtl/x1_y3_kimi.v:168$366
    Cell is never active. Sharing is pointless, we simply remove it.
  Analyzing resource sharing options for $mul$experiments/x1/rtl/x1_y3_kimi.v:168$364 ($mul):
    Found cell that is never activated: $mul$experiments/x1/rtl/x1_y3_kimi.v:168$364
    Cell is never active. Sharing is pointless, we simply remove it.
  Analyzing resource sharing options for $mul$experiments/x1/rtl/x1_y3_kimi.v:168$362 ($mul):
    Found cell that is never activated: $mul$experiments/x1/rtl/x1_y3_kimi.v:168$362
    Cell is never active. Sharing is pointless, we simply remove it.
  Analyzing resource sharing options for $mul$experiments/x1/rtl/x1_y3_kimi.v:168$360 ($mul):
    Found cell that is never activated: $mul$experiments/x1/rtl/x1_y3_kimi.v:168$360
    Cell is never active. Sharing is pointless, we simply remove it.
  Analyzing resource sharing options for $mul$experiments/x1/rtl/x1_y3_kimi.v:168$358 ($mul):
    Found cell that is never activated: $mul$experiments/x1/rtl/x1_y3_kimi.v:168$358
    Cell is never active. Sharing is pointless, we simply remove it.
  Analyzing resource sharing options for $mul$experiments/x1/rtl/x1_y3_kimi.v:168$356 ($mul):
    Found cell that is never activated: $mul$experiments/x1/rtl/x1_y3_kimi.v:168$356
    Cell is never active. Sharing is pointless, we simply remove it.
  Analyzing resource sharing options for $mul$experiments/x1/rtl/x1_y3_kimi.v:168$354 ($mul):
    Found cell that is never activated: $mul$experiments/x1/rtl/x1_y3_kimi.v:168$354
    Cell is never active. Sharing is pointless, we simply remove it.
  Analyzing resource sharing options for $mul$experiments/x1/rtl/x1_y3_kimi.v:168$352 ($mul):
    Found cell that is never activated: $mul$experiments/x1/rtl/x1_y3_kimi.v:168$352
    Cell is never active. Sharing is pointless, we simply remove it.
  Analyzing resource sharing options for $mul$experiments/x1/rtl/x1_y3_kimi.v:168$350 ($mul):
    Found cell that is never activated: $mul$experiments/x1/rtl/x1_y3_kimi.v:168$350
    Cell is never active. Sharing is pointless, we simply remove it.
  Analyzing resource sharing options for $mul$experiments/x1/rtl/x1_y3_kimi.v:168$348 ($mul):
    Found cell that is never activated: $mul$experiments/x1/rtl/x1_y3_kimi.v:168$348
    Cell is never active. Sharing is pointless, we simply remove it.
  Analyzing resource sharing options for $mul$experiments/x1/rtl/x1_y3_kimi.v:168$346 ($mul):
    Found cell that is never activated: $mul$experiments/x1/rtl/x1_y3_kimi.v:168$346
    Cell is never active. Sharing is pointless, we simply remove it.
  Analyzing resource sharing options for $mul$experiments/x1/rtl/x1_y3_kimi.v:168$344 ($mul):
    Found cell that is never activated: $mul$experiments/x1/rtl/x1_y3_kimi.v:168$344
    Cell is never active. Sharing is pointless, we simply remove it.
  Analyzing resource sharing options for $mul$experiments/x1/rtl/x1_y3_kimi.v:168$342 ($mul):
    Found cell that is never activated: $mul$experiments/x1/rtl/x1_y3_kimi.v:168$342
    Cell is never active. Sharing is pointless, we simply remove it.
  Analyzing resource sharing options for $mul$experiments/x1/rtl/x1_y3_kimi.v:168$340 ($mul):
    Found cell that is never activated: $mul$experiments/x1/rtl/x1_y3_kimi.v:168$340
    Cell is never active. Sharing is pointless, we simply remove it.
  Analyzing resource sharing options for $mul$experiments/x1/rtl/x1_y3_kimi.v:168$338 ($mul):
    Found cell that is never activated: $mul$experiments/x1/rtl/x1_y3_kimi.v:168$338
    Cell is never active. Sharing is pointless, we simply remove it.
  Analyzing resource sharing options for $mul$experiments/x1/rtl/x1_y3_kimi.v:168$336 ($mul):
    Found cell that is never activated: $mul$experiments/x1/rtl/x1_y3_kimi.v:168$336
    Cell is never active. Sharing is pointless, we simply remove it.
  Analyzing resource sharing options for $mul$experiments/x1/rtl/x1_y3_kimi.v:168$334 ($mul):
    Found cell that is never activated: $mul$experiments/x1/rtl/x1_y3_kimi.v:168$334
    Cell is never active. Sharing is pointless, we simply remove it.
  Analyzing resource sharing options for $mul$experiments/x1/rtl/x1_y3_kimi.v:168$332 ($mul):
    Found cell that is never activated: $mul$experiments/x1/rtl/x1_y3_kimi.v:168$332
    Cell is never active. Sharing is pointless, we simply remove it.
  Analyzing resource sharing options for $mul$experiments/x1/rtl/x1_y3_kimi.v:168$330 ($mul):
    Found cell that is never activated: $mul$experiments/x1/rtl/x1_y3_kimi.v:168$330
    Cell is never active. Sharing is pointless, we simply remove it.
  Analyzing resource sharing options for $mul$experiments/x1/rtl/x1_y3_kimi.v:168$328 ($mul):
    Found cell that is never activated: $mul$experiments/x1/rtl/x1_y3_kimi.v:168$328
    Cell is never active. Sharing is pointless, we simply remove it.
  Analyzing resource sharing options for $mul$experiments/x1/rtl/x1_y3_kimi.v:168$326 ($mul):
    Found cell that is never activated: $mul$experiments/x1/rtl/x1_y3_kimi.v:168$326
    Cell is never active. Sharing is pointless, we simply remove it.
  Analyzing resource sharing options for $mul$experiments/x1/rtl/x1_y3_kimi.v:168$324 ($mul):
    Found cell that is never activated: $mul$experiments/x1/rtl/x1_y3_kimi.v:168$324
    Cell is never active. Sharing is pointless, we simply remove it.
  Analyzing resource sharing options for $mul$experiments/x1/rtl/x1_y3_kimi.v:168$322 ($mul):
    Found cell that is never activated: $mul$experiments/x1/rtl/x1_y3_kimi.v:168$322
    Cell is never active. Sharing is pointless, we simply remove it.
  Analyzing resource sharing options for $mul$experiments/x1/rtl/x1_y3_kimi.v:168$320 ($mul):
    Found cell that is never activated: $mul$experiments/x1/rtl/x1_y3_kimi.v:168$320
    Cell is never active. Sharing is pointless, we simply remove it.
  Analyzing resource sharing options for $mul$experiments/x1/rtl/x1_y3_kimi.v:168$318 ($mul):
    Found cell that is never activated: $mul$experiments/x1/rtl/x1_y3_kimi.v:168$318
    Cell is never active. Sharing is pointless, we simply remove it.
  Analyzing resource sharing options for $mul$experiments/x1/rtl/x1_y3_kimi.v:168$316 ($mul):
    Found cell that is never activated: $mul$experiments/x1/rtl/x1_y3_kimi.v:168$316
    Cell is never active. Sharing is pointless, we simply remove it.
  Analyzing resource sharing options for $mul$experiments/x1/rtl/x1_y3_kimi.v:168$314 ($mul):
    Found cell that is never activated: $mul$experiments/x1/rtl/x1_y3_kimi.v:168$314
    Cell is never active. Sharing is pointless, we simply remove it.
  Analyzing resource sharing options for $mul$experiments/x1/rtl/x1_y3_kimi.v:168$312 ($mul):
    Found cell that is never activated: $mul$experiments/x1/rtl/x1_y3_kimi.v:168$312
    Cell is never active. Sharing is pointless, we simply remove it.
  Analyzing resource sharing options for $mul$experiments/x1/rtl/x1_y3_kimi.v:168$310 ($mul):
    Found cell that is never activated: $mul$experiments/x1/rtl/x1_y3_kimi.v:168$310
    Cell is never active. Sharing is pointless, we simply remove it.
  Analyzing resource sharing options for $mul$experiments/x1/rtl/x1_y3_kimi.v:168$308 ($mul):
    Found cell that is never activated: $mul$experiments/x1/rtl/x1_y3_kimi.v:168$308
    Cell is never active. Sharing is pointless, we simply remove it.
  Analyzing resource sharing options for $mul$experiments/x1/rtl/x1_y3_kimi.v:168$306 ($mul):
    Found cell that is never activated: $mul$experiments/x1/rtl/x1_y3_kimi.v:168$306
    Cell is never active. Sharing is pointless, we simply remove it.
  Analyzing resource sharing options for $mul$experiments/x1/rtl/x1_y3_kimi.v:168$304 ($mul):
    Found cell that is never activated: $mul$experiments/x1/rtl/x1_y3_kimi.v:168$304
    Cell is never active. Sharing is pointless, we simply remove it.
  Analyzing resource sharing options for $mul$experiments/x1/rtl/x1_y3_kimi.v:168$302 ($mul):
    Found cell that is never activated: $mul$experiments/x1/rtl/x1_y3_kimi.v:168$302
    Cell is never active. Sharing is pointless, we simply remove it.
  Analyzing resource sharing options for $mul$experiments/x1/rtl/x1_y3_kimi.v:168$300 ($mul):
    Found cell that is never activated: $mul$experiments/x1/rtl/x1_y3_kimi.v:168$300
    Cell is never active. Sharing is pointless, we simply remove it.
  Analyzing resource sharing options for $mul$experiments/x1/rtl/x1_y3_kimi.v:168$298 ($mul):
    Found cell that is never activated: $mul$experiments/x1/rtl/x1_y3_kimi.v:168$298
    Cell is never active. Sharing is pointless, we simply remove it.
  Analyzing resource sharing options for $mul$experiments/x1/rtl/x1_y3_kimi.v:168$296 ($mul):
    Found cell that is never activated: $mul$experiments/x1/rtl/x1_y3_kimi.v:168$296
    Cell is never active. Sharing is pointless, we simply remove it.
  Analyzing resource sharing options for $mul$experiments/x1/rtl/x1_y3_kimi.v:168$294 ($mul):
    Found cell that is never activated: $mul$experiments/x1/rtl/x1_y3_kimi.v:168$294
    Cell is never active. Sharing is pointless, we simply remove it.
  Analyzing resource sharing options for $mul$experiments/x1/rtl/x1_y3_kimi.v:168$292 ($mul):
    Found cell that is never activated: $mul$experiments/x1/rtl/x1_y3_kimi.v:168$292
    Cell is never active. Sharing is pointless, we simply remove it.
  Analyzing resource sharing options for $mul$experiments/x1/rtl/x1_y3_kimi.v:168$290 ($mul):
    Found cell that is never activated: $mul$experiments/x1/rtl/x1_y3_kimi.v:168$290
    Cell is never active. Sharing is pointless, we simply remove it.
  Analyzing resource sharing options for $mul$experiments/x1/rtl/x1_y3_kimi.v:168$288 ($mul):
    Found cell that is never activated: $mul$experiments/x1/rtl/x1_y3_kimi.v:168$288
    Cell is never active. Sharing is pointless, we simply remove it.
  Analyzing resource sharing options for $mul$experiments/x1/rtl/x1_y3_kimi.v:168$286 ($mul):
    Found cell that is never activated: $mul$experiments/x1/rtl/x1_y3_kimi.v:168$286
    Cell is never active. Sharing is pointless, we simply remove it.
  Analyzing resource sharing options for $mul$experiments/x1/rtl/x1_y3_kimi.v:168$284 ($mul):
    Found cell that is never activated: $mul$experiments/x1/rtl/x1_y3_kimi.v:168$284
    Cell is never active. Sharing is pointless, we simply remove it.
  Analyzing resource sharing options for $mul$experiments/x1/rtl/x1_y3_kimi.v:168$282 ($mul):
    Found cell that is never activated: $mul$experiments/x1/rtl/x1_y3_kimi.v:168$282
    Cell is never active. Sharing is pointless, we simply remove it.
  Analyzing resource sharing options for $mul$experiments/x1/rtl/x1_y3_kimi.v:168$280 ($mul):
    Found cell that is never activated: $mul$experiments/x1/rtl/x1_y3_kimi.v:168$280
    Cell is never active. Sharing is pointless, we simply remove it.
  Analyzing resource sharing options for $mul$experiments/x1/rtl/x1_y3_kimi.v:168$278 ($mul):
    Found cell that is never activated: $mul$experiments/x1/rtl/x1_y3_kimi.v:168$278
    Cell is never active. Sharing is pointless, we simply remove it.
  Analyzing resource sharing options for $mul$experiments/x1/rtl/x1_y3_kimi.v:168$276 ($mul):
    Found cell that is never activated: $mul$experiments/x1/rtl/x1_y3_kimi.v:168$276
    Cell is never active. Sharing is pointless, we simply remove it.
  Analyzing resource sharing options for $mul$experiments/x1/rtl/x1_y3_kimi.v:168$274 ($mul):
    Found cell that is never activated: $mul$experiments/x1/rtl/x1_y3_kimi.v:168$274
    Cell is never active. Sharing is pointless, we simply remove it.
  Analyzing resource sharing options for $mul$experiments/x1/rtl/x1_y3_kimi.v:168$272 ($mul):
    Found cell that is never activated: $mul$experiments/x1/rtl/x1_y3_kimi.v:168$272
    Cell is never active. Sharing is pointless, we simply remove it.
  Analyzing resource sharing options for $mul$experiments/x1/rtl/x1_y3_kimi.v:168$270 ($mul):
    Found cell that is never activated: $mul$experiments/x1/rtl/x1_y3_kimi.v:168$270
    Cell is never active. Sharing is pointless, we simply remove it.
  Analyzing resource sharing options for $mul$experiments/x1/rtl/x1_y3_kimi.v:168$268 ($mul):
    Found cell that is never activated: $mul$experiments/x1/rtl/x1_y3_kimi.v:168$268
    Cell is never active. Sharing is pointless, we simply remove it.
  Analyzing resource sharing options for $mul$experiments/x1/rtl/x1_y3_kimi.v:168$266 ($mul):
    Found cell that is never activated: $mul$experiments/x1/rtl/x1_y3_kimi.v:168$266
    Cell is never active. Sharing is pointless, we simply remove it.
  Analyzing resource sharing options for $mul$experiments/x1/rtl/x1_y3_kimi.v:168$264 ($mul):
    Found cell that is never activated: $mul$experiments/x1/rtl/x1_y3_kimi.v:168$264
    Cell is never active. Sharing is pointless, we simply remove it.
  Analyzing resource sharing options for $mul$experiments/x1/rtl/x1_y3_kimi.v:168$262 ($mul):
    Found cell that is never activated: $mul$experiments/x1/rtl/x1_y3_kimi.v:168$262
    Cell is never active. Sharing is pointless, we simply remove it.
  Analyzing resource sharing options for $mul$experiments/x1/rtl/x1_y3_kimi.v:168$260 ($mul):
    Found cell that is never activated: $mul$experiments/x1/rtl/x1_y3_kimi.v:168$260
    Cell is never active. Sharing is pointless, we simply remove it.
  Analyzing resource sharing options for $mul$experiments/x1/rtl/x1_y3_kimi.v:168$258 ($mul):
    Found cell that is never activated: $mul$experiments/x1/rtl/x1_y3_kimi.v:168$258
    Cell is never active. Sharing is pointless, we simply remove it.
  Analyzing resource sharing options for $mul$experiments/x1/rtl/x1_y3_kimi.v:168$256 ($mul):
    Found cell that is never activated: $mul$experiments/x1/rtl/x1_y3_kimi.v:168$256
    Cell is never active. Sharing is pointless, we simply remove it.
  Analyzing resource sharing options for $mul$experiments/x1/rtl/x1_y3_kimi.v:168$254 ($mul):
    Found cell that is never activated: $mul$experiments/x1/rtl/x1_y3_kimi.v:168$254
    Cell is never active. Sharing is pointless, we simply remove it.
  Analyzing resource sharing options for $mul$experiments/x1/rtl/x1_y3_kimi.v:168$252 ($mul):
    Found cell that is never activated: $mul$experiments/x1/rtl/x1_y3_kimi.v:168$252
    Cell is never active. Sharing is pointless, we simply remove it.
  Analyzing resource sharing options for $mul$experiments/x1/rtl/x1_y3_kimi.v:168$250 ($mul):
    Found cell that is never activated: $mul$experiments/x1/rtl/x1_y3_kimi.v:168$250
    Cell is never active. Sharing is pointless, we simply remove it.
  Analyzing resource sharing options for $mul$experiments/x1/rtl/x1_y3_kimi.v:168$248 ($mul):
    Found cell that is never activated: $mul$experiments/x1/rtl/x1_y3_kimi.v:168$248
    Cell is never active. Sharing is pointless, we simply remove it.
  Analyzing resource sharing options for $mul$experiments/x1/rtl/x1_y3_kimi.v:168$246 ($mul):
    Found cell that is never activated: $mul$experiments/x1/rtl/x1_y3_kimi.v:168$246
    Cell is never active. Sharing is pointless, we simply remove it.
  Analyzing resource sharing options for $mul$experiments/x1/rtl/x1_y3_kimi.v:168$244 ($mul):
    Found cell that is never activated: $mul$experiments/x1/rtl/x1_y3_kimi.v:168$244
    Cell is never active. Sharing is pointless, we simply remove it.
  Analyzing resource sharing options for $mul$experiments/x1/rtl/x1_y3_kimi.v:168$242 ($mul):
    Found cell that is never activated: $mul$experiments/x1/rtl/x1_y3_kimi.v:168$242
    Cell is never active. Sharing is pointless, we simply remove it.
  Analyzing resource sharing options for $mul$experiments/x1/rtl/x1_y3_kimi.v:168$240 ($mul):
    Found cell that is never activated: $mul$experiments/x1/rtl/x1_y3_kimi.v:168$240
    Cell is never active. Sharing is pointless, we simply remove it.
  Analyzing resource sharing options for $mul$experiments/x1/rtl/x1_y3_kimi.v:168$238 ($mul):
    Found cell that is never activated: $mul$experiments/x1/rtl/x1_y3_kimi.v:168$238
    Cell is never active. Sharing is pointless, we simply remove it.
  Analyzing resource sharing options for $mul$experiments/x1/rtl/x1_y3_kimi.v:168$236 ($mul):
    Found cell that is never activated: $mul$experiments/x1/rtl/x1_y3_kimi.v:168$236
    Cell is never active. Sharing is pointless, we simply remove it.
  Analyzing resource sharing options for $mul$experiments/x1/rtl/x1_y3_kimi.v:168$234 ($mul):
    Found cell that is never activated: $mul$experiments/x1/rtl/x1_y3_kimi.v:168$234
    Cell is never active. Sharing is pointless, we simply remove it.
  Analyzing resource sharing options for $mul$experiments/x1/rtl/x1_y3_kimi.v:168$232 ($mul):
    Found cell that is never activated: $mul$experiments/x1/rtl/x1_y3_kimi.v:168$232
    Cell is never active. Sharing is pointless, we simply remove it.
  Analyzing resource sharing options for $mul$experiments/x1/rtl/x1_y3_kimi.v:168$230 ($mul):
    Found cell that is never activated: $mul$experiments/x1/rtl/x1_y3_kimi.v:168$230
    Cell is never active. Sharing is pointless, we simply remove it.
  Analyzing resource sharing options for $mul$experiments/x1/rtl/x1_y3_kimi.v:168$228 ($mul):
    Found cell that is never activated: $mul$experiments/x1/rtl/x1_y3_kimi.v:168$228
    Cell is never active. Sharing is pointless, we simply remove it.
  Analyzing resource sharing options for $mul$experiments/x1/rtl/x1_y3_kimi.v:168$226 ($mul):
    Found cell that is never activated: $mul$experiments/x1/rtl/x1_y3_kimi.v:168$226
    Cell is never active. Sharing is pointless, we simply remove it.
  Analyzing resource sharing options for $mul$experiments/x1/rtl/x1_y3_kimi.v:168$224 ($mul):
    Found cell that is never activated: $mul$experiments/x1/rtl/x1_y3_kimi.v:168$224
    Cell is never active. Sharing is pointless, we simply remove it.
  Analyzing resource sharing options for $mul$experiments/x1/rtl/x1_y3_kimi.v:168$222 ($mul):
    Found cell that is never activated: $mul$experiments/x1/rtl/x1_y3_kimi.v:168$222
    Cell is never active. Sharing is pointless, we simply remove it.
  Analyzing resource sharing options for $mul$experiments/x1/rtl/x1_y3_kimi.v:168$220 ($mul):
    Found cell that is never activated: $mul$experiments/x1/rtl/x1_y3_kimi.v:168$220
    Cell is never active. Sharing is pointless, we simply remove it.
  Analyzing resource sharing options for $mul$experiments/x1/rtl/x1_y3_kimi.v:168$218 ($mul):
    Found cell that is never activated: $mul$experiments/x1/rtl/x1_y3_kimi.v:168$218
    Cell is never active. Sharing is pointless, we simply remove it.
  Analyzing resource sharing options for $mul$experiments/x1/rtl/x1_y3_kimi.v:168$216 ($mul):
    Found cell that is never activated: $mul$experiments/x1/rtl/x1_y3_kimi.v:168$216
    Cell is never active. Sharing is pointless, we simply remove it.
  Analyzing resource sharing options for $mul$experiments/x1/rtl/x1_y3_kimi.v:168$214 ($mul):
    Found cell that is never activated: $mul$experiments/x1/rtl/x1_y3_kimi.v:168$214
    Cell is never active. Sharing is pointless, we simply remove it.
  Analyzing resource sharing options for $mul$experiments/x1/rtl/x1_y3_kimi.v:168$212 ($mul):
    Found cell that is never activated: $mul$experiments/x1/rtl/x1_y3_kimi.v:168$212
    Cell is never active. Sharing is pointless, we simply remove it.
  Analyzing resource sharing options for $mul$experiments/x1/rtl/x1_y3_kimi.v:168$210 ($mul):
    Found cell that is never activated: $mul$experiments/x1/rtl/x1_y3_kimi.v:168$210
    Cell is never active. Sharing is pointless, we simply remove it.
  Analyzing resource sharing options for $mul$experiments/x1/rtl/x1_y3_kimi.v:168$208 ($mul):
    Found cell that is never activated: $mul$experiments/x1/rtl/x1_y3_kimi.v:168$208
    Cell is never active. Sharing is pointless, we simply remove it.
  Analyzing resource sharing options for $mul$experiments/x1/rtl/x1_y3_kimi.v:168$206 ($mul):
    Found cell that is never activated: $mul$experiments/x1/rtl/x1_y3_kimi.v:168$206
    Cell is never active. Sharing is pointless, we simply remove it.
  Analyzing resource sharing options for $mul$experiments/x1/rtl/x1_y3_kimi.v:168$204 ($mul):
    Found cell that is never activated: $mul$experiments/x1/rtl/x1_y3_kimi.v:168$204
    Cell is never active. Sharing is pointless, we simply remove it.
  Analyzing resource sharing options for $mul$experiments/x1/rtl/x1_y3_kimi.v:168$202 ($mul):
    Found cell that is never activated: $mul$experiments/x1/rtl/x1_y3_kimi.v:168$202
    Cell is never active. Sharing is pointless, we simply remove it.
  Analyzing resource sharing options for $mul$experiments/x1/rtl/x1_y3_kimi.v:168$200 ($mul):
    Found cell that is never activated: $mul$experiments/x1/rtl/x1_y3_kimi.v:168$200
    Cell is never active. Sharing is pointless, we simply remove it.
  Analyzing resource sharing options for $mul$experiments/x1/rtl/x1_y3_kimi.v:168$198 ($mul):
    Found cell that is never activated: $mul$experiments/x1/rtl/x1_y3_kimi.v:168$198
    Cell is never active. Sharing is pointless, we simply remove it.
  Analyzing resource sharing options for $mul$experiments/x1/rtl/x1_y3_kimi.v:168$196 ($mul):
    Found cell that is never activated: $mul$experiments/x1/rtl/x1_y3_kimi.v:168$196
    Cell is never active. Sharing is pointless, we simply remove it.
  Analyzing resource sharing options for $mul$experiments/x1/rtl/x1_y3_kimi.v:168$194 ($mul):
    Found cell that is never activated: $mul$experiments/x1/rtl/x1_y3_kimi.v:168$194
    Cell is never active. Sharing is pointless, we simply remove it.
  Analyzing resource sharing options for $mul$experiments/x1/rtl/x1_y3_kimi.v:168$192 ($mul):
    Found cell that is never activated: $mul$experiments/x1/rtl/x1_y3_kimi.v:168$192
    Cell is never active. Sharing is pointless, we simply remove it.
  Analyzing resource sharing options for $mul$experiments/x1/rtl/x1_y3_kimi.v:168$190 ($mul):
    Found cell that is never activated: $mul$experiments/x1/rtl/x1_y3_kimi.v:168$190
    Cell is never active. Sharing is pointless, we simply remove it.
  Analyzing resource sharing options for $mul$experiments/x1/rtl/x1_y3_kimi.v:168$188 ($mul):
    Found cell that is never activated: $mul$experiments/x1/rtl/x1_y3_kimi.v:168$188
    Cell is never active. Sharing is pointless, we simply remove it.
  Analyzing resource sharing options for $mul$experiments/x1/rtl/x1_y3_kimi.v:168$186 ($mul):
    Found cell that is never activated: $mul$experiments/x1/rtl/x1_y3_kimi.v:168$186
    Cell is never active. Sharing is pointless, we simply remove it.
  Analyzing resource sharing options for $mul$experiments/x1/rtl/x1_y3_kimi.v:168$184 ($mul):
    Found cell that is never activated: $mul$experiments/x1/rtl/x1_y3_kimi.v:168$184
    Cell is never active. Sharing is pointless, we simply remove it.
  Analyzing resource sharing options for $mul$experiments/x1/rtl/x1_y3_kimi.v:168$182 ($mul):
    Found cell that is never activated: $mul$experiments/x1/rtl/x1_y3_kimi.v:168$182
    Cell is never active. Sharing is pointless, we simply remove it.
  Analyzing resource sharing options for $mul$experiments/x1/rtl/x1_y3_kimi.v:168$180 ($mul):
    Found cell that is never activated: $mul$experiments/x1/rtl/x1_y3_kimi.v:168$180
    Cell is never active. Sharing is pointless, we simply remove it.
  Analyzing resource sharing options for $mul$experiments/x1/rtl/x1_y3_kimi.v:168$178 ($mul):
    Found cell that is never activated: $mul$experiments/x1/rtl/x1_y3_kimi.v:168$178
    Cell is never active. Sharing is pointless, we simply remove it.
  Analyzing resource sharing options for $mul$experiments/x1/rtl/x1_y3_kimi.v:168$176 ($mul):
    Found cell that is never activated: $mul$experiments/x1/rtl/x1_y3_kimi.v:168$176
    Cell is never active. Sharing is pointless, we simply remove it.
  Analyzing resource sharing options for $mul$experiments/x1/rtl/x1_y3_kimi.v:168$174 ($mul):
    Found cell that is never activated: $mul$experiments/x1/rtl/x1_y3_kimi.v:168$174
    Cell is never active. Sharing is pointless, we simply remove it.
  Analyzing resource sharing options for $mul$experiments/x1/rtl/x1_y3_kimi.v:168$172 ($mul):
    Found cell that is never activated: $mul$experiments/x1/rtl/x1_y3_kimi.v:168$172
    Cell is never active. Sharing is pointless, we simply remove it.
  Analyzing resource sharing options for $mul$experiments/x1/rtl/x1_y3_kimi.v:168$170 ($mul):
    Found cell that is never activated: $mul$experiments/x1/rtl/x1_y3_kimi.v:168$170
    Cell is never active. Sharing is pointless, we simply remove it.
  Analyzing resource sharing options for $mul$experiments/x1/rtl/x1_y3_kimi.v:168$168 ($mul):
    Found cell that is never activated: $mul$experiments/x1/rtl/x1_y3_kimi.v:168$168
    Cell is never active. Sharing is pointless, we simply remove it.
  Analyzing resource sharing options for $mul$experiments/x1/rtl/x1_y3_kimi.v:168$166 ($mul):
    Found cell that is never activated: $mul$experiments/x1/rtl/x1_y3_kimi.v:168$166
    Cell is never active. Sharing is pointless, we simply remove it.
  Analyzing resource sharing options for $mul$experiments/x1/rtl/x1_y3_kimi.v:168$164 ($mul):
    Found cell that is never activated: $mul$experiments/x1/rtl/x1_y3_kimi.v:168$164
    Cell is never active. Sharing is pointless, we simply remove it.
  Analyzing resource sharing options for $mul$experiments/x1/rtl/x1_y3_kimi.v:168$162 ($mul):
    Found cell that is never activated: $mul$experiments/x1/rtl/x1_y3_kimi.v:168$162
    Cell is never active. Sharing is pointless, we simply remove it.
  Analyzing resource sharing options for $mul$experiments/x1/rtl/x1_y3_kimi.v:168$160 ($mul):
    Found cell that is never activated: $mul$experiments/x1/rtl/x1_y3_kimi.v:168$160
    Cell is never active. Sharing is pointless, we simply remove it.
  Analyzing resource sharing options for $mul$experiments/x1/rtl/x1_y3_kimi.v:168$158 ($mul):
    Found cell that is never activated: $mul$experiments/x1/rtl/x1_y3_kimi.v:168$158
    Cell is never active. Sharing is pointless, we simply remove it.
  Analyzing resource sharing options for $mul$experiments/x1/rtl/x1_y3_kimi.v:168$156 ($mul):
    Found cell that is never activated: $mul$experiments/x1/rtl/x1_y3_kimi.v:168$156
    Cell is never active. Sharing is pointless, we simply remove it.
  Analyzing resource sharing options for $mul$experiments/x1/rtl/x1_y3_kimi.v:168$154 ($mul):
    Found cell that is never activated: $mul$experiments/x1/rtl/x1_y3_kimi.v:168$154
    Cell is never active. Sharing is pointless, we simply remove it.
  Analyzing resource sharing options for $mul$experiments/x1/rtl/x1_y3_kimi.v:168$152 ($mul):
    Found cell that is never activated: $mul$experiments/x1/rtl/x1_y3_kimi.v:168$152
    Cell is never active. Sharing is pointless, we simply remove it.
  Analyzing resource sharing options for $mul$experiments/x1/rtl/x1_y3_kimi.v:168$150 ($mul):
    Found cell that is never activated: $mul$experiments/x1/rtl/x1_y3_kimi.v:168$150
    Cell is never active. Sharing is pointless, we simply remove it.
  Analyzing resource sharing options for $mul$experiments/x1/rtl/x1_y3_kimi.v:168$148 ($mul):
    Found cell that is never activated: $mul$experiments/x1/rtl/x1_y3_kimi.v:168$148
    Cell is never active. Sharing is pointless, we simply remove it.
  Analyzing resource sharing options for $mul$experiments/x1/rtl/x1_y3_kimi.v:168$146 ($mul):
    Found cell that is never activated: $mul$experiments/x1/rtl/x1_y3_kimi.v:168$146
    Cell is never active. Sharing is pointless, we simply remove it.
  Analyzing resource sharing options for $mul$experiments/x1/rtl/x1_y3_kimi.v:168$144 ($mul):
    Found cell that is never activated: $mul$experiments/x1/rtl/x1_y3_kimi.v:168$144
    Cell is never active. Sharing is pointless, we simply remove it.
  Analyzing resource sharing options for $mul$experiments/x1/rtl/x1_y3_kimi.v:168$142 ($mul):
    Found cell that is never activated: $mul$experiments/x1/rtl/x1_y3_kimi.v:168$142
    Cell is never active. Sharing is pointless, we simply remove it.
  Analyzing resource sharing options for $mul$experiments/x1/rtl/x1_y3_kimi.v:168$140 ($mul):
    Found cell that is never activated: $mul$experiments/x1/rtl/x1_y3_kimi.v:168$140
    Cell is never active. Sharing is pointless, we simply remove it.
  Analyzing resource sharing options for $mul$experiments/x1/rtl/x1_y3_kimi.v:168$138 ($mul):
    Found cell that is never activated: $mul$experiments/x1/rtl/x1_y3_kimi.v:168$138
    Cell is never active. Sharing is pointless, we simply remove it.
  Analyzing resource sharing options for $mul$experiments/x1/rtl/x1_y3_kimi.v:168$136 ($mul):
    Found cell that is never activated: $mul$experiments/x1/rtl/x1_y3_kimi.v:168$136
    Cell is never active. Sharing is pointless, we simply remove it.
  Analyzing resource sharing options for $mul$experiments/x1/rtl/x1_y3_kimi.v:168$134 ($mul):
    Found cell that is never activated: $mul$experiments/x1/rtl/x1_y3_kimi.v:168$134
    Cell is never active. Sharing is pointless, we simply remove it.
  Analyzing resource sharing options for $mul$experiments/x1/rtl/x1_y3_kimi.v:168$132 ($mul):
    Found cell that is never activated: $mul$experiments/x1/rtl/x1_y3_kimi.v:168$132
    Cell is never active. Sharing is pointless, we simply remove it.
  Analyzing resource sharing options for $mul$experiments/x1/rtl/x1_y3_kimi.v:168$130 ($mul):
    Found cell that is never activated: $mul$experiments/x1/rtl/x1_y3_kimi.v:168$130
    Cell is never active. Sharing is pointless, we simply remove it.
  Analyzing resource sharing options for $mul$experiments/x1/rtl/x1_y3_kimi.v:168$128 ($mul):
    Found cell that is never activated: $mul$experiments/x1/rtl/x1_y3_kimi.v:168$128
    Cell is never active. Sharing is pointless, we simply remove it.
  Analyzing resource sharing options for $mul$experiments/x1/rtl/x1_y3_kimi.v:168$126 ($mul):
    Found cell that is never activated: $mul$experiments/x1/rtl/x1_y3_kimi.v:168$126
    Cell is never active. Sharing is pointless, we simply remove it.
  Analyzing resource sharing options for $mul$experiments/x1/rtl/x1_y3_kimi.v:168$124 ($mul):
    Found cell that is never activated: $mul$experiments/x1/rtl/x1_y3_kimi.v:168$124
    Cell is never active. Sharing is pointless, we simply remove it.
  Analyzing resource sharing options for $mul$experiments/x1/rtl/x1_y3_kimi.v:168$122 ($mul):
    Found cell that is never activated: $mul$experiments/x1/rtl/x1_y3_kimi.v:168$122
    Cell is never active. Sharing is pointless, we simply remove it.
  Analyzing resource sharing options for $mul$experiments/x1/rtl/x1_y3_kimi.v:168$120 ($mul):
    Found cell that is never activated: $mul$experiments/x1/rtl/x1_y3_kimi.v:168$120
    Cell is never active. Sharing is pointless, we simply remove it.
  Analyzing resource sharing options for $mul$experiments/x1/rtl/x1_y3_kimi.v:168$118 ($mul):
    Found cell that is never activated: $mul$experiments/x1/rtl/x1_y3_kimi.v:168$118
    Cell is never active. Sharing is pointless, we simply remove it.
  Analyzing resource sharing options for $mul$experiments/x1/rtl/x1_y3_kimi.v:168$116 ($mul):
    Found cell that is never activated: $mul$experiments/x1/rtl/x1_y3_kimi.v:168$116
    Cell is never active. Sharing is pointless, we simply remove it.
  Analyzing resource sharing options for $mul$experiments/x1/rtl/x1_y3_kimi.v:168$114 ($mul):
    Found cell that is never activated: $mul$experiments/x1/rtl/x1_y3_kimi.v:168$114
    Cell is never active. Sharing is pointless, we simply remove it.
  Analyzing resource sharing options for $mul$experiments/x1/rtl/x1_y3_kimi.v:168$112 ($mul):
    Found cell that is never activated: $mul$experiments/x1/rtl/x1_y3_kimi.v:168$112
    Cell is never active. Sharing is pointless, we simply remove it.
  Analyzing resource sharing options for $mul$experiments/x1/rtl/x1_y3_kimi.v:168$110 ($mul):
    Found cell that is never activated: $mul$experiments/x1/rtl/x1_y3_kimi.v:168$110
    Cell is never active. Sharing is pointless, we simply remove it.
  Analyzing resource sharing options for $mul$experiments/x1/rtl/x1_y3_kimi.v:168$108 ($mul):
    Found cell that is never activated: $mul$experiments/x1/rtl/x1_y3_kimi.v:168$108
    Cell is never active. Sharing is pointless, we simply remove it.
  Analyzing resource sharing options for $mul$experiments/x1/rtl/x1_y3_kimi.v:168$106 ($mul):
    Found cell that is never activated: $mul$experiments/x1/rtl/x1_y3_kimi.v:168$106
    Cell is never active. Sharing is pointless, we simply remove it.
  Analyzing resource sharing options for $mul$experiments/x1/rtl/x1_y3_kimi.v:168$104 ($mul):
    Found cell that is never activated: $mul$experiments/x1/rtl/x1_y3_kimi.v:168$104
    Cell is never active. Sharing is pointless, we simply remove it.
  Analyzing resource sharing options for $mul$experiments/x1/rtl/x1_y3_kimi.v:168$102 ($mul):
    Found cell that is never activated: $mul$experiments/x1/rtl/x1_y3_kimi.v:168$102
    Cell is never active. Sharing is pointless, we simply remove it.
  Analyzing resource sharing options for $mul$experiments/x1/rtl/x1_y3_kimi.v:168$100 ($mul):
    Found cell that is never activated: $mul$experiments/x1/rtl/x1_y3_kimi.v:168$100
    Cell is never active. Sharing is pointless, we simply remove it.
Removing 256 cells in module x1_y3_kimi:
  Removing cell $mul$experiments/x1/rtl/x1_y3_kimi.v:168$100 ($mul).
  Removing cell $mul$experiments/x1/rtl/x1_y3_kimi.v:168$102 ($mul).
  Removing cell $mul$experiments/x1/rtl/x1_y3_kimi.v:168$104 ($mul).
  Removing cell $mul$experiments/x1/rtl/x1_y3_kimi.v:168$106 ($mul).
  Removing cell $mul$experiments/x1/rtl/x1_y3_kimi.v:168$108 ($mul).
  Removing cell $mul$experiments/x1/rtl/x1_y3_kimi.v:168$110 ($mul).
  Removing cell $mul$experiments/x1/rtl/x1_y3_kimi.v:168$112 ($mul).
  Removing cell $mul$experiments/x1/rtl/x1_y3_kimi.v:168$114 ($mul).
  Removing cell $mul$experiments/x1/rtl/x1_y3_kimi.v:168$116 ($mul).
  Removing cell $mul$experiments/x1/rtl/x1_y3_kimi.v:168$118 ($mul).
  Removing cell $mul$experiments/x1/rtl/x1_y3_kimi.v:168$120 ($mul).
  Removing cell $mul$experiments/x1/rtl/x1_y3_kimi.v:168$122 ($mul).
  Removing cell $mul$experiments/x1/rtl/x1_y3_kimi.v:168$124 ($mul).
  Removing cell $mul$experiments/x1/rtl/x1_y3_kimi.v:168$126 ($mul).
  Removing cell $mul$experiments/x1/rtl/x1_y3_kimi.v:168$128 ($mul).
  Removing cell $mul$experiments/x1/rtl/x1_y3_kimi.v:168$130 ($mul).
  Removing cell $mul$experiments/x1/rtl/x1_y3_kimi.v:168$132 ($mul).
  Removing cell $mul$experiments/x1/rtl/x1_y3_kimi.v:168$134 ($mul).
  Removing cell $mul$experiments/x1/rtl/x1_y3_kimi.v:168$136 ($mul).
  Removing cell $mul$experiments/x1/rtl/x1_y3_kimi.v:168$138 ($mul).
  Removing cell $mul$experiments/x1/rtl/x1_y3_kimi.v:168$140 ($mul).
  Removing cell $mul$experiments/x1/rtl/x1_y3_kimi.v:168$142 ($mul).
  Removing cell $mul$experiments/x1/rtl/x1_y3_kimi.v:168$144 ($mul).
  Removing cell $mul$experiments/x1/rtl/x1_y3_kimi.v:168$146 ($mul).
  Removing cell $mul$experiments/x1/rtl/x1_y3_kimi.v:168$148 ($mul).
  Removing cell $mul$experiments/x1/rtl/x1_y3_kimi.v:168$150 ($mul).
  Removing cell $mul$experiments/x1/rtl/x1_y3_kimi.v:168$152 ($mul).
  Removing cell $mul$experiments/x1/rtl/x1_y3_kimi.v:168$154 ($mul).
  Removing cell $mul$experiments/x1/rtl/x1_y3_kimi.v:168$156 ($mul).
  Removing cell $mul$experiments/x1/rtl/x1_y3_kimi.v:168$158 ($mul).
  Removing cell $mul$experiments/x1/rtl/x1_y3_kimi.v:168$160 ($mul).
  Removing cell $mul$experiments/x1/rtl/x1_y3_kimi.v:168$162 ($mul).
  Removing cell $mul$experiments/x1/rtl/x1_y3_kimi.v:168$164 ($mul).
  Removing cell $mul$experiments/x1/rtl/x1_y3_kimi.v:168$166 ($mul).
  Removing cell $mul$experiments/x1/rtl/x1_y3_kimi.v:168$168 ($mul).
  Removing cell $mul$experiments/x1/rtl/x1_y3_kimi.v:168$170 ($mul).
  Removing cell $mul$experiments/x1/rtl/x1_y3_kimi.v:168$172 ($mul).
  Removing cell $mul$experiments/x1/rtl/x1_y3_kimi.v:168$174 ($mul).
  Removing cell $mul$experiments/x1/rtl/x1_y3_kimi.v:168$176 ($mul).
  Removing cell $mul$experiments/x1/rtl/x1_y3_kimi.v:168$178 ($mul).
  Removing cell $mul$experiments/x1/rtl/x1_y3_kimi.v:168$180 ($mul).
  Removing cell $mul$experiments/x1/rtl/x1_y3_kimi.v:168$182 ($mul).
  Removing cell $mul$experiments/x1/rtl/x1_y3_kimi.v:168$184 ($mul).
  Removing cell $mul$experiments/x1/rtl/x1_y3_kimi.v:168$186 ($mul).
  Removing cell $mul$experiments/x1/rtl/x1_y3_kimi.v:168$188 ($mul).
  Removing cell $mul$experiments/x1/rtl/x1_y3_kimi.v:168$190 ($mul).
  Removing cell $mul$experiments/x1/rtl/x1_y3_kimi.v:168$192 ($mul).
  Removing cell $mul$experiments/x1/rtl/x1_y3_kimi.v:168$194 ($mul).
  Removing cell $mul$experiments/x1/rtl/x1_y3_kimi.v:168$196 ($mul).
  Removing cell $mul$experiments/x1/rtl/x1_y3_kimi.v:168$198 ($mul).
  Removing cell $mul$experiments/x1/rtl/x1_y3_kimi.v:168$200 ($mul).
  Removing cell $mul$experiments/x1/rtl/x1_y3_kimi.v:168$202 ($mul).
  Removing cell $mul$experiments/x1/rtl/x1_y3_kimi.v:168$204 ($mul).
  Removing cell $mul$experiments/x1/rtl/x1_y3_kimi.v:168$206 ($mul).
  Removing cell $mul$experiments/x1/rtl/x1_y3_kimi.v:168$208 ($mul).
  Removing cell $mul$experiments/x1/rtl/x1_y3_kimi.v:168$210 ($mul).
  Removing cell $mul$experiments/x1/rtl/x1_y3_kimi.v:168$212 ($mul).
  Removing cell $mul$experiments/x1/rtl/x1_y3_kimi.v:168$214 ($mul).
  Removing cell $mul$experiments/x1/rtl/x1_y3_kimi.v:168$216 ($mul).
  Removing cell $mul$experiments/x1/rtl/x1_y3_kimi.v:168$218 ($mul).
  Removing cell $mul$experiments/x1/rtl/x1_y3_kimi.v:168$220 ($mul).
  Removing cell $mul$experiments/x1/rtl/x1_y3_kimi.v:168$222 ($mul).
  Removing cell $mul$experiments/x1/rtl/x1_y3_kimi.v:168$224 ($mul).
  Removing cell $mul$experiments/x1/rtl/x1_y3_kimi.v:168$226 ($mul).
  Removing cell $mul$experiments/x1/rtl/x1_y3_kimi.v:168$228 ($mul).
  Removing cell $mul$experiments/x1/rtl/x1_y3_kimi.v:168$230 ($mul).
  Removing cell $mul$experiments/x1/rtl/x1_y3_kimi.v:168$232 ($mul).
  Removing cell $mul$experiments/x1/rtl/x1_y3_kimi.v:168$234 ($mul).
  Removing cell $mul$experiments/x1/rtl/x1_y3_kimi.v:168$236 ($mul).
  Removing cell $mul$experiments/x1/rtl/x1_y3_kimi.v:168$238 ($mul).
  Removing cell $mul$experiments/x1/rtl/x1_y3_kimi.v:168$240 ($mul).
  Removing cell $mul$experiments/x1/rtl/x1_y3_kimi.v:168$242 ($mul).
  Removing cell $mul$experiments/x1/rtl/x1_y3_kimi.v:168$244 ($mul).
  Removing cell $mul$experiments/x1/rtl/x1_y3_kimi.v:168$246 ($mul).
  Removing cell $mul$experiments/x1/rtl/x1_y3_kimi.v:168$248 ($mul).
  Removing cell $mul$experiments/x1/rtl/x1_y3_kimi.v:168$250 ($mul).
  Removing cell $mul$experiments/x1/rtl/x1_y3_kimi.v:168$252 ($mul).
  Removing cell $mul$experiments/x1/rtl/x1_y3_kimi.v:168$254 ($mul).
  Removing cell $mul$experiments/x1/rtl/x1_y3_kimi.v:168$256 ($mul).
  Removing cell $mul$experiments/x1/rtl/x1_y3_kimi.v:168$258 ($mul).
  Removing cell $mul$experiments/x1/rtl/x1_y3_kimi.v:168$260 ($mul).
  Removing cell $mul$experiments/x1/rtl/x1_y3_kimi.v:168$262 ($mul).
  Removing cell $mul$experiments/x1/rtl/x1_y3_kimi.v:168$264 ($mul).
  Removing cell $mul$experiments/x1/rtl/x1_y3_kimi.v:168$266 ($mul).
  Removing cell $mul$experiments/x1/rtl/x1_y3_kimi.v:168$268 ($mul).
  Removing cell $mul$experiments/x1/rtl/x1_y3_kimi.v:168$270 ($mul).
  Removing cell $mul$experiments/x1/rtl/x1_y3_kimi.v:168$272 ($mul).
  Removing cell $mul$experiments/x1/rtl/x1_y3_kimi.v:168$274 ($mul).
  Removing cell $mul$experiments/x1/rtl/x1_y3_kimi.v:168$276 ($mul).
  Removing cell $mul$experiments/x1/rtl/x1_y3_kimi.v:168$278 ($mul).
  Removing cell $mul$experiments/x1/rtl/x1_y3_kimi.v:168$280 ($mul).
  Removing cell $mul$experiments/x1/rtl/x1_y3_kimi.v:168$282 ($mul).
  Removing cell $mul$experiments/x1/rtl/x1_y3_kimi.v:168$284 ($mul).
  Removing cell $mul$experiments/x1/rtl/x1_y3_kimi.v:168$286 ($mul).
  Removing cell $mul$experiments/x1/rtl/x1_y3_kimi.v:168$288 ($mul).
  Removing cell $mul$experiments/x1/rtl/x1_y3_kimi.v:168$290 ($mul).
  Removing cell $mul$experiments/x1/rtl/x1_y3_kimi.v:168$292 ($mul).
  Removing cell $mul$experiments/x1/rtl/x1_y3_kimi.v:168$294 ($mul).
  Removing cell $mul$experiments/x1/rtl/x1_y3_kimi.v:168$296 ($mul).
  Removing cell $mul$experiments/x1/rtl/x1_y3_kimi.v:168$298 ($mul).
  Removing cell $mul$experiments/x1/rtl/x1_y3_kimi.v:168$300 ($mul).
  Removing cell $mul$experiments/x1/rtl/x1_y3_kimi.v:168$302 ($mul).
  Removing cell $mul$experiments/x1/rtl/x1_y3_kimi.v:168$304 ($mul).
  Removing cell $mul$experiments/x1/rtl/x1_y3_kimi.v:168$306 ($mul).
  Removing cell $mul$experiments/x1/rtl/x1_y3_kimi.v:168$308 ($mul).
  Removing cell $mul$experiments/x1/rtl/x1_y3_kimi.v:168$310 ($mul).
  Removing cell $mul$experiments/x1/rtl/x1_y3_kimi.v:168$312 ($mul).
  Removing cell $mul$experiments/x1/rtl/x1_y3_kimi.v:168$314 ($mul).
  Removing cell $mul$experiments/x1/rtl/x1_y3_kimi.v:168$316 ($mul).
  Removing cell $mul$experiments/x1/rtl/x1_y3_kimi.v:168$318 ($mul).
  Removing cell $mul$experiments/x1/rtl/x1_y3_kimi.v:168$320 ($mul).
  Removing cell $mul$experiments/x1/rtl/x1_y3_kimi.v:168$322 ($mul).
  Removing cell $mul$experiments/x1/rtl/x1_y3_kimi.v:168$324 ($mul).
  Removing cell $mul$experiments/x1/rtl/x1_y3_kimi.v:168$326 ($mul).
  Removing cell $mul$experiments/x1/rtl/x1_y3_kimi.v:168$328 ($mul).
  Removing cell $mul$experiments/x1/rtl/x1_y3_kimi.v:168$330 ($mul).
  Removing cell $mul$experiments/x1/rtl/x1_y3_kimi.v:168$332 ($mul).
  Removing cell $mul$experiments/x1/rtl/x1_y3_kimi.v:168$334 ($mul).
  Removing cell $mul$experiments/x1/rtl/x1_y3_kimi.v:168$336 ($mul).
  Removing cell $mul$experiments/x1/rtl/x1_y3_kimi.v:168$338 ($mul).
  Removing cell $mul$experiments/x1/rtl/x1_y3_kimi.v:168$340 ($mul).
  Removing cell $mul$experiments/x1/rtl/x1_y3_kimi.v:168$342 ($mul).
  Removing cell $mul$experiments/x1/rtl/x1_y3_kimi.v:168$344 ($mul).
  Removing cell $mul$experiments/x1/rtl/x1_y3_kimi.v:168$346 ($mul).
  Removing cell $mul$experiments/x1/rtl/x1_y3_kimi.v:168$348 ($mul).
  Removing cell $mul$experiments/x1/rtl/x1_y3_kimi.v:168$350 ($mul).
  Removing cell $mul$experiments/x1/rtl/x1_y3_kimi.v:168$352 ($mul).
  Removing cell $mul$experiments/x1/rtl/x1_y3_kimi.v:168$354 ($mul).
  Removing cell $mul$experiments/x1/rtl/x1_y3_kimi.v:168$356 ($mul).
  Removing cell $mul$experiments/x1/rtl/x1_y3_kimi.v:168$358 ($mul).
  Removing cell $mul$experiments/x1/rtl/x1_y3_kimi.v:168$360 ($mul).
  Removing cell $mul$experiments/x1/rtl/x1_y3_kimi.v:168$362 ($mul).
  Removing cell $mul$experiments/x1/rtl/x1_y3_kimi.v:168$364 ($mul).
  Removing cell $mul$experiments/x1/rtl/x1_y3_kimi.v:168$366 ($mul).
  Removing cell $mul$experiments/x1/rtl/x1_y3_kimi.v:168$368 ($mul).
  Removing cell $mul$experiments/x1/rtl/x1_y3_kimi.v:168$370 ($mul).
  Removing cell $mul$experiments/x1/rtl/x1_y3_kimi.v:168$372 ($mul).
  Removing cell $mul$experiments/x1/rtl/x1_y3_kimi.v:168$374 ($mul).
  Removing cell $mul$experiments/x1/rtl/x1_y3_kimi.v:168$376 ($mul).
  Removing cell $mul$experiments/x1/rtl/x1_y3_kimi.v:168$378 ($mul).
  Removing cell $mul$experiments/x1/rtl/x1_y3_kimi.v:168$380 ($mul).
  Removing cell $mul$experiments/x1/rtl/x1_y3_kimi.v:168$382 ($mul).
  Removing cell $mul$experiments/x1/rtl/x1_y3_kimi.v:168$384 ($mul).
  Removing cell $mul$experiments/x1/rtl/x1_y3_kimi.v:168$386 ($mul).
  Removing cell $mul$experiments/x1/rtl/x1_y3_kimi.v:168$388 ($mul).
  Removing cell $mul$experiments/x1/rtl/x1_y3_kimi.v:168$390 ($mul).
  Removing cell $mul$experiments/x1/rtl/x1_y3_kimi.v:168$392 ($mul).
  Removing cell $mul$experiments/x1/rtl/x1_y3_kimi.v:168$394 ($mul).
  Removing cell $mul$experiments/x1/rtl/x1_y3_kimi.v:168$396 ($mul).
  Removing cell $mul$experiments/x1/rtl/x1_y3_kimi.v:168$398 ($mul).
  Removing cell $mul$experiments/x1/rtl/x1_y3_kimi.v:168$400 ($mul).
  Removing cell $mul$experiments/x1/rtl/x1_y3_kimi.v:168$402 ($mul).
  Removing cell $mul$experiments/x1/rtl/x1_y3_kimi.v:168$404 ($mul).
  Removing cell $mul$experiments/x1/rtl/x1_y3_kimi.v:168$406 ($mul).
  Removing cell $mul$experiments/x1/rtl/x1_y3_kimi.v:168$408 ($mul).
  Removing cell $mul$experiments/x1/rtl/x1_y3_kimi.v:168$410 ($mul).
  Removing cell $mul$experiments/x1/rtl/x1_y3_kimi.v:168$412 ($mul).
  Removing cell $mul$experiments/x1/rtl/x1_y3_kimi.v:168$414 ($mul).
  Removing cell $mul$experiments/x1/rtl/x1_y3_kimi.v:168$416 ($mul).
  Removing cell $mul$experiments/x1/rtl/x1_y3_kimi.v:168$418 ($mul).
  Removing cell $mul$experiments/x1/rtl/x1_y3_kimi.v:168$420 ($mul).
  Removing cell $mul$experiments/x1/rtl/x1_y3_kimi.v:168$422 ($mul).
  Removing cell $mul$experiments/x1/rtl/x1_y3_kimi.v:168$424 ($mul).
  Removing cell $mul$experiments/x1/rtl/x1_y3_kimi.v:168$426 ($mul).
  Removing cell $mul$experiments/x1/rtl/x1_y3_kimi.v:168$428 ($mul).
  Removing cell $mul$experiments/x1/rtl/x1_y3_kimi.v:168$430 ($mul).
  Removing cell $mul$experiments/x1/rtl/x1_y3_kimi.v:168$432 ($mul).
  Removing cell $mul$experiments/x1/rtl/x1_y3_kimi.v:168$434 ($mul).
  Removing cell $mul$experiments/x1/rtl/x1_y3_kimi.v:168$436 ($mul).
  Removing cell $mul$experiments/x1/rtl/x1_y3_kimi.v:168$438 ($mul).
  Removing cell $mul$experiments/x1/rtl/x1_y3_kimi.v:168$44 ($mul).
  Removing cell $mul$experiments/x1/rtl/x1_y3_kimi.v:168$440 ($mul).
  Removing cell $mul$experiments/x1/rtl/x1_y3_kimi.v:168$442 ($mul).
  Removing cell $mul$experiments/x1/rtl/x1_y3_kimi.v:168$444 ($mul).
  Removing cell $mul$experiments/x1/rtl/x1_y3_kimi.v:168$446 ($mul).
  Removing cell $mul$experiments/x1/rtl/x1_y3_kimi.v:168$448 ($mul).
  Removing cell $mul$experiments/x1/rtl/x1_y3_kimi.v:168$450 ($mul).
  Removing cell $mul$experiments/x1/rtl/x1_y3_kimi.v:168$452 ($mul).
  Removing cell $mul$experiments/x1/rtl/x1_y3_kimi.v:168$454 ($mul).
  Removing cell $mul$experiments/x1/rtl/x1_y3_kimi.v:168$456 ($mul).
  Removing cell $mul$experiments/x1/rtl/x1_y3_kimi.v:168$458 ($mul).
  Removing cell $mul$experiments/x1/rtl/x1_y3_kimi.v:168$46 ($mul).
  Removing cell $mul$experiments/x1/rtl/x1_y3_kimi.v:168$460 ($mul).
  Removing cell $mul$experiments/x1/rtl/x1_y3_kimi.v:168$462 ($mul).
  Removing cell $mul$experiments/x1/rtl/x1_y3_kimi.v:168$464 ($mul).
  Removing cell $mul$experiments/x1/rtl/x1_y3_kimi.v:168$466 ($mul).
  Removing cell $mul$experiments/x1/rtl/x1_y3_kimi.v:168$468 ($mul).
  Removing cell $mul$experiments/x1/rtl/x1_y3_kimi.v:168$470 ($mul).
  Removing cell $mul$experiments/x1/rtl/x1_y3_kimi.v:168$472 ($mul).
  Removing cell $mul$experiments/x1/rtl/x1_y3_kimi.v:168$474 ($mul).
  Removing cell $mul$experiments/x1/rtl/x1_y3_kimi.v:168$476 ($mul).
  Removing cell $mul$experiments/x1/rtl/x1_y3_kimi.v:168$478 ($mul).
  Removing cell $mul$experiments/x1/rtl/x1_y3_kimi.v:168$48 ($mul).
  Removing cell $mul$experiments/x1/rtl/x1_y3_kimi.v:168$480 ($mul).
  Removing cell $mul$experiments/x1/rtl/x1_y3_kimi.v:168$482 ($mul).
  Removing cell $mul$experiments/x1/rtl/x1_y3_kimi.v:168$484 ($mul).
  Removing cell $mul$experiments/x1/rtl/x1_y3_kimi.v:168$486 ($mul).
  Removing cell $mul$experiments/x1/rtl/x1_y3_kimi.v:168$488 ($mul).
  Removing cell $mul$experiments/x1/rtl/x1_y3_kimi.v:168$490 ($mul).
  Removing cell $mul$experiments/x1/rtl/x1_y3_kimi.v:168$492 ($mul).
  Removing cell $mul$experiments/x1/rtl/x1_y3_kimi.v:168$494 ($mul).
  Removing cell $mul$experiments/x1/rtl/x1_y3_kimi.v:168$496 ($mul).
  Removing cell $mul$experiments/x1/rtl/x1_y3_kimi.v:168$498 ($mul).
  Removing cell $mul$experiments/x1/rtl/x1_y3_kimi.v:168$50 ($mul).
  Removing cell $mul$experiments/x1/rtl/x1_y3_kimi.v:168$500 ($mul).
  Removing cell $mul$experiments/x1/rtl/x1_y3_kimi.v:168$502 ($mul).
  Removing cell $mul$experiments/x1/rtl/x1_y3_kimi.v:168$504 ($mul).
  Removing cell $mul$experiments/x1/rtl/x1_y3_kimi.v:168$506 ($mul).
  Removing cell $mul$experiments/x1/rtl/x1_y3_kimi.v:168$508 ($mul).
  Removing cell $mul$experiments/x1/rtl/x1_y3_kimi.v:168$510 ($mul).
  Removing cell $mul$experiments/x1/rtl/x1_y3_kimi.v:168$512 ($mul).
  Removing cell $mul$experiments/x1/rtl/x1_y3_kimi.v:168$514 ($mul).
  Removing cell $mul$experiments/x1/rtl/x1_y3_kimi.v:168$516 ($mul).
  Removing cell $mul$experiments/x1/rtl/x1_y3_kimi.v:168$518 ($mul).
  Removing cell $mul$experiments/x1/rtl/x1_y3_kimi.v:168$52 ($mul).
  Removing cell $mul$experiments/x1/rtl/x1_y3_kimi.v:168$520 ($mul).
  Removing cell $mul$experiments/x1/rtl/x1_y3_kimi.v:168$522 ($mul).
  Removing cell $mul$experiments/x1/rtl/x1_y3_kimi.v:168$524 ($mul).
  Removing cell $mul$experiments/x1/rtl/x1_y3_kimi.v:168$526 ($mul).
  Removing cell $mul$experiments/x1/rtl/x1_y3_kimi.v:168$528 ($mul).
  Removing cell $mul$experiments/x1/rtl/x1_y3_kimi.v:168$530 ($mul).
  Removing cell $mul$experiments/x1/rtl/x1_y3_kimi.v:168$532 ($mul).
  Removing cell $mul$experiments/x1/rtl/x1_y3_kimi.v:168$534 ($mul).
  Removing cell $mul$experiments/x1/rtl/x1_y3_kimi.v:168$536 ($mul).
  Removing cell $mul$experiments/x1/rtl/x1_y3_kimi.v:168$538 ($mul).
  Removing cell $mul$experiments/x1/rtl/x1_y3_kimi.v:168$54 ($mul).
  Removing cell $mul$experiments/x1/rtl/x1_y3_kimi.v:168$540 ($mul).
  Removing cell $mul$experiments/x1/rtl/x1_y3_kimi.v:168$542 ($mul).
  Removing cell $mul$experiments/x1/rtl/x1_y3_kimi.v:168$544 ($mul).
  Removing cell $mul$experiments/x1/rtl/x1_y3_kimi.v:168$546 ($mul).
  Removing cell $mul$experiments/x1/rtl/x1_y3_kimi.v:168$548 ($mul).
  Removing cell $mul$experiments/x1/rtl/x1_y3_kimi.v:168$550 ($mul).
  Removing cell $mul$experiments/x1/rtl/x1_y3_kimi.v:168$552 ($mul).
  Removing cell $mul$experiments/x1/rtl/x1_y3_kimi.v:168$554 ($mul).
  Removing cell $mul$experiments/x1/rtl/x1_y3_kimi.v:168$56 ($mul).
  Removing cell $mul$experiments/x1/rtl/x1_y3_kimi.v:168$58 ($mul).
  Removing cell $mul$experiments/x1/rtl/x1_y3_kimi.v:168$60 ($mul).
  Removing cell $mul$experiments/x1/rtl/x1_y3_kimi.v:168$62 ($mul).
  Removing cell $mul$experiments/x1/rtl/x1_y3_kimi.v:168$64 ($mul).
  Removing cell $mul$experiments/x1/rtl/x1_y3_kimi.v:168$66 ($mul).
  Removing cell $mul$experiments/x1/rtl/x1_y3_kimi.v:168$68 ($mul).
  Removing cell $mul$experiments/x1/rtl/x1_y3_kimi.v:168$70 ($mul).
  Removing cell $mul$experiments/x1/rtl/x1_y3_kimi.v:168$72 ($mul).
  Removing cell $mul$experiments/x1/rtl/x1_y3_kimi.v:168$74 ($mul).
  Removing cell $mul$experiments/x1/rtl/x1_y3_kimi.v:168$76 ($mul).
  Removing cell $mul$experiments/x1/rtl/x1_y3_kimi.v:168$78 ($mul).
  Removing cell $mul$experiments/x1/rtl/x1_y3_kimi.v:168$80 ($mul).
  Removing cell $mul$experiments/x1/rtl/x1_y3_kimi.v:168$82 ($mul).
  Removing cell $mul$experiments/x1/rtl/x1_y3_kimi.v:168$84 ($mul).
  Removing cell $mul$experiments/x1/rtl/x1_y3_kimi.v:168$86 ($mul).
  Removing cell $mul$experiments/x1/rtl/x1_y3_kimi.v:168$88 ($mul).
  Removing cell $mul$experiments/x1/rtl/x1_y3_kimi.v:168$90 ($mul).
  Removing cell $mul$experiments/x1/rtl/x1_y3_kimi.v:168$92 ($mul).
  Removing cell $mul$experiments/x1/rtl/x1_y3_kimi.v:168$94 ($mul).
  Removing cell $mul$experiments/x1/rtl/x1_y3_kimi.v:168$96 ($mul).
  Removing cell $mul$experiments/x1/rtl/x1_y3_kimi.v:168$98 ($mul).

3.14. Executing OPT pass (performing simple optimizations).

3.14.1. Executing OPT_EXPR pass (perform const folding).
Optimizing module x1_y3_kimi.

3.14.2. Executing OPT_MERGE pass (detect identical cells).
Finding identical cells in module `\x1_y3_kimi'.
Removed a total of 0 cells.

3.14.3. Executing OPT_MUXTREE pass (detect dead branches in mux trees).
Running muxtree optimizer on module \x1_y3_kimi..
  Creating internal representation of mux trees.
  Evaluating internal representation of mux trees.
  Analyzing evaluation results.
Removed 0 multiplexer ports.
<suppressed ~253 debug messages>

3.14.4. Executing OPT_REDUCE pass (consolidate $*mux and $reduce_* inputs).
  Optimizing cells in module \x1_y3_kimi.
Performed a total of 0 changes.

3.14.5. Executing OPT_MERGE pass (detect identical cells).
Finding identical cells in module `\x1_y3_kimi'.
Removed a total of 0 cells.

3.14.6. Executing OPT_DFF pass (perform DFF optimizations).

3.14.7. Executing OPT_CLEAN pass (remove unused cells and wires).
Finding unused cells or wires in module \x1_y3_kimi..
Removed 0 unused cells and 257 unused wires.
<suppressed ~1 debug messages>

3.14.8. Executing OPT_EXPR pass (perform const folding).
Optimizing module x1_y3_kimi.

3.14.9. Rerunning OPT passes. (Maybe there is more to do..)

3.14.10. Executing OPT_MUXTREE pass (detect dead branches in mux trees).
Running muxtree optimizer on module \x1_y3_kimi..
  Creating internal representation of mux trees.
  Evaluating internal representation of mux trees.
  Analyzing evaluation results.
Removed 0 multiplexer ports.
<suppressed ~253 debug messages>

3.14.11. Executing OPT_REDUCE pass (consolidate $*mux and $reduce_* inputs).
  Optimizing cells in module \x1_y3_kimi.
Performed a total of 0 changes.

3.14.12. Executing OPT_MERGE pass (detect identical cells).
Finding identical cells in module `\x1_y3_kimi'.
Removed a total of 0 cells.

3.14.13. Executing OPT_DFF pass (perform DFF optimizations).

3.14.14. Executing OPT_CLEAN pass (remove unused cells and wires).
Finding unused cells or wires in module \x1_y3_kimi..

3.14.15. Executing OPT_EXPR pass (perform const folding).
Optimizing module x1_y3_kimi.

3.14.16. Finished OPT passes. (There is nothing left to do.)

3.15. Executing MEMORY pass.

3.15.1. Executing OPT_MEM pass (optimize memories).
Performed a total of 0 transformations.

3.15.2. Executing OPT_MEM_PRIORITY pass (removing unnecessary memory write priority relations).
Performed a total of 0 transformations.

3.15.3. Executing OPT_MEM_FEEDBACK pass (finding memory read-to-write feedback paths).

3.15.4. Executing MEMORY_BMUX2ROM pass (converting muxes to ROMs).

3.15.5. Executing MEMORY_DFF pass (merging $dff cells to $memrd).

3.15.6. Executing OPT_CLEAN pass (remove unused cells and wires).
Finding unused cells or wires in module \x1_y3_kimi..

3.15.7. Executing MEMORY_SHARE pass (consolidating $memrd/$memwr cells).

3.15.8. Executing OPT_MEM_WIDEN pass (optimize memories where all ports are wide).
Performed a total of 0 transformations.

3.15.9. Executing OPT_CLEAN pass (remove unused cells and wires).
Finding unused cells or wires in module \x1_y3_kimi..

3.15.10. Executing MEMORY_COLLECT pass (generating $mem cells).

3.16. Executing OPT_CLEAN pass (remove unused cells and wires).
Finding unused cells or wires in module \x1_y3_kimi..

3.17. Executing OPT pass (performing simple optimizations).

3.17.1. Executing OPT_EXPR pass (perform const folding).
Optimizing module x1_y3_kimi.
<suppressed ~504 debug messages>

3.17.2. Executing OPT_MERGE pass (detect identical cells).
Finding identical cells in module `\x1_y3_kimi'.
Removed a total of 0 cells.

3.17.3. Executing OPT_DFF pass (perform DFF optimizations).

3.17.4. Executing OPT_CLEAN pass (remove unused cells and wires).
Finding unused cells or wires in module \x1_y3_kimi..
Removed 0 unused cells and 496 unused wires.
<suppressed ~1 debug messages>

3.17.5. Finished fast OPT passes.

3.18. Executing MEMORY_MAP pass (converting memories to logic and flip-flops).

3.19. Executing OPT pass (performing simple optimizations).

3.19.1. Executing OPT_EXPR pass (perform const folding).
Optimizing module x1_y3_kimi.

3.19.2. Executing OPT_MERGE pass (detect identical cells).
Finding identical cells in module `\x1_y3_kimi'.
Removed a total of 0 cells.

3.19.3. Executing OPT_MUXTREE pass (detect dead branches in mux trees).
Running muxtree optimizer on module \x1_y3_kimi..
  Creating internal representation of mux trees.
  Evaluating internal representation of mux trees.
  Analyzing evaluation results.
Removed 0 multiplexer ports.
<suppressed ~247 debug messages>

3.19.4. Executing OPT_REDUCE pass (consolidate $*mux and $reduce_* inputs).
  Optimizing cells in module \x1_y3_kimi.
    New ctrl vector for $pmux cell $procmux$5425: $0\out_we[0:0]
    New ctrl vector for $pmux cell $procmux$5442: $0\out_we[0:0]
    New ctrl vector for $pmux cell $procmux$5493: { $eq$experiments/x1/rtl/x1_y3_kimi.v:159$40_Y $eq$experiments/x1/rtl/x1_y3_kimi.v:163$42_Y }
  Optimizing cells in module \x1_y3_kimi.
Performed a total of 3 changes.

3.19.5. Executing OPT_MERGE pass (detect identical cells).
Finding identical cells in module `\x1_y3_kimi'.
Removed a total of 0 cells.

3.19.6. Executing OPT_SHARE pass.

3.19.7. Executing OPT_DFF pass (perform DFF optimizations).

3.19.8. Executing OPT_CLEAN pass (remove unused cells and wires).
Finding unused cells or wires in module \x1_y3_kimi..

3.19.9. Executing OPT_EXPR pass (perform const folding).
Optimizing module x1_y3_kimi.

3.19.10. Rerunning OPT passes. (Maybe there is more to do..)

3.19.11. Executing OPT_MUXTREE pass (detect dead branches in mux trees).
Running muxtree optimizer on module \x1_y3_kimi..
  Creating internal representation of mux trees.
  Evaluating internal representation of mux trees.
  Analyzing evaluation results.
Removed 0 multiplexer ports.
<suppressed ~247 debug messages>

3.19.12. Executing OPT_REDUCE pass (consolidate $*mux and $reduce_* inputs).
  Optimizing cells in module \x1_y3_kimi.
Performed a total of 0 changes.

3.19.13. Executing OPT_MERGE pass (detect identical cells).
Finding identical cells in module `\x1_y3_kimi'.
Removed a total of 0 cells.

3.19.14. Executing OPT_SHARE pass.

3.19.15. Executing OPT_DFF pass (perform DFF optimizations).

3.19.16. Executing OPT_CLEAN pass (remove unused cells and wires).
Finding unused cells or wires in module \x1_y3_kimi..

3.19.17. Executing OPT_EXPR pass (perform const folding).
Optimizing module x1_y3_kimi.

3.19.18. Finished OPT passes. (There is nothing left to do.)

3.20. Executing TECHMAP pass (map to technology primitives).

3.20.1. Executing Verilog-2005 frontend: /usr/bin/../share/yosys/techmap.v
Parsing Verilog input from `/usr/bin/../share/yosys/techmap.v' to AST representation.
Generating RTLIL representation for module `\_90_simplemap_bool_ops'.
Generating RTLIL representation for module `\_90_simplemap_reduce_ops'.
Generating RTLIL representation for module `\_90_simplemap_logic_ops'.
Generating RTLIL representation for module `\_90_simplemap_compare_ops'.
Generating RTLIL representation for module `\_90_simplemap_various'.
Generating RTLIL representation for module `\_90_simplemap_registers'.
Generating RTLIL representation for module `\_90_shift_ops_shr_shl_sshl_sshr'.
Generating RTLIL representation for module `\_90_shift_shiftx'.
Generating RTLIL representation for module `\_90_fa'.
Generating RTLIL representation for module `\_90_lcu'.
Generating RTLIL representation for module `\_90_alu'.
Generating RTLIL representation for module `\_90_macc'.
Generating RTLIL representation for module `\_90_alumacc'.
Generating RTLIL representation for module `\$__div_mod_u'.
Generating RTLIL representation for module `\$__div_mod_trunc'.
Generating RTLIL representation for module `\_90_div'.
Generating RTLIL representation for module `\_90_mod'.
Generating RTLIL representation for module `\$__div_mod_floor'.
Generating RTLIL representation for module `\_90_divfloor'.
Generating RTLIL representation for module `\_90_modfloor'.
Generating RTLIL representation for module `\_90_pow'.
Generating RTLIL representation for module `\_90_pmux'.
Generating RTLIL representation for module `\_90_demux'.
Generating RTLIL representation for module `\_90_lut'.
Successfully finished Verilog frontend.

3.20.2. Continuing TECHMAP pass.
Using extmapper simplemap for cells of type $reduce_bool.
Using template $paramod$8f780356cb6cdb52f6a744190131b65634639c4e\_90_alu for cells of type $alu.
Using extmapper simplemap for cells of type $logic_and.
Using extmapper simplemap for cells of type $logic_not.
Using extmapper simplemap for cells of type $adffe.
Using extmapper simplemap for cells of type $ne.
Using template $paramod$32a7b7b86c07519b7537abc18e96f0331f97914d\_90_alu for cells of type $alu.
Using extmapper simplemap for cells of type $eq.
Using extmapper maccmap for cells of type $macc.
  add \accum_bank[202] (24 bits, signed)
  add \act_rdata [51:48] * \weight_rdata [43:40] (4x4 bits, signed)
  add \accum_bank[212] (24 bits, signed)
  add \act_rdata [55:52] * \weight_rdata [19:16] (4x4 bits, signed)
  add \accum_bank[222] (24 bits, signed)
  add \act_rdata [55:52] * \weight_rdata [59:56] (4x4 bits, signed)
  add \accum_bank[232] (24 bits, signed)
  add \act_rdata [59:56] * \weight_rdata [35:32] (4x4 bits, signed)
  add \accum_bank[242] (24 bits, signed)
  add \act_rdata [63:60] * \weight_rdata [11:8] (4x4 bits, signed)
  add \accum_bank[252] (24 bits, signed)
  add \act_rdata [63:60] * \weight_rdata [51:48] (4x4 bits, signed)
  add \accum_bank[255] (24 bits, signed)
  add \act_rdata [63:60] * \weight_rdata [63:60] (4x4 bits, signed)
  add \accum_bank[6] (24 bits, signed)
  add \act_rdata [3:0] * \weight_rdata [27:24] (4x4 bits, signed)
  add \accum_bank[7] (24 bits, signed)
  add \act_rdata [3:0] * \weight_rdata [31:28] (4x4 bits, signed)
  add \accum_bank[8] (24 bits, signed)
  add \act_rdata [3:0] * \weight_rdata [35:32] (4x4 bits, signed)
  add \accum_bank[9] (24 bits, signed)
  add \act_rdata [3:0] * \weight_rdata [39:36] (4x4 bits, signed)
  add \accum_bank[10] (24 bits, signed)
  add \act_rdata [3:0] * \weight_rdata [43:40] (4x4 bits, signed)
  add \accum_bank[11] (24 bits, signed)
  add \act_rdata [3:0] * \weight_rdata [47:44] (4x4 bits, signed)
  add \accum_bank[12] (24 bits, signed)
  add \act_rdata [3:0] * \weight_rdata [51:48] (4x4 bits, signed)
  add \accum_bank[13] (24 bits, signed)
  add \act_rdata [3:0] * \weight_rdata [55:52] (4x4 bits, signed)
  add \accum_bank[14] (24 bits, signed)
  add \act_rdata [3:0] * \weight_rdata [59:56] (4x4 bits, signed)
  add \accum_bank[15] (24 bits, signed)
  add \act_rdata [3:0] * \weight_rdata [63:60] (4x4 bits, signed)
  add \accum_bank[16] (24 bits, signed)
  add \act_rdata [7:4] * \weight_rdata [3:0] (4x4 bits, signed)
  add \accum_bank[17] (24 bits, signed)
  add \act_rdata [7:4] * \weight_rdata [7:4] (4x4 bits, signed)
  add \accum_bank[18] (24 bits, signed)
  add \act_rdata [7:4] * \weight_rdata [11:8] (4x4 bits, signed)
  add \accum_bank[19] (24 bits, signed)
  add \act_rdata [7:4] * \weight_rdata [15:12] (4x4 bits, signed)
  add \accum_bank[20] (24 bits, signed)
  add \act_rdata [7:4] * \weight_rdata [19:16] (4x4 bits, signed)
  add \accum_bank[21] (24 bits, signed)
  add \act_rdata [7:4] * \weight_rdata [23:20] (4x4 bits, signed)
  add \accum_bank[22] (24 bits, signed)
  add \act_rdata [7:4] * \weight_rdata [27:24] (4x4 bits, signed)
  add \accum_bank[25] (24 bits, signed)
  add \act_rdata [7:4] * \weight_rdata [39:36] (4x4 bits, signed)
  add \accum_bank[26] (24 bits, signed)
  add \act_rdata [7:4] * \weight_rdata [43:40] (4x4 bits, signed)
  add \accum_bank[27] (24 bits, signed)
  add \act_rdata [7:4] * \weight_rdata [47:44] (4x4 bits, signed)
  add \accum_bank[24] (24 bits, signed)
  add \act_rdata [7:4] * \weight_rdata [35:32] (4x4 bits, signed)
  add \accum_bank[28] (24 bits, signed)
  add \act_rdata [7:4] * \weight_rdata [51:48] (4x4 bits, signed)
  add \accum_bank[29] (24 bits, signed)
  add \act_rdata [7:4] * \weight_rdata [55:52] (4x4 bits, signed)
  add \accum_bank[30] (24 bits, signed)
  add \act_rdata [7:4] * \weight_rdata [59:56] (4x4 bits, signed)
  add \accum_bank[31] (24 bits, signed)
  add \act_rdata [7:4] * \weight_rdata [63:60] (4x4 bits, signed)
  add \accum_bank[32] (24 bits, signed)
  add \act_rdata [11:8] * \weight_rdata [3:0] (4x4 bits, signed)
  add \accum_bank[33] (24 bits, signed)
  add \act_rdata [11:8] * \weight_rdata [7:4] (4x4 bits, signed)
  add \accum_bank[34] (24 bits, signed)
  add \act_rdata [11:8] * \weight_rdata [11:8] (4x4 bits, signed)
  add \accum_bank[35] (24 bits, signed)
  add \act_rdata [11:8] * \weight_rdata [15:12] (4x4 bits, signed)
  add \accum_bank[36] (24 bits, signed)
  add \act_rdata [11:8] * \weight_rdata [19:16] (4x4 bits, signed)
  add \accum_bank[37] (24 bits, signed)
  add \act_rdata [11:8] * \weight_rdata [23:20] (4x4 bits, signed)
  add \accum_bank[38] (24 bits, signed)
  add \act_rdata [11:8] * \weight_rdata [27:24] (4x4 bits, signed)
  add \accum_bank[39] (24 bits, signed)
  add \act_rdata [11:8] * \weight_rdata [31:28] (4x4 bits, signed)
  add \accum_bank[40] (24 bits, signed)
  add \act_rdata [11:8] * \weight_rdata [35:32] (4x4 bits, signed)
  add \accum_bank[41] (24 bits, signed)
  add \act_rdata [11:8] * \weight_rdata [39:36] (4x4 bits, signed)
  add \accum_bank[42] (24 bits, signed)
  add \act_rdata [11:8] * \weight_rdata [43:40] (4x4 bits, signed)
  add \accum_bank[43] (24 bits, signed)
  add \act_rdata [11:8] * \weight_rdata [47:44] (4x4 bits, signed)
  add \accum_bank[44] (24 bits, signed)
  add \act_rdata [11:8] * \weight_rdata [51:48] (4x4 bits, signed)
  add \accum_bank[45] (24 bits, signed)
  add \act_rdata [11:8] * \weight_rdata [55:52] (4x4 bits, signed)
  add \accum_bank[46] (24 bits, signed)
  add \act_rdata [11:8] * \weight_rdata [59:56] (4x4 bits, signed)
  add \accum_bank[47] (24 bits, signed)
  add \act_rdata [11:8] * \weight_rdata [63:60] (4x4 bits, signed)
  add \accum_bank[48] (24 bits, signed)
  add \act_rdata [15:12] * \weight_rdata [3:0] (4x4 bits, signed)
  add \accum_bank[49] (24 bits, signed)
  add \act_rdata [15:12] * \weight_rdata [7:4] (4x4 bits, signed)
  add \accum_bank[50] (24 bits, signed)
  add \act_rdata [15:12] * \weight_rdata [11:8] (4x4 bits, signed)
  add \accum_bank[51] (24 bits, signed)
  add \act_rdata [15:12] * \weight_rdata [15:12] (4x4 bits, signed)
  add \accum_bank[52] (24 bits, signed)
  add \act_rdata [15:12] * \weight_rdata [19:16] (4x4 bits, signed)
  add \accum_bank[53] (24 bits, signed)
  add \act_rdata [15:12] * \weight_rdata [23:20] (4x4 bits, signed)
  add \accum_bank[54] (24 bits, signed)
  add \act_rdata [15:12] * \weight_rdata [27:24] (4x4 bits, signed)
  add \accum_bank[55] (24 bits, signed)
  add \act_rdata [15:12] * \weight_rdata [31:28] (4x4 bits, signed)
  add \accum_bank[56] (24 bits, signed)
  add \act_rdata [15:12] * \weight_rdata [35:32] (4x4 bits, signed)
  add \accum_bank[57] (24 bits, signed)
  add \act_rdata [15:12] * \weight_rdata [39:36] (4x4 bits, signed)
  add \accum_bank[58] (24 bits, signed)
  add \act_rdata [15:12] * \weight_rdata [43:40] (4x4 bits, signed)
  add \accum_bank[59] (24 bits, signed)
  add \act_rdata [15:12] * \weight_rdata [47:44] (4x4 bits, signed)
  add \accum_bank[60] (24 bits, signed)
  add \act_rdata [15:12] * \weight_rdata [51:48] (4x4 bits, signed)
  add \accum_bank[61] (24 bits, signed)
  add \act_rdata [15:12] * \weight_rdata [55:52] (4x4 bits, signed)
  add \accum_bank[62] (24 bits, signed)
  add \act_rdata [15:12] * \weight_rdata [59:56] (4x4 bits, signed)
  add \accum_bank[63] (24 bits, signed)
  add \act_rdata [15:12] * \weight_rdata [63:60] (4x4 bits, signed)
  add \accum_bank[64] (24 bits, signed)
  add \act_rdata [19:16] * \weight_rdata [3:0] (4x4 bits, signed)
  add \accum_bank[65] (24 bits, signed)
  add \act_rdata [19:16] * \weight_rdata [7:4] (4x4 bits, signed)
  add \accum_bank[66] (24 bits, signed)
  add \act_rdata [19:16] * \weight_rdata [11:8] (4x4 bits, signed)
  add \accum_bank[67] (24 bits, signed)
  add \act_rdata [19:16] * \weight_rdata [15:12] (4x4 bits, signed)
  add \accum_bank[68] (24 bits, signed)
  add \act_rdata [19:16] * \weight_rdata [19:16] (4x4 bits, signed)
  add \accum_bank[69] (24 bits, signed)
  add \act_rdata [19:16] * \weight_rdata [23:20] (4x4 bits, signed)
  add \accum_bank[70] (24 bits, signed)
  add \act_rdata [19:16] * \weight_rdata [27:24] (4x4 bits, signed)
  add \accum_bank[71] (24 bits, signed)
  add \act_rdata [19:16] * \weight_rdata [31:28] (4x4 bits, signed)
  add \accum_bank[72] (24 bits, signed)
  add \act_rdata [19:16] * \weight_rdata [35:32] (4x4 bits, signed)
  add \accum_bank[73] (24 bits, signed)
  add \act_rdata [19:16] * \weight_rdata [39:36] (4x4 bits, signed)
  add \accum_bank[74] (24 bits, signed)
  add \act_rdata [19:16] * \weight_rdata [43:40] (4x4 bits, signed)
  add \accum_bank[75] (24 bits, signed)
  add \act_rdata [19:16] * \weight_rdata [47:44] (4x4 bits, signed)
  add \accum_bank[76] (24 bits, signed)
  add \act_rdata [19:16] * \weight_rdata [51:48] (4x4 bits, signed)
  add \accum_bank[77] (24 bits, signed)
  add \act_rdata [19:16] * \weight_rdata [55:52] (4x4 bits, signed)
  add \accum_bank[78] (24 bits, signed)
  add \act_rdata [19:16] * \weight_rdata [59:56] (4x4 bits, signed)
  add \accum_bank[79] (24 bits, signed)
  add \act_rdata [19:16] * \weight_rdata [63:60] (4x4 bits, signed)
  add \accum_bank[80] (24 bits, signed)
  add \act_rdata [23:20] * \weight_rdata [3:0] (4x4 bits, signed)
  add \accum_bank[81] (24 bits, signed)
  add \act_rdata [23:20] * \weight_rdata [7:4] (4x4 bits, signed)
  add \accum_bank[82] (24 bits, signed)
  add \act_rdata [23:20] * \weight_rdata [11:8] (4x4 bits, signed)
  add \accum_bank[83] (24 bits, signed)
  add \act_rdata [23:20] * \weight_rdata [15:12] (4x4 bits, signed)
  add \accum_bank[84] (24 bits, signed)
  add \act_rdata [23:20] * \weight_rdata [19:16] (4x4 bits, signed)
  add \accum_bank[85] (24 bits, signed)
  add \act_rdata [23:20] * \weight_rdata [23:20] (4x4 bits, signed)
  add \accum_bank[86] (24 bits, signed)
  add \act_rdata [23:20] * \weight_rdata [27:24] (4x4 bits, signed)
  add \accum_bank[87] (24 bits, signed)
  add \act_rdata [23:20] * \weight_rdata [31:28] (4x4 bits, signed)
  add \accum_bank[88] (24 bits, signed)
  add \act_rdata [23:20] * \weight_rdata [35:32] (4x4 bits, signed)
  add \accum_bank[89] (24 bits, signed)
  add \act_rdata [23:20] * \weight_rdata [39:36] (4x4 bits, signed)
  add \accum_bank[90] (24 bits, signed)
  add \act_rdata [23:20] * \weight_rdata [43:40] (4x4 bits, signed)
  add \accum_bank[91] (24 bits, signed)
  add \act_rdata [23:20] * \weight_rdata [47:44] (4x4 bits, signed)
  add \accum_bank[92] (24 bits, signed)
  add \act_rdata [23:20] * \weight_rdata [51:48] (4x4 bits, signed)
  add \accum_bank[93] (24 bits, signed)
  add \act_rdata [23:20] * \weight_rdata [55:52] (4x4 bits, signed)
  add \accum_bank[94] (24 bits, signed)
  add \act_rdata [23:20] * \weight_rdata [59:56] (4x4 bits, signed)
  add \accum_bank[95] (24 bits, signed)
  add \act_rdata [23:20] * \weight_rdata [63:60] (4x4 bits, signed)
  add \accum_bank[96] (24 bits, signed)
  add \act_rdata [27:24] * \weight_rdata [3:0] (4x4 bits, signed)
  add \accum_bank[97] (24 bits, signed)
  add \act_rdata [27:24] * \weight_rdata [7:4] (4x4 bits, signed)
  add \accum_bank[98] (24 bits, signed)
  add \act_rdata [27:24] * \weight_rdata [11:8] (4x4 bits, signed)
  add \accum_bank[99] (24 bits, signed)
  add \act_rdata [27:24] * \weight_rdata [15:12] (4x4 bits, signed)
  add \accum_bank[100] (24 bits, signed)
  add \act_rdata [27:24] * \weight_rdata [19:16] (4x4 bits, signed)
  add \accum_bank[101] (24 bits, signed)
  add \act_rdata [27:24] * \weight_rdata [23:20] (4x4 bits, signed)
  add \accum_bank[102] (24 bits, signed)
  add \act_rdata [27:24] * \weight_rdata [27:24] (4x4 bits, signed)
  add \accum_bank[103] (24 bits, signed)
  add \act_rdata [27:24] * \weight_rdata [31:28] (4x4 bits, signed)
  add \accum_bank[104] (24 bits, signed)
  add \act_rdata [27:24] * \weight_rdata [35:32] (4x4 bits, signed)
  add \accum_bank[105] (24 bits, signed)
  add \act_rdata [27:24] * \weight_rdata [39:36] (4x4 bits, signed)
  add \accum_bank[106] (24 bits, signed)
  add \act_rdata [27:24] * \weight_rdata [43:40] (4x4 bits, signed)
  add \accum_bank[107] (24 bits, signed)
  add \act_rdata [27:24] * \weight_rdata [47:44] (4x4 bits, signed)
  add \accum_bank[108] (24 bits, signed)
  add \act_rdata [27:24] * \weight_rdata [51:48] (4x4 bits, signed)
  add \accum_bank[109] (24 bits, signed)
  add \act_rdata [27:24] * \weight_rdata [55:52] (4x4 bits, signed)
  add \accum_bank[110] (24 bits, signed)
  add \act_rdata [27:24] * \weight_rdata [59:56] (4x4 bits, signed)
  add \accum_bank[111] (24 bits, signed)
  add \act_rdata [27:24] * \weight_rdata [63:60] (4x4 bits, signed)
  add \accum_bank[112] (24 bits, signed)
  add \act_rdata [31:28] * \weight_rdata [3:0] (4x4 bits, signed)
  add \accum_bank[113] (24 bits, signed)
  add \act_rdata [31:28] * \weight_rdata [7:4] (4x4 bits, signed)
  add \accum_bank[114] (24 bits, signed)
  add \act_rdata [31:28] * \weight_rdata [11:8] (4x4 bits, signed)
  add \accum_bank[115] (24 bits, signed)
  add \act_rdata [31:28] * \weight_rdata [15:12] (4x4 bits, signed)
  add \accum_bank[116] (24 bits, signed)
  add \act_rdata [31:28] * \weight_rdata [19:16] (4x4 bits, signed)
  add \accum_bank[117] (24 bits, signed)
  add \act_rdata [31:28] * \weight_rdata [23:20] (4x4 bits, signed)
  add \accum_bank[118] (24 bits, signed)
  add \act_rdata [31:28] * \weight_rdata [27:24] (4x4 bits, signed)
  add \accum_bank[119] (24 bits, signed)
  add \act_rdata [31:28] * \weight_rdata [31:28] (4x4 bits, signed)
  add \accum_bank[120] (24 bits, signed)
  add \act_rdata [31:28] * \weight_rdata [35:32] (4x4 bits, signed)
  add \accum_bank[121] (24 bits, signed)
  add \act_rdata [31:28] * \weight_rdata [39:36] (4x4 bits, signed)
  add \accum_bank[122] (24 bits, signed)
  add \act_rdata [31:28] * \weight_rdata [43:40] (4x4 bits, signed)
  add \accum_bank[123] (24 bits, signed)
  add \act_rdata [31:28] * \weight_rdata [47:44] (4x4 bits, signed)
  add \accum_bank[124] (24 bits, signed)
  add \act_rdata [31:28] * \weight_rdata [51:48] (4x4 bits, signed)
  add \accum_bank[125] (24 bits, signed)
  add \act_rdata [31:28] * \weight_rdata [55:52] (4x4 bits, signed)
  add \accum_bank[126] (24 bits, signed)
  add \act_rdata [31:28] * \weight_rdata [59:56] (4x4 bits, signed)
  add \accum_bank[127] (24 bits, signed)
  add \act_rdata [31:28] * \weight_rdata [63:60] (4x4 bits, signed)
  add \accum_bank[128] (24 bits, signed)
  add \act_rdata [35:32] * \weight_rdata [3:0] (4x4 bits, signed)
  add \accum_bank[129] (24 bits, signed)
  add \act_rdata [35:32] * \weight_rdata [7:4] (4x4 bits, signed)
  add \accum_bank[130] (24 bits, signed)
  add \act_rdata [35:32] * \weight_rdata [11:8] (4x4 bits, signed)
  add \accum_bank[131] (24 bits, signed)
  add \act_rdata [35:32] * \weight_rdata [15:12] (4x4 bits, signed)
  add \accum_bank[132] (24 bits, signed)
  add \act_rdata [35:32] * \weight_rdata [19:16] (4x4 bits, signed)
  add \accum_bank[133] (24 bits, signed)
  add \act_rdata [35:32] * \weight_rdata [23:20] (4x4 bits, signed)
  add \accum_bank[134] (24 bits, signed)
  add \act_rdata [35:32] * \weight_rdata [27:24] (4x4 bits, signed)
  add \accum_bank[135] (24 bits, signed)
  add \act_rdata [35:32] * \weight_rdata [31:28] (4x4 bits, signed)
  add \accum_bank[136] (24 bits, signed)
  add \act_rdata [35:32] * \weight_rdata [35:32] (4x4 bits, signed)
  add \accum_bank[137] (24 bits, signed)
  add \act_rdata [35:32] * \weight_rdata [39:36] (4x4 bits, signed)
  add \accum_bank[138] (24 bits, signed)
  add \act_rdata [35:32] * \weight_rdata [43:40] (4x4 bits, signed)
  add \accum_bank[139] (24 bits, signed)
  add \act_rdata [35:32] * \weight_rdata [47:44] (4x4 bits, signed)
  add \accum_bank[140] (24 bits, signed)
  add \act_rdata [35:32] * \weight_rdata [51:48] (4x4 bits, signed)
  add \accum_bank[141] (24 bits, signed)
  add \act_rdata [35:32] * \weight_rdata [55:52] (4x4 bits, signed)
  add \accum_bank[142] (24 bits, signed)
  add \act_rdata [35:32] * \weight_rdata [59:56] (4x4 bits, signed)
  add \accum_bank[143] (24 bits, signed)
  add \act_rdata [35:32] * \weight_rdata [63:60] (4x4 bits, signed)
  add \accum_bank[144] (24 bits, signed)
  add \act_rdata [39:36] * \weight_rdata [3:0] (4x4 bits, signed)
  add \accum_bank[145] (24 bits, signed)
  add \act_rdata [39:36] * \weight_rdata [7:4] (4x4 bits, signed)
  add \accum_bank[146] (24 bits, signed)
  add \act_rdata [39:36] * \weight_rdata [11:8] (4x4 bits, signed)
  add \accum_bank[147] (24 bits, signed)
  add \act_rdata [39:36] * \weight_rdata [15:12] (4x4 bits, signed)
  add \accum_bank[148] (24 bits, signed)
  add \act_rdata [39:36] * \weight_rdata [19:16] (4x4 bits, signed)
  add \accum_bank[149] (24 bits, signed)
  add \act_rdata [39:36] * \weight_rdata [23:20] (4x4 bits, signed)
  add \accum_bank[150] (24 bits, signed)
  add \act_rdata [39:36] * \weight_rdata [27:24] (4x4 bits, signed)
  add \accum_bank[151] (24 bits, signed)
  add \act_rdata [39:36] * \weight_rdata [31:28] (4x4 bits, signed)
  add \accum_bank[152] (24 bits, signed)
  add \act_rdata [39:36] * \weight_rdata [35:32] (4x4 bits, signed)
  add \accum_bank[153] (24 bits, signed)
  add \act_rdata [39:36] * \weight_rdata [39:36] (4x4 bits, signed)
  add \accum_bank[154] (24 bits, signed)
  add \act_rdata [39:36] * \weight_rdata [43:40] (4x4 bits, signed)
  add \accum_bank[155] (24 bits, signed)
  add \act_rdata [39:36] * \weight_rdata [47:44] (4x4 bits, signed)
  add \accum_bank[156] (24 bits, signed)
  add \act_rdata [39:36] * \weight_rdata [51:48] (4x4 bits, signed)
  add \accum_bank[157] (24 bits, signed)
  add \act_rdata [39:36] * \weight_rdata [55:52] (4x4 bits, signed)
  add \accum_bank[158] (24 bits, signed)
  add \act_rdata [39:36] * \weight_rdata [59:56] (4x4 bits, signed)
  add \accum_bank[159] (24 bits, signed)
  add \act_rdata [39:36] * \weight_rdata [63:60] (4x4 bits, signed)
  add \accum_bank[160] (24 bits, signed)
  add \act_rdata [43:40] * \weight_rdata [3:0] (4x4 bits, signed)
  add \accum_bank[161] (24 bits, signed)
  add \act_rdata [43:40] * \weight_rdata [7:4] (4x4 bits, signed)
  add \accum_bank[162] (24 bits, signed)
  add \act_rdata [43:40] * \weight_rdata [11:8] (4x4 bits, signed)
  add \accum_bank[163] (24 bits, signed)
  add \act_rdata [43:40] * \weight_rdata [15:12] (4x4 bits, signed)
  add \accum_bank[164] (24 bits, signed)
  add \act_rdata [43:40] * \weight_rdata [19:16] (4x4 bits, signed)
  add \accum_bank[165] (24 bits, signed)
  add \act_rdata [43:40] * \weight_rdata [23:20] (4x4 bits, signed)
  add \accum_bank[166] (24 bits, signed)
  add \act_rdata [43:40] * \weight_rdata [27:24] (4x4 bits, signed)
  add \accum_bank[167] (24 bits, signed)
  add \act_rdata [43:40] * \weight_rdata [31:28] (4x4 bits, signed)
  add \accum_bank[168] (24 bits, signed)
  add \act_rdata [43:40] * \weight_rdata [35:32] (4x4 bits, signed)
  add \accum_bank[169] (24 bits, signed)
  add \act_rdata [43:40] * \weight_rdata [39:36] (4x4 bits, signed)
  add \accum_bank[170] (24 bits, signed)
  add \act_rdata [43:40] * \weight_rdata [43:40] (4x4 bits, signed)
  add \accum_bank[171] (24 bits, signed)
  add \act_rdata [43:40] * \weight_rdata [47:44] (4x4 bits, signed)
  add \accum_bank[172] (24 bits, signed)
  add \act_rdata [43:40] * \weight_rdata [51:48] (4x4 bits, signed)
  add \accum_bank[173] (24 bits, signed)
  add \act_rdata [43:40] * \weight_rdata [55:52] (4x4 bits, signed)
  add \accum_bank[174] (24 bits, signed)
  add \act_rdata [43:40] * \weight_rdata [59:56] (4x4 bits, signed)
  add \accum_bank[175] (24 bits, signed)
  add \act_rdata [43:40] * \weight_rdata [63:60] (4x4 bits, signed)
  add \accum_bank[176] (24 bits, signed)
  add \act_rdata [47:44] * \weight_rdata [3:0] (4x4 bits, signed)
  add \accum_bank[177] (24 bits, signed)
  add \act_rdata [47:44] * \weight_rdata [7:4] (4x4 bits, signed)
  add \accum_bank[178] (24 bits, signed)
  add \act_rdata [47:44] * \weight_rdata [11:8] (4x4 bits, signed)
  add \accum_bank[179] (24 bits, signed)
  add \act_rdata [47:44] * \weight_rdata [15:12] (4x4 bits, signed)
  add \accum_bank[180] (24 bits, signed)
  add \act_rdata [47:44] * \weight_rdata [19:16] (4x4 bits, signed)
  add \accum_bank[181] (24 bits, signed)
  add \act_rdata [47:44] * \weight_rdata [23:20] (4x4 bits, signed)
  add \accum_bank[182] (24 bits, signed)
  add \act_rdata [47:44] * \weight_rdata [27:24] (4x4 bits, signed)
  add \accum_bank[183] (24 bits, signed)
  add \act_rdata [47:44] * \weight_rdata [31:28] (4x4 bits, signed)
  add \accum_bank[184] (24 bits, signed)
  add \act_rdata [47:44] * \weight_rdata [35:32] (4x4 bits, signed)
  add \accum_bank[185] (24 bits, signed)
  add \act_rdata [47:44] * \weight_rdata [39:36] (4x4 bits, signed)
  add \accum_bank[186] (24 bits, signed)
  add \act_rdata [47:44] * \weight_rdata [43:40] (4x4 bits, signed)
  add \accum_bank[187] (24 bits, signed)
  add \act_rdata [47:44] * \weight_rdata [47:44] (4x4 bits, signed)
  add \accum_bank[188] (24 bits, signed)
  add \act_rdata [47:44] * \weight_rdata [51:48] (4x4 bits, signed)
  add \accum_bank[189] (24 bits, signed)
  add \act_rdata [47:44] * \weight_rdata [55:52] (4x4 bits, signed)
  add \accum_bank[190] (24 bits, signed)
  add \act_rdata [47:44] * \weight_rdata [59:56] (4x4 bits, signed)
  add \accum_bank[191] (24 bits, signed)
  add \act_rdata [47:44] * \weight_rdata [63:60] (4x4 bits, signed)
  add \accum_bank[192] (24 bits, signed)
  add \act_rdata [51:48] * \weight_rdata [3:0] (4x4 bits, signed)
  add \accum_bank[193] (24 bits, signed)
  add \act_rdata [51:48] * \weight_rdata [7:4] (4x4 bits, signed)
  add \accum_bank[194] (24 bits, signed)
  add \act_rdata [51:48] * \weight_rdata [11:8] (4x4 bits, signed)
  add \accum_bank[195] (24 bits, signed)
  add \act_rdata [51:48] * \weight_rdata [15:12] (4x4 bits, signed)
  add \accum_bank[196] (24 bits, signed)
  add \act_rdata [51:48] * \weight_rdata [19:16] (4x4 bits, signed)
  add \accum_bank[197] (24 bits, signed)
  add \act_rdata [51:48] * \weight_rdata [23:20] (4x4 bits, signed)
  add \accum_bank[198] (24 bits, signed)
  add \act_rdata [51:48] * \weight_rdata [27:24] (4x4 bits, signed)
  add \accum_bank[199] (24 bits, signed)
  add \act_rdata [51:48] * \weight_rdata [31:28] (4x4 bits, signed)
  add \accum_bank[200] (24 bits, signed)
  add \act_rdata [51:48] * \weight_rdata [35:32] (4x4 bits, signed)
  add \accum_bank[201] (24 bits, signed)
  add \act_rdata [51:48] * \weight_rdata [39:36] (4x4 bits, signed)
  add \accum_bank[0] (24 bits, signed)
  add \act_rdata [3:0] * \weight_rdata [3:0] (4x4 bits, signed)
  add \accum_bank[203] (24 bits, signed)
  add \act_rdata [51:48] * \weight_rdata [47:44] (4x4 bits, signed)
  add \accum_bank[204] (24 bits, signed)
  add \act_rdata [51:48] * \weight_rdata [51:48] (4x4 bits, signed)
  add \accum_bank[205] (24 bits, signed)
  add \act_rdata [51:48] * \weight_rdata [55:52] (4x4 bits, signed)
  add \accum_bank[206] (24 bits, signed)
  add \act_rdata [51:48] * \weight_rdata [59:56] (4x4 bits, signed)
  add \accum_bank[207] (24 bits, signed)
  add \act_rdata [51:48] * \weight_rdata [63:60] (4x4 bits, signed)
  add \accum_bank[208] (24 bits, signed)
  add \act_rdata [55:52] * \weight_rdata [3:0] (4x4 bits, signed)
  add \accum_bank[209] (24 bits, signed)
  add \act_rdata [55:52] * \weight_rdata [7:4] (4x4 bits, signed)
  add \accum_bank[210] (24 bits, signed)
  add \act_rdata [55:52] * \weight_rdata [11:8] (4x4 bits, signed)
  add \accum_bank[211] (24 bits, signed)
  add \act_rdata [55:52] * \weight_rdata [15:12] (4x4 bits, signed)
  add \accum_bank[1] (24 bits, signed)
  add \act_rdata [3:0] * \weight_rdata [7:4] (4x4 bits, signed)
  add \accum_bank[213] (24 bits, signed)
  add \act_rdata [55:52] * \weight_rdata [23:20] (4x4 bits, signed)
  add \accum_bank[214] (24 bits, signed)
  add \act_rdata [55:52] * \weight_rdata [27:24] (4x4 bits, signed)
  add \accum_bank[215] (24 bits, signed)
  add \act_rdata [55:52] * \weight_rdata [31:28] (4x4 bits, signed)
  add \accum_bank[216] (24 bits, signed)
  add \act_rdata [55:52] * \weight_rdata [35:32] (4x4 bits, signed)
  add \accum_bank[217] (24 bits, signed)
  add \act_rdata [55:52] * \weight_rdata [39:36] (4x4 bits, signed)
  add \accum_bank[218] (24 bits, signed)
  add \act_rdata [55:52] * \weight_rdata [43:40] (4x4 bits, signed)
  add \accum_bank[219] (24 bits, signed)
  add \act_rdata [55:52] * \weight_rdata [47:44] (4x4 bits, signed)
  add \accum_bank[220] (24 bits, signed)
  add \act_rdata [55:52] * \weight_rdata [51:48] (4x4 bits, signed)
  add \accum_bank[221] (24 bits, signed)
  add \act_rdata [55:52] * \weight_rdata [55:52] (4x4 bits, signed)
  add \accum_bank[2] (24 bits, signed)
  add \act_rdata [3:0] * \weight_rdata [11:8] (4x4 bits, signed)
  add \accum_bank[223] (24 bits, signed)
  add \act_rdata [55:52] * \weight_rdata [63:60] (4x4 bits, signed)
  add \accum_bank[224] (24 bits, signed)
  add \act_rdata [59:56] * \weight_rdata [3:0] (4x4 bits, signed)
  add \accum_bank[225] (24 bits, signed)
  add \act_rdata [59:56] * \weight_rdata [7:4] (4x4 bits, signed)
  add \accum_bank[226] (24 bits, signed)
  add \act_rdata [59:56] * \weight_rdata [11:8] (4x4 bits, signed)
  add \accum_bank[227] (24 bits, signed)
  add \act_rdata [59:56] * \weight_rdata [15:12] (4x4 bits, signed)
  add \accum_bank[228] (24 bits, signed)
  add \act_rdata [59:56] * \weight_rdata [19:16] (4x4 bits, signed)
  add \accum_bank[229] (24 bits, signed)
  add \act_rdata [59:56] * \weight_rdata [23:20] (4x4 bits, signed)
  add \accum_bank[230] (24 bits, signed)
  add \act_rdata [59:56] * \weight_rdata [27:24] (4x4 bits, signed)
  add \accum_bank[231] (24 bits, signed)
  add \act_rdata [59:56] * \weight_rdata [31:28] (4x4 bits, signed)
  add \accum_bank[3] (24 bits, signed)
  add \act_rdata [3:0] * \weight_rdata [15:12] (4x4 bits, signed)
  add \accum_bank[233] (24 bits, signed)
  add \act_rdata [59:56] * \weight_rdata [39:36] (4x4 bits, signed)
  add \accum_bank[234] (24 bits, signed)
  add \act_rdata [59:56] * \weight_rdata [43:40] (4x4 bits, signed)
  add \accum_bank[235] (24 bits, signed)
  add \act_rdata [59:56] * \weight_rdata [47:44] (4x4 bits, signed)
  add \accum_bank[236] (24 bits, signed)
  add \act_rdata [59:56] * \weight_rdata [51:48] (4x4 bits, signed)
  add \accum_bank[237] (24 bits, signed)
  add \act_rdata [59:56] * \weight_rdata [55:52] (4x4 bits, signed)
  add \accum_bank[238] (24 bits, signed)
  add \act_rdata [59:56] * \weight_rdata [59:56] (4x4 bits, signed)
  add \accum_bank[239] (24 bits, signed)
  add \act_rdata [59:56] * \weight_rdata [63:60] (4x4 bits, signed)
  add \accum_bank[240] (24 bits, signed)
  add \act_rdata [63:60] * \weight_rdata [3:0] (4x4 bits, signed)
  add \accum_bank[241] (24 bits, signed)
  add \act_rdata [63:60] * \weight_rdata [7:4] (4x4 bits, signed)
  add \accum_bank[4] (24 bits, signed)
  add \act_rdata [3:0] * \weight_rdata [19:16] (4x4 bits, signed)
  add \accum_bank[243] (24 bits, signed)
  add \act_rdata [63:60] * \weight_rdata [15:12] (4x4 bits, signed)
  add \accum_bank[244] (24 bits, signed)
  add \act_rdata [63:60] * \weight_rdata [19:16] (4x4 bits, signed)
  add \accum_bank[245] (24 bits, signed)
  add \act_rdata [63:60] * \weight_rdata [23:20] (4x4 bits, signed)
  add \accum_bank[246] (24 bits, signed)
  add \act_rdata [63:60] * \weight_rdata [27:24] (4x4 bits, signed)
  add \accum_bank[247] (24 bits, signed)
  add \act_rdata [63:60] * \weight_rdata [31:28] (4x4 bits, signed)
  add \accum_bank[248] (24 bits, signed)
  add \act_rdata [63:60] * \weight_rdata [35:32] (4x4 bits, signed)
  add \accum_bank[249] (24 bits, signed)
  add \act_rdata [63:60] * \weight_rdata [39:36] (4x4 bits, signed)
  add \accum_bank[250] (24 bits, signed)
  add \act_rdata [63:60] * \weight_rdata [43:40] (4x4 bits, signed)
  add \accum_bank[251] (24 bits, signed)
  add \act_rdata [63:60] * \weight_rdata [47:44] (4x4 bits, signed)
  add \accum_bank[5] (24 bits, signed)
  add \act_rdata [3:0] * \weight_rdata [23:20] (4x4 bits, signed)
  add \accum_bank[253] (24 bits, signed)
  add \act_rdata [63:60] * \weight_rdata [55:52] (4x4 bits, signed)
  add \accum_bank[254] (24 bits, signed)
  add \act_rdata [63:60] * \weight_rdata [59:56] (4x4 bits, signed)
Using extmapper simplemap for cells of type $mux.
Using extmapper simplemap for cells of type $reduce_and.
Using extmapper simplemap for cells of type $reduce_or.
  add \accum_bank[23] (24 bits, signed)
  add \act_rdata [7:4] * \weight_rdata [31:28] (4x4 bits, signed)
Using template $paramod$ee3d784672cdb1cb32d9a801a3af776716f16b74\_90_alu for cells of type $alu.
Using extmapper simplemap for cells of type $not.
Using extmapper simplemap for cells of type $and.
Using template $paramod$521ce43182eecb9f60c72393a788160d2c356bf5\_90_pmux for cells of type $pmux.
Using template $paramod$efbd09a0babee19c48bdb5d433634be6811b1769\_90_pmux for cells of type $pmux.
Using extmapper simplemap for cells of type $sdffe.
Using extmapper simplemap for cells of type $adff.
Using template $paramod\_90_fa\WIDTH=32'00000000000000000000000000011000 for cells of type $fa.
Using template $paramod$e82d3fc1811c5751348a3964470632b35a435fc7\_90_alu for cells of type $alu.
Using extmapper simplemap for cells of type $xor.
Using template $paramod\_90_lcu\WIDTH=32'00000000000000000000000000001100 for cells of type $lcu.
Using extmapper simplemap for cells of type $pos.
Using template $paramod\_90_lcu\WIDTH=32'00000000000000000000000000000100 for cells of type $lcu.
Using extmapper simplemap for cells of type $or.
Using template $paramod\_90_lcu\WIDTH=32'00000000000000000000000000011000 for cells of type $lcu.
No more expansions possible.
<suppressed ~37482 debug messages>

3.21. Executing OPT pass (performing simple optimizations).

3.21.1. Executing OPT_EXPR pass (perform const folding).
Optimizing module x1_y3_kimi.
<suppressed ~39699 debug messages>

3.21.2. Executing OPT_MERGE pass (detect identical cells).
Finding identical cells in module `\x1_y3_kimi'.
<suppressed ~100524 debug messages>
Removed a total of 33508 cells.

3.21.3. Executing OPT_DFF pass (perform DFF optimizations).

3.21.4. Executing OPT_CLEAN pass (remove unused cells and wires).
Finding unused cells or wires in module \x1_y3_kimi..
Removed 11157 unused cells and 21500 unused wires.
<suppressed ~11158 debug messages>

3.21.5. Finished fast OPT passes.

3.22. Executing ABC pass (technology mapping using ABC).

3.22.1. Extracting gate netlist of module `\x1_y3_kimi' to `<abc-temp-dir>/input.blif'..
Extracted 132967 gates and 139300 wires to a netlist network with 6332 inputs and 6232 outputs.

3.22.1.1. Executing ABC.
Running ABC command: "<yosys-exe-dir>/yosys-abc" -s -f <abc-temp-dir>/abc.script 2>&1
ABC: ABC command line: "source <abc-temp-dir>/abc.script".
ABC: 
ABC: + read_blif <abc-temp-dir>/input.blif 
ABC: + read_library <abc-temp-dir>/stdcells.genlib 
ABC: Entered genlib library with 13 gates from file "<abc-temp-dir>/stdcells.genlib".
ABC: + strash 
ABC: + dretime 
ABC: + map 
ABC: + write_blif <abc-temp-dir>/output.blif 

3.22.1.2. Re-integrating ABC results.
ABC RESULTS:               MUX cells:     5948
ABC RESULTS:               AND cells:     2866
ABC RESULTS:             ORNOT cells:     2412
ABC RESULTS:               NOT cells:     6181
ABC RESULTS:              NAND cells:     2624
ABC RESULTS:                OR cells:    24440
ABC RESULTS:               NOR cells:     5179
ABC RESULTS:            ANDNOT cells:    43670
ABC RESULTS:               XOR cells:    33362
ABC RESULTS:              XNOR cells:    12669
ABC RESULTS:        internal signals:   126736
ABC RESULTS:           input signals:     6332
ABC RESULTS:          output signals:     6232
Removing temp directory.

3.23. Executing OPT pass (performing simple optimizations).

3.23.1. Executing OPT_EXPR pass (perform const folding).
Optimizing module x1_y3_kimi.
<suppressed ~5703 debug messages>

3.23.2. Executing OPT_MERGE pass (detect identical cells).
Finding identical cells in module `\x1_y3_kimi'.
<suppressed ~3 debug messages>
Removed a total of 1 cells.

3.23.3. Executing OPT_DFF pass (perform DFF optimizations).

3.23.4. Executing OPT_CLEAN pass (remove unused cells and wires).
Finding unused cells or wires in module \x1_y3_kimi..
Removed 15 unused cells and 30270 unused wires.
<suppressed ~16 debug messages>

3.23.5. Finished fast OPT passes.

3.24. Executing HIERARCHY pass (managing design hierarchy).

3.24.1. Analyzing design hierarchy..
Top module:  \x1_y3_kimi

3.24.2. Analyzing design hierarchy..
Top module:  \x1_y3_kimi
Removed 0 unused modules.

3.25. Printing statistics.

=== x1_y3_kimi ===

   Number of wires:             139248
   Number of wire bits:         147102
   Number of public wires:         278
   Number of public wire bits:    6401
   Number of memories:               0
   Number of memory bits:            0
   Number of processes:              0
   Number of cells:             145560
     $_ANDNOT_                   43669
     $_AND_                       2866
     $_DFFE_PN0N_                    1
     $_DFFE_PN0P_                   78
     $_DFF_PN0_                      2
     $_MUX_                       5948
     $_NAND_                      2624
     $_NOR_                       5179
     $_NOT_                       6166
     $_ORNOT_                     2412
     $_OR_                       24440
     $_SDFFE_PP0P_                6144
     $_XNOR_                     12669
     $_XOR_                      33362

3.26. Executing CHECK pass (checking for obvious problems).
Checking module x1_y3_kimi...
Found and reported 0 problems.

4. Printing statistics.

=== x1_y3_kimi ===

   Number of wires:             139248
   Number of wire bits:         147102
   Number of public wires:         278
   Number of public wire bits:    6401
   Number of memories:               0
   Number of memory bits:            0
   Number of processes:              0
   Number of cells:             145560
     $_ANDNOT_                   43669
     $_AND_                       2866
     $_DFFE_PN0N_                    1
     $_DFFE_PN0P_                   78
     $_DFF_PN0_                      2
     $_MUX_                       5948
     $_NAND_                      2624
     $_NOR_                       5179
     $_NOT_                       6166
     $_ORNOT_                     2412
     $_OR_                       24440
     $_SDFFE_PP0P_                6144
     $_XNOR_                     12669
     $_XOR_                      33362

5. Executing CHECK pass (checking for obvious problems).
Checking module x1_y3_kimi...
Found and reported 0 problems.

Warnings: 1 unique messages, 1 total
End of script. Logfile hash: 41f263470b, CPU: user 28.81s system 0.73s, MEM: 653.41 MB peak
Yosys 0.33 (git sha1 2584903a060)
Time spent: 24% 1x abc (8 sec), 23% 25x opt_expr (8 sec), ...
