
 /----------------------------------------------------------------------------\
 |                                                                            |
 |  yosys -- Yosys Open SYnthesis Suite                                       |
 |                                                                            |
 |  Copyright (C) 2012 - 2020  Claire Xenia Wolf <claire@yosyshq.com>         |
 |                                                                            |
 |  Permission to use, copy, modify, and/or distribute this software for any  |
 |  purpose with or without fee is hereby granted, provided that the above    |
 |  copyright notice and this permission notice appear in all copies.         |
 |                                                                            |
 |  THE SOFTWARE IS PROVIDED "AS IS" AND THE AUTHOR DISCLAIMS ALL WARRANTIES  |
 |  WITH REGARD TO THIS SOFTWARE INCLUDING ALL IMPLIED WARRANTIES OF          |
 |  MERCHANTABILITY AND FITNESS. IN NO EVENT SHALL THE AUTHOR BE LIABLE FOR   |
 |  ANY SPECIAL, DIRECT, INDIRECT, OR CONSEQUENTIAL DAMAGES OR ANY DAMAGES    |
 |  WHATSOEVER RESULTING FROM LOSS OF USE, DATA OR PROFITS, WHETHER IN AN     |
 |  ACTION OF CONTRACT, NEGLIGENCE OR OTHER TORTIOUS ACTION, ARISING OUT OF   |
 |  OR IN CONNECTION WITH THE USE OR PERFORMANCE OF THIS SOFTWARE.            |
 |                                                                            |
 \----------------------------------------------------------------------------/

 Yosys 0.33 (git sha1 2584903a060)


-- Running command `read_verilog -sv rtl/x1_y2_kimi.v; hierarchy -check -top x1_y2_kimi; synth -top x1_y2_kimi; stat' --

1. Executing Verilog-2005 frontend: rtl/x1_y2_kimi.v
Parsing SystemVerilog input from `rtl/x1_y2_kimi.v' to AST representation.
Generating RTLIL representation for module `\x1_y2_kimi'.
Warning: Replacing memory \accum_bank with list of registers. See rtl/x1_y2_kimi.v:78
Successfully finished Verilog frontend.

2. Executing HIERARCHY pass (managing design hierarchy).

2.1. Analyzing design hierarchy..
Top module:  \x1_y2_kimi

2.2. Analyzing design hierarchy..
Top module:  \x1_y2_kimi
Removed 0 unused modules.

3. Executing SYNTH pass.

3.1. Executing HIERARCHY pass (managing design hierarchy).

3.1.1. Analyzing design hierarchy..
Top module:  \x1_y2_kimi

3.1.2. Analyzing design hierarchy..
Top module:  \x1_y2_kimi
Removed 0 unused modules.

3.2. Executing PROC pass (convert processes to netlists).

3.2.1. Executing PROC_CLEAN pass (remove empty switches from decision trees).
Cleaned up 0 empty switches.

3.2.2. Executing PROC_RMDEAD pass (remove dead branches from decision trees).
Marked 9 switch rules as full_case in process $proc$rtl/x1_y2_kimi.v:64$28 in module x1_y2_kimi.
Marked 1 switch rules as full_case in process $proc$rtl/x1_y2_kimi.v:53$24 in module x1_y2_kimi.
Removed a total of 0 dead cases.

3.2.3. Executing PROC_PRUNE pass (remove redundant assignments in processes).
Removed 2 redundant assignments.
Promoted 11 assignments to connections.

3.2.4. Executing PROC_INIT pass (extract init attributes).

3.2.5. Executing PROC_ARST pass (detect async resets in processes).
Found async reset \rst_n in `\x1_y2_kimi.$proc$rtl/x1_y2_kimi.v:64$28'.

3.2.6. Executing PROC_ROM pass (convert switches to ROMs).
Converted 0 switches.
<suppressed ~11 debug messages>

3.2.7. Executing PROC_MUX pass (convert decision trees to multiplexers).
Creating decoders for process `\x1_y2_kimi.$proc$rtl/x1_y2_kimi.v:64$28'.
     1/288: $4\i[31:0]
     2/288: $3\r[31:0]
     3/288: $3\c[31:0]
     4/288: $3\product[7:0]
     5/288: $3\weight_lane[3:0]
     6/288: $3\act_lane[3:0]
     7/288: $3\i[31:0]
     8/288: $3\j[31:0]
     9/288: $2\j[31:0]
    10/288: $2\i[31:0]
    11/288: $2\product[7:0]
    12/288: $2\weight_lane[3:0]
    13/288: $2\act_lane[3:0]
    14/288: $2\c[31:0]
    15/288: $2\r[31:0]
    16/288: $1\product[7:0]
    17/288: $1\weight_lane[3:0]
    18/288: $1\act_lane[3:0]
    19/288: $1\j[31:0]
    20/288: $1\i[31:0]
    21/288: $1\c[31:0]
    22/288: $1\r[31:0]
    23/288: $0\done[0:0]
    24/288: $0\out_we[0:0]
    25/288: $0\accum_bank[255][23:0]
    26/288: $0\accum_bank[254][23:0]
    27/288: $0\accum_bank[253][23:0]
    28/288: $0\accum_bank[252][23:0]
    29/288: $0\accum_bank[251][23:0]
    30/288: $0\accum_bank[250][23:0]
    31/288: $0\accum_bank[249][23:0]
    32/288: $0\accum_bank[248][23:0]
    33/288: $0\accum_bank[247][23:0]
    34/288: $0\accum_bank[246][23:0]
    35/288: $0\accum_bank[245][23:0]
    36/288: $0\accum_bank[244][23:0]
    37/288: $0\accum_bank[243][23:0]
    38/288: $0\accum_bank[242][23:0]
    39/288: $0\accum_bank[241][23:0]
    40/288: $0\accum_bank[240][23:0]
    41/288: $0\accum_bank[239][23:0]
    42/288: $0\accum_bank[238][23:0]
    43/288: $0\accum_bank[237][23:0]
    44/288: $0\accum_bank[236][23:0]
    45/288: $0\accum_bank[235][23:0]
    46/288: $0\accum_bank[234][23:0]
    47/288: $0\accum_bank[233][23:0]
    48/288: $0\accum_bank[232][23:0]
    49/288: $0\accum_bank[231][23:0]
    50/288: $0\accum_bank[230][23:0]
    51/288: $0\accum_bank[229][23:0]
    52/288: $0\accum_bank[228][23:0]
    53/288: $0\accum_bank[227][23:0]
    54/288: $0\accum_bank[226][23:0]
    55/288: $0\accum_bank[225][23:0]
    56/288: $0\accum_bank[224][23:0]
    57/288: $0\accum_bank[223][23:0]
    58/288: $0\accum_bank[222][23:0]
    59/288: $0\accum_bank[221][23:0]
    60/288: $0\accum_bank[220][23:0]
    61/288: $0\accum_bank[219][23:0]
    62/288: $0\accum_bank[218][23:0]
    63/288: $0\accum_bank[217][23:0]
    64/288: $0\accum_bank[216][23:0]
    65/288: $0\accum_bank[215][23:0]
    66/288: $0\accum_bank[214][23:0]
    67/288: $0\accum_bank[213][23:0]
    68/288: $0\accum_bank[212][23:0]
    69/288: $0\accum_bank[211][23:0]
    70/288: $0\accum_bank[210][23:0]
    71/288: $0\accum_bank[209][23:0]
    72/288: $0\accum_bank[208][23:0]
    73/288: $0\accum_bank[207][23:0]
    74/288: $0\accum_bank[206][23:0]
    75/288: $0\accum_bank[205][23:0]
    76/288: $0\accum_bank[204][23:0]
    77/288: $0\accum_bank[203][23:0]
    78/288: $0\accum_bank[202][23:0]
    79/288: $0\accum_bank[201][23:0]
    80/288: $0\accum_bank[200][23:0]
    81/288: $0\accum_bank[199][23:0]
    82/288: $0\accum_bank[198][23:0]
    83/288: $0\accum_bank[197][23:0]
    84/288: $0\accum_bank[196][23:0]
    85/288: $0\accum_bank[195][23:0]
    86/288: $0\accum_bank[194][23:0]
    87/288: $0\accum_bank[193][23:0]
    88/288: $0\accum_bank[192][23:0]
    89/288: $0\accum_bank[191][23:0]
    90/288: $0\accum_bank[190][23:0]
    91/288: $0\accum_bank[189][23:0]
    92/288: $0\accum_bank[188][23:0]
    93/288: $0\accum_bank[187][23:0]
    94/288: $0\accum_bank[186][23:0]
    95/288: $0\accum_bank[185][23:0]
    96/288: $0\accum_bank[184][23:0]
    97/288: $0\accum_bank[183][23:0]
    98/288: $0\accum_bank[182][23:0]
    99/288: $0\accum_bank[181][23:0]
   100/288: $0\accum_bank[180][23:0]
   101/288: $0\accum_bank[179][23:0]
   102/288: $0\accum_bank[178][23:0]
   103/288: $0\accum_bank[177][23:0]
   104/288: $0\accum_bank[176][23:0]
   105/288: $0\accum_bank[175][23:0]
   106/288: $0\accum_bank[174][23:0]
   107/288: $0\accum_bank[173][23:0]
   108/288: $0\accum_bank[172][23:0]
   109/288: $0\accum_bank[171][23:0]
   110/288: $0\accum_bank[170][23:0]
   111/288: $0\accum_bank[169][23:0]
   112/288: $0\accum_bank[168][23:0]
   113/288: $0\accum_bank[167][23:0]
   114/288: $0\accum_bank[166][23:0]
   115/288: $0\accum_bank[165][23:0]
   116/288: $0\accum_bank[164][23:0]
   117/288: $0\accum_bank[163][23:0]
   118/288: $0\accum_bank[162][23:0]
   119/288: $0\accum_bank[161][23:0]
   120/288: $0\accum_bank[160][23:0]
   121/288: $0\accum_bank[159][23:0]
   122/288: $0\accum_bank[158][23:0]
   123/288: $0\accum_bank[157][23:0]
   124/288: $0\accum_bank[156][23:0]
   125/288: $0\accum_bank[155][23:0]
   126/288: $0\accum_bank[154][23:0]
   127/288: $0\accum_bank[153][23:0]
   128/288: $0\accum_bank[152][23:0]
   129/288: $0\accum_bank[151][23:0]
   130/288: $0\accum_bank[150][23:0]
   131/288: $0\accum_bank[149][23:0]
   132/288: $0\accum_bank[148][23:0]
   133/288: $0\accum_bank[147][23:0]
   134/288: $0\accum_bank[146][23:0]
   135/288: $0\accum_bank[145][23:0]
   136/288: $0\accum_bank[144][23:0]
   137/288: $0\accum_bank[143][23:0]
   138/288: $0\accum_bank[142][23:0]
   139/288: $0\accum_bank[141][23:0]
   140/288: $0\accum_bank[140][23:0]
   141/288: $0\accum_bank[139][23:0]
   142/288: $0\accum_bank[138][23:0]
   143/288: $0\accum_bank[137][23:0]
   144/288: $0\accum_bank[136][23:0]
   145/288: $0\accum_bank[135][23:0]
   146/288: $0\accum_bank[134][23:0]
   147/288: $0\accum_bank[133][23:0]
   148/288: $0\accum_bank[132][23:0]
   149/288: $0\accum_bank[131][23:0]
   150/288: $0\accum_bank[130][23:0]
   151/288: $0\accum_bank[129][23:0]
   152/288: $0\accum_bank[128][23:0]
   153/288: $0\accum_bank[127][23:0]
   154/288: $0\accum_bank[126][23:0]
   155/288: $0\accum_bank[125][23:0]
   156/288: $0\accum_bank[124][23:0]
   157/288: $0\accum_bank[123][23:0]
   158/288: $0\accum_bank[122][23:0]
   159/288: $0\accum_bank[121][23:0]
   160/288: $0\accum_bank[120][23:0]
   161/288: $0\accum_bank[119][23:0]
   162/288: $0\accum_bank[118][23:0]
   163/288: $0\accum_bank[117][23:0]
   164/288: $0\accum_bank[116][23:0]
   165/288: $0\accum_bank[115][23:0]
   166/288: $0\accum_bank[114][23:0]
   167/288: $0\accum_bank[113][23:0]
   168/288: $0\accum_bank[112][23:0]
   169/288: $0\accum_bank[111][23:0]
   170/288: $0\accum_bank[110][23:0]
   171/288: $0\accum_bank[109][23:0]
   172/288: $0\accum_bank[108][23:0]
   173/288: $0\accum_bank[107][23:0]
   174/288: $0\accum_bank[106][23:0]
   175/288: $0\accum_bank[105][23:0]
   176/288: $0\accum_bank[104][23:0]
   177/288: $0\accum_bank[103][23:0]
   178/288: $0\accum_bank[102][23:0]
   179/288: $0\accum_bank[101][23:0]
   180/288: $0\accum_bank[100][23:0]
   181/288: $0\accum_bank[99][23:0]
   182/288: $0\accum_bank[98][23:0]
   183/288: $0\accum_bank[97][23:0]
   184/288: $0\accum_bank[96][23:0]
   185/288: $0\accum_bank[95][23:0]
   186/288: $0\accum_bank[94][23:0]
   187/288: $0\accum_bank[93][23:0]
   188/288: $0\accum_bank[92][23:0]
   189/288: $0\accum_bank[91][23:0]
   190/288: $0\accum_bank[90][23:0]
   191/288: $0\accum_bank[89][23:0]
   192/288: $0\accum_bank[88][23:0]
   193/288: $0\accum_bank[87][23:0]
   194/288: $0\accum_bank[86][23:0]
   195/288: $0\accum_bank[85][23:0]
   196/288: $0\accum_bank[84][23:0]
   197/288: $0\accum_bank[83][23:0]
   198/288: $0\accum_bank[82][23:0]
   199/288: $0\accum_bank[81][23:0]
   200/288: $0\accum_bank[80][23:0]
   201/288: $0\accum_bank[79][23:0]
   202/288: $0\accum_bank[78][23:0]
   203/288: $0\accum_bank[77][23:0]
   204/288: $0\accum_bank[76][23:0]
   205/288: $0\accum_bank[75][23:0]
   206/288: $0\accum_bank[74][23:0]
   207/288: $0\accum_bank[73][23:0]
   208/288: $0\accum_bank[72][23:0]
   209/288: $0\accum_bank[71][23:0]
   210/288: $0\accum_bank[70][23:0]
   211/288: $0\accum_bank[69][23:0]
   212/288: $0\accum_bank[68][23:0]
   213/288: $0\accum_bank[67][23:0]
   214/288: $0\accum_bank[66][23:0]
   215/288: $0\accum_bank[65][23:0]
   216/288: $0\accum_bank[64][23:0]
   217/288: $0\accum_bank[63][23:0]
   218/288: $0\accum_bank[62][23:0]
   219/288: $0\accum_bank[61][23:0]
   220/288: $0\accum_bank[60][23:0]
   221/288: $0\accum_bank[59][23:0]
   222/288: $0\accum_bank[58][23:0]
   223/288: $0\accum_bank[57][23:0]
   224/288: $0\accum_bank[56][23:0]
   225/288: $0\accum_bank[55][23:0]
   226/288: $0\accum_bank[54][23:0]
   227/288: $0\accum_bank[53][23:0]
   228/288: $0\accum_bank[52][23:0]
   229/288: $0\accum_bank[51][23:0]
   230/288: $0\accum_bank[50][23:0]
   231/288: $0\accum_bank[49][23:0]
   232/288: $0\accum_bank[48][23:0]
   233/288: $0\accum_bank[47][23:0]
   234/288: $0\accum_bank[46][23:0]
   235/288: $0\accum_bank[45][23:0]
   236/288: $0\accum_bank[44][23:0]
   237/288: $0\accum_bank[43][23:0]
   238/288: $0\accum_bank[42][23:0]
   239/288: $0\accum_bank[41][23:0]
   240/288: $0\accum_bank[40][23:0]
   241/288: $0\accum_bank[39][23:0]
   242/288: $0\accum_bank[38][23:0]
   243/288: $0\accum_bank[37][23:0]
   244/288: $0\accum_bank[36][23:0]
   245/288: $0\accum_bank[35][23:0]
   246/288: $0\accum_bank[34][23:0]
   247/288: $0\accum_bank[33][23:0]
   248/288: $0\accum_bank[32][23:0]
   249/288: $0\accum_bank[31][23:0]
   250/288: $0\accum_bank[30][23:0]
   251/288: $0\accum_bank[29][23:0]
   252/288: $0\accum_bank[28][23:0]
   253/288: $0\accum_bank[27][23:0]
   254/288: $0\accum_bank[26][23:0]
   255/288: $0\accum_bank[25][23:0]
   256/288: $0\accum_bank[24][23:0]
   257/288: $0\accum_bank[23][23:0]
   258/288: $0\accum_bank[22][23:0]
   259/288: $0\accum_bank[21][23:0]
   260/288: $0\accum_bank[20][23:0]
   261/288: $0\accum_bank[19][23:0]
   262/288: $0\accum_bank[18][23:0]
   263/288: $0\accum_bank[17][23:0]
   264/288: $0\accum_bank[16][23:0]
   265/288: $0\accum_bank[15][23:0]
   266/288: $0\accum_bank[14][23:0]
   267/288: $0\accum_bank[13][23:0]
   268/288: $0\accum_bank[12][23:0]
   269/288: $0\accum_bank[11][23:0]
   270/288: $0\accum_bank[10][23:0]
   271/288: $0\accum_bank[9][23:0]
   272/288: $0\accum_bank[8][23:0]
   273/288: $0\accum_bank[7][23:0]
   274/288: $0\accum_bank[6][23:0]
   275/288: $0\accum_bank[5][23:0]
   276/288: $0\accum_bank[4][23:0]
   277/288: $0\accum_bank[3][23:0]
   278/288: $0\accum_bank[2][23:0]
   279/288: $0\accum_bank[1][23:0]
   280/288: $0\accum_bank[0][23:0]
   281/288: $0\drain_col[3:0]
   282/288: $0\drain_row[3:0]
   283/288: $0\read_valid[0:0]
   284/288: $0\consumed[11:0]
   285/288: $0\issued[11:0]
   286/288: $0\state[1:0]
   287/288: $0\out_wdata[23:0]
   288/288: $0\out_addr[13:0]
Creating decoders for process `\x1_y2_kimi.$proc$rtl/x1_y2_kimi.v:53$24'.
     1/2: $1\weight_req[0:0]
     2/2: $1\act_req[0:0]

3.2.8. Executing PROC_DLATCH pass (convert process syncs to latches).
No latch inferred for signal `\x1_y2_kimi.\act_req' from process `\x1_y2_kimi.$proc$rtl/x1_y2_kimi.v:53$24'.
No latch inferred for signal `\x1_y2_kimi.\act_addr' from process `\x1_y2_kimi.$proc$rtl/x1_y2_kimi.v:53$24'.
No latch inferred for signal `\x1_y2_kimi.\weight_req' from process `\x1_y2_kimi.$proc$rtl/x1_y2_kimi.v:53$24'.
No latch inferred for signal `\x1_y2_kimi.\weight_addr' from process `\x1_y2_kimi.$proc$rtl/x1_y2_kimi.v:53$24'.

3.2.9. Executing PROC_DFF pass (convert process syncs to FFs).
Creating register for signal `\x1_y2_kimi.\out_we' using process `\x1_y2_kimi.$proc$rtl/x1_y2_kimi.v:64$28'.
  created $adff cell `$procdff$6102' with positive edge clock and negative level reset.
Creating register for signal `\x1_y2_kimi.\out_addr' using process `\x1_y2_kimi.$proc$rtl/x1_y2_kimi.v:64$28'.
  created $adff cell `$procdff$6103' with positive edge clock and negative level reset.
Creating register for signal `\x1_y2_kimi.\out_wdata' using process `\x1_y2_kimi.$proc$rtl/x1_y2_kimi.v:64$28'.
  created $adff cell `$procdff$6104' with positive edge clock and negative level reset.
Creating register for signal `\x1_y2_kimi.\done' using process `\x1_y2_kimi.$proc$rtl/x1_y2_kimi.v:64$28'.
  created $adff cell `$procdff$6105' with positive edge clock and negative level reset.
Creating register for signal `\x1_y2_kimi.\state' using process `\x1_y2_kimi.$proc$rtl/x1_y2_kimi.v:64$28'.
  created $adff cell `$procdff$6106' with positive edge clock and negative level reset.
Creating register for signal `\x1_y2_kimi.\issued' using process `\x1_y2_kimi.$proc$rtl/x1_y2_kimi.v:64$28'.
  created $adff cell `$procdff$6107' with positive edge clock and negative level reset.
Creating register for signal `\x1_y2_kimi.\consumed' using process `\x1_y2_kimi.$proc$rtl/x1_y2_kimi.v:64$28'.
  created $adff cell `$procdff$6108' with positive edge clock and negative level reset.
Creating register for signal `\x1_y2_kimi.\read_valid' using process `\x1_y2_kimi.$proc$rtl/x1_y2_kimi.v:64$28'.
  created $adff cell `$procdff$6109' with positive edge clock and negative level reset.
Creating register for signal `\x1_y2_kimi.\drain_row' using process `\x1_y2_kimi.$proc$rtl/x1_y2_kimi.v:64$28'.
  created $adff cell `$procdff$6110' with positive edge clock and negative level reset.
Creating register for signal `\x1_y2_kimi.\drain_col' using process `\x1_y2_kimi.$proc$rtl/x1_y2_kimi.v:64$28'.
  created $adff cell `$procdff$6111' with positive edge clock and negative level reset.
Creating register for signal `\x1_y2_kimi.\r' using process `\x1_y2_kimi.$proc$rtl/x1_y2_kimi.v:64$28'.
  created $dff cell `$procdff$6114' with positive edge clock.
Creating register for signal `\x1_y2_kimi.\c' using process `\x1_y2_kimi.$proc$rtl/x1_y2_kimi.v:64$28'.
  created $dff cell `$procdff$6117' with positive edge clock.
Creating register for signal `\x1_y2_kimi.\i' using process `\x1_y2_kimi.$proc$rtl/x1_y2_kimi.v:64$28'.
  created $adff cell `$procdff$6118' with positive edge clock and negative level reset.
Creating register for signal `\x1_y2_kimi.\j' using process `\x1_y2_kimi.$proc$rtl/x1_y2_kimi.v:64$28'.
  created $adff cell `$procdff$6119' with positive edge clock and negative level reset.
Creating register for signal `\x1_y2_kimi.\act_lane' using process `\x1_y2_kimi.$proc$rtl/x1_y2_kimi.v:64$28'.
  created $dff cell `$procdff$6122' with positive edge clock.
Creating register for signal `\x1_y2_kimi.\weight_lane' using process `\x1_y2_kimi.$proc$rtl/x1_y2_kimi.v:64$28'.
  created $dff cell `$procdff$6125' with positive edge clock.
Creating register for signal `\x1_y2_kimi.\product' using process `\x1_y2_kimi.$proc$rtl/x1_y2_kimi.v:64$28'.
  created $dff cell `$procdff$6128' with positive edge clock.
Creating register for signal `\x1_y2_kimi.\accum_bank[0]' using process `\x1_y2_kimi.$proc$rtl/x1_y2_kimi.v:64$28'.
  created $adff cell `$procdff$6129' with positive edge clock and negative level reset.
Creating register for signal `\x1_y2_kimi.\accum_bank[1]' using process `\x1_y2_kimi.$proc$rtl/x1_y2_kimi.v:64$28'.
  created $adff cell `$procdff$6130' with positive edge clock and negative level reset.
Creating register for signal `\x1_y2_kimi.\accum_bank[2]' using process `\x1_y2_kimi.$proc$rtl/x1_y2_kimi.v:64$28'.
  created $adff cell `$procdff$6131' with positive edge clock and negative level reset.
Creating register for signal `\x1_y2_kimi.\accum_bank[3]' using process `\x1_y2_kimi.$proc$rtl/x1_y2_kimi.v:64$28'.
  created $adff cell `$procdff$6132' with positive edge clock and negative level reset.
Creating register for signal `\x1_y2_kimi.\accum_bank[4]' using process `\x1_y2_kimi.$proc$rtl/x1_y2_kimi.v:64$28'.
  created $adff cell `$procdff$6133' with positive edge clock and negative level reset.
Creating register for signal `\x1_y2_kimi.\accum_bank[5]' using process `\x1_y2_kimi.$proc$rtl/x1_y2_kimi.v:64$28'.
  created $adff cell `$procdff$6134' with positive edge clock and negative level reset.
Creating register for signal `\x1_y2_kimi.\accum_bank[6]' using process `\x1_y2_kimi.$proc$rtl/x1_y2_kimi.v:64$28'.
  created $adff cell `$procdff$6135' with positive edge clock and negative level reset.
Creating register for signal `\x1_y2_kimi.\accum_bank[7]' using process `\x1_y2_kimi.$proc$rtl/x1_y2_kimi.v:64$28'.
  created $adff cell `$procdff$6136' with positive edge clock and negative level reset.
Creating register for signal `\x1_y2_kimi.\accum_bank[8]' using process `\x1_y2_kimi.$proc$rtl/x1_y2_kimi.v:64$28'.
  created $adff cell `$procdff$6137' with positive edge clock and negative level reset.
Creating register for signal `\x1_y2_kimi.\accum_bank[9]' using process `\x1_y2_kimi.$proc$rtl/x1_y2_kimi.v:64$28'.
  created $adff cell `$procdff$6138' with positive edge clock and negative level reset.
Creating register for signal `\x1_y2_kimi.\accum_bank[10]' using process `\x1_y2_kimi.$proc$rtl/x1_y2_kimi.v:64$28'.
  created $adff cell `$procdff$6139' with positive edge clock and negative level reset.
Creating register for signal `\x1_y2_kimi.\accum_bank[11]' using process `\x1_y2_kimi.$proc$rtl/x1_y2_kimi.v:64$28'.
  created $adff cell `$procdff$6140' with positive edge clock and negative level reset.
Creating register for signal `\x1_y2_kimi.\accum_bank[12]' using process `\x1_y2_kimi.$proc$rtl/x1_y2_kimi.v:64$28'.
  created $adff cell `$procdff$6141' with positive edge clock and negative level reset.
Creating register for signal `\x1_y2_kimi.\accum_bank[13]' using process `\x1_y2_kimi.$proc$rtl/x1_y2_kimi.v:64$28'.
  created $adff cell `$procdff$6142' with positive edge clock and negative level reset.
Creating register for signal `\x1_y2_kimi.\accum_bank[14]' using process `\x1_y2_kimi.$proc$rtl/x1_y2_kimi.v:64$28'.
  created $adff cell `$procdff$6143' with positive edge clock and negative level reset.
Creating register for signal `\x1_y2_kimi.\accum_bank[15]' using process `\x1_y2_kimi.$proc$rtl/x1_y2_kimi.v:64$28'.
  created $adff cell `$procdff$6144' with positive edge clock and negative level reset.
Creating register for signal `\x1_y2_kimi.\accum_bank[16]' using process `\x1_y2_kimi.$proc$rtl/x1_y2_kimi.v:64$28'.
  created $adff cell `$procdff$6145' with positive edge clock and negative level reset.
Creating register for signal `\x1_y2_kimi.\accum_bank[17]' using process `\x1_y2_kimi.$proc$rtl/x1_y2_kimi.v:64$28'.
  created $adff cell `$procdff$6146' with positive edge clock and negative level reset.
Creating register for signal `\x1_y2_kimi.\accum_bank[18]' using process `\x1_y2_kimi.$proc$rtl/x1_y2_kimi.v:64$28'.
  created $adff cell `$procdff$6147' with positive edge clock and negative level reset.
Creating register for signal `\x1_y2_kimi.\accum_bank[19]' using process `\x1_y2_kimi.$proc$rtl/x1_y2_kimi.v:64$28'.
  created $adff cell `$procdff$6148' with positive edge clock and negative level reset.
Creating register for signal `\x1_y2_kimi.\accum_bank[20]' using process `\x1_y2_kimi.$proc$rtl/x1_y2_kimi.v:64$28'.
  created $adff cell `$procdff$6149' with positive edge clock and negative level reset.
Creating register for signal `\x1_y2_kimi.\accum_bank[21]' using process `\x1_y2_kimi.$proc$rtl/x1_y2_kimi.v:64$28'.
  created $adff cell `$procdff$6150' with positive edge clock and negative level reset.
Creating register for signal `\x1_y2_kimi.\accum_bank[22]' using process `\x1_y2_kimi.$proc$rtl/x1_y2_kimi.v:64$28'.
  created $adff cell `$procdff$6151' with positive edge clock and negative level reset.
Creating register for signal `\x1_y2_kimi.\accum_bank[23]' using process `\x1_y2_kimi.$proc$rtl/x1_y2_kimi.v:64$28'.
  created $adff cell `$procdff$6152' with positive edge clock and negative level reset.
Creating register for signal `\x1_y2_kimi.\accum_bank[24]' using process `\x1_y2_kimi.$proc$rtl/x1_y2_kimi.v:64$28'.
  created $adff cell `$procdff$6153' with positive edge clock and negative level reset.
Creating register for signal `\x1_y2_kimi.\accum_bank[25]' using process `\x1_y2_kimi.$proc$rtl/x1_y2_kimi.v:64$28'.
  created $adff cell `$procdff$6154' with positive edge clock and negative level reset.
Creating register for signal `\x1_y2_kimi.\accum_bank[26]' using process `\x1_y2_kimi.$proc$rtl/x1_y2_kimi.v:64$28'.
  created $adff cell `$procdff$6155' with positive edge clock and negative level reset.
Creating register for signal `\x1_y2_kimi.\accum_bank[27]' using process `\x1_y2_kimi.$proc$rtl/x1_y2_kimi.v:64$28'.
  created $adff cell `$procdff$6156' with positive edge clock and negative level reset.
Creating register for signal `\x1_y2_kimi.\accum_bank[28]' using process `\x1_y2_kimi.$proc$rtl/x1_y2_kimi.v:64$28'.
  created $adff cell `$procdff$6157' with positive edge clock and negative level reset.
Creating register for signal `\x1_y2_kimi.\accum_bank[29]' using process `\x1_y2_kimi.$proc$rtl/x1_y2_kimi.v:64$28'.
  created $adff cell `$procdff$6158' with positive edge clock and negative level reset.
Creating register for signal `\x1_y2_kimi.\accum_bank[30]' using process `\x1_y2_kimi.$proc$rtl/x1_y2_kimi.v:64$28'.
  created $adff cell `$procdff$6159' with positive edge clock and negative level reset.
Creating register for signal `\x1_y2_kimi.\accum_bank[31]' using process `\x1_y2_kimi.$proc$rtl/x1_y2_kimi.v:64$28'.
  created $adff cell `$procdff$6160' with positive edge clock and negative level reset.
Creating register for signal `\x1_y2_kimi.\accum_bank[32]' using process `\x1_y2_kimi.$proc$rtl/x1_y2_kimi.v:64$28'.
  created $adff cell `$procdff$6161' with positive edge clock and negative level reset.
Creating register for signal `\x1_y2_kimi.\accum_bank[33]' using process `\x1_y2_kimi.$proc$rtl/x1_y2_kimi.v:64$28'.
  created $adff cell `$procdff$6162' with positive edge clock and negative level reset.
Creating register for signal `\x1_y2_kimi.\accum_bank[34]' using process `\x1_y2_kimi.$proc$rtl/x1_y2_kimi.v:64$28'.
  created $adff cell `$procdff$6163' with positive edge clock and negative level reset.
Creating register for signal `\x1_y2_kimi.\accum_bank[35]' using process `\x1_y2_kimi.$proc$rtl/x1_y2_kimi.v:64$28'.
  created $adff cell `$procdff$6164' with positive edge clock and negative level reset.
Creating register for signal `\x1_y2_kimi.\accum_bank[36]' using process `\x1_y2_kimi.$proc$rtl/x1_y2_kimi.v:64$28'.
  created $adff cell `$procdff$6165' with positive edge clock and negative level reset.
Creating register for signal `\x1_y2_kimi.\accum_bank[37]' using process `\x1_y2_kimi.$proc$rtl/x1_y2_kimi.v:64$28'.
  created $adff cell `$procdff$6166' with positive edge clock and negative level reset.
Creating register for signal `\x1_y2_kimi.\accum_bank[38]' using process `\x1_y2_kimi.$proc$rtl/x1_y2_kimi.v:64$28'.
  created $adff cell `$procdff$6167' with positive edge clock and negative level reset.
Creating register for signal `\x1_y2_kimi.\accum_bank[39]' using process `\x1_y2_kimi.$proc$rtl/x1_y2_kimi.v:64$28'.
  created $adff cell `$procdff$6168' with positive edge clock and negative level reset.
Creating register for signal `\x1_y2_kimi.\accum_bank[40]' using process `\x1_y2_kimi.$proc$rtl/x1_y2_kimi.v:64$28'.
  created $adff cell `$procdff$6169' with positive edge clock and negative level reset.
Creating register for signal `\x1_y2_kimi.\accum_bank[41]' using process `\x1_y2_kimi.$proc$rtl/x1_y2_kimi.v:64$28'.
  created $adff cell `$procdff$6170' with positive edge clock and negative level reset.
Creating register for signal `\x1_y2_kimi.\accum_bank[42]' using process `\x1_y2_kimi.$proc$rtl/x1_y2_kimi.v:64$28'.
  created $adff cell `$procdff$6171' with positive edge clock and negative level reset.
Creating register for signal `\x1_y2_kimi.\accum_bank[43]' using process `\x1_y2_kimi.$proc$rtl/x1_y2_kimi.v:64$28'.
  created $adff cell `$procdff$6172' with positive edge clock and negative level reset.
Creating register for signal `\x1_y2_kimi.\accum_bank[44]' using process `\x1_y2_kimi.$proc$rtl/x1_y2_kimi.v:64$28'.
  created $adff cell `$procdff$6173' with positive edge clock and negative level reset.
Creating register for signal `\x1_y2_kimi.\accum_bank[45]' using process `\x1_y2_kimi.$proc$rtl/x1_y2_kimi.v:64$28'.
  created $adff cell `$procdff$6174' with positive edge clock and negative level reset.
Creating register for signal `\x1_y2_kimi.\accum_bank[46]' using process `\x1_y2_kimi.$proc$rtl/x1_y2_kimi.v:64$28'.
  created $adff cell `$procdff$6175' with positive edge clock and negative level reset.
Creating register for signal `\x1_y2_kimi.\accum_bank[47]' using process `\x1_y2_kimi.$proc$rtl/x1_y2_kimi.v:64$28'.
  created $adff cell `$procdff$6176' with positive edge clock and negative level reset.
Creating register for signal `\x1_y2_kimi.\accum_bank[48]' using process `\x1_y2_kimi.$proc$rtl/x1_y2_kimi.v:64$28'.
  created $adff cell `$procdff$6177' with positive edge clock and negative level reset.
Creating register for signal `\x1_y2_kimi.\accum_bank[49]' using process `\x1_y2_kimi.$proc$rtl/x1_y2_kimi.v:64$28'.
  created $adff cell `$procdff$6178' with positive edge clock and negative level reset.
Creating register for signal `\x1_y2_kimi.\accum_bank[50]' using process `\x1_y2_kimi.$proc$rtl/x1_y2_kimi.v:64$28'.
  created $adff cell `$procdff$6179' with positive edge clock and negative level reset.
Creating register for signal `\x1_y2_kimi.\accum_bank[51]' using process `\x1_y2_kimi.$proc$rtl/x1_y2_kimi.v:64$28'.
  created $adff cell `$procdff$6180' with positive edge clock and negative level reset.
Creating register for signal `\x1_y2_kimi.\accum_bank[52]' using process `\x1_y2_kimi.$proc$rtl/x1_y2_kimi.v:64$28'.
  created $adff cell `$procdff$6181' with positive edge clock and negative level reset.
Creating register for signal `\x1_y2_kimi.\accum_bank[53]' using process `\x1_y2_kimi.$proc$rtl/x1_y2_kimi.v:64$28'.
  created $adff cell `$procdff$6182' with positive edge clock and negative level reset.
Creating register for signal `\x1_y2_kimi.\accum_bank[54]' using process `\x1_y2_kimi.$proc$rtl/x1_y2_kimi.v:64$28'.
  created $adff cell `$procdff$6183' with positive edge clock and negative level reset.
Creating register for signal `\x1_y2_kimi.\accum_bank[55]' using process `\x1_y2_kimi.$proc$rtl/x1_y2_kimi.v:64$28'.
  created $adff cell `$procdff$6184' with positive edge clock and negative level reset.
Creating register for signal `\x1_y2_kimi.\accum_bank[56]' using process `\x1_y2_kimi.$proc$rtl/x1_y2_kimi.v:64$28'.
  created $adff cell `$procdff$6185' with positive edge clock and negative level reset.
Creating register for signal `\x1_y2_kimi.\accum_bank[57]' using process `\x1_y2_kimi.$proc$rtl/x1_y2_kimi.v:64$28'.
  created $adff cell `$procdff$6186' with positive edge clock and negative level reset.
Creating register for signal `\x1_y2_kimi.\accum_bank[58]' using process `\x1_y2_kimi.$proc$rtl/x1_y2_kimi.v:64$28'.
  created $adff cell `$procdff$6187' with positive edge clock and negative level reset.
Creating register for signal `\x1_y2_kimi.\accum_bank[59]' using process `\x1_y2_kimi.$proc$rtl/x1_y2_kimi.v:64$28'.
  created $adff cell `$procdff$6188' with positive edge clock and negative level reset.
Creating register for signal `\x1_y2_kimi.\accum_bank[60]' using process `\x1_y2_kimi.$proc$rtl/x1_y2_kimi.v:64$28'.
  created $adff cell `$procdff$6189' with positive edge clock and negative level reset.
Creating register for signal `\x1_y2_kimi.\accum_bank[61]' using process `\x1_y2_kimi.$proc$rtl/x1_y2_kimi.v:64$28'.
  created $adff cell `$procdff$6190' with positive edge clock and negative level reset.
Creating register for signal `\x1_y2_kimi.\accum_bank[62]' using process `\x1_y2_kimi.$proc$rtl/x1_y2_kimi.v:64$28'.
  created $adff cell `$procdff$6191' with positive edge clock and negative level reset.
Creating register for signal `\x1_y2_kimi.\accum_bank[63]' using process `\x1_y2_kimi.$proc$rtl/x1_y2_kimi.v:64$28'.
  created $adff cell `$procdff$6192' with positive edge clock and negative level reset.
Creating register for signal `\x1_y2_kimi.\accum_bank[64]' using process `\x1_y2_kimi.$proc$rtl/x1_y2_kimi.v:64$28'.
  created $adff cell `$procdff$6193' with positive edge clock and negative level reset.
Creating register for signal `\x1_y2_kimi.\accum_bank[65]' using process `\x1_y2_kimi.$proc$rtl/x1_y2_kimi.v:64$28'.
  created $adff cell `$procdff$6194' with positive edge clock and negative level reset.
Creating register for signal `\x1_y2_kimi.\accum_bank[66]' using process `\x1_y2_kimi.$proc$rtl/x1_y2_kimi.v:64$28'.
  created $adff cell `$procdff$6195' with positive edge clock and negative level reset.
Creating register for signal `\x1_y2_kimi.\accum_bank[67]' using process `\x1_y2_kimi.$proc$rtl/x1_y2_kimi.v:64$28'.
  created $adff cell `$procdff$6196' with positive edge clock and negative level reset.
Creating register for signal `\x1_y2_kimi.\accum_bank[68]' using process `\x1_y2_kimi.$proc$rtl/x1_y2_kimi.v:64$28'.
  created $adff cell `$procdff$6197' with positive edge clock and negative level reset.
Creating register for signal `\x1_y2_kimi.\accum_bank[69]' using process `\x1_y2_kimi.$proc$rtl/x1_y2_kimi.v:64$28'.
  created $adff cell `$procdff$6198' with positive edge clock and negative level reset.
Creating register for signal `\x1_y2_kimi.\accum_bank[70]' using process `\x1_y2_kimi.$proc$rtl/x1_y2_kimi.v:64$28'.
  created $adff cell `$procdff$6199' with positive edge clock and negative level reset.
Creating register for signal `\x1_y2_kimi.\accum_bank[71]' using process `\x1_y2_kimi.$proc$rtl/x1_y2_kimi.v:64$28'.
  created $adff cell `$procdff$6200' with positive edge clock and negative level reset.
Creating register for signal `\x1_y2_kimi.\accum_bank[72]' using process `\x1_y2_kimi.$proc$rtl/x1_y2_kimi.v:64$28'.
  created $adff cell `$procdff$6201' with positive edge clock and negative level reset.
Creating register for signal `\x1_y2_kimi.\accum_bank[73]' using process `\x1_y2_kimi.$proc$rtl/x1_y2_kimi.v:64$28'.
  created $adff cell `$procdff$6202' with positive edge clock and negative level reset.
Creating register for signal `\x1_y2_kimi.\accum_bank[74]' using process `\x1_y2_kimi.$proc$rtl/x1_y2_kimi.v:64$28'.
  created $adff cell `$procdff$6203' with positive edge clock and negative level reset.
Creating register for signal `\x1_y2_kimi.\accum_bank[75]' using process `\x1_y2_kimi.$proc$rtl/x1_y2_kimi.v:64$28'.
  created $adff cell `$procdff$6204' with positive edge clock and negative level reset.
Creating register for signal `\x1_y2_kimi.\accum_bank[76]' using process `\x1_y2_kimi.$proc$rtl/x1_y2_kimi.v:64$28'.
  created $adff cell `$procdff$6205' with positive edge clock and negative level reset.
Creating register for signal `\x1_y2_kimi.\accum_bank[77]' using process `\x1_y2_kimi.$proc$rtl/x1_y2_kimi.v:64$28'.
  created $adff cell `$procdff$6206' with positive edge clock and negative level reset.
Creating register for signal `\x1_y2_kimi.\accum_bank[78]' using process `\x1_y2_kimi.$proc$rtl/x1_y2_kimi.v:64$28'.
  created $adff cell `$procdff$6207' with positive edge clock and negative level reset.
Creating register for signal `\x1_y2_kimi.\accum_bank[79]' using process `\x1_y2_kimi.$proc$rtl/x1_y2_kimi.v:64$28'.
  created $adff cell `$procdff$6208' with positive edge clock and negative level reset.
Creating register for signal `\x1_y2_kimi.\accum_bank[80]' using process `\x1_y2_kimi.$proc$rtl/x1_y2_kimi.v:64$28'.
  created $adff cell `$procdff$6209' with positive edge clock and negative level reset.
Creating register for signal `\x1_y2_kimi.\accum_bank[81]' using process `\x1_y2_kimi.$proc$rtl/x1_y2_kimi.v:64$28'.
  created $adff cell `$procdff$6210' with positive edge clock and negative level reset.
Creating register for signal `\x1_y2_kimi.\accum_bank[82]' using process `\x1_y2_kimi.$proc$rtl/x1_y2_kimi.v:64$28'.
  created $adff cell `$procdff$6211' with positive edge clock and negative level reset.
Creating register for signal `\x1_y2_kimi.\accum_bank[83]' using process `\x1_y2_kimi.$proc$rtl/x1_y2_kimi.v:64$28'.
  created $adff cell `$procdff$6212' with positive edge clock and negative level reset.
Creating register for signal `\x1_y2_kimi.\accum_bank[84]' using process `\x1_y2_kimi.$proc$rtl/x1_y2_kimi.v:64$28'.
  created $adff cell `$procdff$6213' with positive edge clock and negative level reset.
Creating register for signal `\x1_y2_kimi.\accum_bank[85]' using process `\x1_y2_kimi.$proc$rtl/x1_y2_kimi.v:64$28'.
  created $adff cell `$procdff$6214' with positive edge clock and negative level reset.
Creating register for signal `\x1_y2_kimi.\accum_bank[86]' using process `\x1_y2_kimi.$proc$rtl/x1_y2_kimi.v:64$28'.
  created $adff cell `$procdff$6215' with positive edge clock and negative level reset.
Creating register for signal `\x1_y2_kimi.\accum_bank[87]' using process `\x1_y2_kimi.$proc$rtl/x1_y2_kimi.v:64$28'.
  created $adff cell `$procdff$6216' with positive edge clock and negative level reset.
Creating register for signal `\x1_y2_kimi.\accum_bank[88]' using process `\x1_y2_kimi.$proc$rtl/x1_y2_kimi.v:64$28'.
  created $adff cell `$procdff$6217' with positive edge clock and negative level reset.
Creating register for signal `\x1_y2_kimi.\accum_bank[89]' using process `\x1_y2_kimi.$proc$rtl/x1_y2_kimi.v:64$28'.
  created $adff cell `$procdff$6218' with positive edge clock and negative level reset.
Creating register for signal `\x1_y2_kimi.\accum_bank[90]' using process `\x1_y2_kimi.$proc$rtl/x1_y2_kimi.v:64$28'.
  created $adff cell `$procdff$6219' with positive edge clock and negative level reset.
Creating register for signal `\x1_y2_kimi.\accum_bank[91]' using process `\x1_y2_kimi.$proc$rtl/x1_y2_kimi.v:64$28'.
  created $adff cell `$procdff$6220' with positive edge clock and negative level reset.
Creating register for signal `\x1_y2_kimi.\accum_bank[92]' using process `\x1_y2_kimi.$proc$rtl/x1_y2_kimi.v:64$28'.
  created $adff cell `$procdff$6221' with positive edge clock and negative level reset.
Creating register for signal `\x1_y2_kimi.\accum_bank[93]' using process `\x1_y2_kimi.$proc$rtl/x1_y2_kimi.v:64$28'.
  created $adff cell `$procdff$6222' with positive edge clock and negative level reset.
Creating register for signal `\x1_y2_kimi.\accum_bank[94]' using process `\x1_y2_kimi.$proc$rtl/x1_y2_kimi.v:64$28'.
  created $adff cell `$procdff$6223' with positive edge clock and negative level reset.
Creating register for signal `\x1_y2_kimi.\accum_bank[95]' using process `\x1_y2_kimi.$proc$rtl/x1_y2_kimi.v:64$28'.
  created $adff cell `$procdff$6224' with positive edge clock and negative level reset.
Creating register for signal `\x1_y2_kimi.\accum_bank[96]' using process `\x1_y2_kimi.$proc$rtl/x1_y2_kimi.v:64$28'.
  created $adff cell `$procdff$6225' with positive edge clock and negative level reset.
Creating register for signal `\x1_y2_kimi.\accum_bank[97]' using process `\x1_y2_kimi.$proc$rtl/x1_y2_kimi.v:64$28'.
  created $adff cell `$procdff$6226' with positive edge clock and negative level reset.
Creating register for signal `\x1_y2_kimi.\accum_bank[98]' using process `\x1_y2_kimi.$proc$rtl/x1_y2_kimi.v:64$28'.
  created $adff cell `$procdff$6227' with positive edge clock and negative level reset.
Creating register for signal `\x1_y2_kimi.\accum_bank[99]' using process `\x1_y2_kimi.$proc$rtl/x1_y2_kimi.v:64$28'.
  created $adff cell `$procdff$6228' with positive edge clock and negative level reset.
Creating register for signal `\x1_y2_kimi.\accum_bank[100]' using process `\x1_y2_kimi.$proc$rtl/x1_y2_kimi.v:64$28'.
  created $adff cell `$procdff$6229' with positive edge clock and negative level reset.
Creating register for signal `\x1_y2_kimi.\accum_bank[101]' using process `\x1_y2_kimi.$proc$rtl/x1_y2_kimi.v:64$28'.
  created $adff cell `$procdff$6230' with positive edge clock and negative level reset.
Creating register for signal `\x1_y2_kimi.\accum_bank[102]' using process `\x1_y2_kimi.$proc$rtl/x1_y2_kimi.v:64$28'.
  created $adff cell `$procdff$6231' with positive edge clock and negative level reset.
Creating register for signal `\x1_y2_kimi.\accum_bank[103]' using process `\x1_y2_kimi.$proc$rtl/x1_y2_kimi.v:64$28'.
  created $adff cell `$procdff$6232' with positive edge clock and negative level reset.
Creating register for signal `\x1_y2_kimi.\accum_bank[104]' using process `\x1_y2_kimi.$proc$rtl/x1_y2_kimi.v:64$28'.
  created $adff cell `$procdff$6233' with positive edge clock and negative level reset.
Creating register for signal `\x1_y2_kimi.\accum_bank[105]' using process `\x1_y2_kimi.$proc$rtl/x1_y2_kimi.v:64$28'.
  created $adff cell `$procdff$6234' with positive edge clock and negative level reset.
Creating register for signal `\x1_y2_kimi.\accum_bank[106]' using process `\x1_y2_kimi.$proc$rtl/x1_y2_kimi.v:64$28'.
  created $adff cell `$procdff$6235' with positive edge clock and negative level reset.
Creating register for signal `\x1_y2_kimi.\accum_bank[107]' using process `\x1_y2_kimi.$proc$rtl/x1_y2_kimi.v:64$28'.
  created $adff cell `$procdff$6236' with positive edge clock and negative level reset.
Creating register for signal `\x1_y2_kimi.\accum_bank[108]' using process `\x1_y2_kimi.$proc$rtl/x1_y2_kimi.v:64$28'.
  created $adff cell `$procdff$6237' with positive edge clock and negative level reset.
Creating register for signal `\x1_y2_kimi.\accum_bank[109]' using process `\x1_y2_kimi.$proc$rtl/x1_y2_kimi.v:64$28'.
  created $adff cell `$procdff$6238' with positive edge clock and negative level reset.
Creating register for signal `\x1_y2_kimi.\accum_bank[110]' using process `\x1_y2_kimi.$proc$rtl/x1_y2_kimi.v:64$28'.
  created $adff cell `$procdff$6239' with positive edge clock and negative level reset.
Creating register for signal `\x1_y2_kimi.\accum_bank[111]' using process `\x1_y2_kimi.$proc$rtl/x1_y2_kimi.v:64$28'.
  created $adff cell `$procdff$6240' with positive edge clock and negative level reset.
Creating register for signal `\x1_y2_kimi.\accum_bank[112]' using process `\x1_y2_kimi.$proc$rtl/x1_y2_kimi.v:64$28'.
  created $adff cell `$procdff$6241' with positive edge clock and negative level reset.
Creating register for signal `\x1_y2_kimi.\accum_bank[113]' using process `\x1_y2_kimi.$proc$rtl/x1_y2_kimi.v:64$28'.
  created $adff cell `$procdff$6242' with positive edge clock and negative level reset.
Creating register for signal `\x1_y2_kimi.\accum_bank[114]' using process `\x1_y2_kimi.$proc$rtl/x1_y2_kimi.v:64$28'.
  created $adff cell `$procdff$6243' with positive edge clock and negative level reset.
Creating register for signal `\x1_y2_kimi.\accum_bank[115]' using process `\x1_y2_kimi.$proc$rtl/x1_y2_kimi.v:64$28'.
  created $adff cell `$procdff$6244' with positive edge clock and negative level reset.
Creating register for signal `\x1_y2_kimi.\accum_bank[116]' using process `\x1_y2_kimi.$proc$rtl/x1_y2_kimi.v:64$28'.
  created $adff cell `$procdff$6245' with positive edge clock and negative level reset.
Creating register for signal `\x1_y2_kimi.\accum_bank[117]' using process `\x1_y2_kimi.$proc$rtl/x1_y2_kimi.v:64$28'.
  created $adff cell `$procdff$6246' with positive edge clock and negative level reset.
Creating register for signal `\x1_y2_kimi.\accum_bank[118]' using process `\x1_y2_kimi.$proc$rtl/x1_y2_kimi.v:64$28'.
  created $adff cell `$procdff$6247' with positive edge clock and negative level reset.
Creating register for signal `\x1_y2_kimi.\accum_bank[119]' using process `\x1_y2_kimi.$proc$rtl/x1_y2_kimi.v:64$28'.
  created $adff cell `$procdff$6248' with positive edge clock and negative level reset.
Creating register for signal `\x1_y2_kimi.\accum_bank[120]' using process `\x1_y2_kimi.$proc$rtl/x1_y2_kimi.v:64$28'.
  created $adff cell `$procdff$6249' with positive edge clock and negative level reset.
Creating register for signal `\x1_y2_kimi.\accum_bank[121]' using process `\x1_y2_kimi.$proc$rtl/x1_y2_kimi.v:64$28'.
  created $adff cell `$procdff$6250' with positive edge clock and negative level reset.
Creating register for signal `\x1_y2_kimi.\accum_bank[122]' using process `\x1_y2_kimi.$proc$rtl/x1_y2_kimi.v:64$28'.
  created $adff cell `$procdff$6251' with positive edge clock and negative level reset.
Creating register for signal `\x1_y2_kimi.\accum_bank[123]' using process `\x1_y2_kimi.$proc$rtl/x1_y2_kimi.v:64$28'.
  created $adff cell `$procdff$6252' with positive edge clock and negative level reset.
Creating register for signal `\x1_y2_kimi.\accum_bank[124]' using process `\x1_y2_kimi.$proc$rtl/x1_y2_kimi.v:64$28'.
  created $adff cell `$procdff$6253' with positive edge clock and negative level reset.
Creating register for signal `\x1_y2_kimi.\accum_bank[125]' using process `\x1_y2_kimi.$proc$rtl/x1_y2_kimi.v:64$28'.
  created $adff cell `$procdff$6254' with positive edge clock and negative level reset.
Creating register for signal `\x1_y2_kimi.\accum_bank[126]' using process `\x1_y2_kimi.$proc$rtl/x1_y2_kimi.v:64$28'.
  created $adff cell `$procdff$6255' with positive edge clock and negative level reset.
Creating register for signal `\x1_y2_kimi.\accum_bank[127]' using process `\x1_y2_kimi.$proc$rtl/x1_y2_kimi.v:64$28'.
  created $adff cell `$procdff$6256' with positive edge clock and negative level reset.
Creating register for signal `\x1_y2_kimi.\accum_bank[128]' using process `\x1_y2_kimi.$proc$rtl/x1_y2_kimi.v:64$28'.
  created $adff cell `$procdff$6257' with positive edge clock and negative level reset.
Creating register for signal `\x1_y2_kimi.\accum_bank[129]' using process `\x1_y2_kimi.$proc$rtl/x1_y2_kimi.v:64$28'.
  created $adff cell `$procdff$6258' with positive edge clock and negative level reset.
Creating register for signal `\x1_y2_kimi.\accum_bank[130]' using process `\x1_y2_kimi.$proc$rtl/x1_y2_kimi.v:64$28'.
  created $adff cell `$procdff$6259' with positive edge clock and negative level reset.
Creating register for signal `\x1_y2_kimi.\accum_bank[131]' using process `\x1_y2_kimi.$proc$rtl/x1_y2_kimi.v:64$28'.
  created $adff cell `$procdff$6260' with positive edge clock and negative level reset.
Creating register for signal `\x1_y2_kimi.\accum_bank[132]' using process `\x1_y2_kimi.$proc$rtl/x1_y2_kimi.v:64$28'.
  created $adff cell `$procdff$6261' with positive edge clock and negative level reset.
Creating register for signal `\x1_y2_kimi.\accum_bank[133]' using process `\x1_y2_kimi.$proc$rtl/x1_y2_kimi.v:64$28'.
  created $adff cell `$procdff$6262' with positive edge clock and negative level reset.
Creating register for signal `\x1_y2_kimi.\accum_bank[134]' using process `\x1_y2_kimi.$proc$rtl/x1_y2_kimi.v:64$28'.
  created $adff cell `$procdff$6263' with positive edge clock and negative level reset.
Creating register for signal `\x1_y2_kimi.\accum_bank[135]' using process `\x1_y2_kimi.$proc$rtl/x1_y2_kimi.v:64$28'.
  created $adff cell `$procdff$6264' with positive edge clock and negative level reset.
Creating register for signal `\x1_y2_kimi.\accum_bank[136]' using process `\x1_y2_kimi.$proc$rtl/x1_y2_kimi.v:64$28'.
  created $adff cell `$procdff$6265' with positive edge clock and negative level reset.
Creating register for signal `\x1_y2_kimi.\accum_bank[137]' using process `\x1_y2_kimi.$proc$rtl/x1_y2_kimi.v:64$28'.
  created $adff cell `$procdff$6266' with positive edge clock and negative level reset.
Creating register for signal `\x1_y2_kimi.\accum_bank[138]' using process `\x1_y2_kimi.$proc$rtl/x1_y2_kimi.v:64$28'.
  created $adff cell `$procdff$6267' with positive edge clock and negative level reset.
Creating register for signal `\x1_y2_kimi.\accum_bank[139]' using process `\x1_y2_kimi.$proc$rtl/x1_y2_kimi.v:64$28'.
  created $adff cell `$procdff$6268' with positive edge clock and negative level reset.
Creating register for signal `\x1_y2_kimi.\accum_bank[140]' using process `\x1_y2_kimi.$proc$rtl/x1_y2_kimi.v:64$28'.
  created $adff cell `$procdff$6269' with positive edge clock and negative level reset.
Creating register for signal `\x1_y2_kimi.\accum_bank[141]' using process `\x1_y2_kimi.$proc$rtl/x1_y2_kimi.v:64$28'.
  created $adff cell `$procdff$6270' with positive edge clock and negative level reset.
Creating register for signal `\x1_y2_kimi.\accum_bank[142]' using process `\x1_y2_kimi.$proc$rtl/x1_y2_kimi.v:64$28'.
  created $adff cell `$procdff$6271' with positive edge clock and negative level reset.
Creating register for signal `\x1_y2_kimi.\accum_bank[143]' using process `\x1_y2_kimi.$proc$rtl/x1_y2_kimi.v:64$28'.
  created $adff cell `$procdff$6272' with positive edge clock and negative level reset.
Creating register for signal `\x1_y2_kimi.\accum_bank[144]' using process `\x1_y2_kimi.$proc$rtl/x1_y2_kimi.v:64$28'.
  created $adff cell `$procdff$6273' with positive edge clock and negative level reset.
Creating register for signal `\x1_y2_kimi.\accum_bank[145]' using process `\x1_y2_kimi.$proc$rtl/x1_y2_kimi.v:64$28'.
  created $adff cell `$procdff$6274' with positive edge clock and negative level reset.
Creating register for signal `\x1_y2_kimi.\accum_bank[146]' using process `\x1_y2_kimi.$proc$rtl/x1_y2_kimi.v:64$28'.
  created $adff cell `$procdff$6275' with positive edge clock and negative level reset.
Creating register for signal `\x1_y2_kimi.\accum_bank[147]' using process `\x1_y2_kimi.$proc$rtl/x1_y2_kimi.v:64$28'.
  created $adff cell `$procdff$6276' with positive edge clock and negative level reset.
Creating register for signal `\x1_y2_kimi.\accum_bank[148]' using process `\x1_y2_kimi.$proc$rtl/x1_y2_kimi.v:64$28'.
  created $adff cell `$procdff$6277' with positive edge clock and negative level reset.
Creating register for signal `\x1_y2_kimi.\accum_bank[149]' using process `\x1_y2_kimi.$proc$rtl/x1_y2_kimi.v:64$28'.
  created $adff cell `$procdff$6278' with positive edge clock and negative level reset.
Creating register for signal `\x1_y2_kimi.\accum_bank[150]' using process `\x1_y2_kimi.$proc$rtl/x1_y2_kimi.v:64$28'.
  created $adff cell `$procdff$6279' with positive edge clock and negative level reset.
Creating register for signal `\x1_y2_kimi.\accum_bank[151]' using process `\x1_y2_kimi.$proc$rtl/x1_y2_kimi.v:64$28'.
  created $adff cell `$procdff$6280' with positive edge clock and negative level reset.
Creating register for signal `\x1_y2_kimi.\accum_bank[152]' using process `\x1_y2_kimi.$proc$rtl/x1_y2_kimi.v:64$28'.
  created $adff cell `$procdff$6281' with positive edge clock and negative level reset.
Creating register for signal `\x1_y2_kimi.\accum_bank[153]' using process `\x1_y2_kimi.$proc$rtl/x1_y2_kimi.v:64$28'.
  created $adff cell `$procdff$6282' with positive edge clock and negative level reset.
Creating register for signal `\x1_y2_kimi.\accum_bank[154]' using process `\x1_y2_kimi.$proc$rtl/x1_y2_kimi.v:64$28'.
  created $adff cell `$procdff$6283' with positive edge clock and negative level reset.
Creating register for signal `\x1_y2_kimi.\accum_bank[155]' using process `\x1_y2_kimi.$proc$rtl/x1_y2_kimi.v:64$28'.
  created $adff cell `$procdff$6284' with positive edge clock and negative level reset.
Creating register for signal `\x1_y2_kimi.\accum_bank[156]' using process `\x1_y2_kimi.$proc$rtl/x1_y2_kimi.v:64$28'.
  created $adff cell `$procdff$6285' with positive edge clock and negative level reset.
Creating register for signal `\x1_y2_kimi.\accum_bank[157]' using process `\x1_y2_kimi.$proc$rtl/x1_y2_kimi.v:64$28'.
  created $adff cell `$procdff$6286' with positive edge clock and negative level reset.
Creating register for signal `\x1_y2_kimi.\accum_bank[158]' using process `\x1_y2_kimi.$proc$rtl/x1_y2_kimi.v:64$28'.
  created $adff cell `$procdff$6287' with positive edge clock and negative level reset.
Creating register for signal `\x1_y2_kimi.\accum_bank[159]' using process `\x1_y2_kimi.$proc$rtl/x1_y2_kimi.v:64$28'.
  created $adff cell `$procdff$6288' with positive edge clock and negative level reset.
Creating register for signal `\x1_y2_kimi.\accum_bank[160]' using process `\x1_y2_kimi.$proc$rtl/x1_y2_kimi.v:64$28'.
  created $adff cell `$procdff$6289' with positive edge clock and negative level reset.
Creating register for signal `\x1_y2_kimi.\accum_bank[161]' using process `\x1_y2_kimi.$proc$rtl/x1_y2_kimi.v:64$28'.
  created $adff cell `$procdff$6290' with positive edge clock and negative level reset.
Creating register for signal `\x1_y2_kimi.\accum_bank[162]' using process `\x1_y2_kimi.$proc$rtl/x1_y2_kimi.v:64$28'.
  created $adff cell `$procdff$6291' with positive edge clock and negative level reset.
Creating register for signal `\x1_y2_kimi.\accum_bank[163]' using process `\x1_y2_kimi.$proc$rtl/x1_y2_kimi.v:64$28'.
  created $adff cell `$procdff$6292' with positive edge clock and negative level reset.
Creating register for signal `\x1_y2_kimi.\accum_bank[164]' using process `\x1_y2_kimi.$proc$rtl/x1_y2_kimi.v:64$28'.
  created $adff cell `$procdff$6293' with positive edge clock and negative level reset.
Creating register for signal `\x1_y2_kimi.\accum_bank[165]' using process `\x1_y2_kimi.$proc$rtl/x1_y2_kimi.v:64$28'.
  created $adff cell `$procdff$6294' with positive edge clock and negative level reset.
Creating register for signal `\x1_y2_kimi.\accum_bank[166]' using process `\x1_y2_kimi.$proc$rtl/x1_y2_kimi.v:64$28'.
  created $adff cell `$procdff$6295' with positive edge clock and negative level reset.
Creating register for signal `\x1_y2_kimi.\accum_bank[167]' using process `\x1_y2_kimi.$proc$rtl/x1_y2_kimi.v:64$28'.
  created $adff cell `$procdff$6296' with positive edge clock and negative level reset.
Creating register for signal `\x1_y2_kimi.\accum_bank[168]' using process `\x1_y2_kimi.$proc$rtl/x1_y2_kimi.v:64$28'.
  created $adff cell `$procdff$6297' with positive edge clock and negative level reset.
Creating register for signal `\x1_y2_kimi.\accum_bank[169]' using process `\x1_y2_kimi.$proc$rtl/x1_y2_kimi.v:64$28'.
  created $adff cell `$procdff$6298' with positive edge clock and negative level reset.
Creating register for signal `\x1_y2_kimi.\accum_bank[170]' using process `\x1_y2_kimi.$proc$rtl/x1_y2_kimi.v:64$28'.
  created $adff cell `$procdff$6299' with positive edge clock and negative level reset.
Creating register for signal `\x1_y2_kimi.\accum_bank[171]' using process `\x1_y2_kimi.$proc$rtl/x1_y2_kimi.v:64$28'.
  created $adff cell `$procdff$6300' with positive edge clock and negative level reset.
Creating register for signal `\x1_y2_kimi.\accum_bank[172]' using process `\x1_y2_kimi.$proc$rtl/x1_y2_kimi.v:64$28'.
  created $adff cell `$procdff$6301' with positive edge clock and negative level reset.
Creating register for signal `\x1_y2_kimi.\accum_bank[173]' using process `\x1_y2_kimi.$proc$rtl/x1_y2_kimi.v:64$28'.
  created $adff cell `$procdff$6302' with positive edge clock and negative level reset.
Creating register for signal `\x1_y2_kimi.\accum_bank[174]' using process `\x1_y2_kimi.$proc$rtl/x1_y2_kimi.v:64$28'.
  created $adff cell `$procdff$6303' with positive edge clock and negative level reset.
Creating register for signal `\x1_y2_kimi.\accum_bank[175]' using process `\x1_y2_kimi.$proc$rtl/x1_y2_kimi.v:64$28'.
  created $adff cell `$procdff$6304' with positive edge clock and negative level reset.
Creating register for signal `\x1_y2_kimi.\accum_bank[176]' using process `\x1_y2_kimi.$proc$rtl/x1_y2_kimi.v:64$28'.
  created $adff cell `$procdff$6305' with positive edge clock and negative level reset.
Creating register for signal `\x1_y2_kimi.\accum_bank[177]' using process `\x1_y2_kimi.$proc$rtl/x1_y2_kimi.v:64$28'.
  created $adff cell `$procdff$6306' with positive edge clock and negative level reset.
Creating register for signal `\x1_y2_kimi.\accum_bank[178]' using process `\x1_y2_kimi.$proc$rtl/x1_y2_kimi.v:64$28'.
  created $adff cell `$procdff$6307' with positive edge clock and negative level reset.
Creating register for signal `\x1_y2_kimi.\accum_bank[179]' using process `\x1_y2_kimi.$proc$rtl/x1_y2_kimi.v:64$28'.
  created $adff cell `$procdff$6308' with positive edge clock and negative level reset.
Creating register for signal `\x1_y2_kimi.\accum_bank[180]' using process `\x1_y2_kimi.$proc$rtl/x1_y2_kimi.v:64$28'.
  created $adff cell `$procdff$6309' with positive edge clock and negative level reset.
Creating register for signal `\x1_y2_kimi.\accum_bank[181]' using process `\x1_y2_kimi.$proc$rtl/x1_y2_kimi.v:64$28'.
  created $adff cell `$procdff$6310' with positive edge clock and negative level reset.
Creating register for signal `\x1_y2_kimi.\accum_bank[182]' using process `\x1_y2_kimi.$proc$rtl/x1_y2_kimi.v:64$28'.
  created $adff cell `$procdff$6311' with positive edge clock and negative level reset.
Creating register for signal `\x1_y2_kimi.\accum_bank[183]' using process `\x1_y2_kimi.$proc$rtl/x1_y2_kimi.v:64$28'.
  created $adff cell `$procdff$6312' with positive edge clock and negative level reset.
Creating register for signal `\x1_y2_kimi.\accum_bank[184]' using process `\x1_y2_kimi.$proc$rtl/x1_y2_kimi.v:64$28'.
  created $adff cell `$procdff$6313' with positive edge clock and negative level reset.
Creating register for signal `\x1_y2_kimi.\accum_bank[185]' using process `\x1_y2_kimi.$proc$rtl/x1_y2_kimi.v:64$28'.
  created $adff cell `$procdff$6314' with positive edge clock and negative level reset.
Creating register for signal `\x1_y2_kimi.\accum_bank[186]' using process `\x1_y2_kimi.$proc$rtl/x1_y2_kimi.v:64$28'.
  created $adff cell `$procdff$6315' with positive edge clock and negative level reset.
Creating register for signal `\x1_y2_kimi.\accum_bank[187]' using process `\x1_y2_kimi.$proc$rtl/x1_y2_kimi.v:64$28'.
  created $adff cell `$procdff$6316' with positive edge clock and negative level reset.
Creating register for signal `\x1_y2_kimi.\accum_bank[188]' using process `\x1_y2_kimi.$proc$rtl/x1_y2_kimi.v:64$28'.
  created $adff cell `$procdff$6317' with positive edge clock and negative level reset.
Creating register for signal `\x1_y2_kimi.\accum_bank[189]' using process `\x1_y2_kimi.$proc$rtl/x1_y2_kimi.v:64$28'.
  created $adff cell `$procdff$6318' with positive edge clock and negative level reset.
Creating register for signal `\x1_y2_kimi.\accum_bank[190]' using process `\x1_y2_kimi.$proc$rtl/x1_y2_kimi.v:64$28'.
  created $adff cell `$procdff$6319' with positive edge clock and negative level reset.
Creating register for signal `\x1_y2_kimi.\accum_bank[191]' using process `\x1_y2_kimi.$proc$rtl/x1_y2_kimi.v:64$28'.
  created $adff cell `$procdff$6320' with positive edge clock and negative level reset.
Creating register for signal `\x1_y2_kimi.\accum_bank[192]' using process `\x1_y2_kimi.$proc$rtl/x1_y2_kimi.v:64$28'.
  created $adff cell `$procdff$6321' with positive edge clock and negative level reset.
Creating register for signal `\x1_y2_kimi.\accum_bank[193]' using process `\x1_y2_kimi.$proc$rtl/x1_y2_kimi.v:64$28'.
  created $adff cell `$procdff$6322' with positive edge clock and negative level reset.
Creating register for signal `\x1_y2_kimi.\accum_bank[194]' using process `\x1_y2_kimi.$proc$rtl/x1_y2_kimi.v:64$28'.
  created $adff cell `$procdff$6323' with positive edge clock and negative level reset.
Creating register for signal `\x1_y2_kimi.\accum_bank[195]' using process `\x1_y2_kimi.$proc$rtl/x1_y2_kimi.v:64$28'.
  created $adff cell `$procdff$6324' with positive edge clock and negative level reset.
Creating register for signal `\x1_y2_kimi.\accum_bank[196]' using process `\x1_y2_kimi.$proc$rtl/x1_y2_kimi.v:64$28'.
  created $adff cell `$procdff$6325' with positive edge clock and negative level reset.
Creating register for signal `\x1_y2_kimi.\accum_bank[197]' using process `\x1_y2_kimi.$proc$rtl/x1_y2_kimi.v:64$28'.
  created $adff cell `$procdff$6326' with positive edge clock and negative level reset.
Creating register for signal `\x1_y2_kimi.\accum_bank[198]' using process `\x1_y2_kimi.$proc$rtl/x1_y2_kimi.v:64$28'.
  created $adff cell `$procdff$6327' with positive edge clock and negative level reset.
Creating register for signal `\x1_y2_kimi.\accum_bank[199]' using process `\x1_y2_kimi.$proc$rtl/x1_y2_kimi.v:64$28'.
  created $adff cell `$procdff$6328' with positive edge clock and negative level reset.
Creating register for signal `\x1_y2_kimi.\accum_bank[200]' using process `\x1_y2_kimi.$proc$rtl/x1_y2_kimi.v:64$28'.
  created $adff cell `$procdff$6329' with positive edge clock and negative level reset.
Creating register for signal `\x1_y2_kimi.\accum_bank[201]' using process `\x1_y2_kimi.$proc$rtl/x1_y2_kimi.v:64$28'.
  created $adff cell `$procdff$6330' with positive edge clock and negative level reset.
Creating register for signal `\x1_y2_kimi.\accum_bank[202]' using process `\x1_y2_kimi.$proc$rtl/x1_y2_kimi.v:64$28'.
  created $adff cell `$procdff$6331' with positive edge clock and negative level reset.
Creating register for signal `\x1_y2_kimi.\accum_bank[203]' using process `\x1_y2_kimi.$proc$rtl/x1_y2_kimi.v:64$28'.
  created $adff cell `$procdff$6332' with positive edge clock and negative level reset.
Creating register for signal `\x1_y2_kimi.\accum_bank[204]' using process `\x1_y2_kimi.$proc$rtl/x1_y2_kimi.v:64$28'.
  created $adff cell `$procdff$6333' with positive edge clock and negative level reset.
Creating register for signal `\x1_y2_kimi.\accum_bank[205]' using process `\x1_y2_kimi.$proc$rtl/x1_y2_kimi.v:64$28'.
  created $adff cell `$procdff$6334' with positive edge clock and negative level reset.
Creating register for signal `\x1_y2_kimi.\accum_bank[206]' using process `\x1_y2_kimi.$proc$rtl/x1_y2_kimi.v:64$28'.
  created $adff cell `$procdff$6335' with positive edge clock and negative level reset.
Creating register for signal `\x1_y2_kimi.\accum_bank[207]' using process `\x1_y2_kimi.$proc$rtl/x1_y2_kimi.v:64$28'.
  created $adff cell `$procdff$6336' with positive edge clock and negative level reset.
Creating register for signal `\x1_y2_kimi.\accum_bank[208]' using process `\x1_y2_kimi.$proc$rtl/x1_y2_kimi.v:64$28'.
  created $adff cell `$procdff$6337' with positive edge clock and negative level reset.
Creating register for signal `\x1_y2_kimi.\accum_bank[209]' using process `\x1_y2_kimi.$proc$rtl/x1_y2_kimi.v:64$28'.
  created $adff cell `$procdff$6338' with positive edge clock and negative level reset.
Creating register for signal `\x1_y2_kimi.\accum_bank[210]' using process `\x1_y2_kimi.$proc$rtl/x1_y2_kimi.v:64$28'.
  created $adff cell `$procdff$6339' with positive edge clock and negative level reset.
Creating register for signal `\x1_y2_kimi.\accum_bank[211]' using process `\x1_y2_kimi.$proc$rtl/x1_y2_kimi.v:64$28'.
  created $adff cell `$procdff$6340' with positive edge clock and negative level reset.
Creating register for signal `\x1_y2_kimi.\accum_bank[212]' using process `\x1_y2_kimi.$proc$rtl/x1_y2_kimi.v:64$28'.
  created $adff cell `$procdff$6341' with positive edge clock and negative level reset.
Creating register for signal `\x1_y2_kimi.\accum_bank[213]' using process `\x1_y2_kimi.$proc$rtl/x1_y2_kimi.v:64$28'.
  created $adff cell `$procdff$6342' with positive edge clock and negative level reset.
Creating register for signal `\x1_y2_kimi.\accum_bank[214]' using process `\x1_y2_kimi.$proc$rtl/x1_y2_kimi.v:64$28'.
  created $adff cell `$procdff$6343' with positive edge clock and negative level reset.
Creating register for signal `\x1_y2_kimi.\accum_bank[215]' using process `\x1_y2_kimi.$proc$rtl/x1_y2_kimi.v:64$28'.
  created $adff cell `$procdff$6344' with positive edge clock and negative level reset.
Creating register for signal `\x1_y2_kimi.\accum_bank[216]' using process `\x1_y2_kimi.$proc$rtl/x1_y2_kimi.v:64$28'.
  created $adff cell `$procdff$6345' with positive edge clock and negative level reset.
Creating register for signal `\x1_y2_kimi.\accum_bank[217]' using process `\x1_y2_kimi.$proc$rtl/x1_y2_kimi.v:64$28'.
  created $adff cell `$procdff$6346' with positive edge clock and negative level reset.
Creating register for signal `\x1_y2_kimi.\accum_bank[218]' using process `\x1_y2_kimi.$proc$rtl/x1_y2_kimi.v:64$28'.
  created $adff cell `$procdff$6347' with positive edge clock and negative level reset.
Creating register for signal `\x1_y2_kimi.\accum_bank[219]' using process `\x1_y2_kimi.$proc$rtl/x1_y2_kimi.v:64$28'.
  created $adff cell `$procdff$6348' with positive edge clock and negative level reset.
Creating register for signal `\x1_y2_kimi.\accum_bank[220]' using process `\x1_y2_kimi.$proc$rtl/x1_y2_kimi.v:64$28'.
  created $adff cell `$procdff$6349' with positive edge clock and negative level reset.
Creating register for signal `\x1_y2_kimi.\accum_bank[221]' using process `\x1_y2_kimi.$proc$rtl/x1_y2_kimi.v:64$28'.
  created $adff cell `$procdff$6350' with positive edge clock and negative level reset.
Creating register for signal `\x1_y2_kimi.\accum_bank[222]' using process `\x1_y2_kimi.$proc$rtl/x1_y2_kimi.v:64$28'.
  created $adff cell `$procdff$6351' with positive edge clock and negative level reset.
Creating register for signal `\x1_y2_kimi.\accum_bank[223]' using process `\x1_y2_kimi.$proc$rtl/x1_y2_kimi.v:64$28'.
  created $adff cell `$procdff$6352' with positive edge clock and negative level reset.
Creating register for signal `\x1_y2_kimi.\accum_bank[224]' using process `\x1_y2_kimi.$proc$rtl/x1_y2_kimi.v:64$28'.
  created $adff cell `$procdff$6353' with positive edge clock and negative level reset.
Creating register for signal `\x1_y2_kimi.\accum_bank[225]' using process `\x1_y2_kimi.$proc$rtl/x1_y2_kimi.v:64$28'.
  created $adff cell `$procdff$6354' with positive edge clock and negative level reset.
Creating register for signal `\x1_y2_kimi.\accum_bank[226]' using process `\x1_y2_kimi.$proc$rtl/x1_y2_kimi.v:64$28'.
  created $adff cell `$procdff$6355' with positive edge clock and negative level reset.
Creating register for signal `\x1_y2_kimi.\accum_bank[227]' using process `\x1_y2_kimi.$proc$rtl/x1_y2_kimi.v:64$28'.
  created $adff cell `$procdff$6356' with positive edge clock and negative level reset.
Creating register for signal `\x1_y2_kimi.\accum_bank[228]' using process `\x1_y2_kimi.$proc$rtl/x1_y2_kimi.v:64$28'.
  created $adff cell `$procdff$6357' with positive edge clock and negative level reset.
Creating register for signal `\x1_y2_kimi.\accum_bank[229]' using process `\x1_y2_kimi.$proc$rtl/x1_y2_kimi.v:64$28'.
  created $adff cell `$procdff$6358' with positive edge clock and negative level reset.
Creating register for signal `\x1_y2_kimi.\accum_bank[230]' using process `\x1_y2_kimi.$proc$rtl/x1_y2_kimi.v:64$28'.
  created $adff cell `$procdff$6359' with positive edge clock and negative level reset.
Creating register for signal `\x1_y2_kimi.\accum_bank[231]' using process `\x1_y2_kimi.$proc$rtl/x1_y2_kimi.v:64$28'.
  created $adff cell `$procdff$6360' with positive edge clock and negative level reset.
Creating register for signal `\x1_y2_kimi.\accum_bank[232]' using process `\x1_y2_kimi.$proc$rtl/x1_y2_kimi.v:64$28'.
  created $adff cell `$procdff$6361' with positive edge clock and negative level reset.
Creating register for signal `\x1_y2_kimi.\accum_bank[233]' using process `\x1_y2_kimi.$proc$rtl/x1_y2_kimi.v:64$28'.
  created $adff cell `$procdff$6362' with positive edge clock and negative level reset.
Creating register for signal `\x1_y2_kimi.\accum_bank[234]' using process `\x1_y2_kimi.$proc$rtl/x1_y2_kimi.v:64$28'.
  created $adff cell `$procdff$6363' with positive edge clock and negative level reset.
Creating register for signal `\x1_y2_kimi.\accum_bank[235]' using process `\x1_y2_kimi.$proc$rtl/x1_y2_kimi.v:64$28'.
  created $adff cell `$procdff$6364' with positive edge clock and negative level reset.
Creating register for signal `\x1_y2_kimi.\accum_bank[236]' using process `\x1_y2_kimi.$proc$rtl/x1_y2_kimi.v:64$28'.
  created $adff cell `$procdff$6365' with positive edge clock and negative level reset.
Creating register for signal `\x1_y2_kimi.\accum_bank[237]' using process `\x1_y2_kimi.$proc$rtl/x1_y2_kimi.v:64$28'.
  created $adff cell `$procdff$6366' with positive edge clock and negative level reset.
Creating register for signal `\x1_y2_kimi.\accum_bank[238]' using process `\x1_y2_kimi.$proc$rtl/x1_y2_kimi.v:64$28'.
  created $adff cell `$procdff$6367' with positive edge clock and negative level reset.
Creating register for signal `\x1_y2_kimi.\accum_bank[239]' using process `\x1_y2_kimi.$proc$rtl/x1_y2_kimi.v:64$28'.
  created $adff cell `$procdff$6368' with positive edge clock and negative level reset.
Creating register for signal `\x1_y2_kimi.\accum_bank[240]' using process `\x1_y2_kimi.$proc$rtl/x1_y2_kimi.v:64$28'.
  created $adff cell `$procdff$6369' with positive edge clock and negative level reset.
Creating register for signal `\x1_y2_kimi.\accum_bank[241]' using process `\x1_y2_kimi.$proc$rtl/x1_y2_kimi.v:64$28'.
  created $adff cell `$procdff$6370' with positive edge clock and negative level reset.
Creating register for signal `\x1_y2_kimi.\accum_bank[242]' using process `\x1_y2_kimi.$proc$rtl/x1_y2_kimi.v:64$28'.
  created $adff cell `$procdff$6371' with positive edge clock and negative level reset.
Creating register for signal `\x1_y2_kimi.\accum_bank[243]' using process `\x1_y2_kimi.$proc$rtl/x1_y2_kimi.v:64$28'.
  created $adff cell `$procdff$6372' with positive edge clock and negative level reset.
Creating register for signal `\x1_y2_kimi.\accum_bank[244]' using process `\x1_y2_kimi.$proc$rtl/x1_y2_kimi.v:64$28'.
  created $adff cell `$procdff$6373' with positive edge clock and negative level reset.
Creating register for signal `\x1_y2_kimi.\accum_bank[245]' using process `\x1_y2_kimi.$proc$rtl/x1_y2_kimi.v:64$28'.
  created $adff cell `$procdff$6374' with positive edge clock and negative level reset.
Creating register for signal `\x1_y2_kimi.\accum_bank[246]' using process `\x1_y2_kimi.$proc$rtl/x1_y2_kimi.v:64$28'.
  created $adff cell `$procdff$6375' with positive edge clock and negative level reset.
Creating register for signal `\x1_y2_kimi.\accum_bank[247]' using process `\x1_y2_kimi.$proc$rtl/x1_y2_kimi.v:64$28'.
  created $adff cell `$procdff$6376' with positive edge clock and negative level reset.
Creating register for signal `\x1_y2_kimi.\accum_bank[248]' using process `\x1_y2_kimi.$proc$rtl/x1_y2_kimi.v:64$28'.
  created $adff cell `$procdff$6377' with positive edge clock and negative level reset.
Creating register for signal `\x1_y2_kimi.\accum_bank[249]' using process `\x1_y2_kimi.$proc$rtl/x1_y2_kimi.v:64$28'.
  created $adff cell `$procdff$6378' with positive edge clock and negative level reset.
Creating register for signal `\x1_y2_kimi.\accum_bank[250]' using process `\x1_y2_kimi.$proc$rtl/x1_y2_kimi.v:64$28'.
  created $adff cell `$procdff$6379' with positive edge clock and negative level reset.
Creating register for signal `\x1_y2_kimi.\accum_bank[251]' using process `\x1_y2_kimi.$proc$rtl/x1_y2_kimi.v:64$28'.
  created $adff cell `$procdff$6380' with positive edge clock and negative level reset.
Creating register for signal `\x1_y2_kimi.\accum_bank[252]' using process `\x1_y2_kimi.$proc$rtl/x1_y2_kimi.v:64$28'.
  created $adff cell `$procdff$6381' with positive edge clock and negative level reset.
Creating register for signal `\x1_y2_kimi.\accum_bank[253]' using process `\x1_y2_kimi.$proc$rtl/x1_y2_kimi.v:64$28'.
  created $adff cell `$procdff$6382' with positive edge clock and negative level reset.
Creating register for signal `\x1_y2_kimi.\accum_bank[254]' using process `\x1_y2_kimi.$proc$rtl/x1_y2_kimi.v:64$28'.
  created $adff cell `$procdff$6383' with positive edge clock and negative level reset.
Creating register for signal `\x1_y2_kimi.\accum_bank[255]' using process `\x1_y2_kimi.$proc$rtl/x1_y2_kimi.v:64$28'.
  created $adff cell `$procdff$6384' with positive edge clock and negative level reset.

3.2.10. Executing PROC_MEMWR pass (convert process memory writes to cells).

3.2.11. Executing PROC_CLEAN pass (remove empty switches from decision trees).
Found and cleaned up 10 empty switches in `\x1_y2_kimi.$proc$rtl/x1_y2_kimi.v:64$28'.
Removing empty process `x1_y2_kimi.$proc$rtl/x1_y2_kimi.v:64$28'.
Found and cleaned up 1 empty switch in `\x1_y2_kimi.$proc$rtl/x1_y2_kimi.v:53$24'.
Removing empty process `x1_y2_kimi.$proc$rtl/x1_y2_kimi.v:53$24'.
Cleaned up 11 empty switches.

3.2.12. Executing OPT_EXPR pass (perform const folding).
Optimizing module x1_y2_kimi.
<suppressed ~299 debug messages>

3.3. Executing OPT_EXPR pass (perform const folding).
Optimizing module x1_y2_kimi.

3.4. Executing OPT_CLEAN pass (remove unused cells and wires).
Finding unused cells or wires in module \x1_y2_kimi..
Removed 51 unused cells and 899 unused wires.
<suppressed ~59 debug messages>

3.5. Executing CHECK pass (checking for obvious problems).
Checking module x1_y2_kimi...
Found and reported 0 problems.

3.6. Executing OPT pass (performing simple optimizations).

3.6.1. Executing OPT_EXPR pass (perform const folding).
Optimizing module x1_y2_kimi.

3.6.2. Executing OPT_MERGE pass (detect identical cells).
Finding identical cells in module `\x1_y2_kimi'.
<suppressed ~3663 debug messages>
Removed a total of 1221 cells.

3.6.3. Executing OPT_MUXTREE pass (detect dead branches in mux trees).
Running muxtree optimizer on module \x1_y2_kimi..
  Creating internal representation of mux trees.
  Evaluating internal representation of mux trees.
  Analyzing evaluation results.
Removed 0 multiplexer ports.
<suppressed ~268 debug messages>

3.6.4. Executing OPT_REDUCE pass (consolidate $*mux and $reduce_* inputs).
  Optimizing cells in module \x1_y2_kimi.
    New ctrl vector for $pmux cell $procmux$1013: $auto$opt_reduce.cc:134:opt_pmux$6386
    New ctrl vector for $pmux cell $procmux$1041: $auto$opt_reduce.cc:134:opt_pmux$6388
    New ctrl vector for $pmux cell $procmux$1069: $auto$opt_reduce.cc:134:opt_pmux$6390
    New ctrl vector for $pmux cell $procmux$677: $auto$opt_reduce.cc:134:opt_pmux$6392
    New ctrl vector for $pmux cell $procmux$705: $auto$opt_reduce.cc:134:opt_pmux$6394
    New ctrl vector for $pmux cell $procmux$733: $auto$opt_reduce.cc:134:opt_pmux$6396
    New ctrl vector for $pmux cell $procmux$761: $auto$opt_reduce.cc:134:opt_pmux$6398
    New ctrl vector for $pmux cell $procmux$789: $auto$opt_reduce.cc:134:opt_pmux$6400
    New ctrl vector for $pmux cell $procmux$817: $auto$opt_reduce.cc:134:opt_pmux$6402
    New ctrl vector for $pmux cell $procmux$845: $auto$opt_reduce.cc:134:opt_pmux$6404
    New ctrl vector for $pmux cell $procmux$873: $auto$opt_reduce.cc:134:opt_pmux$6406
    New ctrl vector for $pmux cell $procmux$901: $auto$opt_reduce.cc:134:opt_pmux$6408
    New ctrl vector for $pmux cell $procmux$929: $auto$opt_reduce.cc:134:opt_pmux$6410
    New ctrl vector for $pmux cell $procmux$957: $auto$opt_reduce.cc:134:opt_pmux$6412
    New ctrl vector for $pmux cell $procmux$985: $auto$opt_reduce.cc:134:opt_pmux$6414
  Optimizing cells in module \x1_y2_kimi.
Performed a total of 15 changes.

3.6.5. Executing OPT_MERGE pass (detect identical cells).
Finding identical cells in module `\x1_y2_kimi'.
<suppressed ~45 debug messages>
Removed a total of 15 cells.

3.6.6. Executing OPT_DFF pass (perform DFF optimizations).

3.6.7. Executing OPT_CLEAN pass (remove unused cells and wires).
Finding unused cells or wires in module \x1_y2_kimi..
Removed 0 unused cells and 1235 unused wires.
<suppressed ~1 debug messages>

3.6.8. Executing OPT_EXPR pass (perform const folding).
Optimizing module x1_y2_kimi.
<suppressed ~1 debug messages>

3.6.9. Rerunning OPT passes. (Maybe there is more to do..)

3.6.10. Executing OPT_MUXTREE pass (detect dead branches in mux trees).
Running muxtree optimizer on module \x1_y2_kimi..
  Creating internal representation of mux trees.
  Evaluating internal representation of mux trees.
  Analyzing evaluation results.
Removed 0 multiplexer ports.
<suppressed ~267 debug messages>

3.6.11. Executing OPT_REDUCE pass (consolidate $*mux and $reduce_* inputs).
  Optimizing cells in module \x1_y2_kimi.
Performed a total of 0 changes.

3.6.12. Executing OPT_MERGE pass (detect identical cells).
Finding identical cells in module `\x1_y2_kimi'.
Removed a total of 0 cells.

3.6.13. Executing OPT_DFF pass (perform DFF optimizations).

3.6.14. Executing OPT_CLEAN pass (remove unused cells and wires).
Finding unused cells or wires in module \x1_y2_kimi..
Removed 0 unused cells and 1 unused wires.
<suppressed ~1 debug messages>

3.6.15. Executing OPT_EXPR pass (perform const folding).
Optimizing module x1_y2_kimi.

3.6.16. Rerunning OPT passes. (Maybe there is more to do..)

3.6.17. Executing OPT_MUXTREE pass (detect dead branches in mux trees).
Running muxtree optimizer on module \x1_y2_kimi..
  Creating internal representation of mux trees.
  Evaluating internal representation of mux trees.
  Analyzing evaluation results.
Removed 0 multiplexer ports.
<suppressed ~267 debug messages>

3.6.18. Executing OPT_REDUCE pass (consolidate $*mux and $reduce_* inputs).
  Optimizing cells in module \x1_y2_kimi.
Performed a total of 0 changes.

3.6.19. Executing OPT_MERGE pass (detect identical cells).
Finding identical cells in module `\x1_y2_kimi'.
Removed a total of 0 cells.

3.6.20. Executing OPT_DFF pass (perform DFF optimizations).

3.6.21. Executing OPT_CLEAN pass (remove unused cells and wires).
Finding unused cells or wires in module \x1_y2_kimi..

3.6.22. Executing OPT_EXPR pass (perform const folding).
Optimizing module x1_y2_kimi.

3.6.23. Finished OPT passes. (There is nothing left to do.)

3.7. Executing FSM pass (extract and optimize FSM).

3.7.1. Executing FSM_DETECT pass (finding FSMs in design).
Not marking x1_y2_kimi.state as FSM state register:
    Users of register don't seem to benefit from recoding.
    Circuit seems to be self-resetting.

3.7.2. Executing FSM_EXTRACT pass (extracting FSM from design).

3.7.3. Executing FSM_OPT pass (simple optimizations of FSMs).

3.7.4. Executing OPT_CLEAN pass (remove unused cells and wires).
Finding unused cells or wires in module \x1_y2_kimi..

3.7.5. Executing FSM_OPT pass (simple optimizations of FSMs).

3.7.6. Executing FSM_RECODE pass (re-assigning FSM state encoding).

3.7.7. Executing FSM_INFO pass (dumping all available information on FSM cells).

3.7.8. Executing FSM_MAP pass (mapping FSMs to basic logic).

3.8. Executing OPT pass (performing simple optimizations).

3.8.1. Executing OPT_EXPR pass (perform const folding).
Optimizing module x1_y2_kimi.

3.8.2. Executing OPT_MERGE pass (detect identical cells).
Finding identical cells in module `\x1_y2_kimi'.
Removed a total of 0 cells.

3.8.3. Executing OPT_MUXTREE pass (detect dead branches in mux trees).
Running muxtree optimizer on module \x1_y2_kimi..
  Creating internal representation of mux trees.
  Evaluating internal representation of mux trees.
  Analyzing evaluation results.
Removed 0 multiplexer ports.
<suppressed ~267 debug messages>

3.8.4. Executing OPT_REDUCE pass (consolidate $*mux and $reduce_* inputs).
  Optimizing cells in module \x1_y2_kimi.
Performed a total of 0 changes.

3.8.5. Executing OPT_MERGE pass (detect identical cells).
Finding identical cells in module `\x1_y2_kimi'.
Removed a total of 0 cells.

3.8.6. Executing OPT_DFF pass (perform DFF optimizations).
Adding EN signal on $procdff$6384 ($adff) from module x1_y2_kimi (D = $0\accum_bank[255][23:0], Q = \accum_bank[255]).
Adding EN signal on $procdff$6383 ($adff) from module x1_y2_kimi (D = $0\accum_bank[254][23:0], Q = \accum_bank[254]).
Adding EN signal on $procdff$6382 ($adff) from module x1_y2_kimi (D = $0\accum_bank[253][23:0], Q = \accum_bank[253]).
Adding EN signal on $procdff$6381 ($adff) from module x1_y2_kimi (D = $0\accum_bank[252][23:0], Q = \accum_bank[252]).
Adding EN signal on $procdff$6380 ($adff) from module x1_y2_kimi (D = $0\accum_bank[251][23:0], Q = \accum_bank[251]).
Adding EN signal on $procdff$6379 ($adff) from module x1_y2_kimi (D = $0\accum_bank[250][23:0], Q = \accum_bank[250]).
Adding EN signal on $procdff$6378 ($adff) from module x1_y2_kimi (D = $0\accum_bank[249][23:0], Q = \accum_bank[249]).
Adding EN signal on $procdff$6377 ($adff) from module x1_y2_kimi (D = $0\accum_bank[248][23:0], Q = \accum_bank[248]).
Adding EN signal on $procdff$6376 ($adff) from module x1_y2_kimi (D = $0\accum_bank[247][23:0], Q = \accum_bank[247]).
Adding EN signal on $procdff$6375 ($adff) from module x1_y2_kimi (D = $0\accum_bank[246][23:0], Q = \accum_bank[246]).
Adding EN signal on $procdff$6374 ($adff) from module x1_y2_kimi (D = $0\accum_bank[245][23:0], Q = \accum_bank[245]).
Adding EN signal on $procdff$6373 ($adff) from module x1_y2_kimi (D = $0\accum_bank[244][23:0], Q = \accum_bank[244]).
Adding EN signal on $procdff$6372 ($adff) from module x1_y2_kimi (D = $0\accum_bank[243][23:0], Q = \accum_bank[243]).
Adding EN signal on $procdff$6371 ($adff) from module x1_y2_kimi (D = $0\accum_bank[242][23:0], Q = \accum_bank[242]).
Adding EN signal on $procdff$6370 ($adff) from module x1_y2_kimi (D = $0\accum_bank[241][23:0], Q = \accum_bank[241]).
Adding EN signal on $procdff$6369 ($adff) from module x1_y2_kimi (D = $0\accum_bank[240][23:0], Q = \accum_bank[240]).
Adding EN signal on $procdff$6368 ($adff) from module x1_y2_kimi (D = $0\accum_bank[239][23:0], Q = \accum_bank[239]).
Adding EN signal on $procdff$6367 ($adff) from module x1_y2_kimi (D = $0\accum_bank[238][23:0], Q = \accum_bank[238]).
Adding EN signal on $procdff$6366 ($adff) from module x1_y2_kimi (D = $0\accum_bank[237][23:0], Q = \accum_bank[237]).
Adding EN signal on $procdff$6365 ($adff) from module x1_y2_kimi (D = $0\accum_bank[236][23:0], Q = \accum_bank[236]).
Adding EN signal on $procdff$6364 ($adff) from module x1_y2_kimi (D = $0\accum_bank[235][23:0], Q = \accum_bank[235]).
Adding EN signal on $procdff$6363 ($adff) from module x1_y2_kimi (D = $0\accum_bank[234][23:0], Q = \accum_bank[234]).
Adding EN signal on $procdff$6362 ($adff) from module x1_y2_kimi (D = $0\accum_bank[233][23:0], Q = \accum_bank[233]).
Adding EN signal on $procdff$6361 ($adff) from module x1_y2_kimi (D = $0\accum_bank[232][23:0], Q = \accum_bank[232]).
Adding EN signal on $procdff$6360 ($adff) from module x1_y2_kimi (D = $0\accum_bank[231][23:0], Q = \accum_bank[231]).
Adding EN signal on $procdff$6359 ($adff) from module x1_y2_kimi (D = $0\accum_bank[230][23:0], Q = \accum_bank[230]).
Adding EN signal on $procdff$6358 ($adff) from module x1_y2_kimi (D = $0\accum_bank[229][23:0], Q = \accum_bank[229]).
Adding EN signal on $procdff$6357 ($adff) from module x1_y2_kimi (D = $0\accum_bank[228][23:0], Q = \accum_bank[228]).
Adding EN signal on $procdff$6356 ($adff) from module x1_y2_kimi (D = $0\accum_bank[227][23:0], Q = \accum_bank[227]).
Adding EN signal on $procdff$6355 ($adff) from module x1_y2_kimi (D = $0\accum_bank[226][23:0], Q = \accum_bank[226]).
Adding EN signal on $procdff$6354 ($adff) from module x1_y2_kimi (D = $0\accum_bank[225][23:0], Q = \accum_bank[225]).
Adding EN signal on $procdff$6353 ($adff) from module x1_y2_kimi (D = $0\accum_bank[224][23:0], Q = \accum_bank[224]).
Adding EN signal on $procdff$6352 ($adff) from module x1_y2_kimi (D = $0\accum_bank[223][23:0], Q = \accum_bank[223]).
Adding EN signal on $procdff$6351 ($adff) from module x1_y2_kimi (D = $0\accum_bank[222][23:0], Q = \accum_bank[222]).
Adding EN signal on $procdff$6350 ($adff) from module x1_y2_kimi (D = $0\accum_bank[221][23:0], Q = \accum_bank[221]).
Adding EN signal on $procdff$6349 ($adff) from module x1_y2_kimi (D = $0\accum_bank[220][23:0], Q = \accum_bank[220]).
Adding EN signal on $procdff$6348 ($adff) from module x1_y2_kimi (D = $0\accum_bank[219][23:0], Q = \accum_bank[219]).
Adding EN signal on $procdff$6347 ($adff) from module x1_y2_kimi (D = $0\accum_bank[218][23:0], Q = \accum_bank[218]).
Adding EN signal on $procdff$6346 ($adff) from module x1_y2_kimi (D = $0\accum_bank[217][23:0], Q = \accum_bank[217]).
Adding EN signal on $procdff$6345 ($adff) from module x1_y2_kimi (D = $0\accum_bank[216][23:0], Q = \accum_bank[216]).
Adding EN signal on $procdff$6344 ($adff) from module x1_y2_kimi (D = $0\accum_bank[215][23:0], Q = \accum_bank[215]).
Adding EN signal on $procdff$6343 ($adff) from module x1_y2_kimi (D = $0\accum_bank[214][23:0], Q = \accum_bank[214]).
Adding EN signal on $procdff$6342 ($adff) from module x1_y2_kimi (D = $0\accum_bank[213][23:0], Q = \accum_bank[213]).
Adding EN signal on $procdff$6341 ($adff) from module x1_y2_kimi (D = $0\accum_bank[212][23:0], Q = \accum_bank[212]).
Adding EN signal on $procdff$6340 ($adff) from module x1_y2_kimi (D = $0\accum_bank[211][23:0], Q = \accum_bank[211]).
Adding EN signal on $procdff$6339 ($adff) from module x1_y2_kimi (D = $0\accum_bank[210][23:0], Q = \accum_bank[210]).
Adding EN signal on $procdff$6338 ($adff) from module x1_y2_kimi (D = $0\accum_bank[209][23:0], Q = \accum_bank[209]).
Adding EN signal on $procdff$6337 ($adff) from module x1_y2_kimi (D = $0\accum_bank[208][23:0], Q = \accum_bank[208]).
Adding EN signal on $procdff$6336 ($adff) from module x1_y2_kimi (D = $0\accum_bank[207][23:0], Q = \accum_bank[207]).
Adding EN signal on $procdff$6335 ($adff) from module x1_y2_kimi (D = $0\accum_bank[206][23:0], Q = \accum_bank[206]).
Adding EN signal on $procdff$6334 ($adff) from module x1_y2_kimi (D = $0\accum_bank[205][23:0], Q = \accum_bank[205]).
Adding EN signal on $procdff$6333 ($adff) from module x1_y2_kimi (D = $0\accum_bank[204][23:0], Q = \accum_bank[204]).
Adding EN signal on $procdff$6332 ($adff) from module x1_y2_kimi (D = $0\accum_bank[203][23:0], Q = \accum_bank[203]).
Adding EN signal on $procdff$6331 ($adff) from module x1_y2_kimi (D = $0\accum_bank[202][23:0], Q = \accum_bank[202]).
Adding EN signal on $procdff$6330 ($adff) from module x1_y2_kimi (D = $0\accum_bank[201][23:0], Q = \accum_bank[201]).
Adding EN signal on $procdff$6329 ($adff) from module x1_y2_kimi (D = $0\accum_bank[200][23:0], Q = \accum_bank[200]).
Adding EN signal on $procdff$6328 ($adff) from module x1_y2_kimi (D = $0\accum_bank[199][23:0], Q = \accum_bank[199]).
Adding EN signal on $procdff$6327 ($adff) from module x1_y2_kimi (D = $0\accum_bank[198][23:0], Q = \accum_bank[198]).
Adding EN signal on $procdff$6326 ($adff) from module x1_y2_kimi (D = $0\accum_bank[197][23:0], Q = \accum_bank[197]).
Adding EN signal on $procdff$6325 ($adff) from module x1_y2_kimi (D = $0\accum_bank[196][23:0], Q = \accum_bank[196]).
Adding EN signal on $procdff$6324 ($adff) from module x1_y2_kimi (D = $0\accum_bank[195][23:0], Q = \accum_bank[195]).
Adding EN signal on $procdff$6323 ($adff) from module x1_y2_kimi (D = $0\accum_bank[194][23:0], Q = \accum_bank[194]).
Adding EN signal on $procdff$6322 ($adff) from module x1_y2_kimi (D = $0\accum_bank[193][23:0], Q = \accum_bank[193]).
Adding EN signal on $procdff$6321 ($adff) from module x1_y2_kimi (D = $0\accum_bank[192][23:0], Q = \accum_bank[192]).
Adding EN signal on $procdff$6320 ($adff) from module x1_y2_kimi (D = $0\accum_bank[191][23:0], Q = \accum_bank[191]).
Adding EN signal on $procdff$6319 ($adff) from module x1_y2_kimi (D = $0\accum_bank[190][23:0], Q = \accum_bank[190]).
Adding EN signal on $procdff$6318 ($adff) from module x1_y2_kimi (D = $0\accum_bank[189][23:0], Q = \accum_bank[189]).
Adding EN signal on $procdff$6317 ($adff) from module x1_y2_kimi (D = $0\accum_bank[188][23:0], Q = \accum_bank[188]).
Adding EN signal on $procdff$6316 ($adff) from module x1_y2_kimi (D = $0\accum_bank[187][23:0], Q = \accum_bank[187]).
Adding EN signal on $procdff$6315 ($adff) from module x1_y2_kimi (D = $0\accum_bank[186][23:0], Q = \accum_bank[186]).
Adding EN signal on $procdff$6314 ($adff) from module x1_y2_kimi (D = $0\accum_bank[185][23:0], Q = \accum_bank[185]).
Adding EN signal on $procdff$6313 ($adff) from module x1_y2_kimi (D = $0\accum_bank[184][23:0], Q = \accum_bank[184]).
Adding EN signal on $procdff$6312 ($adff) from module x1_y2_kimi (D = $0\accum_bank[183][23:0], Q = \accum_bank[183]).
Adding EN signal on $procdff$6311 ($adff) from module x1_y2_kimi (D = $0\accum_bank[182][23:0], Q = \accum_bank[182]).
Adding EN signal on $procdff$6310 ($adff) from module x1_y2_kimi (D = $0\accum_bank[181][23:0], Q = \accum_bank[181]).
Adding EN signal on $procdff$6309 ($adff) from module x1_y2_kimi (D = $0\accum_bank[180][23:0], Q = \accum_bank[180]).
Adding EN signal on $procdff$6308 ($adff) from module x1_y2_kimi (D = $0\accum_bank[179][23:0], Q = \accum_bank[179]).
Adding EN signal on $procdff$6307 ($adff) from module x1_y2_kimi (D = $0\accum_bank[178][23:0], Q = \accum_bank[178]).
Adding EN signal on $procdff$6306 ($adff) from module x1_y2_kimi (D = $0\accum_bank[177][23:0], Q = \accum_bank[177]).
Adding EN signal on $procdff$6305 ($adff) from module x1_y2_kimi (D = $0\accum_bank[176][23:0], Q = \accum_bank[176]).
Adding EN signal on $procdff$6304 ($adff) from module x1_y2_kimi (D = $0\accum_bank[175][23:0], Q = \accum_bank[175]).
Adding EN signal on $procdff$6303 ($adff) from module x1_y2_kimi (D = $0\accum_bank[174][23:0], Q = \accum_bank[174]).
Adding EN signal on $procdff$6302 ($adff) from module x1_y2_kimi (D = $0\accum_bank[173][23:0], Q = \accum_bank[173]).
Adding EN signal on $procdff$6301 ($adff) from module x1_y2_kimi (D = $0\accum_bank[172][23:0], Q = \accum_bank[172]).
Adding EN signal on $procdff$6300 ($adff) from module x1_y2_kimi (D = $0\accum_bank[171][23:0], Q = \accum_bank[171]).
Adding EN signal on $procdff$6299 ($adff) from module x1_y2_kimi (D = $0\accum_bank[170][23:0], Q = \accum_bank[170]).
Adding EN signal on $procdff$6298 ($adff) from module x1_y2_kimi (D = $0\accum_bank[169][23:0], Q = \accum_bank[169]).
Adding EN signal on $procdff$6297 ($adff) from module x1_y2_kimi (D = $0\accum_bank[168][23:0], Q = \accum_bank[168]).
Adding EN signal on $procdff$6296 ($adff) from module x1_y2_kimi (D = $0\accum_bank[167][23:0], Q = \accum_bank[167]).
Adding EN signal on $procdff$6295 ($adff) from module x1_y2_kimi (D = $0\accum_bank[166][23:0], Q = \accum_bank[166]).
Adding EN signal on $procdff$6294 ($adff) from module x1_y2_kimi (D = $0\accum_bank[165][23:0], Q = \accum_bank[165]).
Adding EN signal on $procdff$6293 ($adff) from module x1_y2_kimi (D = $0\accum_bank[164][23:0], Q = \accum_bank[164]).
Adding EN signal on $procdff$6292 ($adff) from module x1_y2_kimi (D = $0\accum_bank[163][23:0], Q = \accum_bank[163]).
Adding EN signal on $procdff$6291 ($adff) from module x1_y2_kimi (D = $0\accum_bank[162][23:0], Q = \accum_bank[162]).
Adding EN signal on $procdff$6290 ($adff) from module x1_y2_kimi (D = $0\accum_bank[161][23:0], Q = \accum_bank[161]).
Adding EN signal on $procdff$6289 ($adff) from module x1_y2_kimi (D = $0\accum_bank[160][23:0], Q = \accum_bank[160]).
Adding EN signal on $procdff$6288 ($adff) from module x1_y2_kimi (D = $0\accum_bank[159][23:0], Q = \accum_bank[159]).
Adding EN signal on $procdff$6287 ($adff) from module x1_y2_kimi (D = $0\accum_bank[158][23:0], Q = \accum_bank[158]).
Adding EN signal on $procdff$6286 ($adff) from module x1_y2_kimi (D = $0\accum_bank[157][23:0], Q = \accum_bank[157]).
Adding EN signal on $procdff$6285 ($adff) from module x1_y2_kimi (D = $0\accum_bank[156][23:0], Q = \accum_bank[156]).
Adding EN signal on $procdff$6284 ($adff) from module x1_y2_kimi (D = $0\accum_bank[155][23:0], Q = \accum_bank[155]).
Adding EN signal on $procdff$6283 ($adff) from module x1_y2_kimi (D = $0\accum_bank[154][23:0], Q = \accum_bank[154]).
Adding EN signal on $procdff$6282 ($adff) from module x1_y2_kimi (D = $0\accum_bank[153][23:0], Q = \accum_bank[153]).
Adding EN signal on $procdff$6281 ($adff) from module x1_y2_kimi (D = $0\accum_bank[152][23:0], Q = \accum_bank[152]).
Adding EN signal on $procdff$6280 ($adff) from module x1_y2_kimi (D = $0\accum_bank[151][23:0], Q = \accum_bank[151]).
Adding EN signal on $procdff$6279 ($adff) from module x1_y2_kimi (D = $0\accum_bank[150][23:0], Q = \accum_bank[150]).
Adding EN signal on $procdff$6278 ($adff) from module x1_y2_kimi (D = $0\accum_bank[149][23:0], Q = \accum_bank[149]).
Adding EN signal on $procdff$6277 ($adff) from module x1_y2_kimi (D = $0\accum_bank[148][23:0], Q = \accum_bank[148]).
Adding EN signal on $procdff$6276 ($adff) from module x1_y2_kimi (D = $0\accum_bank[147][23:0], Q = \accum_bank[147]).
Adding EN signal on $procdff$6275 ($adff) from module x1_y2_kimi (D = $0\accum_bank[146][23:0], Q = \accum_bank[146]).
Adding EN signal on $procdff$6274 ($adff) from module x1_y2_kimi (D = $0\accum_bank[145][23:0], Q = \accum_bank[145]).
Adding EN signal on $procdff$6273 ($adff) from module x1_y2_kimi (D = $0\accum_bank[144][23:0], Q = \accum_bank[144]).
Adding EN signal on $procdff$6272 ($adff) from module x1_y2_kimi (D = $0\accum_bank[143][23:0], Q = \accum_bank[143]).
Adding EN signal on $procdff$6271 ($adff) from module x1_y2_kimi (D = $0\accum_bank[142][23:0], Q = \accum_bank[142]).
Adding EN signal on $procdff$6270 ($adff) from module x1_y2_kimi (D = $0\accum_bank[141][23:0], Q = \accum_bank[141]).
Adding EN signal on $procdff$6269 ($adff) from module x1_y2_kimi (D = $0\accum_bank[140][23:0], Q = \accum_bank[140]).
Adding EN signal on $procdff$6268 ($adff) from module x1_y2_kimi (D = $0\accum_bank[139][23:0], Q = \accum_bank[139]).
Adding EN signal on $procdff$6267 ($adff) from module x1_y2_kimi (D = $0\accum_bank[138][23:0], Q = \accum_bank[138]).
Adding EN signal on $procdff$6266 ($adff) from module x1_y2_kimi (D = $0\accum_bank[137][23:0], Q = \accum_bank[137]).
Adding EN signal on $procdff$6265 ($adff) from module x1_y2_kimi (D = $0\accum_bank[136][23:0], Q = \accum_bank[136]).
Adding EN signal on $procdff$6264 ($adff) from module x1_y2_kimi (D = $0\accum_bank[135][23:0], Q = \accum_bank[135]).
Adding EN signal on $procdff$6263 ($adff) from module x1_y2_kimi (D = $0\accum_bank[134][23:0], Q = \accum_bank[134]).
Adding EN signal on $procdff$6262 ($adff) from module x1_y2_kimi (D = $0\accum_bank[133][23:0], Q = \accum_bank[133]).
Adding EN signal on $procdff$6261 ($adff) from module x1_y2_kimi (D = $0\accum_bank[132][23:0], Q = \accum_bank[132]).
Adding EN signal on $procdff$6260 ($adff) from module x1_y2_kimi (D = $0\accum_bank[131][23:0], Q = \accum_bank[131]).
Adding EN signal on $procdff$6259 ($adff) from module x1_y2_kimi (D = $0\accum_bank[130][23:0], Q = \accum_bank[130]).
Adding EN signal on $procdff$6258 ($adff) from module x1_y2_kimi (D = $0\accum_bank[129][23:0], Q = \accum_bank[129]).
Adding EN signal on $procdff$6257 ($adff) from module x1_y2_kimi (D = $0\accum_bank[128][23:0], Q = \accum_bank[128]).
Adding EN signal on $procdff$6256 ($adff) from module x1_y2_kimi (D = $0\accum_bank[127][23:0], Q = \accum_bank[127]).
Adding EN signal on $procdff$6255 ($adff) from module x1_y2_kimi (D = $0\accum_bank[126][23:0], Q = \accum_bank[126]).
Adding EN signal on $procdff$6254 ($adff) from module x1_y2_kimi (D = $0\accum_bank[125][23:0], Q = \accum_bank[125]).
Adding EN signal on $procdff$6253 ($adff) from module x1_y2_kimi (D = $0\accum_bank[124][23:0], Q = \accum_bank[124]).
Adding EN signal on $procdff$6252 ($adff) from module x1_y2_kimi (D = $0\accum_bank[123][23:0], Q = \accum_bank[123]).
Adding EN signal on $procdff$6251 ($adff) from module x1_y2_kimi (D = $0\accum_bank[122][23:0], Q = \accum_bank[122]).
Adding EN signal on $procdff$6250 ($adff) from module x1_y2_kimi (D = $0\accum_bank[121][23:0], Q = \accum_bank[121]).
Adding EN signal on $procdff$6249 ($adff) from module x1_y2_kimi (D = $0\accum_bank[120][23:0], Q = \accum_bank[120]).
Adding EN signal on $procdff$6248 ($adff) from module x1_y2_kimi (D = $0\accum_bank[119][23:0], Q = \accum_bank[119]).
Adding EN signal on $procdff$6247 ($adff) from module x1_y2_kimi (D = $0\accum_bank[118][23:0], Q = \accum_bank[118]).
Adding EN signal on $procdff$6246 ($adff) from module x1_y2_kimi (D = $0\accum_bank[117][23:0], Q = \accum_bank[117]).
Adding EN signal on $procdff$6245 ($adff) from module x1_y2_kimi (D = $0\accum_bank[116][23:0], Q = \accum_bank[116]).
Adding EN signal on $procdff$6244 ($adff) from module x1_y2_kimi (D = $0\accum_bank[115][23:0], Q = \accum_bank[115]).
Adding EN signal on $procdff$6243 ($adff) from module x1_y2_kimi (D = $0\accum_bank[114][23:0], Q = \accum_bank[114]).
Adding EN signal on $procdff$6242 ($adff) from module x1_y2_kimi (D = $0\accum_bank[113][23:0], Q = \accum_bank[113]).
Adding EN signal on $procdff$6241 ($adff) from module x1_y2_kimi (D = $0\accum_bank[112][23:0], Q = \accum_bank[112]).
Adding EN signal on $procdff$6240 ($adff) from module x1_y2_kimi (D = $0\accum_bank[111][23:0], Q = \accum_bank[111]).
Adding EN signal on $procdff$6239 ($adff) from module x1_y2_kimi (D = $0\accum_bank[110][23:0], Q = \accum_bank[110]).
Adding EN signal on $procdff$6238 ($adff) from module x1_y2_kimi (D = $0\accum_bank[109][23:0], Q = \accum_bank[109]).
Adding EN signal on $procdff$6237 ($adff) from module x1_y2_kimi (D = $0\accum_bank[108][23:0], Q = \accum_bank[108]).
Adding EN signal on $procdff$6236 ($adff) from module x1_y2_kimi (D = $0\accum_bank[107][23:0], Q = \accum_bank[107]).
Adding EN signal on $procdff$6235 ($adff) from module x1_y2_kimi (D = $0\accum_bank[106][23:0], Q = \accum_bank[106]).
Adding EN signal on $procdff$6234 ($adff) from module x1_y2_kimi (D = $0\accum_bank[105][23:0], Q = \accum_bank[105]).
Adding EN signal on $procdff$6233 ($adff) from module x1_y2_kimi (D = $0\accum_bank[104][23:0], Q = \accum_bank[104]).
Adding EN signal on $procdff$6232 ($adff) from module x1_y2_kimi (D = $0\accum_bank[103][23:0], Q = \accum_bank[103]).
Adding EN signal on $procdff$6231 ($adff) from module x1_y2_kimi (D = $0\accum_bank[102][23:0], Q = \accum_bank[102]).
Adding EN signal on $procdff$6230 ($adff) from module x1_y2_kimi (D = $0\accum_bank[101][23:0], Q = \accum_bank[101]).
Adding EN signal on $procdff$6229 ($adff) from module x1_y2_kimi (D = $0\accum_bank[100][23:0], Q = \accum_bank[100]).
Adding EN signal on $procdff$6228 ($adff) from module x1_y2_kimi (D = $0\accum_bank[99][23:0], Q = \accum_bank[99]).
Adding EN signal on $procdff$6227 ($adff) from module x1_y2_kimi (D = $0\accum_bank[98][23:0], Q = \accum_bank[98]).
Adding EN signal on $procdff$6226 ($adff) from module x1_y2_kimi (D = $0\accum_bank[97][23:0], Q = \accum_bank[97]).
Adding EN signal on $procdff$6225 ($adff) from module x1_y2_kimi (D = $0\accum_bank[96][23:0], Q = \accum_bank[96]).
Adding EN signal on $procdff$6224 ($adff) from module x1_y2_kimi (D = $0\accum_bank[95][23:0], Q = \accum_bank[95]).
Adding EN signal on $procdff$6223 ($adff) from module x1_y2_kimi (D = $0\accum_bank[94][23:0], Q = \accum_bank[94]).
Adding EN signal on $procdff$6222 ($adff) from module x1_y2_kimi (D = $0\accum_bank[93][23:0], Q = \accum_bank[93]).
Adding EN signal on $procdff$6221 ($adff) from module x1_y2_kimi (D = $0\accum_bank[92][23:0], Q = \accum_bank[92]).
Adding EN signal on $procdff$6220 ($adff) from module x1_y2_kimi (D = $0\accum_bank[91][23:0], Q = \accum_bank[91]).
Adding EN signal on $procdff$6219 ($adff) from module x1_y2_kimi (D = $0\accum_bank[90][23:0], Q = \accum_bank[90]).
Adding EN signal on $procdff$6218 ($adff) from module x1_y2_kimi (D = $0\accum_bank[89][23:0], Q = \accum_bank[89]).
Adding EN signal on $procdff$6217 ($adff) from module x1_y2_kimi (D = $0\accum_bank[88][23:0], Q = \accum_bank[88]).
Adding EN signal on $procdff$6216 ($adff) from module x1_y2_kimi (D = $0\accum_bank[87][23:0], Q = \accum_bank[87]).
Adding EN signal on $procdff$6215 ($adff) from module x1_y2_kimi (D = $0\accum_bank[86][23:0], Q = \accum_bank[86]).
Adding EN signal on $procdff$6214 ($adff) from module x1_y2_kimi (D = $0\accum_bank[85][23:0], Q = \accum_bank[85]).
Adding EN signal on $procdff$6213 ($adff) from module x1_y2_kimi (D = $0\accum_bank[84][23:0], Q = \accum_bank[84]).
Adding EN signal on $procdff$6212 ($adff) from module x1_y2_kimi (D = $0\accum_bank[83][23:0], Q = \accum_bank[83]).
Adding EN signal on $procdff$6211 ($adff) from module x1_y2_kimi (D = $0\accum_bank[82][23:0], Q = \accum_bank[82]).
Adding EN signal on $procdff$6210 ($adff) from module x1_y2_kimi (D = $0\accum_bank[81][23:0], Q = \accum_bank[81]).
Adding EN signal on $procdff$6209 ($adff) from module x1_y2_kimi (D = $0\accum_bank[80][23:0], Q = \accum_bank[80]).
Adding EN signal on $procdff$6208 ($adff) from module x1_y2_kimi (D = $0\accum_bank[79][23:0], Q = \accum_bank[79]).
Adding EN signal on $procdff$6207 ($adff) from module x1_y2_kimi (D = $0\accum_bank[78][23:0], Q = \accum_bank[78]).
Adding EN signal on $procdff$6206 ($adff) from module x1_y2_kimi (D = $0\accum_bank[77][23:0], Q = \accum_bank[77]).
Adding EN signal on $procdff$6205 ($adff) from module x1_y2_kimi (D = $0\accum_bank[76][23:0], Q = \accum_bank[76]).
Adding EN signal on $procdff$6204 ($adff) from module x1_y2_kimi (D = $0\accum_bank[75][23:0], Q = \accum_bank[75]).
Adding EN signal on $procdff$6203 ($adff) from module x1_y2_kimi (D = $0\accum_bank[74][23:0], Q = \accum_bank[74]).
Adding EN signal on $procdff$6202 ($adff) from module x1_y2_kimi (D = $0\accum_bank[73][23:0], Q = \accum_bank[73]).
Adding EN signal on $procdff$6201 ($adff) from module x1_y2_kimi (D = $0\accum_bank[72][23:0], Q = \accum_bank[72]).
Adding EN signal on $procdff$6200 ($adff) from module x1_y2_kimi (D = $0\accum_bank[71][23:0], Q = \accum_bank[71]).
Adding EN signal on $procdff$6199 ($adff) from module x1_y2_kimi (D = $0\accum_bank[70][23:0], Q = \accum_bank[70]).
Adding EN signal on $procdff$6198 ($adff) from module x1_y2_kimi (D = $0\accum_bank[69][23:0], Q = \accum_bank[69]).
Adding EN signal on $procdff$6197 ($adff) from module x1_y2_kimi (D = $0\accum_bank[68][23:0], Q = \accum_bank[68]).
Adding EN signal on $procdff$6196 ($adff) from module x1_y2_kimi (D = $0\accum_bank[67][23:0], Q = \accum_bank[67]).
Adding EN signal on $procdff$6195 ($adff) from module x1_y2_kimi (D = $0\accum_bank[66][23:0], Q = \accum_bank[66]).
Adding EN signal on $procdff$6194 ($adff) from module x1_y2_kimi (D = $0\accum_bank[65][23:0], Q = \accum_bank[65]).
Adding EN signal on $procdff$6193 ($adff) from module x1_y2_kimi (D = $0\accum_bank[64][23:0], Q = \accum_bank[64]).
Adding EN signal on $procdff$6192 ($adff) from module x1_y2_kimi (D = $0\accum_bank[63][23:0], Q = \accum_bank[63]).
Adding EN signal on $procdff$6191 ($adff) from module x1_y2_kimi (D = $0\accum_bank[62][23:0], Q = \accum_bank[62]).
Adding EN signal on $procdff$6190 ($adff) from module x1_y2_kimi (D = $0\accum_bank[61][23:0], Q = \accum_bank[61]).
Adding EN signal on $procdff$6189 ($adff) from module x1_y2_kimi (D = $0\accum_bank[60][23:0], Q = \accum_bank[60]).
Adding EN signal on $procdff$6188 ($adff) from module x1_y2_kimi (D = $0\accum_bank[59][23:0], Q = \accum_bank[59]).
Adding EN signal on $procdff$6187 ($adff) from module x1_y2_kimi (D = $0\accum_bank[58][23:0], Q = \accum_bank[58]).
Adding EN signal on $procdff$6186 ($adff) from module x1_y2_kimi (D = $0\accum_bank[57][23:0], Q = \accum_bank[57]).
Adding EN signal on $procdff$6185 ($adff) from module x1_y2_kimi (D = $0\accum_bank[56][23:0], Q = \accum_bank[56]).
Adding EN signal on $procdff$6184 ($adff) from module x1_y2_kimi (D = $0\accum_bank[55][23:0], Q = \accum_bank[55]).
Adding EN signal on $procdff$6183 ($adff) from module x1_y2_kimi (D = $0\accum_bank[54][23:0], Q = \accum_bank[54]).
Adding EN signal on $procdff$6182 ($adff) from module x1_y2_kimi (D = $0\accum_bank[53][23:0], Q = \accum_bank[53]).
Adding EN signal on $procdff$6181 ($adff) from module x1_y2_kimi (D = $0\accum_bank[52][23:0], Q = \accum_bank[52]).
Adding EN signal on $procdff$6180 ($adff) from module x1_y2_kimi (D = $0\accum_bank[51][23:0], Q = \accum_bank[51]).
Adding EN signal on $procdff$6179 ($adff) from module x1_y2_kimi (D = $0\accum_bank[50][23:0], Q = \accum_bank[50]).
Adding EN signal on $procdff$6178 ($adff) from module x1_y2_kimi (D = $0\accum_bank[49][23:0], Q = \accum_bank[49]).
Adding EN signal on $procdff$6177 ($adff) from module x1_y2_kimi (D = $0\accum_bank[48][23:0], Q = \accum_bank[48]).
Adding EN signal on $procdff$6176 ($adff) from module x1_y2_kimi (D = $0\accum_bank[47][23:0], Q = \accum_bank[47]).
Adding EN signal on $procdff$6175 ($adff) from module x1_y2_kimi (D = $0\accum_bank[46][23:0], Q = \accum_bank[46]).
Adding EN signal on $procdff$6174 ($adff) from module x1_y2_kimi (D = $0\accum_bank[45][23:0], Q = \accum_bank[45]).
Adding EN signal on $procdff$6173 ($adff) from module x1_y2_kimi (D = $0\accum_bank[44][23:0], Q = \accum_bank[44]).
Adding EN signal on $procdff$6172 ($adff) from module x1_y2_kimi (D = $0\accum_bank[43][23:0], Q = \accum_bank[43]).
Adding EN signal on $procdff$6171 ($adff) from module x1_y2_kimi (D = $0\accum_bank[42][23:0], Q = \accum_bank[42]).
Adding EN signal on $procdff$6170 ($adff) from module x1_y2_kimi (D = $0\accum_bank[41][23:0], Q = \accum_bank[41]).
Adding EN signal on $procdff$6169 ($adff) from module x1_y2_kimi (D = $0\accum_bank[40][23:0], Q = \accum_bank[40]).
Adding EN signal on $procdff$6168 ($adff) from module x1_y2_kimi (D = $0\accum_bank[39][23:0], Q = \accum_bank[39]).
Adding EN signal on $procdff$6167 ($adff) from module x1_y2_kimi (D = $0\accum_bank[38][23:0], Q = \accum_bank[38]).
Adding EN signal on $procdff$6166 ($adff) from module x1_y2_kimi (D = $0\accum_bank[37][23:0], Q = \accum_bank[37]).
Adding EN signal on $procdff$6165 ($adff) from module x1_y2_kimi (D = $0\accum_bank[36][23:0], Q = \accum_bank[36]).
Adding EN signal on $procdff$6164 ($adff) from module x1_y2_kimi (D = $0\accum_bank[35][23:0], Q = \accum_bank[35]).
Adding EN signal on $procdff$6163 ($adff) from module x1_y2_kimi (D = $0\accum_bank[34][23:0], Q = \accum_bank[34]).
Adding EN signal on $procdff$6162 ($adff) from module x1_y2_kimi (D = $0\accum_bank[33][23:0], Q = \accum_bank[33]).
Adding EN signal on $procdff$6161 ($adff) from module x1_y2_kimi (D = $0\accum_bank[32][23:0], Q = \accum_bank[32]).
Adding EN signal on $procdff$6160 ($adff) from module x1_y2_kimi (D = $0\accum_bank[31][23:0], Q = \accum_bank[31]).
Adding EN signal on $procdff$6159 ($adff) from module x1_y2_kimi (D = $0\accum_bank[30][23:0], Q = \accum_bank[30]).
Adding EN signal on $procdff$6158 ($adff) from module x1_y2_kimi (D = $0\accum_bank[29][23:0], Q = \accum_bank[29]).
Adding EN signal on $procdff$6157 ($adff) from module x1_y2_kimi (D = $0\accum_bank[28][23:0], Q = \accum_bank[28]).
Adding EN signal on $procdff$6156 ($adff) from module x1_y2_kimi (D = $0\accum_bank[27][23:0], Q = \accum_bank[27]).
Adding EN signal on $procdff$6155 ($adff) from module x1_y2_kimi (D = $0\accum_bank[26][23:0], Q = \accum_bank[26]).
Adding EN signal on $procdff$6154 ($adff) from module x1_y2_kimi (D = $0\accum_bank[25][23:0], Q = \accum_bank[25]).
Adding EN signal on $procdff$6153 ($adff) from module x1_y2_kimi (D = $0\accum_bank[24][23:0], Q = \accum_bank[24]).
Adding EN signal on $procdff$6152 ($adff) from module x1_y2_kimi (D = $0\accum_bank[23][23:0], Q = \accum_bank[23]).
Adding EN signal on $procdff$6151 ($adff) from module x1_y2_kimi (D = $0\accum_bank[22][23:0], Q = \accum_bank[22]).
Adding EN signal on $procdff$6150 ($adff) from module x1_y2_kimi (D = $0\accum_bank[21][23:0], Q = \accum_bank[21]).
Adding EN signal on $procdff$6149 ($adff) from module x1_y2_kimi (D = $0\accum_bank[20][23:0], Q = \accum_bank[20]).
Adding EN signal on $procdff$6148 ($adff) from module x1_y2_kimi (D = $0\accum_bank[19][23:0], Q = \accum_bank[19]).
Adding EN signal on $procdff$6147 ($adff) from module x1_y2_kimi (D = $0\accum_bank[18][23:0], Q = \accum_bank[18]).
Adding EN signal on $procdff$6146 ($adff) from module x1_y2_kimi (D = $0\accum_bank[17][23:0], Q = \accum_bank[17]).
Adding EN signal on $procdff$6145 ($adff) from module x1_y2_kimi (D = $0\accum_bank[16][23:0], Q = \accum_bank[16]).
Adding EN signal on $procdff$6144 ($adff) from module x1_y2_kimi (D = $0\accum_bank[15][23:0], Q = \accum_bank[15]).
Adding EN signal on $procdff$6143 ($adff) from module x1_y2_kimi (D = $0\accum_bank[14][23:0], Q = \accum_bank[14]).
Adding EN signal on $procdff$6142 ($adff) from module x1_y2_kimi (D = $0\accum_bank[13][23:0], Q = \accum_bank[13]).
Adding EN signal on $procdff$6141 ($adff) from module x1_y2_kimi (D = $0\accum_bank[12][23:0], Q = \accum_bank[12]).
Adding EN signal on $procdff$6140 ($adff) from module x1_y2_kimi (D = $0\accum_bank[11][23:0], Q = \accum_bank[11]).
Adding EN signal on $procdff$6139 ($adff) from module x1_y2_kimi (D = $0\accum_bank[10][23:0], Q = \accum_bank[10]).
Adding EN signal on $procdff$6138 ($adff) from module x1_y2_kimi (D = $0\accum_bank[9][23:0], Q = \accum_bank[9]).
Adding EN signal on $procdff$6137 ($adff) from module x1_y2_kimi (D = $0\accum_bank[8][23:0], Q = \accum_bank[8]).
Adding EN signal on $procdff$6136 ($adff) from module x1_y2_kimi (D = $0\accum_bank[7][23:0], Q = \accum_bank[7]).
Adding EN signal on $procdff$6135 ($adff) from module x1_y2_kimi (D = $0\accum_bank[6][23:0], Q = \accum_bank[6]).
Adding EN signal on $procdff$6134 ($adff) from module x1_y2_kimi (D = $0\accum_bank[5][23:0], Q = \accum_bank[5]).
Adding EN signal on $procdff$6133 ($adff) from module x1_y2_kimi (D = $0\accum_bank[4][23:0], Q = \accum_bank[4]).
Adding EN signal on $procdff$6132 ($adff) from module x1_y2_kimi (D = $0\accum_bank[3][23:0], Q = \accum_bank[3]).
Adding EN signal on $procdff$6131 ($adff) from module x1_y2_kimi (D = $0\accum_bank[2][23:0], Q = \accum_bank[2]).
Adding EN signal on $procdff$6130 ($adff) from module x1_y2_kimi (D = $0\accum_bank[1][23:0], Q = \accum_bank[1]).
Adding EN signal on $procdff$6129 ($adff) from module x1_y2_kimi (D = $0\accum_bank[0][23:0], Q = \accum_bank[0]).
Adding EN signal on $procdff$6111 ($adff) from module x1_y2_kimi (D = $0\drain_col[3:0], Q = \drain_col).
Adding EN signal on $procdff$6110 ($adff) from module x1_y2_kimi (D = $0\drain_row[3:0], Q = \drain_row).
Adding EN signal on $procdff$6109 ($adff) from module x1_y2_kimi (D = $0\read_valid[0:0], Q = \read_valid).
Adding EN signal on $procdff$6108 ($adff) from module x1_y2_kimi (D = $0\consumed[11:0], Q = \consumed).
Adding EN signal on $procdff$6107 ($adff) from module x1_y2_kimi (D = $0\issued[11:0], Q = \issued).
Adding EN signal on $procdff$6106 ($adff) from module x1_y2_kimi (D = $0\state[1:0], Q = \state).
Adding EN signal on $procdff$6104 ($adff) from module x1_y2_kimi (D = $procmux$6075_Y, Q = \out_wdata).
Adding EN signal on $procdff$6103 ($adff) from module x1_y2_kimi (D = { 6'000000 \drain_row \drain_col }, Q = \out_addr).
Setting constant 0-bit at position 8 on $auto$ff.cc:266:slice$9260 ($adffe) from module x1_y2_kimi.
Setting constant 0-bit at position 9 on $auto$ff.cc:266:slice$9260 ($adffe) from module x1_y2_kimi.
Setting constant 0-bit at position 10 on $auto$ff.cc:266:slice$9260 ($adffe) from module x1_y2_kimi.
Setting constant 0-bit at position 11 on $auto$ff.cc:266:slice$9260 ($adffe) from module x1_y2_kimi.
Setting constant 0-bit at position 12 on $auto$ff.cc:266:slice$9260 ($adffe) from module x1_y2_kimi.
Setting constant 0-bit at position 13 on $auto$ff.cc:266:slice$9260 ($adffe) from module x1_y2_kimi.

3.8.7. Executing OPT_CLEAN pass (remove unused cells and wires).
Finding unused cells or wires in module \x1_y2_kimi..
Removed 2 unused cells and 2 unused wires.
<suppressed ~3 debug messages>

3.8.8. Executing OPT_EXPR pass (perform const folding).
Optimizing module x1_y2_kimi.
<suppressed ~261 debug messages>

3.8.9. Rerunning OPT passes. (Maybe there is more to do..)

3.8.10. Executing OPT_MUXTREE pass (detect dead branches in mux trees).
Running muxtree optimizer on module \x1_y2_kimi..
  Creating internal representation of mux trees.
  Evaluating internal representation of mux trees.
  Analyzing evaluation results.
Removed 0 multiplexer ports.
<suppressed ~266 debug messages>

3.8.11. Executing OPT_REDUCE pass (consolidate $*mux and $reduce_* inputs).
  Optimizing cells in module \x1_y2_kimi.
Performed a total of 0 changes.

3.8.12. Executing OPT_MERGE pass (detect identical cells).
Finding identical cells in module `\x1_y2_kimi'.
<suppressed ~4512 debug messages>
Removed a total of 1504 cells.

3.8.13. Executing OPT_DFF pass (perform DFF optimizations).

3.8.14. Executing OPT_CLEAN pass (remove unused cells and wires).
Finding unused cells or wires in module \x1_y2_kimi..
Removed 0 unused cells and 1504 unused wires.
<suppressed ~1 debug messages>

3.8.15. Executing OPT_EXPR pass (perform const folding).
Optimizing module x1_y2_kimi.

3.8.16. Rerunning OPT passes. (Maybe there is more to do..)

3.8.17. Executing OPT_MUXTREE pass (detect dead branches in mux trees).
Running muxtree optimizer on module \x1_y2_kimi..
  Creating internal representation of mux trees.
  Evaluating internal representation of mux trees.
  Analyzing evaluation results.
Removed 0 multiplexer ports.
<suppressed ~270 debug messages>

3.8.18. Executing OPT_REDUCE pass (consolidate $*mux and $reduce_* inputs).
  Optimizing cells in module \x1_y2_kimi.
Performed a total of 0 changes.

3.8.19. Executing OPT_MERGE pass (detect identical cells).
Finding identical cells in module `\x1_y2_kimi'.
Removed a total of 0 cells.

3.8.20. Executing OPT_DFF pass (perform DFF optimizations).

3.8.21. Executing OPT_CLEAN pass (remove unused cells and wires).
Finding unused cells or wires in module \x1_y2_kimi..

3.8.22. Executing OPT_EXPR pass (perform const folding).
Optimizing module x1_y2_kimi.

3.8.23. Finished OPT passes. (There is nothing left to do.)

3.9. Executing WREDUCE pass (reducing word size of cells).
Removed top 1 bits (of 2) from port B of cell x1_y2_kimi.$eq$rtl/x1_y2_kimi.v:58$25 ($eq).
Removed top 1 bits (of 2) from port B of cell x1_y2_kimi.$auto$opt_dff.cc:195:make_patterns_logic$7650 ($ne).
Removed top 1 bits (of 2) from port B of cell x1_y2_kimi.$auto$opt_dff.cc:195:make_patterns_logic$7824 ($ne).
Removed top 1 bits (of 4) from port B of cell x1_y2_kimi.$procmux$1021_CMP0 ($eq).
Removed top 1 bits (of 4) from port B of cell x1_y2_kimi.$procmux$1022_CMP0 ($eq).
Removed top 1 bits (of 4) from port B of cell x1_y2_kimi.$procmux$1023_CMP0 ($eq).
Removed top 1 bits (of 4) from port B of cell x1_y2_kimi.$procmux$1024_CMP0 ($eq).
Removed top 2 bits (of 4) from port B of cell x1_y2_kimi.$procmux$1025_CMP0 ($eq).
Removed top 2 bits (of 4) from port B of cell x1_y2_kimi.$procmux$1026_CMP0 ($eq).
Removed top 3 bits (of 4) from port B of cell x1_y2_kimi.$procmux$1027_CMP0 ($eq).
Removed top 1 bits (of 2) from port B of cell x1_y2_kimi.$auto$opt_dff.cc:195:make_patterns_logic$6606 ($ne).
Removed top 1 bits (of 2) from port B of cell x1_y2_kimi.$auto$opt_dff.cc:195:make_patterns_logic$8868 ($ne).
Removed top 1 bits (of 2) from port B of cell x1_y2_kimi.$auto$opt_dff.cc:195:make_patterns_logic$6780 ($ne).
Removed top 1 bits (of 2) from port B of cell x1_y2_kimi.$auto$opt_dff.cc:195:make_patterns_logic$8694 ($ne).
Removed top 1 bits (of 2) from port B of cell x1_y2_kimi.$auto$opt_dff.cc:195:make_patterns_logic$6954 ($ne).
Removed top 1 bits (of 2) from port B of cell x1_y2_kimi.$auto$opt_dff.cc:195:make_patterns_logic$8520 ($ne).
Removed top 1 bits (of 2) from port B of cell x1_y2_kimi.$auto$opt_dff.cc:195:make_patterns_logic$7128 ($ne).
Removed top 1 bits (of 2) from port B of cell x1_y2_kimi.$auto$opt_dff.cc:195:make_patterns_logic$8346 ($ne).
Removed top 1 bits (of 2) from port B of cell x1_y2_kimi.$auto$opt_dff.cc:195:make_patterns_logic$7302 ($ne).
Removed top 1 bits (of 2) from port B of cell x1_y2_kimi.$auto$opt_dff.cc:195:make_patterns_logic$8172 ($ne).
Removed top 1 bits (of 3) from port B of cell x1_y2_kimi.$auto$opt_dff.cc:195:make_patterns_logic$9205 ($ne).
Removed top 1 bits (of 2) from port B of cell x1_y2_kimi.$auto$opt_dff.cc:195:make_patterns_logic$7476 ($ne).
Removed top 1 bits (of 2) from port B of cell x1_y2_kimi.$auto$opt_dff.cc:195:make_patterns_logic$7998 ($ne).

3.10. Executing PEEPOPT pass (run peephole optimizers).

3.11. Executing OPT_CLEAN pass (remove unused cells and wires).
Finding unused cells or wires in module \x1_y2_kimi..

3.12. Executing ALUMACC pass (create $alu and $macc cells).
Extracting $alu and $macc cells in module x1_y2_kimi:
  creating $macc model for $add$rtl/x1_y2_kimi.v:104$33 ($add).
  creating $macc model for $add$rtl/x1_y2_kimi.v:112$101 ($add).
  creating $macc model for $add$rtl/x1_y2_kimi.v:112$103 ($add).
  creating $macc model for $add$rtl/x1_y2_kimi.v:112$105 ($add).
  creating $macc model for $add$rtl/x1_y2_kimi.v:112$107 ($add).
  creating $macc model for $add$rtl/x1_y2_kimi.v:112$109 ($add).
  creating $macc model for $add$rtl/x1_y2_kimi.v:112$111 ($add).
  creating $macc model for $add$rtl/x1_y2_kimi.v:112$113 ($add).
  creating $macc model for $add$rtl/x1_y2_kimi.v:112$115 ($add).
  creating $macc model for $add$rtl/x1_y2_kimi.v:112$117 ($add).
  creating $macc model for $add$rtl/x1_y2_kimi.v:112$119 ($add).
  creating $macc model for $add$rtl/x1_y2_kimi.v:112$121 ($add).
  creating $macc model for $add$rtl/x1_y2_kimi.v:112$123 ($add).
  creating $macc model for $add$rtl/x1_y2_kimi.v:112$125 ($add).
  creating $macc model for $add$rtl/x1_y2_kimi.v:112$127 ($add).
  creating $macc model for $add$rtl/x1_y2_kimi.v:112$129 ($add).
  creating $macc model for $add$rtl/x1_y2_kimi.v:112$131 ($add).
  creating $macc model for $add$rtl/x1_y2_kimi.v:112$133 ($add).
  creating $macc model for $add$rtl/x1_y2_kimi.v:112$135 ($add).
  creating $macc model for $add$rtl/x1_y2_kimi.v:112$137 ($add).
  creating $macc model for $add$rtl/x1_y2_kimi.v:112$139 ($add).
  creating $macc model for $add$rtl/x1_y2_kimi.v:112$141 ($add).
  creating $macc model for $add$rtl/x1_y2_kimi.v:112$143 ($add).
  creating $macc model for $add$rtl/x1_y2_kimi.v:112$145 ($add).
  creating $macc model for $add$rtl/x1_y2_kimi.v:112$147 ($add).
  creating $macc model for $add$rtl/x1_y2_kimi.v:112$149 ($add).
  creating $macc model for $add$rtl/x1_y2_kimi.v:112$151 ($add).
  creating $macc model for $add$rtl/x1_y2_kimi.v:112$153 ($add).
  creating $macc model for $add$rtl/x1_y2_kimi.v:112$155 ($add).
  creating $macc model for $add$rtl/x1_y2_kimi.v:112$157 ($add).
  creating $macc model for $add$rtl/x1_y2_kimi.v:112$159 ($add).
  creating $macc model for $add$rtl/x1_y2_kimi.v:112$161 ($add).
  creating $macc model for $add$rtl/x1_y2_kimi.v:112$163 ($add).
  creating $macc model for $add$rtl/x1_y2_kimi.v:112$165 ($add).
  creating $macc model for $add$rtl/x1_y2_kimi.v:112$167 ($add).
  creating $macc model for $add$rtl/x1_y2_kimi.v:112$169 ($add).
  creating $macc model for $add$rtl/x1_y2_kimi.v:112$171 ($add).
  creating $macc model for $add$rtl/x1_y2_kimi.v:112$173 ($add).
  creating $macc model for $add$rtl/x1_y2_kimi.v:112$175 ($add).
  creating $macc model for $add$rtl/x1_y2_kimi.v:112$177 ($add).
  creating $macc model for $add$rtl/x1_y2_kimi.v:112$179 ($add).
  creating $macc model for $add$rtl/x1_y2_kimi.v:112$181 ($add).
  creating $macc model for $add$rtl/x1_y2_kimi.v:112$183 ($add).
  creating $macc model for $add$rtl/x1_y2_kimi.v:112$185 ($add).
  creating $macc model for $add$rtl/x1_y2_kimi.v:112$187 ($add).
  creating $macc model for $add$rtl/x1_y2_kimi.v:112$189 ($add).
  creating $macc model for $add$rtl/x1_y2_kimi.v:112$191 ($add).
  creating $macc model for $add$rtl/x1_y2_kimi.v:112$193 ($add).
  creating $macc model for $add$rtl/x1_y2_kimi.v:112$195 ($add).
  creating $macc model for $add$rtl/x1_y2_kimi.v:112$197 ($add).
  creating $macc model for $add$rtl/x1_y2_kimi.v:112$199 ($add).
  creating $macc model for $add$rtl/x1_y2_kimi.v:112$201 ($add).
  creating $macc model for $add$rtl/x1_y2_kimi.v:112$203 ($add).
  creating $macc model for $add$rtl/x1_y2_kimi.v:112$205 ($add).
  creating $macc model for $add$rtl/x1_y2_kimi.v:112$207 ($add).
  creating $macc model for $add$rtl/x1_y2_kimi.v:112$209 ($add).
  creating $macc model for $add$rtl/x1_y2_kimi.v:112$211 ($add).
  creating $macc model for $add$rtl/x1_y2_kimi.v:112$213 ($add).
  creating $macc model for $add$rtl/x1_y2_kimi.v:112$215 ($add).
  creating $macc model for $add$rtl/x1_y2_kimi.v:112$217 ($add).
  creating $macc model for $add$rtl/x1_y2_kimi.v:112$219 ($add).
  creating $macc model for $add$rtl/x1_y2_kimi.v:112$221 ($add).
  creating $macc model for $add$rtl/x1_y2_kimi.v:112$223 ($add).
  creating $macc model for $add$rtl/x1_y2_kimi.v:112$225 ($add).
  creating $macc model for $add$rtl/x1_y2_kimi.v:112$227 ($add).
  creating $macc model for $add$rtl/x1_y2_kimi.v:112$229 ($add).
  creating $macc model for $add$rtl/x1_y2_kimi.v:112$231 ($add).
  creating $macc model for $add$rtl/x1_y2_kimi.v:112$233 ($add).
  creating $macc model for $add$rtl/x1_y2_kimi.v:112$235 ($add).
  creating $macc model for $add$rtl/x1_y2_kimi.v:112$237 ($add).
  creating $macc model for $add$rtl/x1_y2_kimi.v:112$239 ($add).
  creating $macc model for $add$rtl/x1_y2_kimi.v:112$241 ($add).
  creating $macc model for $add$rtl/x1_y2_kimi.v:112$243 ($add).
  creating $macc model for $add$rtl/x1_y2_kimi.v:112$245 ($add).
  creating $macc model for $add$rtl/x1_y2_kimi.v:112$247 ($add).
  creating $macc model for $add$rtl/x1_y2_kimi.v:112$249 ($add).
  creating $macc model for $add$rtl/x1_y2_kimi.v:112$251 ($add).
  creating $macc model for $add$rtl/x1_y2_kimi.v:112$253 ($add).
  creating $macc model for $add$rtl/x1_y2_kimi.v:112$255 ($add).
  creating $macc model for $add$rtl/x1_y2_kimi.v:112$257 ($add).
  creating $macc model for $add$rtl/x1_y2_kimi.v:112$259 ($add).
  creating $macc model for $add$rtl/x1_y2_kimi.v:112$261 ($add).
  creating $macc model for $add$rtl/x1_y2_kimi.v:112$263 ($add).
  creating $macc model for $add$rtl/x1_y2_kimi.v:112$265 ($add).
  creating $macc model for $add$rtl/x1_y2_kimi.v:112$267 ($add).
  creating $macc model for $add$rtl/x1_y2_kimi.v:112$269 ($add).
  creating $macc model for $add$rtl/x1_y2_kimi.v:112$271 ($add).
  creating $macc model for $add$rtl/x1_y2_kimi.v:112$273 ($add).
  creating $macc model for $add$rtl/x1_y2_kimi.v:112$275 ($add).
  creating $macc model for $add$rtl/x1_y2_kimi.v:112$277 ($add).
  creating $macc model for $add$rtl/x1_y2_kimi.v:112$279 ($add).
  creating $macc model for $add$rtl/x1_y2_kimi.v:112$281 ($add).
  creating $macc model for $add$rtl/x1_y2_kimi.v:112$283 ($add).
  creating $macc model for $add$rtl/x1_y2_kimi.v:112$285 ($add).
  creating $macc model for $add$rtl/x1_y2_kimi.v:112$287 ($add).
  creating $macc model for $add$rtl/x1_y2_kimi.v:112$289 ($add).
  creating $macc model for $add$rtl/x1_y2_kimi.v:112$291 ($add).
  creating $macc model for $add$rtl/x1_y2_kimi.v:112$293 ($add).
  creating $macc model for $add$rtl/x1_y2_kimi.v:112$295 ($add).
  creating $macc model for $add$rtl/x1_y2_kimi.v:112$297 ($add).
  creating $macc model for $add$rtl/x1_y2_kimi.v:112$299 ($add).
  creating $macc model for $add$rtl/x1_y2_kimi.v:112$301 ($add).
  creating $macc model for $add$rtl/x1_y2_kimi.v:112$303 ($add).
  creating $macc model for $add$rtl/x1_y2_kimi.v:112$305 ($add).
  creating $macc model for $add$rtl/x1_y2_kimi.v:112$307 ($add).
  creating $macc model for $add$rtl/x1_y2_kimi.v:112$309 ($add).
  creating $macc model for $add$rtl/x1_y2_kimi.v:112$311 ($add).
  creating $macc model for $add$rtl/x1_y2_kimi.v:112$313 ($add).
  creating $macc model for $add$rtl/x1_y2_kimi.v:112$315 ($add).
  creating $macc model for $add$rtl/x1_y2_kimi.v:112$317 ($add).
  creating $macc model for $add$rtl/x1_y2_kimi.v:112$319 ($add).
  creating $macc model for $add$rtl/x1_y2_kimi.v:112$321 ($add).
  creating $macc model for $add$rtl/x1_y2_kimi.v:112$323 ($add).
  creating $macc model for $add$rtl/x1_y2_kimi.v:112$325 ($add).
  creating $macc model for $add$rtl/x1_y2_kimi.v:112$327 ($add).
  creating $macc model for $add$rtl/x1_y2_kimi.v:112$329 ($add).
  creating $macc model for $add$rtl/x1_y2_kimi.v:112$331 ($add).
  creating $macc model for $add$rtl/x1_y2_kimi.v:112$333 ($add).
  creating $macc model for $add$rtl/x1_y2_kimi.v:112$335 ($add).
  creating $macc model for $add$rtl/x1_y2_kimi.v:112$337 ($add).
  creating $macc model for $add$rtl/x1_y2_kimi.v:112$339 ($add).
  creating $macc model for $add$rtl/x1_y2_kimi.v:112$341 ($add).
  creating $macc model for $add$rtl/x1_y2_kimi.v:112$343 ($add).
  creating $macc model for $add$rtl/x1_y2_kimi.v:112$345 ($add).
  creating $macc model for $add$rtl/x1_y2_kimi.v:112$347 ($add).
  creating $macc model for $add$rtl/x1_y2_kimi.v:112$349 ($add).
  creating $macc model for $add$rtl/x1_y2_kimi.v:112$35 ($add).
  creating $macc model for $add$rtl/x1_y2_kimi.v:112$351 ($add).
  creating $macc model for $add$rtl/x1_y2_kimi.v:112$353 ($add).
  creating $macc model for $add$rtl/x1_y2_kimi.v:112$355 ($add).
  creating $macc model for $add$rtl/x1_y2_kimi.v:112$357 ($add).
  creating $macc model for $add$rtl/x1_y2_kimi.v:112$359 ($add).
  creating $macc model for $add$rtl/x1_y2_kimi.v:112$361 ($add).
  creating $macc model for $add$rtl/x1_y2_kimi.v:112$363 ($add).
  creating $macc model for $add$rtl/x1_y2_kimi.v:112$365 ($add).
  creating $macc model for $add$rtl/x1_y2_kimi.v:112$367 ($add).
  creating $macc model for $add$rtl/x1_y2_kimi.v:112$369 ($add).
  creating $macc model for $add$rtl/x1_y2_kimi.v:112$37 ($add).
  creating $macc model for $add$rtl/x1_y2_kimi.v:112$371 ($add).
  creating $macc model for $add$rtl/x1_y2_kimi.v:112$373 ($add).
  creating $macc model for $add$rtl/x1_y2_kimi.v:112$375 ($add).
  creating $macc model for $add$rtl/x1_y2_kimi.v:112$377 ($add).
  creating $macc model for $add$rtl/x1_y2_kimi.v:112$379 ($add).
  creating $macc model for $add$rtl/x1_y2_kimi.v:112$381 ($add).
  creating $macc model for $add$rtl/x1_y2_kimi.v:112$383 ($add).
  creating $macc model for $add$rtl/x1_y2_kimi.v:112$385 ($add).
  creating $macc model for $add$rtl/x1_y2_kimi.v:112$387 ($add).
  creating $macc model for $add$rtl/x1_y2_kimi.v:112$389 ($add).
  creating $macc model for $add$rtl/x1_y2_kimi.v:112$39 ($add).
  creating $macc model for $add$rtl/x1_y2_kimi.v:112$391 ($add).
  creating $macc model for $add$rtl/x1_y2_kimi.v:112$393 ($add).
  creating $macc model for $add$rtl/x1_y2_kimi.v:112$395 ($add).
  creating $macc model for $add$rtl/x1_y2_kimi.v:112$397 ($add).
  creating $macc model for $add$rtl/x1_y2_kimi.v:112$399 ($add).
  creating $macc model for $add$rtl/x1_y2_kimi.v:112$401 ($add).
  creating $macc model for $add$rtl/x1_y2_kimi.v:112$403 ($add).
  creating $macc model for $add$rtl/x1_y2_kimi.v:112$405 ($add).
  creating $macc model for $add$rtl/x1_y2_kimi.v:112$407 ($add).
  creating $macc model for $add$rtl/x1_y2_kimi.v:112$409 ($add).
  creating $macc model for $add$rtl/x1_y2_kimi.v:112$41 ($add).
  creating $macc model for $add$rtl/x1_y2_kimi.v:112$411 ($add).
  creating $macc model for $add$rtl/x1_y2_kimi.v:112$413 ($add).
  creating $macc model for $add$rtl/x1_y2_kimi.v:112$415 ($add).
  creating $macc model for $add$rtl/x1_y2_kimi.v:112$417 ($add).
  creating $macc model for $add$rtl/x1_y2_kimi.v:112$419 ($add).
  creating $macc model for $add$rtl/x1_y2_kimi.v:112$421 ($add).
  creating $macc model for $add$rtl/x1_y2_kimi.v:112$423 ($add).
  creating $macc model for $add$rtl/x1_y2_kimi.v:112$425 ($add).
  creating $macc model for $add$rtl/x1_y2_kimi.v:112$427 ($add).
  creating $macc model for $add$rtl/x1_y2_kimi.v:112$429 ($add).
  creating $macc model for $add$rtl/x1_y2_kimi.v:112$43 ($add).
  creating $macc model for $add$rtl/x1_y2_kimi.v:112$431 ($add).
  creating $macc model for $add$rtl/x1_y2_kimi.v:112$433 ($add).
  creating $macc model for $add$rtl/x1_y2_kimi.v:112$435 ($add).
  creating $macc model for $add$rtl/x1_y2_kimi.v:112$437 ($add).
  creating $macc model for $add$rtl/x1_y2_kimi.v:112$439 ($add).
  creating $macc model for $add$rtl/x1_y2_kimi.v:112$441 ($add).
  creating $macc model for $add$rtl/x1_y2_kimi.v:112$443 ($add).
  creating $macc model for $add$rtl/x1_y2_kimi.v:112$445 ($add).
  creating $macc model for $add$rtl/x1_y2_kimi.v:112$447 ($add).
  creating $macc model for $add$rtl/x1_y2_kimi.v:112$449 ($add).
  creating $macc model for $add$rtl/x1_y2_kimi.v:112$45 ($add).
  creating $macc model for $add$rtl/x1_y2_kimi.v:112$451 ($add).
  creating $macc model for $add$rtl/x1_y2_kimi.v:112$453 ($add).
  creating $macc model for $add$rtl/x1_y2_kimi.v:112$455 ($add).
  creating $macc model for $add$rtl/x1_y2_kimi.v:112$457 ($add).
  creating $macc model for $add$rtl/x1_y2_kimi.v:112$459 ($add).
  creating $macc model for $add$rtl/x1_y2_kimi.v:112$461 ($add).
  creating $macc model for $add$rtl/x1_y2_kimi.v:112$463 ($add).
  creating $macc model for $add$rtl/x1_y2_kimi.v:112$465 ($add).
  creating $macc model for $add$rtl/x1_y2_kimi.v:112$467 ($add).
  creating $macc model for $add$rtl/x1_y2_kimi.v:112$469 ($add).
  creating $macc model for $add$rtl/x1_y2_kimi.v:112$47 ($add).
  creating $macc model for $add$rtl/x1_y2_kimi.v:112$471 ($add).
  creating $macc model for $add$rtl/x1_y2_kimi.v:112$473 ($add).
  creating $macc model for $add$rtl/x1_y2_kimi.v:112$475 ($add).
  creating $macc model for $add$rtl/x1_y2_kimi.v:112$477 ($add).
  creating $macc model for $add$rtl/x1_y2_kimi.v:112$479 ($add).
  creating $macc model for $add$rtl/x1_y2_kimi.v:112$481 ($add).
  creating $macc model for $add$rtl/x1_y2_kimi.v:112$483 ($add).
  creating $macc model for $add$rtl/x1_y2_kimi.v:112$485 ($add).
  creating $macc model for $add$rtl/x1_y2_kimi.v:112$487 ($add).
  creating $macc model for $add$rtl/x1_y2_kimi.v:112$489 ($add).
  creating $macc model for $add$rtl/x1_y2_kimi.v:112$49 ($add).
  creating $macc model for $add$rtl/x1_y2_kimi.v:112$491 ($add).
  creating $macc model for $add$rtl/x1_y2_kimi.v:112$493 ($add).
  creating $macc model for $add$rtl/x1_y2_kimi.v:112$495 ($add).
  creating $macc model for $add$rtl/x1_y2_kimi.v:112$497 ($add).
  creating $macc model for $add$rtl/x1_y2_kimi.v:112$499 ($add).
  creating $macc model for $add$rtl/x1_y2_kimi.v:112$501 ($add).
  creating $macc model for $add$rtl/x1_y2_kimi.v:112$503 ($add).
  creating $macc model for $add$rtl/x1_y2_kimi.v:112$505 ($add).
  creating $macc model for $add$rtl/x1_y2_kimi.v:112$507 ($add).
  creating $macc model for $add$rtl/x1_y2_kimi.v:112$509 ($add).
  creating $macc model for $add$rtl/x1_y2_kimi.v:112$51 ($add).
  creating $macc model for $add$rtl/x1_y2_kimi.v:112$511 ($add).
  creating $macc model for $add$rtl/x1_y2_kimi.v:112$513 ($add).
  creating $macc model for $add$rtl/x1_y2_kimi.v:112$515 ($add).
  creating $macc model for $add$rtl/x1_y2_kimi.v:112$517 ($add).
  creating $macc model for $add$rtl/x1_y2_kimi.v:112$519 ($add).
  creating $macc model for $add$rtl/x1_y2_kimi.v:112$521 ($add).
  creating $macc model for $add$rtl/x1_y2_kimi.v:112$523 ($add).
  creating $macc model for $add$rtl/x1_y2_kimi.v:112$525 ($add).
  creating $macc model for $add$rtl/x1_y2_kimi.v:112$527 ($add).
  creating $macc model for $add$rtl/x1_y2_kimi.v:112$529 ($add).
  creating $macc model for $add$rtl/x1_y2_kimi.v:112$53 ($add).
  creating $macc model for $add$rtl/x1_y2_kimi.v:112$531 ($add).
  creating $macc model for $add$rtl/x1_y2_kimi.v:112$533 ($add).
  creating $macc model for $add$rtl/x1_y2_kimi.v:112$535 ($add).
  creating $macc model for $add$rtl/x1_y2_kimi.v:112$537 ($add).
  creating $macc model for $add$rtl/x1_y2_kimi.v:112$539 ($add).
  creating $macc model for $add$rtl/x1_y2_kimi.v:112$541 ($add).
  creating $macc model for $add$rtl/x1_y2_kimi.v:112$543 ($add).
  creating $macc model for $add$rtl/x1_y2_kimi.v:112$545 ($add).
  creating $macc model for $add$rtl/x1_y2_kimi.v:112$55 ($add).
  creating $macc model for $add$rtl/x1_y2_kimi.v:112$57 ($add).
  creating $macc model for $add$rtl/x1_y2_kimi.v:112$59 ($add).
  creating $macc model for $add$rtl/x1_y2_kimi.v:112$61 ($add).
  creating $macc model for $add$rtl/x1_y2_kimi.v:112$63 ($add).
  creating $macc model for $add$rtl/x1_y2_kimi.v:112$65 ($add).
  creating $macc model for $add$rtl/x1_y2_kimi.v:112$67 ($add).
  creating $macc model for $add$rtl/x1_y2_kimi.v:112$69 ($add).
  creating $macc model for $add$rtl/x1_y2_kimi.v:112$71 ($add).
  creating $macc model for $add$rtl/x1_y2_kimi.v:112$73 ($add).
  creating $macc model for $add$rtl/x1_y2_kimi.v:112$75 ($add).
  creating $macc model for $add$rtl/x1_y2_kimi.v:112$77 ($add).
  creating $macc model for $add$rtl/x1_y2_kimi.v:112$79 ($add).
  creating $macc model for $add$rtl/x1_y2_kimi.v:112$81 ($add).
  creating $macc model for $add$rtl/x1_y2_kimi.v:112$83 ($add).
  creating $macc model for $add$rtl/x1_y2_kimi.v:112$85 ($add).
  creating $macc model for $add$rtl/x1_y2_kimi.v:112$87 ($add).
  creating $macc model for $add$rtl/x1_y2_kimi.v:112$89 ($add).
  creating $macc model for $add$rtl/x1_y2_kimi.v:112$91 ($add).
  creating $macc model for $add$rtl/x1_y2_kimi.v:112$93 ($add).
  creating $macc model for $add$rtl/x1_y2_kimi.v:112$95 ($add).
  creating $macc model for $add$rtl/x1_y2_kimi.v:112$97 ($add).
  creating $macc model for $add$rtl/x1_y2_kimi.v:112$99 ($add).
  creating $macc model for $add$rtl/x1_y2_kimi.v:115$546 ($add).
  creating $macc model for $add$rtl/x1_y2_kimi.v:177$551 ($add).
  creating $macc model for $add$rtl/x1_y2_kimi.v:180$552 ($add).
  creating $macc model for $mul$rtl/x1_y2_kimi.v:111$100 ($mul).
  creating $macc model for $mul$rtl/x1_y2_kimi.v:111$102 ($mul).
  creating $macc model for $mul$rtl/x1_y2_kimi.v:111$104 ($mul).
  creating $macc model for $mul$rtl/x1_y2_kimi.v:111$106 ($mul).
  creating $macc model for $mul$rtl/x1_y2_kimi.v:111$108 ($mul).
  creating $macc model for $mul$rtl/x1_y2_kimi.v:111$110 ($mul).
  creating $macc model for $mul$rtl/x1_y2_kimi.v:111$112 ($mul).
  creating $macc model for $mul$rtl/x1_y2_kimi.v:111$114 ($mul).
  creating $macc model for $mul$rtl/x1_y2_kimi.v:111$116 ($mul).
  creating $macc model for $mul$rtl/x1_y2_kimi.v:111$118 ($mul).
  creating $macc model for $mul$rtl/x1_y2_kimi.v:111$120 ($mul).
  creating $macc model for $mul$rtl/x1_y2_kimi.v:111$122 ($mul).
  creating $macc model for $mul$rtl/x1_y2_kimi.v:111$124 ($mul).
  creating $macc model for $mul$rtl/x1_y2_kimi.v:111$126 ($mul).
  creating $macc model for $mul$rtl/x1_y2_kimi.v:111$128 ($mul).
  creating $macc model for $mul$rtl/x1_y2_kimi.v:111$130 ($mul).
  creating $macc model for $mul$rtl/x1_y2_kimi.v:111$132 ($mul).
  creating $macc model for $mul$rtl/x1_y2_kimi.v:111$134 ($mul).
  creating $macc model for $mul$rtl/x1_y2_kimi.v:111$136 ($mul).
  creating $macc model for $mul$rtl/x1_y2_kimi.v:111$138 ($mul).
  creating $macc model for $mul$rtl/x1_y2_kimi.v:111$140 ($mul).
  creating $macc model for $mul$rtl/x1_y2_kimi.v:111$142 ($mul).
  creating $macc model for $mul$rtl/x1_y2_kimi.v:111$144 ($mul).
  creating $macc model for $mul$rtl/x1_y2_kimi.v:111$146 ($mul).
  creating $macc model for $mul$rtl/x1_y2_kimi.v:111$148 ($mul).
  creating $macc model for $mul$rtl/x1_y2_kimi.v:111$150 ($mul).
  creating $macc model for $mul$rtl/x1_y2_kimi.v:111$152 ($mul).
  creating $macc model for $mul$rtl/x1_y2_kimi.v:111$154 ($mul).
  creating $macc model for $mul$rtl/x1_y2_kimi.v:111$156 ($mul).
  creating $macc model for $mul$rtl/x1_y2_kimi.v:111$158 ($mul).
  creating $macc model for $mul$rtl/x1_y2_kimi.v:111$160 ($mul).
  creating $macc model for $mul$rtl/x1_y2_kimi.v:111$162 ($mul).
  creating $macc model for $mul$rtl/x1_y2_kimi.v:111$164 ($mul).
  creating $macc model for $mul$rtl/x1_y2_kimi.v:111$166 ($mul).
  creating $macc model for $mul$rtl/x1_y2_kimi.v:111$168 ($mul).
  creating $macc model for $mul$rtl/x1_y2_kimi.v:111$170 ($mul).
  creating $macc model for $mul$rtl/x1_y2_kimi.v:111$172 ($mul).
  creating $macc model for $mul$rtl/x1_y2_kimi.v:111$174 ($mul).
  creating $macc model for $mul$rtl/x1_y2_kimi.v:111$176 ($mul).
  creating $macc model for $mul$rtl/x1_y2_kimi.v:111$178 ($mul).
  creating $macc model for $mul$rtl/x1_y2_kimi.v:111$180 ($mul).
  creating $macc model for $mul$rtl/x1_y2_kimi.v:111$182 ($mul).
  creating $macc model for $mul$rtl/x1_y2_kimi.v:111$184 ($mul).
  creating $macc model for $mul$rtl/x1_y2_kimi.v:111$186 ($mul).
  creating $macc model for $mul$rtl/x1_y2_kimi.v:111$188 ($mul).
  creating $macc model for $mul$rtl/x1_y2_kimi.v:111$190 ($mul).
  creating $macc model for $mul$rtl/x1_y2_kimi.v:111$192 ($mul).
  creating $macc model for $mul$rtl/x1_y2_kimi.v:111$194 ($mul).
  creating $macc model for $mul$rtl/x1_y2_kimi.v:111$196 ($mul).
  creating $macc model for $mul$rtl/x1_y2_kimi.v:111$198 ($mul).
  creating $macc model for $mul$rtl/x1_y2_kimi.v:111$200 ($mul).
  creating $macc model for $mul$rtl/x1_y2_kimi.v:111$202 ($mul).
  creating $macc model for $mul$rtl/x1_y2_kimi.v:111$204 ($mul).
  creating $macc model for $mul$rtl/x1_y2_kimi.v:111$206 ($mul).
  creating $macc model for $mul$rtl/x1_y2_kimi.v:111$208 ($mul).
  creating $macc model for $mul$rtl/x1_y2_kimi.v:111$210 ($mul).
  creating $macc model for $mul$rtl/x1_y2_kimi.v:111$212 ($mul).
  creating $macc model for $mul$rtl/x1_y2_kimi.v:111$214 ($mul).
  creating $macc model for $mul$rtl/x1_y2_kimi.v:111$216 ($mul).
  creating $macc model for $mul$rtl/x1_y2_kimi.v:111$218 ($mul).
  creating $macc model for $mul$rtl/x1_y2_kimi.v:111$220 ($mul).
  creating $macc model for $mul$rtl/x1_y2_kimi.v:111$222 ($mul).
  creating $macc model for $mul$rtl/x1_y2_kimi.v:111$224 ($mul).
  creating $macc model for $mul$rtl/x1_y2_kimi.v:111$226 ($mul).
  creating $macc model for $mul$rtl/x1_y2_kimi.v:111$228 ($mul).
  creating $macc model for $mul$rtl/x1_y2_kimi.v:111$230 ($mul).
  creating $macc model for $mul$rtl/x1_y2_kimi.v:111$232 ($mul).
  creating $macc model for $mul$rtl/x1_y2_kimi.v:111$234 ($mul).
  creating $macc model for $mul$rtl/x1_y2_kimi.v:111$236 ($mul).
  creating $macc model for $mul$rtl/x1_y2_kimi.v:111$238 ($mul).
  creating $macc model for $mul$rtl/x1_y2_kimi.v:111$240 ($mul).
  creating $macc model for $mul$rtl/x1_y2_kimi.v:111$242 ($mul).
  creating $macc model for $mul$rtl/x1_y2_kimi.v:111$244 ($mul).
  creating $macc model for $mul$rtl/x1_y2_kimi.v:111$246 ($mul).
  creating $macc model for $mul$rtl/x1_y2_kimi.v:111$248 ($mul).
  creating $macc model for $mul$rtl/x1_y2_kimi.v:111$250 ($mul).
  creating $macc model for $mul$rtl/x1_y2_kimi.v:111$252 ($mul).
  creating $macc model for $mul$rtl/x1_y2_kimi.v:111$254 ($mul).
  creating $macc model for $mul$rtl/x1_y2_kimi.v:111$256 ($mul).
  creating $macc model for $mul$rtl/x1_y2_kimi.v:111$258 ($mul).
  creating $macc model for $mul$rtl/x1_y2_kimi.v:111$260 ($mul).
  creating $macc model for $mul$rtl/x1_y2_kimi.v:111$262 ($mul).
  creating $macc model for $mul$rtl/x1_y2_kimi.v:111$264 ($mul).
  creating $macc model for $mul$rtl/x1_y2_kimi.v:111$266 ($mul).
  creating $macc model for $mul$rtl/x1_y2_kimi.v:111$268 ($mul).
  creating $macc model for $mul$rtl/x1_y2_kimi.v:111$270 ($mul).
  creating $macc model for $mul$rtl/x1_y2_kimi.v:111$272 ($mul).
  creating $macc model for $mul$rtl/x1_y2_kimi.v:111$274 ($mul).
  creating $macc model for $mul$rtl/x1_y2_kimi.v:111$276 ($mul).
  creating $macc model for $mul$rtl/x1_y2_kimi.v:111$278 ($mul).
  creating $macc model for $mul$rtl/x1_y2_kimi.v:111$280 ($mul).
  creating $macc model for $mul$rtl/x1_y2_kimi.v:111$282 ($mul).
  creating $macc model for $mul$rtl/x1_y2_kimi.v:111$284 ($mul).
  creating $macc model for $mul$rtl/x1_y2_kimi.v:111$286 ($mul).
  creating $macc model for $mul$rtl/x1_y2_kimi.v:111$288 ($mul).
  creating $macc model for $mul$rtl/x1_y2_kimi.v:111$290 ($mul).
  creating $macc model for $mul$rtl/x1_y2_kimi.v:111$292 ($mul).
  creating $macc model for $mul$rtl/x1_y2_kimi.v:111$294 ($mul).
  creating $macc model for $mul$rtl/x1_y2_kimi.v:111$296 ($mul).
  creating $macc model for $mul$rtl/x1_y2_kimi.v:111$298 ($mul).
  creating $macc model for $mul$rtl/x1_y2_kimi.v:111$300 ($mul).
  creating $macc model for $mul$rtl/x1_y2_kimi.v:111$302 ($mul).
  creating $macc model for $mul$rtl/x1_y2_kimi.v:111$304 ($mul).
  creating $macc model for $mul$rtl/x1_y2_kimi.v:111$306 ($mul).
  creating $macc model for $mul$rtl/x1_y2_kimi.v:111$308 ($mul).
  creating $macc model for $mul$rtl/x1_y2_kimi.v:111$310 ($mul).
  creating $macc model for $mul$rtl/x1_y2_kimi.v:111$312 ($mul).
  creating $macc model for $mul$rtl/x1_y2_kimi.v:111$314 ($mul).
  creating $macc model for $mul$rtl/x1_y2_kimi.v:111$316 ($mul).
  creating $macc model for $mul$rtl/x1_y2_kimi.v:111$318 ($mul).
  creating $macc model for $mul$rtl/x1_y2_kimi.v:111$320 ($mul).
  creating $macc model for $mul$rtl/x1_y2_kimi.v:111$322 ($mul).
  creating $macc model for $mul$rtl/x1_y2_kimi.v:111$324 ($mul).
  creating $macc model for $mul$rtl/x1_y2_kimi.v:111$326 ($mul).
  creating $macc model for $mul$rtl/x1_y2_kimi.v:111$328 ($mul).
  creating $macc model for $mul$rtl/x1_y2_kimi.v:111$330 ($mul).
  creating $macc model for $mul$rtl/x1_y2_kimi.v:111$332 ($mul).
  creating $macc model for $mul$rtl/x1_y2_kimi.v:111$334 ($mul).
  creating $macc model for $mul$rtl/x1_y2_kimi.v:111$336 ($mul).
  creating $macc model for $mul$rtl/x1_y2_kimi.v:111$338 ($mul).
  creating $macc model for $mul$rtl/x1_y2_kimi.v:111$34 ($mul).
  creating $macc model for $mul$rtl/x1_y2_kimi.v:111$340 ($mul).
  creating $macc model for $mul$rtl/x1_y2_kimi.v:111$342 ($mul).
  creating $macc model for $mul$rtl/x1_y2_kimi.v:111$344 ($mul).
  creating $macc model for $mul$rtl/x1_y2_kimi.v:111$346 ($mul).
  creating $macc model for $mul$rtl/x1_y2_kimi.v:111$348 ($mul).
  creating $macc model for $mul$rtl/x1_y2_kimi.v:111$350 ($mul).
  creating $macc model for $mul$rtl/x1_y2_kimi.v:111$352 ($mul).
  creating $macc model for $mul$rtl/x1_y2_kimi.v:111$354 ($mul).
  creating $macc model for $mul$rtl/x1_y2_kimi.v:111$356 ($mul).
  creating $macc model for $mul$rtl/x1_y2_kimi.v:111$358 ($mul).
  creating $macc model for $mul$rtl/x1_y2_kimi.v:111$36 ($mul).
  creating $macc model for $mul$rtl/x1_y2_kimi.v:111$360 ($mul).
  creating $macc model for $mul$rtl/x1_y2_kimi.v:111$362 ($mul).
  creating $macc model for $mul$rtl/x1_y2_kimi.v:111$364 ($mul).
  creating $macc model for $mul$rtl/x1_y2_kimi.v:111$366 ($mul).
  creating $macc model for $mul$rtl/x1_y2_kimi.v:111$368 ($mul).
  creating $macc model for $mul$rtl/x1_y2_kimi.v:111$370 ($mul).
  creating $macc model for $mul$rtl/x1_y2_kimi.v:111$372 ($mul).
  creating $macc model for $mul$rtl/x1_y2_kimi.v:111$374 ($mul).
  creating $macc model for $mul$rtl/x1_y2_kimi.v:111$376 ($mul).
  creating $macc model for $mul$rtl/x1_y2_kimi.v:111$378 ($mul).
  creating $macc model for $mul$rtl/x1_y2_kimi.v:111$38 ($mul).
  creating $macc model for $mul$rtl/x1_y2_kimi.v:111$380 ($mul).
  creating $macc model for $mul$rtl/x1_y2_kimi.v:111$382 ($mul).
  creating $macc model for $mul$rtl/x1_y2_kimi.v:111$384 ($mul).
  creating $macc model for $mul$rtl/x1_y2_kimi.v:111$386 ($mul).
  creating $macc model for $mul$rtl/x1_y2_kimi.v:111$388 ($mul).
  creating $macc model for $mul$rtl/x1_y2_kimi.v:111$390 ($mul).
  creating $macc model for $mul$rtl/x1_y2_kimi.v:111$392 ($mul).
  creating $macc model for $mul$rtl/x1_y2_kimi.v:111$394 ($mul).
  creating $macc model for $mul$rtl/x1_y2_kimi.v:111$396 ($mul).
  creating $macc model for $mul$rtl/x1_y2_kimi.v:111$398 ($mul).
  creating $macc model for $mul$rtl/x1_y2_kimi.v:111$40 ($mul).
  creating $macc model for $mul$rtl/x1_y2_kimi.v:111$400 ($mul).
  creating $macc model for $mul$rtl/x1_y2_kimi.v:111$402 ($mul).
  creating $macc model for $mul$rtl/x1_y2_kimi.v:111$404 ($mul).
  creating $macc model for $mul$rtl/x1_y2_kimi.v:111$406 ($mul).
  creating $macc model for $mul$rtl/x1_y2_kimi.v:111$408 ($mul).
  creating $macc model for $mul$rtl/x1_y2_kimi.v:111$410 ($mul).
  creating $macc model for $mul$rtl/x1_y2_kimi.v:111$412 ($mul).
  creating $macc model for $mul$rtl/x1_y2_kimi.v:111$414 ($mul).
  creating $macc model for $mul$rtl/x1_y2_kimi.v:111$416 ($mul).
  creating $macc model for $mul$rtl/x1_y2_kimi.v:111$418 ($mul).
  creating $macc model for $mul$rtl/x1_y2_kimi.v:111$42 ($mul).
  creating $macc model for $mul$rtl/x1_y2_kimi.v:111$420 ($mul).
  creating $macc model for $mul$rtl/x1_y2_kimi.v:111$422 ($mul).
  creating $macc model for $mul$rtl/x1_y2_kimi.v:111$424 ($mul).
  creating $macc model for $mul$rtl/x1_y2_kimi.v:111$426 ($mul).
  creating $macc model for $mul$rtl/x1_y2_kimi.v:111$428 ($mul).
  creating $macc model for $mul$rtl/x1_y2_kimi.v:111$430 ($mul).
  creating $macc model for $mul$rtl/x1_y2_kimi.v:111$432 ($mul).
  creating $macc model for $mul$rtl/x1_y2_kimi.v:111$434 ($mul).
  creating $macc model for $mul$rtl/x1_y2_kimi.v:111$436 ($mul).
  creating $macc model for $mul$rtl/x1_y2_kimi.v:111$438 ($mul).
  creating $macc model for $mul$rtl/x1_y2_kimi.v:111$44 ($mul).
  creating $macc model for $mul$rtl/x1_y2_kimi.v:111$440 ($mul).
  creating $macc model for $mul$rtl/x1_y2_kimi.v:111$442 ($mul).
  creating $macc model for $mul$rtl/x1_y2_kimi.v:111$444 ($mul).
  creating $macc model for $mul$rtl/x1_y2_kimi.v:111$446 ($mul).
  creating $macc model for $mul$rtl/x1_y2_kimi.v:111$448 ($mul).
  creating $macc model for $mul$rtl/x1_y2_kimi.v:111$450 ($mul).
  creating $macc model for $mul$rtl/x1_y2_kimi.v:111$452 ($mul).
  creating $macc model for $mul$rtl/x1_y2_kimi.v:111$454 ($mul).
  creating $macc model for $mul$rtl/x1_y2_kimi.v:111$456 ($mul).
  creating $macc model for $mul$rtl/x1_y2_kimi.v:111$458 ($mul).
  creating $macc model for $mul$rtl/x1_y2_kimi.v:111$46 ($mul).
  creating $macc model for $mul$rtl/x1_y2_kimi.v:111$460 ($mul).
  creating $macc model for $mul$rtl/x1_y2_kimi.v:111$462 ($mul).
  creating $macc model for $mul$rtl/x1_y2_kimi.v:111$464 ($mul).
  creating $macc model for $mul$rtl/x1_y2_kimi.v:111$466 ($mul).
  creating $macc model for $mul$rtl/x1_y2_kimi.v:111$468 ($mul).
  creating $macc model for $mul$rtl/x1_y2_kimi.v:111$470 ($mul).
  creating $macc model for $mul$rtl/x1_y2_kimi.v:111$472 ($mul).
  creating $macc model for $mul$rtl/x1_y2_kimi.v:111$474 ($mul).
  creating $macc model for $mul$rtl/x1_y2_kimi.v:111$476 ($mul).
  creating $macc model for $mul$rtl/x1_y2_kimi.v:111$478 ($mul).
  creating $macc model for $mul$rtl/x1_y2_kimi.v:111$48 ($mul).
  creating $macc model for $mul$rtl/x1_y2_kimi.v:111$480 ($mul).
  creating $macc model for $mul$rtl/x1_y2_kimi.v:111$482 ($mul).
  creating $macc model for $mul$rtl/x1_y2_kimi.v:111$484 ($mul).
  creating $macc model for $mul$rtl/x1_y2_kimi.v:111$486 ($mul).
  creating $macc model for $mul$rtl/x1_y2_kimi.v:111$488 ($mul).
  creating $macc model for $mul$rtl/x1_y2_kimi.v:111$490 ($mul).
  creating $macc model for $mul$rtl/x1_y2_kimi.v:111$492 ($mul).
  creating $macc model for $mul$rtl/x1_y2_kimi.v:111$494 ($mul).
  creating $macc model for $mul$rtl/x1_y2_kimi.v:111$496 ($mul).
  creating $macc model for $mul$rtl/x1_y2_kimi.v:111$498 ($mul).
  creating $macc model for $mul$rtl/x1_y2_kimi.v:111$50 ($mul).
  creating $macc model for $mul$rtl/x1_y2_kimi.v:111$500 ($mul).
  creating $macc model for $mul$rtl/x1_y2_kimi.v:111$502 ($mul).
  creating $macc model for $mul$rtl/x1_y2_kimi.v:111$504 ($mul).
  creating $macc model for $mul$rtl/x1_y2_kimi.v:111$506 ($mul).
  creating $macc model for $mul$rtl/x1_y2_kimi.v:111$508 ($mul).
  creating $macc model for $mul$rtl/x1_y2_kimi.v:111$510 ($mul).
  creating $macc model for $mul$rtl/x1_y2_kimi.v:111$512 ($mul).
  creating $macc model for $mul$rtl/x1_y2_kimi.v:111$514 ($mul).
  creating $macc model for $mul$rtl/x1_y2_kimi.v:111$516 ($mul).
  creating $macc model for $mul$rtl/x1_y2_kimi.v:111$518 ($mul).
  creating $macc model for $mul$rtl/x1_y2_kimi.v:111$52 ($mul).
  creating $macc model for $mul$rtl/x1_y2_kimi.v:111$520 ($mul).
  creating $macc model for $mul$rtl/x1_y2_kimi.v:111$522 ($mul).
  creating $macc model for $mul$rtl/x1_y2_kimi.v:111$524 ($mul).
  creating $macc model for $mul$rtl/x1_y2_kimi.v:111$526 ($mul).
  creating $macc model for $mul$rtl/x1_y2_kimi.v:111$528 ($mul).
  creating $macc model for $mul$rtl/x1_y2_kimi.v:111$530 ($mul).
  creating $macc model for $mul$rtl/x1_y2_kimi.v:111$532 ($mul).
  creating $macc model for $mul$rtl/x1_y2_kimi.v:111$534 ($mul).
  creating $macc model for $mul$rtl/x1_y2_kimi.v:111$536 ($mul).
  creating $macc model for $mul$rtl/x1_y2_kimi.v:111$538 ($mul).
  creating $macc model for $mul$rtl/x1_y2_kimi.v:111$54 ($mul).
  creating $macc model for $mul$rtl/x1_y2_kimi.v:111$540 ($mul).
  creating $macc model for $mul$rtl/x1_y2_kimi.v:111$542 ($mul).
  creating $macc model for $mul$rtl/x1_y2_kimi.v:111$544 ($mul).
  creating $macc model for $mul$rtl/x1_y2_kimi.v:111$56 ($mul).
  creating $macc model for $mul$rtl/x1_y2_kimi.v:111$58 ($mul).
  creating $macc model for $mul$rtl/x1_y2_kimi.v:111$60 ($mul).
  creating $macc model for $mul$rtl/x1_y2_kimi.v:111$62 ($mul).
  creating $macc model for $mul$rtl/x1_y2_kimi.v:111$64 ($mul).
  creating $macc model for $mul$rtl/x1_y2_kimi.v:111$66 ($mul).
  creating $macc model for $mul$rtl/x1_y2_kimi.v:111$68 ($mul).
  creating $macc model for $mul$rtl/x1_y2_kimi.v:111$70 ($mul).
  creating $macc model for $mul$rtl/x1_y2_kimi.v:111$72 ($mul).
  creating $macc model for $mul$rtl/x1_y2_kimi.v:111$74 ($mul).
  creating $macc model for $mul$rtl/x1_y2_kimi.v:111$76 ($mul).
  creating $macc model for $mul$rtl/x1_y2_kimi.v:111$78 ($mul).
  creating $macc model for $mul$rtl/x1_y2_kimi.v:111$80 ($mul).
  creating $macc model for $mul$rtl/x1_y2_kimi.v:111$82 ($mul).
  creating $macc model for $mul$rtl/x1_y2_kimi.v:111$84 ($mul).
  creating $macc model for $mul$rtl/x1_y2_kimi.v:111$86 ($mul).
  creating $macc model for $mul$rtl/x1_y2_kimi.v:111$88 ($mul).
  creating $macc model for $mul$rtl/x1_y2_kimi.v:111$90 ($mul).
  creating $macc model for $mul$rtl/x1_y2_kimi.v:111$92 ($mul).
  creating $macc model for $mul$rtl/x1_y2_kimi.v:111$94 ($mul).
  creating $macc model for $mul$rtl/x1_y2_kimi.v:111$96 ($mul).
  creating $macc model for $mul$rtl/x1_y2_kimi.v:111$98 ($mul).
  merging $macc model for $mul$rtl/x1_y2_kimi.v:111$98 into $add$rtl/x1_y2_kimi.v:112$99.
  merging $macc model for $mul$rtl/x1_y2_kimi.v:111$96 into $add$rtl/x1_y2_kimi.v:112$97.
  merging $macc model for $mul$rtl/x1_y2_kimi.v:111$94 into $add$rtl/x1_y2_kimi.v:112$95.
  merging $macc model for $mul$rtl/x1_y2_kimi.v:111$92 into $add$rtl/x1_y2_kimi.v:112$93.
  merging $macc model for $mul$rtl/x1_y2_kimi.v:111$90 into $add$rtl/x1_y2_kimi.v:112$91.
  merging $macc model for $mul$rtl/x1_y2_kimi.v:111$88 into $add$rtl/x1_y2_kimi.v:112$89.
  merging $macc model for $mul$rtl/x1_y2_kimi.v:111$86 into $add$rtl/x1_y2_kimi.v:112$87.
  merging $macc model for $mul$rtl/x1_y2_kimi.v:111$84 into $add$rtl/x1_y2_kimi.v:112$85.
  merging $macc model for $mul$rtl/x1_y2_kimi.v:111$82 into $add$rtl/x1_y2_kimi.v:112$83.
  merging $macc model for $mul$rtl/x1_y2_kimi.v:111$80 into $add$rtl/x1_y2_kimi.v:112$81.
  merging $macc model for $mul$rtl/x1_y2_kimi.v:111$78 into $add$rtl/x1_y2_kimi.v:112$79.
  merging $macc model for $mul$rtl/x1_y2_kimi.v:111$76 into $add$rtl/x1_y2_kimi.v:112$77.
  merging $macc model for $mul$rtl/x1_y2_kimi.v:111$74 into $add$rtl/x1_y2_kimi.v:112$75.
  merging $macc model for $mul$rtl/x1_y2_kimi.v:111$72 into $add$rtl/x1_y2_kimi.v:112$73.
  merging $macc model for $mul$rtl/x1_y2_kimi.v:111$70 into $add$rtl/x1_y2_kimi.v:112$71.
  merging $macc model for $mul$rtl/x1_y2_kimi.v:111$68 into $add$rtl/x1_y2_kimi.v:112$69.
  merging $macc model for $mul$rtl/x1_y2_kimi.v:111$66 into $add$rtl/x1_y2_kimi.v:112$67.
  merging $macc model for $mul$rtl/x1_y2_kimi.v:111$64 into $add$rtl/x1_y2_kimi.v:112$65.
  merging $macc model for $mul$rtl/x1_y2_kimi.v:111$62 into $add$rtl/x1_y2_kimi.v:112$63.
  merging $macc model for $mul$rtl/x1_y2_kimi.v:111$60 into $add$rtl/x1_y2_kimi.v:112$61.
  merging $macc model for $mul$rtl/x1_y2_kimi.v:111$58 into $add$rtl/x1_y2_kimi.v:112$59.
  merging $macc model for $mul$rtl/x1_y2_kimi.v:111$56 into $add$rtl/x1_y2_kimi.v:112$57.
  merging $macc model for $mul$rtl/x1_y2_kimi.v:111$54 into $add$rtl/x1_y2_kimi.v:112$55.
  merging $macc model for $mul$rtl/x1_y2_kimi.v:111$544 into $add$rtl/x1_y2_kimi.v:112$545.
  merging $macc model for $mul$rtl/x1_y2_kimi.v:111$542 into $add$rtl/x1_y2_kimi.v:112$543.
  merging $macc model for $mul$rtl/x1_y2_kimi.v:111$540 into $add$rtl/x1_y2_kimi.v:112$541.
  merging $macc model for $mul$rtl/x1_y2_kimi.v:111$538 into $add$rtl/x1_y2_kimi.v:112$539.
  merging $macc model for $mul$rtl/x1_y2_kimi.v:111$536 into $add$rtl/x1_y2_kimi.v:112$537.
  merging $macc model for $mul$rtl/x1_y2_kimi.v:111$534 into $add$rtl/x1_y2_kimi.v:112$535.
  merging $macc model for $mul$rtl/x1_y2_kimi.v:111$532 into $add$rtl/x1_y2_kimi.v:112$533.
  merging $macc model for $mul$rtl/x1_y2_kimi.v:111$530 into $add$rtl/x1_y2_kimi.v:112$531.
  merging $macc model for $mul$rtl/x1_y2_kimi.v:111$52 into $add$rtl/x1_y2_kimi.v:112$53.
  merging $macc model for $mul$rtl/x1_y2_kimi.v:111$528 into $add$rtl/x1_y2_kimi.v:112$529.
  merging $macc model for $mul$rtl/x1_y2_kimi.v:111$526 into $add$rtl/x1_y2_kimi.v:112$527.
  merging $macc model for $mul$rtl/x1_y2_kimi.v:111$524 into $add$rtl/x1_y2_kimi.v:112$525.
  merging $macc model for $mul$rtl/x1_y2_kimi.v:111$522 into $add$rtl/x1_y2_kimi.v:112$523.
  merging $macc model for $mul$rtl/x1_y2_kimi.v:111$520 into $add$rtl/x1_y2_kimi.v:112$521.
  merging $macc model for $mul$rtl/x1_y2_kimi.v:111$518 into $add$rtl/x1_y2_kimi.v:112$519.
  merging $macc model for $mul$rtl/x1_y2_kimi.v:111$516 into $add$rtl/x1_y2_kimi.v:112$517.
  merging $macc model for $mul$rtl/x1_y2_kimi.v:111$514 into $add$rtl/x1_y2_kimi.v:112$515.
  merging $macc model for $mul$rtl/x1_y2_kimi.v:111$512 into $add$rtl/x1_y2_kimi.v:112$513.
  merging $macc model for $mul$rtl/x1_y2_kimi.v:111$510 into $add$rtl/x1_y2_kimi.v:112$511.
  merging $macc model for $mul$rtl/x1_y2_kimi.v:111$50 into $add$rtl/x1_y2_kimi.v:112$51.
  merging $macc model for $mul$rtl/x1_y2_kimi.v:111$508 into $add$rtl/x1_y2_kimi.v:112$509.
  merging $macc model for $mul$rtl/x1_y2_kimi.v:111$506 into $add$rtl/x1_y2_kimi.v:112$507.
  merging $macc model for $mul$rtl/x1_y2_kimi.v:111$504 into $add$rtl/x1_y2_kimi.v:112$505.
  merging $macc model for $mul$rtl/x1_y2_kimi.v:111$502 into $add$rtl/x1_y2_kimi.v:112$503.
  merging $macc model for $mul$rtl/x1_y2_kimi.v:111$500 into $add$rtl/x1_y2_kimi.v:112$501.
  merging $macc model for $mul$rtl/x1_y2_kimi.v:111$498 into $add$rtl/x1_y2_kimi.v:112$499.
  merging $macc model for $mul$rtl/x1_y2_kimi.v:111$496 into $add$rtl/x1_y2_kimi.v:112$497.
  merging $macc model for $mul$rtl/x1_y2_kimi.v:111$494 into $add$rtl/x1_y2_kimi.v:112$495.
  merging $macc model for $mul$rtl/x1_y2_kimi.v:111$492 into $add$rtl/x1_y2_kimi.v:112$493.
  merging $macc model for $mul$rtl/x1_y2_kimi.v:111$490 into $add$rtl/x1_y2_kimi.v:112$491.
  merging $macc model for $mul$rtl/x1_y2_kimi.v:111$48 into $add$rtl/x1_y2_kimi.v:112$49.
  merging $macc model for $mul$rtl/x1_y2_kimi.v:111$488 into $add$rtl/x1_y2_kimi.v:112$489.
  merging $macc model for $mul$rtl/x1_y2_kimi.v:111$486 into $add$rtl/x1_y2_kimi.v:112$487.
  merging $macc model for $mul$rtl/x1_y2_kimi.v:111$484 into $add$rtl/x1_y2_kimi.v:112$485.
  merging $macc model for $mul$rtl/x1_y2_kimi.v:111$482 into $add$rtl/x1_y2_kimi.v:112$483.
  merging $macc model for $mul$rtl/x1_y2_kimi.v:111$480 into $add$rtl/x1_y2_kimi.v:112$481.
  merging $macc model for $mul$rtl/x1_y2_kimi.v:111$478 into $add$rtl/x1_y2_kimi.v:112$479.
  merging $macc model for $mul$rtl/x1_y2_kimi.v:111$476 into $add$rtl/x1_y2_kimi.v:112$477.
  merging $macc model for $mul$rtl/x1_y2_kimi.v:111$474 into $add$rtl/x1_y2_kimi.v:112$475.
  merging $macc model for $mul$rtl/x1_y2_kimi.v:111$472 into $add$rtl/x1_y2_kimi.v:112$473.
  merging $macc model for $mul$rtl/x1_y2_kimi.v:111$470 into $add$rtl/x1_y2_kimi.v:112$471.
  merging $macc model for $mul$rtl/x1_y2_kimi.v:111$46 into $add$rtl/x1_y2_kimi.v:112$47.
  merging $macc model for $mul$rtl/x1_y2_kimi.v:111$468 into $add$rtl/x1_y2_kimi.v:112$469.
  merging $macc model for $mul$rtl/x1_y2_kimi.v:111$466 into $add$rtl/x1_y2_kimi.v:112$467.
  merging $macc model for $mul$rtl/x1_y2_kimi.v:111$464 into $add$rtl/x1_y2_kimi.v:112$465.
  merging $macc model for $mul$rtl/x1_y2_kimi.v:111$462 into $add$rtl/x1_y2_kimi.v:112$463.
  merging $macc model for $mul$rtl/x1_y2_kimi.v:111$460 into $add$rtl/x1_y2_kimi.v:112$461.
  merging $macc model for $mul$rtl/x1_y2_kimi.v:111$458 into $add$rtl/x1_y2_kimi.v:112$459.
  merging $macc model for $mul$rtl/x1_y2_kimi.v:111$456 into $add$rtl/x1_y2_kimi.v:112$457.
  merging $macc model for $mul$rtl/x1_y2_kimi.v:111$454 into $add$rtl/x1_y2_kimi.v:112$455.
  merging $macc model for $mul$rtl/x1_y2_kimi.v:111$452 into $add$rtl/x1_y2_kimi.v:112$453.
  merging $macc model for $mul$rtl/x1_y2_kimi.v:111$450 into $add$rtl/x1_y2_kimi.v:112$451.
  merging $macc model for $mul$rtl/x1_y2_kimi.v:111$44 into $add$rtl/x1_y2_kimi.v:112$45.
  merging $macc model for $mul$rtl/x1_y2_kimi.v:111$448 into $add$rtl/x1_y2_kimi.v:112$449.
  merging $macc model for $mul$rtl/x1_y2_kimi.v:111$446 into $add$rtl/x1_y2_kimi.v:112$447.
  merging $macc model for $mul$rtl/x1_y2_kimi.v:111$444 into $add$rtl/x1_y2_kimi.v:112$445.
  merging $macc model for $mul$rtl/x1_y2_kimi.v:111$442 into $add$rtl/x1_y2_kimi.v:112$443.
  merging $macc model for $mul$rtl/x1_y2_kimi.v:111$440 into $add$rtl/x1_y2_kimi.v:112$441.
  merging $macc model for $mul$rtl/x1_y2_kimi.v:111$438 into $add$rtl/x1_y2_kimi.v:112$439.
  merging $macc model for $mul$rtl/x1_y2_kimi.v:111$436 into $add$rtl/x1_y2_kimi.v:112$437.
  merging $macc model for $mul$rtl/x1_y2_kimi.v:111$434 into $add$rtl/x1_y2_kimi.v:112$435.
  merging $macc model for $mul$rtl/x1_y2_kimi.v:111$432 into $add$rtl/x1_y2_kimi.v:112$433.
  merging $macc model for $mul$rtl/x1_y2_kimi.v:111$430 into $add$rtl/x1_y2_kimi.v:112$431.
  merging $macc model for $mul$rtl/x1_y2_kimi.v:111$42 into $add$rtl/x1_y2_kimi.v:112$43.
  merging $macc model for $mul$rtl/x1_y2_kimi.v:111$428 into $add$rtl/x1_y2_kimi.v:112$429.
  merging $macc model for $mul$rtl/x1_y2_kimi.v:111$426 into $add$rtl/x1_y2_kimi.v:112$427.
  merging $macc model for $mul$rtl/x1_y2_kimi.v:111$424 into $add$rtl/x1_y2_kimi.v:112$425.
  merging $macc model for $mul$rtl/x1_y2_kimi.v:111$422 into $add$rtl/x1_y2_kimi.v:112$423.
  merging $macc model for $mul$rtl/x1_y2_kimi.v:111$420 into $add$rtl/x1_y2_kimi.v:112$421.
  merging $macc model for $mul$rtl/x1_y2_kimi.v:111$418 into $add$rtl/x1_y2_kimi.v:112$419.
  merging $macc model for $mul$rtl/x1_y2_kimi.v:111$416 into $add$rtl/x1_y2_kimi.v:112$417.
  merging $macc model for $mul$rtl/x1_y2_kimi.v:111$414 into $add$rtl/x1_y2_kimi.v:112$415.
  merging $macc model for $mul$rtl/x1_y2_kimi.v:111$412 into $add$rtl/x1_y2_kimi.v:112$413.
  merging $macc model for $mul$rtl/x1_y2_kimi.v:111$410 into $add$rtl/x1_y2_kimi.v:112$411.
  merging $macc model for $mul$rtl/x1_y2_kimi.v:111$40 into $add$rtl/x1_y2_kimi.v:112$41.
  merging $macc model for $mul$rtl/x1_y2_kimi.v:111$408 into $add$rtl/x1_y2_kimi.v:112$409.
  merging $macc model for $mul$rtl/x1_y2_kimi.v:111$406 into $add$rtl/x1_y2_kimi.v:112$407.
  merging $macc model for $mul$rtl/x1_y2_kimi.v:111$404 into $add$rtl/x1_y2_kimi.v:112$405.
  merging $macc model for $mul$rtl/x1_y2_kimi.v:111$402 into $add$rtl/x1_y2_kimi.v:112$403.
  merging $macc model for $mul$rtl/x1_y2_kimi.v:111$400 into $add$rtl/x1_y2_kimi.v:112$401.
  merging $macc model for $mul$rtl/x1_y2_kimi.v:111$398 into $add$rtl/x1_y2_kimi.v:112$399.
  merging $macc model for $mul$rtl/x1_y2_kimi.v:111$396 into $add$rtl/x1_y2_kimi.v:112$397.
  merging $macc model for $mul$rtl/x1_y2_kimi.v:111$394 into $add$rtl/x1_y2_kimi.v:112$395.
  merging $macc model for $mul$rtl/x1_y2_kimi.v:111$392 into $add$rtl/x1_y2_kimi.v:112$393.
  merging $macc model for $mul$rtl/x1_y2_kimi.v:111$390 into $add$rtl/x1_y2_kimi.v:112$391.
  merging $macc model for $mul$rtl/x1_y2_kimi.v:111$38 into $add$rtl/x1_y2_kimi.v:112$39.
  merging $macc model for $mul$rtl/x1_y2_kimi.v:111$388 into $add$rtl/x1_y2_kimi.v:112$389.
  merging $macc model for $mul$rtl/x1_y2_kimi.v:111$386 into $add$rtl/x1_y2_kimi.v:112$387.
  merging $macc model for $mul$rtl/x1_y2_kimi.v:111$384 into $add$rtl/x1_y2_kimi.v:112$385.
  merging $macc model for $mul$rtl/x1_y2_kimi.v:111$382 into $add$rtl/x1_y2_kimi.v:112$383.
  merging $macc model for $mul$rtl/x1_y2_kimi.v:111$380 into $add$rtl/x1_y2_kimi.v:112$381.
  merging $macc model for $mul$rtl/x1_y2_kimi.v:111$378 into $add$rtl/x1_y2_kimi.v:112$379.
  merging $macc model for $mul$rtl/x1_y2_kimi.v:111$376 into $add$rtl/x1_y2_kimi.v:112$377.
  merging $macc model for $mul$rtl/x1_y2_kimi.v:111$374 into $add$rtl/x1_y2_kimi.v:112$375.
  merging $macc model for $mul$rtl/x1_y2_kimi.v:111$372 into $add$rtl/x1_y2_kimi.v:112$373.
  merging $macc model for $mul$rtl/x1_y2_kimi.v:111$370 into $add$rtl/x1_y2_kimi.v:112$371.
  merging $macc model for $mul$rtl/x1_y2_kimi.v:111$36 into $add$rtl/x1_y2_kimi.v:112$37.
  merging $macc model for $mul$rtl/x1_y2_kimi.v:111$368 into $add$rtl/x1_y2_kimi.v:112$369.
  merging $macc model for $mul$rtl/x1_y2_kimi.v:111$366 into $add$rtl/x1_y2_kimi.v:112$367.
  merging $macc model for $mul$rtl/x1_y2_kimi.v:111$364 into $add$rtl/x1_y2_kimi.v:112$365.
  merging $macc model for $mul$rtl/x1_y2_kimi.v:111$362 into $add$rtl/x1_y2_kimi.v:112$363.
  merging $macc model for $mul$rtl/x1_y2_kimi.v:111$360 into $add$rtl/x1_y2_kimi.v:112$361.
  merging $macc model for $mul$rtl/x1_y2_kimi.v:111$358 into $add$rtl/x1_y2_kimi.v:112$359.
  merging $macc model for $mul$rtl/x1_y2_kimi.v:111$356 into $add$rtl/x1_y2_kimi.v:112$357.
  merging $macc model for $mul$rtl/x1_y2_kimi.v:111$354 into $add$rtl/x1_y2_kimi.v:112$355.
  merging $macc model for $mul$rtl/x1_y2_kimi.v:111$352 into $add$rtl/x1_y2_kimi.v:112$353.
  merging $macc model for $mul$rtl/x1_y2_kimi.v:111$350 into $add$rtl/x1_y2_kimi.v:112$351.
  merging $macc model for $mul$rtl/x1_y2_kimi.v:111$34 into $add$rtl/x1_y2_kimi.v:112$35.
  merging $macc model for $mul$rtl/x1_y2_kimi.v:111$348 into $add$rtl/x1_y2_kimi.v:112$349.
  merging $macc model for $mul$rtl/x1_y2_kimi.v:111$346 into $add$rtl/x1_y2_kimi.v:112$347.
  merging $macc model for $mul$rtl/x1_y2_kimi.v:111$344 into $add$rtl/x1_y2_kimi.v:112$345.
  merging $macc model for $mul$rtl/x1_y2_kimi.v:111$342 into $add$rtl/x1_y2_kimi.v:112$343.
  merging $macc model for $mul$rtl/x1_y2_kimi.v:111$340 into $add$rtl/x1_y2_kimi.v:112$341.
  merging $macc model for $mul$rtl/x1_y2_kimi.v:111$338 into $add$rtl/x1_y2_kimi.v:112$339.
  merging $macc model for $mul$rtl/x1_y2_kimi.v:111$336 into $add$rtl/x1_y2_kimi.v:112$337.
  merging $macc model for $mul$rtl/x1_y2_kimi.v:111$334 into $add$rtl/x1_y2_kimi.v:112$335.
  merging $macc model for $mul$rtl/x1_y2_kimi.v:111$332 into $add$rtl/x1_y2_kimi.v:112$333.
  merging $macc model for $mul$rtl/x1_y2_kimi.v:111$330 into $add$rtl/x1_y2_kimi.v:112$331.
  merging $macc model for $mul$rtl/x1_y2_kimi.v:111$328 into $add$rtl/x1_y2_kimi.v:112$329.
  merging $macc model for $mul$rtl/x1_y2_kimi.v:111$326 into $add$rtl/x1_y2_kimi.v:112$327.
  merging $macc model for $mul$rtl/x1_y2_kimi.v:111$324 into $add$rtl/x1_y2_kimi.v:112$325.
  merging $macc model for $mul$rtl/x1_y2_kimi.v:111$322 into $add$rtl/x1_y2_kimi.v:112$323.
  merging $macc model for $mul$rtl/x1_y2_kimi.v:111$320 into $add$rtl/x1_y2_kimi.v:112$321.
  merging $macc model for $mul$rtl/x1_y2_kimi.v:111$318 into $add$rtl/x1_y2_kimi.v:112$319.
  merging $macc model for $mul$rtl/x1_y2_kimi.v:111$316 into $add$rtl/x1_y2_kimi.v:112$317.
  merging $macc model for $mul$rtl/x1_y2_kimi.v:111$314 into $add$rtl/x1_y2_kimi.v:112$315.
  merging $macc model for $mul$rtl/x1_y2_kimi.v:111$312 into $add$rtl/x1_y2_kimi.v:112$313.
  merging $macc model for $mul$rtl/x1_y2_kimi.v:111$310 into $add$rtl/x1_y2_kimi.v:112$311.
  merging $macc model for $mul$rtl/x1_y2_kimi.v:111$308 into $add$rtl/x1_y2_kimi.v:112$309.
  merging $macc model for $mul$rtl/x1_y2_kimi.v:111$306 into $add$rtl/x1_y2_kimi.v:112$307.
  merging $macc model for $mul$rtl/x1_y2_kimi.v:111$304 into $add$rtl/x1_y2_kimi.v:112$305.
  merging $macc model for $mul$rtl/x1_y2_kimi.v:111$302 into $add$rtl/x1_y2_kimi.v:112$303.
  merging $macc model for $mul$rtl/x1_y2_kimi.v:111$300 into $add$rtl/x1_y2_kimi.v:112$301.
  merging $macc model for $mul$rtl/x1_y2_kimi.v:111$298 into $add$rtl/x1_y2_kimi.v:112$299.
  merging $macc model for $mul$rtl/x1_y2_kimi.v:111$296 into $add$rtl/x1_y2_kimi.v:112$297.
  merging $macc model for $mul$rtl/x1_y2_kimi.v:111$294 into $add$rtl/x1_y2_kimi.v:112$295.
  merging $macc model for $mul$rtl/x1_y2_kimi.v:111$292 into $add$rtl/x1_y2_kimi.v:112$293.
  merging $macc model for $mul$rtl/x1_y2_kimi.v:111$290 into $add$rtl/x1_y2_kimi.v:112$291.
  merging $macc model for $mul$rtl/x1_y2_kimi.v:111$288 into $add$rtl/x1_y2_kimi.v:112$289.
  merging $macc model for $mul$rtl/x1_y2_kimi.v:111$286 into $add$rtl/x1_y2_kimi.v:112$287.
  merging $macc model for $mul$rtl/x1_y2_kimi.v:111$284 into $add$rtl/x1_y2_kimi.v:112$285.
  merging $macc model for $mul$rtl/x1_y2_kimi.v:111$282 into $add$rtl/x1_y2_kimi.v:112$283.
  merging $macc model for $mul$rtl/x1_y2_kimi.v:111$280 into $add$rtl/x1_y2_kimi.v:112$281.
  merging $macc model for $mul$rtl/x1_y2_kimi.v:111$278 into $add$rtl/x1_y2_kimi.v:112$279.
  merging $macc model for $mul$rtl/x1_y2_kimi.v:111$276 into $add$rtl/x1_y2_kimi.v:112$277.
  merging $macc model for $mul$rtl/x1_y2_kimi.v:111$274 into $add$rtl/x1_y2_kimi.v:112$275.
  merging $macc model for $mul$rtl/x1_y2_kimi.v:111$272 into $add$rtl/x1_y2_kimi.v:112$273.
  merging $macc model for $mul$rtl/x1_y2_kimi.v:111$270 into $add$rtl/x1_y2_kimi.v:112$271.
  merging $macc model for $mul$rtl/x1_y2_kimi.v:111$268 into $add$rtl/x1_y2_kimi.v:112$269.
  merging $macc model for $mul$rtl/x1_y2_kimi.v:111$266 into $add$rtl/x1_y2_kimi.v:112$267.
  merging $macc model for $mul$rtl/x1_y2_kimi.v:111$264 into $add$rtl/x1_y2_kimi.v:112$265.
  merging $macc model for $mul$rtl/x1_y2_kimi.v:111$262 into $add$rtl/x1_y2_kimi.v:112$263.
  merging $macc model for $mul$rtl/x1_y2_kimi.v:111$260 into $add$rtl/x1_y2_kimi.v:112$261.
  merging $macc model for $mul$rtl/x1_y2_kimi.v:111$258 into $add$rtl/x1_y2_kimi.v:112$259.
  merging $macc model for $mul$rtl/x1_y2_kimi.v:111$256 into $add$rtl/x1_y2_kimi.v:112$257.
  merging $macc model for $mul$rtl/x1_y2_kimi.v:111$254 into $add$rtl/x1_y2_kimi.v:112$255.
  merging $macc model for $mul$rtl/x1_y2_kimi.v:111$252 into $add$rtl/x1_y2_kimi.v:112$253.
  merging $macc model for $mul$rtl/x1_y2_kimi.v:111$250 into $add$rtl/x1_y2_kimi.v:112$251.
  merging $macc model for $mul$rtl/x1_y2_kimi.v:111$248 into $add$rtl/x1_y2_kimi.v:112$249.
  merging $macc model for $mul$rtl/x1_y2_kimi.v:111$246 into $add$rtl/x1_y2_kimi.v:112$247.
  merging $macc model for $mul$rtl/x1_y2_kimi.v:111$244 into $add$rtl/x1_y2_kimi.v:112$245.
  merging $macc model for $mul$rtl/x1_y2_kimi.v:111$242 into $add$rtl/x1_y2_kimi.v:112$243.
  merging $macc model for $mul$rtl/x1_y2_kimi.v:111$240 into $add$rtl/x1_y2_kimi.v:112$241.
  merging $macc model for $mul$rtl/x1_y2_kimi.v:111$238 into $add$rtl/x1_y2_kimi.v:112$239.
  merging $macc model for $mul$rtl/x1_y2_kimi.v:111$236 into $add$rtl/x1_y2_kimi.v:112$237.
  merging $macc model for $mul$rtl/x1_y2_kimi.v:111$234 into $add$rtl/x1_y2_kimi.v:112$235.
  merging $macc model for $mul$rtl/x1_y2_kimi.v:111$232 into $add$rtl/x1_y2_kimi.v:112$233.
  merging $macc model for $mul$rtl/x1_y2_kimi.v:111$230 into $add$rtl/x1_y2_kimi.v:112$231.
  merging $macc model for $mul$rtl/x1_y2_kimi.v:111$228 into $add$rtl/x1_y2_kimi.v:112$229.
  merging $macc model for $mul$rtl/x1_y2_kimi.v:111$226 into $add$rtl/x1_y2_kimi.v:112$227.
  merging $macc model for $mul$rtl/x1_y2_kimi.v:111$224 into $add$rtl/x1_y2_kimi.v:112$225.
  merging $macc model for $mul$rtl/x1_y2_kimi.v:111$222 into $add$rtl/x1_y2_kimi.v:112$223.
  merging $macc model for $mul$rtl/x1_y2_kimi.v:111$220 into $add$rtl/x1_y2_kimi.v:112$221.
  merging $macc model for $mul$rtl/x1_y2_kimi.v:111$218 into $add$rtl/x1_y2_kimi.v:112$219.
  merging $macc model for $mul$rtl/x1_y2_kimi.v:111$216 into $add$rtl/x1_y2_kimi.v:112$217.
  merging $macc model for $mul$rtl/x1_y2_kimi.v:111$214 into $add$rtl/x1_y2_kimi.v:112$215.
  merging $macc model for $mul$rtl/x1_y2_kimi.v:111$212 into $add$rtl/x1_y2_kimi.v:112$213.
  merging $macc model for $mul$rtl/x1_y2_kimi.v:111$210 into $add$rtl/x1_y2_kimi.v:112$211.
  merging $macc model for $mul$rtl/x1_y2_kimi.v:111$208 into $add$rtl/x1_y2_kimi.v:112$209.
  merging $macc model for $mul$rtl/x1_y2_kimi.v:111$206 into $add$rtl/x1_y2_kimi.v:112$207.
  merging $macc model for $mul$rtl/x1_y2_kimi.v:111$204 into $add$rtl/x1_y2_kimi.v:112$205.
  merging $macc model for $mul$rtl/x1_y2_kimi.v:111$202 into $add$rtl/x1_y2_kimi.v:112$203.
  merging $macc model for $mul$rtl/x1_y2_kimi.v:111$200 into $add$rtl/x1_y2_kimi.v:112$201.
  merging $macc model for $mul$rtl/x1_y2_kimi.v:111$198 into $add$rtl/x1_y2_kimi.v:112$199.
  merging $macc model for $mul$rtl/x1_y2_kimi.v:111$196 into $add$rtl/x1_y2_kimi.v:112$197.
  merging $macc model for $mul$rtl/x1_y2_kimi.v:111$194 into $add$rtl/x1_y2_kimi.v:112$195.
  merging $macc model for $mul$rtl/x1_y2_kimi.v:111$192 into $add$rtl/x1_y2_kimi.v:112$193.
  merging $macc model for $mul$rtl/x1_y2_kimi.v:111$190 into $add$rtl/x1_y2_kimi.v:112$191.
  merging $macc model for $mul$rtl/x1_y2_kimi.v:111$188 into $add$rtl/x1_y2_kimi.v:112$189.
  merging $macc model for $mul$rtl/x1_y2_kimi.v:111$186 into $add$rtl/x1_y2_kimi.v:112$187.
  merging $macc model for $mul$rtl/x1_y2_kimi.v:111$184 into $add$rtl/x1_y2_kimi.v:112$185.
  merging $macc model for $mul$rtl/x1_y2_kimi.v:111$182 into $add$rtl/x1_y2_kimi.v:112$183.
  merging $macc model for $mul$rtl/x1_y2_kimi.v:111$180 into $add$rtl/x1_y2_kimi.v:112$181.
  merging $macc model for $mul$rtl/x1_y2_kimi.v:111$178 into $add$rtl/x1_y2_kimi.v:112$179.
  merging $macc model for $mul$rtl/x1_y2_kimi.v:111$176 into $add$rtl/x1_y2_kimi.v:112$177.
  merging $macc model for $mul$rtl/x1_y2_kimi.v:111$174 into $add$rtl/x1_y2_kimi.v:112$175.
  merging $macc model for $mul$rtl/x1_y2_kimi.v:111$172 into $add$rtl/x1_y2_kimi.v:112$173.
  merging $macc model for $mul$rtl/x1_y2_kimi.v:111$170 into $add$rtl/x1_y2_kimi.v:112$171.
  merging $macc model for $mul$rtl/x1_y2_kimi.v:111$168 into $add$rtl/x1_y2_kimi.v:112$169.
  merging $macc model for $mul$rtl/x1_y2_kimi.v:111$166 into $add$rtl/x1_y2_kimi.v:112$167.
  merging $macc model for $mul$rtl/x1_y2_kimi.v:111$164 into $add$rtl/x1_y2_kimi.v:112$165.
  merging $macc model for $mul$rtl/x1_y2_kimi.v:111$162 into $add$rtl/x1_y2_kimi.v:112$163.
  merging $macc model for $mul$rtl/x1_y2_kimi.v:111$160 into $add$rtl/x1_y2_kimi.v:112$161.
  merging $macc model for $mul$rtl/x1_y2_kimi.v:111$158 into $add$rtl/x1_y2_kimi.v:112$159.
  merging $macc model for $mul$rtl/x1_y2_kimi.v:111$156 into $add$rtl/x1_y2_kimi.v:112$157.
  merging $macc model for $mul$rtl/x1_y2_kimi.v:111$154 into $add$rtl/x1_y2_kimi.v:112$155.
  merging $macc model for $mul$rtl/x1_y2_kimi.v:111$152 into $add$rtl/x1_y2_kimi.v:112$153.
  merging $macc model for $mul$rtl/x1_y2_kimi.v:111$150 into $add$rtl/x1_y2_kimi.v:112$151.
  merging $macc model for $mul$rtl/x1_y2_kimi.v:111$148 into $add$rtl/x1_y2_kimi.v:112$149.
  merging $macc model for $mul$rtl/x1_y2_kimi.v:111$146 into $add$rtl/x1_y2_kimi.v:112$147.
  merging $macc model for $mul$rtl/x1_y2_kimi.v:111$144 into $add$rtl/x1_y2_kimi.v:112$145.
  merging $macc model for $mul$rtl/x1_y2_kimi.v:111$142 into $add$rtl/x1_y2_kimi.v:112$143.
  merging $macc model for $mul$rtl/x1_y2_kimi.v:111$140 into $add$rtl/x1_y2_kimi.v:112$141.
  merging $macc model for $mul$rtl/x1_y2_kimi.v:111$138 into $add$rtl/x1_y2_kimi.v:112$139.
  merging $macc model for $mul$rtl/x1_y2_kimi.v:111$136 into $add$rtl/x1_y2_kimi.v:112$137.
  merging $macc model for $mul$rtl/x1_y2_kimi.v:111$134 into $add$rtl/x1_y2_kimi.v:112$135.
  merging $macc model for $mul$rtl/x1_y2_kimi.v:111$132 into $add$rtl/x1_y2_kimi.v:112$133.
  merging $macc model for $mul$rtl/x1_y2_kimi.v:111$130 into $add$rtl/x1_y2_kimi.v:112$131.
  merging $macc model for $mul$rtl/x1_y2_kimi.v:111$128 into $add$rtl/x1_y2_kimi.v:112$129.
  merging $macc model for $mul$rtl/x1_y2_kimi.v:111$126 into $add$rtl/x1_y2_kimi.v:112$127.
  merging $macc model for $mul$rtl/x1_y2_kimi.v:111$124 into $add$rtl/x1_y2_kimi.v:112$125.
  merging $macc model for $mul$rtl/x1_y2_kimi.v:111$122 into $add$rtl/x1_y2_kimi.v:112$123.
  merging $macc model for $mul$rtl/x1_y2_kimi.v:111$120 into $add$rtl/x1_y2_kimi.v:112$121.
  merging $macc model for $mul$rtl/x1_y2_kimi.v:111$118 into $add$rtl/x1_y2_kimi.v:112$119.
  merging $macc model for $mul$rtl/x1_y2_kimi.v:111$116 into $add$rtl/x1_y2_kimi.v:112$117.
  merging $macc model for $mul$rtl/x1_y2_kimi.v:111$114 into $add$rtl/x1_y2_kimi.v:112$115.
  merging $macc model for $mul$rtl/x1_y2_kimi.v:111$112 into $add$rtl/x1_y2_kimi.v:112$113.
  merging $macc model for $mul$rtl/x1_y2_kimi.v:111$110 into $add$rtl/x1_y2_kimi.v:112$111.
  merging $macc model for $mul$rtl/x1_y2_kimi.v:111$108 into $add$rtl/x1_y2_kimi.v:112$109.
  merging $macc model for $mul$rtl/x1_y2_kimi.v:111$106 into $add$rtl/x1_y2_kimi.v:112$107.
  merging $macc model for $mul$rtl/x1_y2_kimi.v:111$104 into $add$rtl/x1_y2_kimi.v:112$105.
  merging $macc model for $mul$rtl/x1_y2_kimi.v:111$102 into $add$rtl/x1_y2_kimi.v:112$103.
  merging $macc model for $mul$rtl/x1_y2_kimi.v:111$100 into $add$rtl/x1_y2_kimi.v:112$101.
  creating $alu model for $macc $add$rtl/x1_y2_kimi.v:180$552.
  creating $alu model for $macc $add$rtl/x1_y2_kimi.v:177$551.
  creating $alu model for $macc $add$rtl/x1_y2_kimi.v:115$546.
  creating $alu model for $macc $add$rtl/x1_y2_kimi.v:104$33.
  creating $macc cell for $add$rtl/x1_y2_kimi.v:112$97: $auto$alumacc.cc:365:replace_macc$9262
  creating $macc cell for $add$rtl/x1_y2_kimi.v:112$95: $auto$alumacc.cc:365:replace_macc$9263
  creating $macc cell for $add$rtl/x1_y2_kimi.v:112$93: $auto$alumacc.cc:365:replace_macc$9264
  creating $macc cell for $add$rtl/x1_y2_kimi.v:112$91: $auto$alumacc.cc:365:replace_macc$9265
  creating $macc cell for $add$rtl/x1_y2_kimi.v:112$89: $auto$alumacc.cc:365:replace_macc$9266
  creating $macc cell for $add$rtl/x1_y2_kimi.v:112$87: $auto$alumacc.cc:365:replace_macc$9267
  creating $macc cell for $add$rtl/x1_y2_kimi.v:112$85: $auto$alumacc.cc:365:replace_macc$9268
  creating $macc cell for $add$rtl/x1_y2_kimi.v:112$83: $auto$alumacc.cc:365:replace_macc$9269
  creating $macc cell for $add$rtl/x1_y2_kimi.v:112$81: $auto$alumacc.cc:365:replace_macc$9270
  creating $macc cell for $add$rtl/x1_y2_kimi.v:112$79: $auto$alumacc.cc:365:replace_macc$9271
  creating $macc cell for $add$rtl/x1_y2_kimi.v:112$77: $auto$alumacc.cc:365:replace_macc$9272
  creating $macc cell for $add$rtl/x1_y2_kimi.v:112$75: $auto$alumacc.cc:365:replace_macc$9273
  creating $macc cell for $add$rtl/x1_y2_kimi.v:112$73: $auto$alumacc.cc:365:replace_macc$9274
  creating $macc cell for $add$rtl/x1_y2_kimi.v:112$71: $auto$alumacc.cc:365:replace_macc$9275
  creating $macc cell for $add$rtl/x1_y2_kimi.v:112$69: $auto$alumacc.cc:365:replace_macc$9276
  creating $macc cell for $add$rtl/x1_y2_kimi.v:112$67: $auto$alumacc.cc:365:replace_macc$9277
  creating $macc cell for $add$rtl/x1_y2_kimi.v:112$65: $auto$alumacc.cc:365:replace_macc$9278
  creating $macc cell for $add$rtl/x1_y2_kimi.v:112$63: $auto$alumacc.cc:365:replace_macc$9279
  creating $macc cell for $add$rtl/x1_y2_kimi.v:112$61: $auto$alumacc.cc:365:replace_macc$9280
  creating $macc cell for $add$rtl/x1_y2_kimi.v:112$59: $auto$alumacc.cc:365:replace_macc$9281
  creating $macc cell for $add$rtl/x1_y2_kimi.v:112$57: $auto$alumacc.cc:365:replace_macc$9282
  creating $macc cell for $add$rtl/x1_y2_kimi.v:112$55: $auto$alumacc.cc:365:replace_macc$9283
  creating $macc cell for $add$rtl/x1_y2_kimi.v:112$545: $auto$alumacc.cc:365:replace_macc$9284
  creating $macc cell for $add$rtl/x1_y2_kimi.v:112$543: $auto$alumacc.cc:365:replace_macc$9285
  creating $macc cell for $add$rtl/x1_y2_kimi.v:112$541: $auto$alumacc.cc:365:replace_macc$9286
  creating $macc cell for $add$rtl/x1_y2_kimi.v:112$539: $auto$alumacc.cc:365:replace_macc$9287
  creating $macc cell for $add$rtl/x1_y2_kimi.v:112$537: $auto$alumacc.cc:365:replace_macc$9288
  creating $macc cell for $add$rtl/x1_y2_kimi.v:112$535: $auto$alumacc.cc:365:replace_macc$9289
  creating $macc cell for $add$rtl/x1_y2_kimi.v:112$533: $auto$alumacc.cc:365:replace_macc$9290
  creating $macc cell for $add$rtl/x1_y2_kimi.v:112$531: $auto$alumacc.cc:365:replace_macc$9291
  creating $macc cell for $add$rtl/x1_y2_kimi.v:112$53: $auto$alumacc.cc:365:replace_macc$9292
  creating $macc cell for $add$rtl/x1_y2_kimi.v:112$529: $auto$alumacc.cc:365:replace_macc$9293
  creating $macc cell for $add$rtl/x1_y2_kimi.v:112$527: $auto$alumacc.cc:365:replace_macc$9294
  creating $macc cell for $add$rtl/x1_y2_kimi.v:112$525: $auto$alumacc.cc:365:replace_macc$9295
  creating $macc cell for $add$rtl/x1_y2_kimi.v:112$523: $auto$alumacc.cc:365:replace_macc$9296
  creating $macc cell for $add$rtl/x1_y2_kimi.v:112$521: $auto$alumacc.cc:365:replace_macc$9297
  creating $macc cell for $add$rtl/x1_y2_kimi.v:112$519: $auto$alumacc.cc:365:replace_macc$9298
  creating $macc cell for $add$rtl/x1_y2_kimi.v:112$517: $auto$alumacc.cc:365:replace_macc$9299
  creating $macc cell for $add$rtl/x1_y2_kimi.v:112$515: $auto$alumacc.cc:365:replace_macc$9300
  creating $macc cell for $add$rtl/x1_y2_kimi.v:112$513: $auto$alumacc.cc:365:replace_macc$9301
  creating $macc cell for $add$rtl/x1_y2_kimi.v:112$511: $auto$alumacc.cc:365:replace_macc$9302
  creating $macc cell for $add$rtl/x1_y2_kimi.v:112$51: $auto$alumacc.cc:365:replace_macc$9303
  creating $macc cell for $add$rtl/x1_y2_kimi.v:112$509: $auto$alumacc.cc:365:replace_macc$9304
  creating $macc cell for $add$rtl/x1_y2_kimi.v:112$507: $auto$alumacc.cc:365:replace_macc$9305
  creating $macc cell for $add$rtl/x1_y2_kimi.v:112$505: $auto$alumacc.cc:365:replace_macc$9306
  creating $macc cell for $add$rtl/x1_y2_kimi.v:112$503: $auto$alumacc.cc:365:replace_macc$9307
  creating $macc cell for $add$rtl/x1_y2_kimi.v:112$501: $auto$alumacc.cc:365:replace_macc$9308
  creating $macc cell for $add$rtl/x1_y2_kimi.v:112$499: $auto$alumacc.cc:365:replace_macc$9309
  creating $macc cell for $add$rtl/x1_y2_kimi.v:112$497: $auto$alumacc.cc:365:replace_macc$9310
  creating $macc cell for $add$rtl/x1_y2_kimi.v:112$495: $auto$alumacc.cc:365:replace_macc$9311
  creating $macc cell for $add$rtl/x1_y2_kimi.v:112$493: $auto$alumacc.cc:365:replace_macc$9312
  creating $macc cell for $add$rtl/x1_y2_kimi.v:112$491: $auto$alumacc.cc:365:replace_macc$9313
  creating $macc cell for $add$rtl/x1_y2_kimi.v:112$49: $auto$alumacc.cc:365:replace_macc$9314
  creating $macc cell for $add$rtl/x1_y2_kimi.v:112$489: $auto$alumacc.cc:365:replace_macc$9315
  creating $macc cell for $add$rtl/x1_y2_kimi.v:112$487: $auto$alumacc.cc:365:replace_macc$9316
  creating $macc cell for $add$rtl/x1_y2_kimi.v:112$485: $auto$alumacc.cc:365:replace_macc$9317
  creating $macc cell for $add$rtl/x1_y2_kimi.v:112$483: $auto$alumacc.cc:365:replace_macc$9318
  creating $macc cell for $add$rtl/x1_y2_kimi.v:112$481: $auto$alumacc.cc:365:replace_macc$9319
  creating $macc cell for $add$rtl/x1_y2_kimi.v:112$479: $auto$alumacc.cc:365:replace_macc$9320
  creating $macc cell for $add$rtl/x1_y2_kimi.v:112$477: $auto$alumacc.cc:365:replace_macc$9321
  creating $macc cell for $add$rtl/x1_y2_kimi.v:112$475: $auto$alumacc.cc:365:replace_macc$9322
  creating $macc cell for $add$rtl/x1_y2_kimi.v:112$473: $auto$alumacc.cc:365:replace_macc$9323
  creating $macc cell for $add$rtl/x1_y2_kimi.v:112$471: $auto$alumacc.cc:365:replace_macc$9324
  creating $macc cell for $add$rtl/x1_y2_kimi.v:112$47: $auto$alumacc.cc:365:replace_macc$9325
  creating $macc cell for $add$rtl/x1_y2_kimi.v:112$469: $auto$alumacc.cc:365:replace_macc$9326
  creating $macc cell for $add$rtl/x1_y2_kimi.v:112$467: $auto$alumacc.cc:365:replace_macc$9327
  creating $macc cell for $add$rtl/x1_y2_kimi.v:112$465: $auto$alumacc.cc:365:replace_macc$9328
  creating $macc cell for $add$rtl/x1_y2_kimi.v:112$463: $auto$alumacc.cc:365:replace_macc$9329
  creating $macc cell for $add$rtl/x1_y2_kimi.v:112$461: $auto$alumacc.cc:365:replace_macc$9330
  creating $macc cell for $add$rtl/x1_y2_kimi.v:112$459: $auto$alumacc.cc:365:replace_macc$9331
  creating $macc cell for $add$rtl/x1_y2_kimi.v:112$457: $auto$alumacc.cc:365:replace_macc$9332
  creating $macc cell for $add$rtl/x1_y2_kimi.v:112$455: $auto$alumacc.cc:365:replace_macc$9333
  creating $macc cell for $add$rtl/x1_y2_kimi.v:112$453: $auto$alumacc.cc:365:replace_macc$9334
  creating $macc cell for $add$rtl/x1_y2_kimi.v:112$451: $auto$alumacc.cc:365:replace_macc$9335
  creating $macc cell for $add$rtl/x1_y2_kimi.v:112$45: $auto$alumacc.cc:365:replace_macc$9336
  creating $macc cell for $add$rtl/x1_y2_kimi.v:112$449: $auto$alumacc.cc:365:replace_macc$9337
  creating $macc cell for $add$rtl/x1_y2_kimi.v:112$447: $auto$alumacc.cc:365:replace_macc$9338
  creating $macc cell for $add$rtl/x1_y2_kimi.v:112$445: $auto$alumacc.cc:365:replace_macc$9339
  creating $macc cell for $add$rtl/x1_y2_kimi.v:112$443: $auto$alumacc.cc:365:replace_macc$9340
  creating $macc cell for $add$rtl/x1_y2_kimi.v:112$441: $auto$alumacc.cc:365:replace_macc$9341
  creating $macc cell for $add$rtl/x1_y2_kimi.v:112$439: $auto$alumacc.cc:365:replace_macc$9342
  creating $macc cell for $add$rtl/x1_y2_kimi.v:112$437: $auto$alumacc.cc:365:replace_macc$9343
  creating $macc cell for $add$rtl/x1_y2_kimi.v:112$435: $auto$alumacc.cc:365:replace_macc$9344
  creating $macc cell for $add$rtl/x1_y2_kimi.v:112$433: $auto$alumacc.cc:365:replace_macc$9345
  creating $macc cell for $add$rtl/x1_y2_kimi.v:112$431: $auto$alumacc.cc:365:replace_macc$9346
  creating $macc cell for $add$rtl/x1_y2_kimi.v:112$43: $auto$alumacc.cc:365:replace_macc$9347
  creating $macc cell for $add$rtl/x1_y2_kimi.v:112$429: $auto$alumacc.cc:365:replace_macc$9348
  creating $macc cell for $add$rtl/x1_y2_kimi.v:112$427: $auto$alumacc.cc:365:replace_macc$9349
  creating $macc cell for $add$rtl/x1_y2_kimi.v:112$425: $auto$alumacc.cc:365:replace_macc$9350
  creating $macc cell for $add$rtl/x1_y2_kimi.v:112$423: $auto$alumacc.cc:365:replace_macc$9351
  creating $macc cell for $add$rtl/x1_y2_kimi.v:112$421: $auto$alumacc.cc:365:replace_macc$9352
  creating $macc cell for $add$rtl/x1_y2_kimi.v:112$419: $auto$alumacc.cc:365:replace_macc$9353
  creating $macc cell for $add$rtl/x1_y2_kimi.v:112$417: $auto$alumacc.cc:365:replace_macc$9354
  creating $macc cell for $add$rtl/x1_y2_kimi.v:112$415: $auto$alumacc.cc:365:replace_macc$9355
  creating $macc cell for $add$rtl/x1_y2_kimi.v:112$413: $auto$alumacc.cc:365:replace_macc$9356
  creating $macc cell for $add$rtl/x1_y2_kimi.v:112$411: $auto$alumacc.cc:365:replace_macc$9357
  creating $macc cell for $add$rtl/x1_y2_kimi.v:112$41: $auto$alumacc.cc:365:replace_macc$9358
  creating $macc cell for $add$rtl/x1_y2_kimi.v:112$409: $auto$alumacc.cc:365:replace_macc$9359
  creating $macc cell for $add$rtl/x1_y2_kimi.v:112$407: $auto$alumacc.cc:365:replace_macc$9360
  creating $macc cell for $add$rtl/x1_y2_kimi.v:112$405: $auto$alumacc.cc:365:replace_macc$9361
  creating $macc cell for $add$rtl/x1_y2_kimi.v:112$403: $auto$alumacc.cc:365:replace_macc$9362
  creating $macc cell for $add$rtl/x1_y2_kimi.v:112$401: $auto$alumacc.cc:365:replace_macc$9363
  creating $macc cell for $add$rtl/x1_y2_kimi.v:112$399: $auto$alumacc.cc:365:replace_macc$9364
  creating $macc cell for $add$rtl/x1_y2_kimi.v:112$397: $auto$alumacc.cc:365:replace_macc$9365
  creating $macc cell for $add$rtl/x1_y2_kimi.v:112$395: $auto$alumacc.cc:365:replace_macc$9366
  creating $macc cell for $add$rtl/x1_y2_kimi.v:112$393: $auto$alumacc.cc:365:replace_macc$9367
  creating $macc cell for $add$rtl/x1_y2_kimi.v:112$391: $auto$alumacc.cc:365:replace_macc$9368
  creating $macc cell for $add$rtl/x1_y2_kimi.v:112$39: $auto$alumacc.cc:365:replace_macc$9369
  creating $macc cell for $add$rtl/x1_y2_kimi.v:112$389: $auto$alumacc.cc:365:replace_macc$9370
  creating $macc cell for $add$rtl/x1_y2_kimi.v:112$387: $auto$alumacc.cc:365:replace_macc$9371
  creating $macc cell for $add$rtl/x1_y2_kimi.v:112$385: $auto$alumacc.cc:365:replace_macc$9372
  creating $macc cell for $add$rtl/x1_y2_kimi.v:112$383: $auto$alumacc.cc:365:replace_macc$9373
  creating $macc cell for $add$rtl/x1_y2_kimi.v:112$381: $auto$alumacc.cc:365:replace_macc$9374
  creating $macc cell for $add$rtl/x1_y2_kimi.v:112$379: $auto$alumacc.cc:365:replace_macc$9375
  creating $macc cell for $add$rtl/x1_y2_kimi.v:112$377: $auto$alumacc.cc:365:replace_macc$9376
  creating $macc cell for $add$rtl/x1_y2_kimi.v:112$375: $auto$alumacc.cc:365:replace_macc$9377
  creating $macc cell for $add$rtl/x1_y2_kimi.v:112$373: $auto$alumacc.cc:365:replace_macc$9378
  creating $macc cell for $add$rtl/x1_y2_kimi.v:112$371: $auto$alumacc.cc:365:replace_macc$9379
  creating $macc cell for $add$rtl/x1_y2_kimi.v:112$37: $auto$alumacc.cc:365:replace_macc$9380
  creating $macc cell for $add$rtl/x1_y2_kimi.v:112$369: $auto$alumacc.cc:365:replace_macc$9381
  creating $macc cell for $add$rtl/x1_y2_kimi.v:112$367: $auto$alumacc.cc:365:replace_macc$9382
  creating $macc cell for $add$rtl/x1_y2_kimi.v:112$365: $auto$alumacc.cc:365:replace_macc$9383
  creating $macc cell for $add$rtl/x1_y2_kimi.v:112$363: $auto$alumacc.cc:365:replace_macc$9384
  creating $macc cell for $add$rtl/x1_y2_kimi.v:112$361: $auto$alumacc.cc:365:replace_macc$9385
  creating $macc cell for $add$rtl/x1_y2_kimi.v:112$359: $auto$alumacc.cc:365:replace_macc$9386
  creating $macc cell for $add$rtl/x1_y2_kimi.v:112$357: $auto$alumacc.cc:365:replace_macc$9387
  creating $macc cell for $add$rtl/x1_y2_kimi.v:112$355: $auto$alumacc.cc:365:replace_macc$9388
  creating $macc cell for $add$rtl/x1_y2_kimi.v:112$353: $auto$alumacc.cc:365:replace_macc$9389
  creating $macc cell for $add$rtl/x1_y2_kimi.v:112$351: $auto$alumacc.cc:365:replace_macc$9390
  creating $macc cell for $add$rtl/x1_y2_kimi.v:112$35: $auto$alumacc.cc:365:replace_macc$9391
  creating $macc cell for $add$rtl/x1_y2_kimi.v:112$349: $auto$alumacc.cc:365:replace_macc$9392
  creating $macc cell for $add$rtl/x1_y2_kimi.v:112$347: $auto$alumacc.cc:365:replace_macc$9393
  creating $macc cell for $add$rtl/x1_y2_kimi.v:112$345: $auto$alumacc.cc:365:replace_macc$9394
  creating $macc cell for $add$rtl/x1_y2_kimi.v:112$343: $auto$alumacc.cc:365:replace_macc$9395
  creating $macc cell for $add$rtl/x1_y2_kimi.v:112$341: $auto$alumacc.cc:365:replace_macc$9396
  creating $macc cell for $add$rtl/x1_y2_kimi.v:112$339: $auto$alumacc.cc:365:replace_macc$9397
  creating $macc cell for $add$rtl/x1_y2_kimi.v:112$337: $auto$alumacc.cc:365:replace_macc$9398
  creating $macc cell for $add$rtl/x1_y2_kimi.v:112$335: $auto$alumacc.cc:365:replace_macc$9399
  creating $macc cell for $add$rtl/x1_y2_kimi.v:112$333: $auto$alumacc.cc:365:replace_macc$9400
  creating $macc cell for $add$rtl/x1_y2_kimi.v:112$331: $auto$alumacc.cc:365:replace_macc$9401
  creating $macc cell for $add$rtl/x1_y2_kimi.v:112$329: $auto$alumacc.cc:365:replace_macc$9402
  creating $macc cell for $add$rtl/x1_y2_kimi.v:112$327: $auto$alumacc.cc:365:replace_macc$9403
  creating $macc cell for $add$rtl/x1_y2_kimi.v:112$325: $auto$alumacc.cc:365:replace_macc$9404
  creating $macc cell for $add$rtl/x1_y2_kimi.v:112$323: $auto$alumacc.cc:365:replace_macc$9405
  creating $macc cell for $add$rtl/x1_y2_kimi.v:112$321: $auto$alumacc.cc:365:replace_macc$9406
  creating $macc cell for $add$rtl/x1_y2_kimi.v:112$319: $auto$alumacc.cc:365:replace_macc$9407
  creating $macc cell for $add$rtl/x1_y2_kimi.v:112$317: $auto$alumacc.cc:365:replace_macc$9408
  creating $macc cell for $add$rtl/x1_y2_kimi.v:112$315: $auto$alumacc.cc:365:replace_macc$9409
  creating $macc cell for $add$rtl/x1_y2_kimi.v:112$313: $auto$alumacc.cc:365:replace_macc$9410
  creating $macc cell for $add$rtl/x1_y2_kimi.v:112$311: $auto$alumacc.cc:365:replace_macc$9411
  creating $macc cell for $add$rtl/x1_y2_kimi.v:112$309: $auto$alumacc.cc:365:replace_macc$9412
  creating $macc cell for $add$rtl/x1_y2_kimi.v:112$307: $auto$alumacc.cc:365:replace_macc$9413
  creating $macc cell for $add$rtl/x1_y2_kimi.v:112$305: $auto$alumacc.cc:365:replace_macc$9414
  creating $macc cell for $add$rtl/x1_y2_kimi.v:112$303: $auto$alumacc.cc:365:replace_macc$9415
  creating $macc cell for $add$rtl/x1_y2_kimi.v:112$301: $auto$alumacc.cc:365:replace_macc$9416
  creating $macc cell for $add$rtl/x1_y2_kimi.v:112$299: $auto$alumacc.cc:365:replace_macc$9417
  creating $macc cell for $add$rtl/x1_y2_kimi.v:112$297: $auto$alumacc.cc:365:replace_macc$9418
  creating $macc cell for $add$rtl/x1_y2_kimi.v:112$295: $auto$alumacc.cc:365:replace_macc$9419
  creating $macc cell for $add$rtl/x1_y2_kimi.v:112$293: $auto$alumacc.cc:365:replace_macc$9420
  creating $macc cell for $add$rtl/x1_y2_kimi.v:112$291: $auto$alumacc.cc:365:replace_macc$9421
  creating $macc cell for $add$rtl/x1_y2_kimi.v:112$289: $auto$alumacc.cc:365:replace_macc$9422
  creating $macc cell for $add$rtl/x1_y2_kimi.v:112$287: $auto$alumacc.cc:365:replace_macc$9423
  creating $macc cell for $add$rtl/x1_y2_kimi.v:112$285: $auto$alumacc.cc:365:replace_macc$9424
  creating $macc cell for $add$rtl/x1_y2_kimi.v:112$283: $auto$alumacc.cc:365:replace_macc$9425
  creating $macc cell for $add$rtl/x1_y2_kimi.v:112$281: $auto$alumacc.cc:365:replace_macc$9426
  creating $macc cell for $add$rtl/x1_y2_kimi.v:112$279: $auto$alumacc.cc:365:replace_macc$9427
  creating $macc cell for $add$rtl/x1_y2_kimi.v:112$277: $auto$alumacc.cc:365:replace_macc$9428
  creating $macc cell for $add$rtl/x1_y2_kimi.v:112$275: $auto$alumacc.cc:365:replace_macc$9429
  creating $macc cell for $add$rtl/x1_y2_kimi.v:112$273: $auto$alumacc.cc:365:replace_macc$9430
  creating $macc cell for $add$rtl/x1_y2_kimi.v:112$271: $auto$alumacc.cc:365:replace_macc$9431
  creating $macc cell for $add$rtl/x1_y2_kimi.v:112$269: $auto$alumacc.cc:365:replace_macc$9432
  creating $macc cell for $add$rtl/x1_y2_kimi.v:112$267: $auto$alumacc.cc:365:replace_macc$9433
  creating $macc cell for $add$rtl/x1_y2_kimi.v:112$265: $auto$alumacc.cc:365:replace_macc$9434
  creating $macc cell for $add$rtl/x1_y2_kimi.v:112$263: $auto$alumacc.cc:365:replace_macc$9435
  creating $macc cell for $add$rtl/x1_y2_kimi.v:112$261: $auto$alumacc.cc:365:replace_macc$9436
  creating $macc cell for $add$rtl/x1_y2_kimi.v:112$259: $auto$alumacc.cc:365:replace_macc$9437
  creating $macc cell for $add$rtl/x1_y2_kimi.v:112$257: $auto$alumacc.cc:365:replace_macc$9438
  creating $macc cell for $add$rtl/x1_y2_kimi.v:112$255: $auto$alumacc.cc:365:replace_macc$9439
  creating $macc cell for $add$rtl/x1_y2_kimi.v:112$253: $auto$alumacc.cc:365:replace_macc$9440
  creating $macc cell for $add$rtl/x1_y2_kimi.v:112$251: $auto$alumacc.cc:365:replace_macc$9441
  creating $macc cell for $add$rtl/x1_y2_kimi.v:112$249: $auto$alumacc.cc:365:replace_macc$9442
  creating $macc cell for $add$rtl/x1_y2_kimi.v:112$247: $auto$alumacc.cc:365:replace_macc$9443
  creating $macc cell for $add$rtl/x1_y2_kimi.v:112$245: $auto$alumacc.cc:365:replace_macc$9444
  creating $macc cell for $add$rtl/x1_y2_kimi.v:112$243: $auto$alumacc.cc:365:replace_macc$9445
  creating $macc cell for $add$rtl/x1_y2_kimi.v:112$241: $auto$alumacc.cc:365:replace_macc$9446
  creating $macc cell for $add$rtl/x1_y2_kimi.v:112$239: $auto$alumacc.cc:365:replace_macc$9447
  creating $macc cell for $add$rtl/x1_y2_kimi.v:112$237: $auto$alumacc.cc:365:replace_macc$9448
  creating $macc cell for $add$rtl/x1_y2_kimi.v:112$235: $auto$alumacc.cc:365:replace_macc$9449
  creating $macc cell for $add$rtl/x1_y2_kimi.v:112$233: $auto$alumacc.cc:365:replace_macc$9450
  creating $macc cell for $add$rtl/x1_y2_kimi.v:112$231: $auto$alumacc.cc:365:replace_macc$9451
  creating $macc cell for $add$rtl/x1_y2_kimi.v:112$229: $auto$alumacc.cc:365:replace_macc$9452
  creating $macc cell for $add$rtl/x1_y2_kimi.v:112$227: $auto$alumacc.cc:365:replace_macc$9453
  creating $macc cell for $add$rtl/x1_y2_kimi.v:112$225: $auto$alumacc.cc:365:replace_macc$9454
  creating $macc cell for $add$rtl/x1_y2_kimi.v:112$223: $auto$alumacc.cc:365:replace_macc$9455
  creating $macc cell for $add$rtl/x1_y2_kimi.v:112$221: $auto$alumacc.cc:365:replace_macc$9456
  creating $macc cell for $add$rtl/x1_y2_kimi.v:112$219: $auto$alumacc.cc:365:replace_macc$9457
  creating $macc cell for $add$rtl/x1_y2_kimi.v:112$217: $auto$alumacc.cc:365:replace_macc$9458
  creating $macc cell for $add$rtl/x1_y2_kimi.v:112$215: $auto$alumacc.cc:365:replace_macc$9459
  creating $macc cell for $add$rtl/x1_y2_kimi.v:112$213: $auto$alumacc.cc:365:replace_macc$9460
  creating $macc cell for $add$rtl/x1_y2_kimi.v:112$211: $auto$alumacc.cc:365:replace_macc$9461
  creating $macc cell for $add$rtl/x1_y2_kimi.v:112$209: $auto$alumacc.cc:365:replace_macc$9462
  creating $macc cell for $add$rtl/x1_y2_kimi.v:112$207: $auto$alumacc.cc:365:replace_macc$9463
  creating $macc cell for $add$rtl/x1_y2_kimi.v:112$205: $auto$alumacc.cc:365:replace_macc$9464
  creating $macc cell for $add$rtl/x1_y2_kimi.v:112$203: $auto$alumacc.cc:365:replace_macc$9465
  creating $macc cell for $add$rtl/x1_y2_kimi.v:112$201: $auto$alumacc.cc:365:replace_macc$9466
  creating $macc cell for $add$rtl/x1_y2_kimi.v:112$199: $auto$alumacc.cc:365:replace_macc$9467
  creating $macc cell for $add$rtl/x1_y2_kimi.v:112$197: $auto$alumacc.cc:365:replace_macc$9468
  creating $macc cell for $add$rtl/x1_y2_kimi.v:112$195: $auto$alumacc.cc:365:replace_macc$9469
  creating $macc cell for $add$rtl/x1_y2_kimi.v:112$193: $auto$alumacc.cc:365:replace_macc$9470
  creating $macc cell for $add$rtl/x1_y2_kimi.v:112$191: $auto$alumacc.cc:365:replace_macc$9471
  creating $macc cell for $add$rtl/x1_y2_kimi.v:112$189: $auto$alumacc.cc:365:replace_macc$9472
  creating $macc cell for $add$rtl/x1_y2_kimi.v:112$187: $auto$alumacc.cc:365:replace_macc$9473
  creating $macc cell for $add$rtl/x1_y2_kimi.v:112$185: $auto$alumacc.cc:365:replace_macc$9474
  creating $macc cell for $add$rtl/x1_y2_kimi.v:112$183: $auto$alumacc.cc:365:replace_macc$9475
  creating $macc cell for $add$rtl/x1_y2_kimi.v:112$181: $auto$alumacc.cc:365:replace_macc$9476
  creating $macc cell for $add$rtl/x1_y2_kimi.v:112$179: $auto$alumacc.cc:365:replace_macc$9477
  creating $macc cell for $add$rtl/x1_y2_kimi.v:112$177: $auto$alumacc.cc:365:replace_macc$9478
  creating $macc cell for $add$rtl/x1_y2_kimi.v:112$175: $auto$alumacc.cc:365:replace_macc$9479
  creating $macc cell for $add$rtl/x1_y2_kimi.v:112$173: $auto$alumacc.cc:365:replace_macc$9480
  creating $macc cell for $add$rtl/x1_y2_kimi.v:112$171: $auto$alumacc.cc:365:replace_macc$9481
  creating $macc cell for $add$rtl/x1_y2_kimi.v:112$169: $auto$alumacc.cc:365:replace_macc$9482
  creating $macc cell for $add$rtl/x1_y2_kimi.v:112$167: $auto$alumacc.cc:365:replace_macc$9483
  creating $macc cell for $add$rtl/x1_y2_kimi.v:112$165: $auto$alumacc.cc:365:replace_macc$9484
  creating $macc cell for $add$rtl/x1_y2_kimi.v:112$163: $auto$alumacc.cc:365:replace_macc$9485
  creating $macc cell for $add$rtl/x1_y2_kimi.v:112$161: $auto$alumacc.cc:365:replace_macc$9486
  creating $macc cell for $add$rtl/x1_y2_kimi.v:112$159: $auto$alumacc.cc:365:replace_macc$9487
  creating $macc cell for $add$rtl/x1_y2_kimi.v:112$157: $auto$alumacc.cc:365:replace_macc$9488
  creating $macc cell for $add$rtl/x1_y2_kimi.v:112$155: $auto$alumacc.cc:365:replace_macc$9489
  creating $macc cell for $add$rtl/x1_y2_kimi.v:112$153: $auto$alumacc.cc:365:replace_macc$9490
  creating $macc cell for $add$rtl/x1_y2_kimi.v:112$151: $auto$alumacc.cc:365:replace_macc$9491
  creating $macc cell for $add$rtl/x1_y2_kimi.v:112$149: $auto$alumacc.cc:365:replace_macc$9492
  creating $macc cell for $add$rtl/x1_y2_kimi.v:112$147: $auto$alumacc.cc:365:replace_macc$9493
  creating $macc cell for $add$rtl/x1_y2_kimi.v:112$145: $auto$alumacc.cc:365:replace_macc$9494
  creating $macc cell for $add$rtl/x1_y2_kimi.v:112$143: $auto$alumacc.cc:365:replace_macc$9495
  creating $macc cell for $add$rtl/x1_y2_kimi.v:112$141: $auto$alumacc.cc:365:replace_macc$9496
  creating $macc cell for $add$rtl/x1_y2_kimi.v:112$139: $auto$alumacc.cc:365:replace_macc$9497
  creating $macc cell for $add$rtl/x1_y2_kimi.v:112$137: $auto$alumacc.cc:365:replace_macc$9498
  creating $macc cell for $add$rtl/x1_y2_kimi.v:112$135: $auto$alumacc.cc:365:replace_macc$9499
  creating $macc cell for $add$rtl/x1_y2_kimi.v:112$133: $auto$alumacc.cc:365:replace_macc$9500
  creating $macc cell for $add$rtl/x1_y2_kimi.v:112$131: $auto$alumacc.cc:365:replace_macc$9501
  creating $macc cell for $add$rtl/x1_y2_kimi.v:112$129: $auto$alumacc.cc:365:replace_macc$9502
  creating $macc cell for $add$rtl/x1_y2_kimi.v:112$127: $auto$alumacc.cc:365:replace_macc$9503
  creating $macc cell for $add$rtl/x1_y2_kimi.v:112$125: $auto$alumacc.cc:365:replace_macc$9504
  creating $macc cell for $add$rtl/x1_y2_kimi.v:112$123: $auto$alumacc.cc:365:replace_macc$9505
  creating $macc cell for $add$rtl/x1_y2_kimi.v:112$121: $auto$alumacc.cc:365:replace_macc$9506
  creating $macc cell for $add$rtl/x1_y2_kimi.v:112$119: $auto$alumacc.cc:365:replace_macc$9507
  creating $macc cell for $add$rtl/x1_y2_kimi.v:112$117: $auto$alumacc.cc:365:replace_macc$9508
  creating $macc cell for $add$rtl/x1_y2_kimi.v:112$115: $auto$alumacc.cc:365:replace_macc$9509
  creating $macc cell for $add$rtl/x1_y2_kimi.v:112$113: $auto$alumacc.cc:365:replace_macc$9510
  creating $macc cell for $add$rtl/x1_y2_kimi.v:112$111: $auto$alumacc.cc:365:replace_macc$9511
  creating $macc cell for $add$rtl/x1_y2_kimi.v:112$109: $auto$alumacc.cc:365:replace_macc$9512
  creating $macc cell for $add$rtl/x1_y2_kimi.v:112$107: $auto$alumacc.cc:365:replace_macc$9513
  creating $macc cell for $add$rtl/x1_y2_kimi.v:112$105: $auto$alumacc.cc:365:replace_macc$9514
  creating $macc cell for $add$rtl/x1_y2_kimi.v:112$103: $auto$alumacc.cc:365:replace_macc$9515
  creating $macc cell for $add$rtl/x1_y2_kimi.v:112$101: $auto$alumacc.cc:365:replace_macc$9516
  creating $macc cell for $add$rtl/x1_y2_kimi.v:112$99: $auto$alumacc.cc:365:replace_macc$9517
  creating $alu model for $lt$rtl/x1_y2_kimi.v:58$26 ($lt): new $alu
  creating $alu cell for $lt$rtl/x1_y2_kimi.v:58$26: $auto$alumacc.cc:485:replace_alu$9519
  creating $alu cell for $add$rtl/x1_y2_kimi.v:104$33: $auto$alumacc.cc:485:replace_alu$9530
  creating $alu cell for $add$rtl/x1_y2_kimi.v:115$546: $auto$alumacc.cc:485:replace_alu$9533
  creating $alu cell for $add$rtl/x1_y2_kimi.v:177$551: $auto$alumacc.cc:485:replace_alu$9536
  creating $alu cell for $add$rtl/x1_y2_kimi.v:180$552: $auto$alumacc.cc:485:replace_alu$9539
  created 5 $alu and 256 $macc cells.

3.13. Executing SHARE pass (SAT-based resource sharing).
Found 256 cells in module x1_y2_kimi that may be considered for resource sharing.
  Analyzing resource sharing options for $mul$rtl/x1_y2_kimi.v:111$98 ($mul):
    Found cell that is never activated: $mul$rtl/x1_y2_kimi.v:111$98
    Cell is never active. Sharing is pointless, we simply remove it.
  Analyzing resource sharing options for $mul$rtl/x1_y2_kimi.v:111$96 ($mul):
    Found cell that is never activated: $mul$rtl/x1_y2_kimi.v:111$96
    Cell is never active. Sharing is pointless, we simply remove it.
  Analyzing resource sharing options for $mul$rtl/x1_y2_kimi.v:111$94 ($mul):
    Found cell that is never activated: $mul$rtl/x1_y2_kimi.v:111$94
    Cell is never active. Sharing is pointless, we simply remove it.
  Analyzing resource sharing options for $mul$rtl/x1_y2_kimi.v:111$92 ($mul):
    Found cell that is never activated: $mul$rtl/x1_y2_kimi.v:111$92
    Cell is never active. Sharing is pointless, we simply remove it.
  Analyzing resource sharing options for $mul$rtl/x1_y2_kimi.v:111$90 ($mul):
    Found cell that is never activated: $mul$rtl/x1_y2_kimi.v:111$90
    Cell is never active. Sharing is pointless, we simply remove it.
  Analyzing resource sharing options for $mul$rtl/x1_y2_kimi.v:111$88 ($mul):
    Found cell that is never activated: $mul$rtl/x1_y2_kimi.v:111$88
    Cell is never active. Sharing is pointless, we simply remove it.
  Analyzing resource sharing options for $mul$rtl/x1_y2_kimi.v:111$86 ($mul):
    Found cell that is never activated: $mul$rtl/x1_y2_kimi.v:111$86
    Cell is never active. Sharing is pointless, we simply remove it.
  Analyzing resource sharing options for $mul$rtl/x1_y2_kimi.v:111$84 ($mul):
    Found cell that is never activated: $mul$rtl/x1_y2_kimi.v:111$84
    Cell is never active. Sharing is pointless, we simply remove it.
  Analyzing resource sharing options for $mul$rtl/x1_y2_kimi.v:111$82 ($mul):
    Found cell that is never activated: $mul$rtl/x1_y2_kimi.v:111$82
    Cell is never active. Sharing is pointless, we simply remove it.
  Analyzing resource sharing options for $mul$rtl/x1_y2_kimi.v:111$80 ($mul):
    Found cell that is never activated: $mul$rtl/x1_y2_kimi.v:111$80
    Cell is never active. Sharing is pointless, we simply remove it.
  Analyzing resource sharing options for $mul$rtl/x1_y2_kimi.v:111$78 ($mul):
    Found cell that is never activated: $mul$rtl/x1_y2_kimi.v:111$78
    Cell is never active. Sharing is pointless, we simply remove it.
  Analyzing resource sharing options for $mul$rtl/x1_y2_kimi.v:111$76 ($mul):
    Found cell that is never activated: $mul$rtl/x1_y2_kimi.v:111$76
    Cell is never active. Sharing is pointless, we simply remove it.
  Analyzing resource sharing options for $mul$rtl/x1_y2_kimi.v:111$74 ($mul):
    Found cell that is never activated: $mul$rtl/x1_y2_kimi.v:111$74
    Cell is never active. Sharing is pointless, we simply remove it.
  Analyzing resource sharing options for $mul$rtl/x1_y2_kimi.v:111$72 ($mul):
    Found cell that is never activated: $mul$rtl/x1_y2_kimi.v:111$72
    Cell is never active. Sharing is pointless, we simply remove it.
  Analyzing resource sharing options for $mul$rtl/x1_y2_kimi.v:111$70 ($mul):
    Found cell that is never activated: $mul$rtl/x1_y2_kimi.v:111$70
    Cell is never active. Sharing is pointless, we simply remove it.
  Analyzing resource sharing options for $mul$rtl/x1_y2_kimi.v:111$68 ($mul):
    Found cell that is never activated: $mul$rtl/x1_y2_kimi.v:111$68
    Cell is never active. Sharing is pointless, we simply remove it.
  Analyzing resource sharing options for $mul$rtl/x1_y2_kimi.v:111$66 ($mul):
    Found cell that is never activated: $mul$rtl/x1_y2_kimi.v:111$66
    Cell is never active. Sharing is pointless, we simply remove it.
  Analyzing resource sharing options for $mul$rtl/x1_y2_kimi.v:111$64 ($mul):
    Found cell that is never activated: $mul$rtl/x1_y2_kimi.v:111$64
    Cell is never active. Sharing is pointless, we simply remove it.
  Analyzing resource sharing options for $mul$rtl/x1_y2_kimi.v:111$62 ($mul):
    Found cell that is never activated: $mul$rtl/x1_y2_kimi.v:111$62
    Cell is never active. Sharing is pointless, we simply remove it.
  Analyzing resource sharing options for $mul$rtl/x1_y2_kimi.v:111$60 ($mul):
    Found cell that is never activated: $mul$rtl/x1_y2_kimi.v:111$60
    Cell is never active. Sharing is pointless, we simply remove it.
  Analyzing resource sharing options for $mul$rtl/x1_y2_kimi.v:111$58 ($mul):
    Found cell that is never activated: $mul$rtl/x1_y2_kimi.v:111$58
    Cell is never active. Sharing is pointless, we simply remove it.
  Analyzing resource sharing options for $mul$rtl/x1_y2_kimi.v:111$56 ($mul):
    Found cell that is never activated: $mul$rtl/x1_y2_kimi.v:111$56
    Cell is never active. Sharing is pointless, we simply remove it.
  Analyzing resource sharing options for $mul$rtl/x1_y2_kimi.v:111$544 ($mul):
    Found cell that is never activated: $mul$rtl/x1_y2_kimi.v:111$544
    Cell is never active. Sharing is pointless, we simply remove it.
  Analyzing resource sharing options for $mul$rtl/x1_y2_kimi.v:111$542 ($mul):
    Found cell that is never activated: $mul$rtl/x1_y2_kimi.v:111$542
    Cell is never active. Sharing is pointless, we simply remove it.
  Analyzing resource sharing options for $mul$rtl/x1_y2_kimi.v:111$540 ($mul):
    Found cell that is never activated: $mul$rtl/x1_y2_kimi.v:111$540
    Cell is never active. Sharing is pointless, we simply remove it.
  Analyzing resource sharing options for $mul$rtl/x1_y2_kimi.v:111$54 ($mul):
    Found cell that is never activated: $mul$rtl/x1_y2_kimi.v:111$54
    Cell is never active. Sharing is pointless, we simply remove it.
  Analyzing resource sharing options for $mul$rtl/x1_y2_kimi.v:111$538 ($mul):
    Found cell that is never activated: $mul$rtl/x1_y2_kimi.v:111$538
    Cell is never active. Sharing is pointless, we simply remove it.
  Analyzing resource sharing options for $mul$rtl/x1_y2_kimi.v:111$536 ($mul):
    Found cell that is never activated: $mul$rtl/x1_y2_kimi.v:111$536
    Cell is never active. Sharing is pointless, we simply remove it.
  Analyzing resource sharing options for $mul$rtl/x1_y2_kimi.v:111$534 ($mul):
    Found cell that is never activated: $mul$rtl/x1_y2_kimi.v:111$534
    Cell is never active. Sharing is pointless, we simply remove it.
  Analyzing resource sharing options for $mul$rtl/x1_y2_kimi.v:111$532 ($mul):
    Found cell that is never activated: $mul$rtl/x1_y2_kimi.v:111$532
    Cell is never active. Sharing is pointless, we simply remove it.
  Analyzing resource sharing options for $mul$rtl/x1_y2_kimi.v:111$530 ($mul):
    Found cell that is never activated: $mul$rtl/x1_y2_kimi.v:111$530
    Cell is never active. Sharing is pointless, we simply remove it.
  Analyzing resource sharing options for $mul$rtl/x1_y2_kimi.v:111$528 ($mul):
    Found cell that is never activated: $mul$rtl/x1_y2_kimi.v:111$528
    Cell is never active. Sharing is pointless, we simply remove it.
  Analyzing resource sharing options for $mul$rtl/x1_y2_kimi.v:111$526 ($mul):
    Found cell that is never activated: $mul$rtl/x1_y2_kimi.v:111$526
    Cell is never active. Sharing is pointless, we simply remove it.
  Analyzing resource sharing options for $mul$rtl/x1_y2_kimi.v:111$524 ($mul):
    Found cell that is never activated: $mul$rtl/x1_y2_kimi.v:111$524
    Cell is never active. Sharing is pointless, we simply remove it.
  Analyzing resource sharing options for $mul$rtl/x1_y2_kimi.v:111$522 ($mul):
    Found cell that is never activated: $mul$rtl/x1_y2_kimi.v:111$522
    Cell is never active. Sharing is pointless, we simply remove it.
  Analyzing resource sharing options for $mul$rtl/x1_y2_kimi.v:111$520 ($mul):
    Found cell that is never activated: $mul$rtl/x1_y2_kimi.v:111$520
    Cell is never active. Sharing is pointless, we simply remove it.
  Analyzing resource sharing options for $mul$rtl/x1_y2_kimi.v:111$52 ($mul):
    Found cell that is never activated: $mul$rtl/x1_y2_kimi.v:111$52
    Cell is never active. Sharing is pointless, we simply remove it.
  Analyzing resource sharing options for $mul$rtl/x1_y2_kimi.v:111$518 ($mul):
    Found cell that is never activated: $mul$rtl/x1_y2_kimi.v:111$518
    Cell is never active. Sharing is pointless, we simply remove it.
  Analyzing resource sharing options for $mul$rtl/x1_y2_kimi.v:111$516 ($mul):
    Found cell that is never activated: $mul$rtl/x1_y2_kimi.v:111$516
    Cell is never active. Sharing is pointless, we simply remove it.
  Analyzing resource sharing options for $mul$rtl/x1_y2_kimi.v:111$514 ($mul):
    Found cell that is never activated: $mul$rtl/x1_y2_kimi.v:111$514
    Cell is never active. Sharing is pointless, we simply remove it.
  Analyzing resource sharing options for $mul$rtl/x1_y2_kimi.v:111$512 ($mul):
    Found cell that is never activated: $mul$rtl/x1_y2_kimi.v:111$512
    Cell is never active. Sharing is pointless, we simply remove it.
  Analyzing resource sharing options for $mul$rtl/x1_y2_kimi.v:111$510 ($mul):
    Found cell that is never activated: $mul$rtl/x1_y2_kimi.v:111$510
    Cell is never active. Sharing is pointless, we simply remove it.
  Analyzing resource sharing options for $mul$rtl/x1_y2_kimi.v:111$508 ($mul):
    Found cell that is never activated: $mul$rtl/x1_y2_kimi.v:111$508
    Cell is never active. Sharing is pointless, we simply remove it.
  Analyzing resource sharing options for $mul$rtl/x1_y2_kimi.v:111$506 ($mul):
    Found cell that is never activated: $mul$rtl/x1_y2_kimi.v:111$506
    Cell is never active. Sharing is pointless, we simply remove it.
  Analyzing resource sharing options for $mul$rtl/x1_y2_kimi.v:111$504 ($mul):
    Found cell that is never activated: $mul$rtl/x1_y2_kimi.v:111$504
    Cell is never active. Sharing is pointless, we simply remove it.
  Analyzing resource sharing options for $mul$rtl/x1_y2_kimi.v:111$502 ($mul):
    Found cell that is never activated: $mul$rtl/x1_y2_kimi.v:111$502
    Cell is never active. Sharing is pointless, we simply remove it.
  Analyzing resource sharing options for $mul$rtl/x1_y2_kimi.v:111$500 ($mul):
    Found cell that is never activated: $mul$rtl/x1_y2_kimi.v:111$500
    Cell is never active. Sharing is pointless, we simply remove it.
  Analyzing resource sharing options for $mul$rtl/x1_y2_kimi.v:111$50 ($mul):
    Found cell that is never activated: $mul$rtl/x1_y2_kimi.v:111$50
    Cell is never active. Sharing is pointless, we simply remove it.
  Analyzing resource sharing options for $mul$rtl/x1_y2_kimi.v:111$498 ($mul):
    Found cell that is never activated: $mul$rtl/x1_y2_kimi.v:111$498
    Cell is never active. Sharing is pointless, we simply remove it.
  Analyzing resource sharing options for $mul$rtl/x1_y2_kimi.v:111$496 ($mul):
    Found cell that is never activated: $mul$rtl/x1_y2_kimi.v:111$496
    Cell is never active. Sharing is pointless, we simply remove it.
  Analyzing resource sharing options for $mul$rtl/x1_y2_kimi.v:111$494 ($mul):
    Found cell that is never activated: $mul$rtl/x1_y2_kimi.v:111$494
    Cell is never active. Sharing is pointless, we simply remove it.
  Analyzing resource sharing options for $mul$rtl/x1_y2_kimi.v:111$492 ($mul):
    Found cell that is never activated: $mul$rtl/x1_y2_kimi.v:111$492
    Cell is never active. Sharing is pointless, we simply remove it.
  Analyzing resource sharing options for $mul$rtl/x1_y2_kimi.v:111$490 ($mul):
    Found cell that is never activated: $mul$rtl/x1_y2_kimi.v:111$490
    Cell is never active. Sharing is pointless, we simply remove it.
  Analyzing resource sharing options for $mul$rtl/x1_y2_kimi.v:111$488 ($mul):
    Found cell that is never activated: $mul$rtl/x1_y2_kimi.v:111$488
    Cell is never active. Sharing is pointless, we simply remove it.
  Analyzing resource sharing options for $mul$rtl/x1_y2_kimi.v:111$486 ($mul):
    Found cell that is never activated: $mul$rtl/x1_y2_kimi.v:111$486
    Cell is never active. Sharing is pointless, we simply remove it.
  Analyzing resource sharing options for $mul$rtl/x1_y2_kimi.v:111$484 ($mul):
    Found cell that is never activated: $mul$rtl/x1_y2_kimi.v:111$484
    Cell is never active. Sharing is pointless, we simply remove it.
  Analyzing resource sharing options for $mul$rtl/x1_y2_kimi.v:111$482 ($mul):
    Found cell that is never activated: $mul$rtl/x1_y2_kimi.v:111$482
    Cell is never active. Sharing is pointless, we simply remove it.
  Analyzing resource sharing options for $mul$rtl/x1_y2_kimi.v:111$480 ($mul):
    Found cell that is never activated: $mul$rtl/x1_y2_kimi.v:111$480
    Cell is never active. Sharing is pointless, we simply remove it.
  Analyzing resource sharing options for $mul$rtl/x1_y2_kimi.v:111$48 ($mul):
    Found cell that is never activated: $mul$rtl/x1_y2_kimi.v:111$48
    Cell is never active. Sharing is pointless, we simply remove it.
  Analyzing resource sharing options for $mul$rtl/x1_y2_kimi.v:111$478 ($mul):
    Found cell that is never activated: $mul$rtl/x1_y2_kimi.v:111$478
    Cell is never active. Sharing is pointless, we simply remove it.
  Analyzing resource sharing options for $mul$rtl/x1_y2_kimi.v:111$476 ($mul):
    Found cell that is never activated: $mul$rtl/x1_y2_kimi.v:111$476
    Cell is never active. Sharing is pointless, we simply remove it.
  Analyzing resource sharing options for $mul$rtl/x1_y2_kimi.v:111$474 ($mul):
    Found cell that is never activated: $mul$rtl/x1_y2_kimi.v:111$474
    Cell is never active. Sharing is pointless, we simply remove it.
  Analyzing resource sharing options for $mul$rtl/x1_y2_kimi.v:111$472 ($mul):
    Found cell that is never activated: $mul$rtl/x1_y2_kimi.v:111$472
    Cell is never active. Sharing is pointless, we simply remove it.
  Analyzing resource sharing options for $mul$rtl/x1_y2_kimi.v:111$470 ($mul):
    Found cell that is never activated: $mul$rtl/x1_y2_kimi.v:111$470
    Cell is never active. Sharing is pointless, we simply remove it.
  Analyzing resource sharing options for $mul$rtl/x1_y2_kimi.v:111$468 ($mul):
    Found cell that is never activated: $mul$rtl/x1_y2_kimi.v:111$468
    Cell is never active. Sharing is pointless, we simply remove it.
  Analyzing resource sharing options for $mul$rtl/x1_y2_kimi.v:111$466 ($mul):
    Found cell that is never activated: $mul$rtl/x1_y2_kimi.v:111$466
    Cell is never active. Sharing is pointless, we simply remove it.
  Analyzing resource sharing options for $mul$rtl/x1_y2_kimi.v:111$464 ($mul):
    Found cell that is never activated: $mul$rtl/x1_y2_kimi.v:111$464
    Cell is never active. Sharing is pointless, we simply remove it.
  Analyzing resource sharing options for $mul$rtl/x1_y2_kimi.v:111$462 ($mul):
    Found cell that is never activated: $mul$rtl/x1_y2_kimi.v:111$462
    Cell is never active. Sharing is pointless, we simply remove it.
  Analyzing resource sharing options for $mul$rtl/x1_y2_kimi.v:111$460 ($mul):
    Found cell that is never activated: $mul$rtl/x1_y2_kimi.v:111$460
    Cell is never active. Sharing is pointless, we simply remove it.
  Analyzing resource sharing options for $mul$rtl/x1_y2_kimi.v:111$46 ($mul):
    Found cell that is never activated: $mul$rtl/x1_y2_kimi.v:111$46
    Cell is never active. Sharing is pointless, we simply remove it.
  Analyzing resource sharing options for $mul$rtl/x1_y2_kimi.v:111$458 ($mul):
    Found cell that is never activated: $mul$rtl/x1_y2_kimi.v:111$458
    Cell is never active. Sharing is pointless, we simply remove it.
  Analyzing resource sharing options for $mul$rtl/x1_y2_kimi.v:111$456 ($mul):
    Found cell that is never activated: $mul$rtl/x1_y2_kimi.v:111$456
    Cell is never active. Sharing is pointless, we simply remove it.
  Analyzing resource sharing options for $mul$rtl/x1_y2_kimi.v:111$454 ($mul):
    Found cell that is never activated: $mul$rtl/x1_y2_kimi.v:111$454
    Cell is never active. Sharing is pointless, we simply remove it.
  Analyzing resource sharing options for $mul$rtl/x1_y2_kimi.v:111$452 ($mul):
    Found cell that is never activated: $mul$rtl/x1_y2_kimi.v:111$452
    Cell is never active. Sharing is pointless, we simply remove it.
  Analyzing resource sharing options for $mul$rtl/x1_y2_kimi.v:111$450 ($mul):
    Found cell that is never activated: $mul$rtl/x1_y2_kimi.v:111$450
    Cell is never active. Sharing is pointless, we simply remove it.
  Analyzing resource sharing options for $mul$rtl/x1_y2_kimi.v:111$448 ($mul):
    Found cell that is never activated: $mul$rtl/x1_y2_kimi.v:111$448
    Cell is never active. Sharing is pointless, we simply remove it.
  Analyzing resource sharing options for $mul$rtl/x1_y2_kimi.v:111$446 ($mul):
    Found cell that is never activated: $mul$rtl/x1_y2_kimi.v:111$446
    Cell is never active. Sharing is pointless, we simply remove it.
  Analyzing resource sharing options for $mul$rtl/x1_y2_kimi.v:111$444 ($mul):
    Found cell that is never activated: $mul$rtl/x1_y2_kimi.v:111$444
    Cell is never active. Sharing is pointless, we simply remove it.
  Analyzing resource sharing options for $mul$rtl/x1_y2_kimi.v:111$442 ($mul):
    Found cell that is never activated: $mul$rtl/x1_y2_kimi.v:111$442
    Cell is never active. Sharing is pointless, we simply remove it.
  Analyzing resource sharing options for $mul$rtl/x1_y2_kimi.v:111$440 ($mul):
    Found cell that is never activated: $mul$rtl/x1_y2_kimi.v:111$440
    Cell is never active. Sharing is pointless, we simply remove it.
  Analyzing resource sharing options for $mul$rtl/x1_y2_kimi.v:111$44 ($mul):
    Found cell that is never activated: $mul$rtl/x1_y2_kimi.v:111$44
    Cell is never active. Sharing is pointless, we simply remove it.
  Analyzing resource sharing options for $mul$rtl/x1_y2_kimi.v:111$438 ($mul):
    Found cell that is never activated: $mul$rtl/x1_y2_kimi.v:111$438
    Cell is never active. Sharing is pointless, we simply remove it.
  Analyzing resource sharing options for $mul$rtl/x1_y2_kimi.v:111$436 ($mul):
    Found cell that is never activated: $mul$rtl/x1_y2_kimi.v:111$436
    Cell is never active. Sharing is pointless, we simply remove it.
  Analyzing resource sharing options for $mul$rtl/x1_y2_kimi.v:111$434 ($mul):
    Found cell that is never activated: $mul$rtl/x1_y2_kimi.v:111$434
    Cell is never active. Sharing is pointless, we simply remove it.
  Analyzing resource sharing options for $mul$rtl/x1_y2_kimi.v:111$432 ($mul):
    Found cell that is never activated: $mul$rtl/x1_y2_kimi.v:111$432
    Cell is never active. Sharing is pointless, we simply remove it.
  Analyzing resource sharing options for $mul$rtl/x1_y2_kimi.v:111$430 ($mul):
    Found cell that is never activated: $mul$rtl/x1_y2_kimi.v:111$430
    Cell is never active. Sharing is pointless, we simply remove it.
  Analyzing resource sharing options for $mul$rtl/x1_y2_kimi.v:111$428 ($mul):
    Found cell that is never activated: $mul$rtl/x1_y2_kimi.v:111$428
    Cell is never active. Sharing is pointless, we simply remove it.
  Analyzing resource sharing options for $mul$rtl/x1_y2_kimi.v:111$426 ($mul):
    Found cell that is never activated: $mul$rtl/x1_y2_kimi.v:111$426
    Cell is never active. Sharing is pointless, we simply remove it.
  Analyzing resource sharing options for $mul$rtl/x1_y2_kimi.v:111$424 ($mul):
    Found cell that is never activated: $mul$rtl/x1_y2_kimi.v:111$424
    Cell is never active. Sharing is pointless, we simply remove it.
  Analyzing resource sharing options for $mul$rtl/x1_y2_kimi.v:111$422 ($mul):
    Found cell that is never activated: $mul$rtl/x1_y2_kimi.v:111$422
    Cell is never active. Sharing is pointless, we simply remove it.
  Analyzing resource sharing options for $mul$rtl/x1_y2_kimi.v:111$420 ($mul):
    Found cell that is never activated: $mul$rtl/x1_y2_kimi.v:111$420
    Cell is never active. Sharing is pointless, we simply remove it.
  Analyzing resource sharing options for $mul$rtl/x1_y2_kimi.v:111$42 ($mul):
    Found cell that is never activated: $mul$rtl/x1_y2_kimi.v:111$42
    Cell is never active. Sharing is pointless, we simply remove it.
  Analyzing resource sharing options for $mul$rtl/x1_y2_kimi.v:111$418 ($mul):
    Found cell that is never activated: $mul$rtl/x1_y2_kimi.v:111$418
    Cell is never active. Sharing is pointless, we simply remove it.
  Analyzing resource sharing options for $mul$rtl/x1_y2_kimi.v:111$416 ($mul):
    Found cell that is never activated: $mul$rtl/x1_y2_kimi.v:111$416
    Cell is never active. Sharing is pointless, we simply remove it.
  Analyzing resource sharing options for $mul$rtl/x1_y2_kimi.v:111$414 ($mul):
    Found cell that is never activated: $mul$rtl/x1_y2_kimi.v:111$414
    Cell is never active. Sharing is pointless, we simply remove it.
  Analyzing resource sharing options for $mul$rtl/x1_y2_kimi.v:111$412 ($mul):
    Found cell that is never activated: $mul$rtl/x1_y2_kimi.v:111$412
    Cell is never active. Sharing is pointless, we simply remove it.
  Analyzing resource sharing options for $mul$rtl/x1_y2_kimi.v:111$410 ($mul):
    Found cell that is never activated: $mul$rtl/x1_y2_kimi.v:111$410
    Cell is never active. Sharing is pointless, we simply remove it.
  Analyzing resource sharing options for $mul$rtl/x1_y2_kimi.v:111$408 ($mul):
    Found cell that is never activated: $mul$rtl/x1_y2_kimi.v:111$408
    Cell is never active. Sharing is pointless, we simply remove it.
  Analyzing resource sharing options for $mul$rtl/x1_y2_kimi.v:111$406 ($mul):
    Found cell that is never activated: $mul$rtl/x1_y2_kimi.v:111$406
    Cell is never active. Sharing is pointless, we simply remove it.
  Analyzing resource sharing options for $mul$rtl/x1_y2_kimi.v:111$404 ($mul):
    Found cell that is never activated: $mul$rtl/x1_y2_kimi.v:111$404
    Cell is never active. Sharing is pointless, we simply remove it.
  Analyzing resource sharing options for $mul$rtl/x1_y2_kimi.v:111$402 ($mul):
    Found cell that is never activated: $mul$rtl/x1_y2_kimi.v:111$402
    Cell is never active. Sharing is pointless, we simply remove it.
  Analyzing resource sharing options for $mul$rtl/x1_y2_kimi.v:111$400 ($mul):
    Found cell that is never activated: $mul$rtl/x1_y2_kimi.v:111$400
    Cell is never active. Sharing is pointless, we simply remove it.
  Analyzing resource sharing options for $mul$rtl/x1_y2_kimi.v:111$40 ($mul):
    Found cell that is never activated: $mul$rtl/x1_y2_kimi.v:111$40
    Cell is never active. Sharing is pointless, we simply remove it.
  Analyzing resource sharing options for $mul$rtl/x1_y2_kimi.v:111$398 ($mul):
    Found cell that is never activated: $mul$rtl/x1_y2_kimi.v:111$398
    Cell is never active. Sharing is pointless, we simply remove it.
  Analyzing resource sharing options for $mul$rtl/x1_y2_kimi.v:111$396 ($mul):
    Found cell that is never activated: $mul$rtl/x1_y2_kimi.v:111$396
    Cell is never active. Sharing is pointless, we simply remove it.
  Analyzing resource sharing options for $mul$rtl/x1_y2_kimi.v:111$394 ($mul):
    Found cell that is never activated: $mul$rtl/x1_y2_kimi.v:111$394
    Cell is never active. Sharing is pointless, we simply remove it.
  Analyzing resource sharing options for $mul$rtl/x1_y2_kimi.v:111$392 ($mul):
    Found cell that is never activated: $mul$rtl/x1_y2_kimi.v:111$392
    Cell is never active. Sharing is pointless, we simply remove it.
  Analyzing resource sharing options for $mul$rtl/x1_y2_kimi.v:111$390 ($mul):
    Found cell that is never activated: $mul$rtl/x1_y2_kimi.v:111$390
    Cell is never active. Sharing is pointless, we simply remove it.
  Analyzing resource sharing options for $mul$rtl/x1_y2_kimi.v:111$388 ($mul):
    Found cell that is never activated: $mul$rtl/x1_y2_kimi.v:111$388
    Cell is never active. Sharing is pointless, we simply remove it.
  Analyzing resource sharing options for $mul$rtl/x1_y2_kimi.v:111$386 ($mul):
    Found cell that is never activated: $mul$rtl/x1_y2_kimi.v:111$386
    Cell is never active. Sharing is pointless, we simply remove it.
  Analyzing resource sharing options for $mul$rtl/x1_y2_kimi.v:111$384 ($mul):
    Found cell that is never activated: $mul$rtl/x1_y2_kimi.v:111$384
    Cell is never active. Sharing is pointless, we simply remove it.
  Analyzing resource sharing options for $mul$rtl/x1_y2_kimi.v:111$382 ($mul):
    Found cell that is never activated: $mul$rtl/x1_y2_kimi.v:111$382
    Cell is never active. Sharing is pointless, we simply remove it.
  Analyzing resource sharing options for $mul$rtl/x1_y2_kimi.v:111$380 ($mul):
    Found cell that is never activated: $mul$rtl/x1_y2_kimi.v:111$380
    Cell is never active. Sharing is pointless, we simply remove it.
  Analyzing resource sharing options for $mul$rtl/x1_y2_kimi.v:111$38 ($mul):
    Found cell that is never activated: $mul$rtl/x1_y2_kimi.v:111$38
    Cell is never active. Sharing is pointless, we simply remove it.
  Analyzing resource sharing options for $mul$rtl/x1_y2_kimi.v:111$378 ($mul):
    Found cell that is never activated: $mul$rtl/x1_y2_kimi.v:111$378
    Cell is never active. Sharing is pointless, we simply remove it.
  Analyzing resource sharing options for $mul$rtl/x1_y2_kimi.v:111$376 ($mul):
    Found cell that is never activated: $mul$rtl/x1_y2_kimi.v:111$376
    Cell is never active. Sharing is pointless, we simply remove it.
  Analyzing resource sharing options for $mul$rtl/x1_y2_kimi.v:111$374 ($mul):
    Found cell that is never activated: $mul$rtl/x1_y2_kimi.v:111$374
    Cell is never active. Sharing is pointless, we simply remove it.
  Analyzing resource sharing options for $mul$rtl/x1_y2_kimi.v:111$372 ($mul):
    Found cell that is never activated: $mul$rtl/x1_y2_kimi.v:111$372
    Cell is never active. Sharing is pointless, we simply remove it.
  Analyzing resource sharing options for $mul$rtl/x1_y2_kimi.v:111$370 ($mul):
    Found cell that is never activated: $mul$rtl/x1_y2_kimi.v:111$370
    Cell is never active. Sharing is pointless, we simply remove it.
  Analyzing resource sharing options for $mul$rtl/x1_y2_kimi.v:111$368 ($mul):
    Found cell that is never activated: $mul$rtl/x1_y2_kimi.v:111$368
    Cell is never active. Sharing is pointless, we simply remove it.
  Analyzing resource sharing options for $mul$rtl/x1_y2_kimi.v:111$366 ($mul):
    Found cell that is never activated: $mul$rtl/x1_y2_kimi.v:111$366
    Cell is never active. Sharing is pointless, we simply remove it.
  Analyzing resource sharing options for $mul$rtl/x1_y2_kimi.v:111$364 ($mul):
    Found cell that is never activated: $mul$rtl/x1_y2_kimi.v:111$364
    Cell is never active. Sharing is pointless, we simply remove it.
  Analyzing resource sharing options for $mul$rtl/x1_y2_kimi.v:111$362 ($mul):
    Found cell that is never activated: $mul$rtl/x1_y2_kimi.v:111$362
    Cell is never active. Sharing is pointless, we simply remove it.
  Analyzing resource sharing options for $mul$rtl/x1_y2_kimi.v:111$360 ($mul):
    Found cell that is never activated: $mul$rtl/x1_y2_kimi.v:111$360
    Cell is never active. Sharing is pointless, we simply remove it.
  Analyzing resource sharing options for $mul$rtl/x1_y2_kimi.v:111$36 ($mul):
    Found cell that is never activated: $mul$rtl/x1_y2_kimi.v:111$36
    Cell is never active. Sharing is pointless, we simply remove it.
  Analyzing resource sharing options for $mul$rtl/x1_y2_kimi.v:111$358 ($mul):
    Found cell that is never activated: $mul$rtl/x1_y2_kimi.v:111$358
    Cell is never active. Sharing is pointless, we simply remove it.
  Analyzing resource sharing options for $mul$rtl/x1_y2_kimi.v:111$356 ($mul):
    Found cell that is never activated: $mul$rtl/x1_y2_kimi.v:111$356
    Cell is never active. Sharing is pointless, we simply remove it.
  Analyzing resource sharing options for $mul$rtl/x1_y2_kimi.v:111$354 ($mul):
    Found cell that is never activated: $mul$rtl/x1_y2_kimi.v:111$354
    Cell is never active. Sharing is pointless, we simply remove it.
  Analyzing resource sharing options for $mul$rtl/x1_y2_kimi.v:111$352 ($mul):
    Found cell that is never activated: $mul$rtl/x1_y2_kimi.v:111$352
    Cell is never active. Sharing is pointless, we simply remove it.
  Analyzing resource sharing options for $mul$rtl/x1_y2_kimi.v:111$350 ($mul):
    Found cell that is never activated: $mul$rtl/x1_y2_kimi.v:111$350
    Cell is never active. Sharing is pointless, we simply remove it.
  Analyzing resource sharing options for $mul$rtl/x1_y2_kimi.v:111$348 ($mul):
    Found cell that is never activated: $mul$rtl/x1_y2_kimi.v:111$348
    Cell is never active. Sharing is pointless, we simply remove it.
  Analyzing resource sharing options for $mul$rtl/x1_y2_kimi.v:111$346 ($mul):
    Found cell that is never activated: $mul$rtl/x1_y2_kimi.v:111$346
    Cell is never active. Sharing is pointless, we simply remove it.
  Analyzing resource sharing options for $mul$rtl/x1_y2_kimi.v:111$344 ($mul):
    Found cell that is never activated: $mul$rtl/x1_y2_kimi.v:111$344
    Cell is never active. Sharing is pointless, we simply remove it.
  Analyzing resource sharing options for $mul$rtl/x1_y2_kimi.v:111$342 ($mul):
    Found cell that is never activated: $mul$rtl/x1_y2_kimi.v:111$342
    Cell is never active. Sharing is pointless, we simply remove it.
  Analyzing resource sharing options for $mul$rtl/x1_y2_kimi.v:111$340 ($mul):
    Found cell that is never activated: $mul$rtl/x1_y2_kimi.v:111$340
    Cell is never active. Sharing is pointless, we simply remove it.
  Analyzing resource sharing options for $mul$rtl/x1_y2_kimi.v:111$34 ($mul):
    Found cell that is never activated: $mul$rtl/x1_y2_kimi.v:111$34
    Cell is never active. Sharing is pointless, we simply remove it.
  Analyzing resource sharing options for $mul$rtl/x1_y2_kimi.v:111$338 ($mul):
    Found cell that is never activated: $mul$rtl/x1_y2_kimi.v:111$338
    Cell is never active. Sharing is pointless, we simply remove it.
  Analyzing resource sharing options for $mul$rtl/x1_y2_kimi.v:111$336 ($mul):
    Found cell that is never activated: $mul$rtl/x1_y2_kimi.v:111$336
    Cell is never active. Sharing is pointless, we simply remove it.
  Analyzing resource sharing options for $mul$rtl/x1_y2_kimi.v:111$334 ($mul):
    Found cell that is never activated: $mul$rtl/x1_y2_kimi.v:111$334
    Cell is never active. Sharing is pointless, we simply remove it.
  Analyzing resource sharing options for $mul$rtl/x1_y2_kimi.v:111$332 ($mul):
    Found cell that is never activated: $mul$rtl/x1_y2_kimi.v:111$332
    Cell is never active. Sharing is pointless, we simply remove it.
  Analyzing resource sharing options for $mul$rtl/x1_y2_kimi.v:111$330 ($mul):
    Found cell that is never activated: $mul$rtl/x1_y2_kimi.v:111$330
    Cell is never active. Sharing is pointless, we simply remove it.
  Analyzing resource sharing options for $mul$rtl/x1_y2_kimi.v:111$328 ($mul):
    Found cell that is never activated: $mul$rtl/x1_y2_kimi.v:111$328
    Cell is never active. Sharing is pointless, we simply remove it.
  Analyzing resource sharing options for $mul$rtl/x1_y2_kimi.v:111$326 ($mul):
    Found cell that is never activated: $mul$rtl/x1_y2_kimi.v:111$326
    Cell is never active. Sharing is pointless, we simply remove it.
  Analyzing resource sharing options for $mul$rtl/x1_y2_kimi.v:111$324 ($mul):
    Found cell that is never activated: $mul$rtl/x1_y2_kimi.v:111$324
    Cell is never active. Sharing is pointless, we simply remove it.
  Analyzing resource sharing options for $mul$rtl/x1_y2_kimi.v:111$322 ($mul):
    Found cell that is never activated: $mul$rtl/x1_y2_kimi.v:111$322
    Cell is never active. Sharing is pointless, we simply remove it.
  Analyzing resource sharing options for $mul$rtl/x1_y2_kimi.v:111$320 ($mul):
    Found cell that is never activated: $mul$rtl/x1_y2_kimi.v:111$320
    Cell is never active. Sharing is pointless, we simply remove it.
  Analyzing resource sharing options for $mul$rtl/x1_y2_kimi.v:111$318 ($mul):
    Found cell that is never activated: $mul$rtl/x1_y2_kimi.v:111$318
    Cell is never active. Sharing is pointless, we simply remove it.
  Analyzing resource sharing options for $mul$rtl/x1_y2_kimi.v:111$316 ($mul):
    Found cell that is never activated: $mul$rtl/x1_y2_kimi.v:111$316
    Cell is never active. Sharing is pointless, we simply remove it.
  Analyzing resource sharing options for $mul$rtl/x1_y2_kimi.v:111$314 ($mul):
    Found cell that is never activated: $mul$rtl/x1_y2_kimi.v:111$314
    Cell is never active. Sharing is pointless, we simply remove it.
  Analyzing resource sharing options for $mul$rtl/x1_y2_kimi.v:111$312 ($mul):
    Found cell that is never activated: $mul$rtl/x1_y2_kimi.v:111$312
    Cell is never active. Sharing is pointless, we simply remove it.
  Analyzing resource sharing options for $mul$rtl/x1_y2_kimi.v:111$310 ($mul):
    Found cell that is never activated: $mul$rtl/x1_y2_kimi.v:111$310
    Cell is never active. Sharing is pointless, we simply remove it.
  Analyzing resource sharing options for $mul$rtl/x1_y2_kimi.v:111$308 ($mul):
    Found cell that is never activated: $mul$rtl/x1_y2_kimi.v:111$308
    Cell is never active. Sharing is pointless, we simply remove it.
  Analyzing resource sharing options for $mul$rtl/x1_y2_kimi.v:111$306 ($mul):
    Found cell that is never activated: $mul$rtl/x1_y2_kimi.v:111$306
    Cell is never active. Sharing is pointless, we simply remove it.
  Analyzing resource sharing options for $mul$rtl/x1_y2_kimi.v:111$304 ($mul):
    Found cell that is never activated: $mul$rtl/x1_y2_kimi.v:111$304
    Cell is never active. Sharing is pointless, we simply remove it.
  Analyzing resource sharing options for $mul$rtl/x1_y2_kimi.v:111$302 ($mul):
    Found cell that is never activated: $mul$rtl/x1_y2_kimi.v:111$302
    Cell is never active. Sharing is pointless, we simply remove it.
  Analyzing resource sharing options for $mul$rtl/x1_y2_kimi.v:111$300 ($mul):
    Found cell that is never activated: $mul$rtl/x1_y2_kimi.v:111$300
    Cell is never active. Sharing is pointless, we simply remove it.
  Analyzing resource sharing options for $mul$rtl/x1_y2_kimi.v:111$298 ($mul):
    Found cell that is never activated: $mul$rtl/x1_y2_kimi.v:111$298
    Cell is never active. Sharing is pointless, we simply remove it.
  Analyzing resource sharing options for $mul$rtl/x1_y2_kimi.v:111$296 ($mul):
    Found cell that is never activated: $mul$rtl/x1_y2_kimi.v:111$296
    Cell is never active. Sharing is pointless, we simply remove it.
  Analyzing resource sharing options for $mul$rtl/x1_y2_kimi.v:111$294 ($mul):
    Found cell that is never activated: $mul$rtl/x1_y2_kimi.v:111$294
    Cell is never active. Sharing is pointless, we simply remove it.
  Analyzing resource sharing options for $mul$rtl/x1_y2_kimi.v:111$292 ($mul):
    Found cell that is never activated: $mul$rtl/x1_y2_kimi.v:111$292
    Cell is never active. Sharing is pointless, we simply remove it.
  Analyzing resource sharing options for $mul$rtl/x1_y2_kimi.v:111$290 ($mul):
    Found cell that is never activated: $mul$rtl/x1_y2_kimi.v:111$290
    Cell is never active. Sharing is pointless, we simply remove it.
  Analyzing resource sharing options for $mul$rtl/x1_y2_kimi.v:111$288 ($mul):
    Found cell that is never activated: $mul$rtl/x1_y2_kimi.v:111$288
    Cell is never active. Sharing is pointless, we simply remove it.
  Analyzing resource sharing options for $mul$rtl/x1_y2_kimi.v:111$286 ($mul):
    Found cell that is never activated: $mul$rtl/x1_y2_kimi.v:111$286
    Cell is never active. Sharing is pointless, we simply remove it.
  Analyzing resource sharing options for $mul$rtl/x1_y2_kimi.v:111$284 ($mul):
    Found cell that is never activated: $mul$rtl/x1_y2_kimi.v:111$284
    Cell is never active. Sharing is pointless, we simply remove it.
  Analyzing resource sharing options for $mul$rtl/x1_y2_kimi.v:111$282 ($mul):
    Found cell that is never activated: $mul$rtl/x1_y2_kimi.v:111$282
    Cell is never active. Sharing is pointless, we simply remove it.
  Analyzing resource sharing options for $mul$rtl/x1_y2_kimi.v:111$280 ($mul):
    Found cell that is never activated: $mul$rtl/x1_y2_kimi.v:111$280
    Cell is never active. Sharing is pointless, we simply remove it.
  Analyzing resource sharing options for $mul$rtl/x1_y2_kimi.v:111$278 ($mul):
    Found cell that is never activated: $mul$rtl/x1_y2_kimi.v:111$278
    Cell is never active. Sharing is pointless, we simply remove it.
  Analyzing resource sharing options for $mul$rtl/x1_y2_kimi.v:111$276 ($mul):
    Found cell that is never activated: $mul$rtl/x1_y2_kimi.v:111$276
    Cell is never active. Sharing is pointless, we simply remove it.
  Analyzing resource sharing options for $mul$rtl/x1_y2_kimi.v:111$274 ($mul):
    Found cell that is never activated: $mul$rtl/x1_y2_kimi.v:111$274
    Cell is never active. Sharing is pointless, we simply remove it.
  Analyzing resource sharing options for $mul$rtl/x1_y2_kimi.v:111$272 ($mul):
    Found cell that is never activated: $mul$rtl/x1_y2_kimi.v:111$272
    Cell is never active. Sharing is pointless, we simply remove it.
  Analyzing resource sharing options for $mul$rtl/x1_y2_kimi.v:111$270 ($mul):
    Found cell that is never activated: $mul$rtl/x1_y2_kimi.v:111$270
    Cell is never active. Sharing is pointless, we simply remove it.
  Analyzing resource sharing options for $mul$rtl/x1_y2_kimi.v:111$268 ($mul):
    Found cell that is never activated: $mul$rtl/x1_y2_kimi.v:111$268
    Cell is never active. Sharing is pointless, we simply remove it.
  Analyzing resource sharing options for $mul$rtl/x1_y2_kimi.v:111$266 ($mul):
    Found cell that is never activated: $mul$rtl/x1_y2_kimi.v:111$266
    Cell is never active. Sharing is pointless, we simply remove it.
  Analyzing resource sharing options for $mul$rtl/x1_y2_kimi.v:111$264 ($mul):
    Found cell that is never activated: $mul$rtl/x1_y2_kimi.v:111$264
    Cell is never active. Sharing is pointless, we simply remove it.
  Analyzing resource sharing options for $mul$rtl/x1_y2_kimi.v:111$262 ($mul):
    Found cell that is never activated: $mul$rtl/x1_y2_kimi.v:111$262
    Cell is never active. Sharing is pointless, we simply remove it.
  Analyzing resource sharing options for $mul$rtl/x1_y2_kimi.v:111$260 ($mul):
    Found cell that is never activated: $mul$rtl/x1_y2_kimi.v:111$260
    Cell is never active. Sharing is pointless, we simply remove it.
  Analyzing resource sharing options for $mul$rtl/x1_y2_kimi.v:111$258 ($mul):
    Found cell that is never activated: $mul$rtl/x1_y2_kimi.v:111$258
    Cell is never active. Sharing is pointless, we simply remove it.
  Analyzing resource sharing options for $mul$rtl/x1_y2_kimi.v:111$256 ($mul):
    Found cell that is never activated: $mul$rtl/x1_y2_kimi.v:111$256
    Cell is never active. Sharing is pointless, we simply remove it.
  Analyzing resource sharing options for $mul$rtl/x1_y2_kimi.v:111$254 ($mul):
    Found cell that is never activated: $mul$rtl/x1_y2_kimi.v:111$254
    Cell is never active. Sharing is pointless, we simply remove it.
  Analyzing resource sharing options for $mul$rtl/x1_y2_kimi.v:111$252 ($mul):
    Found cell that is never activated: $mul$rtl/x1_y2_kimi.v:111$252
    Cell is never active. Sharing is pointless, we simply remove it.
  Analyzing resource sharing options for $mul$rtl/x1_y2_kimi.v:111$250 ($mul):
    Found cell that is never activated: $mul$rtl/x1_y2_kimi.v:111$250
    Cell is never active. Sharing is pointless, we simply remove it.
  Analyzing resource sharing options for $mul$rtl/x1_y2_kimi.v:111$248 ($mul):
    Found cell that is never activated: $mul$rtl/x1_y2_kimi.v:111$248
    Cell is never active. Sharing is pointless, we simply remove it.
  Analyzing resource sharing options for $mul$rtl/x1_y2_kimi.v:111$246 ($mul):
    Found cell that is never activated: $mul$rtl/x1_y2_kimi.v:111$246
    Cell is never active. Sharing is pointless, we simply remove it.
  Analyzing resource sharing options for $mul$rtl/x1_y2_kimi.v:111$244 ($mul):
    Found cell that is never activated: $mul$rtl/x1_y2_kimi.v:111$244
    Cell is never active. Sharing is pointless, we simply remove it.
  Analyzing resource sharing options for $mul$rtl/x1_y2_kimi.v:111$242 ($mul):
    Found cell that is never activated: $mul$rtl/x1_y2_kimi.v:111$242
    Cell is never active. Sharing is pointless, we simply remove it.
  Analyzing resource sharing options for $mul$rtl/x1_y2_kimi.v:111$240 ($mul):
    Found cell that is never activated: $mul$rtl/x1_y2_kimi.v:111$240
    Cell is never active. Sharing is pointless, we simply remove it.
  Analyzing resource sharing options for $mul$rtl/x1_y2_kimi.v:111$238 ($mul):
    Found cell that is never activated: $mul$rtl/x1_y2_kimi.v:111$238
    Cell is never active. Sharing is pointless, we simply remove it.
  Analyzing resource sharing options for $mul$rtl/x1_y2_kimi.v:111$236 ($mul):
    Found cell that is never activated: $mul$rtl/x1_y2_kimi.v:111$236
    Cell is never active. Sharing is pointless, we simply remove it.
  Analyzing resource sharing options for $mul$rtl/x1_y2_kimi.v:111$234 ($mul):
    Found cell that is never activated: $mul$rtl/x1_y2_kimi.v:111$234
    Cell is never active. Sharing is pointless, we simply remove it.
  Analyzing resource sharing options for $mul$rtl/x1_y2_kimi.v:111$232 ($mul):
    Found cell that is never activated: $mul$rtl/x1_y2_kimi.v:111$232
    Cell is never active. Sharing is pointless, we simply remove it.
  Analyzing resource sharing options for $mul$rtl/x1_y2_kimi.v:111$230 ($mul):
    Found cell that is never activated: $mul$rtl/x1_y2_kimi.v:111$230
    Cell is never active. Sharing is pointless, we simply remove it.
  Analyzing resource sharing options for $mul$rtl/x1_y2_kimi.v:111$228 ($mul):
    Found cell that is never activated: $mul$rtl/x1_y2_kimi.v:111$228
    Cell is never active. Sharing is pointless, we simply remove it.
  Analyzing resource sharing options for $mul$rtl/x1_y2_kimi.v:111$226 ($mul):
    Found cell that is never activated: $mul$rtl/x1_y2_kimi.v:111$226
    Cell is never active. Sharing is pointless, we simply remove it.
  Analyzing resource sharing options for $mul$rtl/x1_y2_kimi.v:111$224 ($mul):
    Found cell that is never activated: $mul$rtl/x1_y2_kimi.v:111$224
    Cell is never active. Sharing is pointless, we simply remove it.
  Analyzing resource sharing options for $mul$rtl/x1_y2_kimi.v:111$222 ($mul):
    Found cell that is never activated: $mul$rtl/x1_y2_kimi.v:111$222
    Cell is never active. Sharing is pointless, we simply remove it.
  Analyzing resource sharing options for $mul$rtl/x1_y2_kimi.v:111$220 ($mul):
    Found cell that is never activated: $mul$rtl/x1_y2_kimi.v:111$220
    Cell is never active. Sharing is pointless, we simply remove it.
  Analyzing resource sharing options for $mul$rtl/x1_y2_kimi.v:111$218 ($mul):
    Found cell that is never activated: $mul$rtl/x1_y2_kimi.v:111$218
    Cell is never active. Sharing is pointless, we simply remove it.
  Analyzing resource sharing options for $mul$rtl/x1_y2_kimi.v:111$216 ($mul):
    Found cell that is never activated: $mul$rtl/x1_y2_kimi.v:111$216
    Cell is never active. Sharing is pointless, we simply remove it.
  Analyzing resource sharing options for $mul$rtl/x1_y2_kimi.v:111$214 ($mul):
    Found cell that is never activated: $mul$rtl/x1_y2_kimi.v:111$214
    Cell is never active. Sharing is pointless, we simply remove it.
  Analyzing resource sharing options for $mul$rtl/x1_y2_kimi.v:111$212 ($mul):
    Found cell that is never activated: $mul$rtl/x1_y2_kimi.v:111$212
    Cell is never active. Sharing is pointless, we simply remove it.
  Analyzing resource sharing options for $mul$rtl/x1_y2_kimi.v:111$210 ($mul):
    Found cell that is never activated: $mul$rtl/x1_y2_kimi.v:111$210
    Cell is never active. Sharing is pointless, we simply remove it.
  Analyzing resource sharing options for $mul$rtl/x1_y2_kimi.v:111$208 ($mul):
    Found cell that is never activated: $mul$rtl/x1_y2_kimi.v:111$208
    Cell is never active. Sharing is pointless, we simply remove it.
  Analyzing resource sharing options for $mul$rtl/x1_y2_kimi.v:111$206 ($mul):
    Found cell that is never activated: $mul$rtl/x1_y2_kimi.v:111$206
    Cell is never active. Sharing is pointless, we simply remove it.
  Analyzing resource sharing options for $mul$rtl/x1_y2_kimi.v:111$204 ($mul):
    Found cell that is never activated: $mul$rtl/x1_y2_kimi.v:111$204
    Cell is never active. Sharing is pointless, we simply remove it.
  Analyzing resource sharing options for $mul$rtl/x1_y2_kimi.v:111$202 ($mul):
    Found cell that is never activated: $mul$rtl/x1_y2_kimi.v:111$202
    Cell is never active. Sharing is pointless, we simply remove it.
  Analyzing resource sharing options for $mul$rtl/x1_y2_kimi.v:111$200 ($mul):
    Found cell that is never activated: $mul$rtl/x1_y2_kimi.v:111$200
    Cell is never active. Sharing is pointless, we simply remove it.
  Analyzing resource sharing options for $mul$rtl/x1_y2_kimi.v:111$198 ($mul):
    Found cell that is never activated: $mul$rtl/x1_y2_kimi.v:111$198
    Cell is never active. Sharing is pointless, we simply remove it.
  Analyzing resource sharing options for $mul$rtl/x1_y2_kimi.v:111$196 ($mul):
    Found cell that is never activated: $mul$rtl/x1_y2_kimi.v:111$196
    Cell is never active. Sharing is pointless, we simply remove it.
  Analyzing resource sharing options for $mul$rtl/x1_y2_kimi.v:111$194 ($mul):
    Found cell that is never activated: $mul$rtl/x1_y2_kimi.v:111$194
    Cell is never active. Sharing is pointless, we simply remove it.
  Analyzing resource sharing options for $mul$rtl/x1_y2_kimi.v:111$192 ($mul):
    Found cell that is never activated: $mul$rtl/x1_y2_kimi.v:111$192
    Cell is never active. Sharing is pointless, we simply remove it.
  Analyzing resource sharing options for $mul$rtl/x1_y2_kimi.v:111$190 ($mul):
    Found cell that is never activated: $mul$rtl/x1_y2_kimi.v:111$190
    Cell is never active. Sharing is pointless, we simply remove it.
  Analyzing resource sharing options for $mul$rtl/x1_y2_kimi.v:111$188 ($mul):
    Found cell that is never activated: $mul$rtl/x1_y2_kimi.v:111$188
    Cell is never active. Sharing is pointless, we simply remove it.
  Analyzing resource sharing options for $mul$rtl/x1_y2_kimi.v:111$186 ($mul):
    Found cell that is never activated: $mul$rtl/x1_y2_kimi.v:111$186
    Cell is never active. Sharing is pointless, we simply remove it.
  Analyzing resource sharing options for $mul$rtl/x1_y2_kimi.v:111$184 ($mul):
    Found cell that is never activated: $mul$rtl/x1_y2_kimi.v:111$184
    Cell is never active. Sharing is pointless, we simply remove it.
  Analyzing resource sharing options for $mul$rtl/x1_y2_kimi.v:111$182 ($mul):
    Found cell that is never activated: $mul$rtl/x1_y2_kimi.v:111$182
    Cell is never active. Sharing is pointless, we simply remove it.
  Analyzing resource sharing options for $mul$rtl/x1_y2_kimi.v:111$180 ($mul):
    Found cell that is never activated: $mul$rtl/x1_y2_kimi.v:111$180
    Cell is never active. Sharing is pointless, we simply remove it.
  Analyzing resource sharing options for $mul$rtl/x1_y2_kimi.v:111$178 ($mul):
    Found cell that is never activated: $mul$rtl/x1_y2_kimi.v:111$178
    Cell is never active. Sharing is pointless, we simply remove it.
  Analyzing resource sharing options for $mul$rtl/x1_y2_kimi.v:111$176 ($mul):
    Found cell that is never activated: $mul$rtl/x1_y2_kimi.v:111$176
    Cell is never active. Sharing is pointless, we simply remove it.
  Analyzing resource sharing options for $mul$rtl/x1_y2_kimi.v:111$174 ($mul):
    Found cell that is never activated: $mul$rtl/x1_y2_kimi.v:111$174
    Cell is never active. Sharing is pointless, we simply remove it.
  Analyzing resource sharing options for $mul$rtl/x1_y2_kimi.v:111$172 ($mul):
    Found cell that is never activated: $mul$rtl/x1_y2_kimi.v:111$172
    Cell is never active. Sharing is pointless, we simply remove it.
  Analyzing resource sharing options for $mul$rtl/x1_y2_kimi.v:111$170 ($mul):
    Found cell that is never activated: $mul$rtl/x1_y2_kimi.v:111$170
    Cell is never active. Sharing is pointless, we simply remove it.
  Analyzing resource sharing options for $mul$rtl/x1_y2_kimi.v:111$168 ($mul):
    Found cell that is never activated: $mul$rtl/x1_y2_kimi.v:111$168
    Cell is never active. Sharing is pointless, we simply remove it.
  Analyzing resource sharing options for $mul$rtl/x1_y2_kimi.v:111$166 ($mul):
    Found cell that is never activated: $mul$rtl/x1_y2_kimi.v:111$166
    Cell is never active. Sharing is pointless, we simply remove it.
  Analyzing resource sharing options for $mul$rtl/x1_y2_kimi.v:111$164 ($mul):
    Found cell that is never activated: $mul$rtl/x1_y2_kimi.v:111$164
    Cell is never active. Sharing is pointless, we simply remove it.
  Analyzing resource sharing options for $mul$rtl/x1_y2_kimi.v:111$162 ($mul):
    Found cell that is never activated: $mul$rtl/x1_y2_kimi.v:111$162
    Cell is never active. Sharing is pointless, we simply remove it.
  Analyzing resource sharing options for $mul$rtl/x1_y2_kimi.v:111$160 ($mul):
    Found cell that is never activated: $mul$rtl/x1_y2_kimi.v:111$160
    Cell is never active. Sharing is pointless, we simply remove it.
  Analyzing resource sharing options for $mul$rtl/x1_y2_kimi.v:111$158 ($mul):
    Found cell that is never activated: $mul$rtl/x1_y2_kimi.v:111$158
    Cell is never active. Sharing is pointless, we simply remove it.
  Analyzing resource sharing options for $mul$rtl/x1_y2_kimi.v:111$156 ($mul):
    Found cell that is never activated: $mul$rtl/x1_y2_kimi.v:111$156
    Cell is never active. Sharing is pointless, we simply remove it.
  Analyzing resource sharing options for $mul$rtl/x1_y2_kimi.v:111$154 ($mul):
    Found cell that is never activated: $mul$rtl/x1_y2_kimi.v:111$154
    Cell is never active. Sharing is pointless, we simply remove it.
  Analyzing resource sharing options for $mul$rtl/x1_y2_kimi.v:111$152 ($mul):
    Found cell that is never activated: $mul$rtl/x1_y2_kimi.v:111$152
    Cell is never active. Sharing is pointless, we simply remove it.
  Analyzing resource sharing options for $mul$rtl/x1_y2_kimi.v:111$150 ($mul):
    Found cell that is never activated: $mul$rtl/x1_y2_kimi.v:111$150
    Cell is never active. Sharing is pointless, we simply remove it.
  Analyzing resource sharing options for $mul$rtl/x1_y2_kimi.v:111$148 ($mul):
    Found cell that is never activated: $mul$rtl/x1_y2_kimi.v:111$148
    Cell is never active. Sharing is pointless, we simply remove it.
  Analyzing resource sharing options for $mul$rtl/x1_y2_kimi.v:111$146 ($mul):
    Found cell that is never activated: $mul$rtl/x1_y2_kimi.v:111$146
    Cell is never active. Sharing is pointless, we simply remove it.
  Analyzing resource sharing options for $mul$rtl/x1_y2_kimi.v:111$144 ($mul):
    Found cell that is never activated: $mul$rtl/x1_y2_kimi.v:111$144
    Cell is never active. Sharing is pointless, we simply remove it.
  Analyzing resource sharing options for $mul$rtl/x1_y2_kimi.v:111$142 ($mul):
    Found cell that is never activated: $mul$rtl/x1_y2_kimi.v:111$142
    Cell is never active. Sharing is pointless, we simply remove it.
  Analyzing resource sharing options for $mul$rtl/x1_y2_kimi.v:111$140 ($mul):
    Found cell that is never activated: $mul$rtl/x1_y2_kimi.v:111$140
    Cell is never active. Sharing is pointless, we simply remove it.
  Analyzing resource sharing options for $mul$rtl/x1_y2_kimi.v:111$138 ($mul):
    Found cell that is never activated: $mul$rtl/x1_y2_kimi.v:111$138
    Cell is never active. Sharing is pointless, we simply remove it.
  Analyzing resource sharing options for $mul$rtl/x1_y2_kimi.v:111$136 ($mul):
    Found cell that is never activated: $mul$rtl/x1_y2_kimi.v:111$136
    Cell is never active. Sharing is pointless, we simply remove it.
  Analyzing resource sharing options for $mul$rtl/x1_y2_kimi.v:111$134 ($mul):
    Found cell that is never activated: $mul$rtl/x1_y2_kimi.v:111$134
    Cell is never active. Sharing is pointless, we simply remove it.
  Analyzing resource sharing options for $mul$rtl/x1_y2_kimi.v:111$132 ($mul):
    Found cell that is never activated: $mul$rtl/x1_y2_kimi.v:111$132
    Cell is never active. Sharing is pointless, we simply remove it.
  Analyzing resource sharing options for $mul$rtl/x1_y2_kimi.v:111$130 ($mul):
    Found cell that is never activated: $mul$rtl/x1_y2_kimi.v:111$130
    Cell is never active. Sharing is pointless, we simply remove it.
  Analyzing resource sharing options for $mul$rtl/x1_y2_kimi.v:111$128 ($mul):
    Found cell that is never activated: $mul$rtl/x1_y2_kimi.v:111$128
    Cell is never active. Sharing is pointless, we simply remove it.
  Analyzing resource sharing options for $mul$rtl/x1_y2_kimi.v:111$126 ($mul):
    Found cell that is never activated: $mul$rtl/x1_y2_kimi.v:111$126
    Cell is never active. Sharing is pointless, we simply remove it.
  Analyzing resource sharing options for $mul$rtl/x1_y2_kimi.v:111$124 ($mul):
    Found cell that is never activated: $mul$rtl/x1_y2_kimi.v:111$124
    Cell is never active. Sharing is pointless, we simply remove it.
  Analyzing resource sharing options for $mul$rtl/x1_y2_kimi.v:111$122 ($mul):
    Found cell that is never activated: $mul$rtl/x1_y2_kimi.v:111$122
    Cell is never active. Sharing is pointless, we simply remove it.
  Analyzing resource sharing options for $mul$rtl/x1_y2_kimi.v:111$120 ($mul):
    Found cell that is never activated: $mul$rtl/x1_y2_kimi.v:111$120
    Cell is never active. Sharing is pointless, we simply remove it.
  Analyzing resource sharing options for $mul$rtl/x1_y2_kimi.v:111$118 ($mul):
    Found cell that is never activated: $mul$rtl/x1_y2_kimi.v:111$118
    Cell is never active. Sharing is pointless, we simply remove it.
  Analyzing resource sharing options for $mul$rtl/x1_y2_kimi.v:111$116 ($mul):
    Found cell that is never activated: $mul$rtl/x1_y2_kimi.v:111$116
    Cell is never active. Sharing is pointless, we simply remove it.
  Analyzing resource sharing options for $mul$rtl/x1_y2_kimi.v:111$114 ($mul):
    Found cell that is never activated: $mul$rtl/x1_y2_kimi.v:111$114
    Cell is never active. Sharing is pointless, we simply remove it.
  Analyzing resource sharing options for $mul$rtl/x1_y2_kimi.v:111$112 ($mul):
    Found cell that is never activated: $mul$rtl/x1_y2_kimi.v:111$112
    Cell is never active. Sharing is pointless, we simply remove it.
  Analyzing resource sharing options for $mul$rtl/x1_y2_kimi.v:111$110 ($mul):
    Found cell that is never activated: $mul$rtl/x1_y2_kimi.v:111$110
    Cell is never active. Sharing is pointless, we simply remove it.
  Analyzing resource sharing options for $mul$rtl/x1_y2_kimi.v:111$108 ($mul):
    Found cell that is never activated: $mul$rtl/x1_y2_kimi.v:111$108
    Cell is never active. Sharing is pointless, we simply remove it.
  Analyzing resource sharing options for $mul$rtl/x1_y2_kimi.v:111$106 ($mul):
    Found cell that is never activated: $mul$rtl/x1_y2_kimi.v:111$106
    Cell is never active. Sharing is pointless, we simply remove it.
  Analyzing resource sharing options for $mul$rtl/x1_y2_kimi.v:111$104 ($mul):
    Found cell that is never activated: $mul$rtl/x1_y2_kimi.v:111$104
    Cell is never active. Sharing is pointless, we simply remove it.
  Analyzing resource sharing options for $mul$rtl/x1_y2_kimi.v:111$102 ($mul):
    Found cell that is never activated: $mul$rtl/x1_y2_kimi.v:111$102
    Cell is never active. Sharing is pointless, we simply remove it.
  Analyzing resource sharing options for $mul$rtl/x1_y2_kimi.v:111$100 ($mul):
    Found cell that is never activated: $mul$rtl/x1_y2_kimi.v:111$100
    Cell is never active. Sharing is pointless, we simply remove it.
Removing 256 cells in module x1_y2_kimi:
  Removing cell $mul$rtl/x1_y2_kimi.v:111$100 ($mul).
  Removing cell $mul$rtl/x1_y2_kimi.v:111$102 ($mul).
  Removing cell $mul$rtl/x1_y2_kimi.v:111$104 ($mul).
  Removing cell $mul$rtl/x1_y2_kimi.v:111$106 ($mul).
  Removing cell $mul$rtl/x1_y2_kimi.v:111$108 ($mul).
  Removing cell $mul$rtl/x1_y2_kimi.v:111$110 ($mul).
  Removing cell $mul$rtl/x1_y2_kimi.v:111$112 ($mul).
  Removing cell $mul$rtl/x1_y2_kimi.v:111$114 ($mul).
  Removing cell $mul$rtl/x1_y2_kimi.v:111$116 ($mul).
  Removing cell $mul$rtl/x1_y2_kimi.v:111$118 ($mul).
  Removing cell $mul$rtl/x1_y2_kimi.v:111$120 ($mul).
  Removing cell $mul$rtl/x1_y2_kimi.v:111$122 ($mul).
  Removing cell $mul$rtl/x1_y2_kimi.v:111$124 ($mul).
  Removing cell $mul$rtl/x1_y2_kimi.v:111$126 ($mul).
  Removing cell $mul$rtl/x1_y2_kimi.v:111$128 ($mul).
  Removing cell $mul$rtl/x1_y2_kimi.v:111$130 ($mul).
  Removing cell $mul$rtl/x1_y2_kimi.v:111$132 ($mul).
  Removing cell $mul$rtl/x1_y2_kimi.v:111$134 ($mul).
  Removing cell $mul$rtl/x1_y2_kimi.v:111$136 ($mul).
  Removing cell $mul$rtl/x1_y2_kimi.v:111$138 ($mul).
  Removing cell $mul$rtl/x1_y2_kimi.v:111$140 ($mul).
  Removing cell $mul$rtl/x1_y2_kimi.v:111$142 ($mul).
  Removing cell $mul$rtl/x1_y2_kimi.v:111$144 ($mul).
  Removing cell $mul$rtl/x1_y2_kimi.v:111$146 ($mul).
  Removing cell $mul$rtl/x1_y2_kimi.v:111$148 ($mul).
  Removing cell $mul$rtl/x1_y2_kimi.v:111$150 ($mul).
  Removing cell $mul$rtl/x1_y2_kimi.v:111$152 ($mul).
  Removing cell $mul$rtl/x1_y2_kimi.v:111$154 ($mul).
  Removing cell $mul$rtl/x1_y2_kimi.v:111$156 ($mul).
  Removing cell $mul$rtl/x1_y2_kimi.v:111$158 ($mul).
  Removing cell $mul$rtl/x1_y2_kimi.v:111$160 ($mul).
  Removing cell $mul$rtl/x1_y2_kimi.v:111$162 ($mul).
  Removing cell $mul$rtl/x1_y2_kimi.v:111$164 ($mul).
  Removing cell $mul$rtl/x1_y2_kimi.v:111$166 ($mul).
  Removing cell $mul$rtl/x1_y2_kimi.v:111$168 ($mul).
  Removing cell $mul$rtl/x1_y2_kimi.v:111$170 ($mul).
  Removing cell $mul$rtl/x1_y2_kimi.v:111$172 ($mul).
  Removing cell $mul$rtl/x1_y2_kimi.v:111$174 ($mul).
  Removing cell $mul$rtl/x1_y2_kimi.v:111$176 ($mul).
  Removing cell $mul$rtl/x1_y2_kimi.v:111$178 ($mul).
  Removing cell $mul$rtl/x1_y2_kimi.v:111$180 ($mul).
  Removing cell $mul$rtl/x1_y2_kimi.v:111$182 ($mul).
  Removing cell $mul$rtl/x1_y2_kimi.v:111$184 ($mul).
  Removing cell $mul$rtl/x1_y2_kimi.v:111$186 ($mul).
  Removing cell $mul$rtl/x1_y2_kimi.v:111$188 ($mul).
  Removing cell $mul$rtl/x1_y2_kimi.v:111$190 ($mul).
  Removing cell $mul$rtl/x1_y2_kimi.v:111$192 ($mul).
  Removing cell $mul$rtl/x1_y2_kimi.v:111$194 ($mul).
  Removing cell $mul$rtl/x1_y2_kimi.v:111$196 ($mul).
  Removing cell $mul$rtl/x1_y2_kimi.v:111$198 ($mul).
  Removing cell $mul$rtl/x1_y2_kimi.v:111$200 ($mul).
  Removing cell $mul$rtl/x1_y2_kimi.v:111$202 ($mul).
  Removing cell $mul$rtl/x1_y2_kimi.v:111$204 ($mul).
  Removing cell $mul$rtl/x1_y2_kimi.v:111$206 ($mul).
  Removing cell $mul$rtl/x1_y2_kimi.v:111$208 ($mul).
  Removing cell $mul$rtl/x1_y2_kimi.v:111$210 ($mul).
  Removing cell $mul$rtl/x1_y2_kimi.v:111$212 ($mul).
  Removing cell $mul$rtl/x1_y2_kimi.v:111$214 ($mul).
  Removing cell $mul$rtl/x1_y2_kimi.v:111$216 ($mul).
  Removing cell $mul$rtl/x1_y2_kimi.v:111$218 ($mul).
  Removing cell $mul$rtl/x1_y2_kimi.v:111$220 ($mul).
  Removing cell $mul$rtl/x1_y2_kimi.v:111$222 ($mul).
  Removing cell $mul$rtl/x1_y2_kimi.v:111$224 ($mul).
  Removing cell $mul$rtl/x1_y2_kimi.v:111$226 ($mul).
  Removing cell $mul$rtl/x1_y2_kimi.v:111$228 ($mul).
  Removing cell $mul$rtl/x1_y2_kimi.v:111$230 ($mul).
  Removing cell $mul$rtl/x1_y2_kimi.v:111$232 ($mul).
  Removing cell $mul$rtl/x1_y2_kimi.v:111$234 ($mul).
  Removing cell $mul$rtl/x1_y2_kimi.v:111$236 ($mul).
  Removing cell $mul$rtl/x1_y2_kimi.v:111$238 ($mul).
  Removing cell $mul$rtl/x1_y2_kimi.v:111$240 ($mul).
  Removing cell $mul$rtl/x1_y2_kimi.v:111$242 ($mul).
  Removing cell $mul$rtl/x1_y2_kimi.v:111$244 ($mul).
  Removing cell $mul$rtl/x1_y2_kimi.v:111$246 ($mul).
  Removing cell $mul$rtl/x1_y2_kimi.v:111$248 ($mul).
  Removing cell $mul$rtl/x1_y2_kimi.v:111$250 ($mul).
  Removing cell $mul$rtl/x1_y2_kimi.v:111$252 ($mul).
  Removing cell $mul$rtl/x1_y2_kimi.v:111$254 ($mul).
  Removing cell $mul$rtl/x1_y2_kimi.v:111$256 ($mul).
  Removing cell $mul$rtl/x1_y2_kimi.v:111$258 ($mul).
  Removing cell $mul$rtl/x1_y2_kimi.v:111$260 ($mul).
  Removing cell $mul$rtl/x1_y2_kimi.v:111$262 ($mul).
  Removing cell $mul$rtl/x1_y2_kimi.v:111$264 ($mul).
  Removing cell $mul$rtl/x1_y2_kimi.v:111$266 ($mul).
  Removing cell $mul$rtl/x1_y2_kimi.v:111$268 ($mul).
  Removing cell $mul$rtl/x1_y2_kimi.v:111$270 ($mul).
  Removing cell $mul$rtl/x1_y2_kimi.v:111$272 ($mul).
  Removing cell $mul$rtl/x1_y2_kimi.v:111$274 ($mul).
  Removing cell $mul$rtl/x1_y2_kimi.v:111$276 ($mul).
  Removing cell $mul$rtl/x1_y2_kimi.v:111$278 ($mul).
  Removing cell $mul$rtl/x1_y2_kimi.v:111$280 ($mul).
  Removing cell $mul$rtl/x1_y2_kimi.v:111$282 ($mul).
  Removing cell $mul$rtl/x1_y2_kimi.v:111$284 ($mul).
  Removing cell $mul$rtl/x1_y2_kimi.v:111$286 ($mul).
  Removing cell $mul$rtl/x1_y2_kimi.v:111$288 ($mul).
  Removing cell $mul$rtl/x1_y2_kimi.v:111$290 ($mul).
  Removing cell $mul$rtl/x1_y2_kimi.v:111$292 ($mul).
  Removing cell $mul$rtl/x1_y2_kimi.v:111$294 ($mul).
  Removing cell $mul$rtl/x1_y2_kimi.v:111$296 ($mul).
  Removing cell $mul$rtl/x1_y2_kimi.v:111$298 ($mul).
  Removing cell $mul$rtl/x1_y2_kimi.v:111$300 ($mul).
  Removing cell $mul$rtl/x1_y2_kimi.v:111$302 ($mul).
  Removing cell $mul$rtl/x1_y2_kimi.v:111$304 ($mul).
  Removing cell $mul$rtl/x1_y2_kimi.v:111$306 ($mul).
  Removing cell $mul$rtl/x1_y2_kimi.v:111$308 ($mul).
  Removing cell $mul$rtl/x1_y2_kimi.v:111$310 ($mul).
  Removing cell $mul$rtl/x1_y2_kimi.v:111$312 ($mul).
  Removing cell $mul$rtl/x1_y2_kimi.v:111$314 ($mul).
  Removing cell $mul$rtl/x1_y2_kimi.v:111$316 ($mul).
  Removing cell $mul$rtl/x1_y2_kimi.v:111$318 ($mul).
  Removing cell $mul$rtl/x1_y2_kimi.v:111$320 ($mul).
  Removing cell $mul$rtl/x1_y2_kimi.v:111$322 ($mul).
  Removing cell $mul$rtl/x1_y2_kimi.v:111$324 ($mul).
  Removing cell $mul$rtl/x1_y2_kimi.v:111$326 ($mul).
  Removing cell $mul$rtl/x1_y2_kimi.v:111$328 ($mul).
  Removing cell $mul$rtl/x1_y2_kimi.v:111$330 ($mul).
  Removing cell $mul$rtl/x1_y2_kimi.v:111$332 ($mul).
  Removing cell $mul$rtl/x1_y2_kimi.v:111$334 ($mul).
  Removing cell $mul$rtl/x1_y2_kimi.v:111$336 ($mul).
  Removing cell $mul$rtl/x1_y2_kimi.v:111$338 ($mul).
  Removing cell $mul$rtl/x1_y2_kimi.v:111$34 ($mul).
  Removing cell $mul$rtl/x1_y2_kimi.v:111$340 ($mul).
  Removing cell $mul$rtl/x1_y2_kimi.v:111$342 ($mul).
  Removing cell $mul$rtl/x1_y2_kimi.v:111$344 ($mul).
  Removing cell $mul$rtl/x1_y2_kimi.v:111$346 ($mul).
  Removing cell $mul$rtl/x1_y2_kimi.v:111$348 ($mul).
  Removing cell $mul$rtl/x1_y2_kimi.v:111$350 ($mul).
  Removing cell $mul$rtl/x1_y2_kimi.v:111$352 ($mul).
  Removing cell $mul$rtl/x1_y2_kimi.v:111$354 ($mul).
  Removing cell $mul$rtl/x1_y2_kimi.v:111$356 ($mul).
  Removing cell $mul$rtl/x1_y2_kimi.v:111$358 ($mul).
  Removing cell $mul$rtl/x1_y2_kimi.v:111$36 ($mul).
  Removing cell $mul$rtl/x1_y2_kimi.v:111$360 ($mul).
  Removing cell $mul$rtl/x1_y2_kimi.v:111$362 ($mul).
  Removing cell $mul$rtl/x1_y2_kimi.v:111$364 ($mul).
  Removing cell $mul$rtl/x1_y2_kimi.v:111$366 ($mul).
  Removing cell $mul$rtl/x1_y2_kimi.v:111$368 ($mul).
  Removing cell $mul$rtl/x1_y2_kimi.v:111$370 ($mul).
  Removing cell $mul$rtl/x1_y2_kimi.v:111$372 ($mul).
  Removing cell $mul$rtl/x1_y2_kimi.v:111$374 ($mul).
  Removing cell $mul$rtl/x1_y2_kimi.v:111$376 ($mul).
  Removing cell $mul$rtl/x1_y2_kimi.v:111$378 ($mul).
  Removing cell $mul$rtl/x1_y2_kimi.v:111$38 ($mul).
  Removing cell $mul$rtl/x1_y2_kimi.v:111$380 ($mul).
  Removing cell $mul$rtl/x1_y2_kimi.v:111$382 ($mul).
  Removing cell $mul$rtl/x1_y2_kimi.v:111$384 ($mul).
  Removing cell $mul$rtl/x1_y2_kimi.v:111$386 ($mul).
  Removing cell $mul$rtl/x1_y2_kimi.v:111$388 ($mul).
  Removing cell $mul$rtl/x1_y2_kimi.v:111$390 ($mul).
  Removing cell $mul$rtl/x1_y2_kimi.v:111$392 ($mul).
  Removing cell $mul$rtl/x1_y2_kimi.v:111$394 ($mul).
  Removing cell $mul$rtl/x1_y2_kimi.v:111$396 ($mul).
  Removing cell $mul$rtl/x1_y2_kimi.v:111$398 ($mul).
  Removing cell $mul$rtl/x1_y2_kimi.v:111$40 ($mul).
  Removing cell $mul$rtl/x1_y2_kimi.v:111$400 ($mul).
  Removing cell $mul$rtl/x1_y2_kimi.v:111$402 ($mul).
  Removing cell $mul$rtl/x1_y2_kimi.v:111$404 ($mul).
  Removing cell $mul$rtl/x1_y2_kimi.v:111$406 ($mul).
  Removing cell $mul$rtl/x1_y2_kimi.v:111$408 ($mul).
  Removing cell $mul$rtl/x1_y2_kimi.v:111$410 ($mul).
  Removing cell $mul$rtl/x1_y2_kimi.v:111$412 ($mul).
  Removing cell $mul$rtl/x1_y2_kimi.v:111$414 ($mul).
  Removing cell $mul$rtl/x1_y2_kimi.v:111$416 ($mul).
  Removing cell $mul$rtl/x1_y2_kimi.v:111$418 ($mul).
  Removing cell $mul$rtl/x1_y2_kimi.v:111$42 ($mul).
  Removing cell $mul$rtl/x1_y2_kimi.v:111$420 ($mul).
  Removing cell $mul$rtl/x1_y2_kimi.v:111$422 ($mul).
  Removing cell $mul$rtl/x1_y2_kimi.v:111$424 ($mul).
  Removing cell $mul$rtl/x1_y2_kimi.v:111$426 ($mul).
  Removing cell $mul$rtl/x1_y2_kimi.v:111$428 ($mul).
  Removing cell $mul$rtl/x1_y2_kimi.v:111$430 ($mul).
  Removing cell $mul$rtl/x1_y2_kimi.v:111$432 ($mul).
  Removing cell $mul$rtl/x1_y2_kimi.v:111$434 ($mul).
  Removing cell $mul$rtl/x1_y2_kimi.v:111$436 ($mul).
  Removing cell $mul$rtl/x1_y2_kimi.v:111$438 ($mul).
  Removing cell $mul$rtl/x1_y2_kimi.v:111$44 ($mul).
  Removing cell $mul$rtl/x1_y2_kimi.v:111$440 ($mul).
  Removing cell $mul$rtl/x1_y2_kimi.v:111$442 ($mul).
  Removing cell $mul$rtl/x1_y2_kimi.v:111$444 ($mul).
  Removing cell $mul$rtl/x1_y2_kimi.v:111$446 ($mul).
  Removing cell $mul$rtl/x1_y2_kimi.v:111$448 ($mul).
  Removing cell $mul$rtl/x1_y2_kimi.v:111$450 ($mul).
  Removing cell $mul$rtl/x1_y2_kimi.v:111$452 ($mul).
  Removing cell $mul$rtl/x1_y2_kimi.v:111$454 ($mul).
  Removing cell $mul$rtl/x1_y2_kimi.v:111$456 ($mul).
  Removing cell $mul$rtl/x1_y2_kimi.v:111$458 ($mul).
  Removing cell $mul$rtl/x1_y2_kimi.v:111$46 ($mul).
  Removing cell $mul$rtl/x1_y2_kimi.v:111$460 ($mul).
  Removing cell $mul$rtl/x1_y2_kimi.v:111$462 ($mul).
  Removing cell $mul$rtl/x1_y2_kimi.v:111$464 ($mul).
  Removing cell $mul$rtl/x1_y2_kimi.v:111$466 ($mul).
  Removing cell $mul$rtl/x1_y2_kimi.v:111$468 ($mul).
  Removing cell $mul$rtl/x1_y2_kimi.v:111$470 ($mul).
  Removing cell $mul$rtl/x1_y2_kimi.v:111$472 ($mul).
  Removing cell $mul$rtl/x1_y2_kimi.v:111$474 ($mul).
  Removing cell $mul$rtl/x1_y2_kimi.v:111$476 ($mul).
  Removing cell $mul$rtl/x1_y2_kimi.v:111$478 ($mul).
  Removing cell $mul$rtl/x1_y2_kimi.v:111$48 ($mul).
  Removing cell $mul$rtl/x1_y2_kimi.v:111$480 ($mul).
  Removing cell $mul$rtl/x1_y2_kimi.v:111$482 ($mul).
  Removing cell $mul$rtl/x1_y2_kimi.v:111$484 ($mul).
  Removing cell $mul$rtl/x1_y2_kimi.v:111$486 ($mul).
  Removing cell $mul$rtl/x1_y2_kimi.v:111$488 ($mul).
  Removing cell $mul$rtl/x1_y2_kimi.v:111$490 ($mul).
  Removing cell $mul$rtl/x1_y2_kimi.v:111$492 ($mul).
  Removing cell $mul$rtl/x1_y2_kimi.v:111$494 ($mul).
  Removing cell $mul$rtl/x1_y2_kimi.v:111$496 ($mul).
  Removing cell $mul$rtl/x1_y2_kimi.v:111$498 ($mul).
  Removing cell $mul$rtl/x1_y2_kimi.v:111$50 ($mul).
  Removing cell $mul$rtl/x1_y2_kimi.v:111$500 ($mul).
  Removing cell $mul$rtl/x1_y2_kimi.v:111$502 ($mul).
  Removing cell $mul$rtl/x1_y2_kimi.v:111$504 ($mul).
  Removing cell $mul$rtl/x1_y2_kimi.v:111$506 ($mul).
  Removing cell $mul$rtl/x1_y2_kimi.v:111$508 ($mul).
  Removing cell $mul$rtl/x1_y2_kimi.v:111$510 ($mul).
  Removing cell $mul$rtl/x1_y2_kimi.v:111$512 ($mul).
  Removing cell $mul$rtl/x1_y2_kimi.v:111$514 ($mul).
  Removing cell $mul$rtl/x1_y2_kimi.v:111$516 ($mul).
  Removing cell $mul$rtl/x1_y2_kimi.v:111$518 ($mul).
  Removing cell $mul$rtl/x1_y2_kimi.v:111$52 ($mul).
  Removing cell $mul$rtl/x1_y2_kimi.v:111$520 ($mul).
  Removing cell $mul$rtl/x1_y2_kimi.v:111$522 ($mul).
  Removing cell $mul$rtl/x1_y2_kimi.v:111$524 ($mul).
  Removing cell $mul$rtl/x1_y2_kimi.v:111$526 ($mul).
  Removing cell $mul$rtl/x1_y2_kimi.v:111$528 ($mul).
  Removing cell $mul$rtl/x1_y2_kimi.v:111$530 ($mul).
  Removing cell $mul$rtl/x1_y2_kimi.v:111$532 ($mul).
  Removing cell $mul$rtl/x1_y2_kimi.v:111$534 ($mul).
  Removing cell $mul$rtl/x1_y2_kimi.v:111$536 ($mul).
  Removing cell $mul$rtl/x1_y2_kimi.v:111$538 ($mul).
  Removing cell $mul$rtl/x1_y2_kimi.v:111$54 ($mul).
  Removing cell $mul$rtl/x1_y2_kimi.v:111$540 ($mul).
  Removing cell $mul$rtl/x1_y2_kimi.v:111$542 ($mul).
  Removing cell $mul$rtl/x1_y2_kimi.v:111$544 ($mul).
  Removing cell $mul$rtl/x1_y2_kimi.v:111$56 ($mul).
  Removing cell $mul$rtl/x1_y2_kimi.v:111$58 ($mul).
  Removing cell $mul$rtl/x1_y2_kimi.v:111$60 ($mul).
  Removing cell $mul$rtl/x1_y2_kimi.v:111$62 ($mul).
  Removing cell $mul$rtl/x1_y2_kimi.v:111$64 ($mul).
  Removing cell $mul$rtl/x1_y2_kimi.v:111$66 ($mul).
  Removing cell $mul$rtl/x1_y2_kimi.v:111$68 ($mul).
  Removing cell $mul$rtl/x1_y2_kimi.v:111$70 ($mul).
  Removing cell $mul$rtl/x1_y2_kimi.v:111$72 ($mul).
  Removing cell $mul$rtl/x1_y2_kimi.v:111$74 ($mul).
  Removing cell $mul$rtl/x1_y2_kimi.v:111$76 ($mul).
  Removing cell $mul$rtl/x1_y2_kimi.v:111$78 ($mul).
  Removing cell $mul$rtl/x1_y2_kimi.v:111$80 ($mul).
  Removing cell $mul$rtl/x1_y2_kimi.v:111$82 ($mul).
  Removing cell $mul$rtl/x1_y2_kimi.v:111$84 ($mul).
  Removing cell $mul$rtl/x1_y2_kimi.v:111$86 ($mul).
  Removing cell $mul$rtl/x1_y2_kimi.v:111$88 ($mul).
  Removing cell $mul$rtl/x1_y2_kimi.v:111$90 ($mul).
  Removing cell $mul$rtl/x1_y2_kimi.v:111$92 ($mul).
  Removing cell $mul$rtl/x1_y2_kimi.v:111$94 ($mul).
  Removing cell $mul$rtl/x1_y2_kimi.v:111$96 ($mul).
  Removing cell $mul$rtl/x1_y2_kimi.v:111$98 ($mul).

3.14. Executing OPT pass (performing simple optimizations).

3.14.1. Executing OPT_EXPR pass (perform const folding).
Optimizing module x1_y2_kimi.

3.14.2. Executing OPT_MERGE pass (detect identical cells).
Finding identical cells in module `\x1_y2_kimi'.
Removed a total of 0 cells.

3.14.3. Executing OPT_MUXTREE pass (detect dead branches in mux trees).
Running muxtree optimizer on module \x1_y2_kimi..
  Creating internal representation of mux trees.
  Evaluating internal representation of mux trees.
  Analyzing evaluation results.
Removed 0 multiplexer ports.
<suppressed ~270 debug messages>

3.14.4. Executing OPT_REDUCE pass (consolidate $*mux and $reduce_* inputs).
  Optimizing cells in module \x1_y2_kimi.
Performed a total of 0 changes.

3.14.5. Executing OPT_MERGE pass (detect identical cells).
Finding identical cells in module `\x1_y2_kimi'.
Removed a total of 0 cells.

3.14.6. Executing OPT_DFF pass (perform DFF optimizations).

3.14.7. Executing OPT_CLEAN pass (remove unused cells and wires).
Finding unused cells or wires in module \x1_y2_kimi..
Removed 0 unused cells and 257 unused wires.
<suppressed ~1 debug messages>

3.14.8. Executing OPT_EXPR pass (perform const folding).
Optimizing module x1_y2_kimi.

3.14.9. Rerunning OPT passes. (Maybe there is more to do..)

3.14.10. Executing OPT_MUXTREE pass (detect dead branches in mux trees).
Running muxtree optimizer on module \x1_y2_kimi..
  Creating internal representation of mux trees.
  Evaluating internal representation of mux trees.
  Analyzing evaluation results.
Removed 0 multiplexer ports.
<suppressed ~270 debug messages>

3.14.11. Executing OPT_REDUCE pass (consolidate $*mux and $reduce_* inputs).
  Optimizing cells in module \x1_y2_kimi.
Performed a total of 0 changes.

3.14.12. Executing OPT_MERGE pass (detect identical cells).
Finding identical cells in module `\x1_y2_kimi'.
Removed a total of 0 cells.

3.14.13. Executing OPT_DFF pass (perform DFF optimizations).

3.14.14. Executing OPT_CLEAN pass (remove unused cells and wires).
Finding unused cells or wires in module \x1_y2_kimi..

3.14.15. Executing OPT_EXPR pass (perform const folding).
Optimizing module x1_y2_kimi.

3.14.16. Finished OPT passes. (There is nothing left to do.)

3.15. Executing MEMORY pass.

3.15.1. Executing OPT_MEM pass (optimize memories).
Performed a total of 0 transformations.

3.15.2. Executing OPT_MEM_PRIORITY pass (removing unnecessary memory write priority relations).
Performed a total of 0 transformations.

3.15.3. Executing OPT_MEM_FEEDBACK pass (finding memory read-to-write feedback paths).

3.15.4. Executing MEMORY_BMUX2ROM pass (converting muxes to ROMs).

3.15.5. Executing MEMORY_DFF pass (merging $dff cells to $memrd).

3.15.6. Executing OPT_CLEAN pass (remove unused cells and wires).
Finding unused cells or wires in module \x1_y2_kimi..

3.15.7. Executing MEMORY_SHARE pass (consolidating $memrd/$memwr cells).

3.15.8. Executing OPT_MEM_WIDEN pass (optimize memories where all ports are wide).
Performed a total of 0 transformations.

3.15.9. Executing OPT_CLEAN pass (remove unused cells and wires).
Finding unused cells or wires in module \x1_y2_kimi..

3.15.10. Executing MEMORY_COLLECT pass (generating $mem cells).

3.16. Executing OPT_CLEAN pass (remove unused cells and wires).
Finding unused cells or wires in module \x1_y2_kimi..

3.17. Executing OPT pass (performing simple optimizations).

3.17.1. Executing OPT_EXPR pass (perform const folding).
Optimizing module x1_y2_kimi.
<suppressed ~777 debug messages>

3.17.2. Executing OPT_MERGE pass (detect identical cells).
Finding identical cells in module `\x1_y2_kimi'.
Removed a total of 0 cells.

3.17.3. Executing OPT_DFF pass (perform DFF optimizations).

3.17.4. Executing OPT_CLEAN pass (remove unused cells and wires).
Finding unused cells or wires in module \x1_y2_kimi..
Removed 0 unused cells and 513 unused wires.
<suppressed ~1 debug messages>

3.17.5. Finished fast OPT passes.

3.18. Executing MEMORY_MAP pass (converting memories to logic and flip-flops).

3.19. Executing OPT pass (performing simple optimizations).

3.19.1. Executing OPT_EXPR pass (perform const folding).
Optimizing module x1_y2_kimi.

3.19.2. Executing OPT_MERGE pass (detect identical cells).
Finding identical cells in module `\x1_y2_kimi'.
Removed a total of 0 cells.

3.19.3. Executing OPT_MUXTREE pass (detect dead branches in mux trees).
Running muxtree optimizer on module \x1_y2_kimi..
  Creating internal representation of mux trees.
  Evaluating internal representation of mux trees.
  Analyzing evaluation results.
Removed 0 multiplexer ports.
<suppressed ~263 debug messages>

3.19.4. Executing OPT_REDUCE pass (consolidate $*mux and $reduce_* inputs).
  Optimizing cells in module \x1_y2_kimi.
    New ctrl vector for $pmux cell $procmux$5989: $0\out_we[0:0]
    New ctrl vector for $pmux cell $procmux$6008: $0\out_we[0:0]
    New ctrl vector for $pmux cell $procmux$6058: { $procmux$1010_CMP $eq$rtl/x1_y2_kimi.v:58$25_Y }
  Optimizing cells in module \x1_y2_kimi.
Performed a total of 3 changes.

3.19.5. Executing OPT_MERGE pass (detect identical cells).
Finding identical cells in module `\x1_y2_kimi'.
Removed a total of 0 cells.

3.19.6. Executing OPT_SHARE pass.

3.19.7. Executing OPT_DFF pass (perform DFF optimizations).

3.19.8. Executing OPT_CLEAN pass (remove unused cells and wires).
Finding unused cells or wires in module \x1_y2_kimi..

3.19.9. Executing OPT_EXPR pass (perform const folding).
Optimizing module x1_y2_kimi.

3.19.10. Rerunning OPT passes. (Maybe there is more to do..)

3.19.11. Executing OPT_MUXTREE pass (detect dead branches in mux trees).
Running muxtree optimizer on module \x1_y2_kimi..
  Creating internal representation of mux trees.
  Evaluating internal representation of mux trees.
  Analyzing evaluation results.
Removed 0 multiplexer ports.
<suppressed ~263 debug messages>

3.19.12. Executing OPT_REDUCE pass (consolidate $*mux and $reduce_* inputs).
  Optimizing cells in module \x1_y2_kimi.
Performed a total of 0 changes.

3.19.13. Executing OPT_MERGE pass (detect identical cells).
Finding identical cells in module `\x1_y2_kimi'.
Removed a total of 0 cells.

3.19.14. Executing OPT_SHARE pass.

3.19.15. Executing OPT_DFF pass (perform DFF optimizations).

3.19.16. Executing OPT_CLEAN pass (remove unused cells and wires).
Finding unused cells or wires in module \x1_y2_kimi..

3.19.17. Executing OPT_EXPR pass (perform const folding).
Optimizing module x1_y2_kimi.

3.19.18. Finished OPT passes. (There is nothing left to do.)

3.20. Executing TECHMAP pass (map to technology primitives).

3.20.1. Executing Verilog-2005 frontend: /usr/bin/../share/yosys/techmap.v
Parsing Verilog input from `/usr/bin/../share/yosys/techmap.v' to AST representation.
Generating RTLIL representation for module `\_90_simplemap_bool_ops'.
Generating RTLIL representation for module `\_90_simplemap_reduce_ops'.
Generating RTLIL representation for module `\_90_simplemap_logic_ops'.
Generating RTLIL representation for module `\_90_simplemap_compare_ops'.
Generating RTLIL representation for module `\_90_simplemap_various'.
Generating RTLIL representation for module `\_90_simplemap_registers'.
Generating RTLIL representation for module `\_90_shift_ops_shr_shl_sshl_sshr'.
Generating RTLIL representation for module `\_90_shift_shiftx'.
Generating RTLIL representation for module `\_90_fa'.
Generating RTLIL representation for module `\_90_lcu'.
Generating RTLIL representation for module `\_90_alu'.
Generating RTLIL representation for module `\_90_macc'.
Generating RTLIL representation for module `\_90_alumacc'.
Generating RTLIL representation for module `\$__div_mod_u'.
Generating RTLIL representation for module `\$__div_mod_trunc'.
Generating RTLIL representation for module `\_90_div'.
Generating RTLIL representation for module `\_90_mod'.
Generating RTLIL representation for module `\$__div_mod_floor'.
Generating RTLIL representation for module `\_90_divfloor'.
Generating RTLIL representation for module `\_90_modfloor'.
Generating RTLIL representation for module `\_90_pow'.
Generating RTLIL representation for module `\_90_pmux'.
Generating RTLIL representation for module `\_90_demux'.
Generating RTLIL representation for module `\_90_lut'.
Successfully finished Verilog frontend.

3.20.2. Continuing TECHMAP pass.
Using extmapper simplemap for cells of type $reduce_bool.
Using extmapper simplemap for cells of type $eq.
Using template $paramod$8f780356cb6cdb52f6a744190131b65634639c4e\_90_alu for cells of type $alu.
Using extmapper simplemap for cells of type $logic_and.
Using extmapper simplemap for cells of type $logic_not.
Using extmapper simplemap for cells of type $adffe.
Using extmapper maccmap for cells of type $macc.
  add \accum_bank[157] (24 bits, signed)
  add \act_rdata [39:36] * \weight_rdata [55:52] (4x4 bits, signed)
  add \accum_bank[167] (24 bits, signed)
  add \act_rdata [43:40] * \weight_rdata [31:28] (4x4 bits, signed)
  add \accum_bank[177] (24 bits, signed)
  add \act_rdata [47:44] * \weight_rdata [7:4] (4x4 bits, signed)
  add \accum_bank[187] (24 bits, signed)
  add \act_rdata [47:44] * \weight_rdata [47:44] (4x4 bits, signed)
  add \accum_bank[197] (24 bits, signed)
  add \act_rdata [51:48] * \weight_rdata [23:20] (4x4 bits, signed)
  add \accum_bank[207] (24 bits, signed)
  add \act_rdata [51:48] * \weight_rdata [63:60] (4x4 bits, signed)
  add \accum_bank[217] (24 bits, signed)
  add \act_rdata [55:52] * \weight_rdata [39:36] (4x4 bits, signed)
  add \accum_bank[227] (24 bits, signed)
  add \act_rdata [59:56] * \weight_rdata [15:12] (4x4 bits, signed)
  add \accum_bank[237] (24 bits, signed)
  add \act_rdata [59:56] * \weight_rdata [55:52] (4x4 bits, signed)
  add \accum_bank[247] (24 bits, signed)
  add \act_rdata [63:60] * \weight_rdata [31:28] (4x4 bits, signed)
  add \accum_bank[255] (24 bits, signed)
  add \act_rdata [63:60] * \weight_rdata [63:60] (4x4 bits, signed)
  add \accum_bank[10] (24 bits, signed)
  add \act_rdata [3:0] * \weight_rdata [43:40] (4x4 bits, signed)
  add \accum_bank[11] (24 bits, signed)
  add \act_rdata [3:0] * \weight_rdata [47:44] (4x4 bits, signed)
  add \accum_bank[12] (24 bits, signed)
  add \act_rdata [3:0] * \weight_rdata [51:48] (4x4 bits, signed)
  add \accum_bank[13] (24 bits, signed)
  add \act_rdata [3:0] * \weight_rdata [55:52] (4x4 bits, signed)
  add \accum_bank[14] (24 bits, signed)
  add \act_rdata [3:0] * \weight_rdata [59:56] (4x4 bits, signed)
  add \accum_bank[15] (24 bits, signed)
  add \act_rdata [3:0] * \weight_rdata [63:60] (4x4 bits, signed)
  add \accum_bank[16] (24 bits, signed)
  add \act_rdata [7:4] * \weight_rdata [3:0] (4x4 bits, signed)
  add \accum_bank[17] (24 bits, signed)
  add \act_rdata [7:4] * \weight_rdata [7:4] (4x4 bits, signed)
  add \accum_bank[18] (24 bits, signed)
  add \act_rdata [7:4] * \weight_rdata [11:8] (4x4 bits, signed)
  add \accum_bank[19] (24 bits, signed)
  add \act_rdata [7:4] * \weight_rdata [15:12] (4x4 bits, signed)
  add \accum_bank[20] (24 bits, signed)
  add \act_rdata [7:4] * \weight_rdata [19:16] (4x4 bits, signed)
  add \accum_bank[21] (24 bits, signed)
  add \act_rdata [7:4] * \weight_rdata [23:20] (4x4 bits, signed)
  add \accum_bank[22] (24 bits, signed)
  add \act_rdata [7:4] * \weight_rdata [27:24] (4x4 bits, signed)
  add \accum_bank[23] (24 bits, signed)
  add \act_rdata [7:4] * \weight_rdata [31:28] (4x4 bits, signed)
  add \accum_bank[24] (24 bits, signed)
  add \act_rdata [7:4] * \weight_rdata [35:32] (4x4 bits, signed)
  add \accum_bank[25] (24 bits, signed)
  add \act_rdata [7:4] * \weight_rdata [39:36] (4x4 bits, signed)
  add \accum_bank[26] (24 bits, signed)
  add \act_rdata [7:4] * \weight_rdata [43:40] (4x4 bits, signed)
  add \accum_bank[27] (24 bits, signed)
  add \act_rdata [7:4] * \weight_rdata [47:44] (4x4 bits, signed)
  add \accum_bank[28] (24 bits, signed)
  add \act_rdata [7:4] * \weight_rdata [51:48] (4x4 bits, signed)
  add \accum_bank[29] (24 bits, signed)
  add \act_rdata [7:4] * \weight_rdata [55:52] (4x4 bits, signed)
  add \accum_bank[30] (24 bits, signed)
  add \act_rdata [7:4] * \weight_rdata [59:56] (4x4 bits, signed)
  add \accum_bank[32] (24 bits, signed)
  add \act_rdata [11:8] * \weight_rdata [3:0] (4x4 bits, signed)
  add \accum_bank[33] (24 bits, signed)
  add \act_rdata [11:8] * \weight_rdata [7:4] (4x4 bits, signed)
  add \accum_bank[34] (24 bits, signed)
  add \act_rdata [11:8] * \weight_rdata [11:8] (4x4 bits, signed)
  add \accum_bank[35] (24 bits, signed)
  add \act_rdata [11:8] * \weight_rdata [15:12] (4x4 bits, signed)
  add \accum_bank[36] (24 bits, signed)
  add \act_rdata [11:8] * \weight_rdata [19:16] (4x4 bits, signed)
  add \accum_bank[37] (24 bits, signed)
  add \act_rdata [11:8] * \weight_rdata [23:20] (4x4 bits, signed)
  add \accum_bank[38] (24 bits, signed)
  add \act_rdata [11:8] * \weight_rdata [27:24] (4x4 bits, signed)
  add \accum_bank[39] (24 bits, signed)
  add \act_rdata [11:8] * \weight_rdata [31:28] (4x4 bits, signed)
  add \accum_bank[40] (24 bits, signed)
  add \act_rdata [11:8] * \weight_rdata [35:32] (4x4 bits, signed)
  add \accum_bank[41] (24 bits, signed)
  add \act_rdata [11:8] * \weight_rdata [39:36] (4x4 bits, signed)
  add \accum_bank[42] (24 bits, signed)
  add \act_rdata [11:8] * \weight_rdata [43:40] (4x4 bits, signed)
  add \accum_bank[43] (24 bits, signed)
  add \act_rdata [11:8] * \weight_rdata [47:44] (4x4 bits, signed)
  add \accum_bank[44] (24 bits, signed)
  add \act_rdata [11:8] * \weight_rdata [51:48] (4x4 bits, signed)
  add \accum_bank[45] (24 bits, signed)
  add \act_rdata [11:8] * \weight_rdata [55:52] (4x4 bits, signed)
  add \accum_bank[46] (24 bits, signed)
  add \act_rdata [11:8] * \weight_rdata [59:56] (4x4 bits, signed)
  add \accum_bank[47] (24 bits, signed)
  add \act_rdata [11:8] * \weight_rdata [63:60] (4x4 bits, signed)
  add \accum_bank[48] (24 bits, signed)
  add \act_rdata [15:12] * \weight_rdata [3:0] (4x4 bits, signed)
  add \accum_bank[49] (24 bits, signed)
  add \act_rdata [15:12] * \weight_rdata [7:4] (4x4 bits, signed)
  add \accum_bank[50] (24 bits, signed)
  add \act_rdata [15:12] * \weight_rdata [11:8] (4x4 bits, signed)
  add \accum_bank[51] (24 bits, signed)
  add \act_rdata [15:12] * \weight_rdata [15:12] (4x4 bits, signed)
  add \accum_bank[52] (24 bits, signed)
  add \act_rdata [15:12] * \weight_rdata [19:16] (4x4 bits, signed)
  add \accum_bank[53] (24 bits, signed)
  add \act_rdata [15:12] * \weight_rdata [23:20] (4x4 bits, signed)
  add \accum_bank[54] (24 bits, signed)
  add \act_rdata [15:12] * \weight_rdata [27:24] (4x4 bits, signed)
  add \accum_bank[55] (24 bits, signed)
  add \act_rdata [15:12] * \weight_rdata [31:28] (4x4 bits, signed)
  add \accum_bank[56] (24 bits, signed)
  add \act_rdata [15:12] * \weight_rdata [35:32] (4x4 bits, signed)
  add \accum_bank[57] (24 bits, signed)
  add \act_rdata [15:12] * \weight_rdata [39:36] (4x4 bits, signed)
  add \accum_bank[58] (24 bits, signed)
  add \act_rdata [15:12] * \weight_rdata [43:40] (4x4 bits, signed)
  add \accum_bank[59] (24 bits, signed)
  add \act_rdata [15:12] * \weight_rdata [47:44] (4x4 bits, signed)
  add \accum_bank[60] (24 bits, signed)
  add \act_rdata [15:12] * \weight_rdata [51:48] (4x4 bits, signed)
  add \accum_bank[61] (24 bits, signed)
  add \act_rdata [15:12] * \weight_rdata [55:52] (4x4 bits, signed)
  add \accum_bank[62] (24 bits, signed)
  add \act_rdata [15:12] * \weight_rdata [59:56] (4x4 bits, signed)
  add \accum_bank[63] (24 bits, signed)
  add \act_rdata [15:12] * \weight_rdata [63:60] (4x4 bits, signed)
  add \accum_bank[64] (24 bits, signed)
  add \act_rdata [19:16] * \weight_rdata [3:0] (4x4 bits, signed)
  add \accum_bank[65] (24 bits, signed)
  add \act_rdata [19:16] * \weight_rdata [7:4] (4x4 bits, signed)
  add \accum_bank[66] (24 bits, signed)
  add \act_rdata [19:16] * \weight_rdata [11:8] (4x4 bits, signed)
  add \accum_bank[67] (24 bits, signed)
  add \act_rdata [19:16] * \weight_rdata [15:12] (4x4 bits, signed)
  add \accum_bank[68] (24 bits, signed)
  add \act_rdata [19:16] * \weight_rdata [19:16] (4x4 bits, signed)
  add \accum_bank[69] (24 bits, signed)
  add \act_rdata [19:16] * \weight_rdata [23:20] (4x4 bits, signed)
  add \accum_bank[70] (24 bits, signed)
  add \act_rdata [19:16] * \weight_rdata [27:24] (4x4 bits, signed)
  add \accum_bank[71] (24 bits, signed)
  add \act_rdata [19:16] * \weight_rdata [31:28] (4x4 bits, signed)
  add \accum_bank[72] (24 bits, signed)
  add \act_rdata [19:16] * \weight_rdata [35:32] (4x4 bits, signed)
  add \accum_bank[73] (24 bits, signed)
  add \act_rdata [19:16] * \weight_rdata [39:36] (4x4 bits, signed)
  add \accum_bank[74] (24 bits, signed)
  add \act_rdata [19:16] * \weight_rdata [43:40] (4x4 bits, signed)
  add \accum_bank[75] (24 bits, signed)
  add \act_rdata [19:16] * \weight_rdata [47:44] (4x4 bits, signed)
  add \accum_bank[76] (24 bits, signed)
  add \act_rdata [19:16] * \weight_rdata [51:48] (4x4 bits, signed)
  add \accum_bank[77] (24 bits, signed)
  add \act_rdata [19:16] * \weight_rdata [55:52] (4x4 bits, signed)
  add \accum_bank[78] (24 bits, signed)
  add \act_rdata [19:16] * \weight_rdata [59:56] (4x4 bits, signed)
  add \accum_bank[79] (24 bits, signed)
  add \act_rdata [19:16] * \weight_rdata [63:60] (4x4 bits, signed)
  add \accum_bank[80] (24 bits, signed)
  add \act_rdata [23:20] * \weight_rdata [3:0] (4x4 bits, signed)
  add \accum_bank[81] (24 bits, signed)
  add \act_rdata [23:20] * \weight_rdata [7:4] (4x4 bits, signed)
  add \accum_bank[82] (24 bits, signed)
  add \act_rdata [23:20] * \weight_rdata [11:8] (4x4 bits, signed)
  add \accum_bank[83] (24 bits, signed)
  add \act_rdata [23:20] * \weight_rdata [15:12] (4x4 bits, signed)
  add \accum_bank[84] (24 bits, signed)
  add \act_rdata [23:20] * \weight_rdata [19:16] (4x4 bits, signed)
  add \accum_bank[85] (24 bits, signed)
  add \act_rdata [23:20] * \weight_rdata [23:20] (4x4 bits, signed)
  add \accum_bank[86] (24 bits, signed)
  add \act_rdata [23:20] * \weight_rdata [27:24] (4x4 bits, signed)
  add \accum_bank[87] (24 bits, signed)
  add \act_rdata [23:20] * \weight_rdata [31:28] (4x4 bits, signed)
  add \accum_bank[88] (24 bits, signed)
  add \act_rdata [23:20] * \weight_rdata [35:32] (4x4 bits, signed)
  add \accum_bank[89] (24 bits, signed)
  add \act_rdata [23:20] * \weight_rdata [39:36] (4x4 bits, signed)
  add \accum_bank[90] (24 bits, signed)
  add \act_rdata [23:20] * \weight_rdata [43:40] (4x4 bits, signed)
  add \accum_bank[91] (24 bits, signed)
  add \act_rdata [23:20] * \weight_rdata [47:44] (4x4 bits, signed)
  add \accum_bank[92] (24 bits, signed)
  add \act_rdata [23:20] * \weight_rdata [51:48] (4x4 bits, signed)
  add \accum_bank[93] (24 bits, signed)
  add \act_rdata [23:20] * \weight_rdata [55:52] (4x4 bits, signed)
  add \accum_bank[94] (24 bits, signed)
  add \act_rdata [23:20] * \weight_rdata [59:56] (4x4 bits, signed)
  add \accum_bank[95] (24 bits, signed)
  add \act_rdata [23:20] * \weight_rdata [63:60] (4x4 bits, signed)
  add \accum_bank[96] (24 bits, signed)
  add \act_rdata [27:24] * \weight_rdata [3:0] (4x4 bits, signed)
  add \accum_bank[97] (24 bits, signed)
  add \act_rdata [27:24] * \weight_rdata [7:4] (4x4 bits, signed)
  add \accum_bank[98] (24 bits, signed)
  add \act_rdata [27:24] * \weight_rdata [11:8] (4x4 bits, signed)
  add \accum_bank[99] (24 bits, signed)
  add \act_rdata [27:24] * \weight_rdata [15:12] (4x4 bits, signed)
  add \accum_bank[100] (24 bits, signed)
  add \act_rdata [27:24] * \weight_rdata [19:16] (4x4 bits, signed)
  add \accum_bank[101] (24 bits, signed)
  add \act_rdata [27:24] * \weight_rdata [23:20] (4x4 bits, signed)
  add \accum_bank[102] (24 bits, signed)
  add \act_rdata [27:24] * \weight_rdata [27:24] (4x4 bits, signed)
  add \accum_bank[103] (24 bits, signed)
  add \act_rdata [27:24] * \weight_rdata [31:28] (4x4 bits, signed)
  add \accum_bank[104] (24 bits, signed)
  add \act_rdata [27:24] * \weight_rdata [35:32] (4x4 bits, signed)
  add \accum_bank[105] (24 bits, signed)
  add \act_rdata [27:24] * \weight_rdata [39:36] (4x4 bits, signed)
  add \accum_bank[106] (24 bits, signed)
  add \act_rdata [27:24] * \weight_rdata [43:40] (4x4 bits, signed)
  add \accum_bank[107] (24 bits, signed)
  add \act_rdata [27:24] * \weight_rdata [47:44] (4x4 bits, signed)
  add \accum_bank[108] (24 bits, signed)
  add \act_rdata [27:24] * \weight_rdata [51:48] (4x4 bits, signed)
  add \accum_bank[109] (24 bits, signed)
  add \act_rdata [27:24] * \weight_rdata [55:52] (4x4 bits, signed)
  add \accum_bank[110] (24 bits, signed)
  add \act_rdata [27:24] * \weight_rdata [59:56] (4x4 bits, signed)
  add \accum_bank[111] (24 bits, signed)
  add \act_rdata [27:24] * \weight_rdata [63:60] (4x4 bits, signed)
  add \accum_bank[112] (24 bits, signed)
  add \act_rdata [31:28] * \weight_rdata [3:0] (4x4 bits, signed)
  add \accum_bank[113] (24 bits, signed)
  add \act_rdata [31:28] * \weight_rdata [7:4] (4x4 bits, signed)
  add \accum_bank[114] (24 bits, signed)
  add \act_rdata [31:28] * \weight_rdata [11:8] (4x4 bits, signed)
  add \accum_bank[115] (24 bits, signed)
  add \act_rdata [31:28] * \weight_rdata [15:12] (4x4 bits, signed)
  add \accum_bank[116] (24 bits, signed)
  add \act_rdata [31:28] * \weight_rdata [19:16] (4x4 bits, signed)
  add \accum_bank[117] (24 bits, signed)
  add \act_rdata [31:28] * \weight_rdata [23:20] (4x4 bits, signed)
  add \accum_bank[118] (24 bits, signed)
  add \act_rdata [31:28] * \weight_rdata [27:24] (4x4 bits, signed)
  add \accum_bank[119] (24 bits, signed)
  add \act_rdata [31:28] * \weight_rdata [31:28] (4x4 bits, signed)
  add \accum_bank[120] (24 bits, signed)
  add \act_rdata [31:28] * \weight_rdata [35:32] (4x4 bits, signed)
  add \accum_bank[121] (24 bits, signed)
  add \act_rdata [31:28] * \weight_rdata [39:36] (4x4 bits, signed)
  add \accum_bank[122] (24 bits, signed)
  add \act_rdata [31:28] * \weight_rdata [43:40] (4x4 bits, signed)
  add \accum_bank[123] (24 bits, signed)
  add \act_rdata [31:28] * \weight_rdata [47:44] (4x4 bits, signed)
  add \accum_bank[124] (24 bits, signed)
  add \act_rdata [31:28] * \weight_rdata [51:48] (4x4 bits, signed)
  add \accum_bank[125] (24 bits, signed)
  add \act_rdata [31:28] * \weight_rdata [55:52] (4x4 bits, signed)
  add \accum_bank[126] (24 bits, signed)
  add \act_rdata [31:28] * \weight_rdata [59:56] (4x4 bits, signed)
  add \accum_bank[127] (24 bits, signed)
  add \act_rdata [31:28] * \weight_rdata [63:60] (4x4 bits, signed)
  add \accum_bank[128] (24 bits, signed)
  add \act_rdata [35:32] * \weight_rdata [3:0] (4x4 bits, signed)
  add \accum_bank[129] (24 bits, signed)
  add \act_rdata [35:32] * \weight_rdata [7:4] (4x4 bits, signed)
  add \accum_bank[130] (24 bits, signed)
  add \act_rdata [35:32] * \weight_rdata [11:8] (4x4 bits, signed)
  add \accum_bank[131] (24 bits, signed)
  add \act_rdata [35:32] * \weight_rdata [15:12] (4x4 bits, signed)
  add \accum_bank[132] (24 bits, signed)
  add \act_rdata [35:32] * \weight_rdata [19:16] (4x4 bits, signed)
  add \accum_bank[133] (24 bits, signed)
  add \act_rdata [35:32] * \weight_rdata [23:20] (4x4 bits, signed)
  add \accum_bank[134] (24 bits, signed)
  add \act_rdata [35:32] * \weight_rdata [27:24] (4x4 bits, signed)
  add \accum_bank[135] (24 bits, signed)
  add \act_rdata [35:32] * \weight_rdata [31:28] (4x4 bits, signed)
  add \accum_bank[136] (24 bits, signed)
  add \act_rdata [35:32] * \weight_rdata [35:32] (4x4 bits, signed)
  add \accum_bank[137] (24 bits, signed)
  add \act_rdata [35:32] * \weight_rdata [39:36] (4x4 bits, signed)
  add \accum_bank[138] (24 bits, signed)
  add \act_rdata [35:32] * \weight_rdata [43:40] (4x4 bits, signed)
  add \accum_bank[139] (24 bits, signed)
  add \act_rdata [35:32] * \weight_rdata [47:44] (4x4 bits, signed)
  add \accum_bank[140] (24 bits, signed)
  add \act_rdata [35:32] * \weight_rdata [51:48] (4x4 bits, signed)
  add \accum_bank[141] (24 bits, signed)
  add \act_rdata [35:32] * \weight_rdata [55:52] (4x4 bits, signed)
  add \accum_bank[142] (24 bits, signed)
  add \act_rdata [35:32] * \weight_rdata [59:56] (4x4 bits, signed)
  add \accum_bank[143] (24 bits, signed)
  add \act_rdata [35:32] * \weight_rdata [63:60] (4x4 bits, signed)
  add \accum_bank[144] (24 bits, signed)
  add \act_rdata [39:36] * \weight_rdata [3:0] (4x4 bits, signed)
  add \accum_bank[145] (24 bits, signed)
  add \act_rdata [39:36] * \weight_rdata [7:4] (4x4 bits, signed)
  add \accum_bank[146] (24 bits, signed)
  add \act_rdata [39:36] * \weight_rdata [11:8] (4x4 bits, signed)
  add \accum_bank[147] (24 bits, signed)
  add \act_rdata [39:36] * \weight_rdata [15:12] (4x4 bits, signed)
  add \accum_bank[148] (24 bits, signed)
  add \act_rdata [39:36] * \weight_rdata [19:16] (4x4 bits, signed)
  add \accum_bank[149] (24 bits, signed)
  add \act_rdata [39:36] * \weight_rdata [23:20] (4x4 bits, signed)
  add \accum_bank[150] (24 bits, signed)
  add \act_rdata [39:36] * \weight_rdata [27:24] (4x4 bits, signed)
  add \accum_bank[151] (24 bits, signed)
  add \act_rdata [39:36] * \weight_rdata [31:28] (4x4 bits, signed)
  add \accum_bank[152] (24 bits, signed)
  add \act_rdata [39:36] * \weight_rdata [35:32] (4x4 bits, signed)
  add \accum_bank[153] (24 bits, signed)
  add \act_rdata [39:36] * \weight_rdata [39:36] (4x4 bits, signed)
  add \accum_bank[154] (24 bits, signed)
  add \act_rdata [39:36] * \weight_rdata [43:40] (4x4 bits, signed)
  add \accum_bank[155] (24 bits, signed)
  add \act_rdata [39:36] * \weight_rdata [47:44] (4x4 bits, signed)
  add \accum_bank[156] (24 bits, signed)
  add \act_rdata [39:36] * \weight_rdata [51:48] (4x4 bits, signed)
  add \accum_bank[0] (24 bits, signed)
  add \act_rdata [3:0] * \weight_rdata [3:0] (4x4 bits, signed)
  add \accum_bank[158] (24 bits, signed)
  add \act_rdata [39:36] * \weight_rdata [59:56] (4x4 bits, signed)
  add \accum_bank[159] (24 bits, signed)
  add \act_rdata [39:36] * \weight_rdata [63:60] (4x4 bits, signed)
  add \accum_bank[160] (24 bits, signed)
  add \act_rdata [43:40] * \weight_rdata [3:0] (4x4 bits, signed)
  add \accum_bank[161] (24 bits, signed)
  add \act_rdata [43:40] * \weight_rdata [7:4] (4x4 bits, signed)
  add \accum_bank[162] (24 bits, signed)
  add \act_rdata [43:40] * \weight_rdata [11:8] (4x4 bits, signed)
  add \accum_bank[163] (24 bits, signed)
  add \act_rdata [43:40] * \weight_rdata [15:12] (4x4 bits, signed)
  add \accum_bank[164] (24 bits, signed)
  add \act_rdata [43:40] * \weight_rdata [19:16] (4x4 bits, signed)
  add \accum_bank[165] (24 bits, signed)
  add \act_rdata [43:40] * \weight_rdata [23:20] (4x4 bits, signed)
  add \accum_bank[166] (24 bits, signed)
  add \act_rdata [43:40] * \weight_rdata [27:24] (4x4 bits, signed)
  add \accum_bank[1] (24 bits, signed)
  add \act_rdata [3:0] * \weight_rdata [7:4] (4x4 bits, signed)
  add \accum_bank[168] (24 bits, signed)
  add \act_rdata [43:40] * \weight_rdata [35:32] (4x4 bits, signed)
  add \accum_bank[169] (24 bits, signed)
  add \act_rdata [43:40] * \weight_rdata [39:36] (4x4 bits, signed)
  add \accum_bank[170] (24 bits, signed)
  add \act_rdata [43:40] * \weight_rdata [43:40] (4x4 bits, signed)
  add \accum_bank[171] (24 bits, signed)
  add \act_rdata [43:40] * \weight_rdata [47:44] (4x4 bits, signed)
  add \accum_bank[172] (24 bits, signed)
  add \act_rdata [43:40] * \weight_rdata [51:48] (4x4 bits, signed)
  add \accum_bank[173] (24 bits, signed)
  add \act_rdata [43:40] * \weight_rdata [55:52] (4x4 bits, signed)
  add \accum_bank[174] (24 bits, signed)
  add \act_rdata [43:40] * \weight_rdata [59:56] (4x4 bits, signed)
  add \accum_bank[175] (24 bits, signed)
  add \act_rdata [43:40] * \weight_rdata [63:60] (4x4 bits, signed)
  add \accum_bank[176] (24 bits, signed)
  add \act_rdata [47:44] * \weight_rdata [3:0] (4x4 bits, signed)
  add \accum_bank[2] (24 bits, signed)
  add \act_rdata [3:0] * \weight_rdata [11:8] (4x4 bits, signed)
  add \accum_bank[178] (24 bits, signed)
  add \act_rdata [47:44] * \weight_rdata [11:8] (4x4 bits, signed)
  add \accum_bank[179] (24 bits, signed)
  add \act_rdata [47:44] * \weight_rdata [15:12] (4x4 bits, signed)
  add \accum_bank[180] (24 bits, signed)
  add \act_rdata [47:44] * \weight_rdata [19:16] (4x4 bits, signed)
  add \accum_bank[181] (24 bits, signed)
  add \act_rdata [47:44] * \weight_rdata [23:20] (4x4 bits, signed)
  add \accum_bank[182] (24 bits, signed)
  add \act_rdata [47:44] * \weight_rdata [27:24] (4x4 bits, signed)
  add \accum_bank[183] (24 bits, signed)
  add \act_rdata [47:44] * \weight_rdata [31:28] (4x4 bits, signed)
  add \accum_bank[184] (24 bits, signed)
  add \act_rdata [47:44] * \weight_rdata [35:32] (4x4 bits, signed)
  add \accum_bank[185] (24 bits, signed)
  add \act_rdata [47:44] * \weight_rdata [39:36] (4x4 bits, signed)
  add \accum_bank[186] (24 bits, signed)
  add \act_rdata [47:44] * \weight_rdata [43:40] (4x4 bits, signed)
  add \accum_bank[3] (24 bits, signed)
  add \act_rdata [3:0] * \weight_rdata [15:12] (4x4 bits, signed)
  add \accum_bank[188] (24 bits, signed)
  add \act_rdata [47:44] * \weight_rdata [51:48] (4x4 bits, signed)
  add \accum_bank[189] (24 bits, signed)
  add \act_rdata [47:44] * \weight_rdata [55:52] (4x4 bits, signed)
  add \accum_bank[190] (24 bits, signed)
  add \act_rdata [47:44] * \weight_rdata [59:56] (4x4 bits, signed)
  add \accum_bank[191] (24 bits, signed)
  add \act_rdata [47:44] * \weight_rdata [63:60] (4x4 bits, signed)
  add \accum_bank[192] (24 bits, signed)
  add \act_rdata [51:48] * \weight_rdata [3:0] (4x4 bits, signed)
  add \accum_bank[193] (24 bits, signed)
  add \act_rdata [51:48] * \weight_rdata [7:4] (4x4 bits, signed)
  add \accum_bank[194] (24 bits, signed)
  add \act_rdata [51:48] * \weight_rdata [11:8] (4x4 bits, signed)
  add \accum_bank[195] (24 bits, signed)
  add \act_rdata [51:48] * \weight_rdata [15:12] (4x4 bits, signed)
  add \accum_bank[196] (24 bits, signed)
  add \act_rdata [51:48] * \weight_rdata [19:16] (4x4 bits, signed)
  add \accum_bank[4] (24 bits, signed)
  add \act_rdata [3:0] * \weight_rdata [19:16] (4x4 bits, signed)
  add \accum_bank[198] (24 bits, signed)
  add \act_rdata [51:48] * \weight_rdata [27:24] (4x4 bits, signed)
  add \accum_bank[199] (24 bits, signed)
  add \act_rdata [51:48] * \weight_rdata [31:28] (4x4 bits, signed)
  add \accum_bank[200] (24 bits, signed)
  add \act_rdata [51:48] * \weight_rdata [35:32] (4x4 bits, signed)
  add \accum_bank[201] (24 bits, signed)
  add \act_rdata [51:48] * \weight_rdata [39:36] (4x4 bits, signed)
  add \accum_bank[202] (24 bits, signed)
  add \act_rdata [51:48] * \weight_rdata [43:40] (4x4 bits, signed)
  add \accum_bank[203] (24 bits, signed)
  add \act_rdata [51:48] * \weight_rdata [47:44] (4x4 bits, signed)
  add \accum_bank[204] (24 bits, signed)
  add \act_rdata [51:48] * \weight_rdata [51:48] (4x4 bits, signed)
  add \accum_bank[205] (24 bits, signed)
  add \act_rdata [51:48] * \weight_rdata [55:52] (4x4 bits, signed)
  add \accum_bank[206] (24 bits, signed)
  add \act_rdata [51:48] * \weight_rdata [59:56] (4x4 bits, signed)
  add \accum_bank[5] (24 bits, signed)
  add \act_rdata [3:0] * \weight_rdata [23:20] (4x4 bits, signed)
  add \accum_bank[208] (24 bits, signed)
  add \act_rdata [55:52] * \weight_rdata [3:0] (4x4 bits, signed)
  add \accum_bank[209] (24 bits, signed)
  add \act_rdata [55:52] * \weight_rdata [7:4] (4x4 bits, signed)
  add \accum_bank[210] (24 bits, signed)
  add \act_rdata [55:52] * \weight_rdata [11:8] (4x4 bits, signed)
  add \accum_bank[211] (24 bits, signed)
  add \act_rdata [55:52] * \weight_rdata [15:12] (4x4 bits, signed)
  add \accum_bank[212] (24 bits, signed)
  add \act_rdata [55:52] * \weight_rdata [19:16] (4x4 bits, signed)
  add \accum_bank[213] (24 bits, signed)
  add \act_rdata [55:52] * \weight_rdata [23:20] (4x4 bits, signed)
  add \accum_bank[214] (24 bits, signed)
  add \act_rdata [55:52] * \weight_rdata [27:24] (4x4 bits, signed)
  add \accum_bank[215] (24 bits, signed)
  add \act_rdata [55:52] * \weight_rdata [31:28] (4x4 bits, signed)
  add \accum_bank[216] (24 bits, signed)
  add \act_rdata [55:52] * \weight_rdata [35:32] (4x4 bits, signed)
  add \accum_bank[6] (24 bits, signed)
  add \act_rdata [3:0] * \weight_rdata [27:24] (4x4 bits, signed)
  add \accum_bank[218] (24 bits, signed)
  add \act_rdata [55:52] * \weight_rdata [43:40] (4x4 bits, signed)
  add \accum_bank[219] (24 bits, signed)
  add \act_rdata [55:52] * \weight_rdata [47:44] (4x4 bits, signed)
  add \accum_bank[220] (24 bits, signed)
  add \act_rdata [55:52] * \weight_rdata [51:48] (4x4 bits, signed)
  add \accum_bank[221] (24 bits, signed)
  add \act_rdata [55:52] * \weight_rdata [55:52] (4x4 bits, signed)
  add \accum_bank[222] (24 bits, signed)
  add \act_rdata [55:52] * \weight_rdata [59:56] (4x4 bits, signed)
  add \accum_bank[223] (24 bits, signed)
  add \act_rdata [55:52] * \weight_rdata [63:60] (4x4 bits, signed)
  add \accum_bank[224] (24 bits, signed)
  add \act_rdata [59:56] * \weight_rdata [3:0] (4x4 bits, signed)
  add \accum_bank[225] (24 bits, signed)
  add \act_rdata [59:56] * \weight_rdata [7:4] (4x4 bits, signed)
  add \accum_bank[226] (24 bits, signed)
  add \act_rdata [59:56] * \weight_rdata [11:8] (4x4 bits, signed)
  add \accum_bank[7] (24 bits, signed)
  add \act_rdata [3:0] * \weight_rdata [31:28] (4x4 bits, signed)
  add \accum_bank[228] (24 bits, signed)
  add \act_rdata [59:56] * \weight_rdata [19:16] (4x4 bits, signed)
  add \accum_bank[229] (24 bits, signed)
  add \act_rdata [59:56] * \weight_rdata [23:20] (4x4 bits, signed)
  add \accum_bank[230] (24 bits, signed)
  add \act_rdata [59:56] * \weight_rdata [27:24] (4x4 bits, signed)
  add \accum_bank[231] (24 bits, signed)
  add \act_rdata [59:56] * \weight_rdata [31:28] (4x4 bits, signed)
  add \accum_bank[232] (24 bits, signed)
  add \act_rdata [59:56] * \weight_rdata [35:32] (4x4 bits, signed)
  add \accum_bank[233] (24 bits, signed)
  add \act_rdata [59:56] * \weight_rdata [39:36] (4x4 bits, signed)
  add \accum_bank[234] (24 bits, signed)
  add \act_rdata [59:56] * \weight_rdata [43:40] (4x4 bits, signed)
  add \accum_bank[235] (24 bits, signed)
  add \act_rdata [59:56] * \weight_rdata [47:44] (4x4 bits, signed)
  add \accum_bank[236] (24 bits, signed)
  add \act_rdata [59:56] * \weight_rdata [51:48] (4x4 bits, signed)
  add \accum_bank[8] (24 bits, signed)
  add \act_rdata [3:0] * \weight_rdata [35:32] (4x4 bits, signed)
  add \accum_bank[238] (24 bits, signed)
  add \act_rdata [59:56] * \weight_rdata [59:56] (4x4 bits, signed)
  add \accum_bank[239] (24 bits, signed)
  add \act_rdata [59:56] * \weight_rdata [63:60] (4x4 bits, signed)
  add \accum_bank[240] (24 bits, signed)
  add \act_rdata [63:60] * \weight_rdata [3:0] (4x4 bits, signed)
  add \accum_bank[241] (24 bits, signed)
  add \act_rdata [63:60] * \weight_rdata [7:4] (4x4 bits, signed)
  add \accum_bank[242] (24 bits, signed)
  add \act_rdata [63:60] * \weight_rdata [11:8] (4x4 bits, signed)
  add \accum_bank[243] (24 bits, signed)
  add \act_rdata [63:60] * \weight_rdata [15:12] (4x4 bits, signed)
  add \accum_bank[244] (24 bits, signed)
  add \act_rdata [63:60] * \weight_rdata [19:16] (4x4 bits, signed)
  add \accum_bank[245] (24 bits, signed)
  add \act_rdata [63:60] * \weight_rdata [23:20] (4x4 bits, signed)
  add \accum_bank[246] (24 bits, signed)
  add \act_rdata [63:60] * \weight_rdata [27:24] (4x4 bits, signed)
  add \accum_bank[9] (24 bits, signed)
  add \act_rdata [3:0] * \weight_rdata [39:36] (4x4 bits, signed)
  add \accum_bank[248] (24 bits, signed)
  add \act_rdata [63:60] * \weight_rdata [35:32] (4x4 bits, signed)
  add \accum_bank[249] (24 bits, signed)
  add \act_rdata [63:60] * \weight_rdata [39:36] (4x4 bits, signed)
  add \accum_bank[250] (24 bits, signed)
  add \act_rdata [63:60] * \weight_rdata [43:40] (4x4 bits, signed)
  add \accum_bank[251] (24 bits, signed)
  add \act_rdata [63:60] * \weight_rdata [47:44] (4x4 bits, signed)
  add \accum_bank[252] (24 bits, signed)
  add \act_rdata [63:60] * \weight_rdata [51:48] (4x4 bits, signed)
  add \accum_bank[253] (24 bits, signed)
  add \act_rdata [63:60] * \weight_rdata [55:52] (4x4 bits, signed)
  add \accum_bank[254] (24 bits, signed)
  add \act_rdata [63:60] * \weight_rdata [59:56] (4x4 bits, signed)
Using template $paramod$32a7b7b86c07519b7537abc18e96f0331f97914d\_90_alu for cells of type $alu.
Using extmapper simplemap for cells of type $ne.
Using extmapper simplemap for cells of type $and.
Using extmapper simplemap for cells of type $mux.
Using template $paramod$cc1e387d9d5ac1d3f6e6bed180038d9c0ac48d0c\_90_pmux for cells of type $pmux.
Using extmapper simplemap for cells of type $reduce_and.
Using extmapper simplemap for cells of type $reduce_or.
  add \accum_bank[31] (24 bits, signed)
  add \act_rdata [7:4] * \weight_rdata [63:60] (4x4 bits, signed)
Using template $paramod$ee3d784672cdb1cb32d9a801a3af776716f16b74\_90_alu for cells of type $alu.
Using extmapper simplemap for cells of type $not.
Using extmapper simplemap for cells of type $or.
Using template $paramod$521ce43182eecb9f60c72393a788160d2c356bf5\_90_pmux for cells of type $pmux.
Using template $paramod$efbd09a0babee19c48bdb5d433634be6811b1769\_90_pmux for cells of type $pmux.
Using extmapper simplemap for cells of type $adff.
Using template $paramod\_90_fa\WIDTH=32'00000000000000000000000000011000 for cells of type $fa.
Using template $paramod$e82d3fc1811c5751348a3964470632b35a435fc7\_90_alu for cells of type $alu.
Using extmapper simplemap for cells of type $xor.
Using template $paramod\_90_lcu\WIDTH=32'00000000000000000000000000001100 for cells of type $lcu.
Using extmapper simplemap for cells of type $pos.
Using template $paramod\_90_lcu\WIDTH=32'00000000000000000000000000000100 for cells of type $lcu.
Using template $paramod\_90_lcu\WIDTH=32'00000000000000000000000000011000 for cells of type $lcu.
No more expansions possible.
<suppressed ~44229 debug messages>

3.21. Executing OPT pass (performing simple optimizations).

3.21.1. Executing OPT_EXPR pass (perform const folding).
Optimizing module x1_y2_kimi.
<suppressed ~39836 debug messages>

3.21.2. Executing OPT_MERGE pass (detect identical cells).
Finding identical cells in module `\x1_y2_kimi'.
<suppressed ~101676 debug messages>
Removed a total of 33892 cells.

3.21.3. Executing OPT_DFF pass (perform DFF optimizations).

3.21.4. Executing OPT_CLEAN pass (remove unused cells and wires).
Finding unused cells or wires in module \x1_y2_kimi..
Removed 11179 unused cells and 40927 unused wires.
<suppressed ~11180 debug messages>

3.21.5. Finished fast OPT passes.

3.22. Executing ABC pass (technology mapping using ABC).

3.22.1. Extracting gate netlist of module `\x1_y2_kimi' to `<abc-temp-dir>/input.blif'..
Extracted 150721 gates and 157042 wires to a netlist network with 6320 inputs and 6230 outputs.

3.22.1.1. Executing ABC.
Running ABC command: "<yosys-exe-dir>/yosys-abc" -s -f <abc-temp-dir>/abc.script 2>&1
ABC: ABC command line: "source <abc-temp-dir>/abc.script".
ABC: 
ABC: + read_blif <abc-temp-dir>/input.blif 
ABC: + read_library <abc-temp-dir>/stdcells.genlib 
ABC: Entered genlib library with 13 gates from file "<abc-temp-dir>/stdcells.genlib".
ABC: + strash 
ABC: + dretime 
ABC: + map 
ABC: + write_blif <abc-temp-dir>/output.blif 

3.22.1.2. Re-integrating ABC results.
ABC RESULTS:               NOT cells:     8246
ABC RESULTS:              XNOR cells:    11683
ABC RESULTS:              NAND cells:     8713
ABC RESULTS:               XOR cells:    34416
ABC RESULTS:               NOR cells:     3576
ABC RESULTS:             ORNOT cells:     3859
ABC RESULTS:               AND cells:     2450
ABC RESULTS:                OR cells:    22128
ABC RESULTS:               MUX cells:      154
ABC RESULTS:            ANDNOT cells:    63968
ABC RESULTS:        internal signals:   144492
ABC RESULTS:           input signals:     6320
ABC RESULTS:          output signals:     6230
Removing temp directory.

3.23. Executing OPT pass (performing simple optimizations).

3.23.1. Executing OPT_EXPR pass (perform const folding).
Optimizing module x1_y2_kimi.
<suppressed ~156 debug messages>

3.23.2. Executing OPT_MERGE pass (detect identical cells).
Finding identical cells in module `\x1_y2_kimi'.
Removed a total of 0 cells.

3.23.3. Executing OPT_DFF pass (perform DFF optimizations).

3.23.4. Executing OPT_CLEAN pass (remove unused cells and wires).
Finding unused cells or wires in module \x1_y2_kimi..
Removed 15 unused cells and 36344 unused wires.
<suppressed ~16 debug messages>

3.23.5. Finished fast OPT passes.

3.24. Executing HIERARCHY pass (managing design hierarchy).

3.24.1. Analyzing design hierarchy..
Top module:  \x1_y2_kimi

3.24.2. Analyzing design hierarchy..
Top module:  \x1_y2_kimi
Removed 0 unused modules.

3.25. Printing statistics.

=== x1_y2_kimi ===

   Number of wires:             153513
   Number of wire bits:         165566
   Number of public wires:         277
   Number of public wire bits:    6389
   Number of memories:               0
   Number of memory bits:            0
   Number of processes:              0
   Number of cells:             165391
     $_ANDNOT_                   63968
     $_AND_                       2450
     $_DFFE_PN0P_                 6211
     $_DFF_PN0_                      2
     $_MUX_                        154
     $_NAND_                      8713
     $_NOR_                       3576
     $_NOT_                       8231
     $_ORNOT_                     3859
     $_OR_                       22128
     $_XNOR_                     11683
     $_XOR_                      34416

3.26. Executing CHECK pass (checking for obvious problems).
Checking module x1_y2_kimi...
Found and reported 0 problems.

4. Printing statistics.

=== x1_y2_kimi ===

   Number of wires:             153513
   Number of wire bits:         165566
   Number of public wires:         277
   Number of public wire bits:    6389
   Number of memories:               0
   Number of memory bits:            0
   Number of processes:              0
   Number of cells:             165391
     $_ANDNOT_                   63968
     $_AND_                       2450
     $_DFFE_PN0P_                 6211
     $_DFF_PN0_                      2
     $_MUX_                        154
     $_NAND_                      8713
     $_NOR_                       3576
     $_NOT_                       8231
     $_ORNOT_                     3859
     $_OR_                       22128
     $_XNOR_                     11683
     $_XOR_                      34416

Warnings: 1 unique messages, 1 total
End of script. Logfile hash: 02e521320c, CPU: user 35.03s system 1.05s, MEM: 727.20 MB peak
Yosys 0.33 (git sha1 2584903a060)
Time spent: 28% 1x abc (13 sec), 23% 25x opt_expr (11 sec), ...
