
 /----------------------------------------------------------------------------\
 |                                                                            |
 |  yosys -- Yosys Open SYnthesis Suite                                       |
 |                                                                            |
 |  Copyright (C) 2012 - 2020  Claire Xenia Wolf <claire@yosyshq.com>         |
 |                                                                            |
 |  Permission to use, copy, modify, and/or distribute this software for any  |
 |  purpose with or without fee is hereby granted, provided that the above    |
 |  copyright notice and this permission notice appear in all copies.         |
 |                                                                            |
 |  THE SOFTWARE IS PROVIDED "AS IS" AND THE AUTHOR DISCLAIMS ALL WARRANTIES  |
 |  WITH REGARD TO THIS SOFTWARE INCLUDING ALL IMPLIED WARRANTIES OF          |
 |  MERCHANTABILITY AND FITNESS. IN NO EVENT SHALL THE AUTHOR BE LIABLE FOR   |
 |  ANY SPECIAL, DIRECT, INDIRECT, OR CONSEQUENTIAL DAMAGES OR ANY DAMAGES    |
 |  WHATSOEVER RESULTING FROM LOSS OF USE, DATA OR PROFITS, WHETHER IN AN     |
 |  ACTION OF CONTRACT, NEGLIGENCE OR OTHER TORTIOUS ACTION, ARISING OUT OF   |
 |  OR IN CONNECTION WITH THE USE OR PERFORMANCE OF THIS SOFTWARE.            |
 |                                                                            |
 \----------------------------------------------------------------------------/

 Yosys 0.33 (git sha1 2584903a060)


-- Running command `read_verilog -sv experiments/x1/rtl/x1_y1_kimi.v; hierarchy -check -top x1_y1_kimi; synth -top x1_y1_kimi; dfflibmap -liberty /home/kit/OpenROAD-flow-scripts/flow/platforms/nangate45/lib/NangateOpenCellLibrary_typical.lib; abc -liberty /home/kit/OpenROAD-flow-scripts/flow/platforms/nangate45/lib/NangateOpenCellLibrary_typical.lib -D 5000; clean; stat -liberty /home/kit/OpenROAD-flow-scripts/flow/platforms/nangate45/lib/NangateOpenCellLibrary_typical.lib; write_verilog -noattr experiments/x1/build/x1_y1_synth.v' --

1. Executing Verilog-2005 frontend: experiments/x1/rtl/x1_y1_kimi.v
Parsing SystemVerilog input from `experiments/x1/rtl/x1_y1_kimi.v' to AST representation.
Generating RTLIL representation for module `\x1_y1_kimi'.
Warning: Replacing memory \accum with list of registers. See experiments/x1/rtl/x1_y1_kimi.v:72
Successfully finished Verilog frontend.

2. Executing HIERARCHY pass (managing design hierarchy).

2.1. Analyzing design hierarchy..
Top module:  \x1_y1_kimi

2.2. Analyzing design hierarchy..
Top module:  \x1_y1_kimi
Removed 0 unused modules.

3. Executing SYNTH pass.

3.1. Executing HIERARCHY pass (managing design hierarchy).

3.1.1. Analyzing design hierarchy..
Top module:  \x1_y1_kimi

3.1.2. Analyzing design hierarchy..
Top module:  \x1_y1_kimi
Removed 0 unused modules.

3.2. Executing PROC pass (convert processes to netlists).

3.2.1. Executing PROC_CLEAN pass (remove empty switches from decision trees).
Cleaned up 0 empty switches.

3.2.2. Executing PROC_RMDEAD pass (remove dead branches from decision trees).
Marked 6 switch rules as full_case in process $proc$experiments/x1/rtl/x1_y1_kimi.v:60$11 in module x1_y1_kimi.
Marked 1 switch rules as full_case in process $proc$experiments/x1/rtl/x1_y1_kimi.v:49$7 in module x1_y1_kimi.
Removed a total of 0 dead cases.

3.2.3. Executing PROC_PRUNE pass (remove redundant assignments in processes).
Removed 2 redundant assignments.
Promoted 10 assignments to connections.

3.2.4. Executing PROC_INIT pass (extract init attributes).

3.2.5. Executing PROC_ARST pass (detect async resets in processes).
Found async reset \rst_n in `\x1_y1_kimi.$proc$experiments/x1/rtl/x1_y1_kimi.v:60$11'.

3.2.6. Executing PROC_ROM pass (convert switches to ROMs).
Converted 0 switches.
<suppressed ~8 debug messages>

3.2.7. Executing PROC_MUX pass (convert decision trees to multiplexers).
Creating decoders for process `\x1_y1_kimi.$proc$experiments/x1/rtl/x1_y1_kimi.v:60$11'.
     1/283: $3\r[31:0]
     2/283: $3\c[31:0]
     3/283: $3\product[7:0]
     4/283: $3\weight_lane[3:0]
     5/283: $3\act_lane[3:0]
     6/283: $3\i[31:0]
     7/283: $2\i[31:0]
     8/283: $2\product[7:0]
     9/283: $2\weight_lane[3:0]
    10/283: $2\act_lane[3:0]
    11/283: $2\c[31:0]
    12/283: $2\r[31:0]
    13/283: $1\product[7:0]
    14/283: $1\weight_lane[3:0]
    15/283: $1\act_lane[3:0]
    16/283: $1\i[31:0]
    17/283: $1\c[31:0]
    18/283: $1\r[31:0]
    19/283: $0\done[0:0]
    20/283: $0\out_we[0:0]
    21/283: $0\accum[255][23:0]
    22/283: $0\accum[254][23:0]
    23/283: $0\accum[253][23:0]
    24/283: $0\accum[252][23:0]
    25/283: $0\accum[251][23:0]
    26/283: $0\accum[250][23:0]
    27/283: $0\accum[249][23:0]
    28/283: $0\accum[248][23:0]
    29/283: $0\accum[247][23:0]
    30/283: $0\accum[246][23:0]
    31/283: $0\accum[245][23:0]
    32/283: $0\accum[244][23:0]
    33/283: $0\accum[243][23:0]
    34/283: $0\accum[242][23:0]
    35/283: $0\accum[241][23:0]
    36/283: $0\accum[240][23:0]
    37/283: $0\accum[239][23:0]
    38/283: $0\accum[238][23:0]
    39/283: $0\accum[237][23:0]
    40/283: $0\accum[236][23:0]
    41/283: $0\accum[235][23:0]
    42/283: $0\accum[234][23:0]
    43/283: $0\accum[233][23:0]
    44/283: $0\accum[232][23:0]
    45/283: $0\accum[231][23:0]
    46/283: $0\accum[230][23:0]
    47/283: $0\accum[229][23:0]
    48/283: $0\accum[228][23:0]
    49/283: $0\accum[227][23:0]
    50/283: $0\accum[226][23:0]
    51/283: $0\accum[225][23:0]
    52/283: $0\accum[224][23:0]
    53/283: $0\accum[223][23:0]
    54/283: $0\accum[222][23:0]
    55/283: $0\accum[221][23:0]
    56/283: $0\accum[220][23:0]
    57/283: $0\accum[219][23:0]
    58/283: $0\accum[218][23:0]
    59/283: $0\accum[217][23:0]
    60/283: $0\accum[216][23:0]
    61/283: $0\accum[215][23:0]
    62/283: $0\accum[214][23:0]
    63/283: $0\accum[213][23:0]
    64/283: $0\accum[212][23:0]
    65/283: $0\accum[211][23:0]
    66/283: $0\accum[210][23:0]
    67/283: $0\accum[209][23:0]
    68/283: $0\accum[208][23:0]
    69/283: $0\accum[207][23:0]
    70/283: $0\accum[206][23:0]
    71/283: $0\accum[205][23:0]
    72/283: $0\accum[204][23:0]
    73/283: $0\accum[203][23:0]
    74/283: $0\accum[202][23:0]
    75/283: $0\accum[201][23:0]
    76/283: $0\accum[200][23:0]
    77/283: $0\accum[199][23:0]
    78/283: $0\accum[198][23:0]
    79/283: $0\accum[197][23:0]
    80/283: $0\accum[196][23:0]
    81/283: $0\accum[195][23:0]
    82/283: $0\accum[194][23:0]
    83/283: $0\accum[193][23:0]
    84/283: $0\accum[192][23:0]
    85/283: $0\accum[191][23:0]
    86/283: $0\accum[190][23:0]
    87/283: $0\accum[189][23:0]
    88/283: $0\accum[188][23:0]
    89/283: $0\accum[187][23:0]
    90/283: $0\accum[186][23:0]
    91/283: $0\accum[185][23:0]
    92/283: $0\accum[184][23:0]
    93/283: $0\accum[183][23:0]
    94/283: $0\accum[182][23:0]
    95/283: $0\accum[181][23:0]
    96/283: $0\accum[180][23:0]
    97/283: $0\accum[179][23:0]
    98/283: $0\accum[178][23:0]
    99/283: $0\accum[177][23:0]
   100/283: $0\accum[176][23:0]
   101/283: $0\accum[175][23:0]
   102/283: $0\accum[174][23:0]
   103/283: $0\accum[173][23:0]
   104/283: $0\accum[172][23:0]
   105/283: $0\accum[171][23:0]
   106/283: $0\accum[170][23:0]
   107/283: $0\accum[169][23:0]
   108/283: $0\accum[168][23:0]
   109/283: $0\accum[167][23:0]
   110/283: $0\accum[166][23:0]
   111/283: $0\accum[165][23:0]
   112/283: $0\accum[164][23:0]
   113/283: $0\accum[163][23:0]
   114/283: $0\accum[162][23:0]
   115/283: $0\accum[161][23:0]
   116/283: $0\accum[160][23:0]
   117/283: $0\accum[159][23:0]
   118/283: $0\accum[158][23:0]
   119/283: $0\accum[157][23:0]
   120/283: $0\accum[156][23:0]
   121/283: $0\accum[155][23:0]
   122/283: $0\accum[154][23:0]
   123/283: $0\accum[153][23:0]
   124/283: $0\accum[152][23:0]
   125/283: $0\accum[151][23:0]
   126/283: $0\accum[150][23:0]
   127/283: $0\accum[149][23:0]
   128/283: $0\accum[148][23:0]
   129/283: $0\accum[147][23:0]
   130/283: $0\accum[146][23:0]
   131/283: $0\accum[145][23:0]
   132/283: $0\accum[144][23:0]
   133/283: $0\accum[143][23:0]
   134/283: $0\accum[142][23:0]
   135/283: $0\accum[141][23:0]
   136/283: $0\accum[140][23:0]
   137/283: $0\accum[139][23:0]
   138/283: $0\accum[138][23:0]
   139/283: $0\accum[137][23:0]
   140/283: $0\accum[136][23:0]
   141/283: $0\accum[135][23:0]
   142/283: $0\accum[134][23:0]
   143/283: $0\accum[133][23:0]
   144/283: $0\accum[132][23:0]
   145/283: $0\accum[131][23:0]
   146/283: $0\accum[130][23:0]
   147/283: $0\accum[129][23:0]
   148/283: $0\accum[128][23:0]
   149/283: $0\accum[127][23:0]
   150/283: $0\accum[126][23:0]
   151/283: $0\accum[125][23:0]
   152/283: $0\accum[124][23:0]
   153/283: $0\accum[123][23:0]
   154/283: $0\accum[122][23:0]
   155/283: $0\accum[121][23:0]
   156/283: $0\accum[120][23:0]
   157/283: $0\accum[119][23:0]
   158/283: $0\accum[118][23:0]
   159/283: $0\accum[117][23:0]
   160/283: $0\accum[116][23:0]
   161/283: $0\accum[115][23:0]
   162/283: $0\accum[114][23:0]
   163/283: $0\accum[113][23:0]
   164/283: $0\accum[112][23:0]
   165/283: $0\accum[111][23:0]
   166/283: $0\accum[110][23:0]
   167/283: $0\accum[109][23:0]
   168/283: $0\accum[108][23:0]
   169/283: $0\accum[107][23:0]
   170/283: $0\accum[106][23:0]
   171/283: $0\accum[105][23:0]
   172/283: $0\accum[104][23:0]
   173/283: $0\accum[103][23:0]
   174/283: $0\accum[102][23:0]
   175/283: $0\accum[101][23:0]
   176/283: $0\accum[100][23:0]
   177/283: $0\accum[99][23:0]
   178/283: $0\accum[98][23:0]
   179/283: $0\accum[97][23:0]
   180/283: $0\accum[96][23:0]
   181/283: $0\accum[95][23:0]
   182/283: $0\accum[94][23:0]
   183/283: $0\accum[93][23:0]
   184/283: $0\accum[92][23:0]
   185/283: $0\accum[91][23:0]
   186/283: $0\accum[90][23:0]
   187/283: $0\accum[89][23:0]
   188/283: $0\accum[88][23:0]
   189/283: $0\accum[87][23:0]
   190/283: $0\accum[86][23:0]
   191/283: $0\accum[85][23:0]
   192/283: $0\accum[84][23:0]
   193/283: $0\accum[83][23:0]
   194/283: $0\accum[82][23:0]
   195/283: $0\accum[81][23:0]
   196/283: $0\accum[80][23:0]
   197/283: $0\accum[79][23:0]
   198/283: $0\accum[78][23:0]
   199/283: $0\accum[77][23:0]
   200/283: $0\accum[76][23:0]
   201/283: $0\accum[75][23:0]
   202/283: $0\accum[74][23:0]
   203/283: $0\accum[73][23:0]
   204/283: $0\accum[72][23:0]
   205/283: $0\accum[71][23:0]
   206/283: $0\accum[70][23:0]
   207/283: $0\accum[69][23:0]
   208/283: $0\accum[68][23:0]
   209/283: $0\accum[67][23:0]
   210/283: $0\accum[66][23:0]
   211/283: $0\accum[65][23:0]
   212/283: $0\accum[64][23:0]
   213/283: $0\accum[63][23:0]
   214/283: $0\accum[62][23:0]
   215/283: $0\accum[61][23:0]
   216/283: $0\accum[60][23:0]
   217/283: $0\accum[59][23:0]
   218/283: $0\accum[58][23:0]
   219/283: $0\accum[57][23:0]
   220/283: $0\accum[56][23:0]
   221/283: $0\accum[55][23:0]
   222/283: $0\accum[54][23:0]
   223/283: $0\accum[53][23:0]
   224/283: $0\accum[52][23:0]
   225/283: $0\accum[51][23:0]
   226/283: $0\accum[50][23:0]
   227/283: $0\accum[49][23:0]
   228/283: $0\accum[48][23:0]
   229/283: $0\accum[47][23:0]
   230/283: $0\accum[46][23:0]
   231/283: $0\accum[45][23:0]
   232/283: $0\accum[44][23:0]
   233/283: $0\accum[43][23:0]
   234/283: $0\accum[42][23:0]
   235/283: $0\accum[41][23:0]
   236/283: $0\accum[40][23:0]
   237/283: $0\accum[39][23:0]
   238/283: $0\accum[38][23:0]
   239/283: $0\accum[37][23:0]
   240/283: $0\accum[36][23:0]
   241/283: $0\accum[35][23:0]
   242/283: $0\accum[34][23:0]
   243/283: $0\accum[33][23:0]
   244/283: $0\accum[32][23:0]
   245/283: $0\accum[31][23:0]
   246/283: $0\accum[30][23:0]
   247/283: $0\accum[29][23:0]
   248/283: $0\accum[28][23:0]
   249/283: $0\accum[27][23:0]
   250/283: $0\accum[26][23:0]
   251/283: $0\accum[25][23:0]
   252/283: $0\accum[24][23:0]
   253/283: $0\accum[23][23:0]
   254/283: $0\accum[22][23:0]
   255/283: $0\accum[21][23:0]
   256/283: $0\accum[20][23:0]
   257/283: $0\accum[19][23:0]
   258/283: $0\accum[18][23:0]
   259/283: $0\accum[17][23:0]
   260/283: $0\accum[16][23:0]
   261/283: $0\accum[15][23:0]
   262/283: $0\accum[14][23:0]
   263/283: $0\accum[13][23:0]
   264/283: $0\accum[12][23:0]
   265/283: $0\accum[11][23:0]
   266/283: $0\accum[10][23:0]
   267/283: $0\accum[9][23:0]
   268/283: $0\accum[8][23:0]
   269/283: $0\accum[7][23:0]
   270/283: $0\accum[6][23:0]
   271/283: $0\accum[5][23:0]
   272/283: $0\accum[4][23:0]
   273/283: $0\accum[3][23:0]
   274/283: $0\accum[2][23:0]
   275/283: $0\accum[1][23:0]
   276/283: $0\accum[0][23:0]
   277/283: $0\drain_index[7:0]
   278/283: $0\read_valid[0:0]
   279/283: $0\consumed[11:0]
   280/283: $0\issued[11:0]
   281/283: $0\state[1:0]
   282/283: $0\out_wdata[23:0]
   283/283: $0\out_addr[13:0]
Creating decoders for process `\x1_y1_kimi.$proc$experiments/x1/rtl/x1_y1_kimi.v:49$7'.
     1/2: $1\weight_req[0:0]
     2/2: $1\act_req[0:0]

3.2.8. Executing PROC_DLATCH pass (convert process syncs to latches).
No latch inferred for signal `\x1_y1_kimi.\act_req' from process `\x1_y1_kimi.$proc$experiments/x1/rtl/x1_y1_kimi.v:49$7'.
No latch inferred for signal `\x1_y1_kimi.\act_addr' from process `\x1_y1_kimi.$proc$experiments/x1/rtl/x1_y1_kimi.v:49$7'.
No latch inferred for signal `\x1_y1_kimi.\weight_req' from process `\x1_y1_kimi.$proc$experiments/x1/rtl/x1_y1_kimi.v:49$7'.
No latch inferred for signal `\x1_y1_kimi.\weight_addr' from process `\x1_y1_kimi.$proc$experiments/x1/rtl/x1_y1_kimi.v:49$7'.

3.2.9. Executing PROC_DFF pass (convert process syncs to FFs).
Creating register for signal `\x1_y1_kimi.\out_we' using process `\x1_y1_kimi.$proc$experiments/x1/rtl/x1_y1_kimi.v:60$11'.
  created $adff cell `$procdff$3504' with positive edge clock and negative level reset.
Creating register for signal `\x1_y1_kimi.\out_addr' using process `\x1_y1_kimi.$proc$experiments/x1/rtl/x1_y1_kimi.v:60$11'.
  created $adff cell `$procdff$3505' with positive edge clock and negative level reset.
Creating register for signal `\x1_y1_kimi.\out_wdata' using process `\x1_y1_kimi.$proc$experiments/x1/rtl/x1_y1_kimi.v:60$11'.
  created $adff cell `$procdff$3506' with positive edge clock and negative level reset.
Creating register for signal `\x1_y1_kimi.\done' using process `\x1_y1_kimi.$proc$experiments/x1/rtl/x1_y1_kimi.v:60$11'.
  created $adff cell `$procdff$3507' with positive edge clock and negative level reset.
Creating register for signal `\x1_y1_kimi.\state' using process `\x1_y1_kimi.$proc$experiments/x1/rtl/x1_y1_kimi.v:60$11'.
  created $adff cell `$procdff$3508' with positive edge clock and negative level reset.
Creating register for signal `\x1_y1_kimi.\issued' using process `\x1_y1_kimi.$proc$experiments/x1/rtl/x1_y1_kimi.v:60$11'.
  created $adff cell `$procdff$3509' with positive edge clock and negative level reset.
Creating register for signal `\x1_y1_kimi.\consumed' using process `\x1_y1_kimi.$proc$experiments/x1/rtl/x1_y1_kimi.v:60$11'.
  created $adff cell `$procdff$3510' with positive edge clock and negative level reset.
Creating register for signal `\x1_y1_kimi.\read_valid' using process `\x1_y1_kimi.$proc$experiments/x1/rtl/x1_y1_kimi.v:60$11'.
  created $adff cell `$procdff$3511' with positive edge clock and negative level reset.
Creating register for signal `\x1_y1_kimi.\drain_index' using process `\x1_y1_kimi.$proc$experiments/x1/rtl/x1_y1_kimi.v:60$11'.
  created $adff cell `$procdff$3512' with positive edge clock and negative level reset.
Creating register for signal `\x1_y1_kimi.\r' using process `\x1_y1_kimi.$proc$experiments/x1/rtl/x1_y1_kimi.v:60$11'.
  created $dff cell `$procdff$3515' with positive edge clock.
Creating register for signal `\x1_y1_kimi.\c' using process `\x1_y1_kimi.$proc$experiments/x1/rtl/x1_y1_kimi.v:60$11'.
  created $dff cell `$procdff$3518' with positive edge clock.
Creating register for signal `\x1_y1_kimi.\i' using process `\x1_y1_kimi.$proc$experiments/x1/rtl/x1_y1_kimi.v:60$11'.
  created $adff cell `$procdff$3519' with positive edge clock and negative level reset.
Creating register for signal `\x1_y1_kimi.\act_lane' using process `\x1_y1_kimi.$proc$experiments/x1/rtl/x1_y1_kimi.v:60$11'.
  created $dff cell `$procdff$3522' with positive edge clock.
Creating register for signal `\x1_y1_kimi.\weight_lane' using process `\x1_y1_kimi.$proc$experiments/x1/rtl/x1_y1_kimi.v:60$11'.
  created $dff cell `$procdff$3525' with positive edge clock.
Creating register for signal `\x1_y1_kimi.\product' using process `\x1_y1_kimi.$proc$experiments/x1/rtl/x1_y1_kimi.v:60$11'.
  created $dff cell `$procdff$3528' with positive edge clock.
Creating register for signal `\x1_y1_kimi.\accum[0]' using process `\x1_y1_kimi.$proc$experiments/x1/rtl/x1_y1_kimi.v:60$11'.
  created $adff cell `$procdff$3529' with positive edge clock and negative level reset.
Creating register for signal `\x1_y1_kimi.\accum[1]' using process `\x1_y1_kimi.$proc$experiments/x1/rtl/x1_y1_kimi.v:60$11'.
  created $adff cell `$procdff$3530' with positive edge clock and negative level reset.
Creating register for signal `\x1_y1_kimi.\accum[2]' using process `\x1_y1_kimi.$proc$experiments/x1/rtl/x1_y1_kimi.v:60$11'.
  created $adff cell `$procdff$3531' with positive edge clock and negative level reset.
Creating register for signal `\x1_y1_kimi.\accum[3]' using process `\x1_y1_kimi.$proc$experiments/x1/rtl/x1_y1_kimi.v:60$11'.
  created $adff cell `$procdff$3532' with positive edge clock and negative level reset.
Creating register for signal `\x1_y1_kimi.\accum[4]' using process `\x1_y1_kimi.$proc$experiments/x1/rtl/x1_y1_kimi.v:60$11'.
  created $adff cell `$procdff$3533' with positive edge clock and negative level reset.
Creating register for signal `\x1_y1_kimi.\accum[5]' using process `\x1_y1_kimi.$proc$experiments/x1/rtl/x1_y1_kimi.v:60$11'.
  created $adff cell `$procdff$3534' with positive edge clock and negative level reset.
Creating register for signal `\x1_y1_kimi.\accum[6]' using process `\x1_y1_kimi.$proc$experiments/x1/rtl/x1_y1_kimi.v:60$11'.
  created $adff cell `$procdff$3535' with positive edge clock and negative level reset.
Creating register for signal `\x1_y1_kimi.\accum[7]' using process `\x1_y1_kimi.$proc$experiments/x1/rtl/x1_y1_kimi.v:60$11'.
  created $adff cell `$procdff$3536' with positive edge clock and negative level reset.
Creating register for signal `\x1_y1_kimi.\accum[8]' using process `\x1_y1_kimi.$proc$experiments/x1/rtl/x1_y1_kimi.v:60$11'.
  created $adff cell `$procdff$3537' with positive edge clock and negative level reset.
Creating register for signal `\x1_y1_kimi.\accum[9]' using process `\x1_y1_kimi.$proc$experiments/x1/rtl/x1_y1_kimi.v:60$11'.
  created $adff cell `$procdff$3538' with positive edge clock and negative level reset.
Creating register for signal `\x1_y1_kimi.\accum[10]' using process `\x1_y1_kimi.$proc$experiments/x1/rtl/x1_y1_kimi.v:60$11'.
  created $adff cell `$procdff$3539' with positive edge clock and negative level reset.
Creating register for signal `\x1_y1_kimi.\accum[11]' using process `\x1_y1_kimi.$proc$experiments/x1/rtl/x1_y1_kimi.v:60$11'.
  created $adff cell `$procdff$3540' with positive edge clock and negative level reset.
Creating register for signal `\x1_y1_kimi.\accum[12]' using process `\x1_y1_kimi.$proc$experiments/x1/rtl/x1_y1_kimi.v:60$11'.
  created $adff cell `$procdff$3541' with positive edge clock and negative level reset.
Creating register for signal `\x1_y1_kimi.\accum[13]' using process `\x1_y1_kimi.$proc$experiments/x1/rtl/x1_y1_kimi.v:60$11'.
  created $adff cell `$procdff$3542' with positive edge clock and negative level reset.
Creating register for signal `\x1_y1_kimi.\accum[14]' using process `\x1_y1_kimi.$proc$experiments/x1/rtl/x1_y1_kimi.v:60$11'.
  created $adff cell `$procdff$3543' with positive edge clock and negative level reset.
Creating register for signal `\x1_y1_kimi.\accum[15]' using process `\x1_y1_kimi.$proc$experiments/x1/rtl/x1_y1_kimi.v:60$11'.
  created $adff cell `$procdff$3544' with positive edge clock and negative level reset.
Creating register for signal `\x1_y1_kimi.\accum[16]' using process `\x1_y1_kimi.$proc$experiments/x1/rtl/x1_y1_kimi.v:60$11'.
  created $adff cell `$procdff$3545' with positive edge clock and negative level reset.
Creating register for signal `\x1_y1_kimi.\accum[17]' using process `\x1_y1_kimi.$proc$experiments/x1/rtl/x1_y1_kimi.v:60$11'.
  created $adff cell `$procdff$3546' with positive edge clock and negative level reset.
Creating register for signal `\x1_y1_kimi.\accum[18]' using process `\x1_y1_kimi.$proc$experiments/x1/rtl/x1_y1_kimi.v:60$11'.
  created $adff cell `$procdff$3547' with positive edge clock and negative level reset.
Creating register for signal `\x1_y1_kimi.\accum[19]' using process `\x1_y1_kimi.$proc$experiments/x1/rtl/x1_y1_kimi.v:60$11'.
  created $adff cell `$procdff$3548' with positive edge clock and negative level reset.
Creating register for signal `\x1_y1_kimi.\accum[20]' using process `\x1_y1_kimi.$proc$experiments/x1/rtl/x1_y1_kimi.v:60$11'.
  created $adff cell `$procdff$3549' with positive edge clock and negative level reset.
Creating register for signal `\x1_y1_kimi.\accum[21]' using process `\x1_y1_kimi.$proc$experiments/x1/rtl/x1_y1_kimi.v:60$11'.
  created $adff cell `$procdff$3550' with positive edge clock and negative level reset.
Creating register for signal `\x1_y1_kimi.\accum[22]' using process `\x1_y1_kimi.$proc$experiments/x1/rtl/x1_y1_kimi.v:60$11'.
  created $adff cell `$procdff$3551' with positive edge clock and negative level reset.
Creating register for signal `\x1_y1_kimi.\accum[23]' using process `\x1_y1_kimi.$proc$experiments/x1/rtl/x1_y1_kimi.v:60$11'.
  created $adff cell `$procdff$3552' with positive edge clock and negative level reset.
Creating register for signal `\x1_y1_kimi.\accum[24]' using process `\x1_y1_kimi.$proc$experiments/x1/rtl/x1_y1_kimi.v:60$11'.
  created $adff cell `$procdff$3553' with positive edge clock and negative level reset.
Creating register for signal `\x1_y1_kimi.\accum[25]' using process `\x1_y1_kimi.$proc$experiments/x1/rtl/x1_y1_kimi.v:60$11'.
  created $adff cell `$procdff$3554' with positive edge clock and negative level reset.
Creating register for signal `\x1_y1_kimi.\accum[26]' using process `\x1_y1_kimi.$proc$experiments/x1/rtl/x1_y1_kimi.v:60$11'.
  created $adff cell `$procdff$3555' with positive edge clock and negative level reset.
Creating register for signal `\x1_y1_kimi.\accum[27]' using process `\x1_y1_kimi.$proc$experiments/x1/rtl/x1_y1_kimi.v:60$11'.
  created $adff cell `$procdff$3556' with positive edge clock and negative level reset.
Creating register for signal `\x1_y1_kimi.\accum[28]' using process `\x1_y1_kimi.$proc$experiments/x1/rtl/x1_y1_kimi.v:60$11'.
  created $adff cell `$procdff$3557' with positive edge clock and negative level reset.
Creating register for signal `\x1_y1_kimi.\accum[29]' using process `\x1_y1_kimi.$proc$experiments/x1/rtl/x1_y1_kimi.v:60$11'.
  created $adff cell `$procdff$3558' with positive edge clock and negative level reset.
Creating register for signal `\x1_y1_kimi.\accum[30]' using process `\x1_y1_kimi.$proc$experiments/x1/rtl/x1_y1_kimi.v:60$11'.
  created $adff cell `$procdff$3559' with positive edge clock and negative level reset.
Creating register for signal `\x1_y1_kimi.\accum[31]' using process `\x1_y1_kimi.$proc$experiments/x1/rtl/x1_y1_kimi.v:60$11'.
  created $adff cell `$procdff$3560' with positive edge clock and negative level reset.
Creating register for signal `\x1_y1_kimi.\accum[32]' using process `\x1_y1_kimi.$proc$experiments/x1/rtl/x1_y1_kimi.v:60$11'.
  created $adff cell `$procdff$3561' with positive edge clock and negative level reset.
Creating register for signal `\x1_y1_kimi.\accum[33]' using process `\x1_y1_kimi.$proc$experiments/x1/rtl/x1_y1_kimi.v:60$11'.
  created $adff cell `$procdff$3562' with positive edge clock and negative level reset.
Creating register for signal `\x1_y1_kimi.\accum[34]' using process `\x1_y1_kimi.$proc$experiments/x1/rtl/x1_y1_kimi.v:60$11'.
  created $adff cell `$procdff$3563' with positive edge clock and negative level reset.
Creating register for signal `\x1_y1_kimi.\accum[35]' using process `\x1_y1_kimi.$proc$experiments/x1/rtl/x1_y1_kimi.v:60$11'.
  created $adff cell `$procdff$3564' with positive edge clock and negative level reset.
Creating register for signal `\x1_y1_kimi.\accum[36]' using process `\x1_y1_kimi.$proc$experiments/x1/rtl/x1_y1_kimi.v:60$11'.
  created $adff cell `$procdff$3565' with positive edge clock and negative level reset.
Creating register for signal `\x1_y1_kimi.\accum[37]' using process `\x1_y1_kimi.$proc$experiments/x1/rtl/x1_y1_kimi.v:60$11'.
  created $adff cell `$procdff$3566' with positive edge clock and negative level reset.
Creating register for signal `\x1_y1_kimi.\accum[38]' using process `\x1_y1_kimi.$proc$experiments/x1/rtl/x1_y1_kimi.v:60$11'.
  created $adff cell `$procdff$3567' with positive edge clock and negative level reset.
Creating register for signal `\x1_y1_kimi.\accum[39]' using process `\x1_y1_kimi.$proc$experiments/x1/rtl/x1_y1_kimi.v:60$11'.
  created $adff cell `$procdff$3568' with positive edge clock and negative level reset.
Creating register for signal `\x1_y1_kimi.\accum[40]' using process `\x1_y1_kimi.$proc$experiments/x1/rtl/x1_y1_kimi.v:60$11'.
  created $adff cell `$procdff$3569' with positive edge clock and negative level reset.
Creating register for signal `\x1_y1_kimi.\accum[41]' using process `\x1_y1_kimi.$proc$experiments/x1/rtl/x1_y1_kimi.v:60$11'.
  created $adff cell `$procdff$3570' with positive edge clock and negative level reset.
Creating register for signal `\x1_y1_kimi.\accum[42]' using process `\x1_y1_kimi.$proc$experiments/x1/rtl/x1_y1_kimi.v:60$11'.
  created $adff cell `$procdff$3571' with positive edge clock and negative level reset.
Creating register for signal `\x1_y1_kimi.\accum[43]' using process `\x1_y1_kimi.$proc$experiments/x1/rtl/x1_y1_kimi.v:60$11'.
  created $adff cell `$procdff$3572' with positive edge clock and negative level reset.
Creating register for signal `\x1_y1_kimi.\accum[44]' using process `\x1_y1_kimi.$proc$experiments/x1/rtl/x1_y1_kimi.v:60$11'.
  created $adff cell `$procdff$3573' with positive edge clock and negative level reset.
Creating register for signal `\x1_y1_kimi.\accum[45]' using process `\x1_y1_kimi.$proc$experiments/x1/rtl/x1_y1_kimi.v:60$11'.
  created $adff cell `$procdff$3574' with positive edge clock and negative level reset.
Creating register for signal `\x1_y1_kimi.\accum[46]' using process `\x1_y1_kimi.$proc$experiments/x1/rtl/x1_y1_kimi.v:60$11'.
  created $adff cell `$procdff$3575' with positive edge clock and negative level reset.
Creating register for signal `\x1_y1_kimi.\accum[47]' using process `\x1_y1_kimi.$proc$experiments/x1/rtl/x1_y1_kimi.v:60$11'.
  created $adff cell `$procdff$3576' with positive edge clock and negative level reset.
Creating register for signal `\x1_y1_kimi.\accum[48]' using process `\x1_y1_kimi.$proc$experiments/x1/rtl/x1_y1_kimi.v:60$11'.
  created $adff cell `$procdff$3577' with positive edge clock and negative level reset.
Creating register for signal `\x1_y1_kimi.\accum[49]' using process `\x1_y1_kimi.$proc$experiments/x1/rtl/x1_y1_kimi.v:60$11'.
  created $adff cell `$procdff$3578' with positive edge clock and negative level reset.
Creating register for signal `\x1_y1_kimi.\accum[50]' using process `\x1_y1_kimi.$proc$experiments/x1/rtl/x1_y1_kimi.v:60$11'.
  created $adff cell `$procdff$3579' with positive edge clock and negative level reset.
Creating register for signal `\x1_y1_kimi.\accum[51]' using process `\x1_y1_kimi.$proc$experiments/x1/rtl/x1_y1_kimi.v:60$11'.
  created $adff cell `$procdff$3580' with positive edge clock and negative level reset.
Creating register for signal `\x1_y1_kimi.\accum[52]' using process `\x1_y1_kimi.$proc$experiments/x1/rtl/x1_y1_kimi.v:60$11'.
  created $adff cell `$procdff$3581' with positive edge clock and negative level reset.
Creating register for signal `\x1_y1_kimi.\accum[53]' using process `\x1_y1_kimi.$proc$experiments/x1/rtl/x1_y1_kimi.v:60$11'.
  created $adff cell `$procdff$3582' with positive edge clock and negative level reset.
Creating register for signal `\x1_y1_kimi.\accum[54]' using process `\x1_y1_kimi.$proc$experiments/x1/rtl/x1_y1_kimi.v:60$11'.
  created $adff cell `$procdff$3583' with positive edge clock and negative level reset.
Creating register for signal `\x1_y1_kimi.\accum[55]' using process `\x1_y1_kimi.$proc$experiments/x1/rtl/x1_y1_kimi.v:60$11'.
  created $adff cell `$procdff$3584' with positive edge clock and negative level reset.
Creating register for signal `\x1_y1_kimi.\accum[56]' using process `\x1_y1_kimi.$proc$experiments/x1/rtl/x1_y1_kimi.v:60$11'.
  created $adff cell `$procdff$3585' with positive edge clock and negative level reset.
Creating register for signal `\x1_y1_kimi.\accum[57]' using process `\x1_y1_kimi.$proc$experiments/x1/rtl/x1_y1_kimi.v:60$11'.
  created $adff cell `$procdff$3586' with positive edge clock and negative level reset.
Creating register for signal `\x1_y1_kimi.\accum[58]' using process `\x1_y1_kimi.$proc$experiments/x1/rtl/x1_y1_kimi.v:60$11'.
  created $adff cell `$procdff$3587' with positive edge clock and negative level reset.
Creating register for signal `\x1_y1_kimi.\accum[59]' using process `\x1_y1_kimi.$proc$experiments/x1/rtl/x1_y1_kimi.v:60$11'.
  created $adff cell `$procdff$3588' with positive edge clock and negative level reset.
Creating register for signal `\x1_y1_kimi.\accum[60]' using process `\x1_y1_kimi.$proc$experiments/x1/rtl/x1_y1_kimi.v:60$11'.
  created $adff cell `$procdff$3589' with positive edge clock and negative level reset.
Creating register for signal `\x1_y1_kimi.\accum[61]' using process `\x1_y1_kimi.$proc$experiments/x1/rtl/x1_y1_kimi.v:60$11'.
  created $adff cell `$procdff$3590' with positive edge clock and negative level reset.
Creating register for signal `\x1_y1_kimi.\accum[62]' using process `\x1_y1_kimi.$proc$experiments/x1/rtl/x1_y1_kimi.v:60$11'.
  created $adff cell `$procdff$3591' with positive edge clock and negative level reset.
Creating register for signal `\x1_y1_kimi.\accum[63]' using process `\x1_y1_kimi.$proc$experiments/x1/rtl/x1_y1_kimi.v:60$11'.
  created $adff cell `$procdff$3592' with positive edge clock and negative level reset.
Creating register for signal `\x1_y1_kimi.\accum[64]' using process `\x1_y1_kimi.$proc$experiments/x1/rtl/x1_y1_kimi.v:60$11'.
  created $adff cell `$procdff$3593' with positive edge clock and negative level reset.
Creating register for signal `\x1_y1_kimi.\accum[65]' using process `\x1_y1_kimi.$proc$experiments/x1/rtl/x1_y1_kimi.v:60$11'.
  created $adff cell `$procdff$3594' with positive edge clock and negative level reset.
Creating register for signal `\x1_y1_kimi.\accum[66]' using process `\x1_y1_kimi.$proc$experiments/x1/rtl/x1_y1_kimi.v:60$11'.
  created $adff cell `$procdff$3595' with positive edge clock and negative level reset.
Creating register for signal `\x1_y1_kimi.\accum[67]' using process `\x1_y1_kimi.$proc$experiments/x1/rtl/x1_y1_kimi.v:60$11'.
  created $adff cell `$procdff$3596' with positive edge clock and negative level reset.
Creating register for signal `\x1_y1_kimi.\accum[68]' using process `\x1_y1_kimi.$proc$experiments/x1/rtl/x1_y1_kimi.v:60$11'.
  created $adff cell `$procdff$3597' with positive edge clock and negative level reset.
Creating register for signal `\x1_y1_kimi.\accum[69]' using process `\x1_y1_kimi.$proc$experiments/x1/rtl/x1_y1_kimi.v:60$11'.
  created $adff cell `$procdff$3598' with positive edge clock and negative level reset.
Creating register for signal `\x1_y1_kimi.\accum[70]' using process `\x1_y1_kimi.$proc$experiments/x1/rtl/x1_y1_kimi.v:60$11'.
  created $adff cell `$procdff$3599' with positive edge clock and negative level reset.
Creating register for signal `\x1_y1_kimi.\accum[71]' using process `\x1_y1_kimi.$proc$experiments/x1/rtl/x1_y1_kimi.v:60$11'.
  created $adff cell `$procdff$3600' with positive edge clock and negative level reset.
Creating register for signal `\x1_y1_kimi.\accum[72]' using process `\x1_y1_kimi.$proc$experiments/x1/rtl/x1_y1_kimi.v:60$11'.
  created $adff cell `$procdff$3601' with positive edge clock and negative level reset.
Creating register for signal `\x1_y1_kimi.\accum[73]' using process `\x1_y1_kimi.$proc$experiments/x1/rtl/x1_y1_kimi.v:60$11'.
  created $adff cell `$procdff$3602' with positive edge clock and negative level reset.
Creating register for signal `\x1_y1_kimi.\accum[74]' using process `\x1_y1_kimi.$proc$experiments/x1/rtl/x1_y1_kimi.v:60$11'.
  created $adff cell `$procdff$3603' with positive edge clock and negative level reset.
Creating register for signal `\x1_y1_kimi.\accum[75]' using process `\x1_y1_kimi.$proc$experiments/x1/rtl/x1_y1_kimi.v:60$11'.
  created $adff cell `$procdff$3604' with positive edge clock and negative level reset.
Creating register for signal `\x1_y1_kimi.\accum[76]' using process `\x1_y1_kimi.$proc$experiments/x1/rtl/x1_y1_kimi.v:60$11'.
  created $adff cell `$procdff$3605' with positive edge clock and negative level reset.
Creating register for signal `\x1_y1_kimi.\accum[77]' using process `\x1_y1_kimi.$proc$experiments/x1/rtl/x1_y1_kimi.v:60$11'.
  created $adff cell `$procdff$3606' with positive edge clock and negative level reset.
Creating register for signal `\x1_y1_kimi.\accum[78]' using process `\x1_y1_kimi.$proc$experiments/x1/rtl/x1_y1_kimi.v:60$11'.
  created $adff cell `$procdff$3607' with positive edge clock and negative level reset.
Creating register for signal `\x1_y1_kimi.\accum[79]' using process `\x1_y1_kimi.$proc$experiments/x1/rtl/x1_y1_kimi.v:60$11'.
  created $adff cell `$procdff$3608' with positive edge clock and negative level reset.
Creating register for signal `\x1_y1_kimi.\accum[80]' using process `\x1_y1_kimi.$proc$experiments/x1/rtl/x1_y1_kimi.v:60$11'.
  created $adff cell `$procdff$3609' with positive edge clock and negative level reset.
Creating register for signal `\x1_y1_kimi.\accum[81]' using process `\x1_y1_kimi.$proc$experiments/x1/rtl/x1_y1_kimi.v:60$11'.
  created $adff cell `$procdff$3610' with positive edge clock and negative level reset.
Creating register for signal `\x1_y1_kimi.\accum[82]' using process `\x1_y1_kimi.$proc$experiments/x1/rtl/x1_y1_kimi.v:60$11'.
  created $adff cell `$procdff$3611' with positive edge clock and negative level reset.
Creating register for signal `\x1_y1_kimi.\accum[83]' using process `\x1_y1_kimi.$proc$experiments/x1/rtl/x1_y1_kimi.v:60$11'.
  created $adff cell `$procdff$3612' with positive edge clock and negative level reset.
Creating register for signal `\x1_y1_kimi.\accum[84]' using process `\x1_y1_kimi.$proc$experiments/x1/rtl/x1_y1_kimi.v:60$11'.
  created $adff cell `$procdff$3613' with positive edge clock and negative level reset.
Creating register for signal `\x1_y1_kimi.\accum[85]' using process `\x1_y1_kimi.$proc$experiments/x1/rtl/x1_y1_kimi.v:60$11'.
  created $adff cell `$procdff$3614' with positive edge clock and negative level reset.
Creating register for signal `\x1_y1_kimi.\accum[86]' using process `\x1_y1_kimi.$proc$experiments/x1/rtl/x1_y1_kimi.v:60$11'.
  created $adff cell `$procdff$3615' with positive edge clock and negative level reset.
Creating register for signal `\x1_y1_kimi.\accum[87]' using process `\x1_y1_kimi.$proc$experiments/x1/rtl/x1_y1_kimi.v:60$11'.
  created $adff cell `$procdff$3616' with positive edge clock and negative level reset.
Creating register for signal `\x1_y1_kimi.\accum[88]' using process `\x1_y1_kimi.$proc$experiments/x1/rtl/x1_y1_kimi.v:60$11'.
  created $adff cell `$procdff$3617' with positive edge clock and negative level reset.
Creating register for signal `\x1_y1_kimi.\accum[89]' using process `\x1_y1_kimi.$proc$experiments/x1/rtl/x1_y1_kimi.v:60$11'.
  created $adff cell `$procdff$3618' with positive edge clock and negative level reset.
Creating register for signal `\x1_y1_kimi.\accum[90]' using process `\x1_y1_kimi.$proc$experiments/x1/rtl/x1_y1_kimi.v:60$11'.
  created $adff cell `$procdff$3619' with positive edge clock and negative level reset.
Creating register for signal `\x1_y1_kimi.\accum[91]' using process `\x1_y1_kimi.$proc$experiments/x1/rtl/x1_y1_kimi.v:60$11'.
  created $adff cell `$procdff$3620' with positive edge clock and negative level reset.
Creating register for signal `\x1_y1_kimi.\accum[92]' using process `\x1_y1_kimi.$proc$experiments/x1/rtl/x1_y1_kimi.v:60$11'.
  created $adff cell `$procdff$3621' with positive edge clock and negative level reset.
Creating register for signal `\x1_y1_kimi.\accum[93]' using process `\x1_y1_kimi.$proc$experiments/x1/rtl/x1_y1_kimi.v:60$11'.
  created $adff cell `$procdff$3622' with positive edge clock and negative level reset.
Creating register for signal `\x1_y1_kimi.\accum[94]' using process `\x1_y1_kimi.$proc$experiments/x1/rtl/x1_y1_kimi.v:60$11'.
  created $adff cell `$procdff$3623' with positive edge clock and negative level reset.
Creating register for signal `\x1_y1_kimi.\accum[95]' using process `\x1_y1_kimi.$proc$experiments/x1/rtl/x1_y1_kimi.v:60$11'.
  created $adff cell `$procdff$3624' with positive edge clock and negative level reset.
Creating register for signal `\x1_y1_kimi.\accum[96]' using process `\x1_y1_kimi.$proc$experiments/x1/rtl/x1_y1_kimi.v:60$11'.
  created $adff cell `$procdff$3625' with positive edge clock and negative level reset.
Creating register for signal `\x1_y1_kimi.\accum[97]' using process `\x1_y1_kimi.$proc$experiments/x1/rtl/x1_y1_kimi.v:60$11'.
  created $adff cell `$procdff$3626' with positive edge clock and negative level reset.
Creating register for signal `\x1_y1_kimi.\accum[98]' using process `\x1_y1_kimi.$proc$experiments/x1/rtl/x1_y1_kimi.v:60$11'.
  created $adff cell `$procdff$3627' with positive edge clock and negative level reset.
Creating register for signal `\x1_y1_kimi.\accum[99]' using process `\x1_y1_kimi.$proc$experiments/x1/rtl/x1_y1_kimi.v:60$11'.
  created $adff cell `$procdff$3628' with positive edge clock and negative level reset.
Creating register for signal `\x1_y1_kimi.\accum[100]' using process `\x1_y1_kimi.$proc$experiments/x1/rtl/x1_y1_kimi.v:60$11'.
  created $adff cell `$procdff$3629' with positive edge clock and negative level reset.
Creating register for signal `\x1_y1_kimi.\accum[101]' using process `\x1_y1_kimi.$proc$experiments/x1/rtl/x1_y1_kimi.v:60$11'.
  created $adff cell `$procdff$3630' with positive edge clock and negative level reset.
Creating register for signal `\x1_y1_kimi.\accum[102]' using process `\x1_y1_kimi.$proc$experiments/x1/rtl/x1_y1_kimi.v:60$11'.
  created $adff cell `$procdff$3631' with positive edge clock and negative level reset.
Creating register for signal `\x1_y1_kimi.\accum[103]' using process `\x1_y1_kimi.$proc$experiments/x1/rtl/x1_y1_kimi.v:60$11'.
  created $adff cell `$procdff$3632' with positive edge clock and negative level reset.
Creating register for signal `\x1_y1_kimi.\accum[104]' using process `\x1_y1_kimi.$proc$experiments/x1/rtl/x1_y1_kimi.v:60$11'.
  created $adff cell `$procdff$3633' with positive edge clock and negative level reset.
Creating register for signal `\x1_y1_kimi.\accum[105]' using process `\x1_y1_kimi.$proc$experiments/x1/rtl/x1_y1_kimi.v:60$11'.
  created $adff cell `$procdff$3634' with positive edge clock and negative level reset.
Creating register for signal `\x1_y1_kimi.\accum[106]' using process `\x1_y1_kimi.$proc$experiments/x1/rtl/x1_y1_kimi.v:60$11'.
  created $adff cell `$procdff$3635' with positive edge clock and negative level reset.
Creating register for signal `\x1_y1_kimi.\accum[107]' using process `\x1_y1_kimi.$proc$experiments/x1/rtl/x1_y1_kimi.v:60$11'.
  created $adff cell `$procdff$3636' with positive edge clock and negative level reset.
Creating register for signal `\x1_y1_kimi.\accum[108]' using process `\x1_y1_kimi.$proc$experiments/x1/rtl/x1_y1_kimi.v:60$11'.
  created $adff cell `$procdff$3637' with positive edge clock and negative level reset.
Creating register for signal `\x1_y1_kimi.\accum[109]' using process `\x1_y1_kimi.$proc$experiments/x1/rtl/x1_y1_kimi.v:60$11'.
  created $adff cell `$procdff$3638' with positive edge clock and negative level reset.
Creating register for signal `\x1_y1_kimi.\accum[110]' using process `\x1_y1_kimi.$proc$experiments/x1/rtl/x1_y1_kimi.v:60$11'.
  created $adff cell `$procdff$3639' with positive edge clock and negative level reset.
Creating register for signal `\x1_y1_kimi.\accum[111]' using process `\x1_y1_kimi.$proc$experiments/x1/rtl/x1_y1_kimi.v:60$11'.
  created $adff cell `$procdff$3640' with positive edge clock and negative level reset.
Creating register for signal `\x1_y1_kimi.\accum[112]' using process `\x1_y1_kimi.$proc$experiments/x1/rtl/x1_y1_kimi.v:60$11'.
  created $adff cell `$procdff$3641' with positive edge clock and negative level reset.
Creating register for signal `\x1_y1_kimi.\accum[113]' using process `\x1_y1_kimi.$proc$experiments/x1/rtl/x1_y1_kimi.v:60$11'.
  created $adff cell `$procdff$3642' with positive edge clock and negative level reset.
Creating register for signal `\x1_y1_kimi.\accum[114]' using process `\x1_y1_kimi.$proc$experiments/x1/rtl/x1_y1_kimi.v:60$11'.
  created $adff cell `$procdff$3643' with positive edge clock and negative level reset.
Creating register for signal `\x1_y1_kimi.\accum[115]' using process `\x1_y1_kimi.$proc$experiments/x1/rtl/x1_y1_kimi.v:60$11'.
  created $adff cell `$procdff$3644' with positive edge clock and negative level reset.
Creating register for signal `\x1_y1_kimi.\accum[116]' using process `\x1_y1_kimi.$proc$experiments/x1/rtl/x1_y1_kimi.v:60$11'.
  created $adff cell `$procdff$3645' with positive edge clock and negative level reset.
Creating register for signal `\x1_y1_kimi.\accum[117]' using process `\x1_y1_kimi.$proc$experiments/x1/rtl/x1_y1_kimi.v:60$11'.
  created $adff cell `$procdff$3646' with positive edge clock and negative level reset.
Creating register for signal `\x1_y1_kimi.\accum[118]' using process `\x1_y1_kimi.$proc$experiments/x1/rtl/x1_y1_kimi.v:60$11'.
  created $adff cell `$procdff$3647' with positive edge clock and negative level reset.
Creating register for signal `\x1_y1_kimi.\accum[119]' using process `\x1_y1_kimi.$proc$experiments/x1/rtl/x1_y1_kimi.v:60$11'.
  created $adff cell `$procdff$3648' with positive edge clock and negative level reset.
Creating register for signal `\x1_y1_kimi.\accum[120]' using process `\x1_y1_kimi.$proc$experiments/x1/rtl/x1_y1_kimi.v:60$11'.
  created $adff cell `$procdff$3649' with positive edge clock and negative level reset.
Creating register for signal `\x1_y1_kimi.\accum[121]' using process `\x1_y1_kimi.$proc$experiments/x1/rtl/x1_y1_kimi.v:60$11'.
  created $adff cell `$procdff$3650' with positive edge clock and negative level reset.
Creating register for signal `\x1_y1_kimi.\accum[122]' using process `\x1_y1_kimi.$proc$experiments/x1/rtl/x1_y1_kimi.v:60$11'.
  created $adff cell `$procdff$3651' with positive edge clock and negative level reset.
Creating register for signal `\x1_y1_kimi.\accum[123]' using process `\x1_y1_kimi.$proc$experiments/x1/rtl/x1_y1_kimi.v:60$11'.
  created $adff cell `$procdff$3652' with positive edge clock and negative level reset.
Creating register for signal `\x1_y1_kimi.\accum[124]' using process `\x1_y1_kimi.$proc$experiments/x1/rtl/x1_y1_kimi.v:60$11'.
  created $adff cell `$procdff$3653' with positive edge clock and negative level reset.
Creating register for signal `\x1_y1_kimi.\accum[125]' using process `\x1_y1_kimi.$proc$experiments/x1/rtl/x1_y1_kimi.v:60$11'.
  created $adff cell `$procdff$3654' with positive edge clock and negative level reset.
Creating register for signal `\x1_y1_kimi.\accum[126]' using process `\x1_y1_kimi.$proc$experiments/x1/rtl/x1_y1_kimi.v:60$11'.
  created $adff cell `$procdff$3655' with positive edge clock and negative level reset.
Creating register for signal `\x1_y1_kimi.\accum[127]' using process `\x1_y1_kimi.$proc$experiments/x1/rtl/x1_y1_kimi.v:60$11'.
  created $adff cell `$procdff$3656' with positive edge clock and negative level reset.
Creating register for signal `\x1_y1_kimi.\accum[128]' using process `\x1_y1_kimi.$proc$experiments/x1/rtl/x1_y1_kimi.v:60$11'.
  created $adff cell `$procdff$3657' with positive edge clock and negative level reset.
Creating register for signal `\x1_y1_kimi.\accum[129]' using process `\x1_y1_kimi.$proc$experiments/x1/rtl/x1_y1_kimi.v:60$11'.
  created $adff cell `$procdff$3658' with positive edge clock and negative level reset.
Creating register for signal `\x1_y1_kimi.\accum[130]' using process `\x1_y1_kimi.$proc$experiments/x1/rtl/x1_y1_kimi.v:60$11'.
  created $adff cell `$procdff$3659' with positive edge clock and negative level reset.
Creating register for signal `\x1_y1_kimi.\accum[131]' using process `\x1_y1_kimi.$proc$experiments/x1/rtl/x1_y1_kimi.v:60$11'.
  created $adff cell `$procdff$3660' with positive edge clock and negative level reset.
Creating register for signal `\x1_y1_kimi.\accum[132]' using process `\x1_y1_kimi.$proc$experiments/x1/rtl/x1_y1_kimi.v:60$11'.
  created $adff cell `$procdff$3661' with positive edge clock and negative level reset.
Creating register for signal `\x1_y1_kimi.\accum[133]' using process `\x1_y1_kimi.$proc$experiments/x1/rtl/x1_y1_kimi.v:60$11'.
  created $adff cell `$procdff$3662' with positive edge clock and negative level reset.
Creating register for signal `\x1_y1_kimi.\accum[134]' using process `\x1_y1_kimi.$proc$experiments/x1/rtl/x1_y1_kimi.v:60$11'.
  created $adff cell `$procdff$3663' with positive edge clock and negative level reset.
Creating register for signal `\x1_y1_kimi.\accum[135]' using process `\x1_y1_kimi.$proc$experiments/x1/rtl/x1_y1_kimi.v:60$11'.
  created $adff cell `$procdff$3664' with positive edge clock and negative level reset.
Creating register for signal `\x1_y1_kimi.\accum[136]' using process `\x1_y1_kimi.$proc$experiments/x1/rtl/x1_y1_kimi.v:60$11'.
  created $adff cell `$procdff$3665' with positive edge clock and negative level reset.
Creating register for signal `\x1_y1_kimi.\accum[137]' using process `\x1_y1_kimi.$proc$experiments/x1/rtl/x1_y1_kimi.v:60$11'.
  created $adff cell `$procdff$3666' with positive edge clock and negative level reset.
Creating register for signal `\x1_y1_kimi.\accum[138]' using process `\x1_y1_kimi.$proc$experiments/x1/rtl/x1_y1_kimi.v:60$11'.
  created $adff cell `$procdff$3667' with positive edge clock and negative level reset.
Creating register for signal `\x1_y1_kimi.\accum[139]' using process `\x1_y1_kimi.$proc$experiments/x1/rtl/x1_y1_kimi.v:60$11'.
  created $adff cell `$procdff$3668' with positive edge clock and negative level reset.
Creating register for signal `\x1_y1_kimi.\accum[140]' using process `\x1_y1_kimi.$proc$experiments/x1/rtl/x1_y1_kimi.v:60$11'.
  created $adff cell `$procdff$3669' with positive edge clock and negative level reset.
Creating register for signal `\x1_y1_kimi.\accum[141]' using process `\x1_y1_kimi.$proc$experiments/x1/rtl/x1_y1_kimi.v:60$11'.
  created $adff cell `$procdff$3670' with positive edge clock and negative level reset.
Creating register for signal `\x1_y1_kimi.\accum[142]' using process `\x1_y1_kimi.$proc$experiments/x1/rtl/x1_y1_kimi.v:60$11'.
  created $adff cell `$procdff$3671' with positive edge clock and negative level reset.
Creating register for signal `\x1_y1_kimi.\accum[143]' using process `\x1_y1_kimi.$proc$experiments/x1/rtl/x1_y1_kimi.v:60$11'.
  created $adff cell `$procdff$3672' with positive edge clock and negative level reset.
Creating register for signal `\x1_y1_kimi.\accum[144]' using process `\x1_y1_kimi.$proc$experiments/x1/rtl/x1_y1_kimi.v:60$11'.
  created $adff cell `$procdff$3673' with positive edge clock and negative level reset.
Creating register for signal `\x1_y1_kimi.\accum[145]' using process `\x1_y1_kimi.$proc$experiments/x1/rtl/x1_y1_kimi.v:60$11'.
  created $adff cell `$procdff$3674' with positive edge clock and negative level reset.
Creating register for signal `\x1_y1_kimi.\accum[146]' using process `\x1_y1_kimi.$proc$experiments/x1/rtl/x1_y1_kimi.v:60$11'.
  created $adff cell `$procdff$3675' with positive edge clock and negative level reset.
Creating register for signal `\x1_y1_kimi.\accum[147]' using process `\x1_y1_kimi.$proc$experiments/x1/rtl/x1_y1_kimi.v:60$11'.
  created $adff cell `$procdff$3676' with positive edge clock and negative level reset.
Creating register for signal `\x1_y1_kimi.\accum[148]' using process `\x1_y1_kimi.$proc$experiments/x1/rtl/x1_y1_kimi.v:60$11'.
  created $adff cell `$procdff$3677' with positive edge clock and negative level reset.
Creating register for signal `\x1_y1_kimi.\accum[149]' using process `\x1_y1_kimi.$proc$experiments/x1/rtl/x1_y1_kimi.v:60$11'.
  created $adff cell `$procdff$3678' with positive edge clock and negative level reset.
Creating register for signal `\x1_y1_kimi.\accum[150]' using process `\x1_y1_kimi.$proc$experiments/x1/rtl/x1_y1_kimi.v:60$11'.
  created $adff cell `$procdff$3679' with positive edge clock and negative level reset.
Creating register for signal `\x1_y1_kimi.\accum[151]' using process `\x1_y1_kimi.$proc$experiments/x1/rtl/x1_y1_kimi.v:60$11'.
  created $adff cell `$procdff$3680' with positive edge clock and negative level reset.
Creating register for signal `\x1_y1_kimi.\accum[152]' using process `\x1_y1_kimi.$proc$experiments/x1/rtl/x1_y1_kimi.v:60$11'.
  created $adff cell `$procdff$3681' with positive edge clock and negative level reset.
Creating register for signal `\x1_y1_kimi.\accum[153]' using process `\x1_y1_kimi.$proc$experiments/x1/rtl/x1_y1_kimi.v:60$11'.
  created $adff cell `$procdff$3682' with positive edge clock and negative level reset.
Creating register for signal `\x1_y1_kimi.\accum[154]' using process `\x1_y1_kimi.$proc$experiments/x1/rtl/x1_y1_kimi.v:60$11'.
  created $adff cell `$procdff$3683' with positive edge clock and negative level reset.
Creating register for signal `\x1_y1_kimi.\accum[155]' using process `\x1_y1_kimi.$proc$experiments/x1/rtl/x1_y1_kimi.v:60$11'.
  created $adff cell `$procdff$3684' with positive edge clock and negative level reset.
Creating register for signal `\x1_y1_kimi.\accum[156]' using process `\x1_y1_kimi.$proc$experiments/x1/rtl/x1_y1_kimi.v:60$11'.
  created $adff cell `$procdff$3685' with positive edge clock and negative level reset.
Creating register for signal `\x1_y1_kimi.\accum[157]' using process `\x1_y1_kimi.$proc$experiments/x1/rtl/x1_y1_kimi.v:60$11'.
  created $adff cell `$procdff$3686' with positive edge clock and negative level reset.
Creating register for signal `\x1_y1_kimi.\accum[158]' using process `\x1_y1_kimi.$proc$experiments/x1/rtl/x1_y1_kimi.v:60$11'.
  created $adff cell `$procdff$3687' with positive edge clock and negative level reset.
Creating register for signal `\x1_y1_kimi.\accum[159]' using process `\x1_y1_kimi.$proc$experiments/x1/rtl/x1_y1_kimi.v:60$11'.
  created $adff cell `$procdff$3688' with positive edge clock and negative level reset.
Creating register for signal `\x1_y1_kimi.\accum[160]' using process `\x1_y1_kimi.$proc$experiments/x1/rtl/x1_y1_kimi.v:60$11'.
  created $adff cell `$procdff$3689' with positive edge clock and negative level reset.
Creating register for signal `\x1_y1_kimi.\accum[161]' using process `\x1_y1_kimi.$proc$experiments/x1/rtl/x1_y1_kimi.v:60$11'.
  created $adff cell `$procdff$3690' with positive edge clock and negative level reset.
Creating register for signal `\x1_y1_kimi.\accum[162]' using process `\x1_y1_kimi.$proc$experiments/x1/rtl/x1_y1_kimi.v:60$11'.
  created $adff cell `$procdff$3691' with positive edge clock and negative level reset.
Creating register for signal `\x1_y1_kimi.\accum[163]' using process `\x1_y1_kimi.$proc$experiments/x1/rtl/x1_y1_kimi.v:60$11'.
  created $adff cell `$procdff$3692' with positive edge clock and negative level reset.
Creating register for signal `\x1_y1_kimi.\accum[164]' using process `\x1_y1_kimi.$proc$experiments/x1/rtl/x1_y1_kimi.v:60$11'.
  created $adff cell `$procdff$3693' with positive edge clock and negative level reset.
Creating register for signal `\x1_y1_kimi.\accum[165]' using process `\x1_y1_kimi.$proc$experiments/x1/rtl/x1_y1_kimi.v:60$11'.
  created $adff cell `$procdff$3694' with positive edge clock and negative level reset.
Creating register for signal `\x1_y1_kimi.\accum[166]' using process `\x1_y1_kimi.$proc$experiments/x1/rtl/x1_y1_kimi.v:60$11'.
  created $adff cell `$procdff$3695' with positive edge clock and negative level reset.
Creating register for signal `\x1_y1_kimi.\accum[167]' using process `\x1_y1_kimi.$proc$experiments/x1/rtl/x1_y1_kimi.v:60$11'.
  created $adff cell `$procdff$3696' with positive edge clock and negative level reset.
Creating register for signal `\x1_y1_kimi.\accum[168]' using process `\x1_y1_kimi.$proc$experiments/x1/rtl/x1_y1_kimi.v:60$11'.
  created $adff cell `$procdff$3697' with positive edge clock and negative level reset.
Creating register for signal `\x1_y1_kimi.\accum[169]' using process `\x1_y1_kimi.$proc$experiments/x1/rtl/x1_y1_kimi.v:60$11'.
  created $adff cell `$procdff$3698' with positive edge clock and negative level reset.
Creating register for signal `\x1_y1_kimi.\accum[170]' using process `\x1_y1_kimi.$proc$experiments/x1/rtl/x1_y1_kimi.v:60$11'.
  created $adff cell `$procdff$3699' with positive edge clock and negative level reset.
Creating register for signal `\x1_y1_kimi.\accum[171]' using process `\x1_y1_kimi.$proc$experiments/x1/rtl/x1_y1_kimi.v:60$11'.
  created $adff cell `$procdff$3700' with positive edge clock and negative level reset.
Creating register for signal `\x1_y1_kimi.\accum[172]' using process `\x1_y1_kimi.$proc$experiments/x1/rtl/x1_y1_kimi.v:60$11'.
  created $adff cell `$procdff$3701' with positive edge clock and negative level reset.
Creating register for signal `\x1_y1_kimi.\accum[173]' using process `\x1_y1_kimi.$proc$experiments/x1/rtl/x1_y1_kimi.v:60$11'.
  created $adff cell `$procdff$3702' with positive edge clock and negative level reset.
Creating register for signal `\x1_y1_kimi.\accum[174]' using process `\x1_y1_kimi.$proc$experiments/x1/rtl/x1_y1_kimi.v:60$11'.
  created $adff cell `$procdff$3703' with positive edge clock and negative level reset.
Creating register for signal `\x1_y1_kimi.\accum[175]' using process `\x1_y1_kimi.$proc$experiments/x1/rtl/x1_y1_kimi.v:60$11'.
  created $adff cell `$procdff$3704' with positive edge clock and negative level reset.
Creating register for signal `\x1_y1_kimi.\accum[176]' using process `\x1_y1_kimi.$proc$experiments/x1/rtl/x1_y1_kimi.v:60$11'.
  created $adff cell `$procdff$3705' with positive edge clock and negative level reset.
Creating register for signal `\x1_y1_kimi.\accum[177]' using process `\x1_y1_kimi.$proc$experiments/x1/rtl/x1_y1_kimi.v:60$11'.
  created $adff cell `$procdff$3706' with positive edge clock and negative level reset.
Creating register for signal `\x1_y1_kimi.\accum[178]' using process `\x1_y1_kimi.$proc$experiments/x1/rtl/x1_y1_kimi.v:60$11'.
  created $adff cell `$procdff$3707' with positive edge clock and negative level reset.
Creating register for signal `\x1_y1_kimi.\accum[179]' using process `\x1_y1_kimi.$proc$experiments/x1/rtl/x1_y1_kimi.v:60$11'.
  created $adff cell `$procdff$3708' with positive edge clock and negative level reset.
Creating register for signal `\x1_y1_kimi.\accum[180]' using process `\x1_y1_kimi.$proc$experiments/x1/rtl/x1_y1_kimi.v:60$11'.
  created $adff cell `$procdff$3709' with positive edge clock and negative level reset.
Creating register for signal `\x1_y1_kimi.\accum[181]' using process `\x1_y1_kimi.$proc$experiments/x1/rtl/x1_y1_kimi.v:60$11'.
  created $adff cell `$procdff$3710' with positive edge clock and negative level reset.
Creating register for signal `\x1_y1_kimi.\accum[182]' using process `\x1_y1_kimi.$proc$experiments/x1/rtl/x1_y1_kimi.v:60$11'.
  created $adff cell `$procdff$3711' with positive edge clock and negative level reset.
Creating register for signal `\x1_y1_kimi.\accum[183]' using process `\x1_y1_kimi.$proc$experiments/x1/rtl/x1_y1_kimi.v:60$11'.
  created $adff cell `$procdff$3712' with positive edge clock and negative level reset.
Creating register for signal `\x1_y1_kimi.\accum[184]' using process `\x1_y1_kimi.$proc$experiments/x1/rtl/x1_y1_kimi.v:60$11'.
  created $adff cell `$procdff$3713' with positive edge clock and negative level reset.
Creating register for signal `\x1_y1_kimi.\accum[185]' using process `\x1_y1_kimi.$proc$experiments/x1/rtl/x1_y1_kimi.v:60$11'.
  created $adff cell `$procdff$3714' with positive edge clock and negative level reset.
Creating register for signal `\x1_y1_kimi.\accum[186]' using process `\x1_y1_kimi.$proc$experiments/x1/rtl/x1_y1_kimi.v:60$11'.
  created $adff cell `$procdff$3715' with positive edge clock and negative level reset.
Creating register for signal `\x1_y1_kimi.\accum[187]' using process `\x1_y1_kimi.$proc$experiments/x1/rtl/x1_y1_kimi.v:60$11'.
  created $adff cell `$procdff$3716' with positive edge clock and negative level reset.
Creating register for signal `\x1_y1_kimi.\accum[188]' using process `\x1_y1_kimi.$proc$experiments/x1/rtl/x1_y1_kimi.v:60$11'.
  created $adff cell `$procdff$3717' with positive edge clock and negative level reset.
Creating register for signal `\x1_y1_kimi.\accum[189]' using process `\x1_y1_kimi.$proc$experiments/x1/rtl/x1_y1_kimi.v:60$11'.
  created $adff cell `$procdff$3718' with positive edge clock and negative level reset.
Creating register for signal `\x1_y1_kimi.\accum[190]' using process `\x1_y1_kimi.$proc$experiments/x1/rtl/x1_y1_kimi.v:60$11'.
  created $adff cell `$procdff$3719' with positive edge clock and negative level reset.
Creating register for signal `\x1_y1_kimi.\accum[191]' using process `\x1_y1_kimi.$proc$experiments/x1/rtl/x1_y1_kimi.v:60$11'.
  created $adff cell `$procdff$3720' with positive edge clock and negative level reset.
Creating register for signal `\x1_y1_kimi.\accum[192]' using process `\x1_y1_kimi.$proc$experiments/x1/rtl/x1_y1_kimi.v:60$11'.
  created $adff cell `$procdff$3721' with positive edge clock and negative level reset.
Creating register for signal `\x1_y1_kimi.\accum[193]' using process `\x1_y1_kimi.$proc$experiments/x1/rtl/x1_y1_kimi.v:60$11'.
  created $adff cell `$procdff$3722' with positive edge clock and negative level reset.
Creating register for signal `\x1_y1_kimi.\accum[194]' using process `\x1_y1_kimi.$proc$experiments/x1/rtl/x1_y1_kimi.v:60$11'.
  created $adff cell `$procdff$3723' with positive edge clock and negative level reset.
Creating register for signal `\x1_y1_kimi.\accum[195]' using process `\x1_y1_kimi.$proc$experiments/x1/rtl/x1_y1_kimi.v:60$11'.
  created $adff cell `$procdff$3724' with positive edge clock and negative level reset.
Creating register for signal `\x1_y1_kimi.\accum[196]' using process `\x1_y1_kimi.$proc$experiments/x1/rtl/x1_y1_kimi.v:60$11'.
  created $adff cell `$procdff$3725' with positive edge clock and negative level reset.
Creating register for signal `\x1_y1_kimi.\accum[197]' using process `\x1_y1_kimi.$proc$experiments/x1/rtl/x1_y1_kimi.v:60$11'.
  created $adff cell `$procdff$3726' with positive edge clock and negative level reset.
Creating register for signal `\x1_y1_kimi.\accum[198]' using process `\x1_y1_kimi.$proc$experiments/x1/rtl/x1_y1_kimi.v:60$11'.
  created $adff cell `$procdff$3727' with positive edge clock and negative level reset.
Creating register for signal `\x1_y1_kimi.\accum[199]' using process `\x1_y1_kimi.$proc$experiments/x1/rtl/x1_y1_kimi.v:60$11'.
  created $adff cell `$procdff$3728' with positive edge clock and negative level reset.
Creating register for signal `\x1_y1_kimi.\accum[200]' using process `\x1_y1_kimi.$proc$experiments/x1/rtl/x1_y1_kimi.v:60$11'.
  created $adff cell `$procdff$3729' with positive edge clock and negative level reset.
Creating register for signal `\x1_y1_kimi.\accum[201]' using process `\x1_y1_kimi.$proc$experiments/x1/rtl/x1_y1_kimi.v:60$11'.
  created $adff cell `$procdff$3730' with positive edge clock and negative level reset.
Creating register for signal `\x1_y1_kimi.\accum[202]' using process `\x1_y1_kimi.$proc$experiments/x1/rtl/x1_y1_kimi.v:60$11'.
  created $adff cell `$procdff$3731' with positive edge clock and negative level reset.
Creating register for signal `\x1_y1_kimi.\accum[203]' using process `\x1_y1_kimi.$proc$experiments/x1/rtl/x1_y1_kimi.v:60$11'.
  created $adff cell `$procdff$3732' with positive edge clock and negative level reset.
Creating register for signal `\x1_y1_kimi.\accum[204]' using process `\x1_y1_kimi.$proc$experiments/x1/rtl/x1_y1_kimi.v:60$11'.
  created $adff cell `$procdff$3733' with positive edge clock and negative level reset.
Creating register for signal `\x1_y1_kimi.\accum[205]' using process `\x1_y1_kimi.$proc$experiments/x1/rtl/x1_y1_kimi.v:60$11'.
  created $adff cell `$procdff$3734' with positive edge clock and negative level reset.
Creating register for signal `\x1_y1_kimi.\accum[206]' using process `\x1_y1_kimi.$proc$experiments/x1/rtl/x1_y1_kimi.v:60$11'.
  created $adff cell `$procdff$3735' with positive edge clock and negative level reset.
Creating register for signal `\x1_y1_kimi.\accum[207]' using process `\x1_y1_kimi.$proc$experiments/x1/rtl/x1_y1_kimi.v:60$11'.
  created $adff cell `$procdff$3736' with positive edge clock and negative level reset.
Creating register for signal `\x1_y1_kimi.\accum[208]' using process `\x1_y1_kimi.$proc$experiments/x1/rtl/x1_y1_kimi.v:60$11'.
  created $adff cell `$procdff$3737' with positive edge clock and negative level reset.
Creating register for signal `\x1_y1_kimi.\accum[209]' using process `\x1_y1_kimi.$proc$experiments/x1/rtl/x1_y1_kimi.v:60$11'.
  created $adff cell `$procdff$3738' with positive edge clock and negative level reset.
Creating register for signal `\x1_y1_kimi.\accum[210]' using process `\x1_y1_kimi.$proc$experiments/x1/rtl/x1_y1_kimi.v:60$11'.
  created $adff cell `$procdff$3739' with positive edge clock and negative level reset.
Creating register for signal `\x1_y1_kimi.\accum[211]' using process `\x1_y1_kimi.$proc$experiments/x1/rtl/x1_y1_kimi.v:60$11'.
  created $adff cell `$procdff$3740' with positive edge clock and negative level reset.
Creating register for signal `\x1_y1_kimi.\accum[212]' using process `\x1_y1_kimi.$proc$experiments/x1/rtl/x1_y1_kimi.v:60$11'.
  created $adff cell `$procdff$3741' with positive edge clock and negative level reset.
Creating register for signal `\x1_y1_kimi.\accum[213]' using process `\x1_y1_kimi.$proc$experiments/x1/rtl/x1_y1_kimi.v:60$11'.
  created $adff cell `$procdff$3742' with positive edge clock and negative level reset.
Creating register for signal `\x1_y1_kimi.\accum[214]' using process `\x1_y1_kimi.$proc$experiments/x1/rtl/x1_y1_kimi.v:60$11'.
  created $adff cell `$procdff$3743' with positive edge clock and negative level reset.
Creating register for signal `\x1_y1_kimi.\accum[215]' using process `\x1_y1_kimi.$proc$experiments/x1/rtl/x1_y1_kimi.v:60$11'.
  created $adff cell `$procdff$3744' with positive edge clock and negative level reset.
Creating register for signal `\x1_y1_kimi.\accum[216]' using process `\x1_y1_kimi.$proc$experiments/x1/rtl/x1_y1_kimi.v:60$11'.
  created $adff cell `$procdff$3745' with positive edge clock and negative level reset.
Creating register for signal `\x1_y1_kimi.\accum[217]' using process `\x1_y1_kimi.$proc$experiments/x1/rtl/x1_y1_kimi.v:60$11'.
  created $adff cell `$procdff$3746' with positive edge clock and negative level reset.
Creating register for signal `\x1_y1_kimi.\accum[218]' using process `\x1_y1_kimi.$proc$experiments/x1/rtl/x1_y1_kimi.v:60$11'.
  created $adff cell `$procdff$3747' with positive edge clock and negative level reset.
Creating register for signal `\x1_y1_kimi.\accum[219]' using process `\x1_y1_kimi.$proc$experiments/x1/rtl/x1_y1_kimi.v:60$11'.
  created $adff cell `$procdff$3748' with positive edge clock and negative level reset.
Creating register for signal `\x1_y1_kimi.\accum[220]' using process `\x1_y1_kimi.$proc$experiments/x1/rtl/x1_y1_kimi.v:60$11'.
  created $adff cell `$procdff$3749' with positive edge clock and negative level reset.
Creating register for signal `\x1_y1_kimi.\accum[221]' using process `\x1_y1_kimi.$proc$experiments/x1/rtl/x1_y1_kimi.v:60$11'.
  created $adff cell `$procdff$3750' with positive edge clock and negative level reset.
Creating register for signal `\x1_y1_kimi.\accum[222]' using process `\x1_y1_kimi.$proc$experiments/x1/rtl/x1_y1_kimi.v:60$11'.
  created $adff cell `$procdff$3751' with positive edge clock and negative level reset.
Creating register for signal `\x1_y1_kimi.\accum[223]' using process `\x1_y1_kimi.$proc$experiments/x1/rtl/x1_y1_kimi.v:60$11'.
  created $adff cell `$procdff$3752' with positive edge clock and negative level reset.
Creating register for signal `\x1_y1_kimi.\accum[224]' using process `\x1_y1_kimi.$proc$experiments/x1/rtl/x1_y1_kimi.v:60$11'.
  created $adff cell `$procdff$3753' with positive edge clock and negative level reset.
Creating register for signal `\x1_y1_kimi.\accum[225]' using process `\x1_y1_kimi.$proc$experiments/x1/rtl/x1_y1_kimi.v:60$11'.
  created $adff cell `$procdff$3754' with positive edge clock and negative level reset.
Creating register for signal `\x1_y1_kimi.\accum[226]' using process `\x1_y1_kimi.$proc$experiments/x1/rtl/x1_y1_kimi.v:60$11'.
  created $adff cell `$procdff$3755' with positive edge clock and negative level reset.
Creating register for signal `\x1_y1_kimi.\accum[227]' using process `\x1_y1_kimi.$proc$experiments/x1/rtl/x1_y1_kimi.v:60$11'.
  created $adff cell `$procdff$3756' with positive edge clock and negative level reset.
Creating register for signal `\x1_y1_kimi.\accum[228]' using process `\x1_y1_kimi.$proc$experiments/x1/rtl/x1_y1_kimi.v:60$11'.
  created $adff cell `$procdff$3757' with positive edge clock and negative level reset.
Creating register for signal `\x1_y1_kimi.\accum[229]' using process `\x1_y1_kimi.$proc$experiments/x1/rtl/x1_y1_kimi.v:60$11'.
  created $adff cell `$procdff$3758' with positive edge clock and negative level reset.
Creating register for signal `\x1_y1_kimi.\accum[230]' using process `\x1_y1_kimi.$proc$experiments/x1/rtl/x1_y1_kimi.v:60$11'.
  created $adff cell `$procdff$3759' with positive edge clock and negative level reset.
Creating register for signal `\x1_y1_kimi.\accum[231]' using process `\x1_y1_kimi.$proc$experiments/x1/rtl/x1_y1_kimi.v:60$11'.
  created $adff cell `$procdff$3760' with positive edge clock and negative level reset.
Creating register for signal `\x1_y1_kimi.\accum[232]' using process `\x1_y1_kimi.$proc$experiments/x1/rtl/x1_y1_kimi.v:60$11'.
  created $adff cell `$procdff$3761' with positive edge clock and negative level reset.
Creating register for signal `\x1_y1_kimi.\accum[233]' using process `\x1_y1_kimi.$proc$experiments/x1/rtl/x1_y1_kimi.v:60$11'.
  created $adff cell `$procdff$3762' with positive edge clock and negative level reset.
Creating register for signal `\x1_y1_kimi.\accum[234]' using process `\x1_y1_kimi.$proc$experiments/x1/rtl/x1_y1_kimi.v:60$11'.
  created $adff cell `$procdff$3763' with positive edge clock and negative level reset.
Creating register for signal `\x1_y1_kimi.\accum[235]' using process `\x1_y1_kimi.$proc$experiments/x1/rtl/x1_y1_kimi.v:60$11'.
  created $adff cell `$procdff$3764' with positive edge clock and negative level reset.
Creating register for signal `\x1_y1_kimi.\accum[236]' using process `\x1_y1_kimi.$proc$experiments/x1/rtl/x1_y1_kimi.v:60$11'.
  created $adff cell `$procdff$3765' with positive edge clock and negative level reset.
Creating register for signal `\x1_y1_kimi.\accum[237]' using process `\x1_y1_kimi.$proc$experiments/x1/rtl/x1_y1_kimi.v:60$11'.
  created $adff cell `$procdff$3766' with positive edge clock and negative level reset.
Creating register for signal `\x1_y1_kimi.\accum[238]' using process `\x1_y1_kimi.$proc$experiments/x1/rtl/x1_y1_kimi.v:60$11'.
  created $adff cell `$procdff$3767' with positive edge clock and negative level reset.
Creating register for signal `\x1_y1_kimi.\accum[239]' using process `\x1_y1_kimi.$proc$experiments/x1/rtl/x1_y1_kimi.v:60$11'.
  created $adff cell `$procdff$3768' with positive edge clock and negative level reset.
Creating register for signal `\x1_y1_kimi.\accum[240]' using process `\x1_y1_kimi.$proc$experiments/x1/rtl/x1_y1_kimi.v:60$11'.
  created $adff cell `$procdff$3769' with positive edge clock and negative level reset.
Creating register for signal `\x1_y1_kimi.\accum[241]' using process `\x1_y1_kimi.$proc$experiments/x1/rtl/x1_y1_kimi.v:60$11'.
  created $adff cell `$procdff$3770' with positive edge clock and negative level reset.
Creating register for signal `\x1_y1_kimi.\accum[242]' using process `\x1_y1_kimi.$proc$experiments/x1/rtl/x1_y1_kimi.v:60$11'.
  created $adff cell `$procdff$3771' with positive edge clock and negative level reset.
Creating register for signal `\x1_y1_kimi.\accum[243]' using process `\x1_y1_kimi.$proc$experiments/x1/rtl/x1_y1_kimi.v:60$11'.
  created $adff cell `$procdff$3772' with positive edge clock and negative level reset.
Creating register for signal `\x1_y1_kimi.\accum[244]' using process `\x1_y1_kimi.$proc$experiments/x1/rtl/x1_y1_kimi.v:60$11'.
  created $adff cell `$procdff$3773' with positive edge clock and negative level reset.
Creating register for signal `\x1_y1_kimi.\accum[245]' using process `\x1_y1_kimi.$proc$experiments/x1/rtl/x1_y1_kimi.v:60$11'.
  created $adff cell `$procdff$3774' with positive edge clock and negative level reset.
Creating register for signal `\x1_y1_kimi.\accum[246]' using process `\x1_y1_kimi.$proc$experiments/x1/rtl/x1_y1_kimi.v:60$11'.
  created $adff cell `$procdff$3775' with positive edge clock and negative level reset.
Creating register for signal `\x1_y1_kimi.\accum[247]' using process `\x1_y1_kimi.$proc$experiments/x1/rtl/x1_y1_kimi.v:60$11'.
  created $adff cell `$procdff$3776' with positive edge clock and negative level reset.
Creating register for signal `\x1_y1_kimi.\accum[248]' using process `\x1_y1_kimi.$proc$experiments/x1/rtl/x1_y1_kimi.v:60$11'.
  created $adff cell `$procdff$3777' with positive edge clock and negative level reset.
Creating register for signal `\x1_y1_kimi.\accum[249]' using process `\x1_y1_kimi.$proc$experiments/x1/rtl/x1_y1_kimi.v:60$11'.
  created $adff cell `$procdff$3778' with positive edge clock and negative level reset.
Creating register for signal `\x1_y1_kimi.\accum[250]' using process `\x1_y1_kimi.$proc$experiments/x1/rtl/x1_y1_kimi.v:60$11'.
  created $adff cell `$procdff$3779' with positive edge clock and negative level reset.
Creating register for signal `\x1_y1_kimi.\accum[251]' using process `\x1_y1_kimi.$proc$experiments/x1/rtl/x1_y1_kimi.v:60$11'.
  created $adff cell `$procdff$3780' with positive edge clock and negative level reset.
Creating register for signal `\x1_y1_kimi.\accum[252]' using process `\x1_y1_kimi.$proc$experiments/x1/rtl/x1_y1_kimi.v:60$11'.
  created $adff cell `$procdff$3781' with positive edge clock and negative level reset.
Creating register for signal `\x1_y1_kimi.\accum[253]' using process `\x1_y1_kimi.$proc$experiments/x1/rtl/x1_y1_kimi.v:60$11'.
  created $adff cell `$procdff$3782' with positive edge clock and negative level reset.
Creating register for signal `\x1_y1_kimi.\accum[254]' using process `\x1_y1_kimi.$proc$experiments/x1/rtl/x1_y1_kimi.v:60$11'.
  created $adff cell `$procdff$3783' with positive edge clock and negative level reset.
Creating register for signal `\x1_y1_kimi.\accum[255]' using process `\x1_y1_kimi.$proc$experiments/x1/rtl/x1_y1_kimi.v:60$11'.
  created $adff cell `$procdff$3784' with positive edge clock and negative level reset.

3.2.10. Executing PROC_MEMWR pass (convert process memory writes to cells).

3.2.11. Executing PROC_CLEAN pass (remove empty switches from decision trees).
Found and cleaned up 7 empty switches in `\x1_y1_kimi.$proc$experiments/x1/rtl/x1_y1_kimi.v:60$11'.
Removing empty process `x1_y1_kimi.$proc$experiments/x1/rtl/x1_y1_kimi.v:60$11'.
Found and cleaned up 1 empty switch in `\x1_y1_kimi.$proc$experiments/x1/rtl/x1_y1_kimi.v:49$7'.
Removing empty process `x1_y1_kimi.$proc$experiments/x1/rtl/x1_y1_kimi.v:49$7'.
Cleaned up 8 empty switches.

3.2.12. Executing OPT_EXPR pass (perform const folding).
Optimizing module x1_y1_kimi.
<suppressed ~265 debug messages>

3.3. Executing OPT_EXPR pass (perform const folding).
Optimizing module x1_y1_kimi.

3.4. Executing OPT_CLEAN pass (remove unused cells and wires).
Finding unused cells or wires in module \x1_y1_kimi..
Removed 43 unused cells and 877 unused wires.
<suppressed ~50 debug messages>

3.5. Executing CHECK pass (checking for obvious problems).
Checking module x1_y1_kimi...
Found and reported 0 problems.

3.6. Executing OPT pass (performing simple optimizations).

3.6.1. Executing OPT_EXPR pass (perform const folding).
Optimizing module x1_y1_kimi.

3.6.2. Executing OPT_MERGE pass (detect identical cells).
Finding identical cells in module `\x1_y1_kimi'.
<suppressed ~2349 debug messages>
Removed a total of 783 cells.

3.6.3. Executing OPT_MUXTREE pass (detect dead branches in mux trees).
Running muxtree optimizer on module \x1_y1_kimi..
  Creating internal representation of mux trees.
  Evaluating internal representation of mux trees.
  Analyzing evaluation results.
Removed 0 multiplexer ports.
<suppressed ~267 debug messages>

3.6.4. Executing OPT_REDUCE pass (consolidate $*mux and $reduce_* inputs).
  Optimizing cells in module \x1_y1_kimi.
Performed a total of 0 changes.

3.6.5. Executing OPT_MERGE pass (detect identical cells).
Finding identical cells in module `\x1_y1_kimi'.
<suppressed ~3 debug messages>
Removed a total of 1 cells.

3.6.6. Executing OPT_DFF pass (perform DFF optimizations).

3.6.7. Executing OPT_CLEAN pass (remove unused cells and wires).
Finding unused cells or wires in module \x1_y1_kimi..
Removed 0 unused cells and 783 unused wires.
<suppressed ~1 debug messages>

3.6.8. Executing OPT_EXPR pass (perform const folding).
Optimizing module x1_y1_kimi.
<suppressed ~1 debug messages>

3.6.9. Rerunning OPT passes. (Maybe there is more to do..)

3.6.10. Executing OPT_MUXTREE pass (detect dead branches in mux trees).
Running muxtree optimizer on module \x1_y1_kimi..
  Creating internal representation of mux trees.
  Evaluating internal representation of mux trees.
  Analyzing evaluation results.
Removed 0 multiplexer ports.
<suppressed ~266 debug messages>

3.6.11. Executing OPT_REDUCE pass (consolidate $*mux and $reduce_* inputs).
  Optimizing cells in module \x1_y1_kimi.
Performed a total of 0 changes.

3.6.12. Executing OPT_MERGE pass (detect identical cells).
Finding identical cells in module `\x1_y1_kimi'.
Removed a total of 0 cells.

3.6.13. Executing OPT_DFF pass (perform DFF optimizations).

3.6.14. Executing OPT_CLEAN pass (remove unused cells and wires).
Finding unused cells or wires in module \x1_y1_kimi..
Removed 0 unused cells and 1 unused wires.
<suppressed ~1 debug messages>

3.6.15. Executing OPT_EXPR pass (perform const folding).
Optimizing module x1_y1_kimi.

3.6.16. Rerunning OPT passes. (Maybe there is more to do..)

3.6.17. Executing OPT_MUXTREE pass (detect dead branches in mux trees).
Running muxtree optimizer on module \x1_y1_kimi..
  Creating internal representation of mux trees.
  Evaluating internal representation of mux trees.
  Analyzing evaluation results.
Removed 0 multiplexer ports.
<suppressed ~266 debug messages>

3.6.18. Executing OPT_REDUCE pass (consolidate $*mux and $reduce_* inputs).
  Optimizing cells in module \x1_y1_kimi.
Performed a total of 0 changes.

3.6.19. Executing OPT_MERGE pass (detect identical cells).
Finding identical cells in module `\x1_y1_kimi'.
Removed a total of 0 cells.

3.6.20. Executing OPT_DFF pass (perform DFF optimizations).

3.6.21. Executing OPT_CLEAN pass (remove unused cells and wires).
Finding unused cells or wires in module \x1_y1_kimi..

3.6.22. Executing OPT_EXPR pass (perform const folding).
Optimizing module x1_y1_kimi.

3.6.23. Finished OPT passes. (There is nothing left to do.)

3.7. Executing FSM pass (extract and optimize FSM).

3.7.1. Executing FSM_DETECT pass (finding FSMs in design).
Not marking x1_y1_kimi.state as FSM state register:
    Users of register don't seem to benefit from recoding.
    Circuit seems to be self-resetting.

3.7.2. Executing FSM_EXTRACT pass (extracting FSM from design).

3.7.3. Executing FSM_OPT pass (simple optimizations of FSMs).

3.7.4. Executing OPT_CLEAN pass (remove unused cells and wires).
Finding unused cells or wires in module \x1_y1_kimi..

3.7.5. Executing FSM_OPT pass (simple optimizations of FSMs).

3.7.6. Executing FSM_RECODE pass (re-assigning FSM state encoding).

3.7.7. Executing FSM_INFO pass (dumping all available information on FSM cells).

3.7.8. Executing FSM_MAP pass (mapping FSMs to basic logic).

3.8. Executing OPT pass (performing simple optimizations).

3.8.1. Executing OPT_EXPR pass (perform const folding).
Optimizing module x1_y1_kimi.

3.8.2. Executing OPT_MERGE pass (detect identical cells).
Finding identical cells in module `\x1_y1_kimi'.
Removed a total of 0 cells.

3.8.3. Executing OPT_MUXTREE pass (detect dead branches in mux trees).
Running muxtree optimizer on module \x1_y1_kimi..
  Creating internal representation of mux trees.
  Evaluating internal representation of mux trees.
  Analyzing evaluation results.
Removed 0 multiplexer ports.
<suppressed ~266 debug messages>

3.8.4. Executing OPT_REDUCE pass (consolidate $*mux and $reduce_* inputs).
  Optimizing cells in module \x1_y1_kimi.
Performed a total of 0 changes.

3.8.5. Executing OPT_MERGE pass (detect identical cells).
Finding identical cells in module `\x1_y1_kimi'.
Removed a total of 0 cells.

3.8.6. Executing OPT_DFF pass (perform DFF optimizations).
Adding EN signal on $procdff$3784 ($adff) from module x1_y1_kimi (D = $0\accum[255][23:0], Q = \accum[255]).
Adding EN signal on $procdff$3783 ($adff) from module x1_y1_kimi (D = $0\accum[254][23:0], Q = \accum[254]).
Adding EN signal on $procdff$3782 ($adff) from module x1_y1_kimi (D = $0\accum[253][23:0], Q = \accum[253]).
Adding EN signal on $procdff$3781 ($adff) from module x1_y1_kimi (D = $0\accum[252][23:0], Q = \accum[252]).
Adding EN signal on $procdff$3780 ($adff) from module x1_y1_kimi (D = $0\accum[251][23:0], Q = \accum[251]).
Adding EN signal on $procdff$3779 ($adff) from module x1_y1_kimi (D = $0\accum[250][23:0], Q = \accum[250]).
Adding EN signal on $procdff$3778 ($adff) from module x1_y1_kimi (D = $0\accum[249][23:0], Q = \accum[249]).
Adding EN signal on $procdff$3777 ($adff) from module x1_y1_kimi (D = $0\accum[248][23:0], Q = \accum[248]).
Adding EN signal on $procdff$3776 ($adff) from module x1_y1_kimi (D = $0\accum[247][23:0], Q = \accum[247]).
Adding EN signal on $procdff$3775 ($adff) from module x1_y1_kimi (D = $0\accum[246][23:0], Q = \accum[246]).
Adding EN signal on $procdff$3774 ($adff) from module x1_y1_kimi (D = $0\accum[245][23:0], Q = \accum[245]).
Adding EN signal on $procdff$3773 ($adff) from module x1_y1_kimi (D = $0\accum[244][23:0], Q = \accum[244]).
Adding EN signal on $procdff$3772 ($adff) from module x1_y1_kimi (D = $0\accum[243][23:0], Q = \accum[243]).
Adding EN signal on $procdff$3771 ($adff) from module x1_y1_kimi (D = $0\accum[242][23:0], Q = \accum[242]).
Adding EN signal on $procdff$3770 ($adff) from module x1_y1_kimi (D = $0\accum[241][23:0], Q = \accum[241]).
Adding EN signal on $procdff$3769 ($adff) from module x1_y1_kimi (D = $0\accum[240][23:0], Q = \accum[240]).
Adding EN signal on $procdff$3768 ($adff) from module x1_y1_kimi (D = $0\accum[239][23:0], Q = \accum[239]).
Adding EN signal on $procdff$3767 ($adff) from module x1_y1_kimi (D = $0\accum[238][23:0], Q = \accum[238]).
Adding EN signal on $procdff$3766 ($adff) from module x1_y1_kimi (D = $0\accum[237][23:0], Q = \accum[237]).
Adding EN signal on $procdff$3765 ($adff) from module x1_y1_kimi (D = $0\accum[236][23:0], Q = \accum[236]).
Adding EN signal on $procdff$3764 ($adff) from module x1_y1_kimi (D = $0\accum[235][23:0], Q = \accum[235]).
Adding EN signal on $procdff$3763 ($adff) from module x1_y1_kimi (D = $0\accum[234][23:0], Q = \accum[234]).
Adding EN signal on $procdff$3762 ($adff) from module x1_y1_kimi (D = $0\accum[233][23:0], Q = \accum[233]).
Adding EN signal on $procdff$3761 ($adff) from module x1_y1_kimi (D = $0\accum[232][23:0], Q = \accum[232]).
Adding EN signal on $procdff$3760 ($adff) from module x1_y1_kimi (D = $0\accum[231][23:0], Q = \accum[231]).
Adding EN signal on $procdff$3759 ($adff) from module x1_y1_kimi (D = $0\accum[230][23:0], Q = \accum[230]).
Adding EN signal on $procdff$3758 ($adff) from module x1_y1_kimi (D = $0\accum[229][23:0], Q = \accum[229]).
Adding EN signal on $procdff$3757 ($adff) from module x1_y1_kimi (D = $0\accum[228][23:0], Q = \accum[228]).
Adding EN signal on $procdff$3756 ($adff) from module x1_y1_kimi (D = $0\accum[227][23:0], Q = \accum[227]).
Adding EN signal on $procdff$3755 ($adff) from module x1_y1_kimi (D = $0\accum[226][23:0], Q = \accum[226]).
Adding EN signal on $procdff$3754 ($adff) from module x1_y1_kimi (D = $0\accum[225][23:0], Q = \accum[225]).
Adding EN signal on $procdff$3753 ($adff) from module x1_y1_kimi (D = $0\accum[224][23:0], Q = \accum[224]).
Adding EN signal on $procdff$3752 ($adff) from module x1_y1_kimi (D = $0\accum[223][23:0], Q = \accum[223]).
Adding EN signal on $procdff$3751 ($adff) from module x1_y1_kimi (D = $0\accum[222][23:0], Q = \accum[222]).
Adding EN signal on $procdff$3750 ($adff) from module x1_y1_kimi (D = $0\accum[221][23:0], Q = \accum[221]).
Adding EN signal on $procdff$3749 ($adff) from module x1_y1_kimi (D = $0\accum[220][23:0], Q = \accum[220]).
Adding EN signal on $procdff$3748 ($adff) from module x1_y1_kimi (D = $0\accum[219][23:0], Q = \accum[219]).
Adding EN signal on $procdff$3747 ($adff) from module x1_y1_kimi (D = $0\accum[218][23:0], Q = \accum[218]).
Adding EN signal on $procdff$3746 ($adff) from module x1_y1_kimi (D = $0\accum[217][23:0], Q = \accum[217]).
Adding EN signal on $procdff$3745 ($adff) from module x1_y1_kimi (D = $0\accum[216][23:0], Q = \accum[216]).
Adding EN signal on $procdff$3744 ($adff) from module x1_y1_kimi (D = $0\accum[215][23:0], Q = \accum[215]).
Adding EN signal on $procdff$3743 ($adff) from module x1_y1_kimi (D = $0\accum[214][23:0], Q = \accum[214]).
Adding EN signal on $procdff$3742 ($adff) from module x1_y1_kimi (D = $0\accum[213][23:0], Q = \accum[213]).
Adding EN signal on $procdff$3741 ($adff) from module x1_y1_kimi (D = $0\accum[212][23:0], Q = \accum[212]).
Adding EN signal on $procdff$3740 ($adff) from module x1_y1_kimi (D = $0\accum[211][23:0], Q = \accum[211]).
Adding EN signal on $procdff$3739 ($adff) from module x1_y1_kimi (D = $0\accum[210][23:0], Q = \accum[210]).
Adding EN signal on $procdff$3738 ($adff) from module x1_y1_kimi (D = $0\accum[209][23:0], Q = \accum[209]).
Adding EN signal on $procdff$3737 ($adff) from module x1_y1_kimi (D = $0\accum[208][23:0], Q = \accum[208]).
Adding EN signal on $procdff$3736 ($adff) from module x1_y1_kimi (D = $0\accum[207][23:0], Q = \accum[207]).
Adding EN signal on $procdff$3735 ($adff) from module x1_y1_kimi (D = $0\accum[206][23:0], Q = \accum[206]).
Adding EN signal on $procdff$3734 ($adff) from module x1_y1_kimi (D = $0\accum[205][23:0], Q = \accum[205]).
Adding EN signal on $procdff$3733 ($adff) from module x1_y1_kimi (D = $0\accum[204][23:0], Q = \accum[204]).
Adding EN signal on $procdff$3732 ($adff) from module x1_y1_kimi (D = $0\accum[203][23:0], Q = \accum[203]).
Adding EN signal on $procdff$3731 ($adff) from module x1_y1_kimi (D = $0\accum[202][23:0], Q = \accum[202]).
Adding EN signal on $procdff$3730 ($adff) from module x1_y1_kimi (D = $0\accum[201][23:0], Q = \accum[201]).
Adding EN signal on $procdff$3729 ($adff) from module x1_y1_kimi (D = $0\accum[200][23:0], Q = \accum[200]).
Adding EN signal on $procdff$3728 ($adff) from module x1_y1_kimi (D = $0\accum[199][23:0], Q = \accum[199]).
Adding EN signal on $procdff$3727 ($adff) from module x1_y1_kimi (D = $0\accum[198][23:0], Q = \accum[198]).
Adding EN signal on $procdff$3726 ($adff) from module x1_y1_kimi (D = $0\accum[197][23:0], Q = \accum[197]).
Adding EN signal on $procdff$3725 ($adff) from module x1_y1_kimi (D = $0\accum[196][23:0], Q = \accum[196]).
Adding EN signal on $procdff$3724 ($adff) from module x1_y1_kimi (D = $0\accum[195][23:0], Q = \accum[195]).
Adding EN signal on $procdff$3723 ($adff) from module x1_y1_kimi (D = $0\accum[194][23:0], Q = \accum[194]).
Adding EN signal on $procdff$3722 ($adff) from module x1_y1_kimi (D = $0\accum[193][23:0], Q = \accum[193]).
Adding EN signal on $procdff$3721 ($adff) from module x1_y1_kimi (D = $0\accum[192][23:0], Q = \accum[192]).
Adding EN signal on $procdff$3720 ($adff) from module x1_y1_kimi (D = $0\accum[191][23:0], Q = \accum[191]).
Adding EN signal on $procdff$3719 ($adff) from module x1_y1_kimi (D = $0\accum[190][23:0], Q = \accum[190]).
Adding EN signal on $procdff$3718 ($adff) from module x1_y1_kimi (D = $0\accum[189][23:0], Q = \accum[189]).
Adding EN signal on $procdff$3717 ($adff) from module x1_y1_kimi (D = $0\accum[188][23:0], Q = \accum[188]).
Adding EN signal on $procdff$3716 ($adff) from module x1_y1_kimi (D = $0\accum[187][23:0], Q = \accum[187]).
Adding EN signal on $procdff$3715 ($adff) from module x1_y1_kimi (D = $0\accum[186][23:0], Q = \accum[186]).
Adding EN signal on $procdff$3714 ($adff) from module x1_y1_kimi (D = $0\accum[185][23:0], Q = \accum[185]).
Adding EN signal on $procdff$3713 ($adff) from module x1_y1_kimi (D = $0\accum[184][23:0], Q = \accum[184]).
Adding EN signal on $procdff$3712 ($adff) from module x1_y1_kimi (D = $0\accum[183][23:0], Q = \accum[183]).
Adding EN signal on $procdff$3711 ($adff) from module x1_y1_kimi (D = $0\accum[182][23:0], Q = \accum[182]).
Adding EN signal on $procdff$3710 ($adff) from module x1_y1_kimi (D = $0\accum[181][23:0], Q = \accum[181]).
Adding EN signal on $procdff$3709 ($adff) from module x1_y1_kimi (D = $0\accum[180][23:0], Q = \accum[180]).
Adding EN signal on $procdff$3708 ($adff) from module x1_y1_kimi (D = $0\accum[179][23:0], Q = \accum[179]).
Adding EN signal on $procdff$3707 ($adff) from module x1_y1_kimi (D = $0\accum[178][23:0], Q = \accum[178]).
Adding EN signal on $procdff$3706 ($adff) from module x1_y1_kimi (D = $0\accum[177][23:0], Q = \accum[177]).
Adding EN signal on $procdff$3705 ($adff) from module x1_y1_kimi (D = $0\accum[176][23:0], Q = \accum[176]).
Adding EN signal on $procdff$3704 ($adff) from module x1_y1_kimi (D = $0\accum[175][23:0], Q = \accum[175]).
Adding EN signal on $procdff$3703 ($adff) from module x1_y1_kimi (D = $0\accum[174][23:0], Q = \accum[174]).
Adding EN signal on $procdff$3702 ($adff) from module x1_y1_kimi (D = $0\accum[173][23:0], Q = \accum[173]).
Adding EN signal on $procdff$3701 ($adff) from module x1_y1_kimi (D = $0\accum[172][23:0], Q = \accum[172]).
Adding EN signal on $procdff$3700 ($adff) from module x1_y1_kimi (D = $0\accum[171][23:0], Q = \accum[171]).
Adding EN signal on $procdff$3699 ($adff) from module x1_y1_kimi (D = $0\accum[170][23:0], Q = \accum[170]).
Adding EN signal on $procdff$3698 ($adff) from module x1_y1_kimi (D = $0\accum[169][23:0], Q = \accum[169]).
Adding EN signal on $procdff$3697 ($adff) from module x1_y1_kimi (D = $0\accum[168][23:0], Q = \accum[168]).
Adding EN signal on $procdff$3696 ($adff) from module x1_y1_kimi (D = $0\accum[167][23:0], Q = \accum[167]).
Adding EN signal on $procdff$3695 ($adff) from module x1_y1_kimi (D = $0\accum[166][23:0], Q = \accum[166]).
Adding EN signal on $procdff$3694 ($adff) from module x1_y1_kimi (D = $0\accum[165][23:0], Q = \accum[165]).
Adding EN signal on $procdff$3693 ($adff) from module x1_y1_kimi (D = $0\accum[164][23:0], Q = \accum[164]).
Adding EN signal on $procdff$3692 ($adff) from module x1_y1_kimi (D = $0\accum[163][23:0], Q = \accum[163]).
Adding EN signal on $procdff$3691 ($adff) from module x1_y1_kimi (D = $0\accum[162][23:0], Q = \accum[162]).
Adding EN signal on $procdff$3690 ($adff) from module x1_y1_kimi (D = $0\accum[161][23:0], Q = \accum[161]).
Adding EN signal on $procdff$3689 ($adff) from module x1_y1_kimi (D = $0\accum[160][23:0], Q = \accum[160]).
Adding EN signal on $procdff$3688 ($adff) from module x1_y1_kimi (D = $0\accum[159][23:0], Q = \accum[159]).
Adding EN signal on $procdff$3687 ($adff) from module x1_y1_kimi (D = $0\accum[158][23:0], Q = \accum[158]).
Adding EN signal on $procdff$3686 ($adff) from module x1_y1_kimi (D = $0\accum[157][23:0], Q = \accum[157]).
Adding EN signal on $procdff$3685 ($adff) from module x1_y1_kimi (D = $0\accum[156][23:0], Q = \accum[156]).
Adding EN signal on $procdff$3684 ($adff) from module x1_y1_kimi (D = $0\accum[155][23:0], Q = \accum[155]).
Adding EN signal on $procdff$3683 ($adff) from module x1_y1_kimi (D = $0\accum[154][23:0], Q = \accum[154]).
Adding EN signal on $procdff$3682 ($adff) from module x1_y1_kimi (D = $0\accum[153][23:0], Q = \accum[153]).
Adding EN signal on $procdff$3681 ($adff) from module x1_y1_kimi (D = $0\accum[152][23:0], Q = \accum[152]).
Adding EN signal on $procdff$3680 ($adff) from module x1_y1_kimi (D = $0\accum[151][23:0], Q = \accum[151]).
Adding EN signal on $procdff$3679 ($adff) from module x1_y1_kimi (D = $0\accum[150][23:0], Q = \accum[150]).
Adding EN signal on $procdff$3678 ($adff) from module x1_y1_kimi (D = $0\accum[149][23:0], Q = \accum[149]).
Adding EN signal on $procdff$3677 ($adff) from module x1_y1_kimi (D = $0\accum[148][23:0], Q = \accum[148]).
Adding EN signal on $procdff$3676 ($adff) from module x1_y1_kimi (D = $0\accum[147][23:0], Q = \accum[147]).
Adding EN signal on $procdff$3675 ($adff) from module x1_y1_kimi (D = $0\accum[146][23:0], Q = \accum[146]).
Adding EN signal on $procdff$3674 ($adff) from module x1_y1_kimi (D = $0\accum[145][23:0], Q = \accum[145]).
Adding EN signal on $procdff$3673 ($adff) from module x1_y1_kimi (D = $0\accum[144][23:0], Q = \accum[144]).
Adding EN signal on $procdff$3672 ($adff) from module x1_y1_kimi (D = $0\accum[143][23:0], Q = \accum[143]).
Adding EN signal on $procdff$3671 ($adff) from module x1_y1_kimi (D = $0\accum[142][23:0], Q = \accum[142]).
Adding EN signal on $procdff$3670 ($adff) from module x1_y1_kimi (D = $0\accum[141][23:0], Q = \accum[141]).
Adding EN signal on $procdff$3669 ($adff) from module x1_y1_kimi (D = $0\accum[140][23:0], Q = \accum[140]).
Adding EN signal on $procdff$3668 ($adff) from module x1_y1_kimi (D = $0\accum[139][23:0], Q = \accum[139]).
Adding EN signal on $procdff$3667 ($adff) from module x1_y1_kimi (D = $0\accum[138][23:0], Q = \accum[138]).
Adding EN signal on $procdff$3666 ($adff) from module x1_y1_kimi (D = $0\accum[137][23:0], Q = \accum[137]).
Adding EN signal on $procdff$3665 ($adff) from module x1_y1_kimi (D = $0\accum[136][23:0], Q = \accum[136]).
Adding EN signal on $procdff$3664 ($adff) from module x1_y1_kimi (D = $0\accum[135][23:0], Q = \accum[135]).
Adding EN signal on $procdff$3663 ($adff) from module x1_y1_kimi (D = $0\accum[134][23:0], Q = \accum[134]).
Adding EN signal on $procdff$3662 ($adff) from module x1_y1_kimi (D = $0\accum[133][23:0], Q = \accum[133]).
Adding EN signal on $procdff$3661 ($adff) from module x1_y1_kimi (D = $0\accum[132][23:0], Q = \accum[132]).
Adding EN signal on $procdff$3660 ($adff) from module x1_y1_kimi (D = $0\accum[131][23:0], Q = \accum[131]).
Adding EN signal on $procdff$3659 ($adff) from module x1_y1_kimi (D = $0\accum[130][23:0], Q = \accum[130]).
Adding EN signal on $procdff$3658 ($adff) from module x1_y1_kimi (D = $0\accum[129][23:0], Q = \accum[129]).
Adding EN signal on $procdff$3657 ($adff) from module x1_y1_kimi (D = $0\accum[128][23:0], Q = \accum[128]).
Adding EN signal on $procdff$3656 ($adff) from module x1_y1_kimi (D = $0\accum[127][23:0], Q = \accum[127]).
Adding EN signal on $procdff$3655 ($adff) from module x1_y1_kimi (D = $0\accum[126][23:0], Q = \accum[126]).
Adding EN signal on $procdff$3654 ($adff) from module x1_y1_kimi (D = $0\accum[125][23:0], Q = \accum[125]).
Adding EN signal on $procdff$3653 ($adff) from module x1_y1_kimi (D = $0\accum[124][23:0], Q = \accum[124]).
Adding EN signal on $procdff$3652 ($adff) from module x1_y1_kimi (D = $0\accum[123][23:0], Q = \accum[123]).
Adding EN signal on $procdff$3651 ($adff) from module x1_y1_kimi (D = $0\accum[122][23:0], Q = \accum[122]).
Adding EN signal on $procdff$3650 ($adff) from module x1_y1_kimi (D = $0\accum[121][23:0], Q = \accum[121]).
Adding EN signal on $procdff$3649 ($adff) from module x1_y1_kimi (D = $0\accum[120][23:0], Q = \accum[120]).
Adding EN signal on $procdff$3648 ($adff) from module x1_y1_kimi (D = $0\accum[119][23:0], Q = \accum[119]).
Adding EN signal on $procdff$3647 ($adff) from module x1_y1_kimi (D = $0\accum[118][23:0], Q = \accum[118]).
Adding EN signal on $procdff$3646 ($adff) from module x1_y1_kimi (D = $0\accum[117][23:0], Q = \accum[117]).
Adding EN signal on $procdff$3645 ($adff) from module x1_y1_kimi (D = $0\accum[116][23:0], Q = \accum[116]).
Adding EN signal on $procdff$3644 ($adff) from module x1_y1_kimi (D = $0\accum[115][23:0], Q = \accum[115]).
Adding EN signal on $procdff$3643 ($adff) from module x1_y1_kimi (D = $0\accum[114][23:0], Q = \accum[114]).
Adding EN signal on $procdff$3642 ($adff) from module x1_y1_kimi (D = $0\accum[113][23:0], Q = \accum[113]).
Adding EN signal on $procdff$3641 ($adff) from module x1_y1_kimi (D = $0\accum[112][23:0], Q = \accum[112]).
Adding EN signal on $procdff$3640 ($adff) from module x1_y1_kimi (D = $0\accum[111][23:0], Q = \accum[111]).
Adding EN signal on $procdff$3639 ($adff) from module x1_y1_kimi (D = $0\accum[110][23:0], Q = \accum[110]).
Adding EN signal on $procdff$3638 ($adff) from module x1_y1_kimi (D = $0\accum[109][23:0], Q = \accum[109]).
Adding EN signal on $procdff$3637 ($adff) from module x1_y1_kimi (D = $0\accum[108][23:0], Q = \accum[108]).
Adding EN signal on $procdff$3636 ($adff) from module x1_y1_kimi (D = $0\accum[107][23:0], Q = \accum[107]).
Adding EN signal on $procdff$3635 ($adff) from module x1_y1_kimi (D = $0\accum[106][23:0], Q = \accum[106]).
Adding EN signal on $procdff$3634 ($adff) from module x1_y1_kimi (D = $0\accum[105][23:0], Q = \accum[105]).
Adding EN signal on $procdff$3633 ($adff) from module x1_y1_kimi (D = $0\accum[104][23:0], Q = \accum[104]).
Adding EN signal on $procdff$3632 ($adff) from module x1_y1_kimi (D = $0\accum[103][23:0], Q = \accum[103]).
Adding EN signal on $procdff$3631 ($adff) from module x1_y1_kimi (D = $0\accum[102][23:0], Q = \accum[102]).
Adding EN signal on $procdff$3630 ($adff) from module x1_y1_kimi (D = $0\accum[101][23:0], Q = \accum[101]).
Adding EN signal on $procdff$3629 ($adff) from module x1_y1_kimi (D = $0\accum[100][23:0], Q = \accum[100]).
Adding EN signal on $procdff$3628 ($adff) from module x1_y1_kimi (D = $0\accum[99][23:0], Q = \accum[99]).
Adding EN signal on $procdff$3627 ($adff) from module x1_y1_kimi (D = $0\accum[98][23:0], Q = \accum[98]).
Adding EN signal on $procdff$3626 ($adff) from module x1_y1_kimi (D = $0\accum[97][23:0], Q = \accum[97]).
Adding EN signal on $procdff$3625 ($adff) from module x1_y1_kimi (D = $0\accum[96][23:0], Q = \accum[96]).
Adding EN signal on $procdff$3624 ($adff) from module x1_y1_kimi (D = $0\accum[95][23:0], Q = \accum[95]).
Adding EN signal on $procdff$3623 ($adff) from module x1_y1_kimi (D = $0\accum[94][23:0], Q = \accum[94]).
Adding EN signal on $procdff$3622 ($adff) from module x1_y1_kimi (D = $0\accum[93][23:0], Q = \accum[93]).
Adding EN signal on $procdff$3621 ($adff) from module x1_y1_kimi (D = $0\accum[92][23:0], Q = \accum[92]).
Adding EN signal on $procdff$3620 ($adff) from module x1_y1_kimi (D = $0\accum[91][23:0], Q = \accum[91]).
Adding EN signal on $procdff$3619 ($adff) from module x1_y1_kimi (D = $0\accum[90][23:0], Q = \accum[90]).
Adding EN signal on $procdff$3618 ($adff) from module x1_y1_kimi (D = $0\accum[89][23:0], Q = \accum[89]).
Adding EN signal on $procdff$3617 ($adff) from module x1_y1_kimi (D = $0\accum[88][23:0], Q = \accum[88]).
Adding EN signal on $procdff$3616 ($adff) from module x1_y1_kimi (D = $0\accum[87][23:0], Q = \accum[87]).
Adding EN signal on $procdff$3615 ($adff) from module x1_y1_kimi (D = $0\accum[86][23:0], Q = \accum[86]).
Adding EN signal on $procdff$3614 ($adff) from module x1_y1_kimi (D = $0\accum[85][23:0], Q = \accum[85]).
Adding EN signal on $procdff$3613 ($adff) from module x1_y1_kimi (D = $0\accum[84][23:0], Q = \accum[84]).
Adding EN signal on $procdff$3612 ($adff) from module x1_y1_kimi (D = $0\accum[83][23:0], Q = \accum[83]).
Adding EN signal on $procdff$3611 ($adff) from module x1_y1_kimi (D = $0\accum[82][23:0], Q = \accum[82]).
Adding EN signal on $procdff$3610 ($adff) from module x1_y1_kimi (D = $0\accum[81][23:0], Q = \accum[81]).
Adding EN signal on $procdff$3609 ($adff) from module x1_y1_kimi (D = $0\accum[80][23:0], Q = \accum[80]).
Adding EN signal on $procdff$3608 ($adff) from module x1_y1_kimi (D = $0\accum[79][23:0], Q = \accum[79]).
Adding EN signal on $procdff$3607 ($adff) from module x1_y1_kimi (D = $0\accum[78][23:0], Q = \accum[78]).
Adding EN signal on $procdff$3606 ($adff) from module x1_y1_kimi (D = $0\accum[77][23:0], Q = \accum[77]).
Adding EN signal on $procdff$3605 ($adff) from module x1_y1_kimi (D = $0\accum[76][23:0], Q = \accum[76]).
Adding EN signal on $procdff$3604 ($adff) from module x1_y1_kimi (D = $0\accum[75][23:0], Q = \accum[75]).
Adding EN signal on $procdff$3603 ($adff) from module x1_y1_kimi (D = $0\accum[74][23:0], Q = \accum[74]).
Adding EN signal on $procdff$3602 ($adff) from module x1_y1_kimi (D = $0\accum[73][23:0], Q = \accum[73]).
Adding EN signal on $procdff$3601 ($adff) from module x1_y1_kimi (D = $0\accum[72][23:0], Q = \accum[72]).
Adding EN signal on $procdff$3600 ($adff) from module x1_y1_kimi (D = $0\accum[71][23:0], Q = \accum[71]).
Adding EN signal on $procdff$3599 ($adff) from module x1_y1_kimi (D = $0\accum[70][23:0], Q = \accum[70]).
Adding EN signal on $procdff$3598 ($adff) from module x1_y1_kimi (D = $0\accum[69][23:0], Q = \accum[69]).
Adding EN signal on $procdff$3597 ($adff) from module x1_y1_kimi (D = $0\accum[68][23:0], Q = \accum[68]).
Adding EN signal on $procdff$3596 ($adff) from module x1_y1_kimi (D = $0\accum[67][23:0], Q = \accum[67]).
Adding EN signal on $procdff$3595 ($adff) from module x1_y1_kimi (D = $0\accum[66][23:0], Q = \accum[66]).
Adding EN signal on $procdff$3594 ($adff) from module x1_y1_kimi (D = $0\accum[65][23:0], Q = \accum[65]).
Adding EN signal on $procdff$3593 ($adff) from module x1_y1_kimi (D = $0\accum[64][23:0], Q = \accum[64]).
Adding EN signal on $procdff$3592 ($adff) from module x1_y1_kimi (D = $0\accum[63][23:0], Q = \accum[63]).
Adding EN signal on $procdff$3591 ($adff) from module x1_y1_kimi (D = $0\accum[62][23:0], Q = \accum[62]).
Adding EN signal on $procdff$3590 ($adff) from module x1_y1_kimi (D = $0\accum[61][23:0], Q = \accum[61]).
Adding EN signal on $procdff$3589 ($adff) from module x1_y1_kimi (D = $0\accum[60][23:0], Q = \accum[60]).
Adding EN signal on $procdff$3588 ($adff) from module x1_y1_kimi (D = $0\accum[59][23:0], Q = \accum[59]).
Adding EN signal on $procdff$3587 ($adff) from module x1_y1_kimi (D = $0\accum[58][23:0], Q = \accum[58]).
Adding EN signal on $procdff$3586 ($adff) from module x1_y1_kimi (D = $0\accum[57][23:0], Q = \accum[57]).
Adding EN signal on $procdff$3585 ($adff) from module x1_y1_kimi (D = $0\accum[56][23:0], Q = \accum[56]).
Adding EN signal on $procdff$3584 ($adff) from module x1_y1_kimi (D = $0\accum[55][23:0], Q = \accum[55]).
Adding EN signal on $procdff$3583 ($adff) from module x1_y1_kimi (D = $0\accum[54][23:0], Q = \accum[54]).
Adding EN signal on $procdff$3582 ($adff) from module x1_y1_kimi (D = $0\accum[53][23:0], Q = \accum[53]).
Adding EN signal on $procdff$3581 ($adff) from module x1_y1_kimi (D = $0\accum[52][23:0], Q = \accum[52]).
Adding EN signal on $procdff$3580 ($adff) from module x1_y1_kimi (D = $0\accum[51][23:0], Q = \accum[51]).
Adding EN signal on $procdff$3579 ($adff) from module x1_y1_kimi (D = $0\accum[50][23:0], Q = \accum[50]).
Adding EN signal on $procdff$3578 ($adff) from module x1_y1_kimi (D = $0\accum[49][23:0], Q = \accum[49]).
Adding EN signal on $procdff$3577 ($adff) from module x1_y1_kimi (D = $0\accum[48][23:0], Q = \accum[48]).
Adding EN signal on $procdff$3576 ($adff) from module x1_y1_kimi (D = $0\accum[47][23:0], Q = \accum[47]).
Adding EN signal on $procdff$3575 ($adff) from module x1_y1_kimi (D = $0\accum[46][23:0], Q = \accum[46]).
Adding EN signal on $procdff$3574 ($adff) from module x1_y1_kimi (D = $0\accum[45][23:0], Q = \accum[45]).
Adding EN signal on $procdff$3573 ($adff) from module x1_y1_kimi (D = $0\accum[44][23:0], Q = \accum[44]).
Adding EN signal on $procdff$3572 ($adff) from module x1_y1_kimi (D = $0\accum[43][23:0], Q = \accum[43]).
Adding EN signal on $procdff$3571 ($adff) from module x1_y1_kimi (D = $0\accum[42][23:0], Q = \accum[42]).
Adding EN signal on $procdff$3570 ($adff) from module x1_y1_kimi (D = $0\accum[41][23:0], Q = \accum[41]).
Adding EN signal on $procdff$3569 ($adff) from module x1_y1_kimi (D = $0\accum[40][23:0], Q = \accum[40]).
Adding EN signal on $procdff$3568 ($adff) from module x1_y1_kimi (D = $0\accum[39][23:0], Q = \accum[39]).
Adding EN signal on $procdff$3567 ($adff) from module x1_y1_kimi (D = $0\accum[38][23:0], Q = \accum[38]).
Adding EN signal on $procdff$3566 ($adff) from module x1_y1_kimi (D = $0\accum[37][23:0], Q = \accum[37]).
Adding EN signal on $procdff$3565 ($adff) from module x1_y1_kimi (D = $0\accum[36][23:0], Q = \accum[36]).
Adding EN signal on $procdff$3564 ($adff) from module x1_y1_kimi (D = $0\accum[35][23:0], Q = \accum[35]).
Adding EN signal on $procdff$3563 ($adff) from module x1_y1_kimi (D = $0\accum[34][23:0], Q = \accum[34]).
Adding EN signal on $procdff$3562 ($adff) from module x1_y1_kimi (D = $0\accum[33][23:0], Q = \accum[33]).
Adding EN signal on $procdff$3561 ($adff) from module x1_y1_kimi (D = $0\accum[32][23:0], Q = \accum[32]).
Adding EN signal on $procdff$3560 ($adff) from module x1_y1_kimi (D = $0\accum[31][23:0], Q = \accum[31]).
Adding EN signal on $procdff$3559 ($adff) from module x1_y1_kimi (D = $0\accum[30][23:0], Q = \accum[30]).
Adding EN signal on $procdff$3558 ($adff) from module x1_y1_kimi (D = $0\accum[29][23:0], Q = \accum[29]).
Adding EN signal on $procdff$3557 ($adff) from module x1_y1_kimi (D = $0\accum[28][23:0], Q = \accum[28]).
Adding EN signal on $procdff$3556 ($adff) from module x1_y1_kimi (D = $0\accum[27][23:0], Q = \accum[27]).
Adding EN signal on $procdff$3555 ($adff) from module x1_y1_kimi (D = $0\accum[26][23:0], Q = \accum[26]).
Adding EN signal on $procdff$3554 ($adff) from module x1_y1_kimi (D = $0\accum[25][23:0], Q = \accum[25]).
Adding EN signal on $procdff$3553 ($adff) from module x1_y1_kimi (D = $0\accum[24][23:0], Q = \accum[24]).
Adding EN signal on $procdff$3552 ($adff) from module x1_y1_kimi (D = $0\accum[23][23:0], Q = \accum[23]).
Adding EN signal on $procdff$3551 ($adff) from module x1_y1_kimi (D = $0\accum[22][23:0], Q = \accum[22]).
Adding EN signal on $procdff$3550 ($adff) from module x1_y1_kimi (D = $0\accum[21][23:0], Q = \accum[21]).
Adding EN signal on $procdff$3549 ($adff) from module x1_y1_kimi (D = $0\accum[20][23:0], Q = \accum[20]).
Adding EN signal on $procdff$3548 ($adff) from module x1_y1_kimi (D = $0\accum[19][23:0], Q = \accum[19]).
Adding EN signal on $procdff$3547 ($adff) from module x1_y1_kimi (D = $0\accum[18][23:0], Q = \accum[18]).
Adding EN signal on $procdff$3546 ($adff) from module x1_y1_kimi (D = $0\accum[17][23:0], Q = \accum[17]).
Adding EN signal on $procdff$3545 ($adff) from module x1_y1_kimi (D = $0\accum[16][23:0], Q = \accum[16]).
Adding EN signal on $procdff$3544 ($adff) from module x1_y1_kimi (D = $0\accum[15][23:0], Q = \accum[15]).
Adding EN signal on $procdff$3543 ($adff) from module x1_y1_kimi (D = $0\accum[14][23:0], Q = \accum[14]).
Adding EN signal on $procdff$3542 ($adff) from module x1_y1_kimi (D = $0\accum[13][23:0], Q = \accum[13]).
Adding EN signal on $procdff$3541 ($adff) from module x1_y1_kimi (D = $0\accum[12][23:0], Q = \accum[12]).
Adding EN signal on $procdff$3540 ($adff) from module x1_y1_kimi (D = $0\accum[11][23:0], Q = \accum[11]).
Adding EN signal on $procdff$3539 ($adff) from module x1_y1_kimi (D = $0\accum[10][23:0], Q = \accum[10]).
Adding EN signal on $procdff$3538 ($adff) from module x1_y1_kimi (D = $0\accum[9][23:0], Q = \accum[9]).
Adding EN signal on $procdff$3537 ($adff) from module x1_y1_kimi (D = $0\accum[8][23:0], Q = \accum[8]).
Adding EN signal on $procdff$3536 ($adff) from module x1_y1_kimi (D = $0\accum[7][23:0], Q = \accum[7]).
Adding EN signal on $procdff$3535 ($adff) from module x1_y1_kimi (D = $0\accum[6][23:0], Q = \accum[6]).
Adding EN signal on $procdff$3534 ($adff) from module x1_y1_kimi (D = $0\accum[5][23:0], Q = \accum[5]).
Adding EN signal on $procdff$3533 ($adff) from module x1_y1_kimi (D = $0\accum[4][23:0], Q = \accum[4]).
Adding EN signal on $procdff$3532 ($adff) from module x1_y1_kimi (D = $0\accum[3][23:0], Q = \accum[3]).
Adding EN signal on $procdff$3531 ($adff) from module x1_y1_kimi (D = $0\accum[2][23:0], Q = \accum[2]).
Adding EN signal on $procdff$3530 ($adff) from module x1_y1_kimi (D = $0\accum[1][23:0], Q = \accum[1]).
Adding EN signal on $procdff$3529 ($adff) from module x1_y1_kimi (D = $0\accum[0][23:0], Q = \accum[0]).
Adding EN signal on $procdff$3512 ($adff) from module x1_y1_kimi (D = $0\drain_index[7:0], Q = \drain_index).
Adding EN signal on $procdff$3511 ($adff) from module x1_y1_kimi (D = $0\read_valid[0:0], Q = \read_valid).
Adding EN signal on $procdff$3510 ($adff) from module x1_y1_kimi (D = $0\consumed[11:0], Q = \consumed).
Adding EN signal on $procdff$3509 ($adff) from module x1_y1_kimi (D = $0\issued[11:0], Q = \issued).
Adding EN signal on $procdff$3508 ($adff) from module x1_y1_kimi (D = $0\state[1:0], Q = \state).
Adding EN signal on $procdff$3506 ($adff) from module x1_y1_kimi (D = \accum[0], Q = \out_wdata).
Adding EN signal on $procdff$3505 ($adff) from module x1_y1_kimi (D = { 6'000000 \drain_index }, Q = \out_addr).
Setting constant 0-bit at position 8 on $auto$ff.cc:266:slice$6135 ($adffe) from module x1_y1_kimi.
Setting constant 0-bit at position 9 on $auto$ff.cc:266:slice$6135 ($adffe) from module x1_y1_kimi.
Setting constant 0-bit at position 10 on $auto$ff.cc:266:slice$6135 ($adffe) from module x1_y1_kimi.
Setting constant 0-bit at position 11 on $auto$ff.cc:266:slice$6135 ($adffe) from module x1_y1_kimi.
Setting constant 0-bit at position 12 on $auto$ff.cc:266:slice$6135 ($adffe) from module x1_y1_kimi.
Setting constant 0-bit at position 13 on $auto$ff.cc:266:slice$6135 ($adffe) from module x1_y1_kimi.

3.8.7. Executing OPT_CLEAN pass (remove unused cells and wires).
Finding unused cells or wires in module \x1_y1_kimi..
Removed 2 unused cells and 2 unused wires.
<suppressed ~3 debug messages>

3.8.8. Executing OPT_EXPR pass (perform const folding).
Optimizing module x1_y1_kimi.
<suppressed ~260 debug messages>

3.8.9. Rerunning OPT passes. (Maybe there is more to do..)

3.8.10. Executing OPT_MUXTREE pass (detect dead branches in mux trees).
Running muxtree optimizer on module \x1_y1_kimi..
  Creating internal representation of mux trees.
  Evaluating internal representation of mux trees.
  Analyzing evaluation results.
Removed 0 multiplexer ports.
<suppressed ~264 debug messages>

3.8.11. Executing OPT_REDUCE pass (consolidate $*mux and $reduce_* inputs).
  Optimizing cells in module \x1_y1_kimi.
Performed a total of 0 changes.

3.8.12. Executing OPT_MERGE pass (detect identical cells).
Finding identical cells in module `\x1_y1_kimi'.
<suppressed ~3861 debug messages>
Removed a total of 1287 cells.

3.8.13. Executing OPT_DFF pass (perform DFF optimizations).

3.8.14. Executing OPT_CLEAN pass (remove unused cells and wires).
Finding unused cells or wires in module \x1_y1_kimi..
Removed 0 unused cells and 1287 unused wires.
<suppressed ~1 debug messages>

3.8.15. Executing OPT_EXPR pass (perform const folding).
Optimizing module x1_y1_kimi.

3.8.16. Rerunning OPT passes. (Maybe there is more to do..)

3.8.17. Executing OPT_MUXTREE pass (detect dead branches in mux trees).
Running muxtree optimizer on module \x1_y1_kimi..
  Creating internal representation of mux trees.
  Evaluating internal representation of mux trees.
  Analyzing evaluation results.
Removed 0 multiplexer ports.
<suppressed ~266 debug messages>

3.8.18. Executing OPT_REDUCE pass (consolidate $*mux and $reduce_* inputs).
  Optimizing cells in module \x1_y1_kimi.
Performed a total of 0 changes.

3.8.19. Executing OPT_MERGE pass (detect identical cells).
Finding identical cells in module `\x1_y1_kimi'.
Removed a total of 0 cells.

3.8.20. Executing OPT_DFF pass (perform DFF optimizations).

3.8.21. Executing OPT_CLEAN pass (remove unused cells and wires).
Finding unused cells or wires in module \x1_y1_kimi..

3.8.22. Executing OPT_EXPR pass (perform const folding).
Optimizing module x1_y1_kimi.

3.8.23. Finished OPT passes. (There is nothing left to do.)

3.9. Executing WREDUCE pass (reducing word size of cells).
Removed top 1 bits (of 2) from port B of cell x1_y1_kimi.$eq$experiments/x1/rtl/x1_y1_kimi.v:54$8 ($eq).
Removed top 1 bits (of 3) from port B of cell x1_y1_kimi.$auto$opt_dff.cc:195:make_patterns_logic$6095 ($ne).

3.10. Executing PEEPOPT pass (run peephole optimizers).

3.11. Executing OPT_CLEAN pass (remove unused cells and wires).
Finding unused cells or wires in module \x1_y1_kimi..

3.12. Executing ALUMACC pass (create $alu and $macc cells).
Extracting $alu and $macc cells in module x1_y1_kimi:
  creating $macc model for $add$experiments/x1/rtl/x1_y1_kimi.v:105$100 ($add).
  creating $macc model for $add$experiments/x1/rtl/x1_y1_kimi.v:105$102 ($add).
  creating $macc model for $add$experiments/x1/rtl/x1_y1_kimi.v:105$104 ($add).
  creating $macc model for $add$experiments/x1/rtl/x1_y1_kimi.v:105$106 ($add).
  creating $macc model for $add$experiments/x1/rtl/x1_y1_kimi.v:105$108 ($add).
  creating $macc model for $add$experiments/x1/rtl/x1_y1_kimi.v:105$110 ($add).
  creating $macc model for $add$experiments/x1/rtl/x1_y1_kimi.v:105$112 ($add).
  creating $macc model for $add$experiments/x1/rtl/x1_y1_kimi.v:105$114 ($add).
  creating $macc model for $add$experiments/x1/rtl/x1_y1_kimi.v:105$116 ($add).
  creating $macc model for $add$experiments/x1/rtl/x1_y1_kimi.v:105$118 ($add).
  creating $macc model for $add$experiments/x1/rtl/x1_y1_kimi.v:105$120 ($add).
  creating $macc model for $add$experiments/x1/rtl/x1_y1_kimi.v:105$122 ($add).
  creating $macc model for $add$experiments/x1/rtl/x1_y1_kimi.v:105$124 ($add).
  creating $macc model for $add$experiments/x1/rtl/x1_y1_kimi.v:105$126 ($add).
  creating $macc model for $add$experiments/x1/rtl/x1_y1_kimi.v:105$128 ($add).
  creating $macc model for $add$experiments/x1/rtl/x1_y1_kimi.v:105$130 ($add).
  creating $macc model for $add$experiments/x1/rtl/x1_y1_kimi.v:105$132 ($add).
  creating $macc model for $add$experiments/x1/rtl/x1_y1_kimi.v:105$134 ($add).
  creating $macc model for $add$experiments/x1/rtl/x1_y1_kimi.v:105$136 ($add).
  creating $macc model for $add$experiments/x1/rtl/x1_y1_kimi.v:105$138 ($add).
  creating $macc model for $add$experiments/x1/rtl/x1_y1_kimi.v:105$140 ($add).
  creating $macc model for $add$experiments/x1/rtl/x1_y1_kimi.v:105$142 ($add).
  creating $macc model for $add$experiments/x1/rtl/x1_y1_kimi.v:105$144 ($add).
  creating $macc model for $add$experiments/x1/rtl/x1_y1_kimi.v:105$146 ($add).
  creating $macc model for $add$experiments/x1/rtl/x1_y1_kimi.v:105$148 ($add).
  creating $macc model for $add$experiments/x1/rtl/x1_y1_kimi.v:105$150 ($add).
  creating $macc model for $add$experiments/x1/rtl/x1_y1_kimi.v:105$152 ($add).
  creating $macc model for $add$experiments/x1/rtl/x1_y1_kimi.v:105$154 ($add).
  creating $macc model for $add$experiments/x1/rtl/x1_y1_kimi.v:105$156 ($add).
  creating $macc model for $add$experiments/x1/rtl/x1_y1_kimi.v:105$158 ($add).
  creating $macc model for $add$experiments/x1/rtl/x1_y1_kimi.v:105$160 ($add).
  creating $macc model for $add$experiments/x1/rtl/x1_y1_kimi.v:105$162 ($add).
  creating $macc model for $add$experiments/x1/rtl/x1_y1_kimi.v:105$164 ($add).
  creating $macc model for $add$experiments/x1/rtl/x1_y1_kimi.v:105$166 ($add).
  creating $macc model for $add$experiments/x1/rtl/x1_y1_kimi.v:105$168 ($add).
  creating $macc model for $add$experiments/x1/rtl/x1_y1_kimi.v:105$170 ($add).
  creating $macc model for $add$experiments/x1/rtl/x1_y1_kimi.v:105$172 ($add).
  creating $macc model for $add$experiments/x1/rtl/x1_y1_kimi.v:105$174 ($add).
  creating $macc model for $add$experiments/x1/rtl/x1_y1_kimi.v:105$176 ($add).
  creating $macc model for $add$experiments/x1/rtl/x1_y1_kimi.v:105$178 ($add).
  creating $macc model for $add$experiments/x1/rtl/x1_y1_kimi.v:105$18 ($add).
  creating $macc model for $add$experiments/x1/rtl/x1_y1_kimi.v:105$180 ($add).
  creating $macc model for $add$experiments/x1/rtl/x1_y1_kimi.v:105$182 ($add).
  creating $macc model for $add$experiments/x1/rtl/x1_y1_kimi.v:105$184 ($add).
  creating $macc model for $add$experiments/x1/rtl/x1_y1_kimi.v:105$186 ($add).
  creating $macc model for $add$experiments/x1/rtl/x1_y1_kimi.v:105$188 ($add).
  creating $macc model for $add$experiments/x1/rtl/x1_y1_kimi.v:105$190 ($add).
  creating $macc model for $add$experiments/x1/rtl/x1_y1_kimi.v:105$192 ($add).
  creating $macc model for $add$experiments/x1/rtl/x1_y1_kimi.v:105$194 ($add).
  creating $macc model for $add$experiments/x1/rtl/x1_y1_kimi.v:105$196 ($add).
  creating $macc model for $add$experiments/x1/rtl/x1_y1_kimi.v:105$198 ($add).
  creating $macc model for $add$experiments/x1/rtl/x1_y1_kimi.v:105$20 ($add).
  creating $macc model for $add$experiments/x1/rtl/x1_y1_kimi.v:105$200 ($add).
  creating $macc model for $add$experiments/x1/rtl/x1_y1_kimi.v:105$202 ($add).
  creating $macc model for $add$experiments/x1/rtl/x1_y1_kimi.v:105$204 ($add).
  creating $macc model for $add$experiments/x1/rtl/x1_y1_kimi.v:105$206 ($add).
  creating $macc model for $add$experiments/x1/rtl/x1_y1_kimi.v:105$208 ($add).
  creating $macc model for $add$experiments/x1/rtl/x1_y1_kimi.v:105$210 ($add).
  creating $macc model for $add$experiments/x1/rtl/x1_y1_kimi.v:105$212 ($add).
  creating $macc model for $add$experiments/x1/rtl/x1_y1_kimi.v:105$214 ($add).
  creating $macc model for $add$experiments/x1/rtl/x1_y1_kimi.v:105$216 ($add).
  creating $macc model for $add$experiments/x1/rtl/x1_y1_kimi.v:105$218 ($add).
  creating $macc model for $add$experiments/x1/rtl/x1_y1_kimi.v:105$22 ($add).
  creating $macc model for $add$experiments/x1/rtl/x1_y1_kimi.v:105$220 ($add).
  creating $macc model for $add$experiments/x1/rtl/x1_y1_kimi.v:105$222 ($add).
  creating $macc model for $add$experiments/x1/rtl/x1_y1_kimi.v:105$224 ($add).
  creating $macc model for $add$experiments/x1/rtl/x1_y1_kimi.v:105$226 ($add).
  creating $macc model for $add$experiments/x1/rtl/x1_y1_kimi.v:105$228 ($add).
  creating $macc model for $add$experiments/x1/rtl/x1_y1_kimi.v:105$230 ($add).
  creating $macc model for $add$experiments/x1/rtl/x1_y1_kimi.v:105$232 ($add).
  creating $macc model for $add$experiments/x1/rtl/x1_y1_kimi.v:105$234 ($add).
  creating $macc model for $add$experiments/x1/rtl/x1_y1_kimi.v:105$236 ($add).
  creating $macc model for $add$experiments/x1/rtl/x1_y1_kimi.v:105$238 ($add).
  creating $macc model for $add$experiments/x1/rtl/x1_y1_kimi.v:105$24 ($add).
  creating $macc model for $add$experiments/x1/rtl/x1_y1_kimi.v:105$240 ($add).
  creating $macc model for $add$experiments/x1/rtl/x1_y1_kimi.v:105$242 ($add).
  creating $macc model for $add$experiments/x1/rtl/x1_y1_kimi.v:105$244 ($add).
  creating $macc model for $add$experiments/x1/rtl/x1_y1_kimi.v:105$246 ($add).
  creating $macc model for $add$experiments/x1/rtl/x1_y1_kimi.v:105$248 ($add).
  creating $macc model for $add$experiments/x1/rtl/x1_y1_kimi.v:105$250 ($add).
  creating $macc model for $add$experiments/x1/rtl/x1_y1_kimi.v:105$252 ($add).
  creating $macc model for $add$experiments/x1/rtl/x1_y1_kimi.v:105$254 ($add).
  creating $macc model for $add$experiments/x1/rtl/x1_y1_kimi.v:105$256 ($add).
  creating $macc model for $add$experiments/x1/rtl/x1_y1_kimi.v:105$258 ($add).
  creating $macc model for $add$experiments/x1/rtl/x1_y1_kimi.v:105$26 ($add).
  creating $macc model for $add$experiments/x1/rtl/x1_y1_kimi.v:105$260 ($add).
  creating $macc model for $add$experiments/x1/rtl/x1_y1_kimi.v:105$262 ($add).
  creating $macc model for $add$experiments/x1/rtl/x1_y1_kimi.v:105$264 ($add).
  creating $macc model for $add$experiments/x1/rtl/x1_y1_kimi.v:105$266 ($add).
  creating $macc model for $add$experiments/x1/rtl/x1_y1_kimi.v:105$268 ($add).
  creating $macc model for $add$experiments/x1/rtl/x1_y1_kimi.v:105$270 ($add).
  creating $macc model for $add$experiments/x1/rtl/x1_y1_kimi.v:105$272 ($add).
  creating $macc model for $add$experiments/x1/rtl/x1_y1_kimi.v:105$274 ($add).
  creating $macc model for $add$experiments/x1/rtl/x1_y1_kimi.v:105$276 ($add).
  creating $macc model for $add$experiments/x1/rtl/x1_y1_kimi.v:105$278 ($add).
  creating $macc model for $add$experiments/x1/rtl/x1_y1_kimi.v:105$28 ($add).
  creating $macc model for $add$experiments/x1/rtl/x1_y1_kimi.v:105$280 ($add).
  creating $macc model for $add$experiments/x1/rtl/x1_y1_kimi.v:105$282 ($add).
  creating $macc model for $add$experiments/x1/rtl/x1_y1_kimi.v:105$284 ($add).
  creating $macc model for $add$experiments/x1/rtl/x1_y1_kimi.v:105$286 ($add).
  creating $macc model for $add$experiments/x1/rtl/x1_y1_kimi.v:105$288 ($add).
  creating $macc model for $add$experiments/x1/rtl/x1_y1_kimi.v:105$290 ($add).
  creating $macc model for $add$experiments/x1/rtl/x1_y1_kimi.v:105$292 ($add).
  creating $macc model for $add$experiments/x1/rtl/x1_y1_kimi.v:105$294 ($add).
  creating $macc model for $add$experiments/x1/rtl/x1_y1_kimi.v:105$296 ($add).
  creating $macc model for $add$experiments/x1/rtl/x1_y1_kimi.v:105$298 ($add).
  creating $macc model for $add$experiments/x1/rtl/x1_y1_kimi.v:105$30 ($add).
  creating $macc model for $add$experiments/x1/rtl/x1_y1_kimi.v:105$300 ($add).
  creating $macc model for $add$experiments/x1/rtl/x1_y1_kimi.v:105$302 ($add).
  creating $macc model for $add$experiments/x1/rtl/x1_y1_kimi.v:105$304 ($add).
  creating $macc model for $add$experiments/x1/rtl/x1_y1_kimi.v:105$306 ($add).
  creating $macc model for $add$experiments/x1/rtl/x1_y1_kimi.v:105$308 ($add).
  creating $macc model for $add$experiments/x1/rtl/x1_y1_kimi.v:105$310 ($add).
  creating $macc model for $add$experiments/x1/rtl/x1_y1_kimi.v:105$312 ($add).
  creating $macc model for $add$experiments/x1/rtl/x1_y1_kimi.v:105$314 ($add).
  creating $macc model for $add$experiments/x1/rtl/x1_y1_kimi.v:105$316 ($add).
  creating $macc model for $add$experiments/x1/rtl/x1_y1_kimi.v:105$318 ($add).
  creating $macc model for $add$experiments/x1/rtl/x1_y1_kimi.v:105$32 ($add).
  creating $macc model for $add$experiments/x1/rtl/x1_y1_kimi.v:105$320 ($add).
  creating $macc model for $add$experiments/x1/rtl/x1_y1_kimi.v:105$322 ($add).
  creating $macc model for $add$experiments/x1/rtl/x1_y1_kimi.v:105$324 ($add).
  creating $macc model for $add$experiments/x1/rtl/x1_y1_kimi.v:105$326 ($add).
  creating $macc model for $add$experiments/x1/rtl/x1_y1_kimi.v:105$328 ($add).
  creating $macc model for $add$experiments/x1/rtl/x1_y1_kimi.v:105$330 ($add).
  creating $macc model for $add$experiments/x1/rtl/x1_y1_kimi.v:105$332 ($add).
  creating $macc model for $add$experiments/x1/rtl/x1_y1_kimi.v:105$334 ($add).
  creating $macc model for $add$experiments/x1/rtl/x1_y1_kimi.v:105$336 ($add).
  creating $macc model for $add$experiments/x1/rtl/x1_y1_kimi.v:105$338 ($add).
  creating $macc model for $add$experiments/x1/rtl/x1_y1_kimi.v:105$34 ($add).
  creating $macc model for $add$experiments/x1/rtl/x1_y1_kimi.v:105$340 ($add).
  creating $macc model for $add$experiments/x1/rtl/x1_y1_kimi.v:105$342 ($add).
  creating $macc model for $add$experiments/x1/rtl/x1_y1_kimi.v:105$344 ($add).
  creating $macc model for $add$experiments/x1/rtl/x1_y1_kimi.v:105$346 ($add).
  creating $macc model for $add$experiments/x1/rtl/x1_y1_kimi.v:105$348 ($add).
  creating $macc model for $add$experiments/x1/rtl/x1_y1_kimi.v:105$350 ($add).
  creating $macc model for $add$experiments/x1/rtl/x1_y1_kimi.v:105$352 ($add).
  creating $macc model for $add$experiments/x1/rtl/x1_y1_kimi.v:105$354 ($add).
  creating $macc model for $add$experiments/x1/rtl/x1_y1_kimi.v:105$356 ($add).
  creating $macc model for $add$experiments/x1/rtl/x1_y1_kimi.v:105$358 ($add).
  creating $macc model for $add$experiments/x1/rtl/x1_y1_kimi.v:105$36 ($add).
  creating $macc model for $add$experiments/x1/rtl/x1_y1_kimi.v:105$360 ($add).
  creating $macc model for $add$experiments/x1/rtl/x1_y1_kimi.v:105$362 ($add).
  creating $macc model for $add$experiments/x1/rtl/x1_y1_kimi.v:105$364 ($add).
  creating $macc model for $add$experiments/x1/rtl/x1_y1_kimi.v:105$366 ($add).
  creating $macc model for $add$experiments/x1/rtl/x1_y1_kimi.v:105$368 ($add).
  creating $macc model for $add$experiments/x1/rtl/x1_y1_kimi.v:105$370 ($add).
  creating $macc model for $add$experiments/x1/rtl/x1_y1_kimi.v:105$372 ($add).
  creating $macc model for $add$experiments/x1/rtl/x1_y1_kimi.v:105$374 ($add).
  creating $macc model for $add$experiments/x1/rtl/x1_y1_kimi.v:105$376 ($add).
  creating $macc model for $add$experiments/x1/rtl/x1_y1_kimi.v:105$378 ($add).
  creating $macc model for $add$experiments/x1/rtl/x1_y1_kimi.v:105$38 ($add).
  creating $macc model for $add$experiments/x1/rtl/x1_y1_kimi.v:105$380 ($add).
  creating $macc model for $add$experiments/x1/rtl/x1_y1_kimi.v:105$382 ($add).
  creating $macc model for $add$experiments/x1/rtl/x1_y1_kimi.v:105$384 ($add).
  creating $macc model for $add$experiments/x1/rtl/x1_y1_kimi.v:105$386 ($add).
  creating $macc model for $add$experiments/x1/rtl/x1_y1_kimi.v:105$388 ($add).
  creating $macc model for $add$experiments/x1/rtl/x1_y1_kimi.v:105$390 ($add).
  creating $macc model for $add$experiments/x1/rtl/x1_y1_kimi.v:105$392 ($add).
  creating $macc model for $add$experiments/x1/rtl/x1_y1_kimi.v:105$394 ($add).
  creating $macc model for $add$experiments/x1/rtl/x1_y1_kimi.v:105$396 ($add).
  creating $macc model for $add$experiments/x1/rtl/x1_y1_kimi.v:105$398 ($add).
  creating $macc model for $add$experiments/x1/rtl/x1_y1_kimi.v:105$40 ($add).
  creating $macc model for $add$experiments/x1/rtl/x1_y1_kimi.v:105$400 ($add).
  creating $macc model for $add$experiments/x1/rtl/x1_y1_kimi.v:105$402 ($add).
  creating $macc model for $add$experiments/x1/rtl/x1_y1_kimi.v:105$404 ($add).
  creating $macc model for $add$experiments/x1/rtl/x1_y1_kimi.v:105$406 ($add).
  creating $macc model for $add$experiments/x1/rtl/x1_y1_kimi.v:105$408 ($add).
  creating $macc model for $add$experiments/x1/rtl/x1_y1_kimi.v:105$410 ($add).
  creating $macc model for $add$experiments/x1/rtl/x1_y1_kimi.v:105$412 ($add).
  creating $macc model for $add$experiments/x1/rtl/x1_y1_kimi.v:105$414 ($add).
  creating $macc model for $add$experiments/x1/rtl/x1_y1_kimi.v:105$416 ($add).
  creating $macc model for $add$experiments/x1/rtl/x1_y1_kimi.v:105$418 ($add).
  creating $macc model for $add$experiments/x1/rtl/x1_y1_kimi.v:105$42 ($add).
  creating $macc model for $add$experiments/x1/rtl/x1_y1_kimi.v:105$420 ($add).
  creating $macc model for $add$experiments/x1/rtl/x1_y1_kimi.v:105$422 ($add).
  creating $macc model for $add$experiments/x1/rtl/x1_y1_kimi.v:105$424 ($add).
  creating $macc model for $add$experiments/x1/rtl/x1_y1_kimi.v:105$426 ($add).
  creating $macc model for $add$experiments/x1/rtl/x1_y1_kimi.v:105$428 ($add).
  creating $macc model for $add$experiments/x1/rtl/x1_y1_kimi.v:105$430 ($add).
  creating $macc model for $add$experiments/x1/rtl/x1_y1_kimi.v:105$432 ($add).
  creating $macc model for $add$experiments/x1/rtl/x1_y1_kimi.v:105$434 ($add).
  creating $macc model for $add$experiments/x1/rtl/x1_y1_kimi.v:105$436 ($add).
  creating $macc model for $add$experiments/x1/rtl/x1_y1_kimi.v:105$438 ($add).
  creating $macc model for $add$experiments/x1/rtl/x1_y1_kimi.v:105$44 ($add).
  creating $macc model for $add$experiments/x1/rtl/x1_y1_kimi.v:105$440 ($add).
  creating $macc model for $add$experiments/x1/rtl/x1_y1_kimi.v:105$442 ($add).
  creating $macc model for $add$experiments/x1/rtl/x1_y1_kimi.v:105$444 ($add).
  creating $macc model for $add$experiments/x1/rtl/x1_y1_kimi.v:105$446 ($add).
  creating $macc model for $add$experiments/x1/rtl/x1_y1_kimi.v:105$448 ($add).
  creating $macc model for $add$experiments/x1/rtl/x1_y1_kimi.v:105$450 ($add).
  creating $macc model for $add$experiments/x1/rtl/x1_y1_kimi.v:105$452 ($add).
  creating $macc model for $add$experiments/x1/rtl/x1_y1_kimi.v:105$454 ($add).
  creating $macc model for $add$experiments/x1/rtl/x1_y1_kimi.v:105$456 ($add).
  creating $macc model for $add$experiments/x1/rtl/x1_y1_kimi.v:105$458 ($add).
  creating $macc model for $add$experiments/x1/rtl/x1_y1_kimi.v:105$46 ($add).
  creating $macc model for $add$experiments/x1/rtl/x1_y1_kimi.v:105$460 ($add).
  creating $macc model for $add$experiments/x1/rtl/x1_y1_kimi.v:105$462 ($add).
  creating $macc model for $add$experiments/x1/rtl/x1_y1_kimi.v:105$464 ($add).
  creating $macc model for $add$experiments/x1/rtl/x1_y1_kimi.v:105$466 ($add).
  creating $macc model for $add$experiments/x1/rtl/x1_y1_kimi.v:105$468 ($add).
  creating $macc model for $add$experiments/x1/rtl/x1_y1_kimi.v:105$470 ($add).
  creating $macc model for $add$experiments/x1/rtl/x1_y1_kimi.v:105$472 ($add).
  creating $macc model for $add$experiments/x1/rtl/x1_y1_kimi.v:105$474 ($add).
  creating $macc model for $add$experiments/x1/rtl/x1_y1_kimi.v:105$476 ($add).
  creating $macc model for $add$experiments/x1/rtl/x1_y1_kimi.v:105$478 ($add).
  creating $macc model for $add$experiments/x1/rtl/x1_y1_kimi.v:105$48 ($add).
  creating $macc model for $add$experiments/x1/rtl/x1_y1_kimi.v:105$480 ($add).
  creating $macc model for $add$experiments/x1/rtl/x1_y1_kimi.v:105$482 ($add).
  creating $macc model for $add$experiments/x1/rtl/x1_y1_kimi.v:105$484 ($add).
  creating $macc model for $add$experiments/x1/rtl/x1_y1_kimi.v:105$486 ($add).
  creating $macc model for $add$experiments/x1/rtl/x1_y1_kimi.v:105$488 ($add).
  creating $macc model for $add$experiments/x1/rtl/x1_y1_kimi.v:105$490 ($add).
  creating $macc model for $add$experiments/x1/rtl/x1_y1_kimi.v:105$492 ($add).
  creating $macc model for $add$experiments/x1/rtl/x1_y1_kimi.v:105$494 ($add).
  creating $macc model for $add$experiments/x1/rtl/x1_y1_kimi.v:105$496 ($add).
  creating $macc model for $add$experiments/x1/rtl/x1_y1_kimi.v:105$498 ($add).
  creating $macc model for $add$experiments/x1/rtl/x1_y1_kimi.v:105$50 ($add).
  creating $macc model for $add$experiments/x1/rtl/x1_y1_kimi.v:105$500 ($add).
  creating $macc model for $add$experiments/x1/rtl/x1_y1_kimi.v:105$502 ($add).
  creating $macc model for $add$experiments/x1/rtl/x1_y1_kimi.v:105$504 ($add).
  creating $macc model for $add$experiments/x1/rtl/x1_y1_kimi.v:105$506 ($add).
  creating $macc model for $add$experiments/x1/rtl/x1_y1_kimi.v:105$508 ($add).
  creating $macc model for $add$experiments/x1/rtl/x1_y1_kimi.v:105$510 ($add).
  creating $macc model for $add$experiments/x1/rtl/x1_y1_kimi.v:105$512 ($add).
  creating $macc model for $add$experiments/x1/rtl/x1_y1_kimi.v:105$514 ($add).
  creating $macc model for $add$experiments/x1/rtl/x1_y1_kimi.v:105$516 ($add).
  creating $macc model for $add$experiments/x1/rtl/x1_y1_kimi.v:105$518 ($add).
  creating $macc model for $add$experiments/x1/rtl/x1_y1_kimi.v:105$52 ($add).
  creating $macc model for $add$experiments/x1/rtl/x1_y1_kimi.v:105$520 ($add).
  creating $macc model for $add$experiments/x1/rtl/x1_y1_kimi.v:105$522 ($add).
  creating $macc model for $add$experiments/x1/rtl/x1_y1_kimi.v:105$524 ($add).
  creating $macc model for $add$experiments/x1/rtl/x1_y1_kimi.v:105$526 ($add).
  creating $macc model for $add$experiments/x1/rtl/x1_y1_kimi.v:105$528 ($add).
  creating $macc model for $add$experiments/x1/rtl/x1_y1_kimi.v:105$54 ($add).
  creating $macc model for $add$experiments/x1/rtl/x1_y1_kimi.v:105$56 ($add).
  creating $macc model for $add$experiments/x1/rtl/x1_y1_kimi.v:105$58 ($add).
  creating $macc model for $add$experiments/x1/rtl/x1_y1_kimi.v:105$60 ($add).
  creating $macc model for $add$experiments/x1/rtl/x1_y1_kimi.v:105$62 ($add).
  creating $macc model for $add$experiments/x1/rtl/x1_y1_kimi.v:105$64 ($add).
  creating $macc model for $add$experiments/x1/rtl/x1_y1_kimi.v:105$66 ($add).
  creating $macc model for $add$experiments/x1/rtl/x1_y1_kimi.v:105$68 ($add).
  creating $macc model for $add$experiments/x1/rtl/x1_y1_kimi.v:105$70 ($add).
  creating $macc model for $add$experiments/x1/rtl/x1_y1_kimi.v:105$72 ($add).
  creating $macc model for $add$experiments/x1/rtl/x1_y1_kimi.v:105$74 ($add).
  creating $macc model for $add$experiments/x1/rtl/x1_y1_kimi.v:105$76 ($add).
  creating $macc model for $add$experiments/x1/rtl/x1_y1_kimi.v:105$78 ($add).
  creating $macc model for $add$experiments/x1/rtl/x1_y1_kimi.v:105$80 ($add).
  creating $macc model for $add$experiments/x1/rtl/x1_y1_kimi.v:105$82 ($add).
  creating $macc model for $add$experiments/x1/rtl/x1_y1_kimi.v:105$84 ($add).
  creating $macc model for $add$experiments/x1/rtl/x1_y1_kimi.v:105$86 ($add).
  creating $macc model for $add$experiments/x1/rtl/x1_y1_kimi.v:105$88 ($add).
  creating $macc model for $add$experiments/x1/rtl/x1_y1_kimi.v:105$90 ($add).
  creating $macc model for $add$experiments/x1/rtl/x1_y1_kimi.v:105$92 ($add).
  creating $macc model for $add$experiments/x1/rtl/x1_y1_kimi.v:105$94 ($add).
  creating $macc model for $add$experiments/x1/rtl/x1_y1_kimi.v:105$96 ($add).
  creating $macc model for $add$experiments/x1/rtl/x1_y1_kimi.v:105$98 ($add).
  creating $macc model for $add$experiments/x1/rtl/x1_y1_kimi.v:108$529 ($add).
  creating $macc model for $add$experiments/x1/rtl/x1_y1_kimi.v:129$533 ($add).
  creating $macc model for $add$experiments/x1/rtl/x1_y1_kimi.v:97$16 ($add).
  creating $macc model for $mul$experiments/x1/rtl/x1_y1_kimi.v:104$101 ($mul).
  creating $macc model for $mul$experiments/x1/rtl/x1_y1_kimi.v:104$103 ($mul).
  creating $macc model for $mul$experiments/x1/rtl/x1_y1_kimi.v:104$105 ($mul).
  creating $macc model for $mul$experiments/x1/rtl/x1_y1_kimi.v:104$107 ($mul).
  creating $macc model for $mul$experiments/x1/rtl/x1_y1_kimi.v:104$109 ($mul).
  creating $macc model for $mul$experiments/x1/rtl/x1_y1_kimi.v:104$111 ($mul).
  creating $macc model for $mul$experiments/x1/rtl/x1_y1_kimi.v:104$113 ($mul).
  creating $macc model for $mul$experiments/x1/rtl/x1_y1_kimi.v:104$115 ($mul).
  creating $macc model for $mul$experiments/x1/rtl/x1_y1_kimi.v:104$117 ($mul).
  creating $macc model for $mul$experiments/x1/rtl/x1_y1_kimi.v:104$119 ($mul).
  creating $macc model for $mul$experiments/x1/rtl/x1_y1_kimi.v:104$121 ($mul).
  creating $macc model for $mul$experiments/x1/rtl/x1_y1_kimi.v:104$123 ($mul).
  creating $macc model for $mul$experiments/x1/rtl/x1_y1_kimi.v:104$125 ($mul).
  creating $macc model for $mul$experiments/x1/rtl/x1_y1_kimi.v:104$127 ($mul).
  creating $macc model for $mul$experiments/x1/rtl/x1_y1_kimi.v:104$129 ($mul).
  creating $macc model for $mul$experiments/x1/rtl/x1_y1_kimi.v:104$131 ($mul).
  creating $macc model for $mul$experiments/x1/rtl/x1_y1_kimi.v:104$133 ($mul).
  creating $macc model for $mul$experiments/x1/rtl/x1_y1_kimi.v:104$135 ($mul).
  creating $macc model for $mul$experiments/x1/rtl/x1_y1_kimi.v:104$137 ($mul).
  creating $macc model for $mul$experiments/x1/rtl/x1_y1_kimi.v:104$139 ($mul).
  creating $macc model for $mul$experiments/x1/rtl/x1_y1_kimi.v:104$141 ($mul).
  creating $macc model for $mul$experiments/x1/rtl/x1_y1_kimi.v:104$143 ($mul).
  creating $macc model for $mul$experiments/x1/rtl/x1_y1_kimi.v:104$145 ($mul).
  creating $macc model for $mul$experiments/x1/rtl/x1_y1_kimi.v:104$147 ($mul).
  creating $macc model for $mul$experiments/x1/rtl/x1_y1_kimi.v:104$149 ($mul).
  creating $macc model for $mul$experiments/x1/rtl/x1_y1_kimi.v:104$151 ($mul).
  creating $macc model for $mul$experiments/x1/rtl/x1_y1_kimi.v:104$153 ($mul).
  creating $macc model for $mul$experiments/x1/rtl/x1_y1_kimi.v:104$155 ($mul).
  creating $macc model for $mul$experiments/x1/rtl/x1_y1_kimi.v:104$157 ($mul).
  creating $macc model for $mul$experiments/x1/rtl/x1_y1_kimi.v:104$159 ($mul).
  creating $macc model for $mul$experiments/x1/rtl/x1_y1_kimi.v:104$161 ($mul).
  creating $macc model for $mul$experiments/x1/rtl/x1_y1_kimi.v:104$163 ($mul).
  creating $macc model for $mul$experiments/x1/rtl/x1_y1_kimi.v:104$165 ($mul).
  creating $macc model for $mul$experiments/x1/rtl/x1_y1_kimi.v:104$167 ($mul).
  creating $macc model for $mul$experiments/x1/rtl/x1_y1_kimi.v:104$169 ($mul).
  creating $macc model for $mul$experiments/x1/rtl/x1_y1_kimi.v:104$17 ($mul).
  creating $macc model for $mul$experiments/x1/rtl/x1_y1_kimi.v:104$171 ($mul).
  creating $macc model for $mul$experiments/x1/rtl/x1_y1_kimi.v:104$173 ($mul).
  creating $macc model for $mul$experiments/x1/rtl/x1_y1_kimi.v:104$175 ($mul).
  creating $macc model for $mul$experiments/x1/rtl/x1_y1_kimi.v:104$177 ($mul).
  creating $macc model for $mul$experiments/x1/rtl/x1_y1_kimi.v:104$179 ($mul).
  creating $macc model for $mul$experiments/x1/rtl/x1_y1_kimi.v:104$181 ($mul).
  creating $macc model for $mul$experiments/x1/rtl/x1_y1_kimi.v:104$183 ($mul).
  creating $macc model for $mul$experiments/x1/rtl/x1_y1_kimi.v:104$185 ($mul).
  creating $macc model for $mul$experiments/x1/rtl/x1_y1_kimi.v:104$187 ($mul).
  creating $macc model for $mul$experiments/x1/rtl/x1_y1_kimi.v:104$189 ($mul).
  creating $macc model for $mul$experiments/x1/rtl/x1_y1_kimi.v:104$19 ($mul).
  creating $macc model for $mul$experiments/x1/rtl/x1_y1_kimi.v:104$191 ($mul).
  creating $macc model for $mul$experiments/x1/rtl/x1_y1_kimi.v:104$193 ($mul).
  creating $macc model for $mul$experiments/x1/rtl/x1_y1_kimi.v:104$195 ($mul).
  creating $macc model for $mul$experiments/x1/rtl/x1_y1_kimi.v:104$197 ($mul).
  creating $macc model for $mul$experiments/x1/rtl/x1_y1_kimi.v:104$199 ($mul).
  creating $macc model for $mul$experiments/x1/rtl/x1_y1_kimi.v:104$201 ($mul).
  creating $macc model for $mul$experiments/x1/rtl/x1_y1_kimi.v:104$203 ($mul).
  creating $macc model for $mul$experiments/x1/rtl/x1_y1_kimi.v:104$205 ($mul).
  creating $macc model for $mul$experiments/x1/rtl/x1_y1_kimi.v:104$207 ($mul).
  creating $macc model for $mul$experiments/x1/rtl/x1_y1_kimi.v:104$209 ($mul).
  creating $macc model for $mul$experiments/x1/rtl/x1_y1_kimi.v:104$21 ($mul).
  creating $macc model for $mul$experiments/x1/rtl/x1_y1_kimi.v:104$211 ($mul).
  creating $macc model for $mul$experiments/x1/rtl/x1_y1_kimi.v:104$213 ($mul).
  creating $macc model for $mul$experiments/x1/rtl/x1_y1_kimi.v:104$215 ($mul).
  creating $macc model for $mul$experiments/x1/rtl/x1_y1_kimi.v:104$217 ($mul).
  creating $macc model for $mul$experiments/x1/rtl/x1_y1_kimi.v:104$219 ($mul).
  creating $macc model for $mul$experiments/x1/rtl/x1_y1_kimi.v:104$221 ($mul).
  creating $macc model for $mul$experiments/x1/rtl/x1_y1_kimi.v:104$223 ($mul).
  creating $macc model for $mul$experiments/x1/rtl/x1_y1_kimi.v:104$225 ($mul).
  creating $macc model for $mul$experiments/x1/rtl/x1_y1_kimi.v:104$227 ($mul).
  creating $macc model for $mul$experiments/x1/rtl/x1_y1_kimi.v:104$229 ($mul).
  creating $macc model for $mul$experiments/x1/rtl/x1_y1_kimi.v:104$23 ($mul).
  creating $macc model for $mul$experiments/x1/rtl/x1_y1_kimi.v:104$231 ($mul).
  creating $macc model for $mul$experiments/x1/rtl/x1_y1_kimi.v:104$233 ($mul).
  creating $macc model for $mul$experiments/x1/rtl/x1_y1_kimi.v:104$235 ($mul).
  creating $macc model for $mul$experiments/x1/rtl/x1_y1_kimi.v:104$237 ($mul).
  creating $macc model for $mul$experiments/x1/rtl/x1_y1_kimi.v:104$239 ($mul).
  creating $macc model for $mul$experiments/x1/rtl/x1_y1_kimi.v:104$241 ($mul).
  creating $macc model for $mul$experiments/x1/rtl/x1_y1_kimi.v:104$243 ($mul).
  creating $macc model for $mul$experiments/x1/rtl/x1_y1_kimi.v:104$245 ($mul).
  creating $macc model for $mul$experiments/x1/rtl/x1_y1_kimi.v:104$247 ($mul).
  creating $macc model for $mul$experiments/x1/rtl/x1_y1_kimi.v:104$249 ($mul).
  creating $macc model for $mul$experiments/x1/rtl/x1_y1_kimi.v:104$25 ($mul).
  creating $macc model for $mul$experiments/x1/rtl/x1_y1_kimi.v:104$251 ($mul).
  creating $macc model for $mul$experiments/x1/rtl/x1_y1_kimi.v:104$253 ($mul).
  creating $macc model for $mul$experiments/x1/rtl/x1_y1_kimi.v:104$255 ($mul).
  creating $macc model for $mul$experiments/x1/rtl/x1_y1_kimi.v:104$257 ($mul).
  creating $macc model for $mul$experiments/x1/rtl/x1_y1_kimi.v:104$259 ($mul).
  creating $macc model for $mul$experiments/x1/rtl/x1_y1_kimi.v:104$261 ($mul).
  creating $macc model for $mul$experiments/x1/rtl/x1_y1_kimi.v:104$263 ($mul).
  creating $macc model for $mul$experiments/x1/rtl/x1_y1_kimi.v:104$265 ($mul).
  creating $macc model for $mul$experiments/x1/rtl/x1_y1_kimi.v:104$267 ($mul).
  creating $macc model for $mul$experiments/x1/rtl/x1_y1_kimi.v:104$269 ($mul).
  creating $macc model for $mul$experiments/x1/rtl/x1_y1_kimi.v:104$27 ($mul).
  creating $macc model for $mul$experiments/x1/rtl/x1_y1_kimi.v:104$271 ($mul).
  creating $macc model for $mul$experiments/x1/rtl/x1_y1_kimi.v:104$273 ($mul).
  creating $macc model for $mul$experiments/x1/rtl/x1_y1_kimi.v:104$275 ($mul).
  creating $macc model for $mul$experiments/x1/rtl/x1_y1_kimi.v:104$277 ($mul).
  creating $macc model for $mul$experiments/x1/rtl/x1_y1_kimi.v:104$279 ($mul).
  creating $macc model for $mul$experiments/x1/rtl/x1_y1_kimi.v:104$281 ($mul).
  creating $macc model for $mul$experiments/x1/rtl/x1_y1_kimi.v:104$283 ($mul).
  creating $macc model for $mul$experiments/x1/rtl/x1_y1_kimi.v:104$285 ($mul).
  creating $macc model for $mul$experiments/x1/rtl/x1_y1_kimi.v:104$287 ($mul).
  creating $macc model for $mul$experiments/x1/rtl/x1_y1_kimi.v:104$289 ($mul).
  creating $macc model for $mul$experiments/x1/rtl/x1_y1_kimi.v:104$29 ($mul).
  creating $macc model for $mul$experiments/x1/rtl/x1_y1_kimi.v:104$291 ($mul).
  creating $macc model for $mul$experiments/x1/rtl/x1_y1_kimi.v:104$293 ($mul).
  creating $macc model for $mul$experiments/x1/rtl/x1_y1_kimi.v:104$295 ($mul).
  creating $macc model for $mul$experiments/x1/rtl/x1_y1_kimi.v:104$297 ($mul).
  creating $macc model for $mul$experiments/x1/rtl/x1_y1_kimi.v:104$299 ($mul).
  creating $macc model for $mul$experiments/x1/rtl/x1_y1_kimi.v:104$301 ($mul).
  creating $macc model for $mul$experiments/x1/rtl/x1_y1_kimi.v:104$303 ($mul).
  creating $macc model for $mul$experiments/x1/rtl/x1_y1_kimi.v:104$305 ($mul).
  creating $macc model for $mul$experiments/x1/rtl/x1_y1_kimi.v:104$307 ($mul).
  creating $macc model for $mul$experiments/x1/rtl/x1_y1_kimi.v:104$309 ($mul).
  creating $macc model for $mul$experiments/x1/rtl/x1_y1_kimi.v:104$31 ($mul).
  creating $macc model for $mul$experiments/x1/rtl/x1_y1_kimi.v:104$311 ($mul).
  creating $macc model for $mul$experiments/x1/rtl/x1_y1_kimi.v:104$313 ($mul).
  creating $macc model for $mul$experiments/x1/rtl/x1_y1_kimi.v:104$315 ($mul).
  creating $macc model for $mul$experiments/x1/rtl/x1_y1_kimi.v:104$317 ($mul).
  creating $macc model for $mul$experiments/x1/rtl/x1_y1_kimi.v:104$319 ($mul).
  creating $macc model for $mul$experiments/x1/rtl/x1_y1_kimi.v:104$321 ($mul).
  creating $macc model for $mul$experiments/x1/rtl/x1_y1_kimi.v:104$323 ($mul).
  creating $macc model for $mul$experiments/x1/rtl/x1_y1_kimi.v:104$325 ($mul).
  creating $macc model for $mul$experiments/x1/rtl/x1_y1_kimi.v:104$327 ($mul).
  creating $macc model for $mul$experiments/x1/rtl/x1_y1_kimi.v:104$329 ($mul).
  creating $macc model for $mul$experiments/x1/rtl/x1_y1_kimi.v:104$33 ($mul).
  creating $macc model for $mul$experiments/x1/rtl/x1_y1_kimi.v:104$331 ($mul).
  creating $macc model for $mul$experiments/x1/rtl/x1_y1_kimi.v:104$333 ($mul).
  creating $macc model for $mul$experiments/x1/rtl/x1_y1_kimi.v:104$335 ($mul).
  creating $macc model for $mul$experiments/x1/rtl/x1_y1_kimi.v:104$337 ($mul).
  creating $macc model for $mul$experiments/x1/rtl/x1_y1_kimi.v:104$339 ($mul).
  creating $macc model for $mul$experiments/x1/rtl/x1_y1_kimi.v:104$341 ($mul).
  creating $macc model for $mul$experiments/x1/rtl/x1_y1_kimi.v:104$343 ($mul).
  creating $macc model for $mul$experiments/x1/rtl/x1_y1_kimi.v:104$345 ($mul).
  creating $macc model for $mul$experiments/x1/rtl/x1_y1_kimi.v:104$347 ($mul).
  creating $macc model for $mul$experiments/x1/rtl/x1_y1_kimi.v:104$349 ($mul).
  creating $macc model for $mul$experiments/x1/rtl/x1_y1_kimi.v:104$35 ($mul).
  creating $macc model for $mul$experiments/x1/rtl/x1_y1_kimi.v:104$351 ($mul).
  creating $macc model for $mul$experiments/x1/rtl/x1_y1_kimi.v:104$353 ($mul).
  creating $macc model for $mul$experiments/x1/rtl/x1_y1_kimi.v:104$355 ($mul).
  creating $macc model for $mul$experiments/x1/rtl/x1_y1_kimi.v:104$357 ($mul).
  creating $macc model for $mul$experiments/x1/rtl/x1_y1_kimi.v:104$359 ($mul).
  creating $macc model for $mul$experiments/x1/rtl/x1_y1_kimi.v:104$361 ($mul).
  creating $macc model for $mul$experiments/x1/rtl/x1_y1_kimi.v:104$363 ($mul).
  creating $macc model for $mul$experiments/x1/rtl/x1_y1_kimi.v:104$365 ($mul).
  creating $macc model for $mul$experiments/x1/rtl/x1_y1_kimi.v:104$367 ($mul).
  creating $macc model for $mul$experiments/x1/rtl/x1_y1_kimi.v:104$369 ($mul).
  creating $macc model for $mul$experiments/x1/rtl/x1_y1_kimi.v:104$37 ($mul).
  creating $macc model for $mul$experiments/x1/rtl/x1_y1_kimi.v:104$371 ($mul).
  creating $macc model for $mul$experiments/x1/rtl/x1_y1_kimi.v:104$373 ($mul).
  creating $macc model for $mul$experiments/x1/rtl/x1_y1_kimi.v:104$375 ($mul).
  creating $macc model for $mul$experiments/x1/rtl/x1_y1_kimi.v:104$377 ($mul).
  creating $macc model for $mul$experiments/x1/rtl/x1_y1_kimi.v:104$379 ($mul).
  creating $macc model for $mul$experiments/x1/rtl/x1_y1_kimi.v:104$381 ($mul).
  creating $macc model for $mul$experiments/x1/rtl/x1_y1_kimi.v:104$383 ($mul).
  creating $macc model for $mul$experiments/x1/rtl/x1_y1_kimi.v:104$385 ($mul).
  creating $macc model for $mul$experiments/x1/rtl/x1_y1_kimi.v:104$387 ($mul).
  creating $macc model for $mul$experiments/x1/rtl/x1_y1_kimi.v:104$389 ($mul).
  creating $macc model for $mul$experiments/x1/rtl/x1_y1_kimi.v:104$39 ($mul).
  creating $macc model for $mul$experiments/x1/rtl/x1_y1_kimi.v:104$391 ($mul).
  creating $macc model for $mul$experiments/x1/rtl/x1_y1_kimi.v:104$393 ($mul).
  creating $macc model for $mul$experiments/x1/rtl/x1_y1_kimi.v:104$395 ($mul).
  creating $macc model for $mul$experiments/x1/rtl/x1_y1_kimi.v:104$397 ($mul).
  creating $macc model for $mul$experiments/x1/rtl/x1_y1_kimi.v:104$399 ($mul).
  creating $macc model for $mul$experiments/x1/rtl/x1_y1_kimi.v:104$401 ($mul).
  creating $macc model for $mul$experiments/x1/rtl/x1_y1_kimi.v:104$403 ($mul).
  creating $macc model for $mul$experiments/x1/rtl/x1_y1_kimi.v:104$405 ($mul).
  creating $macc model for $mul$experiments/x1/rtl/x1_y1_kimi.v:104$407 ($mul).
  creating $macc model for $mul$experiments/x1/rtl/x1_y1_kimi.v:104$409 ($mul).
  creating $macc model for $mul$experiments/x1/rtl/x1_y1_kimi.v:104$41 ($mul).
  creating $macc model for $mul$experiments/x1/rtl/x1_y1_kimi.v:104$411 ($mul).
  creating $macc model for $mul$experiments/x1/rtl/x1_y1_kimi.v:104$413 ($mul).
  creating $macc model for $mul$experiments/x1/rtl/x1_y1_kimi.v:104$415 ($mul).
  creating $macc model for $mul$experiments/x1/rtl/x1_y1_kimi.v:104$417 ($mul).
  creating $macc model for $mul$experiments/x1/rtl/x1_y1_kimi.v:104$419 ($mul).
  creating $macc model for $mul$experiments/x1/rtl/x1_y1_kimi.v:104$421 ($mul).
  creating $macc model for $mul$experiments/x1/rtl/x1_y1_kimi.v:104$423 ($mul).
  creating $macc model for $mul$experiments/x1/rtl/x1_y1_kimi.v:104$425 ($mul).
  creating $macc model for $mul$experiments/x1/rtl/x1_y1_kimi.v:104$427 ($mul).
  creating $macc model for $mul$experiments/x1/rtl/x1_y1_kimi.v:104$429 ($mul).
  creating $macc model for $mul$experiments/x1/rtl/x1_y1_kimi.v:104$43 ($mul).
  creating $macc model for $mul$experiments/x1/rtl/x1_y1_kimi.v:104$431 ($mul).
  creating $macc model for $mul$experiments/x1/rtl/x1_y1_kimi.v:104$433 ($mul).
  creating $macc model for $mul$experiments/x1/rtl/x1_y1_kimi.v:104$435 ($mul).
  creating $macc model for $mul$experiments/x1/rtl/x1_y1_kimi.v:104$437 ($mul).
  creating $macc model for $mul$experiments/x1/rtl/x1_y1_kimi.v:104$439 ($mul).
  creating $macc model for $mul$experiments/x1/rtl/x1_y1_kimi.v:104$441 ($mul).
  creating $macc model for $mul$experiments/x1/rtl/x1_y1_kimi.v:104$443 ($mul).
  creating $macc model for $mul$experiments/x1/rtl/x1_y1_kimi.v:104$445 ($mul).
  creating $macc model for $mul$experiments/x1/rtl/x1_y1_kimi.v:104$447 ($mul).
  creating $macc model for $mul$experiments/x1/rtl/x1_y1_kimi.v:104$449 ($mul).
  creating $macc model for $mul$experiments/x1/rtl/x1_y1_kimi.v:104$45 ($mul).
  creating $macc model for $mul$experiments/x1/rtl/x1_y1_kimi.v:104$451 ($mul).
  creating $macc model for $mul$experiments/x1/rtl/x1_y1_kimi.v:104$453 ($mul).
  creating $macc model for $mul$experiments/x1/rtl/x1_y1_kimi.v:104$455 ($mul).
  creating $macc model for $mul$experiments/x1/rtl/x1_y1_kimi.v:104$457 ($mul).
  creating $macc model for $mul$experiments/x1/rtl/x1_y1_kimi.v:104$459 ($mul).
  creating $macc model for $mul$experiments/x1/rtl/x1_y1_kimi.v:104$461 ($mul).
  creating $macc model for $mul$experiments/x1/rtl/x1_y1_kimi.v:104$463 ($mul).
  creating $macc model for $mul$experiments/x1/rtl/x1_y1_kimi.v:104$465 ($mul).
  creating $macc model for $mul$experiments/x1/rtl/x1_y1_kimi.v:104$467 ($mul).
  creating $macc model for $mul$experiments/x1/rtl/x1_y1_kimi.v:104$469 ($mul).
  creating $macc model for $mul$experiments/x1/rtl/x1_y1_kimi.v:104$47 ($mul).
  creating $macc model for $mul$experiments/x1/rtl/x1_y1_kimi.v:104$471 ($mul).
  creating $macc model for $mul$experiments/x1/rtl/x1_y1_kimi.v:104$473 ($mul).
  creating $macc model for $mul$experiments/x1/rtl/x1_y1_kimi.v:104$475 ($mul).
  creating $macc model for $mul$experiments/x1/rtl/x1_y1_kimi.v:104$477 ($mul).
  creating $macc model for $mul$experiments/x1/rtl/x1_y1_kimi.v:104$479 ($mul).
  creating $macc model for $mul$experiments/x1/rtl/x1_y1_kimi.v:104$481 ($mul).
  creating $macc model for $mul$experiments/x1/rtl/x1_y1_kimi.v:104$483 ($mul).
  creating $macc model for $mul$experiments/x1/rtl/x1_y1_kimi.v:104$485 ($mul).
  creating $macc model for $mul$experiments/x1/rtl/x1_y1_kimi.v:104$487 ($mul).
  creating $macc model for $mul$experiments/x1/rtl/x1_y1_kimi.v:104$489 ($mul).
  creating $macc model for $mul$experiments/x1/rtl/x1_y1_kimi.v:104$49 ($mul).
  creating $macc model for $mul$experiments/x1/rtl/x1_y1_kimi.v:104$491 ($mul).
  creating $macc model for $mul$experiments/x1/rtl/x1_y1_kimi.v:104$493 ($mul).
  creating $macc model for $mul$experiments/x1/rtl/x1_y1_kimi.v:104$495 ($mul).
  creating $macc model for $mul$experiments/x1/rtl/x1_y1_kimi.v:104$497 ($mul).
  creating $macc model for $mul$experiments/x1/rtl/x1_y1_kimi.v:104$499 ($mul).
  creating $macc model for $mul$experiments/x1/rtl/x1_y1_kimi.v:104$501 ($mul).
  creating $macc model for $mul$experiments/x1/rtl/x1_y1_kimi.v:104$503 ($mul).
  creating $macc model for $mul$experiments/x1/rtl/x1_y1_kimi.v:104$505 ($mul).
  creating $macc model for $mul$experiments/x1/rtl/x1_y1_kimi.v:104$507 ($mul).
  creating $macc model for $mul$experiments/x1/rtl/x1_y1_kimi.v:104$509 ($mul).
  creating $macc model for $mul$experiments/x1/rtl/x1_y1_kimi.v:104$51 ($mul).
  creating $macc model for $mul$experiments/x1/rtl/x1_y1_kimi.v:104$511 ($mul).
  creating $macc model for $mul$experiments/x1/rtl/x1_y1_kimi.v:104$513 ($mul).
  creating $macc model for $mul$experiments/x1/rtl/x1_y1_kimi.v:104$515 ($mul).
  creating $macc model for $mul$experiments/x1/rtl/x1_y1_kimi.v:104$517 ($mul).
  creating $macc model for $mul$experiments/x1/rtl/x1_y1_kimi.v:104$519 ($mul).
  creating $macc model for $mul$experiments/x1/rtl/x1_y1_kimi.v:104$521 ($mul).
  creating $macc model for $mul$experiments/x1/rtl/x1_y1_kimi.v:104$523 ($mul).
  creating $macc model for $mul$experiments/x1/rtl/x1_y1_kimi.v:104$525 ($mul).
  creating $macc model for $mul$experiments/x1/rtl/x1_y1_kimi.v:104$527 ($mul).
  creating $macc model for $mul$experiments/x1/rtl/x1_y1_kimi.v:104$53 ($mul).
  creating $macc model for $mul$experiments/x1/rtl/x1_y1_kimi.v:104$55 ($mul).
  creating $macc model for $mul$experiments/x1/rtl/x1_y1_kimi.v:104$57 ($mul).
  creating $macc model for $mul$experiments/x1/rtl/x1_y1_kimi.v:104$59 ($mul).
  creating $macc model for $mul$experiments/x1/rtl/x1_y1_kimi.v:104$61 ($mul).
  creating $macc model for $mul$experiments/x1/rtl/x1_y1_kimi.v:104$63 ($mul).
  creating $macc model for $mul$experiments/x1/rtl/x1_y1_kimi.v:104$65 ($mul).
  creating $macc model for $mul$experiments/x1/rtl/x1_y1_kimi.v:104$67 ($mul).
  creating $macc model for $mul$experiments/x1/rtl/x1_y1_kimi.v:104$69 ($mul).
  creating $macc model for $mul$experiments/x1/rtl/x1_y1_kimi.v:104$71 ($mul).
  creating $macc model for $mul$experiments/x1/rtl/x1_y1_kimi.v:104$73 ($mul).
  creating $macc model for $mul$experiments/x1/rtl/x1_y1_kimi.v:104$75 ($mul).
  creating $macc model for $mul$experiments/x1/rtl/x1_y1_kimi.v:104$77 ($mul).
  creating $macc model for $mul$experiments/x1/rtl/x1_y1_kimi.v:104$79 ($mul).
  creating $macc model for $mul$experiments/x1/rtl/x1_y1_kimi.v:104$81 ($mul).
  creating $macc model for $mul$experiments/x1/rtl/x1_y1_kimi.v:104$83 ($mul).
  creating $macc model for $mul$experiments/x1/rtl/x1_y1_kimi.v:104$85 ($mul).
  creating $macc model for $mul$experiments/x1/rtl/x1_y1_kimi.v:104$87 ($mul).
  creating $macc model for $mul$experiments/x1/rtl/x1_y1_kimi.v:104$89 ($mul).
  creating $macc model for $mul$experiments/x1/rtl/x1_y1_kimi.v:104$91 ($mul).
  creating $macc model for $mul$experiments/x1/rtl/x1_y1_kimi.v:104$93 ($mul).
  creating $macc model for $mul$experiments/x1/rtl/x1_y1_kimi.v:104$95 ($mul).
  creating $macc model for $mul$experiments/x1/rtl/x1_y1_kimi.v:104$97 ($mul).
  creating $macc model for $mul$experiments/x1/rtl/x1_y1_kimi.v:104$99 ($mul).
  merging $macc model for $mul$experiments/x1/rtl/x1_y1_kimi.v:104$97 into $add$experiments/x1/rtl/x1_y1_kimi.v:105$98.
  merging $macc model for $mul$experiments/x1/rtl/x1_y1_kimi.v:104$95 into $add$experiments/x1/rtl/x1_y1_kimi.v:105$96.
  merging $macc model for $mul$experiments/x1/rtl/x1_y1_kimi.v:104$93 into $add$experiments/x1/rtl/x1_y1_kimi.v:105$94.
  merging $macc model for $mul$experiments/x1/rtl/x1_y1_kimi.v:104$91 into $add$experiments/x1/rtl/x1_y1_kimi.v:105$92.
  merging $macc model for $mul$experiments/x1/rtl/x1_y1_kimi.v:104$89 into $add$experiments/x1/rtl/x1_y1_kimi.v:105$90.
  merging $macc model for $mul$experiments/x1/rtl/x1_y1_kimi.v:104$87 into $add$experiments/x1/rtl/x1_y1_kimi.v:105$88.
  merging $macc model for $mul$experiments/x1/rtl/x1_y1_kimi.v:104$85 into $add$experiments/x1/rtl/x1_y1_kimi.v:105$86.
  merging $macc model for $mul$experiments/x1/rtl/x1_y1_kimi.v:104$83 into $add$experiments/x1/rtl/x1_y1_kimi.v:105$84.
  merging $macc model for $mul$experiments/x1/rtl/x1_y1_kimi.v:104$81 into $add$experiments/x1/rtl/x1_y1_kimi.v:105$82.
  merging $macc model for $mul$experiments/x1/rtl/x1_y1_kimi.v:104$79 into $add$experiments/x1/rtl/x1_y1_kimi.v:105$80.
  merging $macc model for $mul$experiments/x1/rtl/x1_y1_kimi.v:104$77 into $add$experiments/x1/rtl/x1_y1_kimi.v:105$78.
  merging $macc model for $mul$experiments/x1/rtl/x1_y1_kimi.v:104$75 into $add$experiments/x1/rtl/x1_y1_kimi.v:105$76.
  merging $macc model for $mul$experiments/x1/rtl/x1_y1_kimi.v:104$73 into $add$experiments/x1/rtl/x1_y1_kimi.v:105$74.
  merging $macc model for $mul$experiments/x1/rtl/x1_y1_kimi.v:104$71 into $add$experiments/x1/rtl/x1_y1_kimi.v:105$72.
  merging $macc model for $mul$experiments/x1/rtl/x1_y1_kimi.v:104$69 into $add$experiments/x1/rtl/x1_y1_kimi.v:105$70.
  merging $macc model for $mul$experiments/x1/rtl/x1_y1_kimi.v:104$67 into $add$experiments/x1/rtl/x1_y1_kimi.v:105$68.
  merging $macc model for $mul$experiments/x1/rtl/x1_y1_kimi.v:104$65 into $add$experiments/x1/rtl/x1_y1_kimi.v:105$66.
  merging $macc model for $mul$experiments/x1/rtl/x1_y1_kimi.v:104$63 into $add$experiments/x1/rtl/x1_y1_kimi.v:105$64.
  merging $macc model for $mul$experiments/x1/rtl/x1_y1_kimi.v:104$61 into $add$experiments/x1/rtl/x1_y1_kimi.v:105$62.
  merging $macc model for $mul$experiments/x1/rtl/x1_y1_kimi.v:104$59 into $add$experiments/x1/rtl/x1_y1_kimi.v:105$60.
  merging $macc model for $mul$experiments/x1/rtl/x1_y1_kimi.v:104$57 into $add$experiments/x1/rtl/x1_y1_kimi.v:105$58.
  merging $macc model for $mul$experiments/x1/rtl/x1_y1_kimi.v:104$55 into $add$experiments/x1/rtl/x1_y1_kimi.v:105$56.
  merging $macc model for $mul$experiments/x1/rtl/x1_y1_kimi.v:104$53 into $add$experiments/x1/rtl/x1_y1_kimi.v:105$54.
  merging $macc model for $mul$experiments/x1/rtl/x1_y1_kimi.v:104$527 into $add$experiments/x1/rtl/x1_y1_kimi.v:105$528.
  merging $macc model for $mul$experiments/x1/rtl/x1_y1_kimi.v:104$525 into $add$experiments/x1/rtl/x1_y1_kimi.v:105$526.
  merging $macc model for $mul$experiments/x1/rtl/x1_y1_kimi.v:104$523 into $add$experiments/x1/rtl/x1_y1_kimi.v:105$524.
  merging $macc model for $mul$experiments/x1/rtl/x1_y1_kimi.v:104$521 into $add$experiments/x1/rtl/x1_y1_kimi.v:105$522.
  merging $macc model for $mul$experiments/x1/rtl/x1_y1_kimi.v:104$519 into $add$experiments/x1/rtl/x1_y1_kimi.v:105$520.
  merging $macc model for $mul$experiments/x1/rtl/x1_y1_kimi.v:104$51 into $add$experiments/x1/rtl/x1_y1_kimi.v:105$52.
  merging $macc model for $mul$experiments/x1/rtl/x1_y1_kimi.v:104$517 into $add$experiments/x1/rtl/x1_y1_kimi.v:105$518.
  merging $macc model for $mul$experiments/x1/rtl/x1_y1_kimi.v:104$515 into $add$experiments/x1/rtl/x1_y1_kimi.v:105$516.
  merging $macc model for $mul$experiments/x1/rtl/x1_y1_kimi.v:104$513 into $add$experiments/x1/rtl/x1_y1_kimi.v:105$514.
  merging $macc model for $mul$experiments/x1/rtl/x1_y1_kimi.v:104$511 into $add$experiments/x1/rtl/x1_y1_kimi.v:105$512.
  merging $macc model for $mul$experiments/x1/rtl/x1_y1_kimi.v:104$509 into $add$experiments/x1/rtl/x1_y1_kimi.v:105$510.
  merging $macc model for $mul$experiments/x1/rtl/x1_y1_kimi.v:104$507 into $add$experiments/x1/rtl/x1_y1_kimi.v:105$508.
  merging $macc model for $mul$experiments/x1/rtl/x1_y1_kimi.v:104$505 into $add$experiments/x1/rtl/x1_y1_kimi.v:105$506.
  merging $macc model for $mul$experiments/x1/rtl/x1_y1_kimi.v:104$503 into $add$experiments/x1/rtl/x1_y1_kimi.v:105$504.
  merging $macc model for $mul$experiments/x1/rtl/x1_y1_kimi.v:104$501 into $add$experiments/x1/rtl/x1_y1_kimi.v:105$502.
  merging $macc model for $mul$experiments/x1/rtl/x1_y1_kimi.v:104$499 into $add$experiments/x1/rtl/x1_y1_kimi.v:105$500.
  merging $macc model for $mul$experiments/x1/rtl/x1_y1_kimi.v:104$49 into $add$experiments/x1/rtl/x1_y1_kimi.v:105$50.
  merging $macc model for $mul$experiments/x1/rtl/x1_y1_kimi.v:104$497 into $add$experiments/x1/rtl/x1_y1_kimi.v:105$498.
  merging $macc model for $mul$experiments/x1/rtl/x1_y1_kimi.v:104$495 into $add$experiments/x1/rtl/x1_y1_kimi.v:105$496.
  merging $macc model for $mul$experiments/x1/rtl/x1_y1_kimi.v:104$493 into $add$experiments/x1/rtl/x1_y1_kimi.v:105$494.
  merging $macc model for $mul$experiments/x1/rtl/x1_y1_kimi.v:104$491 into $add$experiments/x1/rtl/x1_y1_kimi.v:105$492.
  merging $macc model for $mul$experiments/x1/rtl/x1_y1_kimi.v:104$489 into $add$experiments/x1/rtl/x1_y1_kimi.v:105$490.
  merging $macc model for $mul$experiments/x1/rtl/x1_y1_kimi.v:104$487 into $add$experiments/x1/rtl/x1_y1_kimi.v:105$488.
  merging $macc model for $mul$experiments/x1/rtl/x1_y1_kimi.v:104$485 into $add$experiments/x1/rtl/x1_y1_kimi.v:105$486.
  merging $macc model for $mul$experiments/x1/rtl/x1_y1_kimi.v:104$483 into $add$experiments/x1/rtl/x1_y1_kimi.v:105$484.
  merging $macc model for $mul$experiments/x1/rtl/x1_y1_kimi.v:104$481 into $add$experiments/x1/rtl/x1_y1_kimi.v:105$482.
  merging $macc model for $mul$experiments/x1/rtl/x1_y1_kimi.v:104$479 into $add$experiments/x1/rtl/x1_y1_kimi.v:105$480.
  merging $macc model for $mul$experiments/x1/rtl/x1_y1_kimi.v:104$47 into $add$experiments/x1/rtl/x1_y1_kimi.v:105$48.
  merging $macc model for $mul$experiments/x1/rtl/x1_y1_kimi.v:104$477 into $add$experiments/x1/rtl/x1_y1_kimi.v:105$478.
  merging $macc model for $mul$experiments/x1/rtl/x1_y1_kimi.v:104$475 into $add$experiments/x1/rtl/x1_y1_kimi.v:105$476.
  merging $macc model for $mul$experiments/x1/rtl/x1_y1_kimi.v:104$473 into $add$experiments/x1/rtl/x1_y1_kimi.v:105$474.
  merging $macc model for $mul$experiments/x1/rtl/x1_y1_kimi.v:104$471 into $add$experiments/x1/rtl/x1_y1_kimi.v:105$472.
  merging $macc model for $mul$experiments/x1/rtl/x1_y1_kimi.v:104$469 into $add$experiments/x1/rtl/x1_y1_kimi.v:105$470.
  merging $macc model for $mul$experiments/x1/rtl/x1_y1_kimi.v:104$467 into $add$experiments/x1/rtl/x1_y1_kimi.v:105$468.
  merging $macc model for $mul$experiments/x1/rtl/x1_y1_kimi.v:104$465 into $add$experiments/x1/rtl/x1_y1_kimi.v:105$466.
  merging $macc model for $mul$experiments/x1/rtl/x1_y1_kimi.v:104$463 into $add$experiments/x1/rtl/x1_y1_kimi.v:105$464.
  merging $macc model for $mul$experiments/x1/rtl/x1_y1_kimi.v:104$461 into $add$experiments/x1/rtl/x1_y1_kimi.v:105$462.
  merging $macc model for $mul$experiments/x1/rtl/x1_y1_kimi.v:104$459 into $add$experiments/x1/rtl/x1_y1_kimi.v:105$460.
  merging $macc model for $mul$experiments/x1/rtl/x1_y1_kimi.v:104$45 into $add$experiments/x1/rtl/x1_y1_kimi.v:105$46.
  merging $macc model for $mul$experiments/x1/rtl/x1_y1_kimi.v:104$457 into $add$experiments/x1/rtl/x1_y1_kimi.v:105$458.
  merging $macc model for $mul$experiments/x1/rtl/x1_y1_kimi.v:104$455 into $add$experiments/x1/rtl/x1_y1_kimi.v:105$456.
  merging $macc model for $mul$experiments/x1/rtl/x1_y1_kimi.v:104$453 into $add$experiments/x1/rtl/x1_y1_kimi.v:105$454.
  merging $macc model for $mul$experiments/x1/rtl/x1_y1_kimi.v:104$451 into $add$experiments/x1/rtl/x1_y1_kimi.v:105$452.
  merging $macc model for $mul$experiments/x1/rtl/x1_y1_kimi.v:104$449 into $add$experiments/x1/rtl/x1_y1_kimi.v:105$450.
  merging $macc model for $mul$experiments/x1/rtl/x1_y1_kimi.v:104$447 into $add$experiments/x1/rtl/x1_y1_kimi.v:105$448.
  merging $macc model for $mul$experiments/x1/rtl/x1_y1_kimi.v:104$445 into $add$experiments/x1/rtl/x1_y1_kimi.v:105$446.
  merging $macc model for $mul$experiments/x1/rtl/x1_y1_kimi.v:104$443 into $add$experiments/x1/rtl/x1_y1_kimi.v:105$444.
  merging $macc model for $mul$experiments/x1/rtl/x1_y1_kimi.v:104$441 into $add$experiments/x1/rtl/x1_y1_kimi.v:105$442.
  merging $macc model for $mul$experiments/x1/rtl/x1_y1_kimi.v:104$439 into $add$experiments/x1/rtl/x1_y1_kimi.v:105$440.
  merging $macc model for $mul$experiments/x1/rtl/x1_y1_kimi.v:104$43 into $add$experiments/x1/rtl/x1_y1_kimi.v:105$44.
  merging $macc model for $mul$experiments/x1/rtl/x1_y1_kimi.v:104$437 into $add$experiments/x1/rtl/x1_y1_kimi.v:105$438.
  merging $macc model for $mul$experiments/x1/rtl/x1_y1_kimi.v:104$435 into $add$experiments/x1/rtl/x1_y1_kimi.v:105$436.
  merging $macc model for $mul$experiments/x1/rtl/x1_y1_kimi.v:104$433 into $add$experiments/x1/rtl/x1_y1_kimi.v:105$434.
  merging $macc model for $mul$experiments/x1/rtl/x1_y1_kimi.v:104$431 into $add$experiments/x1/rtl/x1_y1_kimi.v:105$432.
  merging $macc model for $mul$experiments/x1/rtl/x1_y1_kimi.v:104$429 into $add$experiments/x1/rtl/x1_y1_kimi.v:105$430.
  merging $macc model for $mul$experiments/x1/rtl/x1_y1_kimi.v:104$427 into $add$experiments/x1/rtl/x1_y1_kimi.v:105$428.
  merging $macc model for $mul$experiments/x1/rtl/x1_y1_kimi.v:104$425 into $add$experiments/x1/rtl/x1_y1_kimi.v:105$426.
  merging $macc model for $mul$experiments/x1/rtl/x1_y1_kimi.v:104$423 into $add$experiments/x1/rtl/x1_y1_kimi.v:105$424.
  merging $macc model for $mul$experiments/x1/rtl/x1_y1_kimi.v:104$421 into $add$experiments/x1/rtl/x1_y1_kimi.v:105$422.
  merging $macc model for $mul$experiments/x1/rtl/x1_y1_kimi.v:104$419 into $add$experiments/x1/rtl/x1_y1_kimi.v:105$420.
  merging $macc model for $mul$experiments/x1/rtl/x1_y1_kimi.v:104$41 into $add$experiments/x1/rtl/x1_y1_kimi.v:105$42.
  merging $macc model for $mul$experiments/x1/rtl/x1_y1_kimi.v:104$417 into $add$experiments/x1/rtl/x1_y1_kimi.v:105$418.
  merging $macc model for $mul$experiments/x1/rtl/x1_y1_kimi.v:104$415 into $add$experiments/x1/rtl/x1_y1_kimi.v:105$416.
  merging $macc model for $mul$experiments/x1/rtl/x1_y1_kimi.v:104$413 into $add$experiments/x1/rtl/x1_y1_kimi.v:105$414.
  merging $macc model for $mul$experiments/x1/rtl/x1_y1_kimi.v:104$411 into $add$experiments/x1/rtl/x1_y1_kimi.v:105$412.
  merging $macc model for $mul$experiments/x1/rtl/x1_y1_kimi.v:104$409 into $add$experiments/x1/rtl/x1_y1_kimi.v:105$410.
  merging $macc model for $mul$experiments/x1/rtl/x1_y1_kimi.v:104$407 into $add$experiments/x1/rtl/x1_y1_kimi.v:105$408.
  merging $macc model for $mul$experiments/x1/rtl/x1_y1_kimi.v:104$405 into $add$experiments/x1/rtl/x1_y1_kimi.v:105$406.
  merging $macc model for $mul$experiments/x1/rtl/x1_y1_kimi.v:104$403 into $add$experiments/x1/rtl/x1_y1_kimi.v:105$404.
  merging $macc model for $mul$experiments/x1/rtl/x1_y1_kimi.v:104$401 into $add$experiments/x1/rtl/x1_y1_kimi.v:105$402.
  merging $macc model for $mul$experiments/x1/rtl/x1_y1_kimi.v:104$399 into $add$experiments/x1/rtl/x1_y1_kimi.v:105$400.
  merging $macc model for $mul$experiments/x1/rtl/x1_y1_kimi.v:104$39 into $add$experiments/x1/rtl/x1_y1_kimi.v:105$40.
  merging $macc model for $mul$experiments/x1/rtl/x1_y1_kimi.v:104$397 into $add$experiments/x1/rtl/x1_y1_kimi.v:105$398.
  merging $macc model for $mul$experiments/x1/rtl/x1_y1_kimi.v:104$395 into $add$experiments/x1/rtl/x1_y1_kimi.v:105$396.
  merging $macc model for $mul$experiments/x1/rtl/x1_y1_kimi.v:104$393 into $add$experiments/x1/rtl/x1_y1_kimi.v:105$394.
  merging $macc model for $mul$experiments/x1/rtl/x1_y1_kimi.v:104$391 into $add$experiments/x1/rtl/x1_y1_kimi.v:105$392.
  merging $macc model for $mul$experiments/x1/rtl/x1_y1_kimi.v:104$389 into $add$experiments/x1/rtl/x1_y1_kimi.v:105$390.
  merging $macc model for $mul$experiments/x1/rtl/x1_y1_kimi.v:104$387 into $add$experiments/x1/rtl/x1_y1_kimi.v:105$388.
  merging $macc model for $mul$experiments/x1/rtl/x1_y1_kimi.v:104$385 into $add$experiments/x1/rtl/x1_y1_kimi.v:105$386.
  merging $macc model for $mul$experiments/x1/rtl/x1_y1_kimi.v:104$383 into $add$experiments/x1/rtl/x1_y1_kimi.v:105$384.
  merging $macc model for $mul$experiments/x1/rtl/x1_y1_kimi.v:104$381 into $add$experiments/x1/rtl/x1_y1_kimi.v:105$382.
  merging $macc model for $mul$experiments/x1/rtl/x1_y1_kimi.v:104$379 into $add$experiments/x1/rtl/x1_y1_kimi.v:105$380.
  merging $macc model for $mul$experiments/x1/rtl/x1_y1_kimi.v:104$37 into $add$experiments/x1/rtl/x1_y1_kimi.v:105$38.
  merging $macc model for $mul$experiments/x1/rtl/x1_y1_kimi.v:104$377 into $add$experiments/x1/rtl/x1_y1_kimi.v:105$378.
  merging $macc model for $mul$experiments/x1/rtl/x1_y1_kimi.v:104$375 into $add$experiments/x1/rtl/x1_y1_kimi.v:105$376.
  merging $macc model for $mul$experiments/x1/rtl/x1_y1_kimi.v:104$373 into $add$experiments/x1/rtl/x1_y1_kimi.v:105$374.
  merging $macc model for $mul$experiments/x1/rtl/x1_y1_kimi.v:104$371 into $add$experiments/x1/rtl/x1_y1_kimi.v:105$372.
  merging $macc model for $mul$experiments/x1/rtl/x1_y1_kimi.v:104$369 into $add$experiments/x1/rtl/x1_y1_kimi.v:105$370.
  merging $macc model for $mul$experiments/x1/rtl/x1_y1_kimi.v:104$367 into $add$experiments/x1/rtl/x1_y1_kimi.v:105$368.
  merging $macc model for $mul$experiments/x1/rtl/x1_y1_kimi.v:104$365 into $add$experiments/x1/rtl/x1_y1_kimi.v:105$366.
  merging $macc model for $mul$experiments/x1/rtl/x1_y1_kimi.v:104$363 into $add$experiments/x1/rtl/x1_y1_kimi.v:105$364.
  merging $macc model for $mul$experiments/x1/rtl/x1_y1_kimi.v:104$361 into $add$experiments/x1/rtl/x1_y1_kimi.v:105$362.
  merging $macc model for $mul$experiments/x1/rtl/x1_y1_kimi.v:104$359 into $add$experiments/x1/rtl/x1_y1_kimi.v:105$360.
  merging $macc model for $mul$experiments/x1/rtl/x1_y1_kimi.v:104$35 into $add$experiments/x1/rtl/x1_y1_kimi.v:105$36.
  merging $macc model for $mul$experiments/x1/rtl/x1_y1_kimi.v:104$357 into $add$experiments/x1/rtl/x1_y1_kimi.v:105$358.
  merging $macc model for $mul$experiments/x1/rtl/x1_y1_kimi.v:104$355 into $add$experiments/x1/rtl/x1_y1_kimi.v:105$356.
  merging $macc model for $mul$experiments/x1/rtl/x1_y1_kimi.v:104$353 into $add$experiments/x1/rtl/x1_y1_kimi.v:105$354.
  merging $macc model for $mul$experiments/x1/rtl/x1_y1_kimi.v:104$351 into $add$experiments/x1/rtl/x1_y1_kimi.v:105$352.
  merging $macc model for $mul$experiments/x1/rtl/x1_y1_kimi.v:104$349 into $add$experiments/x1/rtl/x1_y1_kimi.v:105$350.
  merging $macc model for $mul$experiments/x1/rtl/x1_y1_kimi.v:104$347 into $add$experiments/x1/rtl/x1_y1_kimi.v:105$348.
  merging $macc model for $mul$experiments/x1/rtl/x1_y1_kimi.v:104$345 into $add$experiments/x1/rtl/x1_y1_kimi.v:105$346.
  merging $macc model for $mul$experiments/x1/rtl/x1_y1_kimi.v:104$343 into $add$experiments/x1/rtl/x1_y1_kimi.v:105$344.
  merging $macc model for $mul$experiments/x1/rtl/x1_y1_kimi.v:104$341 into $add$experiments/x1/rtl/x1_y1_kimi.v:105$342.
  merging $macc model for $mul$experiments/x1/rtl/x1_y1_kimi.v:104$339 into $add$experiments/x1/rtl/x1_y1_kimi.v:105$340.
  merging $macc model for $mul$experiments/x1/rtl/x1_y1_kimi.v:104$33 into $add$experiments/x1/rtl/x1_y1_kimi.v:105$34.
  merging $macc model for $mul$experiments/x1/rtl/x1_y1_kimi.v:104$337 into $add$experiments/x1/rtl/x1_y1_kimi.v:105$338.
  merging $macc model for $mul$experiments/x1/rtl/x1_y1_kimi.v:104$335 into $add$experiments/x1/rtl/x1_y1_kimi.v:105$336.
  merging $macc model for $mul$experiments/x1/rtl/x1_y1_kimi.v:104$333 into $add$experiments/x1/rtl/x1_y1_kimi.v:105$334.
  merging $macc model for $mul$experiments/x1/rtl/x1_y1_kimi.v:104$331 into $add$experiments/x1/rtl/x1_y1_kimi.v:105$332.
  merging $macc model for $mul$experiments/x1/rtl/x1_y1_kimi.v:104$329 into $add$experiments/x1/rtl/x1_y1_kimi.v:105$330.
  merging $macc model for $mul$experiments/x1/rtl/x1_y1_kimi.v:104$327 into $add$experiments/x1/rtl/x1_y1_kimi.v:105$328.
  merging $macc model for $mul$experiments/x1/rtl/x1_y1_kimi.v:104$325 into $add$experiments/x1/rtl/x1_y1_kimi.v:105$326.
  merging $macc model for $mul$experiments/x1/rtl/x1_y1_kimi.v:104$323 into $add$experiments/x1/rtl/x1_y1_kimi.v:105$324.
  merging $macc model for $mul$experiments/x1/rtl/x1_y1_kimi.v:104$321 into $add$experiments/x1/rtl/x1_y1_kimi.v:105$322.
  merging $macc model for $mul$experiments/x1/rtl/x1_y1_kimi.v:104$319 into $add$experiments/x1/rtl/x1_y1_kimi.v:105$320.
  merging $macc model for $mul$experiments/x1/rtl/x1_y1_kimi.v:104$31 into $add$experiments/x1/rtl/x1_y1_kimi.v:105$32.
  merging $macc model for $mul$experiments/x1/rtl/x1_y1_kimi.v:104$317 into $add$experiments/x1/rtl/x1_y1_kimi.v:105$318.
  merging $macc model for $mul$experiments/x1/rtl/x1_y1_kimi.v:104$315 into $add$experiments/x1/rtl/x1_y1_kimi.v:105$316.
  merging $macc model for $mul$experiments/x1/rtl/x1_y1_kimi.v:104$313 into $add$experiments/x1/rtl/x1_y1_kimi.v:105$314.
  merging $macc model for $mul$experiments/x1/rtl/x1_y1_kimi.v:104$311 into $add$experiments/x1/rtl/x1_y1_kimi.v:105$312.
  merging $macc model for $mul$experiments/x1/rtl/x1_y1_kimi.v:104$309 into $add$experiments/x1/rtl/x1_y1_kimi.v:105$310.
  merging $macc model for $mul$experiments/x1/rtl/x1_y1_kimi.v:104$307 into $add$experiments/x1/rtl/x1_y1_kimi.v:105$308.
  merging $macc model for $mul$experiments/x1/rtl/x1_y1_kimi.v:104$305 into $add$experiments/x1/rtl/x1_y1_kimi.v:105$306.
  merging $macc model for $mul$experiments/x1/rtl/x1_y1_kimi.v:104$303 into $add$experiments/x1/rtl/x1_y1_kimi.v:105$304.
  merging $macc model for $mul$experiments/x1/rtl/x1_y1_kimi.v:104$301 into $add$experiments/x1/rtl/x1_y1_kimi.v:105$302.
  merging $macc model for $mul$experiments/x1/rtl/x1_y1_kimi.v:104$299 into $add$experiments/x1/rtl/x1_y1_kimi.v:105$300.
  merging $macc model for $mul$experiments/x1/rtl/x1_y1_kimi.v:104$29 into $add$experiments/x1/rtl/x1_y1_kimi.v:105$30.
  merging $macc model for $mul$experiments/x1/rtl/x1_y1_kimi.v:104$297 into $add$experiments/x1/rtl/x1_y1_kimi.v:105$298.
  merging $macc model for $mul$experiments/x1/rtl/x1_y1_kimi.v:104$295 into $add$experiments/x1/rtl/x1_y1_kimi.v:105$296.
  merging $macc model for $mul$experiments/x1/rtl/x1_y1_kimi.v:104$293 into $add$experiments/x1/rtl/x1_y1_kimi.v:105$294.
  merging $macc model for $mul$experiments/x1/rtl/x1_y1_kimi.v:104$291 into $add$experiments/x1/rtl/x1_y1_kimi.v:105$292.
  merging $macc model for $mul$experiments/x1/rtl/x1_y1_kimi.v:104$289 into $add$experiments/x1/rtl/x1_y1_kimi.v:105$290.
  merging $macc model for $mul$experiments/x1/rtl/x1_y1_kimi.v:104$287 into $add$experiments/x1/rtl/x1_y1_kimi.v:105$288.
  merging $macc model for $mul$experiments/x1/rtl/x1_y1_kimi.v:104$285 into $add$experiments/x1/rtl/x1_y1_kimi.v:105$286.
  merging $macc model for $mul$experiments/x1/rtl/x1_y1_kimi.v:104$283 into $add$experiments/x1/rtl/x1_y1_kimi.v:105$284.
  merging $macc model for $mul$experiments/x1/rtl/x1_y1_kimi.v:104$281 into $add$experiments/x1/rtl/x1_y1_kimi.v:105$282.
  merging $macc model for $mul$experiments/x1/rtl/x1_y1_kimi.v:104$279 into $add$experiments/x1/rtl/x1_y1_kimi.v:105$280.
  merging $macc model for $mul$experiments/x1/rtl/x1_y1_kimi.v:104$27 into $add$experiments/x1/rtl/x1_y1_kimi.v:105$28.
  merging $macc model for $mul$experiments/x1/rtl/x1_y1_kimi.v:104$277 into $add$experiments/x1/rtl/x1_y1_kimi.v:105$278.
  merging $macc model for $mul$experiments/x1/rtl/x1_y1_kimi.v:104$275 into $add$experiments/x1/rtl/x1_y1_kimi.v:105$276.
  merging $macc model for $mul$experiments/x1/rtl/x1_y1_kimi.v:104$273 into $add$experiments/x1/rtl/x1_y1_kimi.v:105$274.
  merging $macc model for $mul$experiments/x1/rtl/x1_y1_kimi.v:104$271 into $add$experiments/x1/rtl/x1_y1_kimi.v:105$272.
  merging $macc model for $mul$experiments/x1/rtl/x1_y1_kimi.v:104$269 into $add$experiments/x1/rtl/x1_y1_kimi.v:105$270.
  merging $macc model for $mul$experiments/x1/rtl/x1_y1_kimi.v:104$267 into $add$experiments/x1/rtl/x1_y1_kimi.v:105$268.
  merging $macc model for $mul$experiments/x1/rtl/x1_y1_kimi.v:104$265 into $add$experiments/x1/rtl/x1_y1_kimi.v:105$266.
  merging $macc model for $mul$experiments/x1/rtl/x1_y1_kimi.v:104$263 into $add$experiments/x1/rtl/x1_y1_kimi.v:105$264.
  merging $macc model for $mul$experiments/x1/rtl/x1_y1_kimi.v:104$261 into $add$experiments/x1/rtl/x1_y1_kimi.v:105$262.
  merging $macc model for $mul$experiments/x1/rtl/x1_y1_kimi.v:104$259 into $add$experiments/x1/rtl/x1_y1_kimi.v:105$260.
  merging $macc model for $mul$experiments/x1/rtl/x1_y1_kimi.v:104$25 into $add$experiments/x1/rtl/x1_y1_kimi.v:105$26.
  merging $macc model for $mul$experiments/x1/rtl/x1_y1_kimi.v:104$257 into $add$experiments/x1/rtl/x1_y1_kimi.v:105$258.
  merging $macc model for $mul$experiments/x1/rtl/x1_y1_kimi.v:104$255 into $add$experiments/x1/rtl/x1_y1_kimi.v:105$256.
  merging $macc model for $mul$experiments/x1/rtl/x1_y1_kimi.v:104$253 into $add$experiments/x1/rtl/x1_y1_kimi.v:105$254.
  merging $macc model for $mul$experiments/x1/rtl/x1_y1_kimi.v:104$251 into $add$experiments/x1/rtl/x1_y1_kimi.v:105$252.
  merging $macc model for $mul$experiments/x1/rtl/x1_y1_kimi.v:104$249 into $add$experiments/x1/rtl/x1_y1_kimi.v:105$250.
  merging $macc model for $mul$experiments/x1/rtl/x1_y1_kimi.v:104$247 into $add$experiments/x1/rtl/x1_y1_kimi.v:105$248.
  merging $macc model for $mul$experiments/x1/rtl/x1_y1_kimi.v:104$245 into $add$experiments/x1/rtl/x1_y1_kimi.v:105$246.
  merging $macc model for $mul$experiments/x1/rtl/x1_y1_kimi.v:104$243 into $add$experiments/x1/rtl/x1_y1_kimi.v:105$244.
  merging $macc model for $mul$experiments/x1/rtl/x1_y1_kimi.v:104$241 into $add$experiments/x1/rtl/x1_y1_kimi.v:105$242.
  merging $macc model for $mul$experiments/x1/rtl/x1_y1_kimi.v:104$239 into $add$experiments/x1/rtl/x1_y1_kimi.v:105$240.
  merging $macc model for $mul$experiments/x1/rtl/x1_y1_kimi.v:104$23 into $add$experiments/x1/rtl/x1_y1_kimi.v:105$24.
  merging $macc model for $mul$experiments/x1/rtl/x1_y1_kimi.v:104$237 into $add$experiments/x1/rtl/x1_y1_kimi.v:105$238.
  merging $macc model for $mul$experiments/x1/rtl/x1_y1_kimi.v:104$235 into $add$experiments/x1/rtl/x1_y1_kimi.v:105$236.
  merging $macc model for $mul$experiments/x1/rtl/x1_y1_kimi.v:104$233 into $add$experiments/x1/rtl/x1_y1_kimi.v:105$234.
  merging $macc model for $mul$experiments/x1/rtl/x1_y1_kimi.v:104$231 into $add$experiments/x1/rtl/x1_y1_kimi.v:105$232.
  merging $macc model for $mul$experiments/x1/rtl/x1_y1_kimi.v:104$229 into $add$experiments/x1/rtl/x1_y1_kimi.v:105$230.
  merging $macc model for $mul$experiments/x1/rtl/x1_y1_kimi.v:104$227 into $add$experiments/x1/rtl/x1_y1_kimi.v:105$228.
  merging $macc model for $mul$experiments/x1/rtl/x1_y1_kimi.v:104$225 into $add$experiments/x1/rtl/x1_y1_kimi.v:105$226.
  merging $macc model for $mul$experiments/x1/rtl/x1_y1_kimi.v:104$223 into $add$experiments/x1/rtl/x1_y1_kimi.v:105$224.
  merging $macc model for $mul$experiments/x1/rtl/x1_y1_kimi.v:104$221 into $add$experiments/x1/rtl/x1_y1_kimi.v:105$222.
  merging $macc model for $mul$experiments/x1/rtl/x1_y1_kimi.v:104$219 into $add$experiments/x1/rtl/x1_y1_kimi.v:105$220.
  merging $macc model for $mul$experiments/x1/rtl/x1_y1_kimi.v:104$21 into $add$experiments/x1/rtl/x1_y1_kimi.v:105$22.
  merging $macc model for $mul$experiments/x1/rtl/x1_y1_kimi.v:104$217 into $add$experiments/x1/rtl/x1_y1_kimi.v:105$218.
  merging $macc model for $mul$experiments/x1/rtl/x1_y1_kimi.v:104$215 into $add$experiments/x1/rtl/x1_y1_kimi.v:105$216.
  merging $macc model for $mul$experiments/x1/rtl/x1_y1_kimi.v:104$213 into $add$experiments/x1/rtl/x1_y1_kimi.v:105$214.
  merging $macc model for $mul$experiments/x1/rtl/x1_y1_kimi.v:104$211 into $add$experiments/x1/rtl/x1_y1_kimi.v:105$212.
  merging $macc model for $mul$experiments/x1/rtl/x1_y1_kimi.v:104$209 into $add$experiments/x1/rtl/x1_y1_kimi.v:105$210.
  merging $macc model for $mul$experiments/x1/rtl/x1_y1_kimi.v:104$207 into $add$experiments/x1/rtl/x1_y1_kimi.v:105$208.
  merging $macc model for $mul$experiments/x1/rtl/x1_y1_kimi.v:104$205 into $add$experiments/x1/rtl/x1_y1_kimi.v:105$206.
  merging $macc model for $mul$experiments/x1/rtl/x1_y1_kimi.v:104$203 into $add$experiments/x1/rtl/x1_y1_kimi.v:105$204.
  merging $macc model for $mul$experiments/x1/rtl/x1_y1_kimi.v:104$201 into $add$experiments/x1/rtl/x1_y1_kimi.v:105$202.
  merging $macc model for $mul$experiments/x1/rtl/x1_y1_kimi.v:104$199 into $add$experiments/x1/rtl/x1_y1_kimi.v:105$200.
  merging $macc model for $mul$experiments/x1/rtl/x1_y1_kimi.v:104$19 into $add$experiments/x1/rtl/x1_y1_kimi.v:105$20.
  merging $macc model for $mul$experiments/x1/rtl/x1_y1_kimi.v:104$197 into $add$experiments/x1/rtl/x1_y1_kimi.v:105$198.
  merging $macc model for $mul$experiments/x1/rtl/x1_y1_kimi.v:104$195 into $add$experiments/x1/rtl/x1_y1_kimi.v:105$196.
  merging $macc model for $mul$experiments/x1/rtl/x1_y1_kimi.v:104$193 into $add$experiments/x1/rtl/x1_y1_kimi.v:105$194.
  merging $macc model for $mul$experiments/x1/rtl/x1_y1_kimi.v:104$191 into $add$experiments/x1/rtl/x1_y1_kimi.v:105$192.
  merging $macc model for $mul$experiments/x1/rtl/x1_y1_kimi.v:104$189 into $add$experiments/x1/rtl/x1_y1_kimi.v:105$190.
  merging $macc model for $mul$experiments/x1/rtl/x1_y1_kimi.v:104$187 into $add$experiments/x1/rtl/x1_y1_kimi.v:105$188.
  merging $macc model for $mul$experiments/x1/rtl/x1_y1_kimi.v:104$185 into $add$experiments/x1/rtl/x1_y1_kimi.v:105$186.
  merging $macc model for $mul$experiments/x1/rtl/x1_y1_kimi.v:104$183 into $add$experiments/x1/rtl/x1_y1_kimi.v:105$184.
  merging $macc model for $mul$experiments/x1/rtl/x1_y1_kimi.v:104$181 into $add$experiments/x1/rtl/x1_y1_kimi.v:105$182.
  merging $macc model for $mul$experiments/x1/rtl/x1_y1_kimi.v:104$179 into $add$experiments/x1/rtl/x1_y1_kimi.v:105$180.
  merging $macc model for $mul$experiments/x1/rtl/x1_y1_kimi.v:104$17 into $add$experiments/x1/rtl/x1_y1_kimi.v:105$18.
  merging $macc model for $mul$experiments/x1/rtl/x1_y1_kimi.v:104$177 into $add$experiments/x1/rtl/x1_y1_kimi.v:105$178.
  merging $macc model for $mul$experiments/x1/rtl/x1_y1_kimi.v:104$175 into $add$experiments/x1/rtl/x1_y1_kimi.v:105$176.
  merging $macc model for $mul$experiments/x1/rtl/x1_y1_kimi.v:104$173 into $add$experiments/x1/rtl/x1_y1_kimi.v:105$174.
  merging $macc model for $mul$experiments/x1/rtl/x1_y1_kimi.v:104$171 into $add$experiments/x1/rtl/x1_y1_kimi.v:105$172.
  merging $macc model for $mul$experiments/x1/rtl/x1_y1_kimi.v:104$169 into $add$experiments/x1/rtl/x1_y1_kimi.v:105$170.
  merging $macc model for $mul$experiments/x1/rtl/x1_y1_kimi.v:104$167 into $add$experiments/x1/rtl/x1_y1_kimi.v:105$168.
  merging $macc model for $mul$experiments/x1/rtl/x1_y1_kimi.v:104$165 into $add$experiments/x1/rtl/x1_y1_kimi.v:105$166.
  merging $macc model for $mul$experiments/x1/rtl/x1_y1_kimi.v:104$163 into $add$experiments/x1/rtl/x1_y1_kimi.v:105$164.
  merging $macc model for $mul$experiments/x1/rtl/x1_y1_kimi.v:104$161 into $add$experiments/x1/rtl/x1_y1_kimi.v:105$162.
  merging $macc model for $mul$experiments/x1/rtl/x1_y1_kimi.v:104$159 into $add$experiments/x1/rtl/x1_y1_kimi.v:105$160.
  merging $macc model for $mul$experiments/x1/rtl/x1_y1_kimi.v:104$157 into $add$experiments/x1/rtl/x1_y1_kimi.v:105$158.
  merging $macc model for $mul$experiments/x1/rtl/x1_y1_kimi.v:104$155 into $add$experiments/x1/rtl/x1_y1_kimi.v:105$156.
  merging $macc model for $mul$experiments/x1/rtl/x1_y1_kimi.v:104$153 into $add$experiments/x1/rtl/x1_y1_kimi.v:105$154.
  merging $macc model for $mul$experiments/x1/rtl/x1_y1_kimi.v:104$151 into $add$experiments/x1/rtl/x1_y1_kimi.v:105$152.
  merging $macc model for $mul$experiments/x1/rtl/x1_y1_kimi.v:104$149 into $add$experiments/x1/rtl/x1_y1_kimi.v:105$150.
  merging $macc model for $mul$experiments/x1/rtl/x1_y1_kimi.v:104$147 into $add$experiments/x1/rtl/x1_y1_kimi.v:105$148.
  merging $macc model for $mul$experiments/x1/rtl/x1_y1_kimi.v:104$145 into $add$experiments/x1/rtl/x1_y1_kimi.v:105$146.
  merging $macc model for $mul$experiments/x1/rtl/x1_y1_kimi.v:104$143 into $add$experiments/x1/rtl/x1_y1_kimi.v:105$144.
  merging $macc model for $mul$experiments/x1/rtl/x1_y1_kimi.v:104$141 into $add$experiments/x1/rtl/x1_y1_kimi.v:105$142.
  merging $macc model for $mul$experiments/x1/rtl/x1_y1_kimi.v:104$139 into $add$experiments/x1/rtl/x1_y1_kimi.v:105$140.
  merging $macc model for $mul$experiments/x1/rtl/x1_y1_kimi.v:104$137 into $add$experiments/x1/rtl/x1_y1_kimi.v:105$138.
  merging $macc model for $mul$experiments/x1/rtl/x1_y1_kimi.v:104$135 into $add$experiments/x1/rtl/x1_y1_kimi.v:105$136.
  merging $macc model for $mul$experiments/x1/rtl/x1_y1_kimi.v:104$133 into $add$experiments/x1/rtl/x1_y1_kimi.v:105$134.
  merging $macc model for $mul$experiments/x1/rtl/x1_y1_kimi.v:104$131 into $add$experiments/x1/rtl/x1_y1_kimi.v:105$132.
  merging $macc model for $mul$experiments/x1/rtl/x1_y1_kimi.v:104$129 into $add$experiments/x1/rtl/x1_y1_kimi.v:105$130.
  merging $macc model for $mul$experiments/x1/rtl/x1_y1_kimi.v:104$127 into $add$experiments/x1/rtl/x1_y1_kimi.v:105$128.
  merging $macc model for $mul$experiments/x1/rtl/x1_y1_kimi.v:104$125 into $add$experiments/x1/rtl/x1_y1_kimi.v:105$126.
  merging $macc model for $mul$experiments/x1/rtl/x1_y1_kimi.v:104$123 into $add$experiments/x1/rtl/x1_y1_kimi.v:105$124.
  merging $macc model for $mul$experiments/x1/rtl/x1_y1_kimi.v:104$121 into $add$experiments/x1/rtl/x1_y1_kimi.v:105$122.
  merging $macc model for $mul$experiments/x1/rtl/x1_y1_kimi.v:104$119 into $add$experiments/x1/rtl/x1_y1_kimi.v:105$120.
  merging $macc model for $mul$experiments/x1/rtl/x1_y1_kimi.v:104$117 into $add$experiments/x1/rtl/x1_y1_kimi.v:105$118.
  merging $macc model for $mul$experiments/x1/rtl/x1_y1_kimi.v:104$115 into $add$experiments/x1/rtl/x1_y1_kimi.v:105$116.
  merging $macc model for $mul$experiments/x1/rtl/x1_y1_kimi.v:104$113 into $add$experiments/x1/rtl/x1_y1_kimi.v:105$114.
  merging $macc model for $mul$experiments/x1/rtl/x1_y1_kimi.v:104$111 into $add$experiments/x1/rtl/x1_y1_kimi.v:105$112.
  merging $macc model for $mul$experiments/x1/rtl/x1_y1_kimi.v:104$109 into $add$experiments/x1/rtl/x1_y1_kimi.v:105$110.
  merging $macc model for $mul$experiments/x1/rtl/x1_y1_kimi.v:104$107 into $add$experiments/x1/rtl/x1_y1_kimi.v:105$108.
  merging $macc model for $mul$experiments/x1/rtl/x1_y1_kimi.v:104$105 into $add$experiments/x1/rtl/x1_y1_kimi.v:105$106.
  merging $macc model for $mul$experiments/x1/rtl/x1_y1_kimi.v:104$103 into $add$experiments/x1/rtl/x1_y1_kimi.v:105$104.
  merging $macc model for $mul$experiments/x1/rtl/x1_y1_kimi.v:104$101 into $add$experiments/x1/rtl/x1_y1_kimi.v:105$102.
  merging $macc model for $mul$experiments/x1/rtl/x1_y1_kimi.v:104$99 into $add$experiments/x1/rtl/x1_y1_kimi.v:105$100.
  creating $alu model for $macc $add$experiments/x1/rtl/x1_y1_kimi.v:97$16.
  creating $alu model for $macc $add$experiments/x1/rtl/x1_y1_kimi.v:129$533.
  creating $alu model for $macc $add$experiments/x1/rtl/x1_y1_kimi.v:108$529.
  creating $macc cell for $add$experiments/x1/rtl/x1_y1_kimi.v:105$98: $auto$alumacc.cc:365:replace_macc$6137
  creating $macc cell for $add$experiments/x1/rtl/x1_y1_kimi.v:105$96: $auto$alumacc.cc:365:replace_macc$6138
  creating $macc cell for $add$experiments/x1/rtl/x1_y1_kimi.v:105$94: $auto$alumacc.cc:365:replace_macc$6139
  creating $macc cell for $add$experiments/x1/rtl/x1_y1_kimi.v:105$92: $auto$alumacc.cc:365:replace_macc$6140
  creating $macc cell for $add$experiments/x1/rtl/x1_y1_kimi.v:105$90: $auto$alumacc.cc:365:replace_macc$6141
  creating $macc cell for $add$experiments/x1/rtl/x1_y1_kimi.v:105$88: $auto$alumacc.cc:365:replace_macc$6142
  creating $macc cell for $add$experiments/x1/rtl/x1_y1_kimi.v:105$86: $auto$alumacc.cc:365:replace_macc$6143
  creating $macc cell for $add$experiments/x1/rtl/x1_y1_kimi.v:105$84: $auto$alumacc.cc:365:replace_macc$6144
  creating $macc cell for $add$experiments/x1/rtl/x1_y1_kimi.v:105$82: $auto$alumacc.cc:365:replace_macc$6145
  creating $macc cell for $add$experiments/x1/rtl/x1_y1_kimi.v:105$80: $auto$alumacc.cc:365:replace_macc$6146
  creating $macc cell for $add$experiments/x1/rtl/x1_y1_kimi.v:105$78: $auto$alumacc.cc:365:replace_macc$6147
  creating $macc cell for $add$experiments/x1/rtl/x1_y1_kimi.v:105$76: $auto$alumacc.cc:365:replace_macc$6148
  creating $macc cell for $add$experiments/x1/rtl/x1_y1_kimi.v:105$74: $auto$alumacc.cc:365:replace_macc$6149
  creating $macc cell for $add$experiments/x1/rtl/x1_y1_kimi.v:105$72: $auto$alumacc.cc:365:replace_macc$6150
  creating $macc cell for $add$experiments/x1/rtl/x1_y1_kimi.v:105$70: $auto$alumacc.cc:365:replace_macc$6151
  creating $macc cell for $add$experiments/x1/rtl/x1_y1_kimi.v:105$68: $auto$alumacc.cc:365:replace_macc$6152
  creating $macc cell for $add$experiments/x1/rtl/x1_y1_kimi.v:105$66: $auto$alumacc.cc:365:replace_macc$6153
  creating $macc cell for $add$experiments/x1/rtl/x1_y1_kimi.v:105$64: $auto$alumacc.cc:365:replace_macc$6154
  creating $macc cell for $add$experiments/x1/rtl/x1_y1_kimi.v:105$62: $auto$alumacc.cc:365:replace_macc$6155
  creating $macc cell for $add$experiments/x1/rtl/x1_y1_kimi.v:105$60: $auto$alumacc.cc:365:replace_macc$6156
  creating $macc cell for $add$experiments/x1/rtl/x1_y1_kimi.v:105$58: $auto$alumacc.cc:365:replace_macc$6157
  creating $macc cell for $add$experiments/x1/rtl/x1_y1_kimi.v:105$56: $auto$alumacc.cc:365:replace_macc$6158
  creating $macc cell for $add$experiments/x1/rtl/x1_y1_kimi.v:105$54: $auto$alumacc.cc:365:replace_macc$6159
  creating $macc cell for $add$experiments/x1/rtl/x1_y1_kimi.v:105$528: $auto$alumacc.cc:365:replace_macc$6160
  creating $macc cell for $add$experiments/x1/rtl/x1_y1_kimi.v:105$526: $auto$alumacc.cc:365:replace_macc$6161
  creating $macc cell for $add$experiments/x1/rtl/x1_y1_kimi.v:105$524: $auto$alumacc.cc:365:replace_macc$6162
  creating $macc cell for $add$experiments/x1/rtl/x1_y1_kimi.v:105$522: $auto$alumacc.cc:365:replace_macc$6163
  creating $macc cell for $add$experiments/x1/rtl/x1_y1_kimi.v:105$520: $auto$alumacc.cc:365:replace_macc$6164
  creating $macc cell for $add$experiments/x1/rtl/x1_y1_kimi.v:105$52: $auto$alumacc.cc:365:replace_macc$6165
  creating $macc cell for $add$experiments/x1/rtl/x1_y1_kimi.v:105$518: $auto$alumacc.cc:365:replace_macc$6166
  creating $macc cell for $add$experiments/x1/rtl/x1_y1_kimi.v:105$516: $auto$alumacc.cc:365:replace_macc$6167
  creating $macc cell for $add$experiments/x1/rtl/x1_y1_kimi.v:105$514: $auto$alumacc.cc:365:replace_macc$6168
  creating $macc cell for $add$experiments/x1/rtl/x1_y1_kimi.v:105$512: $auto$alumacc.cc:365:replace_macc$6169
  creating $macc cell for $add$experiments/x1/rtl/x1_y1_kimi.v:105$510: $auto$alumacc.cc:365:replace_macc$6170
  creating $macc cell for $add$experiments/x1/rtl/x1_y1_kimi.v:105$508: $auto$alumacc.cc:365:replace_macc$6171
  creating $macc cell for $add$experiments/x1/rtl/x1_y1_kimi.v:105$506: $auto$alumacc.cc:365:replace_macc$6172
  creating $macc cell for $add$experiments/x1/rtl/x1_y1_kimi.v:105$504: $auto$alumacc.cc:365:replace_macc$6173
  creating $macc cell for $add$experiments/x1/rtl/x1_y1_kimi.v:105$502: $auto$alumacc.cc:365:replace_macc$6174
  creating $macc cell for $add$experiments/x1/rtl/x1_y1_kimi.v:105$500: $auto$alumacc.cc:365:replace_macc$6175
  creating $macc cell for $add$experiments/x1/rtl/x1_y1_kimi.v:105$50: $auto$alumacc.cc:365:replace_macc$6176
  creating $macc cell for $add$experiments/x1/rtl/x1_y1_kimi.v:105$498: $auto$alumacc.cc:365:replace_macc$6177
  creating $macc cell for $add$experiments/x1/rtl/x1_y1_kimi.v:105$496: $auto$alumacc.cc:365:replace_macc$6178
  creating $macc cell for $add$experiments/x1/rtl/x1_y1_kimi.v:105$494: $auto$alumacc.cc:365:replace_macc$6179
  creating $macc cell for $add$experiments/x1/rtl/x1_y1_kimi.v:105$492: $auto$alumacc.cc:365:replace_macc$6180
  creating $macc cell for $add$experiments/x1/rtl/x1_y1_kimi.v:105$490: $auto$alumacc.cc:365:replace_macc$6181
  creating $macc cell for $add$experiments/x1/rtl/x1_y1_kimi.v:105$488: $auto$alumacc.cc:365:replace_macc$6182
  creating $macc cell for $add$experiments/x1/rtl/x1_y1_kimi.v:105$486: $auto$alumacc.cc:365:replace_macc$6183
  creating $macc cell for $add$experiments/x1/rtl/x1_y1_kimi.v:105$484: $auto$alumacc.cc:365:replace_macc$6184
  creating $macc cell for $add$experiments/x1/rtl/x1_y1_kimi.v:105$482: $auto$alumacc.cc:365:replace_macc$6185
  creating $macc cell for $add$experiments/x1/rtl/x1_y1_kimi.v:105$480: $auto$alumacc.cc:365:replace_macc$6186
  creating $macc cell for $add$experiments/x1/rtl/x1_y1_kimi.v:105$48: $auto$alumacc.cc:365:replace_macc$6187
  creating $macc cell for $add$experiments/x1/rtl/x1_y1_kimi.v:105$478: $auto$alumacc.cc:365:replace_macc$6188
  creating $macc cell for $add$experiments/x1/rtl/x1_y1_kimi.v:105$476: $auto$alumacc.cc:365:replace_macc$6189
  creating $macc cell for $add$experiments/x1/rtl/x1_y1_kimi.v:105$474: $auto$alumacc.cc:365:replace_macc$6190
  creating $macc cell for $add$experiments/x1/rtl/x1_y1_kimi.v:105$472: $auto$alumacc.cc:365:replace_macc$6191
  creating $macc cell for $add$experiments/x1/rtl/x1_y1_kimi.v:105$470: $auto$alumacc.cc:365:replace_macc$6192
  creating $macc cell for $add$experiments/x1/rtl/x1_y1_kimi.v:105$468: $auto$alumacc.cc:365:replace_macc$6193
  creating $macc cell for $add$experiments/x1/rtl/x1_y1_kimi.v:105$466: $auto$alumacc.cc:365:replace_macc$6194
  creating $macc cell for $add$experiments/x1/rtl/x1_y1_kimi.v:105$464: $auto$alumacc.cc:365:replace_macc$6195
  creating $macc cell for $add$experiments/x1/rtl/x1_y1_kimi.v:105$462: $auto$alumacc.cc:365:replace_macc$6196
  creating $macc cell for $add$experiments/x1/rtl/x1_y1_kimi.v:105$460: $auto$alumacc.cc:365:replace_macc$6197
  creating $macc cell for $add$experiments/x1/rtl/x1_y1_kimi.v:105$46: $auto$alumacc.cc:365:replace_macc$6198
  creating $macc cell for $add$experiments/x1/rtl/x1_y1_kimi.v:105$458: $auto$alumacc.cc:365:replace_macc$6199
  creating $macc cell for $add$experiments/x1/rtl/x1_y1_kimi.v:105$456: $auto$alumacc.cc:365:replace_macc$6200
  creating $macc cell for $add$experiments/x1/rtl/x1_y1_kimi.v:105$454: $auto$alumacc.cc:365:replace_macc$6201
  creating $macc cell for $add$experiments/x1/rtl/x1_y1_kimi.v:105$452: $auto$alumacc.cc:365:replace_macc$6202
  creating $macc cell for $add$experiments/x1/rtl/x1_y1_kimi.v:105$450: $auto$alumacc.cc:365:replace_macc$6203
  creating $macc cell for $add$experiments/x1/rtl/x1_y1_kimi.v:105$448: $auto$alumacc.cc:365:replace_macc$6204
  creating $macc cell for $add$experiments/x1/rtl/x1_y1_kimi.v:105$446: $auto$alumacc.cc:365:replace_macc$6205
  creating $macc cell for $add$experiments/x1/rtl/x1_y1_kimi.v:105$444: $auto$alumacc.cc:365:replace_macc$6206
  creating $macc cell for $add$experiments/x1/rtl/x1_y1_kimi.v:105$442: $auto$alumacc.cc:365:replace_macc$6207
  creating $macc cell for $add$experiments/x1/rtl/x1_y1_kimi.v:105$440: $auto$alumacc.cc:365:replace_macc$6208
  creating $macc cell for $add$experiments/x1/rtl/x1_y1_kimi.v:105$44: $auto$alumacc.cc:365:replace_macc$6209
  creating $macc cell for $add$experiments/x1/rtl/x1_y1_kimi.v:105$438: $auto$alumacc.cc:365:replace_macc$6210
  creating $macc cell for $add$experiments/x1/rtl/x1_y1_kimi.v:105$436: $auto$alumacc.cc:365:replace_macc$6211
  creating $macc cell for $add$experiments/x1/rtl/x1_y1_kimi.v:105$434: $auto$alumacc.cc:365:replace_macc$6212
  creating $macc cell for $add$experiments/x1/rtl/x1_y1_kimi.v:105$432: $auto$alumacc.cc:365:replace_macc$6213
  creating $macc cell for $add$experiments/x1/rtl/x1_y1_kimi.v:105$430: $auto$alumacc.cc:365:replace_macc$6214
  creating $macc cell for $add$experiments/x1/rtl/x1_y1_kimi.v:105$428: $auto$alumacc.cc:365:replace_macc$6215
  creating $macc cell for $add$experiments/x1/rtl/x1_y1_kimi.v:105$426: $auto$alumacc.cc:365:replace_macc$6216
  creating $macc cell for $add$experiments/x1/rtl/x1_y1_kimi.v:105$424: $auto$alumacc.cc:365:replace_macc$6217
  creating $macc cell for $add$experiments/x1/rtl/x1_y1_kimi.v:105$422: $auto$alumacc.cc:365:replace_macc$6218
  creating $macc cell for $add$experiments/x1/rtl/x1_y1_kimi.v:105$420: $auto$alumacc.cc:365:replace_macc$6219
  creating $macc cell for $add$experiments/x1/rtl/x1_y1_kimi.v:105$42: $auto$alumacc.cc:365:replace_macc$6220
  creating $macc cell for $add$experiments/x1/rtl/x1_y1_kimi.v:105$418: $auto$alumacc.cc:365:replace_macc$6221
  creating $macc cell for $add$experiments/x1/rtl/x1_y1_kimi.v:105$416: $auto$alumacc.cc:365:replace_macc$6222
  creating $macc cell for $add$experiments/x1/rtl/x1_y1_kimi.v:105$414: $auto$alumacc.cc:365:replace_macc$6223
  creating $macc cell for $add$experiments/x1/rtl/x1_y1_kimi.v:105$412: $auto$alumacc.cc:365:replace_macc$6224
  creating $macc cell for $add$experiments/x1/rtl/x1_y1_kimi.v:105$410: $auto$alumacc.cc:365:replace_macc$6225
  creating $macc cell for $add$experiments/x1/rtl/x1_y1_kimi.v:105$408: $auto$alumacc.cc:365:replace_macc$6226
  creating $macc cell for $add$experiments/x1/rtl/x1_y1_kimi.v:105$406: $auto$alumacc.cc:365:replace_macc$6227
  creating $macc cell for $add$experiments/x1/rtl/x1_y1_kimi.v:105$404: $auto$alumacc.cc:365:replace_macc$6228
  creating $macc cell for $add$experiments/x1/rtl/x1_y1_kimi.v:105$402: $auto$alumacc.cc:365:replace_macc$6229
  creating $macc cell for $add$experiments/x1/rtl/x1_y1_kimi.v:105$400: $auto$alumacc.cc:365:replace_macc$6230
  creating $macc cell for $add$experiments/x1/rtl/x1_y1_kimi.v:105$40: $auto$alumacc.cc:365:replace_macc$6231
  creating $macc cell for $add$experiments/x1/rtl/x1_y1_kimi.v:105$398: $auto$alumacc.cc:365:replace_macc$6232
  creating $macc cell for $add$experiments/x1/rtl/x1_y1_kimi.v:105$396: $auto$alumacc.cc:365:replace_macc$6233
  creating $macc cell for $add$experiments/x1/rtl/x1_y1_kimi.v:105$394: $auto$alumacc.cc:365:replace_macc$6234
  creating $macc cell for $add$experiments/x1/rtl/x1_y1_kimi.v:105$392: $auto$alumacc.cc:365:replace_macc$6235
  creating $macc cell for $add$experiments/x1/rtl/x1_y1_kimi.v:105$390: $auto$alumacc.cc:365:replace_macc$6236
  creating $macc cell for $add$experiments/x1/rtl/x1_y1_kimi.v:105$388: $auto$alumacc.cc:365:replace_macc$6237
  creating $macc cell for $add$experiments/x1/rtl/x1_y1_kimi.v:105$386: $auto$alumacc.cc:365:replace_macc$6238
  creating $macc cell for $add$experiments/x1/rtl/x1_y1_kimi.v:105$384: $auto$alumacc.cc:365:replace_macc$6239
  creating $macc cell for $add$experiments/x1/rtl/x1_y1_kimi.v:105$382: $auto$alumacc.cc:365:replace_macc$6240
  creating $macc cell for $add$experiments/x1/rtl/x1_y1_kimi.v:105$380: $auto$alumacc.cc:365:replace_macc$6241
  creating $macc cell for $add$experiments/x1/rtl/x1_y1_kimi.v:105$38: $auto$alumacc.cc:365:replace_macc$6242
  creating $macc cell for $add$experiments/x1/rtl/x1_y1_kimi.v:105$378: $auto$alumacc.cc:365:replace_macc$6243
  creating $macc cell for $add$experiments/x1/rtl/x1_y1_kimi.v:105$376: $auto$alumacc.cc:365:replace_macc$6244
  creating $macc cell for $add$experiments/x1/rtl/x1_y1_kimi.v:105$374: $auto$alumacc.cc:365:replace_macc$6245
  creating $macc cell for $add$experiments/x1/rtl/x1_y1_kimi.v:105$372: $auto$alumacc.cc:365:replace_macc$6246
  creating $macc cell for $add$experiments/x1/rtl/x1_y1_kimi.v:105$370: $auto$alumacc.cc:365:replace_macc$6247
  creating $macc cell for $add$experiments/x1/rtl/x1_y1_kimi.v:105$368: $auto$alumacc.cc:365:replace_macc$6248
  creating $macc cell for $add$experiments/x1/rtl/x1_y1_kimi.v:105$366: $auto$alumacc.cc:365:replace_macc$6249
  creating $macc cell for $add$experiments/x1/rtl/x1_y1_kimi.v:105$364: $auto$alumacc.cc:365:replace_macc$6250
  creating $macc cell for $add$experiments/x1/rtl/x1_y1_kimi.v:105$362: $auto$alumacc.cc:365:replace_macc$6251
  creating $macc cell for $add$experiments/x1/rtl/x1_y1_kimi.v:105$360: $auto$alumacc.cc:365:replace_macc$6252
  creating $macc cell for $add$experiments/x1/rtl/x1_y1_kimi.v:105$36: $auto$alumacc.cc:365:replace_macc$6253
  creating $macc cell for $add$experiments/x1/rtl/x1_y1_kimi.v:105$358: $auto$alumacc.cc:365:replace_macc$6254
  creating $macc cell for $add$experiments/x1/rtl/x1_y1_kimi.v:105$356: $auto$alumacc.cc:365:replace_macc$6255
  creating $macc cell for $add$experiments/x1/rtl/x1_y1_kimi.v:105$354: $auto$alumacc.cc:365:replace_macc$6256
  creating $macc cell for $add$experiments/x1/rtl/x1_y1_kimi.v:105$352: $auto$alumacc.cc:365:replace_macc$6257
  creating $macc cell for $add$experiments/x1/rtl/x1_y1_kimi.v:105$350: $auto$alumacc.cc:365:replace_macc$6258
  creating $macc cell for $add$experiments/x1/rtl/x1_y1_kimi.v:105$348: $auto$alumacc.cc:365:replace_macc$6259
  creating $macc cell for $add$experiments/x1/rtl/x1_y1_kimi.v:105$346: $auto$alumacc.cc:365:replace_macc$6260
  creating $macc cell for $add$experiments/x1/rtl/x1_y1_kimi.v:105$344: $auto$alumacc.cc:365:replace_macc$6261
  creating $macc cell for $add$experiments/x1/rtl/x1_y1_kimi.v:105$342: $auto$alumacc.cc:365:replace_macc$6262
  creating $macc cell for $add$experiments/x1/rtl/x1_y1_kimi.v:105$340: $auto$alumacc.cc:365:replace_macc$6263
  creating $macc cell for $add$experiments/x1/rtl/x1_y1_kimi.v:105$34: $auto$alumacc.cc:365:replace_macc$6264
  creating $macc cell for $add$experiments/x1/rtl/x1_y1_kimi.v:105$338: $auto$alumacc.cc:365:replace_macc$6265
  creating $macc cell for $add$experiments/x1/rtl/x1_y1_kimi.v:105$336: $auto$alumacc.cc:365:replace_macc$6266
  creating $macc cell for $add$experiments/x1/rtl/x1_y1_kimi.v:105$334: $auto$alumacc.cc:365:replace_macc$6267
  creating $macc cell for $add$experiments/x1/rtl/x1_y1_kimi.v:105$332: $auto$alumacc.cc:365:replace_macc$6268
  creating $macc cell for $add$experiments/x1/rtl/x1_y1_kimi.v:105$330: $auto$alumacc.cc:365:replace_macc$6269
  creating $macc cell for $add$experiments/x1/rtl/x1_y1_kimi.v:105$328: $auto$alumacc.cc:365:replace_macc$6270
  creating $macc cell for $add$experiments/x1/rtl/x1_y1_kimi.v:105$326: $auto$alumacc.cc:365:replace_macc$6271
  creating $macc cell for $add$experiments/x1/rtl/x1_y1_kimi.v:105$324: $auto$alumacc.cc:365:replace_macc$6272
  creating $macc cell for $add$experiments/x1/rtl/x1_y1_kimi.v:105$322: $auto$alumacc.cc:365:replace_macc$6273
  creating $macc cell for $add$experiments/x1/rtl/x1_y1_kimi.v:105$320: $auto$alumacc.cc:365:replace_macc$6274
  creating $macc cell for $add$experiments/x1/rtl/x1_y1_kimi.v:105$32: $auto$alumacc.cc:365:replace_macc$6275
  creating $macc cell for $add$experiments/x1/rtl/x1_y1_kimi.v:105$318: $auto$alumacc.cc:365:replace_macc$6276
  creating $macc cell for $add$experiments/x1/rtl/x1_y1_kimi.v:105$316: $auto$alumacc.cc:365:replace_macc$6277
  creating $macc cell for $add$experiments/x1/rtl/x1_y1_kimi.v:105$314: $auto$alumacc.cc:365:replace_macc$6278
  creating $macc cell for $add$experiments/x1/rtl/x1_y1_kimi.v:105$312: $auto$alumacc.cc:365:replace_macc$6279
  creating $macc cell for $add$experiments/x1/rtl/x1_y1_kimi.v:105$310: $auto$alumacc.cc:365:replace_macc$6280
  creating $macc cell for $add$experiments/x1/rtl/x1_y1_kimi.v:105$308: $auto$alumacc.cc:365:replace_macc$6281
  creating $macc cell for $add$experiments/x1/rtl/x1_y1_kimi.v:105$306: $auto$alumacc.cc:365:replace_macc$6282
  creating $macc cell for $add$experiments/x1/rtl/x1_y1_kimi.v:105$304: $auto$alumacc.cc:365:replace_macc$6283
  creating $macc cell for $add$experiments/x1/rtl/x1_y1_kimi.v:105$302: $auto$alumacc.cc:365:replace_macc$6284
  creating $macc cell for $add$experiments/x1/rtl/x1_y1_kimi.v:105$300: $auto$alumacc.cc:365:replace_macc$6285
  creating $macc cell for $add$experiments/x1/rtl/x1_y1_kimi.v:105$30: $auto$alumacc.cc:365:replace_macc$6286
  creating $macc cell for $add$experiments/x1/rtl/x1_y1_kimi.v:105$298: $auto$alumacc.cc:365:replace_macc$6287
  creating $macc cell for $add$experiments/x1/rtl/x1_y1_kimi.v:105$296: $auto$alumacc.cc:365:replace_macc$6288
  creating $macc cell for $add$experiments/x1/rtl/x1_y1_kimi.v:105$294: $auto$alumacc.cc:365:replace_macc$6289
  creating $macc cell for $add$experiments/x1/rtl/x1_y1_kimi.v:105$292: $auto$alumacc.cc:365:replace_macc$6290
  creating $macc cell for $add$experiments/x1/rtl/x1_y1_kimi.v:105$290: $auto$alumacc.cc:365:replace_macc$6291
  creating $macc cell for $add$experiments/x1/rtl/x1_y1_kimi.v:105$288: $auto$alumacc.cc:365:replace_macc$6292
  creating $macc cell for $add$experiments/x1/rtl/x1_y1_kimi.v:105$286: $auto$alumacc.cc:365:replace_macc$6293
  creating $macc cell for $add$experiments/x1/rtl/x1_y1_kimi.v:105$284: $auto$alumacc.cc:365:replace_macc$6294
  creating $macc cell for $add$experiments/x1/rtl/x1_y1_kimi.v:105$282: $auto$alumacc.cc:365:replace_macc$6295
  creating $macc cell for $add$experiments/x1/rtl/x1_y1_kimi.v:105$280: $auto$alumacc.cc:365:replace_macc$6296
  creating $macc cell for $add$experiments/x1/rtl/x1_y1_kimi.v:105$28: $auto$alumacc.cc:365:replace_macc$6297
  creating $macc cell for $add$experiments/x1/rtl/x1_y1_kimi.v:105$278: $auto$alumacc.cc:365:replace_macc$6298
  creating $macc cell for $add$experiments/x1/rtl/x1_y1_kimi.v:105$276: $auto$alumacc.cc:365:replace_macc$6299
  creating $macc cell for $add$experiments/x1/rtl/x1_y1_kimi.v:105$274: $auto$alumacc.cc:365:replace_macc$6300
  creating $macc cell for $add$experiments/x1/rtl/x1_y1_kimi.v:105$272: $auto$alumacc.cc:365:replace_macc$6301
  creating $macc cell for $add$experiments/x1/rtl/x1_y1_kimi.v:105$270: $auto$alumacc.cc:365:replace_macc$6302
  creating $macc cell for $add$experiments/x1/rtl/x1_y1_kimi.v:105$268: $auto$alumacc.cc:365:replace_macc$6303
  creating $macc cell for $add$experiments/x1/rtl/x1_y1_kimi.v:105$266: $auto$alumacc.cc:365:replace_macc$6304
  creating $macc cell for $add$experiments/x1/rtl/x1_y1_kimi.v:105$264: $auto$alumacc.cc:365:replace_macc$6305
  creating $macc cell for $add$experiments/x1/rtl/x1_y1_kimi.v:105$262: $auto$alumacc.cc:365:replace_macc$6306
  creating $macc cell for $add$experiments/x1/rtl/x1_y1_kimi.v:105$260: $auto$alumacc.cc:365:replace_macc$6307
  creating $macc cell for $add$experiments/x1/rtl/x1_y1_kimi.v:105$26: $auto$alumacc.cc:365:replace_macc$6308
  creating $macc cell for $add$experiments/x1/rtl/x1_y1_kimi.v:105$258: $auto$alumacc.cc:365:replace_macc$6309
  creating $macc cell for $add$experiments/x1/rtl/x1_y1_kimi.v:105$256: $auto$alumacc.cc:365:replace_macc$6310
  creating $macc cell for $add$experiments/x1/rtl/x1_y1_kimi.v:105$254: $auto$alumacc.cc:365:replace_macc$6311
  creating $macc cell for $add$experiments/x1/rtl/x1_y1_kimi.v:105$252: $auto$alumacc.cc:365:replace_macc$6312
  creating $macc cell for $add$experiments/x1/rtl/x1_y1_kimi.v:105$250: $auto$alumacc.cc:365:replace_macc$6313
  creating $macc cell for $add$experiments/x1/rtl/x1_y1_kimi.v:105$248: $auto$alumacc.cc:365:replace_macc$6314
  creating $macc cell for $add$experiments/x1/rtl/x1_y1_kimi.v:105$246: $auto$alumacc.cc:365:replace_macc$6315
  creating $macc cell for $add$experiments/x1/rtl/x1_y1_kimi.v:105$244: $auto$alumacc.cc:365:replace_macc$6316
  creating $macc cell for $add$experiments/x1/rtl/x1_y1_kimi.v:105$242: $auto$alumacc.cc:365:replace_macc$6317
  creating $macc cell for $add$experiments/x1/rtl/x1_y1_kimi.v:105$240: $auto$alumacc.cc:365:replace_macc$6318
  creating $macc cell for $add$experiments/x1/rtl/x1_y1_kimi.v:105$24: $auto$alumacc.cc:365:replace_macc$6319
  creating $macc cell for $add$experiments/x1/rtl/x1_y1_kimi.v:105$238: $auto$alumacc.cc:365:replace_macc$6320
  creating $macc cell for $add$experiments/x1/rtl/x1_y1_kimi.v:105$236: $auto$alumacc.cc:365:replace_macc$6321
  creating $macc cell for $add$experiments/x1/rtl/x1_y1_kimi.v:105$234: $auto$alumacc.cc:365:replace_macc$6322
  creating $macc cell for $add$experiments/x1/rtl/x1_y1_kimi.v:105$232: $auto$alumacc.cc:365:replace_macc$6323
  creating $macc cell for $add$experiments/x1/rtl/x1_y1_kimi.v:105$230: $auto$alumacc.cc:365:replace_macc$6324
  creating $macc cell for $add$experiments/x1/rtl/x1_y1_kimi.v:105$228: $auto$alumacc.cc:365:replace_macc$6325
  creating $macc cell for $add$experiments/x1/rtl/x1_y1_kimi.v:105$226: $auto$alumacc.cc:365:replace_macc$6326
  creating $macc cell for $add$experiments/x1/rtl/x1_y1_kimi.v:105$224: $auto$alumacc.cc:365:replace_macc$6327
  creating $macc cell for $add$experiments/x1/rtl/x1_y1_kimi.v:105$222: $auto$alumacc.cc:365:replace_macc$6328
  creating $macc cell for $add$experiments/x1/rtl/x1_y1_kimi.v:105$220: $auto$alumacc.cc:365:replace_macc$6329
  creating $macc cell for $add$experiments/x1/rtl/x1_y1_kimi.v:105$22: $auto$alumacc.cc:365:replace_macc$6330
  creating $macc cell for $add$experiments/x1/rtl/x1_y1_kimi.v:105$218: $auto$alumacc.cc:365:replace_macc$6331
  creating $macc cell for $add$experiments/x1/rtl/x1_y1_kimi.v:105$216: $auto$alumacc.cc:365:replace_macc$6332
  creating $macc cell for $add$experiments/x1/rtl/x1_y1_kimi.v:105$214: $auto$alumacc.cc:365:replace_macc$6333
  creating $macc cell for $add$experiments/x1/rtl/x1_y1_kimi.v:105$212: $auto$alumacc.cc:365:replace_macc$6334
  creating $macc cell for $add$experiments/x1/rtl/x1_y1_kimi.v:105$210: $auto$alumacc.cc:365:replace_macc$6335
  creating $macc cell for $add$experiments/x1/rtl/x1_y1_kimi.v:105$208: $auto$alumacc.cc:365:replace_macc$6336
  creating $macc cell for $add$experiments/x1/rtl/x1_y1_kimi.v:105$206: $auto$alumacc.cc:365:replace_macc$6337
  creating $macc cell for $add$experiments/x1/rtl/x1_y1_kimi.v:105$204: $auto$alumacc.cc:365:replace_macc$6338
  creating $macc cell for $add$experiments/x1/rtl/x1_y1_kimi.v:105$202: $auto$alumacc.cc:365:replace_macc$6339
  creating $macc cell for $add$experiments/x1/rtl/x1_y1_kimi.v:105$200: $auto$alumacc.cc:365:replace_macc$6340
  creating $macc cell for $add$experiments/x1/rtl/x1_y1_kimi.v:105$20: $auto$alumacc.cc:365:replace_macc$6341
  creating $macc cell for $add$experiments/x1/rtl/x1_y1_kimi.v:105$198: $auto$alumacc.cc:365:replace_macc$6342
  creating $macc cell for $add$experiments/x1/rtl/x1_y1_kimi.v:105$196: $auto$alumacc.cc:365:replace_macc$6343
  creating $macc cell for $add$experiments/x1/rtl/x1_y1_kimi.v:105$194: $auto$alumacc.cc:365:replace_macc$6344
  creating $macc cell for $add$experiments/x1/rtl/x1_y1_kimi.v:105$192: $auto$alumacc.cc:365:replace_macc$6345
  creating $macc cell for $add$experiments/x1/rtl/x1_y1_kimi.v:105$190: $auto$alumacc.cc:365:replace_macc$6346
  creating $macc cell for $add$experiments/x1/rtl/x1_y1_kimi.v:105$188: $auto$alumacc.cc:365:replace_macc$6347
  creating $macc cell for $add$experiments/x1/rtl/x1_y1_kimi.v:105$186: $auto$alumacc.cc:365:replace_macc$6348
  creating $macc cell for $add$experiments/x1/rtl/x1_y1_kimi.v:105$184: $auto$alumacc.cc:365:replace_macc$6349
  creating $macc cell for $add$experiments/x1/rtl/x1_y1_kimi.v:105$182: $auto$alumacc.cc:365:replace_macc$6350
  creating $macc cell for $add$experiments/x1/rtl/x1_y1_kimi.v:105$180: $auto$alumacc.cc:365:replace_macc$6351
  creating $macc cell for $add$experiments/x1/rtl/x1_y1_kimi.v:105$18: $auto$alumacc.cc:365:replace_macc$6352
  creating $macc cell for $add$experiments/x1/rtl/x1_y1_kimi.v:105$178: $auto$alumacc.cc:365:replace_macc$6353
  creating $macc cell for $add$experiments/x1/rtl/x1_y1_kimi.v:105$176: $auto$alumacc.cc:365:replace_macc$6354
  creating $macc cell for $add$experiments/x1/rtl/x1_y1_kimi.v:105$174: $auto$alumacc.cc:365:replace_macc$6355
  creating $macc cell for $add$experiments/x1/rtl/x1_y1_kimi.v:105$172: $auto$alumacc.cc:365:replace_macc$6356
  creating $macc cell for $add$experiments/x1/rtl/x1_y1_kimi.v:105$170: $auto$alumacc.cc:365:replace_macc$6357
  creating $macc cell for $add$experiments/x1/rtl/x1_y1_kimi.v:105$168: $auto$alumacc.cc:365:replace_macc$6358
  creating $macc cell for $add$experiments/x1/rtl/x1_y1_kimi.v:105$166: $auto$alumacc.cc:365:replace_macc$6359
  creating $macc cell for $add$experiments/x1/rtl/x1_y1_kimi.v:105$164: $auto$alumacc.cc:365:replace_macc$6360
  creating $macc cell for $add$experiments/x1/rtl/x1_y1_kimi.v:105$162: $auto$alumacc.cc:365:replace_macc$6361
  creating $macc cell for $add$experiments/x1/rtl/x1_y1_kimi.v:105$160: $auto$alumacc.cc:365:replace_macc$6362
  creating $macc cell for $add$experiments/x1/rtl/x1_y1_kimi.v:105$158: $auto$alumacc.cc:365:replace_macc$6363
  creating $macc cell for $add$experiments/x1/rtl/x1_y1_kimi.v:105$156: $auto$alumacc.cc:365:replace_macc$6364
  creating $macc cell for $add$experiments/x1/rtl/x1_y1_kimi.v:105$154: $auto$alumacc.cc:365:replace_macc$6365
  creating $macc cell for $add$experiments/x1/rtl/x1_y1_kimi.v:105$152: $auto$alumacc.cc:365:replace_macc$6366
  creating $macc cell for $add$experiments/x1/rtl/x1_y1_kimi.v:105$150: $auto$alumacc.cc:365:replace_macc$6367
  creating $macc cell for $add$experiments/x1/rtl/x1_y1_kimi.v:105$148: $auto$alumacc.cc:365:replace_macc$6368
  creating $macc cell for $add$experiments/x1/rtl/x1_y1_kimi.v:105$146: $auto$alumacc.cc:365:replace_macc$6369
  creating $macc cell for $add$experiments/x1/rtl/x1_y1_kimi.v:105$144: $auto$alumacc.cc:365:replace_macc$6370
  creating $macc cell for $add$experiments/x1/rtl/x1_y1_kimi.v:105$142: $auto$alumacc.cc:365:replace_macc$6371
  creating $macc cell for $add$experiments/x1/rtl/x1_y1_kimi.v:105$140: $auto$alumacc.cc:365:replace_macc$6372
  creating $macc cell for $add$experiments/x1/rtl/x1_y1_kimi.v:105$138: $auto$alumacc.cc:365:replace_macc$6373
  creating $macc cell for $add$experiments/x1/rtl/x1_y1_kimi.v:105$136: $auto$alumacc.cc:365:replace_macc$6374
  creating $macc cell for $add$experiments/x1/rtl/x1_y1_kimi.v:105$134: $auto$alumacc.cc:365:replace_macc$6375
  creating $macc cell for $add$experiments/x1/rtl/x1_y1_kimi.v:105$132: $auto$alumacc.cc:365:replace_macc$6376
  creating $macc cell for $add$experiments/x1/rtl/x1_y1_kimi.v:105$130: $auto$alumacc.cc:365:replace_macc$6377
  creating $macc cell for $add$experiments/x1/rtl/x1_y1_kimi.v:105$128: $auto$alumacc.cc:365:replace_macc$6378
  creating $macc cell for $add$experiments/x1/rtl/x1_y1_kimi.v:105$126: $auto$alumacc.cc:365:replace_macc$6379
  creating $macc cell for $add$experiments/x1/rtl/x1_y1_kimi.v:105$124: $auto$alumacc.cc:365:replace_macc$6380
  creating $macc cell for $add$experiments/x1/rtl/x1_y1_kimi.v:105$122: $auto$alumacc.cc:365:replace_macc$6381
  creating $macc cell for $add$experiments/x1/rtl/x1_y1_kimi.v:105$120: $auto$alumacc.cc:365:replace_macc$6382
  creating $macc cell for $add$experiments/x1/rtl/x1_y1_kimi.v:105$118: $auto$alumacc.cc:365:replace_macc$6383
  creating $macc cell for $add$experiments/x1/rtl/x1_y1_kimi.v:105$116: $auto$alumacc.cc:365:replace_macc$6384
  creating $macc cell for $add$experiments/x1/rtl/x1_y1_kimi.v:105$114: $auto$alumacc.cc:365:replace_macc$6385
  creating $macc cell for $add$experiments/x1/rtl/x1_y1_kimi.v:105$112: $auto$alumacc.cc:365:replace_macc$6386
  creating $macc cell for $add$experiments/x1/rtl/x1_y1_kimi.v:105$110: $auto$alumacc.cc:365:replace_macc$6387
  creating $macc cell for $add$experiments/x1/rtl/x1_y1_kimi.v:105$108: $auto$alumacc.cc:365:replace_macc$6388
  creating $macc cell for $add$experiments/x1/rtl/x1_y1_kimi.v:105$106: $auto$alumacc.cc:365:replace_macc$6389
  creating $macc cell for $add$experiments/x1/rtl/x1_y1_kimi.v:105$104: $auto$alumacc.cc:365:replace_macc$6390
  creating $macc cell for $add$experiments/x1/rtl/x1_y1_kimi.v:105$102: $auto$alumacc.cc:365:replace_macc$6391
  creating $macc cell for $add$experiments/x1/rtl/x1_y1_kimi.v:105$100: $auto$alumacc.cc:365:replace_macc$6392
  creating $alu model for $lt$experiments/x1/rtl/x1_y1_kimi.v:54$9 ($lt): new $alu
  creating $alu cell for $lt$experiments/x1/rtl/x1_y1_kimi.v:54$9: $auto$alumacc.cc:485:replace_alu$6394
  creating $alu cell for $add$experiments/x1/rtl/x1_y1_kimi.v:108$529: $auto$alumacc.cc:485:replace_alu$6405
  creating $alu cell for $add$experiments/x1/rtl/x1_y1_kimi.v:129$533: $auto$alumacc.cc:485:replace_alu$6408
  creating $alu cell for $add$experiments/x1/rtl/x1_y1_kimi.v:97$16: $auto$alumacc.cc:485:replace_alu$6411
  created 4 $alu and 256 $macc cells.

3.13. Executing SHARE pass (SAT-based resource sharing).
Found 256 cells in module x1_y1_kimi that may be considered for resource sharing.
  Analyzing resource sharing options for $mul$experiments/x1/rtl/x1_y1_kimi.v:104$99 ($mul):
    Found cell that is never activated: $mul$experiments/x1/rtl/x1_y1_kimi.v:104$99
    Cell is never active. Sharing is pointless, we simply remove it.
  Analyzing resource sharing options for $mul$experiments/x1/rtl/x1_y1_kimi.v:104$97 ($mul):
    Found cell that is never activated: $mul$experiments/x1/rtl/x1_y1_kimi.v:104$97
    Cell is never active. Sharing is pointless, we simply remove it.
  Analyzing resource sharing options for $mul$experiments/x1/rtl/x1_y1_kimi.v:104$95 ($mul):
    Found cell that is never activated: $mul$experiments/x1/rtl/x1_y1_kimi.v:104$95
    Cell is never active. Sharing is pointless, we simply remove it.
  Analyzing resource sharing options for $mul$experiments/x1/rtl/x1_y1_kimi.v:104$93 ($mul):
    Found cell that is never activated: $mul$experiments/x1/rtl/x1_y1_kimi.v:104$93
    Cell is never active. Sharing is pointless, we simply remove it.
  Analyzing resource sharing options for $mul$experiments/x1/rtl/x1_y1_kimi.v:104$91 ($mul):
    Found cell that is never activated: $mul$experiments/x1/rtl/x1_y1_kimi.v:104$91
    Cell is never active. Sharing is pointless, we simply remove it.
  Analyzing resource sharing options for $mul$experiments/x1/rtl/x1_y1_kimi.v:104$89 ($mul):
    Found cell that is never activated: $mul$experiments/x1/rtl/x1_y1_kimi.v:104$89
    Cell is never active. Sharing is pointless, we simply remove it.
  Analyzing resource sharing options for $mul$experiments/x1/rtl/x1_y1_kimi.v:104$87 ($mul):
    Found cell that is never activated: $mul$experiments/x1/rtl/x1_y1_kimi.v:104$87
    Cell is never active. Sharing is pointless, we simply remove it.
  Analyzing resource sharing options for $mul$experiments/x1/rtl/x1_y1_kimi.v:104$85 ($mul):
    Found cell that is never activated: $mul$experiments/x1/rtl/x1_y1_kimi.v:104$85
    Cell is never active. Sharing is pointless, we simply remove it.
  Analyzing resource sharing options for $mul$experiments/x1/rtl/x1_y1_kimi.v:104$83 ($mul):
    Found cell that is never activated: $mul$experiments/x1/rtl/x1_y1_kimi.v:104$83
    Cell is never active. Sharing is pointless, we simply remove it.
  Analyzing resource sharing options for $mul$experiments/x1/rtl/x1_y1_kimi.v:104$81 ($mul):
    Found cell that is never activated: $mul$experiments/x1/rtl/x1_y1_kimi.v:104$81
    Cell is never active. Sharing is pointless, we simply remove it.
  Analyzing resource sharing options for $mul$experiments/x1/rtl/x1_y1_kimi.v:104$79 ($mul):
    Found cell that is never activated: $mul$experiments/x1/rtl/x1_y1_kimi.v:104$79
    Cell is never active. Sharing is pointless, we simply remove it.
  Analyzing resource sharing options for $mul$experiments/x1/rtl/x1_y1_kimi.v:104$77 ($mul):
    Found cell that is never activated: $mul$experiments/x1/rtl/x1_y1_kimi.v:104$77
    Cell is never active. Sharing is pointless, we simply remove it.
  Analyzing resource sharing options for $mul$experiments/x1/rtl/x1_y1_kimi.v:104$75 ($mul):
    Found cell that is never activated: $mul$experiments/x1/rtl/x1_y1_kimi.v:104$75
    Cell is never active. Sharing is pointless, we simply remove it.
  Analyzing resource sharing options for $mul$experiments/x1/rtl/x1_y1_kimi.v:104$73 ($mul):
    Found cell that is never activated: $mul$experiments/x1/rtl/x1_y1_kimi.v:104$73
    Cell is never active. Sharing is pointless, we simply remove it.
  Analyzing resource sharing options for $mul$experiments/x1/rtl/x1_y1_kimi.v:104$71 ($mul):
    Found cell that is never activated: $mul$experiments/x1/rtl/x1_y1_kimi.v:104$71
    Cell is never active. Sharing is pointless, we simply remove it.
  Analyzing resource sharing options for $mul$experiments/x1/rtl/x1_y1_kimi.v:104$69 ($mul):
    Found cell that is never activated: $mul$experiments/x1/rtl/x1_y1_kimi.v:104$69
    Cell is never active. Sharing is pointless, we simply remove it.
  Analyzing resource sharing options for $mul$experiments/x1/rtl/x1_y1_kimi.v:104$67 ($mul):
    Found cell that is never activated: $mul$experiments/x1/rtl/x1_y1_kimi.v:104$67
    Cell is never active. Sharing is pointless, we simply remove it.
  Analyzing resource sharing options for $mul$experiments/x1/rtl/x1_y1_kimi.v:104$65 ($mul):
    Found cell that is never activated: $mul$experiments/x1/rtl/x1_y1_kimi.v:104$65
    Cell is never active. Sharing is pointless, we simply remove it.
  Analyzing resource sharing options for $mul$experiments/x1/rtl/x1_y1_kimi.v:104$63 ($mul):
    Found cell that is never activated: $mul$experiments/x1/rtl/x1_y1_kimi.v:104$63
    Cell is never active. Sharing is pointless, we simply remove it.
  Analyzing resource sharing options for $mul$experiments/x1/rtl/x1_y1_kimi.v:104$61 ($mul):
    Found cell that is never activated: $mul$experiments/x1/rtl/x1_y1_kimi.v:104$61
    Cell is never active. Sharing is pointless, we simply remove it.
  Analyzing resource sharing options for $mul$experiments/x1/rtl/x1_y1_kimi.v:104$59 ($mul):
    Found cell that is never activated: $mul$experiments/x1/rtl/x1_y1_kimi.v:104$59
    Cell is never active. Sharing is pointless, we simply remove it.
  Analyzing resource sharing options for $mul$experiments/x1/rtl/x1_y1_kimi.v:104$57 ($mul):
    Found cell that is never activated: $mul$experiments/x1/rtl/x1_y1_kimi.v:104$57
    Cell is never active. Sharing is pointless, we simply remove it.
  Analyzing resource sharing options for $mul$experiments/x1/rtl/x1_y1_kimi.v:104$55 ($mul):
    Found cell that is never activated: $mul$experiments/x1/rtl/x1_y1_kimi.v:104$55
    Cell is never active. Sharing is pointless, we simply remove it.
  Analyzing resource sharing options for $mul$experiments/x1/rtl/x1_y1_kimi.v:104$53 ($mul):
    Found cell that is never activated: $mul$experiments/x1/rtl/x1_y1_kimi.v:104$53
    Cell is never active. Sharing is pointless, we simply remove it.
  Analyzing resource sharing options for $mul$experiments/x1/rtl/x1_y1_kimi.v:104$527 ($mul):
    Found cell that is never activated: $mul$experiments/x1/rtl/x1_y1_kimi.v:104$527
    Cell is never active. Sharing is pointless, we simply remove it.
  Analyzing resource sharing options for $mul$experiments/x1/rtl/x1_y1_kimi.v:104$525 ($mul):
    Found cell that is never activated: $mul$experiments/x1/rtl/x1_y1_kimi.v:104$525
    Cell is never active. Sharing is pointless, we simply remove it.
  Analyzing resource sharing options for $mul$experiments/x1/rtl/x1_y1_kimi.v:104$523 ($mul):
    Found cell that is never activated: $mul$experiments/x1/rtl/x1_y1_kimi.v:104$523
    Cell is never active. Sharing is pointless, we simply remove it.
  Analyzing resource sharing options for $mul$experiments/x1/rtl/x1_y1_kimi.v:104$521 ($mul):
    Found cell that is never activated: $mul$experiments/x1/rtl/x1_y1_kimi.v:104$521
    Cell is never active. Sharing is pointless, we simply remove it.
  Analyzing resource sharing options for $mul$experiments/x1/rtl/x1_y1_kimi.v:104$519 ($mul):
    Found cell that is never activated: $mul$experiments/x1/rtl/x1_y1_kimi.v:104$519
    Cell is never active. Sharing is pointless, we simply remove it.
  Analyzing resource sharing options for $mul$experiments/x1/rtl/x1_y1_kimi.v:104$517 ($mul):
    Found cell that is never activated: $mul$experiments/x1/rtl/x1_y1_kimi.v:104$517
    Cell is never active. Sharing is pointless, we simply remove it.
  Analyzing resource sharing options for $mul$experiments/x1/rtl/x1_y1_kimi.v:104$515 ($mul):
    Found cell that is never activated: $mul$experiments/x1/rtl/x1_y1_kimi.v:104$515
    Cell is never active. Sharing is pointless, we simply remove it.
  Analyzing resource sharing options for $mul$experiments/x1/rtl/x1_y1_kimi.v:104$513 ($mul):
    Found cell that is never activated: $mul$experiments/x1/rtl/x1_y1_kimi.v:104$513
    Cell is never active. Sharing is pointless, we simply remove it.
  Analyzing resource sharing options for $mul$experiments/x1/rtl/x1_y1_kimi.v:104$511 ($mul):
    Found cell that is never activated: $mul$experiments/x1/rtl/x1_y1_kimi.v:104$511
    Cell is never active. Sharing is pointless, we simply remove it.
  Analyzing resource sharing options for $mul$experiments/x1/rtl/x1_y1_kimi.v:104$51 ($mul):
    Found cell that is never activated: $mul$experiments/x1/rtl/x1_y1_kimi.v:104$51
    Cell is never active. Sharing is pointless, we simply remove it.
  Analyzing resource sharing options for $mul$experiments/x1/rtl/x1_y1_kimi.v:104$509 ($mul):
    Found cell that is never activated: $mul$experiments/x1/rtl/x1_y1_kimi.v:104$509
    Cell is never active. Sharing is pointless, we simply remove it.
  Analyzing resource sharing options for $mul$experiments/x1/rtl/x1_y1_kimi.v:104$507 ($mul):
    Found cell that is never activated: $mul$experiments/x1/rtl/x1_y1_kimi.v:104$507
    Cell is never active. Sharing is pointless, we simply remove it.
  Analyzing resource sharing options for $mul$experiments/x1/rtl/x1_y1_kimi.v:104$505 ($mul):
    Found cell that is never activated: $mul$experiments/x1/rtl/x1_y1_kimi.v:104$505
    Cell is never active. Sharing is pointless, we simply remove it.
  Analyzing resource sharing options for $mul$experiments/x1/rtl/x1_y1_kimi.v:104$503 ($mul):
    Found cell that is never activated: $mul$experiments/x1/rtl/x1_y1_kimi.v:104$503
    Cell is never active. Sharing is pointless, we simply remove it.
  Analyzing resource sharing options for $mul$experiments/x1/rtl/x1_y1_kimi.v:104$501 ($mul):
    Found cell that is never activated: $mul$experiments/x1/rtl/x1_y1_kimi.v:104$501
    Cell is never active. Sharing is pointless, we simply remove it.
  Analyzing resource sharing options for $mul$experiments/x1/rtl/x1_y1_kimi.v:104$499 ($mul):
    Found cell that is never activated: $mul$experiments/x1/rtl/x1_y1_kimi.v:104$499
    Cell is never active. Sharing is pointless, we simply remove it.
  Analyzing resource sharing options for $mul$experiments/x1/rtl/x1_y1_kimi.v:104$497 ($mul):
    Found cell that is never activated: $mul$experiments/x1/rtl/x1_y1_kimi.v:104$497
    Cell is never active. Sharing is pointless, we simply remove it.
  Analyzing resource sharing options for $mul$experiments/x1/rtl/x1_y1_kimi.v:104$495 ($mul):
    Found cell that is never activated: $mul$experiments/x1/rtl/x1_y1_kimi.v:104$495
    Cell is never active. Sharing is pointless, we simply remove it.
  Analyzing resource sharing options for $mul$experiments/x1/rtl/x1_y1_kimi.v:104$493 ($mul):
    Found cell that is never activated: $mul$experiments/x1/rtl/x1_y1_kimi.v:104$493
    Cell is never active. Sharing is pointless, we simply remove it.
  Analyzing resource sharing options for $mul$experiments/x1/rtl/x1_y1_kimi.v:104$491 ($mul):
    Found cell that is never activated: $mul$experiments/x1/rtl/x1_y1_kimi.v:104$491
    Cell is never active. Sharing is pointless, we simply remove it.
  Analyzing resource sharing options for $mul$experiments/x1/rtl/x1_y1_kimi.v:104$49 ($mul):
    Found cell that is never activated: $mul$experiments/x1/rtl/x1_y1_kimi.v:104$49
    Cell is never active. Sharing is pointless, we simply remove it.
  Analyzing resource sharing options for $mul$experiments/x1/rtl/x1_y1_kimi.v:104$489 ($mul):
    Found cell that is never activated: $mul$experiments/x1/rtl/x1_y1_kimi.v:104$489
    Cell is never active. Sharing is pointless, we simply remove it.
  Analyzing resource sharing options for $mul$experiments/x1/rtl/x1_y1_kimi.v:104$487 ($mul):
    Found cell that is never activated: $mul$experiments/x1/rtl/x1_y1_kimi.v:104$487
    Cell is never active. Sharing is pointless, we simply remove it.
  Analyzing resource sharing options for $mul$experiments/x1/rtl/x1_y1_kimi.v:104$485 ($mul):
    Found cell that is never activated: $mul$experiments/x1/rtl/x1_y1_kimi.v:104$485
    Cell is never active. Sharing is pointless, we simply remove it.
  Analyzing resource sharing options for $mul$experiments/x1/rtl/x1_y1_kimi.v:104$483 ($mul):
    Found cell that is never activated: $mul$experiments/x1/rtl/x1_y1_kimi.v:104$483
    Cell is never active. Sharing is pointless, we simply remove it.
  Analyzing resource sharing options for $mul$experiments/x1/rtl/x1_y1_kimi.v:104$481 ($mul):
    Found cell that is never activated: $mul$experiments/x1/rtl/x1_y1_kimi.v:104$481
    Cell is never active. Sharing is pointless, we simply remove it.
  Analyzing resource sharing options for $mul$experiments/x1/rtl/x1_y1_kimi.v:104$479 ($mul):
    Found cell that is never activated: $mul$experiments/x1/rtl/x1_y1_kimi.v:104$479
    Cell is never active. Sharing is pointless, we simply remove it.
  Analyzing resource sharing options for $mul$experiments/x1/rtl/x1_y1_kimi.v:104$477 ($mul):
    Found cell that is never activated: $mul$experiments/x1/rtl/x1_y1_kimi.v:104$477
    Cell is never active. Sharing is pointless, we simply remove it.
  Analyzing resource sharing options for $mul$experiments/x1/rtl/x1_y1_kimi.v:104$475 ($mul):
    Found cell that is never activated: $mul$experiments/x1/rtl/x1_y1_kimi.v:104$475
    Cell is never active. Sharing is pointless, we simply remove it.
  Analyzing resource sharing options for $mul$experiments/x1/rtl/x1_y1_kimi.v:104$473 ($mul):
    Found cell that is never activated: $mul$experiments/x1/rtl/x1_y1_kimi.v:104$473
    Cell is never active. Sharing is pointless, we simply remove it.
  Analyzing resource sharing options for $mul$experiments/x1/rtl/x1_y1_kimi.v:104$471 ($mul):
    Found cell that is never activated: $mul$experiments/x1/rtl/x1_y1_kimi.v:104$471
    Cell is never active. Sharing is pointless, we simply remove it.
  Analyzing resource sharing options for $mul$experiments/x1/rtl/x1_y1_kimi.v:104$47 ($mul):
    Found cell that is never activated: $mul$experiments/x1/rtl/x1_y1_kimi.v:104$47
    Cell is never active. Sharing is pointless, we simply remove it.
  Analyzing resource sharing options for $mul$experiments/x1/rtl/x1_y1_kimi.v:104$469 ($mul):
    Found cell that is never activated: $mul$experiments/x1/rtl/x1_y1_kimi.v:104$469
    Cell is never active. Sharing is pointless, we simply remove it.
  Analyzing resource sharing options for $mul$experiments/x1/rtl/x1_y1_kimi.v:104$467 ($mul):
    Found cell that is never activated: $mul$experiments/x1/rtl/x1_y1_kimi.v:104$467
    Cell is never active. Sharing is pointless, we simply remove it.
  Analyzing resource sharing options for $mul$experiments/x1/rtl/x1_y1_kimi.v:104$465 ($mul):
    Found cell that is never activated: $mul$experiments/x1/rtl/x1_y1_kimi.v:104$465
    Cell is never active. Sharing is pointless, we simply remove it.
  Analyzing resource sharing options for $mul$experiments/x1/rtl/x1_y1_kimi.v:104$463 ($mul):
    Found cell that is never activated: $mul$experiments/x1/rtl/x1_y1_kimi.v:104$463
    Cell is never active. Sharing is pointless, we simply remove it.
  Analyzing resource sharing options for $mul$experiments/x1/rtl/x1_y1_kimi.v:104$461 ($mul):
    Found cell that is never activated: $mul$experiments/x1/rtl/x1_y1_kimi.v:104$461
    Cell is never active. Sharing is pointless, we simply remove it.
  Analyzing resource sharing options for $mul$experiments/x1/rtl/x1_y1_kimi.v:104$459 ($mul):
    Found cell that is never activated: $mul$experiments/x1/rtl/x1_y1_kimi.v:104$459
    Cell is never active. Sharing is pointless, we simply remove it.
  Analyzing resource sharing options for $mul$experiments/x1/rtl/x1_y1_kimi.v:104$457 ($mul):
    Found cell that is never activated: $mul$experiments/x1/rtl/x1_y1_kimi.v:104$457
    Cell is never active. Sharing is pointless, we simply remove it.
  Analyzing resource sharing options for $mul$experiments/x1/rtl/x1_y1_kimi.v:104$455 ($mul):
    Found cell that is never activated: $mul$experiments/x1/rtl/x1_y1_kimi.v:104$455
    Cell is never active. Sharing is pointless, we simply remove it.
  Analyzing resource sharing options for $mul$experiments/x1/rtl/x1_y1_kimi.v:104$453 ($mul):
    Found cell that is never activated: $mul$experiments/x1/rtl/x1_y1_kimi.v:104$453
    Cell is never active. Sharing is pointless, we simply remove it.
  Analyzing resource sharing options for $mul$experiments/x1/rtl/x1_y1_kimi.v:104$451 ($mul):
    Found cell that is never activated: $mul$experiments/x1/rtl/x1_y1_kimi.v:104$451
    Cell is never active. Sharing is pointless, we simply remove it.
  Analyzing resource sharing options for $mul$experiments/x1/rtl/x1_y1_kimi.v:104$45 ($mul):
    Found cell that is never activated: $mul$experiments/x1/rtl/x1_y1_kimi.v:104$45
    Cell is never active. Sharing is pointless, we simply remove it.
  Analyzing resource sharing options for $mul$experiments/x1/rtl/x1_y1_kimi.v:104$449 ($mul):
    Found cell that is never activated: $mul$experiments/x1/rtl/x1_y1_kimi.v:104$449
    Cell is never active. Sharing is pointless, we simply remove it.
  Analyzing resource sharing options for $mul$experiments/x1/rtl/x1_y1_kimi.v:104$447 ($mul):
    Found cell that is never activated: $mul$experiments/x1/rtl/x1_y1_kimi.v:104$447
    Cell is never active. Sharing is pointless, we simply remove it.
  Analyzing resource sharing options for $mul$experiments/x1/rtl/x1_y1_kimi.v:104$445 ($mul):
    Found cell that is never activated: $mul$experiments/x1/rtl/x1_y1_kimi.v:104$445
    Cell is never active. Sharing is pointless, we simply remove it.
  Analyzing resource sharing options for $mul$experiments/x1/rtl/x1_y1_kimi.v:104$443 ($mul):
    Found cell that is never activated: $mul$experiments/x1/rtl/x1_y1_kimi.v:104$443
    Cell is never active. Sharing is pointless, we simply remove it.
  Analyzing resource sharing options for $mul$experiments/x1/rtl/x1_y1_kimi.v:104$441 ($mul):
    Found cell that is never activated: $mul$experiments/x1/rtl/x1_y1_kimi.v:104$441
    Cell is never active. Sharing is pointless, we simply remove it.
  Analyzing resource sharing options for $mul$experiments/x1/rtl/x1_y1_kimi.v:104$439 ($mul):
    Found cell that is never activated: $mul$experiments/x1/rtl/x1_y1_kimi.v:104$439
    Cell is never active. Sharing is pointless, we simply remove it.
  Analyzing resource sharing options for $mul$experiments/x1/rtl/x1_y1_kimi.v:104$437 ($mul):
    Found cell that is never activated: $mul$experiments/x1/rtl/x1_y1_kimi.v:104$437
    Cell is never active. Sharing is pointless, we simply remove it.
  Analyzing resource sharing options for $mul$experiments/x1/rtl/x1_y1_kimi.v:104$435 ($mul):
    Found cell that is never activated: $mul$experiments/x1/rtl/x1_y1_kimi.v:104$435
    Cell is never active. Sharing is pointless, we simply remove it.
  Analyzing resource sharing options for $mul$experiments/x1/rtl/x1_y1_kimi.v:104$433 ($mul):
    Found cell that is never activated: $mul$experiments/x1/rtl/x1_y1_kimi.v:104$433
    Cell is never active. Sharing is pointless, we simply remove it.
  Analyzing resource sharing options for $mul$experiments/x1/rtl/x1_y1_kimi.v:104$431 ($mul):
    Found cell that is never activated: $mul$experiments/x1/rtl/x1_y1_kimi.v:104$431
    Cell is never active. Sharing is pointless, we simply remove it.
  Analyzing resource sharing options for $mul$experiments/x1/rtl/x1_y1_kimi.v:104$43 ($mul):
    Found cell that is never activated: $mul$experiments/x1/rtl/x1_y1_kimi.v:104$43
    Cell is never active. Sharing is pointless, we simply remove it.
  Analyzing resource sharing options for $mul$experiments/x1/rtl/x1_y1_kimi.v:104$429 ($mul):
    Found cell that is never activated: $mul$experiments/x1/rtl/x1_y1_kimi.v:104$429
    Cell is never active. Sharing is pointless, we simply remove it.
  Analyzing resource sharing options for $mul$experiments/x1/rtl/x1_y1_kimi.v:104$427 ($mul):
    Found cell that is never activated: $mul$experiments/x1/rtl/x1_y1_kimi.v:104$427
    Cell is never active. Sharing is pointless, we simply remove it.
  Analyzing resource sharing options for $mul$experiments/x1/rtl/x1_y1_kimi.v:104$425 ($mul):
    Found cell that is never activated: $mul$experiments/x1/rtl/x1_y1_kimi.v:104$425
    Cell is never active. Sharing is pointless, we simply remove it.
  Analyzing resource sharing options for $mul$experiments/x1/rtl/x1_y1_kimi.v:104$423 ($mul):
    Found cell that is never activated: $mul$experiments/x1/rtl/x1_y1_kimi.v:104$423
    Cell is never active. Sharing is pointless, we simply remove it.
  Analyzing resource sharing options for $mul$experiments/x1/rtl/x1_y1_kimi.v:104$421 ($mul):
    Found cell that is never activated: $mul$experiments/x1/rtl/x1_y1_kimi.v:104$421
    Cell is never active. Sharing is pointless, we simply remove it.
  Analyzing resource sharing options for $mul$experiments/x1/rtl/x1_y1_kimi.v:104$419 ($mul):
    Found cell that is never activated: $mul$experiments/x1/rtl/x1_y1_kimi.v:104$419
    Cell is never active. Sharing is pointless, we simply remove it.
  Analyzing resource sharing options for $mul$experiments/x1/rtl/x1_y1_kimi.v:104$417 ($mul):
    Found cell that is never activated: $mul$experiments/x1/rtl/x1_y1_kimi.v:104$417
    Cell is never active. Sharing is pointless, we simply remove it.
  Analyzing resource sharing options for $mul$experiments/x1/rtl/x1_y1_kimi.v:104$415 ($mul):
    Found cell that is never activated: $mul$experiments/x1/rtl/x1_y1_kimi.v:104$415
    Cell is never active. Sharing is pointless, we simply remove it.
  Analyzing resource sharing options for $mul$experiments/x1/rtl/x1_y1_kimi.v:104$413 ($mul):
    Found cell that is never activated: $mul$experiments/x1/rtl/x1_y1_kimi.v:104$413
    Cell is never active. Sharing is pointless, we simply remove it.
  Analyzing resource sharing options for $mul$experiments/x1/rtl/x1_y1_kimi.v:104$411 ($mul):
    Found cell that is never activated: $mul$experiments/x1/rtl/x1_y1_kimi.v:104$411
    Cell is never active. Sharing is pointless, we simply remove it.
  Analyzing resource sharing options for $mul$experiments/x1/rtl/x1_y1_kimi.v:104$41 ($mul):
    Found cell that is never activated: $mul$experiments/x1/rtl/x1_y1_kimi.v:104$41
    Cell is never active. Sharing is pointless, we simply remove it.
  Analyzing resource sharing options for $mul$experiments/x1/rtl/x1_y1_kimi.v:104$409 ($mul):
    Found cell that is never activated: $mul$experiments/x1/rtl/x1_y1_kimi.v:104$409
    Cell is never active. Sharing is pointless, we simply remove it.
  Analyzing resource sharing options for $mul$experiments/x1/rtl/x1_y1_kimi.v:104$407 ($mul):
    Found cell that is never activated: $mul$experiments/x1/rtl/x1_y1_kimi.v:104$407
    Cell is never active. Sharing is pointless, we simply remove it.
  Analyzing resource sharing options for $mul$experiments/x1/rtl/x1_y1_kimi.v:104$405 ($mul):
    Found cell that is never activated: $mul$experiments/x1/rtl/x1_y1_kimi.v:104$405
    Cell is never active. Sharing is pointless, we simply remove it.
  Analyzing resource sharing options for $mul$experiments/x1/rtl/x1_y1_kimi.v:104$403 ($mul):
    Found cell that is never activated: $mul$experiments/x1/rtl/x1_y1_kimi.v:104$403
    Cell is never active. Sharing is pointless, we simply remove it.
  Analyzing resource sharing options for $mul$experiments/x1/rtl/x1_y1_kimi.v:104$401 ($mul):
    Found cell that is never activated: $mul$experiments/x1/rtl/x1_y1_kimi.v:104$401
    Cell is never active. Sharing is pointless, we simply remove it.
  Analyzing resource sharing options for $mul$experiments/x1/rtl/x1_y1_kimi.v:104$399 ($mul):
    Found cell that is never activated: $mul$experiments/x1/rtl/x1_y1_kimi.v:104$399
    Cell is never active. Sharing is pointless, we simply remove it.
  Analyzing resource sharing options for $mul$experiments/x1/rtl/x1_y1_kimi.v:104$397 ($mul):
    Found cell that is never activated: $mul$experiments/x1/rtl/x1_y1_kimi.v:104$397
    Cell is never active. Sharing is pointless, we simply remove it.
  Analyzing resource sharing options for $mul$experiments/x1/rtl/x1_y1_kimi.v:104$395 ($mul):
    Found cell that is never activated: $mul$experiments/x1/rtl/x1_y1_kimi.v:104$395
    Cell is never active. Sharing is pointless, we simply remove it.
  Analyzing resource sharing options for $mul$experiments/x1/rtl/x1_y1_kimi.v:104$393 ($mul):
    Found cell that is never activated: $mul$experiments/x1/rtl/x1_y1_kimi.v:104$393
    Cell is never active. Sharing is pointless, we simply remove it.
  Analyzing resource sharing options for $mul$experiments/x1/rtl/x1_y1_kimi.v:104$391 ($mul):
    Found cell that is never activated: $mul$experiments/x1/rtl/x1_y1_kimi.v:104$391
    Cell is never active. Sharing is pointless, we simply remove it.
  Analyzing resource sharing options for $mul$experiments/x1/rtl/x1_y1_kimi.v:104$39 ($mul):
    Found cell that is never activated: $mul$experiments/x1/rtl/x1_y1_kimi.v:104$39
    Cell is never active. Sharing is pointless, we simply remove it.
  Analyzing resource sharing options for $mul$experiments/x1/rtl/x1_y1_kimi.v:104$389 ($mul):
    Found cell that is never activated: $mul$experiments/x1/rtl/x1_y1_kimi.v:104$389
    Cell is never active. Sharing is pointless, we simply remove it.
  Analyzing resource sharing options for $mul$experiments/x1/rtl/x1_y1_kimi.v:104$387 ($mul):
    Found cell that is never activated: $mul$experiments/x1/rtl/x1_y1_kimi.v:104$387
    Cell is never active. Sharing is pointless, we simply remove it.
  Analyzing resource sharing options for $mul$experiments/x1/rtl/x1_y1_kimi.v:104$385 ($mul):
    Found cell that is never activated: $mul$experiments/x1/rtl/x1_y1_kimi.v:104$385
    Cell is never active. Sharing is pointless, we simply remove it.
  Analyzing resource sharing options for $mul$experiments/x1/rtl/x1_y1_kimi.v:104$383 ($mul):
    Found cell that is never activated: $mul$experiments/x1/rtl/x1_y1_kimi.v:104$383
    Cell is never active. Sharing is pointless, we simply remove it.
  Analyzing resource sharing options for $mul$experiments/x1/rtl/x1_y1_kimi.v:104$381 ($mul):
    Found cell that is never activated: $mul$experiments/x1/rtl/x1_y1_kimi.v:104$381
    Cell is never active. Sharing is pointless, we simply remove it.
  Analyzing resource sharing options for $mul$experiments/x1/rtl/x1_y1_kimi.v:104$379 ($mul):
    Found cell that is never activated: $mul$experiments/x1/rtl/x1_y1_kimi.v:104$379
    Cell is never active. Sharing is pointless, we simply remove it.
  Analyzing resource sharing options for $mul$experiments/x1/rtl/x1_y1_kimi.v:104$377 ($mul):
    Found cell that is never activated: $mul$experiments/x1/rtl/x1_y1_kimi.v:104$377
    Cell is never active. Sharing is pointless, we simply remove it.
  Analyzing resource sharing options for $mul$experiments/x1/rtl/x1_y1_kimi.v:104$375 ($mul):
    Found cell that is never activated: $mul$experiments/x1/rtl/x1_y1_kimi.v:104$375
    Cell is never active. Sharing is pointless, we simply remove it.
  Analyzing resource sharing options for $mul$experiments/x1/rtl/x1_y1_kimi.v:104$373 ($mul):
    Found cell that is never activated: $mul$experiments/x1/rtl/x1_y1_kimi.v:104$373
    Cell is never active. Sharing is pointless, we simply remove it.
  Analyzing resource sharing options for $mul$experiments/x1/rtl/x1_y1_kimi.v:104$371 ($mul):
    Found cell that is never activated: $mul$experiments/x1/rtl/x1_y1_kimi.v:104$371
    Cell is never active. Sharing is pointless, we simply remove it.
  Analyzing resource sharing options for $mul$experiments/x1/rtl/x1_y1_kimi.v:104$37 ($mul):
    Found cell that is never activated: $mul$experiments/x1/rtl/x1_y1_kimi.v:104$37
    Cell is never active. Sharing is pointless, we simply remove it.
  Analyzing resource sharing options for $mul$experiments/x1/rtl/x1_y1_kimi.v:104$369 ($mul):
    Found cell that is never activated: $mul$experiments/x1/rtl/x1_y1_kimi.v:104$369
    Cell is never active. Sharing is pointless, we simply remove it.
  Analyzing resource sharing options for $mul$experiments/x1/rtl/x1_y1_kimi.v:104$367 ($mul):
    Found cell that is never activated: $mul$experiments/x1/rtl/x1_y1_kimi.v:104$367
    Cell is never active. Sharing is pointless, we simply remove it.
  Analyzing resource sharing options for $mul$experiments/x1/rtl/x1_y1_kimi.v:104$365 ($mul):
    Found cell that is never activated: $mul$experiments/x1/rtl/x1_y1_kimi.v:104$365
    Cell is never active. Sharing is pointless, we simply remove it.
  Analyzing resource sharing options for $mul$experiments/x1/rtl/x1_y1_kimi.v:104$363 ($mul):
    Found cell that is never activated: $mul$experiments/x1/rtl/x1_y1_kimi.v:104$363
    Cell is never active. Sharing is pointless, we simply remove it.
  Analyzing resource sharing options for $mul$experiments/x1/rtl/x1_y1_kimi.v:104$361 ($mul):
    Found cell that is never activated: $mul$experiments/x1/rtl/x1_y1_kimi.v:104$361
    Cell is never active. Sharing is pointless, we simply remove it.
  Analyzing resource sharing options for $mul$experiments/x1/rtl/x1_y1_kimi.v:104$359 ($mul):
    Found cell that is never activated: $mul$experiments/x1/rtl/x1_y1_kimi.v:104$359
    Cell is never active. Sharing is pointless, we simply remove it.
  Analyzing resource sharing options for $mul$experiments/x1/rtl/x1_y1_kimi.v:104$357 ($mul):
    Found cell that is never activated: $mul$experiments/x1/rtl/x1_y1_kimi.v:104$357
    Cell is never active. Sharing is pointless, we simply remove it.
  Analyzing resource sharing options for $mul$experiments/x1/rtl/x1_y1_kimi.v:104$355 ($mul):
    Found cell that is never activated: $mul$experiments/x1/rtl/x1_y1_kimi.v:104$355
    Cell is never active. Sharing is pointless, we simply remove it.
  Analyzing resource sharing options for $mul$experiments/x1/rtl/x1_y1_kimi.v:104$353 ($mul):
    Found cell that is never activated: $mul$experiments/x1/rtl/x1_y1_kimi.v:104$353
    Cell is never active. Sharing is pointless, we simply remove it.
  Analyzing resource sharing options for $mul$experiments/x1/rtl/x1_y1_kimi.v:104$351 ($mul):
    Found cell that is never activated: $mul$experiments/x1/rtl/x1_y1_kimi.v:104$351
    Cell is never active. Sharing is pointless, we simply remove it.
  Analyzing resource sharing options for $mul$experiments/x1/rtl/x1_y1_kimi.v:104$35 ($mul):
    Found cell that is never activated: $mul$experiments/x1/rtl/x1_y1_kimi.v:104$35
    Cell is never active. Sharing is pointless, we simply remove it.
  Analyzing resource sharing options for $mul$experiments/x1/rtl/x1_y1_kimi.v:104$349 ($mul):
    Found cell that is never activated: $mul$experiments/x1/rtl/x1_y1_kimi.v:104$349
    Cell is never active. Sharing is pointless, we simply remove it.
  Analyzing resource sharing options for $mul$experiments/x1/rtl/x1_y1_kimi.v:104$347 ($mul):
    Found cell that is never activated: $mul$experiments/x1/rtl/x1_y1_kimi.v:104$347
    Cell is never active. Sharing is pointless, we simply remove it.
  Analyzing resource sharing options for $mul$experiments/x1/rtl/x1_y1_kimi.v:104$345 ($mul):
    Found cell that is never activated: $mul$experiments/x1/rtl/x1_y1_kimi.v:104$345
    Cell is never active. Sharing is pointless, we simply remove it.
  Analyzing resource sharing options for $mul$experiments/x1/rtl/x1_y1_kimi.v:104$343 ($mul):
    Found cell that is never activated: $mul$experiments/x1/rtl/x1_y1_kimi.v:104$343
    Cell is never active. Sharing is pointless, we simply remove it.
  Analyzing resource sharing options for $mul$experiments/x1/rtl/x1_y1_kimi.v:104$341 ($mul):
    Found cell that is never activated: $mul$experiments/x1/rtl/x1_y1_kimi.v:104$341
    Cell is never active. Sharing is pointless, we simply remove it.
  Analyzing resource sharing options for $mul$experiments/x1/rtl/x1_y1_kimi.v:104$339 ($mul):
    Found cell that is never activated: $mul$experiments/x1/rtl/x1_y1_kimi.v:104$339
    Cell is never active. Sharing is pointless, we simply remove it.
  Analyzing resource sharing options for $mul$experiments/x1/rtl/x1_y1_kimi.v:104$337 ($mul):
    Found cell that is never activated: $mul$experiments/x1/rtl/x1_y1_kimi.v:104$337
    Cell is never active. Sharing is pointless, we simply remove it.
  Analyzing resource sharing options for $mul$experiments/x1/rtl/x1_y1_kimi.v:104$335 ($mul):
    Found cell that is never activated: $mul$experiments/x1/rtl/x1_y1_kimi.v:104$335
    Cell is never active. Sharing is pointless, we simply remove it.
  Analyzing resource sharing options for $mul$experiments/x1/rtl/x1_y1_kimi.v:104$333 ($mul):
    Found cell that is never activated: $mul$experiments/x1/rtl/x1_y1_kimi.v:104$333
    Cell is never active. Sharing is pointless, we simply remove it.
  Analyzing resource sharing options for $mul$experiments/x1/rtl/x1_y1_kimi.v:104$331 ($mul):
    Found cell that is never activated: $mul$experiments/x1/rtl/x1_y1_kimi.v:104$331
    Cell is never active. Sharing is pointless, we simply remove it.
  Analyzing resource sharing options for $mul$experiments/x1/rtl/x1_y1_kimi.v:104$33 ($mul):
    Found cell that is never activated: $mul$experiments/x1/rtl/x1_y1_kimi.v:104$33
    Cell is never active. Sharing is pointless, we simply remove it.
  Analyzing resource sharing options for $mul$experiments/x1/rtl/x1_y1_kimi.v:104$329 ($mul):
    Found cell that is never activated: $mul$experiments/x1/rtl/x1_y1_kimi.v:104$329
    Cell is never active. Sharing is pointless, we simply remove it.
  Analyzing resource sharing options for $mul$experiments/x1/rtl/x1_y1_kimi.v:104$327 ($mul):
    Found cell that is never activated: $mul$experiments/x1/rtl/x1_y1_kimi.v:104$327
    Cell is never active. Sharing is pointless, we simply remove it.
  Analyzing resource sharing options for $mul$experiments/x1/rtl/x1_y1_kimi.v:104$325 ($mul):
    Found cell that is never activated: $mul$experiments/x1/rtl/x1_y1_kimi.v:104$325
    Cell is never active. Sharing is pointless, we simply remove it.
  Analyzing resource sharing options for $mul$experiments/x1/rtl/x1_y1_kimi.v:104$323 ($mul):
    Found cell that is never activated: $mul$experiments/x1/rtl/x1_y1_kimi.v:104$323
    Cell is never active. Sharing is pointless, we simply remove it.
  Analyzing resource sharing options for $mul$experiments/x1/rtl/x1_y1_kimi.v:104$321 ($mul):
    Found cell that is never activated: $mul$experiments/x1/rtl/x1_y1_kimi.v:104$321
    Cell is never active. Sharing is pointless, we simply remove it.
  Analyzing resource sharing options for $mul$experiments/x1/rtl/x1_y1_kimi.v:104$319 ($mul):
    Found cell that is never activated: $mul$experiments/x1/rtl/x1_y1_kimi.v:104$319
    Cell is never active. Sharing is pointless, we simply remove it.
  Analyzing resource sharing options for $mul$experiments/x1/rtl/x1_y1_kimi.v:104$317 ($mul):
    Found cell that is never activated: $mul$experiments/x1/rtl/x1_y1_kimi.v:104$317
    Cell is never active. Sharing is pointless, we simply remove it.
  Analyzing resource sharing options for $mul$experiments/x1/rtl/x1_y1_kimi.v:104$315 ($mul):
    Found cell that is never activated: $mul$experiments/x1/rtl/x1_y1_kimi.v:104$315
    Cell is never active. Sharing is pointless, we simply remove it.
  Analyzing resource sharing options for $mul$experiments/x1/rtl/x1_y1_kimi.v:104$313 ($mul):
    Found cell that is never activated: $mul$experiments/x1/rtl/x1_y1_kimi.v:104$313
    Cell is never active. Sharing is pointless, we simply remove it.
  Analyzing resource sharing options for $mul$experiments/x1/rtl/x1_y1_kimi.v:104$311 ($mul):
    Found cell that is never activated: $mul$experiments/x1/rtl/x1_y1_kimi.v:104$311
    Cell is never active. Sharing is pointless, we simply remove it.
  Analyzing resource sharing options for $mul$experiments/x1/rtl/x1_y1_kimi.v:104$31 ($mul):
    Found cell that is never activated: $mul$experiments/x1/rtl/x1_y1_kimi.v:104$31
    Cell is never active. Sharing is pointless, we simply remove it.
  Analyzing resource sharing options for $mul$experiments/x1/rtl/x1_y1_kimi.v:104$309 ($mul):
    Found cell that is never activated: $mul$experiments/x1/rtl/x1_y1_kimi.v:104$309
    Cell is never active. Sharing is pointless, we simply remove it.
  Analyzing resource sharing options for $mul$experiments/x1/rtl/x1_y1_kimi.v:104$307 ($mul):
    Found cell that is never activated: $mul$experiments/x1/rtl/x1_y1_kimi.v:104$307
    Cell is never active. Sharing is pointless, we simply remove it.
  Analyzing resource sharing options for $mul$experiments/x1/rtl/x1_y1_kimi.v:104$305 ($mul):
    Found cell that is never activated: $mul$experiments/x1/rtl/x1_y1_kimi.v:104$305
    Cell is never active. Sharing is pointless, we simply remove it.
  Analyzing resource sharing options for $mul$experiments/x1/rtl/x1_y1_kimi.v:104$303 ($mul):
    Found cell that is never activated: $mul$experiments/x1/rtl/x1_y1_kimi.v:104$303
    Cell is never active. Sharing is pointless, we simply remove it.
  Analyzing resource sharing options for $mul$experiments/x1/rtl/x1_y1_kimi.v:104$301 ($mul):
    Found cell that is never activated: $mul$experiments/x1/rtl/x1_y1_kimi.v:104$301
    Cell is never active. Sharing is pointless, we simply remove it.
  Analyzing resource sharing options for $mul$experiments/x1/rtl/x1_y1_kimi.v:104$299 ($mul):
    Found cell that is never activated: $mul$experiments/x1/rtl/x1_y1_kimi.v:104$299
    Cell is never active. Sharing is pointless, we simply remove it.
  Analyzing resource sharing options for $mul$experiments/x1/rtl/x1_y1_kimi.v:104$297 ($mul):
    Found cell that is never activated: $mul$experiments/x1/rtl/x1_y1_kimi.v:104$297
    Cell is never active. Sharing is pointless, we simply remove it.
  Analyzing resource sharing options for $mul$experiments/x1/rtl/x1_y1_kimi.v:104$295 ($mul):
    Found cell that is never activated: $mul$experiments/x1/rtl/x1_y1_kimi.v:104$295
    Cell is never active. Sharing is pointless, we simply remove it.
  Analyzing resource sharing options for $mul$experiments/x1/rtl/x1_y1_kimi.v:104$293 ($mul):
    Found cell that is never activated: $mul$experiments/x1/rtl/x1_y1_kimi.v:104$293
    Cell is never active. Sharing is pointless, we simply remove it.
  Analyzing resource sharing options for $mul$experiments/x1/rtl/x1_y1_kimi.v:104$291 ($mul):
    Found cell that is never activated: $mul$experiments/x1/rtl/x1_y1_kimi.v:104$291
    Cell is never active. Sharing is pointless, we simply remove it.
  Analyzing resource sharing options for $mul$experiments/x1/rtl/x1_y1_kimi.v:104$29 ($mul):
    Found cell that is never activated: $mul$experiments/x1/rtl/x1_y1_kimi.v:104$29
    Cell is never active. Sharing is pointless, we simply remove it.
  Analyzing resource sharing options for $mul$experiments/x1/rtl/x1_y1_kimi.v:104$289 ($mul):
    Found cell that is never activated: $mul$experiments/x1/rtl/x1_y1_kimi.v:104$289
    Cell is never active. Sharing is pointless, we simply remove it.
  Analyzing resource sharing options for $mul$experiments/x1/rtl/x1_y1_kimi.v:104$287 ($mul):
    Found cell that is never activated: $mul$experiments/x1/rtl/x1_y1_kimi.v:104$287
    Cell is never active. Sharing is pointless, we simply remove it.
  Analyzing resource sharing options for $mul$experiments/x1/rtl/x1_y1_kimi.v:104$285 ($mul):
    Found cell that is never activated: $mul$experiments/x1/rtl/x1_y1_kimi.v:104$285
    Cell is never active. Sharing is pointless, we simply remove it.
  Analyzing resource sharing options for $mul$experiments/x1/rtl/x1_y1_kimi.v:104$283 ($mul):
    Found cell that is never activated: $mul$experiments/x1/rtl/x1_y1_kimi.v:104$283
    Cell is never active. Sharing is pointless, we simply remove it.
  Analyzing resource sharing options for $mul$experiments/x1/rtl/x1_y1_kimi.v:104$281 ($mul):
    Found cell that is never activated: $mul$experiments/x1/rtl/x1_y1_kimi.v:104$281
    Cell is never active. Sharing is pointless, we simply remove it.
  Analyzing resource sharing options for $mul$experiments/x1/rtl/x1_y1_kimi.v:104$279 ($mul):
    Found cell that is never activated: $mul$experiments/x1/rtl/x1_y1_kimi.v:104$279
    Cell is never active. Sharing is pointless, we simply remove it.
  Analyzing resource sharing options for $mul$experiments/x1/rtl/x1_y1_kimi.v:104$277 ($mul):
    Found cell that is never activated: $mul$experiments/x1/rtl/x1_y1_kimi.v:104$277
    Cell is never active. Sharing is pointless, we simply remove it.
  Analyzing resource sharing options for $mul$experiments/x1/rtl/x1_y1_kimi.v:104$275 ($mul):
    Found cell that is never activated: $mul$experiments/x1/rtl/x1_y1_kimi.v:104$275
    Cell is never active. Sharing is pointless, we simply remove it.
  Analyzing resource sharing options for $mul$experiments/x1/rtl/x1_y1_kimi.v:104$273 ($mul):
    Found cell that is never activated: $mul$experiments/x1/rtl/x1_y1_kimi.v:104$273
    Cell is never active. Sharing is pointless, we simply remove it.
  Analyzing resource sharing options for $mul$experiments/x1/rtl/x1_y1_kimi.v:104$271 ($mul):
    Found cell that is never activated: $mul$experiments/x1/rtl/x1_y1_kimi.v:104$271
    Cell is never active. Sharing is pointless, we simply remove it.
  Analyzing resource sharing options for $mul$experiments/x1/rtl/x1_y1_kimi.v:104$27 ($mul):
    Found cell that is never activated: $mul$experiments/x1/rtl/x1_y1_kimi.v:104$27
    Cell is never active. Sharing is pointless, we simply remove it.
  Analyzing resource sharing options for $mul$experiments/x1/rtl/x1_y1_kimi.v:104$269 ($mul):
    Found cell that is never activated: $mul$experiments/x1/rtl/x1_y1_kimi.v:104$269
    Cell is never active. Sharing is pointless, we simply remove it.
  Analyzing resource sharing options for $mul$experiments/x1/rtl/x1_y1_kimi.v:104$267 ($mul):
    Found cell that is never activated: $mul$experiments/x1/rtl/x1_y1_kimi.v:104$267
    Cell is never active. Sharing is pointless, we simply remove it.
  Analyzing resource sharing options for $mul$experiments/x1/rtl/x1_y1_kimi.v:104$265 ($mul):
    Found cell that is never activated: $mul$experiments/x1/rtl/x1_y1_kimi.v:104$265
    Cell is never active. Sharing is pointless, we simply remove it.
  Analyzing resource sharing options for $mul$experiments/x1/rtl/x1_y1_kimi.v:104$263 ($mul):
    Found cell that is never activated: $mul$experiments/x1/rtl/x1_y1_kimi.v:104$263
    Cell is never active. Sharing is pointless, we simply remove it.
  Analyzing resource sharing options for $mul$experiments/x1/rtl/x1_y1_kimi.v:104$261 ($mul):
    Found cell that is never activated: $mul$experiments/x1/rtl/x1_y1_kimi.v:104$261
    Cell is never active. Sharing is pointless, we simply remove it.
  Analyzing resource sharing options for $mul$experiments/x1/rtl/x1_y1_kimi.v:104$259 ($mul):
    Found cell that is never activated: $mul$experiments/x1/rtl/x1_y1_kimi.v:104$259
    Cell is never active. Sharing is pointless, we simply remove it.
  Analyzing resource sharing options for $mul$experiments/x1/rtl/x1_y1_kimi.v:104$257 ($mul):
    Found cell that is never activated: $mul$experiments/x1/rtl/x1_y1_kimi.v:104$257
    Cell is never active. Sharing is pointless, we simply remove it.
  Analyzing resource sharing options for $mul$experiments/x1/rtl/x1_y1_kimi.v:104$255 ($mul):
    Found cell that is never activated: $mul$experiments/x1/rtl/x1_y1_kimi.v:104$255
    Cell is never active. Sharing is pointless, we simply remove it.
  Analyzing resource sharing options for $mul$experiments/x1/rtl/x1_y1_kimi.v:104$253 ($mul):
    Found cell that is never activated: $mul$experiments/x1/rtl/x1_y1_kimi.v:104$253
    Cell is never active. Sharing is pointless, we simply remove it.
  Analyzing resource sharing options for $mul$experiments/x1/rtl/x1_y1_kimi.v:104$251 ($mul):
    Found cell that is never activated: $mul$experiments/x1/rtl/x1_y1_kimi.v:104$251
    Cell is never active. Sharing is pointless, we simply remove it.
  Analyzing resource sharing options for $mul$experiments/x1/rtl/x1_y1_kimi.v:104$25 ($mul):
    Found cell that is never activated: $mul$experiments/x1/rtl/x1_y1_kimi.v:104$25
    Cell is never active. Sharing is pointless, we simply remove it.
  Analyzing resource sharing options for $mul$experiments/x1/rtl/x1_y1_kimi.v:104$249 ($mul):
    Found cell that is never activated: $mul$experiments/x1/rtl/x1_y1_kimi.v:104$249
    Cell is never active. Sharing is pointless, we simply remove it.
  Analyzing resource sharing options for $mul$experiments/x1/rtl/x1_y1_kimi.v:104$247 ($mul):
    Found cell that is never activated: $mul$experiments/x1/rtl/x1_y1_kimi.v:104$247
    Cell is never active. Sharing is pointless, we simply remove it.
  Analyzing resource sharing options for $mul$experiments/x1/rtl/x1_y1_kimi.v:104$245 ($mul):
    Found cell that is never activated: $mul$experiments/x1/rtl/x1_y1_kimi.v:104$245
    Cell is never active. Sharing is pointless, we simply remove it.
  Analyzing resource sharing options for $mul$experiments/x1/rtl/x1_y1_kimi.v:104$243 ($mul):
    Found cell that is never activated: $mul$experiments/x1/rtl/x1_y1_kimi.v:104$243
    Cell is never active. Sharing is pointless, we simply remove it.
  Analyzing resource sharing options for $mul$experiments/x1/rtl/x1_y1_kimi.v:104$241 ($mul):
    Found cell that is never activated: $mul$experiments/x1/rtl/x1_y1_kimi.v:104$241
    Cell is never active. Sharing is pointless, we simply remove it.
  Analyzing resource sharing options for $mul$experiments/x1/rtl/x1_y1_kimi.v:104$239 ($mul):
    Found cell that is never activated: $mul$experiments/x1/rtl/x1_y1_kimi.v:104$239
    Cell is never active. Sharing is pointless, we simply remove it.
  Analyzing resource sharing options for $mul$experiments/x1/rtl/x1_y1_kimi.v:104$237 ($mul):
    Found cell that is never activated: $mul$experiments/x1/rtl/x1_y1_kimi.v:104$237
    Cell is never active. Sharing is pointless, we simply remove it.
  Analyzing resource sharing options for $mul$experiments/x1/rtl/x1_y1_kimi.v:104$235 ($mul):
    Found cell that is never activated: $mul$experiments/x1/rtl/x1_y1_kimi.v:104$235
    Cell is never active. Sharing is pointless, we simply remove it.
  Analyzing resource sharing options for $mul$experiments/x1/rtl/x1_y1_kimi.v:104$233 ($mul):
    Found cell that is never activated: $mul$experiments/x1/rtl/x1_y1_kimi.v:104$233
    Cell is never active. Sharing is pointless, we simply remove it.
  Analyzing resource sharing options for $mul$experiments/x1/rtl/x1_y1_kimi.v:104$231 ($mul):
    Found cell that is never activated: $mul$experiments/x1/rtl/x1_y1_kimi.v:104$231
    Cell is never active. Sharing is pointless, we simply remove it.
  Analyzing resource sharing options for $mul$experiments/x1/rtl/x1_y1_kimi.v:104$23 ($mul):
    Found cell that is never activated: $mul$experiments/x1/rtl/x1_y1_kimi.v:104$23
    Cell is never active. Sharing is pointless, we simply remove it.
  Analyzing resource sharing options for $mul$experiments/x1/rtl/x1_y1_kimi.v:104$229 ($mul):
    Found cell that is never activated: $mul$experiments/x1/rtl/x1_y1_kimi.v:104$229
    Cell is never active. Sharing is pointless, we simply remove it.
  Analyzing resource sharing options for $mul$experiments/x1/rtl/x1_y1_kimi.v:104$227 ($mul):
    Found cell that is never activated: $mul$experiments/x1/rtl/x1_y1_kimi.v:104$227
    Cell is never active. Sharing is pointless, we simply remove it.
  Analyzing resource sharing options for $mul$experiments/x1/rtl/x1_y1_kimi.v:104$225 ($mul):
    Found cell that is never activated: $mul$experiments/x1/rtl/x1_y1_kimi.v:104$225
    Cell is never active. Sharing is pointless, we simply remove it.
  Analyzing resource sharing options for $mul$experiments/x1/rtl/x1_y1_kimi.v:104$223 ($mul):
    Found cell that is never activated: $mul$experiments/x1/rtl/x1_y1_kimi.v:104$223
    Cell is never active. Sharing is pointless, we simply remove it.
  Analyzing resource sharing options for $mul$experiments/x1/rtl/x1_y1_kimi.v:104$221 ($mul):
    Found cell that is never activated: $mul$experiments/x1/rtl/x1_y1_kimi.v:104$221
    Cell is never active. Sharing is pointless, we simply remove it.
  Analyzing resource sharing options for $mul$experiments/x1/rtl/x1_y1_kimi.v:104$219 ($mul):
    Found cell that is never activated: $mul$experiments/x1/rtl/x1_y1_kimi.v:104$219
    Cell is never active. Sharing is pointless, we simply remove it.
  Analyzing resource sharing options for $mul$experiments/x1/rtl/x1_y1_kimi.v:104$217 ($mul):
    Found cell that is never activated: $mul$experiments/x1/rtl/x1_y1_kimi.v:104$217
    Cell is never active. Sharing is pointless, we simply remove it.
  Analyzing resource sharing options for $mul$experiments/x1/rtl/x1_y1_kimi.v:104$215 ($mul):
    Found cell that is never activated: $mul$experiments/x1/rtl/x1_y1_kimi.v:104$215
    Cell is never active. Sharing is pointless, we simply remove it.
  Analyzing resource sharing options for $mul$experiments/x1/rtl/x1_y1_kimi.v:104$213 ($mul):
    Found cell that is never activated: $mul$experiments/x1/rtl/x1_y1_kimi.v:104$213
    Cell is never active. Sharing is pointless, we simply remove it.
  Analyzing resource sharing options for $mul$experiments/x1/rtl/x1_y1_kimi.v:104$211 ($mul):
    Found cell that is never activated: $mul$experiments/x1/rtl/x1_y1_kimi.v:104$211
    Cell is never active. Sharing is pointless, we simply remove it.
  Analyzing resource sharing options for $mul$experiments/x1/rtl/x1_y1_kimi.v:104$21 ($mul):
    Found cell that is never activated: $mul$experiments/x1/rtl/x1_y1_kimi.v:104$21
    Cell is never active. Sharing is pointless, we simply remove it.
  Analyzing resource sharing options for $mul$experiments/x1/rtl/x1_y1_kimi.v:104$209 ($mul):
    Found cell that is never activated: $mul$experiments/x1/rtl/x1_y1_kimi.v:104$209
    Cell is never active. Sharing is pointless, we simply remove it.
  Analyzing resource sharing options for $mul$experiments/x1/rtl/x1_y1_kimi.v:104$207 ($mul):
    Found cell that is never activated: $mul$experiments/x1/rtl/x1_y1_kimi.v:104$207
    Cell is never active. Sharing is pointless, we simply remove it.
  Analyzing resource sharing options for $mul$experiments/x1/rtl/x1_y1_kimi.v:104$205 ($mul):
    Found cell that is never activated: $mul$experiments/x1/rtl/x1_y1_kimi.v:104$205
    Cell is never active. Sharing is pointless, we simply remove it.
  Analyzing resource sharing options for $mul$experiments/x1/rtl/x1_y1_kimi.v:104$203 ($mul):
    Found cell that is never activated: $mul$experiments/x1/rtl/x1_y1_kimi.v:104$203
    Cell is never active. Sharing is pointless, we simply remove it.
  Analyzing resource sharing options for $mul$experiments/x1/rtl/x1_y1_kimi.v:104$201 ($mul):
    Found cell that is never activated: $mul$experiments/x1/rtl/x1_y1_kimi.v:104$201
    Cell is never active. Sharing is pointless, we simply remove it.
  Analyzing resource sharing options for $mul$experiments/x1/rtl/x1_y1_kimi.v:104$199 ($mul):
    Found cell that is never activated: $mul$experiments/x1/rtl/x1_y1_kimi.v:104$199
    Cell is never active. Sharing is pointless, we simply remove it.
  Analyzing resource sharing options for $mul$experiments/x1/rtl/x1_y1_kimi.v:104$197 ($mul):
    Found cell that is never activated: $mul$experiments/x1/rtl/x1_y1_kimi.v:104$197
    Cell is never active. Sharing is pointless, we simply remove it.
  Analyzing resource sharing options for $mul$experiments/x1/rtl/x1_y1_kimi.v:104$195 ($mul):
    Found cell that is never activated: $mul$experiments/x1/rtl/x1_y1_kimi.v:104$195
    Cell is never active. Sharing is pointless, we simply remove it.
  Analyzing resource sharing options for $mul$experiments/x1/rtl/x1_y1_kimi.v:104$193 ($mul):
    Found cell that is never activated: $mul$experiments/x1/rtl/x1_y1_kimi.v:104$193
    Cell is never active. Sharing is pointless, we simply remove it.
  Analyzing resource sharing options for $mul$experiments/x1/rtl/x1_y1_kimi.v:104$191 ($mul):
    Found cell that is never activated: $mul$experiments/x1/rtl/x1_y1_kimi.v:104$191
    Cell is never active. Sharing is pointless, we simply remove it.
  Analyzing resource sharing options for $mul$experiments/x1/rtl/x1_y1_kimi.v:104$19 ($mul):
    Found cell that is never activated: $mul$experiments/x1/rtl/x1_y1_kimi.v:104$19
    Cell is never active. Sharing is pointless, we simply remove it.
  Analyzing resource sharing options for $mul$experiments/x1/rtl/x1_y1_kimi.v:104$189 ($mul):
    Found cell that is never activated: $mul$experiments/x1/rtl/x1_y1_kimi.v:104$189
    Cell is never active. Sharing is pointless, we simply remove it.
  Analyzing resource sharing options for $mul$experiments/x1/rtl/x1_y1_kimi.v:104$187 ($mul):
    Found cell that is never activated: $mul$experiments/x1/rtl/x1_y1_kimi.v:104$187
    Cell is never active. Sharing is pointless, we simply remove it.
  Analyzing resource sharing options for $mul$experiments/x1/rtl/x1_y1_kimi.v:104$185 ($mul):
    Found cell that is never activated: $mul$experiments/x1/rtl/x1_y1_kimi.v:104$185
    Cell is never active. Sharing is pointless, we simply remove it.
  Analyzing resource sharing options for $mul$experiments/x1/rtl/x1_y1_kimi.v:104$183 ($mul):
    Found cell that is never activated: $mul$experiments/x1/rtl/x1_y1_kimi.v:104$183
    Cell is never active. Sharing is pointless, we simply remove it.
  Analyzing resource sharing options for $mul$experiments/x1/rtl/x1_y1_kimi.v:104$181 ($mul):
    Found cell that is never activated: $mul$experiments/x1/rtl/x1_y1_kimi.v:104$181
    Cell is never active. Sharing is pointless, we simply remove it.
  Analyzing resource sharing options for $mul$experiments/x1/rtl/x1_y1_kimi.v:104$179 ($mul):
    Found cell that is never activated: $mul$experiments/x1/rtl/x1_y1_kimi.v:104$179
    Cell is never active. Sharing is pointless, we simply remove it.
  Analyzing resource sharing options for $mul$experiments/x1/rtl/x1_y1_kimi.v:104$177 ($mul):
    Found cell that is never activated: $mul$experiments/x1/rtl/x1_y1_kimi.v:104$177
    Cell is never active. Sharing is pointless, we simply remove it.
  Analyzing resource sharing options for $mul$experiments/x1/rtl/x1_y1_kimi.v:104$175 ($mul):
    Found cell that is never activated: $mul$experiments/x1/rtl/x1_y1_kimi.v:104$175
    Cell is never active. Sharing is pointless, we simply remove it.
  Analyzing resource sharing options for $mul$experiments/x1/rtl/x1_y1_kimi.v:104$173 ($mul):
    Found cell that is never activated: $mul$experiments/x1/rtl/x1_y1_kimi.v:104$173
    Cell is never active. Sharing is pointless, we simply remove it.
  Analyzing resource sharing options for $mul$experiments/x1/rtl/x1_y1_kimi.v:104$171 ($mul):
    Found cell that is never activated: $mul$experiments/x1/rtl/x1_y1_kimi.v:104$171
    Cell is never active. Sharing is pointless, we simply remove it.
  Analyzing resource sharing options for $mul$experiments/x1/rtl/x1_y1_kimi.v:104$17 ($mul):
    Found cell that is never activated: $mul$experiments/x1/rtl/x1_y1_kimi.v:104$17
    Cell is never active. Sharing is pointless, we simply remove it.
  Analyzing resource sharing options for $mul$experiments/x1/rtl/x1_y1_kimi.v:104$169 ($mul):
    Found cell that is never activated: $mul$experiments/x1/rtl/x1_y1_kimi.v:104$169
    Cell is never active. Sharing is pointless, we simply remove it.
  Analyzing resource sharing options for $mul$experiments/x1/rtl/x1_y1_kimi.v:104$167 ($mul):
    Found cell that is never activated: $mul$experiments/x1/rtl/x1_y1_kimi.v:104$167
    Cell is never active. Sharing is pointless, we simply remove it.
  Analyzing resource sharing options for $mul$experiments/x1/rtl/x1_y1_kimi.v:104$165 ($mul):
    Found cell that is never activated: $mul$experiments/x1/rtl/x1_y1_kimi.v:104$165
    Cell is never active. Sharing is pointless, we simply remove it.
  Analyzing resource sharing options for $mul$experiments/x1/rtl/x1_y1_kimi.v:104$163 ($mul):
    Found cell that is never activated: $mul$experiments/x1/rtl/x1_y1_kimi.v:104$163
    Cell is never active. Sharing is pointless, we simply remove it.
  Analyzing resource sharing options for $mul$experiments/x1/rtl/x1_y1_kimi.v:104$161 ($mul):
    Found cell that is never activated: $mul$experiments/x1/rtl/x1_y1_kimi.v:104$161
    Cell is never active. Sharing is pointless, we simply remove it.
  Analyzing resource sharing options for $mul$experiments/x1/rtl/x1_y1_kimi.v:104$159 ($mul):
    Found cell that is never activated: $mul$experiments/x1/rtl/x1_y1_kimi.v:104$159
    Cell is never active. Sharing is pointless, we simply remove it.
  Analyzing resource sharing options for $mul$experiments/x1/rtl/x1_y1_kimi.v:104$157 ($mul):
    Found cell that is never activated: $mul$experiments/x1/rtl/x1_y1_kimi.v:104$157
    Cell is never active. Sharing is pointless, we simply remove it.
  Analyzing resource sharing options for $mul$experiments/x1/rtl/x1_y1_kimi.v:104$155 ($mul):
    Found cell that is never activated: $mul$experiments/x1/rtl/x1_y1_kimi.v:104$155
    Cell is never active. Sharing is pointless, we simply remove it.
  Analyzing resource sharing options for $mul$experiments/x1/rtl/x1_y1_kimi.v:104$153 ($mul):
    Found cell that is never activated: $mul$experiments/x1/rtl/x1_y1_kimi.v:104$153
    Cell is never active. Sharing is pointless, we simply remove it.
  Analyzing resource sharing options for $mul$experiments/x1/rtl/x1_y1_kimi.v:104$151 ($mul):
    Found cell that is never activated: $mul$experiments/x1/rtl/x1_y1_kimi.v:104$151
    Cell is never active. Sharing is pointless, we simply remove it.
  Analyzing resource sharing options for $mul$experiments/x1/rtl/x1_y1_kimi.v:104$149 ($mul):
    Found cell that is never activated: $mul$experiments/x1/rtl/x1_y1_kimi.v:104$149
    Cell is never active. Sharing is pointless, we simply remove it.
  Analyzing resource sharing options for $mul$experiments/x1/rtl/x1_y1_kimi.v:104$147 ($mul):
    Found cell that is never activated: $mul$experiments/x1/rtl/x1_y1_kimi.v:104$147
    Cell is never active. Sharing is pointless, we simply remove it.
  Analyzing resource sharing options for $mul$experiments/x1/rtl/x1_y1_kimi.v:104$145 ($mul):
    Found cell that is never activated: $mul$experiments/x1/rtl/x1_y1_kimi.v:104$145
    Cell is never active. Sharing is pointless, we simply remove it.
  Analyzing resource sharing options for $mul$experiments/x1/rtl/x1_y1_kimi.v:104$143 ($mul):
    Found cell that is never activated: $mul$experiments/x1/rtl/x1_y1_kimi.v:104$143
    Cell is never active. Sharing is pointless, we simply remove it.
  Analyzing resource sharing options for $mul$experiments/x1/rtl/x1_y1_kimi.v:104$141 ($mul):
    Found cell that is never activated: $mul$experiments/x1/rtl/x1_y1_kimi.v:104$141
    Cell is never active. Sharing is pointless, we simply remove it.
  Analyzing resource sharing options for $mul$experiments/x1/rtl/x1_y1_kimi.v:104$139 ($mul):
    Found cell that is never activated: $mul$experiments/x1/rtl/x1_y1_kimi.v:104$139
    Cell is never active. Sharing is pointless, we simply remove it.
  Analyzing resource sharing options for $mul$experiments/x1/rtl/x1_y1_kimi.v:104$137 ($mul):
    Found cell that is never activated: $mul$experiments/x1/rtl/x1_y1_kimi.v:104$137
    Cell is never active. Sharing is pointless, we simply remove it.
  Analyzing resource sharing options for $mul$experiments/x1/rtl/x1_y1_kimi.v:104$135 ($mul):
    Found cell that is never activated: $mul$experiments/x1/rtl/x1_y1_kimi.v:104$135
    Cell is never active. Sharing is pointless, we simply remove it.
  Analyzing resource sharing options for $mul$experiments/x1/rtl/x1_y1_kimi.v:104$133 ($mul):
    Found cell that is never activated: $mul$experiments/x1/rtl/x1_y1_kimi.v:104$133
    Cell is never active. Sharing is pointless, we simply remove it.
  Analyzing resource sharing options for $mul$experiments/x1/rtl/x1_y1_kimi.v:104$131 ($mul):
    Found cell that is never activated: $mul$experiments/x1/rtl/x1_y1_kimi.v:104$131
    Cell is never active. Sharing is pointless, we simply remove it.
  Analyzing resource sharing options for $mul$experiments/x1/rtl/x1_y1_kimi.v:104$129 ($mul):
    Found cell that is never activated: $mul$experiments/x1/rtl/x1_y1_kimi.v:104$129
    Cell is never active. Sharing is pointless, we simply remove it.
  Analyzing resource sharing options for $mul$experiments/x1/rtl/x1_y1_kimi.v:104$127 ($mul):
    Found cell that is never activated: $mul$experiments/x1/rtl/x1_y1_kimi.v:104$127
    Cell is never active. Sharing is pointless, we simply remove it.
  Analyzing resource sharing options for $mul$experiments/x1/rtl/x1_y1_kimi.v:104$125 ($mul):
    Found cell that is never activated: $mul$experiments/x1/rtl/x1_y1_kimi.v:104$125
    Cell is never active. Sharing is pointless, we simply remove it.
  Analyzing resource sharing options for $mul$experiments/x1/rtl/x1_y1_kimi.v:104$123 ($mul):
    Found cell that is never activated: $mul$experiments/x1/rtl/x1_y1_kimi.v:104$123
    Cell is never active. Sharing is pointless, we simply remove it.
  Analyzing resource sharing options for $mul$experiments/x1/rtl/x1_y1_kimi.v:104$121 ($mul):
    Found cell that is never activated: $mul$experiments/x1/rtl/x1_y1_kimi.v:104$121
    Cell is never active. Sharing is pointless, we simply remove it.
  Analyzing resource sharing options for $mul$experiments/x1/rtl/x1_y1_kimi.v:104$119 ($mul):
    Found cell that is never activated: $mul$experiments/x1/rtl/x1_y1_kimi.v:104$119
    Cell is never active. Sharing is pointless, we simply remove it.
  Analyzing resource sharing options for $mul$experiments/x1/rtl/x1_y1_kimi.v:104$117 ($mul):
    Found cell that is never activated: $mul$experiments/x1/rtl/x1_y1_kimi.v:104$117
    Cell is never active. Sharing is pointless, we simply remove it.
  Analyzing resource sharing options for $mul$experiments/x1/rtl/x1_y1_kimi.v:104$115 ($mul):
    Found cell that is never activated: $mul$experiments/x1/rtl/x1_y1_kimi.v:104$115
    Cell is never active. Sharing is pointless, we simply remove it.
  Analyzing resource sharing options for $mul$experiments/x1/rtl/x1_y1_kimi.v:104$113 ($mul):
    Found cell that is never activated: $mul$experiments/x1/rtl/x1_y1_kimi.v:104$113
    Cell is never active. Sharing is pointless, we simply remove it.
  Analyzing resource sharing options for $mul$experiments/x1/rtl/x1_y1_kimi.v:104$111 ($mul):
    Found cell that is never activated: $mul$experiments/x1/rtl/x1_y1_kimi.v:104$111
    Cell is never active. Sharing is pointless, we simply remove it.
  Analyzing resource sharing options for $mul$experiments/x1/rtl/x1_y1_kimi.v:104$109 ($mul):
    Found cell that is never activated: $mul$experiments/x1/rtl/x1_y1_kimi.v:104$109
    Cell is never active. Sharing is pointless, we simply remove it.
  Analyzing resource sharing options for $mul$experiments/x1/rtl/x1_y1_kimi.v:104$107 ($mul):
    Found cell that is never activated: $mul$experiments/x1/rtl/x1_y1_kimi.v:104$107
    Cell is never active. Sharing is pointless, we simply remove it.
  Analyzing resource sharing options for $mul$experiments/x1/rtl/x1_y1_kimi.v:104$105 ($mul):
    Found cell that is never activated: $mul$experiments/x1/rtl/x1_y1_kimi.v:104$105
    Cell is never active. Sharing is pointless, we simply remove it.
  Analyzing resource sharing options for $mul$experiments/x1/rtl/x1_y1_kimi.v:104$103 ($mul):
    Found cell that is never activated: $mul$experiments/x1/rtl/x1_y1_kimi.v:104$103
    Cell is never active. Sharing is pointless, we simply remove it.
  Analyzing resource sharing options for $mul$experiments/x1/rtl/x1_y1_kimi.v:104$101 ($mul):
    Found cell that is never activated: $mul$experiments/x1/rtl/x1_y1_kimi.v:104$101
    Cell is never active. Sharing is pointless, we simply remove it.
Removing 256 cells in module x1_y1_kimi:
  Removing cell $mul$experiments/x1/rtl/x1_y1_kimi.v:104$101 ($mul).
  Removing cell $mul$experiments/x1/rtl/x1_y1_kimi.v:104$103 ($mul).
  Removing cell $mul$experiments/x1/rtl/x1_y1_kimi.v:104$105 ($mul).
  Removing cell $mul$experiments/x1/rtl/x1_y1_kimi.v:104$107 ($mul).
  Removing cell $mul$experiments/x1/rtl/x1_y1_kimi.v:104$109 ($mul).
  Removing cell $mul$experiments/x1/rtl/x1_y1_kimi.v:104$111 ($mul).
  Removing cell $mul$experiments/x1/rtl/x1_y1_kimi.v:104$113 ($mul).
  Removing cell $mul$experiments/x1/rtl/x1_y1_kimi.v:104$115 ($mul).
  Removing cell $mul$experiments/x1/rtl/x1_y1_kimi.v:104$117 ($mul).
  Removing cell $mul$experiments/x1/rtl/x1_y1_kimi.v:104$119 ($mul).
  Removing cell $mul$experiments/x1/rtl/x1_y1_kimi.v:104$121 ($mul).
  Removing cell $mul$experiments/x1/rtl/x1_y1_kimi.v:104$123 ($mul).
  Removing cell $mul$experiments/x1/rtl/x1_y1_kimi.v:104$125 ($mul).
  Removing cell $mul$experiments/x1/rtl/x1_y1_kimi.v:104$127 ($mul).
  Removing cell $mul$experiments/x1/rtl/x1_y1_kimi.v:104$129 ($mul).
  Removing cell $mul$experiments/x1/rtl/x1_y1_kimi.v:104$131 ($mul).
  Removing cell $mul$experiments/x1/rtl/x1_y1_kimi.v:104$133 ($mul).
  Removing cell $mul$experiments/x1/rtl/x1_y1_kimi.v:104$135 ($mul).
  Removing cell $mul$experiments/x1/rtl/x1_y1_kimi.v:104$137 ($mul).
  Removing cell $mul$experiments/x1/rtl/x1_y1_kimi.v:104$139 ($mul).
  Removing cell $mul$experiments/x1/rtl/x1_y1_kimi.v:104$141 ($mul).
  Removing cell $mul$experiments/x1/rtl/x1_y1_kimi.v:104$143 ($mul).
  Removing cell $mul$experiments/x1/rtl/x1_y1_kimi.v:104$145 ($mul).
  Removing cell $mul$experiments/x1/rtl/x1_y1_kimi.v:104$147 ($mul).
  Removing cell $mul$experiments/x1/rtl/x1_y1_kimi.v:104$149 ($mul).
  Removing cell $mul$experiments/x1/rtl/x1_y1_kimi.v:104$151 ($mul).
  Removing cell $mul$experiments/x1/rtl/x1_y1_kimi.v:104$153 ($mul).
  Removing cell $mul$experiments/x1/rtl/x1_y1_kimi.v:104$155 ($mul).
  Removing cell $mul$experiments/x1/rtl/x1_y1_kimi.v:104$157 ($mul).
  Removing cell $mul$experiments/x1/rtl/x1_y1_kimi.v:104$159 ($mul).
  Removing cell $mul$experiments/x1/rtl/x1_y1_kimi.v:104$161 ($mul).
  Removing cell $mul$experiments/x1/rtl/x1_y1_kimi.v:104$163 ($mul).
  Removing cell $mul$experiments/x1/rtl/x1_y1_kimi.v:104$165 ($mul).
  Removing cell $mul$experiments/x1/rtl/x1_y1_kimi.v:104$167 ($mul).
  Removing cell $mul$experiments/x1/rtl/x1_y1_kimi.v:104$169 ($mul).
  Removing cell $mul$experiments/x1/rtl/x1_y1_kimi.v:104$17 ($mul).
  Removing cell $mul$experiments/x1/rtl/x1_y1_kimi.v:104$171 ($mul).
  Removing cell $mul$experiments/x1/rtl/x1_y1_kimi.v:104$173 ($mul).
  Removing cell $mul$experiments/x1/rtl/x1_y1_kimi.v:104$175 ($mul).
  Removing cell $mul$experiments/x1/rtl/x1_y1_kimi.v:104$177 ($mul).
  Removing cell $mul$experiments/x1/rtl/x1_y1_kimi.v:104$179 ($mul).
  Removing cell $mul$experiments/x1/rtl/x1_y1_kimi.v:104$181 ($mul).
  Removing cell $mul$experiments/x1/rtl/x1_y1_kimi.v:104$183 ($mul).
  Removing cell $mul$experiments/x1/rtl/x1_y1_kimi.v:104$185 ($mul).
  Removing cell $mul$experiments/x1/rtl/x1_y1_kimi.v:104$187 ($mul).
  Removing cell $mul$experiments/x1/rtl/x1_y1_kimi.v:104$189 ($mul).
  Removing cell $mul$experiments/x1/rtl/x1_y1_kimi.v:104$19 ($mul).
  Removing cell $mul$experiments/x1/rtl/x1_y1_kimi.v:104$191 ($mul).
  Removing cell $mul$experiments/x1/rtl/x1_y1_kimi.v:104$193 ($mul).
  Removing cell $mul$experiments/x1/rtl/x1_y1_kimi.v:104$195 ($mul).
  Removing cell $mul$experiments/x1/rtl/x1_y1_kimi.v:104$197 ($mul).
  Removing cell $mul$experiments/x1/rtl/x1_y1_kimi.v:104$199 ($mul).
  Removing cell $mul$experiments/x1/rtl/x1_y1_kimi.v:104$201 ($mul).
  Removing cell $mul$experiments/x1/rtl/x1_y1_kimi.v:104$203 ($mul).
  Removing cell $mul$experiments/x1/rtl/x1_y1_kimi.v:104$205 ($mul).
  Removing cell $mul$experiments/x1/rtl/x1_y1_kimi.v:104$207 ($mul).
  Removing cell $mul$experiments/x1/rtl/x1_y1_kimi.v:104$209 ($mul).
  Removing cell $mul$experiments/x1/rtl/x1_y1_kimi.v:104$21 ($mul).
  Removing cell $mul$experiments/x1/rtl/x1_y1_kimi.v:104$211 ($mul).
  Removing cell $mul$experiments/x1/rtl/x1_y1_kimi.v:104$213 ($mul).
  Removing cell $mul$experiments/x1/rtl/x1_y1_kimi.v:104$215 ($mul).
  Removing cell $mul$experiments/x1/rtl/x1_y1_kimi.v:104$217 ($mul).
  Removing cell $mul$experiments/x1/rtl/x1_y1_kimi.v:104$219 ($mul).
  Removing cell $mul$experiments/x1/rtl/x1_y1_kimi.v:104$221 ($mul).
  Removing cell $mul$experiments/x1/rtl/x1_y1_kimi.v:104$223 ($mul).
  Removing cell $mul$experiments/x1/rtl/x1_y1_kimi.v:104$225 ($mul).
  Removing cell $mul$experiments/x1/rtl/x1_y1_kimi.v:104$227 ($mul).
  Removing cell $mul$experiments/x1/rtl/x1_y1_kimi.v:104$229 ($mul).
  Removing cell $mul$experiments/x1/rtl/x1_y1_kimi.v:104$23 ($mul).
  Removing cell $mul$experiments/x1/rtl/x1_y1_kimi.v:104$231 ($mul).
  Removing cell $mul$experiments/x1/rtl/x1_y1_kimi.v:104$233 ($mul).
  Removing cell $mul$experiments/x1/rtl/x1_y1_kimi.v:104$235 ($mul).
  Removing cell $mul$experiments/x1/rtl/x1_y1_kimi.v:104$237 ($mul).
  Removing cell $mul$experiments/x1/rtl/x1_y1_kimi.v:104$239 ($mul).
  Removing cell $mul$experiments/x1/rtl/x1_y1_kimi.v:104$241 ($mul).
  Removing cell $mul$experiments/x1/rtl/x1_y1_kimi.v:104$243 ($mul).
  Removing cell $mul$experiments/x1/rtl/x1_y1_kimi.v:104$245 ($mul).
  Removing cell $mul$experiments/x1/rtl/x1_y1_kimi.v:104$247 ($mul).
  Removing cell $mul$experiments/x1/rtl/x1_y1_kimi.v:104$249 ($mul).
  Removing cell $mul$experiments/x1/rtl/x1_y1_kimi.v:104$25 ($mul).
  Removing cell $mul$experiments/x1/rtl/x1_y1_kimi.v:104$251 ($mul).
  Removing cell $mul$experiments/x1/rtl/x1_y1_kimi.v:104$253 ($mul).
  Removing cell $mul$experiments/x1/rtl/x1_y1_kimi.v:104$255 ($mul).
  Removing cell $mul$experiments/x1/rtl/x1_y1_kimi.v:104$257 ($mul).
  Removing cell $mul$experiments/x1/rtl/x1_y1_kimi.v:104$259 ($mul).
  Removing cell $mul$experiments/x1/rtl/x1_y1_kimi.v:104$261 ($mul).
  Removing cell $mul$experiments/x1/rtl/x1_y1_kimi.v:104$263 ($mul).
  Removing cell $mul$experiments/x1/rtl/x1_y1_kimi.v:104$265 ($mul).
  Removing cell $mul$experiments/x1/rtl/x1_y1_kimi.v:104$267 ($mul).
  Removing cell $mul$experiments/x1/rtl/x1_y1_kimi.v:104$269 ($mul).
  Removing cell $mul$experiments/x1/rtl/x1_y1_kimi.v:104$27 ($mul).
  Removing cell $mul$experiments/x1/rtl/x1_y1_kimi.v:104$271 ($mul).
  Removing cell $mul$experiments/x1/rtl/x1_y1_kimi.v:104$273 ($mul).
  Removing cell $mul$experiments/x1/rtl/x1_y1_kimi.v:104$275 ($mul).
  Removing cell $mul$experiments/x1/rtl/x1_y1_kimi.v:104$277 ($mul).
  Removing cell $mul$experiments/x1/rtl/x1_y1_kimi.v:104$279 ($mul).
  Removing cell $mul$experiments/x1/rtl/x1_y1_kimi.v:104$281 ($mul).
  Removing cell $mul$experiments/x1/rtl/x1_y1_kimi.v:104$283 ($mul).
  Removing cell $mul$experiments/x1/rtl/x1_y1_kimi.v:104$285 ($mul).
  Removing cell $mul$experiments/x1/rtl/x1_y1_kimi.v:104$287 ($mul).
  Removing cell $mul$experiments/x1/rtl/x1_y1_kimi.v:104$289 ($mul).
  Removing cell $mul$experiments/x1/rtl/x1_y1_kimi.v:104$29 ($mul).
  Removing cell $mul$experiments/x1/rtl/x1_y1_kimi.v:104$291 ($mul).
  Removing cell $mul$experiments/x1/rtl/x1_y1_kimi.v:104$293 ($mul).
  Removing cell $mul$experiments/x1/rtl/x1_y1_kimi.v:104$295 ($mul).
  Removing cell $mul$experiments/x1/rtl/x1_y1_kimi.v:104$297 ($mul).
  Removing cell $mul$experiments/x1/rtl/x1_y1_kimi.v:104$299 ($mul).
  Removing cell $mul$experiments/x1/rtl/x1_y1_kimi.v:104$301 ($mul).
  Removing cell $mul$experiments/x1/rtl/x1_y1_kimi.v:104$303 ($mul).
  Removing cell $mul$experiments/x1/rtl/x1_y1_kimi.v:104$305 ($mul).
  Removing cell $mul$experiments/x1/rtl/x1_y1_kimi.v:104$307 ($mul).
  Removing cell $mul$experiments/x1/rtl/x1_y1_kimi.v:104$309 ($mul).
  Removing cell $mul$experiments/x1/rtl/x1_y1_kimi.v:104$31 ($mul).
  Removing cell $mul$experiments/x1/rtl/x1_y1_kimi.v:104$311 ($mul).
  Removing cell $mul$experiments/x1/rtl/x1_y1_kimi.v:104$313 ($mul).
  Removing cell $mul$experiments/x1/rtl/x1_y1_kimi.v:104$315 ($mul).
  Removing cell $mul$experiments/x1/rtl/x1_y1_kimi.v:104$317 ($mul).
  Removing cell $mul$experiments/x1/rtl/x1_y1_kimi.v:104$319 ($mul).
  Removing cell $mul$experiments/x1/rtl/x1_y1_kimi.v:104$321 ($mul).
  Removing cell $mul$experiments/x1/rtl/x1_y1_kimi.v:104$323 ($mul).
  Removing cell $mul$experiments/x1/rtl/x1_y1_kimi.v:104$325 ($mul).
  Removing cell $mul$experiments/x1/rtl/x1_y1_kimi.v:104$327 ($mul).
  Removing cell $mul$experiments/x1/rtl/x1_y1_kimi.v:104$329 ($mul).
  Removing cell $mul$experiments/x1/rtl/x1_y1_kimi.v:104$33 ($mul).
  Removing cell $mul$experiments/x1/rtl/x1_y1_kimi.v:104$331 ($mul).
  Removing cell $mul$experiments/x1/rtl/x1_y1_kimi.v:104$333 ($mul).
  Removing cell $mul$experiments/x1/rtl/x1_y1_kimi.v:104$335 ($mul).
  Removing cell $mul$experiments/x1/rtl/x1_y1_kimi.v:104$337 ($mul).
  Removing cell $mul$experiments/x1/rtl/x1_y1_kimi.v:104$339 ($mul).
  Removing cell $mul$experiments/x1/rtl/x1_y1_kimi.v:104$341 ($mul).
  Removing cell $mul$experiments/x1/rtl/x1_y1_kimi.v:104$343 ($mul).
  Removing cell $mul$experiments/x1/rtl/x1_y1_kimi.v:104$345 ($mul).
  Removing cell $mul$experiments/x1/rtl/x1_y1_kimi.v:104$347 ($mul).
  Removing cell $mul$experiments/x1/rtl/x1_y1_kimi.v:104$349 ($mul).
  Removing cell $mul$experiments/x1/rtl/x1_y1_kimi.v:104$35 ($mul).
  Removing cell $mul$experiments/x1/rtl/x1_y1_kimi.v:104$351 ($mul).
  Removing cell $mul$experiments/x1/rtl/x1_y1_kimi.v:104$353 ($mul).
  Removing cell $mul$experiments/x1/rtl/x1_y1_kimi.v:104$355 ($mul).
  Removing cell $mul$experiments/x1/rtl/x1_y1_kimi.v:104$357 ($mul).
  Removing cell $mul$experiments/x1/rtl/x1_y1_kimi.v:104$359 ($mul).
  Removing cell $mul$experiments/x1/rtl/x1_y1_kimi.v:104$361 ($mul).
  Removing cell $mul$experiments/x1/rtl/x1_y1_kimi.v:104$363 ($mul).
  Removing cell $mul$experiments/x1/rtl/x1_y1_kimi.v:104$365 ($mul).
  Removing cell $mul$experiments/x1/rtl/x1_y1_kimi.v:104$367 ($mul).
  Removing cell $mul$experiments/x1/rtl/x1_y1_kimi.v:104$369 ($mul).
  Removing cell $mul$experiments/x1/rtl/x1_y1_kimi.v:104$37 ($mul).
  Removing cell $mul$experiments/x1/rtl/x1_y1_kimi.v:104$371 ($mul).
  Removing cell $mul$experiments/x1/rtl/x1_y1_kimi.v:104$373 ($mul).
  Removing cell $mul$experiments/x1/rtl/x1_y1_kimi.v:104$375 ($mul).
  Removing cell $mul$experiments/x1/rtl/x1_y1_kimi.v:104$377 ($mul).
  Removing cell $mul$experiments/x1/rtl/x1_y1_kimi.v:104$379 ($mul).
  Removing cell $mul$experiments/x1/rtl/x1_y1_kimi.v:104$381 ($mul).
  Removing cell $mul$experiments/x1/rtl/x1_y1_kimi.v:104$383 ($mul).
  Removing cell $mul$experiments/x1/rtl/x1_y1_kimi.v:104$385 ($mul).
  Removing cell $mul$experiments/x1/rtl/x1_y1_kimi.v:104$387 ($mul).
  Removing cell $mul$experiments/x1/rtl/x1_y1_kimi.v:104$389 ($mul).
  Removing cell $mul$experiments/x1/rtl/x1_y1_kimi.v:104$39 ($mul).
  Removing cell $mul$experiments/x1/rtl/x1_y1_kimi.v:104$391 ($mul).
  Removing cell $mul$experiments/x1/rtl/x1_y1_kimi.v:104$393 ($mul).
  Removing cell $mul$experiments/x1/rtl/x1_y1_kimi.v:104$395 ($mul).
  Removing cell $mul$experiments/x1/rtl/x1_y1_kimi.v:104$397 ($mul).
  Removing cell $mul$experiments/x1/rtl/x1_y1_kimi.v:104$399 ($mul).
  Removing cell $mul$experiments/x1/rtl/x1_y1_kimi.v:104$401 ($mul).
  Removing cell $mul$experiments/x1/rtl/x1_y1_kimi.v:104$403 ($mul).
  Removing cell $mul$experiments/x1/rtl/x1_y1_kimi.v:104$405 ($mul).
  Removing cell $mul$experiments/x1/rtl/x1_y1_kimi.v:104$407 ($mul).
  Removing cell $mul$experiments/x1/rtl/x1_y1_kimi.v:104$409 ($mul).
  Removing cell $mul$experiments/x1/rtl/x1_y1_kimi.v:104$41 ($mul).
  Removing cell $mul$experiments/x1/rtl/x1_y1_kimi.v:104$411 ($mul).
  Removing cell $mul$experiments/x1/rtl/x1_y1_kimi.v:104$413 ($mul).
  Removing cell $mul$experiments/x1/rtl/x1_y1_kimi.v:104$415 ($mul).
  Removing cell $mul$experiments/x1/rtl/x1_y1_kimi.v:104$417 ($mul).
  Removing cell $mul$experiments/x1/rtl/x1_y1_kimi.v:104$419 ($mul).
  Removing cell $mul$experiments/x1/rtl/x1_y1_kimi.v:104$421 ($mul).
  Removing cell $mul$experiments/x1/rtl/x1_y1_kimi.v:104$423 ($mul).
  Removing cell $mul$experiments/x1/rtl/x1_y1_kimi.v:104$425 ($mul).
  Removing cell $mul$experiments/x1/rtl/x1_y1_kimi.v:104$427 ($mul).
  Removing cell $mul$experiments/x1/rtl/x1_y1_kimi.v:104$429 ($mul).
  Removing cell $mul$experiments/x1/rtl/x1_y1_kimi.v:104$43 ($mul).
  Removing cell $mul$experiments/x1/rtl/x1_y1_kimi.v:104$431 ($mul).
  Removing cell $mul$experiments/x1/rtl/x1_y1_kimi.v:104$433 ($mul).
  Removing cell $mul$experiments/x1/rtl/x1_y1_kimi.v:104$435 ($mul).
  Removing cell $mul$experiments/x1/rtl/x1_y1_kimi.v:104$437 ($mul).
  Removing cell $mul$experiments/x1/rtl/x1_y1_kimi.v:104$439 ($mul).
  Removing cell $mul$experiments/x1/rtl/x1_y1_kimi.v:104$441 ($mul).
  Removing cell $mul$experiments/x1/rtl/x1_y1_kimi.v:104$443 ($mul).
  Removing cell $mul$experiments/x1/rtl/x1_y1_kimi.v:104$445 ($mul).
  Removing cell $mul$experiments/x1/rtl/x1_y1_kimi.v:104$447 ($mul).
  Removing cell $mul$experiments/x1/rtl/x1_y1_kimi.v:104$449 ($mul).
  Removing cell $mul$experiments/x1/rtl/x1_y1_kimi.v:104$45 ($mul).
  Removing cell $mul$experiments/x1/rtl/x1_y1_kimi.v:104$451 ($mul).
  Removing cell $mul$experiments/x1/rtl/x1_y1_kimi.v:104$453 ($mul).
  Removing cell $mul$experiments/x1/rtl/x1_y1_kimi.v:104$455 ($mul).
  Removing cell $mul$experiments/x1/rtl/x1_y1_kimi.v:104$457 ($mul).
  Removing cell $mul$experiments/x1/rtl/x1_y1_kimi.v:104$459 ($mul).
  Removing cell $mul$experiments/x1/rtl/x1_y1_kimi.v:104$461 ($mul).
  Removing cell $mul$experiments/x1/rtl/x1_y1_kimi.v:104$463 ($mul).
  Removing cell $mul$experiments/x1/rtl/x1_y1_kimi.v:104$465 ($mul).
  Removing cell $mul$experiments/x1/rtl/x1_y1_kimi.v:104$467 ($mul).
  Removing cell $mul$experiments/x1/rtl/x1_y1_kimi.v:104$469 ($mul).
  Removing cell $mul$experiments/x1/rtl/x1_y1_kimi.v:104$47 ($mul).
  Removing cell $mul$experiments/x1/rtl/x1_y1_kimi.v:104$471 ($mul).
  Removing cell $mul$experiments/x1/rtl/x1_y1_kimi.v:104$473 ($mul).
  Removing cell $mul$experiments/x1/rtl/x1_y1_kimi.v:104$475 ($mul).
  Removing cell $mul$experiments/x1/rtl/x1_y1_kimi.v:104$477 ($mul).
  Removing cell $mul$experiments/x1/rtl/x1_y1_kimi.v:104$479 ($mul).
  Removing cell $mul$experiments/x1/rtl/x1_y1_kimi.v:104$481 ($mul).
  Removing cell $mul$experiments/x1/rtl/x1_y1_kimi.v:104$483 ($mul).
  Removing cell $mul$experiments/x1/rtl/x1_y1_kimi.v:104$485 ($mul).
  Removing cell $mul$experiments/x1/rtl/x1_y1_kimi.v:104$487 ($mul).
  Removing cell $mul$experiments/x1/rtl/x1_y1_kimi.v:104$489 ($mul).
  Removing cell $mul$experiments/x1/rtl/x1_y1_kimi.v:104$49 ($mul).
  Removing cell $mul$experiments/x1/rtl/x1_y1_kimi.v:104$491 ($mul).
  Removing cell $mul$experiments/x1/rtl/x1_y1_kimi.v:104$493 ($mul).
  Removing cell $mul$experiments/x1/rtl/x1_y1_kimi.v:104$495 ($mul).
  Removing cell $mul$experiments/x1/rtl/x1_y1_kimi.v:104$497 ($mul).
  Removing cell $mul$experiments/x1/rtl/x1_y1_kimi.v:104$499 ($mul).
  Removing cell $mul$experiments/x1/rtl/x1_y1_kimi.v:104$501 ($mul).
  Removing cell $mul$experiments/x1/rtl/x1_y1_kimi.v:104$503 ($mul).
  Removing cell $mul$experiments/x1/rtl/x1_y1_kimi.v:104$505 ($mul).
  Removing cell $mul$experiments/x1/rtl/x1_y1_kimi.v:104$507 ($mul).
  Removing cell $mul$experiments/x1/rtl/x1_y1_kimi.v:104$509 ($mul).
  Removing cell $mul$experiments/x1/rtl/x1_y1_kimi.v:104$51 ($mul).
  Removing cell $mul$experiments/x1/rtl/x1_y1_kimi.v:104$511 ($mul).
  Removing cell $mul$experiments/x1/rtl/x1_y1_kimi.v:104$513 ($mul).
  Removing cell $mul$experiments/x1/rtl/x1_y1_kimi.v:104$515 ($mul).
  Removing cell $mul$experiments/x1/rtl/x1_y1_kimi.v:104$517 ($mul).
  Removing cell $mul$experiments/x1/rtl/x1_y1_kimi.v:104$519 ($mul).
  Removing cell $mul$experiments/x1/rtl/x1_y1_kimi.v:104$521 ($mul).
  Removing cell $mul$experiments/x1/rtl/x1_y1_kimi.v:104$523 ($mul).
  Removing cell $mul$experiments/x1/rtl/x1_y1_kimi.v:104$525 ($mul).
  Removing cell $mul$experiments/x1/rtl/x1_y1_kimi.v:104$527 ($mul).
  Removing cell $mul$experiments/x1/rtl/x1_y1_kimi.v:104$53 ($mul).
  Removing cell $mul$experiments/x1/rtl/x1_y1_kimi.v:104$55 ($mul).
  Removing cell $mul$experiments/x1/rtl/x1_y1_kimi.v:104$57 ($mul).
  Removing cell $mul$experiments/x1/rtl/x1_y1_kimi.v:104$59 ($mul).
  Removing cell $mul$experiments/x1/rtl/x1_y1_kimi.v:104$61 ($mul).
  Removing cell $mul$experiments/x1/rtl/x1_y1_kimi.v:104$63 ($mul).
  Removing cell $mul$experiments/x1/rtl/x1_y1_kimi.v:104$65 ($mul).
  Removing cell $mul$experiments/x1/rtl/x1_y1_kimi.v:104$67 ($mul).
  Removing cell $mul$experiments/x1/rtl/x1_y1_kimi.v:104$69 ($mul).
  Removing cell $mul$experiments/x1/rtl/x1_y1_kimi.v:104$71 ($mul).
  Removing cell $mul$experiments/x1/rtl/x1_y1_kimi.v:104$73 ($mul).
  Removing cell $mul$experiments/x1/rtl/x1_y1_kimi.v:104$75 ($mul).
  Removing cell $mul$experiments/x1/rtl/x1_y1_kimi.v:104$77 ($mul).
  Removing cell $mul$experiments/x1/rtl/x1_y1_kimi.v:104$79 ($mul).
  Removing cell $mul$experiments/x1/rtl/x1_y1_kimi.v:104$81 ($mul).
  Removing cell $mul$experiments/x1/rtl/x1_y1_kimi.v:104$83 ($mul).
  Removing cell $mul$experiments/x1/rtl/x1_y1_kimi.v:104$85 ($mul).
  Removing cell $mul$experiments/x1/rtl/x1_y1_kimi.v:104$87 ($mul).
  Removing cell $mul$experiments/x1/rtl/x1_y1_kimi.v:104$89 ($mul).
  Removing cell $mul$experiments/x1/rtl/x1_y1_kimi.v:104$91 ($mul).
  Removing cell $mul$experiments/x1/rtl/x1_y1_kimi.v:104$93 ($mul).
  Removing cell $mul$experiments/x1/rtl/x1_y1_kimi.v:104$95 ($mul).
  Removing cell $mul$experiments/x1/rtl/x1_y1_kimi.v:104$97 ($mul).
  Removing cell $mul$experiments/x1/rtl/x1_y1_kimi.v:104$99 ($mul).

3.14. Executing OPT pass (performing simple optimizations).

3.14.1. Executing OPT_EXPR pass (perform const folding).
Optimizing module x1_y1_kimi.

3.14.2. Executing OPT_MERGE pass (detect identical cells).
Finding identical cells in module `\x1_y1_kimi'.
Removed a total of 0 cells.

3.14.3. Executing OPT_MUXTREE pass (detect dead branches in mux trees).
Running muxtree optimizer on module \x1_y1_kimi..
  Creating internal representation of mux trees.
  Evaluating internal representation of mux trees.
  Analyzing evaluation results.
Removed 0 multiplexer ports.
<suppressed ~266 debug messages>

3.14.4. Executing OPT_REDUCE pass (consolidate $*mux and $reduce_* inputs).
  Optimizing cells in module \x1_y1_kimi.
Performed a total of 0 changes.

3.14.5. Executing OPT_MERGE pass (detect identical cells).
Finding identical cells in module `\x1_y1_kimi'.
Removed a total of 0 cells.

3.14.6. Executing OPT_DFF pass (perform DFF optimizations).

3.14.7. Executing OPT_CLEAN pass (remove unused cells and wires).
Finding unused cells or wires in module \x1_y1_kimi..
Removed 0 unused cells and 257 unused wires.
<suppressed ~1 debug messages>

3.14.8. Executing OPT_EXPR pass (perform const folding).
Optimizing module x1_y1_kimi.

3.14.9. Rerunning OPT passes. (Maybe there is more to do..)

3.14.10. Executing OPT_MUXTREE pass (detect dead branches in mux trees).
Running muxtree optimizer on module \x1_y1_kimi..
  Creating internal representation of mux trees.
  Evaluating internal representation of mux trees.
  Analyzing evaluation results.
Removed 0 multiplexer ports.
<suppressed ~266 debug messages>

3.14.11. Executing OPT_REDUCE pass (consolidate $*mux and $reduce_* inputs).
  Optimizing cells in module \x1_y1_kimi.
Performed a total of 0 changes.

3.14.12. Executing OPT_MERGE pass (detect identical cells).
Finding identical cells in module `\x1_y1_kimi'.
Removed a total of 0 cells.

3.14.13. Executing OPT_DFF pass (perform DFF optimizations).

3.14.14. Executing OPT_CLEAN pass (remove unused cells and wires).
Finding unused cells or wires in module \x1_y1_kimi..

3.14.15. Executing OPT_EXPR pass (perform const folding).
Optimizing module x1_y1_kimi.

3.14.16. Finished OPT passes. (There is nothing left to do.)

3.15. Executing MEMORY pass.

3.15.1. Executing OPT_MEM pass (optimize memories).
Performed a total of 0 transformations.

3.15.2. Executing OPT_MEM_PRIORITY pass (removing unnecessary memory write priority relations).
Performed a total of 0 transformations.

3.15.3. Executing OPT_MEM_FEEDBACK pass (finding memory read-to-write feedback paths).

3.15.4. Executing MEMORY_BMUX2ROM pass (converting muxes to ROMs).

3.15.5. Executing MEMORY_DFF pass (merging $dff cells to $memrd).

3.15.6. Executing OPT_CLEAN pass (remove unused cells and wires).
Finding unused cells or wires in module \x1_y1_kimi..

3.15.7. Executing MEMORY_SHARE pass (consolidating $memrd/$memwr cells).

3.15.8. Executing OPT_MEM_WIDEN pass (optimize memories where all ports are wide).
Performed a total of 0 transformations.

3.15.9. Executing OPT_CLEAN pass (remove unused cells and wires).
Finding unused cells or wires in module \x1_y1_kimi..

3.15.10. Executing MEMORY_COLLECT pass (generating $mem cells).

3.16. Executing OPT_CLEAN pass (remove unused cells and wires).
Finding unused cells or wires in module \x1_y1_kimi..

3.17. Executing OPT pass (performing simple optimizations).

3.17.1. Executing OPT_EXPR pass (perform const folding).
Optimizing module x1_y1_kimi.
<suppressed ~533 debug messages>

3.17.2. Executing OPT_MERGE pass (detect identical cells).
Finding identical cells in module `\x1_y1_kimi'.
Removed a total of 0 cells.

3.17.3. Executing OPT_DFF pass (perform DFF optimizations).

3.17.4. Executing OPT_CLEAN pass (remove unused cells and wires).
Finding unused cells or wires in module \x1_y1_kimi..
Removed 0 unused cells and 271 unused wires.
<suppressed ~1 debug messages>

3.17.5. Finished fast OPT passes.

3.18. Executing MEMORY_MAP pass (converting memories to logic and flip-flops).

3.19. Executing OPT pass (performing simple optimizations).

3.19.1. Executing OPT_EXPR pass (perform const folding).
Optimizing module x1_y1_kimi.

3.19.2. Executing OPT_MERGE pass (detect identical cells).
Finding identical cells in module `\x1_y1_kimi'.
Removed a total of 0 cells.

3.19.3. Executing OPT_MUXTREE pass (detect dead branches in mux trees).
Running muxtree optimizer on module \x1_y1_kimi..
  Creating internal representation of mux trees.
  Evaluating internal representation of mux trees.
  Analyzing evaluation results.
Removed 0 multiplexer ports.
<suppressed ~261 debug messages>

3.19.4. Executing OPT_REDUCE pass (consolidate $*mux and $reduce_* inputs).
  Optimizing cells in module \x1_y1_kimi.
    New ctrl vector for $pmux cell $procmux$3430: $0\out_we[0:0]
    New ctrl vector for $pmux cell $procmux$3477: { $procmux$1005_CMP $eq$experiments/x1/rtl/x1_y1_kimi.v:54$8_Y }
  Optimizing cells in module \x1_y1_kimi.
Performed a total of 2 changes.

3.19.5. Executing OPT_MERGE pass (detect identical cells).
Finding identical cells in module `\x1_y1_kimi'.
Removed a total of 0 cells.

3.19.6. Executing OPT_SHARE pass.

3.19.7. Executing OPT_DFF pass (perform DFF optimizations).

3.19.8. Executing OPT_CLEAN pass (remove unused cells and wires).
Finding unused cells or wires in module \x1_y1_kimi..

3.19.9. Executing OPT_EXPR pass (perform const folding).
Optimizing module x1_y1_kimi.

3.19.10. Rerunning OPT passes. (Maybe there is more to do..)

3.19.11. Executing OPT_MUXTREE pass (detect dead branches in mux trees).
Running muxtree optimizer on module \x1_y1_kimi..
  Creating internal representation of mux trees.
  Evaluating internal representation of mux trees.
  Analyzing evaluation results.
Removed 0 multiplexer ports.
<suppressed ~261 debug messages>

3.19.12. Executing OPT_REDUCE pass (consolidate $*mux and $reduce_* inputs).
  Optimizing cells in module \x1_y1_kimi.
Performed a total of 0 changes.

3.19.13. Executing OPT_MERGE pass (detect identical cells).
Finding identical cells in module `\x1_y1_kimi'.
Removed a total of 0 cells.

3.19.14. Executing OPT_SHARE pass.

3.19.15. Executing OPT_DFF pass (perform DFF optimizations).

3.19.16. Executing OPT_CLEAN pass (remove unused cells and wires).
Finding unused cells or wires in module \x1_y1_kimi..

3.19.17. Executing OPT_EXPR pass (perform const folding).
Optimizing module x1_y1_kimi.

3.19.18. Finished OPT passes. (There is nothing left to do.)

3.20. Executing TECHMAP pass (map to technology primitives).

3.20.1. Executing Verilog-2005 frontend: /usr/bin/../share/yosys/techmap.v
Parsing Verilog input from `/usr/bin/../share/yosys/techmap.v' to AST representation.
Generating RTLIL representation for module `\_90_simplemap_bool_ops'.
Generating RTLIL representation for module `\_90_simplemap_reduce_ops'.
Generating RTLIL representation for module `\_90_simplemap_logic_ops'.
Generating RTLIL representation for module `\_90_simplemap_compare_ops'.
Generating RTLIL representation for module `\_90_simplemap_various'.
Generating RTLIL representation for module `\_90_simplemap_registers'.
Generating RTLIL representation for module `\_90_shift_ops_shr_shl_sshl_sshr'.
Generating RTLIL representation for module `\_90_shift_shiftx'.
Generating RTLIL representation for module `\_90_fa'.
Generating RTLIL representation for module `\_90_lcu'.
Generating RTLIL representation for module `\_90_alu'.
Generating RTLIL representation for module `\_90_macc'.
Generating RTLIL representation for module `\_90_alumacc'.
Generating RTLIL representation for module `\$__div_mod_u'.
Generating RTLIL representation for module `\$__div_mod_trunc'.
Generating RTLIL representation for module `\_90_div'.
Generating RTLIL representation for module `\_90_mod'.
Generating RTLIL representation for module `\$__div_mod_floor'.
Generating RTLIL representation for module `\_90_divfloor'.
Generating RTLIL representation for module `\_90_modfloor'.
Generating RTLIL representation for module `\_90_pow'.
Generating RTLIL representation for module `\_90_pmux'.
Generating RTLIL representation for module `\_90_demux'.
Generating RTLIL representation for module `\_90_lut'.
Successfully finished Verilog frontend.

3.20.2. Continuing TECHMAP pass.
Using extmapper simplemap for cells of type $reduce_bool.
Using extmapper simplemap for cells of type $eq.
Using template $paramod$8f780356cb6cdb52f6a744190131b65634639c4e\_90_alu for cells of type $alu.
Using extmapper simplemap for cells of type $logic_and.
Using extmapper simplemap for cells of type $logic_not.
Using extmapper simplemap for cells of type $adffe.
Using extmapper maccmap for cells of type $macc.
  add \accum[80] (24 bits, signed)
  add \act_rdata [23:20] * \weight_rdata [3:0] (4x4 bits, signed)
  add \accum[90] (24 bits, signed)
  add \act_rdata [23:20] * \weight_rdata [43:40] (4x4 bits, signed)
  add \accum[100] (24 bits, signed)
  add \act_rdata [27:24] * \weight_rdata [19:16] (4x4 bits, signed)
  add \accum[110] (24 bits, signed)
  add \act_rdata [27:24] * \weight_rdata [59:56] (4x4 bits, signed)
  add \accum[120] (24 bits, signed)
  add \act_rdata [31:28] * \weight_rdata [35:32] (4x4 bits, signed)
  add \accum[130] (24 bits, signed)
  add \act_rdata [35:32] * \weight_rdata [11:8] (4x4 bits, signed)
  add \accum[140] (24 bits, signed)
  add \act_rdata [35:32] * \weight_rdata [51:48] (4x4 bits, signed)
  add \accum[150] (24 bits, signed)
  add \act_rdata [39:36] * \weight_rdata [27:24] (4x4 bits, signed)
  add \accum[160] (24 bits, signed)
  add \act_rdata [43:40] * \weight_rdata [3:0] (4x4 bits, signed)
  add \accum[170] (24 bits, signed)
  add \act_rdata [43:40] * \weight_rdata [43:40] (4x4 bits, signed)
  add \accum[180] (24 bits, signed)
  add \act_rdata [47:44] * \weight_rdata [19:16] (4x4 bits, signed)
  add \accum[190] (24 bits, signed)
  add \act_rdata [47:44] * \weight_rdata [59:56] (4x4 bits, signed)
  add \accum[200] (24 bits, signed)
  add \act_rdata [51:48] * \weight_rdata [35:32] (4x4 bits, signed)
  add \accum[210] (24 bits, signed)
  add \act_rdata [55:52] * \weight_rdata [11:8] (4x4 bits, signed)
  add \accum[220] (24 bits, signed)
  add \act_rdata [55:52] * \weight_rdata [51:48] (4x4 bits, signed)
  add \accum[230] (24 bits, signed)
  add \act_rdata [59:56] * \weight_rdata [27:24] (4x4 bits, signed)
  add \accum[240] (24 bits, signed)
  add \act_rdata [63:60] * \weight_rdata [3:0] (4x4 bits, signed)
  add \accum[250] (24 bits, signed)
  add \act_rdata [63:60] * \weight_rdata [43:40] (4x4 bits, signed)
  add \accum[255] (24 bits, signed)
  add \act_rdata [63:60] * \weight_rdata [63:60] (4x4 bits, signed)
  add \accum[18] (24 bits, signed)
  add \act_rdata [7:4] * \weight_rdata [11:8] (4x4 bits, signed)
  add \accum[19] (24 bits, signed)
  add \act_rdata [7:4] * \weight_rdata [15:12] (4x4 bits, signed)
  add \accum[20] (24 bits, signed)
  add \act_rdata [7:4] * \weight_rdata [19:16] (4x4 bits, signed)
  add \accum[21] (24 bits, signed)
  add \act_rdata [7:4] * \weight_rdata [23:20] (4x4 bits, signed)
  add \accum[22] (24 bits, signed)
  add \act_rdata [7:4] * \weight_rdata [27:24] (4x4 bits, signed)
  add \accum[23] (24 bits, signed)
  add \act_rdata [7:4] * \weight_rdata [31:28] (4x4 bits, signed)
  add \accum[24] (24 bits, signed)
  add \act_rdata [7:4] * \weight_rdata [35:32] (4x4 bits, signed)
  add \accum[25] (24 bits, signed)
  add \act_rdata [7:4] * \weight_rdata [39:36] (4x4 bits, signed)
  add \accum[26] (24 bits, signed)
  add \act_rdata [7:4] * \weight_rdata [43:40] (4x4 bits, signed)
  add \accum[27] (24 bits, signed)
  add \act_rdata [7:4] * \weight_rdata [47:44] (4x4 bits, signed)
  add \accum[28] (24 bits, signed)
  add \act_rdata [7:4] * \weight_rdata [51:48] (4x4 bits, signed)
  add \accum[29] (24 bits, signed)
  add \act_rdata [7:4] * \weight_rdata [55:52] (4x4 bits, signed)
  add \accum[30] (24 bits, signed)
  add \act_rdata [7:4] * \weight_rdata [59:56] (4x4 bits, signed)
  add \accum[31] (24 bits, signed)
  add \act_rdata [7:4] * \weight_rdata [63:60] (4x4 bits, signed)
  add \accum[32] (24 bits, signed)
  add \act_rdata [11:8] * \weight_rdata [3:0] (4x4 bits, signed)
  add \accum[33] (24 bits, signed)
  add \act_rdata [11:8] * \weight_rdata [7:4] (4x4 bits, signed)
  add \accum[34] (24 bits, signed)
  add \act_rdata [11:8] * \weight_rdata [11:8] (4x4 bits, signed)
  add \accum[35] (24 bits, signed)
  add \act_rdata [11:8] * \weight_rdata [15:12] (4x4 bits, signed)
  add \accum[36] (24 bits, signed)
  add \act_rdata [11:8] * \weight_rdata [19:16] (4x4 bits, signed)
  add \accum[37] (24 bits, signed)
  add \act_rdata [11:8] * \weight_rdata [23:20] (4x4 bits, signed)
  add \accum[38] (24 bits, signed)
  add \act_rdata [11:8] * \weight_rdata [27:24] (4x4 bits, signed)
  add \accum[39] (24 bits, signed)
  add \act_rdata [11:8] * \weight_rdata [31:28] (4x4 bits, signed)
  add \accum[41] (24 bits, signed)
  add \act_rdata [11:8] * \weight_rdata [39:36] (4x4 bits, signed)
  add \accum[42] (24 bits, signed)
  add \act_rdata [11:8] * \weight_rdata [43:40] (4x4 bits, signed)
  add \accum[43] (24 bits, signed)
  add \act_rdata [11:8] * \weight_rdata [47:44] (4x4 bits, signed)
  add \accum[44] (24 bits, signed)
  add \act_rdata [11:8] * \weight_rdata [51:48] (4x4 bits, signed)
  add \accum[45] (24 bits, signed)
  add \act_rdata [11:8] * \weight_rdata [55:52] (4x4 bits, signed)
  add \accum[46] (24 bits, signed)
  add \act_rdata [11:8] * \weight_rdata [59:56] (4x4 bits, signed)
  add \accum[47] (24 bits, signed)
  add \act_rdata [11:8] * \weight_rdata [63:60] (4x4 bits, signed)
  add \accum[48] (24 bits, signed)
  add \act_rdata [15:12] * \weight_rdata [3:0] (4x4 bits, signed)
  add \accum[49] (24 bits, signed)
  add \act_rdata [15:12] * \weight_rdata [7:4] (4x4 bits, signed)
  add \accum[50] (24 bits, signed)
  add \act_rdata [15:12] * \weight_rdata [11:8] (4x4 bits, signed)
  add \accum[51] (24 bits, signed)
  add \act_rdata [15:12] * \weight_rdata [15:12] (4x4 bits, signed)
  add \accum[52] (24 bits, signed)
  add \act_rdata [15:12] * \weight_rdata [19:16] (4x4 bits, signed)
  add \accum[53] (24 bits, signed)
  add \act_rdata [15:12] * \weight_rdata [23:20] (4x4 bits, signed)
  add \accum[54] (24 bits, signed)
  add \act_rdata [15:12] * \weight_rdata [27:24] (4x4 bits, signed)
  add \accum[55] (24 bits, signed)
  add \act_rdata [15:12] * \weight_rdata [31:28] (4x4 bits, signed)
  add \accum[56] (24 bits, signed)
  add \act_rdata [15:12] * \weight_rdata [35:32] (4x4 bits, signed)
  add \accum[57] (24 bits, signed)
  add \act_rdata [15:12] * \weight_rdata [39:36] (4x4 bits, signed)
  add \accum[58] (24 bits, signed)
  add \act_rdata [15:12] * \weight_rdata [43:40] (4x4 bits, signed)
  add \accum[59] (24 bits, signed)
  add \act_rdata [15:12] * \weight_rdata [47:44] (4x4 bits, signed)
  add \accum[60] (24 bits, signed)
  add \act_rdata [15:12] * \weight_rdata [51:48] (4x4 bits, signed)
  add \accum[61] (24 bits, signed)
  add \act_rdata [15:12] * \weight_rdata [55:52] (4x4 bits, signed)
  add \accum[62] (24 bits, signed)
  add \act_rdata [15:12] * \weight_rdata [59:56] (4x4 bits, signed)
  add \accum[63] (24 bits, signed)
  add \act_rdata [15:12] * \weight_rdata [63:60] (4x4 bits, signed)
  add \accum[64] (24 bits, signed)
  add \act_rdata [19:16] * \weight_rdata [3:0] (4x4 bits, signed)
  add \accum[65] (24 bits, signed)
  add \act_rdata [19:16] * \weight_rdata [7:4] (4x4 bits, signed)
  add \accum[66] (24 bits, signed)
  add \act_rdata [19:16] * \weight_rdata [11:8] (4x4 bits, signed)
  add \accum[67] (24 bits, signed)
  add \act_rdata [19:16] * \weight_rdata [15:12] (4x4 bits, signed)
  add \accum[68] (24 bits, signed)
  add \act_rdata [19:16] * \weight_rdata [19:16] (4x4 bits, signed)
  add \accum[69] (24 bits, signed)
  add \act_rdata [19:16] * \weight_rdata [23:20] (4x4 bits, signed)
  add \accum[70] (24 bits, signed)
  add \act_rdata [19:16] * \weight_rdata [27:24] (4x4 bits, signed)
  add \accum[71] (24 bits, signed)
  add \act_rdata [19:16] * \weight_rdata [31:28] (4x4 bits, signed)
  add \accum[72] (24 bits, signed)
  add \act_rdata [19:16] * \weight_rdata [35:32] (4x4 bits, signed)
  add \accum[73] (24 bits, signed)
  add \act_rdata [19:16] * \weight_rdata [39:36] (4x4 bits, signed)
  add \accum[74] (24 bits, signed)
  add \act_rdata [19:16] * \weight_rdata [43:40] (4x4 bits, signed)
  add \accum[75] (24 bits, signed)
  add \act_rdata [19:16] * \weight_rdata [47:44] (4x4 bits, signed)
  add \accum[76] (24 bits, signed)
  add \act_rdata [19:16] * \weight_rdata [51:48] (4x4 bits, signed)
  add \accum[77] (24 bits, signed)
  add \act_rdata [19:16] * \weight_rdata [55:52] (4x4 bits, signed)
  add \accum[78] (24 bits, signed)
  add \act_rdata [19:16] * \weight_rdata [59:56] (4x4 bits, signed)
  add \accum[79] (24 bits, signed)
  add \act_rdata [19:16] * \weight_rdata [63:60] (4x4 bits, signed)
  add \accum[0] (24 bits, signed)
  add \act_rdata [3:0] * \weight_rdata [3:0] (4x4 bits, signed)
  add \accum[81] (24 bits, signed)
  add \act_rdata [23:20] * \weight_rdata [7:4] (4x4 bits, signed)
  add \accum[82] (24 bits, signed)
  add \act_rdata [23:20] * \weight_rdata [11:8] (4x4 bits, signed)
  add \accum[83] (24 bits, signed)
  add \act_rdata [23:20] * \weight_rdata [15:12] (4x4 bits, signed)
  add \accum[84] (24 bits, signed)
  add \act_rdata [23:20] * \weight_rdata [19:16] (4x4 bits, signed)
  add \accum[85] (24 bits, signed)
  add \act_rdata [23:20] * \weight_rdata [23:20] (4x4 bits, signed)
  add \accum[86] (24 bits, signed)
  add \act_rdata [23:20] * \weight_rdata [27:24] (4x4 bits, signed)
  add \accum[87] (24 bits, signed)
  add \act_rdata [23:20] * \weight_rdata [31:28] (4x4 bits, signed)
  add \accum[88] (24 bits, signed)
  add \act_rdata [23:20] * \weight_rdata [35:32] (4x4 bits, signed)
  add \accum[89] (24 bits, signed)
  add \act_rdata [23:20] * \weight_rdata [39:36] (4x4 bits, signed)
  add \accum[1] (24 bits, signed)
  add \act_rdata [3:0] * \weight_rdata [7:4] (4x4 bits, signed)
  add \accum[91] (24 bits, signed)
  add \act_rdata [23:20] * \weight_rdata [47:44] (4x4 bits, signed)
  add \accum[92] (24 bits, signed)
  add \act_rdata [23:20] * \weight_rdata [51:48] (4x4 bits, signed)
  add \accum[93] (24 bits, signed)
  add \act_rdata [23:20] * \weight_rdata [55:52] (4x4 bits, signed)
  add \accum[94] (24 bits, signed)
  add \act_rdata [23:20] * \weight_rdata [59:56] (4x4 bits, signed)
  add \accum[95] (24 bits, signed)
  add \act_rdata [23:20] * \weight_rdata [63:60] (4x4 bits, signed)
  add \accum[96] (24 bits, signed)
  add \act_rdata [27:24] * \weight_rdata [3:0] (4x4 bits, signed)
  add \accum[97] (24 bits, signed)
  add \act_rdata [27:24] * \weight_rdata [7:4] (4x4 bits, signed)
  add \accum[98] (24 bits, signed)
  add \act_rdata [27:24] * \weight_rdata [11:8] (4x4 bits, signed)
  add \accum[99] (24 bits, signed)
  add \act_rdata [27:24] * \weight_rdata [15:12] (4x4 bits, signed)
  add \accum[2] (24 bits, signed)
  add \act_rdata [3:0] * \weight_rdata [11:8] (4x4 bits, signed)
  add \accum[101] (24 bits, signed)
  add \act_rdata [27:24] * \weight_rdata [23:20] (4x4 bits, signed)
  add \accum[102] (24 bits, signed)
  add \act_rdata [27:24] * \weight_rdata [27:24] (4x4 bits, signed)
  add \accum[103] (24 bits, signed)
  add \act_rdata [27:24] * \weight_rdata [31:28] (4x4 bits, signed)
  add \accum[104] (24 bits, signed)
  add \act_rdata [27:24] * \weight_rdata [35:32] (4x4 bits, signed)
  add \accum[105] (24 bits, signed)
  add \act_rdata [27:24] * \weight_rdata [39:36] (4x4 bits, signed)
  add \accum[106] (24 bits, signed)
  add \act_rdata [27:24] * \weight_rdata [43:40] (4x4 bits, signed)
  add \accum[107] (24 bits, signed)
  add \act_rdata [27:24] * \weight_rdata [47:44] (4x4 bits, signed)
  add \accum[108] (24 bits, signed)
  add \act_rdata [27:24] * \weight_rdata [51:48] (4x4 bits, signed)
  add \accum[109] (24 bits, signed)
  add \act_rdata [27:24] * \weight_rdata [55:52] (4x4 bits, signed)
  add \accum[3] (24 bits, signed)
  add \act_rdata [3:0] * \weight_rdata [15:12] (4x4 bits, signed)
  add \accum[111] (24 bits, signed)
  add \act_rdata [27:24] * \weight_rdata [63:60] (4x4 bits, signed)
  add \accum[112] (24 bits, signed)
  add \act_rdata [31:28] * \weight_rdata [3:0] (4x4 bits, signed)
  add \accum[113] (24 bits, signed)
  add \act_rdata [31:28] * \weight_rdata [7:4] (4x4 bits, signed)
  add \accum[114] (24 bits, signed)
  add \act_rdata [31:28] * \weight_rdata [11:8] (4x4 bits, signed)
  add \accum[115] (24 bits, signed)
  add \act_rdata [31:28] * \weight_rdata [15:12] (4x4 bits, signed)
  add \accum[116] (24 bits, signed)
  add \act_rdata [31:28] * \weight_rdata [19:16] (4x4 bits, signed)
  add \accum[117] (24 bits, signed)
  add \act_rdata [31:28] * \weight_rdata [23:20] (4x4 bits, signed)
  add \accum[118] (24 bits, signed)
  add \act_rdata [31:28] * \weight_rdata [27:24] (4x4 bits, signed)
  add \accum[119] (24 bits, signed)
  add \act_rdata [31:28] * \weight_rdata [31:28] (4x4 bits, signed)
  add \accum[4] (24 bits, signed)
  add \act_rdata [3:0] * \weight_rdata [19:16] (4x4 bits, signed)
  add \accum[121] (24 bits, signed)
  add \act_rdata [31:28] * \weight_rdata [39:36] (4x4 bits, signed)
  add \accum[122] (24 bits, signed)
  add \act_rdata [31:28] * \weight_rdata [43:40] (4x4 bits, signed)
  add \accum[123] (24 bits, signed)
  add \act_rdata [31:28] * \weight_rdata [47:44] (4x4 bits, signed)
  add \accum[124] (24 bits, signed)
  add \act_rdata [31:28] * \weight_rdata [51:48] (4x4 bits, signed)
  add \accum[125] (24 bits, signed)
  add \act_rdata [31:28] * \weight_rdata [55:52] (4x4 bits, signed)
  add \accum[126] (24 bits, signed)
  add \act_rdata [31:28] * \weight_rdata [59:56] (4x4 bits, signed)
  add \accum[127] (24 bits, signed)
  add \act_rdata [31:28] * \weight_rdata [63:60] (4x4 bits, signed)
  add \accum[128] (24 bits, signed)
  add \act_rdata [35:32] * \weight_rdata [3:0] (4x4 bits, signed)
  add \accum[129] (24 bits, signed)
  add \act_rdata [35:32] * \weight_rdata [7:4] (4x4 bits, signed)
  add \accum[5] (24 bits, signed)
  add \act_rdata [3:0] * \weight_rdata [23:20] (4x4 bits, signed)
  add \accum[131] (24 bits, signed)
  add \act_rdata [35:32] * \weight_rdata [15:12] (4x4 bits, signed)
  add \accum[132] (24 bits, signed)
  add \act_rdata [35:32] * \weight_rdata [19:16] (4x4 bits, signed)
  add \accum[133] (24 bits, signed)
  add \act_rdata [35:32] * \weight_rdata [23:20] (4x4 bits, signed)
  add \accum[134] (24 bits, signed)
  add \act_rdata [35:32] * \weight_rdata [27:24] (4x4 bits, signed)
  add \accum[135] (24 bits, signed)
  add \act_rdata [35:32] * \weight_rdata [31:28] (4x4 bits, signed)
  add \accum[136] (24 bits, signed)
  add \act_rdata [35:32] * \weight_rdata [35:32] (4x4 bits, signed)
  add \accum[137] (24 bits, signed)
  add \act_rdata [35:32] * \weight_rdata [39:36] (4x4 bits, signed)
  add \accum[138] (24 bits, signed)
  add \act_rdata [35:32] * \weight_rdata [43:40] (4x4 bits, signed)
  add \accum[139] (24 bits, signed)
  add \act_rdata [35:32] * \weight_rdata [47:44] (4x4 bits, signed)
  add \accum[6] (24 bits, signed)
  add \act_rdata [3:0] * \weight_rdata [27:24] (4x4 bits, signed)
  add \accum[141] (24 bits, signed)
  add \act_rdata [35:32] * \weight_rdata [55:52] (4x4 bits, signed)
  add \accum[142] (24 bits, signed)
  add \act_rdata [35:32] * \weight_rdata [59:56] (4x4 bits, signed)
  add \accum[143] (24 bits, signed)
  add \act_rdata [35:32] * \weight_rdata [63:60] (4x4 bits, signed)
  add \accum[144] (24 bits, signed)
  add \act_rdata [39:36] * \weight_rdata [3:0] (4x4 bits, signed)
  add \accum[145] (24 bits, signed)
  add \act_rdata [39:36] * \weight_rdata [7:4] (4x4 bits, signed)
  add \accum[146] (24 bits, signed)
  add \act_rdata [39:36] * \weight_rdata [11:8] (4x4 bits, signed)
  add \accum[147] (24 bits, signed)
  add \act_rdata [39:36] * \weight_rdata [15:12] (4x4 bits, signed)
  add \accum[148] (24 bits, signed)
  add \act_rdata [39:36] * \weight_rdata [19:16] (4x4 bits, signed)
  add \accum[149] (24 bits, signed)
  add \act_rdata [39:36] * \weight_rdata [23:20] (4x4 bits, signed)
  add \accum[7] (24 bits, signed)
  add \act_rdata [3:0] * \weight_rdata [31:28] (4x4 bits, signed)
  add \accum[151] (24 bits, signed)
  add \act_rdata [39:36] * \weight_rdata [31:28] (4x4 bits, signed)
  add \accum[152] (24 bits, signed)
  add \act_rdata [39:36] * \weight_rdata [35:32] (4x4 bits, signed)
  add \accum[153] (24 bits, signed)
  add \act_rdata [39:36] * \weight_rdata [39:36] (4x4 bits, signed)
  add \accum[154] (24 bits, signed)
  add \act_rdata [39:36] * \weight_rdata [43:40] (4x4 bits, signed)
  add \accum[155] (24 bits, signed)
  add \act_rdata [39:36] * \weight_rdata [47:44] (4x4 bits, signed)
  add \accum[156] (24 bits, signed)
  add \act_rdata [39:36] * \weight_rdata [51:48] (4x4 bits, signed)
  add \accum[157] (24 bits, signed)
  add \act_rdata [39:36] * \weight_rdata [55:52] (4x4 bits, signed)
  add \accum[158] (24 bits, signed)
  add \act_rdata [39:36] * \weight_rdata [59:56] (4x4 bits, signed)
  add \accum[159] (24 bits, signed)
  add \act_rdata [39:36] * \weight_rdata [63:60] (4x4 bits, signed)
  add \accum[8] (24 bits, signed)
  add \act_rdata [3:0] * \weight_rdata [35:32] (4x4 bits, signed)
  add \accum[161] (24 bits, signed)
  add \act_rdata [43:40] * \weight_rdata [7:4] (4x4 bits, signed)
  add \accum[162] (24 bits, signed)
  add \act_rdata [43:40] * \weight_rdata [11:8] (4x4 bits, signed)
  add \accum[163] (24 bits, signed)
  add \act_rdata [43:40] * \weight_rdata [15:12] (4x4 bits, signed)
  add \accum[164] (24 bits, signed)
  add \act_rdata [43:40] * \weight_rdata [19:16] (4x4 bits, signed)
  add \accum[165] (24 bits, signed)
  add \act_rdata [43:40] * \weight_rdata [23:20] (4x4 bits, signed)
  add \accum[166] (24 bits, signed)
  add \act_rdata [43:40] * \weight_rdata [27:24] (4x4 bits, signed)
  add \accum[167] (24 bits, signed)
  add \act_rdata [43:40] * \weight_rdata [31:28] (4x4 bits, signed)
  add \accum[168] (24 bits, signed)
  add \act_rdata [43:40] * \weight_rdata [35:32] (4x4 bits, signed)
  add \accum[169] (24 bits, signed)
  add \act_rdata [43:40] * \weight_rdata [39:36] (4x4 bits, signed)
  add \accum[9] (24 bits, signed)
  add \act_rdata [3:0] * \weight_rdata [39:36] (4x4 bits, signed)
  add \accum[171] (24 bits, signed)
  add \act_rdata [43:40] * \weight_rdata [47:44] (4x4 bits, signed)
  add \accum[172] (24 bits, signed)
  add \act_rdata [43:40] * \weight_rdata [51:48] (4x4 bits, signed)
  add \accum[173] (24 bits, signed)
  add \act_rdata [43:40] * \weight_rdata [55:52] (4x4 bits, signed)
  add \accum[174] (24 bits, signed)
  add \act_rdata [43:40] * \weight_rdata [59:56] (4x4 bits, signed)
  add \accum[175] (24 bits, signed)
  add \act_rdata [43:40] * \weight_rdata [63:60] (4x4 bits, signed)
  add \accum[176] (24 bits, signed)
  add \act_rdata [47:44] * \weight_rdata [3:0] (4x4 bits, signed)
  add \accum[177] (24 bits, signed)
  add \act_rdata [47:44] * \weight_rdata [7:4] (4x4 bits, signed)
  add \accum[178] (24 bits, signed)
  add \act_rdata [47:44] * \weight_rdata [11:8] (4x4 bits, signed)
  add \accum[179] (24 bits, signed)
  add \act_rdata [47:44] * \weight_rdata [15:12] (4x4 bits, signed)
  add \accum[10] (24 bits, signed)
  add \act_rdata [3:0] * \weight_rdata [43:40] (4x4 bits, signed)
  add \accum[181] (24 bits, signed)
  add \act_rdata [47:44] * \weight_rdata [23:20] (4x4 bits, signed)
  add \accum[182] (24 bits, signed)
  add \act_rdata [47:44] * \weight_rdata [27:24] (4x4 bits, signed)
  add \accum[183] (24 bits, signed)
  add \act_rdata [47:44] * \weight_rdata [31:28] (4x4 bits, signed)
  add \accum[184] (24 bits, signed)
  add \act_rdata [47:44] * \weight_rdata [35:32] (4x4 bits, signed)
  add \accum[185] (24 bits, signed)
  add \act_rdata [47:44] * \weight_rdata [39:36] (4x4 bits, signed)
  add \accum[186] (24 bits, signed)
  add \act_rdata [47:44] * \weight_rdata [43:40] (4x4 bits, signed)
  add \accum[187] (24 bits, signed)
  add \act_rdata [47:44] * \weight_rdata [47:44] (4x4 bits, signed)
  add \accum[188] (24 bits, signed)
  add \act_rdata [47:44] * \weight_rdata [51:48] (4x4 bits, signed)
  add \accum[189] (24 bits, signed)
  add \act_rdata [47:44] * \weight_rdata [55:52] (4x4 bits, signed)
  add \accum[11] (24 bits, signed)
  add \act_rdata [3:0] * \weight_rdata [47:44] (4x4 bits, signed)
  add \accum[191] (24 bits, signed)
  add \act_rdata [47:44] * \weight_rdata [63:60] (4x4 bits, signed)
  add \accum[192] (24 bits, signed)
  add \act_rdata [51:48] * \weight_rdata [3:0] (4x4 bits, signed)
  add \accum[193] (24 bits, signed)
  add \act_rdata [51:48] * \weight_rdata [7:4] (4x4 bits, signed)
  add \accum[194] (24 bits, signed)
  add \act_rdata [51:48] * \weight_rdata [11:8] (4x4 bits, signed)
  add \accum[195] (24 bits, signed)
  add \act_rdata [51:48] * \weight_rdata [15:12] (4x4 bits, signed)
  add \accum[196] (24 bits, signed)
  add \act_rdata [51:48] * \weight_rdata [19:16] (4x4 bits, signed)
  add \accum[197] (24 bits, signed)
  add \act_rdata [51:48] * \weight_rdata [23:20] (4x4 bits, signed)
  add \accum[198] (24 bits, signed)
  add \act_rdata [51:48] * \weight_rdata [27:24] (4x4 bits, signed)
  add \accum[199] (24 bits, signed)
  add \act_rdata [51:48] * \weight_rdata [31:28] (4x4 bits, signed)
  add \accum[12] (24 bits, signed)
  add \act_rdata [3:0] * \weight_rdata [51:48] (4x4 bits, signed)
  add \accum[201] (24 bits, signed)
  add \act_rdata [51:48] * \weight_rdata [39:36] (4x4 bits, signed)
  add \accum[202] (24 bits, signed)
  add \act_rdata [51:48] * \weight_rdata [43:40] (4x4 bits, signed)
  add \accum[203] (24 bits, signed)
  add \act_rdata [51:48] * \weight_rdata [47:44] (4x4 bits, signed)
  add \accum[204] (24 bits, signed)
  add \act_rdata [51:48] * \weight_rdata [51:48] (4x4 bits, signed)
  add \accum[205] (24 bits, signed)
  add \act_rdata [51:48] * \weight_rdata [55:52] (4x4 bits, signed)
  add \accum[206] (24 bits, signed)
  add \act_rdata [51:48] * \weight_rdata [59:56] (4x4 bits, signed)
  add \accum[207] (24 bits, signed)
  add \act_rdata [51:48] * \weight_rdata [63:60] (4x4 bits, signed)
  add \accum[208] (24 bits, signed)
  add \act_rdata [55:52] * \weight_rdata [3:0] (4x4 bits, signed)
  add \accum[209] (24 bits, signed)
  add \act_rdata [55:52] * \weight_rdata [7:4] (4x4 bits, signed)
  add \accum[13] (24 bits, signed)
  add \act_rdata [3:0] * \weight_rdata [55:52] (4x4 bits, signed)
  add \accum[211] (24 bits, signed)
  add \act_rdata [55:52] * \weight_rdata [15:12] (4x4 bits, signed)
  add \accum[212] (24 bits, signed)
  add \act_rdata [55:52] * \weight_rdata [19:16] (4x4 bits, signed)
  add \accum[213] (24 bits, signed)
  add \act_rdata [55:52] * \weight_rdata [23:20] (4x4 bits, signed)
  add \accum[214] (24 bits, signed)
  add \act_rdata [55:52] * \weight_rdata [27:24] (4x4 bits, signed)
  add \accum[215] (24 bits, signed)
  add \act_rdata [55:52] * \weight_rdata [31:28] (4x4 bits, signed)
  add \accum[216] (24 bits, signed)
  add \act_rdata [55:52] * \weight_rdata [35:32] (4x4 bits, signed)
  add \accum[217] (24 bits, signed)
  add \act_rdata [55:52] * \weight_rdata [39:36] (4x4 bits, signed)
  add \accum[218] (24 bits, signed)
  add \act_rdata [55:52] * \weight_rdata [43:40] (4x4 bits, signed)
  add \accum[219] (24 bits, signed)
  add \act_rdata [55:52] * \weight_rdata [47:44] (4x4 bits, signed)
  add \accum[14] (24 bits, signed)
  add \act_rdata [3:0] * \weight_rdata [59:56] (4x4 bits, signed)
  add \accum[221] (24 bits, signed)
  add \act_rdata [55:52] * \weight_rdata [55:52] (4x4 bits, signed)
  add \accum[222] (24 bits, signed)
  add \act_rdata [55:52] * \weight_rdata [59:56] (4x4 bits, signed)
  add \accum[223] (24 bits, signed)
  add \act_rdata [55:52] * \weight_rdata [63:60] (4x4 bits, signed)
  add \accum[224] (24 bits, signed)
  add \act_rdata [59:56] * \weight_rdata [3:0] (4x4 bits, signed)
  add \accum[225] (24 bits, signed)
  add \act_rdata [59:56] * \weight_rdata [7:4] (4x4 bits, signed)
  add \accum[226] (24 bits, signed)
  add \act_rdata [59:56] * \weight_rdata [11:8] (4x4 bits, signed)
  add \accum[227] (24 bits, signed)
  add \act_rdata [59:56] * \weight_rdata [15:12] (4x4 bits, signed)
  add \accum[228] (24 bits, signed)
  add \act_rdata [59:56] * \weight_rdata [19:16] (4x4 bits, signed)
  add \accum[229] (24 bits, signed)
  add \act_rdata [59:56] * \weight_rdata [23:20] (4x4 bits, signed)
  add \accum[15] (24 bits, signed)
  add \act_rdata [3:0] * \weight_rdata [63:60] (4x4 bits, signed)
  add \accum[231] (24 bits, signed)
  add \act_rdata [59:56] * \weight_rdata [31:28] (4x4 bits, signed)
  add \accum[232] (24 bits, signed)
  add \act_rdata [59:56] * \weight_rdata [35:32] (4x4 bits, signed)
  add \accum[233] (24 bits, signed)
  add \act_rdata [59:56] * \weight_rdata [39:36] (4x4 bits, signed)
  add \accum[234] (24 bits, signed)
  add \act_rdata [59:56] * \weight_rdata [43:40] (4x4 bits, signed)
  add \accum[235] (24 bits, signed)
  add \act_rdata [59:56] * \weight_rdata [47:44] (4x4 bits, signed)
  add \accum[236] (24 bits, signed)
  add \act_rdata [59:56] * \weight_rdata [51:48] (4x4 bits, signed)
  add \accum[237] (24 bits, signed)
  add \act_rdata [59:56] * \weight_rdata [55:52] (4x4 bits, signed)
  add \accum[238] (24 bits, signed)
  add \act_rdata [59:56] * \weight_rdata [59:56] (4x4 bits, signed)
  add \accum[239] (24 bits, signed)
  add \act_rdata [59:56] * \weight_rdata [63:60] (4x4 bits, signed)
  add \accum[16] (24 bits, signed)
  add \act_rdata [7:4] * \weight_rdata [3:0] (4x4 bits, signed)
  add \accum[241] (24 bits, signed)
  add \act_rdata [63:60] * \weight_rdata [7:4] (4x4 bits, signed)
  add \accum[242] (24 bits, signed)
  add \act_rdata [63:60] * \weight_rdata [11:8] (4x4 bits, signed)
  add \accum[243] (24 bits, signed)
  add \act_rdata [63:60] * \weight_rdata [15:12] (4x4 bits, signed)
  add \accum[244] (24 bits, signed)
  add \act_rdata [63:60] * \weight_rdata [19:16] (4x4 bits, signed)
  add \accum[245] (24 bits, signed)
  add \act_rdata [63:60] * \weight_rdata [23:20] (4x4 bits, signed)
  add \accum[246] (24 bits, signed)
  add \act_rdata [63:60] * \weight_rdata [27:24] (4x4 bits, signed)
  add \accum[247] (24 bits, signed)
  add \act_rdata [63:60] * \weight_rdata [31:28] (4x4 bits, signed)
  add \accum[248] (24 bits, signed)
  add \act_rdata [63:60] * \weight_rdata [35:32] (4x4 bits, signed)
  add \accum[249] (24 bits, signed)
  add \act_rdata [63:60] * \weight_rdata [39:36] (4x4 bits, signed)
  add \accum[17] (24 bits, signed)
  add \act_rdata [7:4] * \weight_rdata [7:4] (4x4 bits, signed)
  add \accum[251] (24 bits, signed)
  add \act_rdata [63:60] * \weight_rdata [47:44] (4x4 bits, signed)
  add \accum[252] (24 bits, signed)
  add \act_rdata [63:60] * \weight_rdata [51:48] (4x4 bits, signed)
  add \accum[253] (24 bits, signed)
  add \act_rdata [63:60] * \weight_rdata [55:52] (4x4 bits, signed)
  add \accum[254] (24 bits, signed)
  add \act_rdata [63:60] * \weight_rdata [59:56] (4x4 bits, signed)
Using template $paramod$c3cd1564c35d873179656addd6052d7ea8b6d991\_90_alu for cells of type $alu.
Using extmapper simplemap for cells of type $ne.
Using extmapper simplemap for cells of type $and.
Using extmapper simplemap for cells of type $mux.
Using template $paramod$cc1e387d9d5ac1d3f6e6bed180038d9c0ac48d0c\_90_pmux for cells of type $pmux.
Using extmapper simplemap for cells of type $reduce_and.
  add \accum[40] (24 bits, signed)
  add \act_rdata [11:8] * \weight_rdata [35:32] (4x4 bits, signed)
Using template $paramod$ee3d784672cdb1cb32d9a801a3af776716f16b74\_90_alu for cells of type $alu.
Using extmapper simplemap for cells of type $not.
Using extmapper simplemap for cells of type $or.
Using template $paramod$521ce43182eecb9f60c72393a788160d2c356bf5\_90_pmux for cells of type $pmux.
Using extmapper simplemap for cells of type $adff.
Using template $paramod\_90_fa\WIDTH=32'00000000000000000000000000011000 for cells of type $fa.
Using template $paramod$e82d3fc1811c5751348a3964470632b35a435fc7\_90_alu for cells of type $alu.
Using extmapper simplemap for cells of type $xor.
Using template $paramod\_90_lcu\WIDTH=32'00000000000000000000000000001100 for cells of type $lcu.
Using extmapper simplemap for cells of type $pos.
Using template $paramod\_90_lcu\WIDTH=32'00000000000000000000000000001000 for cells of type $lcu.
Using extmapper simplemap for cells of type $reduce_or.
Using template $paramod\_90_lcu\WIDTH=32'00000000000000000000000000011000 for cells of type $lcu.
No more expansions possible.
<suppressed ~44541 debug messages>

3.21. Executing OPT pass (performing simple optimizations).

3.21.1. Executing OPT_EXPR pass (perform const folding).
Optimizing module x1_y1_kimi.
<suppressed ~39630 debug messages>

3.21.2. Executing OPT_MERGE pass (detect identical cells).
Finding identical cells in module `\x1_y1_kimi'.
<suppressed ~100899 debug messages>
Removed a total of 33633 cells.

3.21.3. Executing OPT_DFF pass (perform DFF optimizations).

3.21.4. Executing OPT_CLEAN pass (remove unused cells and wires).
Finding unused cells or wires in module \x1_y1_kimi..
Removed 11142 unused cells and 41874 unused wires.
<suppressed ~11143 debug messages>

3.21.5. Finished fast OPT passes.

3.22. Executing ABC pass (technology mapping using ABC).

3.22.1. Extracting gate netlist of module `\x1_y1_kimi' to `<abc-temp-dir>/input.blif'..
Extracted 150935 gates and 157256 wires to a netlist network with 6320 inputs and 6190 outputs.

3.22.1.1. Executing ABC.
