
 /----------------------------------------------------------------------------\
 |                                                                            |
 |  yosys -- Yosys Open SYnthesis Suite                                       |
 |                                                                            |
 |  Copyright (C) 2012 - 2020  Claire Xenia Wolf <claire@yosyshq.com>         |
 |                                                                            |
 |  Permission to use, copy, modify, and/or distribute this software for any  |
 |  purpose with or without fee is hereby granted, provided that the above    |
 |  copyright notice and this permission notice appear in all copies.         |
 |                                                                            |
 |  THE SOFTWARE IS PROVIDED "AS IS" AND THE AUTHOR DISCLAIMS ALL WARRANTIES  |
 |  WITH REGARD TO THIS SOFTWARE INCLUDING ALL IMPLIED WARRANTIES OF          |
 |  MERCHANTABILITY AND FITNESS. IN NO EVENT SHALL THE AUTHOR BE LIABLE FOR   |
 |  ANY SPECIAL, DIRECT, INDIRECT, OR CONSEQUENTIAL DAMAGES OR ANY DAMAGES    |
 |  WHATSOEVER RESULTING FROM LOSS OF USE, DATA OR PROFITS, WHETHER IN AN     |
 |  ACTION OF CONTRACT, NEGLIGENCE OR OTHER TORTIOUS ACTION, ARISING OUT OF   |
 |  OR IN CONNECTION WITH THE USE OR PERFORMANCE OF THIS SOFTWARE.            |
 |                                                                            |
 \----------------------------------------------------------------------------/

 Yosys 0.33 (git sha1 2584903a060)


-- Executing script file `flow/synth_y3.ys' --

1. Executing Verilog-2005 frontend: rtl/fakeram45_512x64.v
Parsing Verilog input from `rtl/fakeram45_512x64.v' to AST representation.
Generating RTLIL representation for module `\fakeram45_512x64'.
Successfully finished Verilog frontend.

2. Executing Verilog-2005 frontend: rtl/weight_sram.v
Parsing Verilog input from `rtl/weight_sram.v' to AST representation.
Generating RTLIL representation for module `\weight_sram'.
Successfully finished Verilog frontend.

3. Executing Verilog-2005 frontend: rtl/state_sram.v
Parsing Verilog input from `rtl/state_sram.v' to AST representation.
Generating RTLIL representation for module `\state_sram'.
Successfully finished Verilog frontend.

4. Executing Verilog-2005 frontend: rtl/activation_sram.v
Parsing Verilog input from `rtl/activation_sram.v' to AST representation.
Generating RTLIL representation for module `\activation_sram'.
Successfully finished Verilog frontend.

5. Executing Verilog-2005 frontend: rtl/intermediate_sram.v
Parsing Verilog input from `rtl/intermediate_sram.v' to AST representation.
Generating RTLIL representation for module `\intermediate_sram'.
Warning: Replacing memory \macro_wd with list of registers. See rtl/intermediate_sram.v:14
Warning: Replacing memory \pack with list of registers. See rtl/intermediate_sram.v:13
Successfully finished Verilog frontend.

6. Executing Verilog-2005 frontend: rtl/requant.v
Parsing Verilog input from `rtl/requant.v' to AST representation.
Generating RTLIL representation for module `\requant'.
Successfully finished Verilog frontend.

7. Executing Verilog-2005 frontend: rtl/mac_array_16x16.v
Parsing Verilog input from `rtl/mac_array_16x16.v' to AST representation.
Generating RTLIL representation for module `\mac_array_16x16'.
Warning: Replacing memory \s2q with list of registers. See rtl/mac_array_16x16.v:23
Successfully finished Verilog frontend.

8. Executing Verilog-2005 frontend: rtl/conv_unit_serial.v
Parsing Verilog input from `rtl/conv_unit_serial.v' to AST representation.
Generating RTLIL representation for module `\conv_unit_serial'.
Successfully finished Verilog frontend.

9. Executing Verilog-2005 frontend: rtl/state_word_engine.v
Parsing Verilog input from `rtl/state_word_engine.v' to AST representation.
Generating RTLIL representation for module `\state_word_engine'.
Warning: Replacing memory \coef4 with list of registers. See rtl/state_word_engine.v:66
Warning: Replacing memory \bkd3 with list of registers. See rtl/state_word_engine.v:62
Warning: Replacing memory \q3 with list of registers. See rtl/state_word_engine.v:62
Warning: Replacing memory \k3 with list of registers. See rtl/state_word_engine.v:62
Warning: Replacing memory \bkd_hi2 with list of registers. See rtl/state_word_engine.v:57
Warning: Replacing memory \bkd_lo2 with list of registers. See rtl/state_word_engine.v:56
Warning: Replacing memory \q2 with list of registers. See rtl/state_word_engine.v:54
Warning: Replacing memory \k2 with list of registers. See rtl/state_word_engine.v:54
Warning: Replacing memory \bk1 with list of registers. See rtl/state_word_engine.v:48
Warning: Replacing memory \sa1 with list of registers. See rtl/state_word_engine.v:47
Warning: Replacing memory \q1 with list of registers. See rtl/state_word_engine.v:46
Warning: Replacing memory \k1 with list of registers. See rtl/state_word_engine.v:46
Warning: Replacing memory \q0 with list of registers. See rtl/state_word_engine.v:41
Warning: Replacing memory \k0 with list of registers. See rtl/state_word_engine.v:41
Warning: Replacing memory \beta0 with list of registers. See rtl/state_word_engine.v:41
Warning: Replacing memory \alpha0 with list of registers. See rtl/state_word_engine.v:41
Successfully finished Verilog frontend.

10. Executing Verilog-2005 frontend: rtl/state_stream_controller.v
Parsing Verilog input from `rtl/state_stream_controller.v' to AST representation.
Generating RTLIL representation for module `\state_stream_controller'.
Warning: Replacing memory \acc with list of registers. See rtl/state_stream_controller.v:90
Successfully finished Verilog frontend.

11. Executing Verilog-2005 frontend: rtl/streaming_norm.v
Parsing Verilog input from `rtl/streaming_norm.v' to AST representation.
Generating RTLIL representation for module `\streaming_norm'.
Warning: Replacing memory \scale_r with list of registers. See rtl/streaming_norm.v:94
Successfully finished Verilog frontend.

12. Executing Verilog-2005 frontend: rtl/x7_controller.v
Parsing Verilog input from `rtl/x7_controller.v' to AST representation.
Generating RTLIL representation for module `\x7_controller'.
Successfully finished Verilog frontend.

13. Executing Verilog-2005 frontend: rtl/x7_top.v
Parsing Verilog input from `rtl/x7_top.v' to AST representation.
Generating RTLIL representation for module `\x7_top'.
Successfully finished Verilog frontend.

14. Executing HIERARCHY pass (managing design hierarchy).

14.1. Analyzing design hierarchy..
Top module:  \x7_top
Used module:     \streaming_norm
Used module:     \state_sram
Used module:     \state_stream_controller
Used module:         \state_word_engine
Used module:     \conv_unit_serial
Used module:     \intermediate_sram
Used module:     \requant
Used module:     \mac_array_16x16
Used module:     \weight_sram
Used module:     \activation_sram
Used module:     \x7_controller

14.2. Analyzing design hierarchy..
Top module:  \x7_top
Used module:     \streaming_norm
Used module:     \state_sram
Used module:     \state_stream_controller
Used module:         \state_word_engine
Used module:     \conv_unit_serial
Used module:     \intermediate_sram
Used module:     \requant
Used module:     \mac_array_16x16
Used module:     \weight_sram
Used module:     \activation_sram
Used module:     \x7_controller
Removed 0 unused modules.

15. Executing PROC pass (convert processes to netlists).

15.1. Executing PROC_CLEAN pass (remove empty switches from decision trees).
Found and cleaned up 1 empty switch in `\streaming_norm.$proc$rtl/streaming_norm.v:42$3027'.
Cleaned up 1 empty switch.

15.2. Executing PROC_RMDEAD pass (remove dead branches from decision trees).
Marked 14 switch rules as full_case in process $proc$rtl/x7_top.v:118$3633 in module x7_top.
Marked 13 switch rules as full_case in process $proc$rtl/x7_top.v:89$3613 in module x7_top.
Marked 2 switch rules as full_case in process $proc$rtl/x7_controller.v:6$3571 in module x7_controller.
Marked 91 switch rules as full_case in process $proc$rtl/streaming_norm.v:42$3027 in module streaming_norm.
Marked 1 switch rules as full_case in process $proc$rtl/streaming_norm.v:31$3026 in module streaming_norm.
Marked 212 switch rules as full_case in process $proc$rtl/state_stream_controller.v:86$1128 in module state_stream_controller.
Marked 10 switch rules as full_case in process $proc$rtl/state_stream_controller.v:61$1099 in module state_stream_controller.
Marked 1 switch rules as full_case in process $proc$rtl/state_stream_controller.v:43$1097 in module state_stream_controller.
Marked 46 switch rules as full_case in process $proc$rtl/state_word_engine.v:33$709 in module state_word_engine.
Marked 11 switch rules as full_case in process $proc$rtl/conv_unit_serial.v:8$657 in module conv_unit_serial.
Marked 5 switch rules as full_case in process $proc$rtl/mac_array_16x16.v:22$562 in module mac_array_16x16.
Marked 2 switch rules as full_case in process $proc$rtl/requant.v:4$554 in module requant.
Marked 4 switch rules as full_case in process $proc$rtl/intermediate_sram.v:10$460 in module intermediate_sram.
Removed 1 dead cases from process $proc$rtl/activation_sram.v:0$417 in module activation_sram.
Marked 1 switch rules as full_case in process $proc$rtl/activation_sram.v:0$417 in module activation_sram.
Removed 1 dead cases from process $proc$rtl/activation_sram.v:0$413 in module activation_sram.
Marked 1 switch rules as full_case in process $proc$rtl/activation_sram.v:0$413 in module activation_sram.
Removed 1 dead cases from process $proc$rtl/activation_sram.v:0$408 in module activation_sram.
Marked 1 switch rules as full_case in process $proc$rtl/activation_sram.v:0$408 in module activation_sram.
Removed 1 dead cases from process $proc$rtl/activation_sram.v:0$404 in module activation_sram.
Marked 1 switch rules as full_case in process $proc$rtl/activation_sram.v:0$404 in module activation_sram.
Removed 1 dead cases from process $proc$rtl/state_sram.v:0$321 in module state_sram.
Marked 1 switch rules as full_case in process $proc$rtl/state_sram.v:0$321 in module state_sram.
Removed 1 dead cases from process $proc$rtl/state_sram.v:0$316 in module state_sram.
Marked 1 switch rules as full_case in process $proc$rtl/state_sram.v:0$316 in module state_sram.
Removed 1 dead cases from process $proc$rtl/state_sram.v:0$311 in module state_sram.
Marked 1 switch rules as full_case in process $proc$rtl/state_sram.v:0$311 in module state_sram.
Removed 1 dead cases from process $proc$rtl/state_sram.v:0$306 in module state_sram.
Marked 1 switch rules as full_case in process $proc$rtl/state_sram.v:0$306 in module state_sram.
Marked 1 switch rules as full_case in process $proc$rtl/weight_sram.v:24$50 in module weight_sram.
Removed a total of 8 dead cases.

15.3. Executing PROC_PRUNE pass (remove redundant assignments in processes).
Removed 23 redundant assignments.
Promoted 636 assignments to connections.

15.4. Executing PROC_INIT pass (extract init attributes).

15.5. Executing PROC_ARST pass (detect async resets in processes).
Found async reset \rst_n in `\x7_top.$proc$rtl/x7_top.v:118$3633'.
Found async reset \rst_n in `\streaming_norm.$proc$rtl/streaming_norm.v:42$3027'.
Found async reset \rst_n in `\state_stream_controller.$proc$rtl/state_stream_controller.v:86$1128'.
Found async reset \rst_n in `\state_word_engine.$proc$rtl/state_word_engine.v:33$709'.

15.6. Executing PROC_ROM pass (convert switches to ROMs).
Converted 0 switches.
<suppressed ~458 debug messages>

15.7. Executing PROC_MUX pass (convert decision trees to multiplexers).
Creating decoders for process `\x7_top.$proc$rtl/x7_top.v:118$3633'.
     1/46: $4$lookahead\conv_gate_pack$3632[127:0]$3669
     2/46: $4$bitselwrite$data$rtl/x7_top.v:164$3576[127:0]$3667
     3/46: $4$bitselwrite$mask$rtl/x7_top.v:164$3575[127:0]$3666
     4/46: $4$bitselwrite$sel$rtl/x7_top.v:164$3577[31:0]$3668
     5/46: $3$lookahead\conv_gate_pack$3632[127:0]$3662
     6/46: $3$bitselwrite$sel$rtl/x7_top.v:164$3577[31:0]$3661
     7/46: $3$bitselwrite$data$rtl/x7_top.v:164$3576[127:0]$3660
     8/46: $3$bitselwrite$mask$rtl/x7_top.v:164$3575[127:0]$3659
     9/46: $2$lookahead\conv_gate_pack$3632[127:0]$3646
    10/46: $2$bitselwrite$sel$rtl/x7_top.v:164$3577[31:0]$3645
    11/46: $2$bitselwrite$data$rtl/x7_top.v:164$3576[127:0]$3644
    12/46: $2$bitselwrite$mask$rtl/x7_top.v:164$3575[127:0]$3643
    13/46: $1$lookahead\conv_gate_pack$3632[127:0]$3642
    14/46: $1$bitselwrite$sel$rtl/x7_top.v:164$3577[31:0]$3641
    15/46: $1$bitselwrite$data$rtl/x7_top.v:164$3576[127:0]$3640
    16/46: $1$bitselwrite$mask$rtl/x7_top.v:164$3575[127:0]$3639
    17/46: $0\norm_act_rd_valid[0:0]
    18/46: $0\norm_ivec_rd_valid_q2[0:0]
    19/46: $0\norm_ivec_rd_valid[0:0]
    20/46: $0\ss_ivec_rd_valid_q2[0:0]
    21/46: $0\ss_ivec_rd_valid[0:0]
    22/46: $0\ss_act_rd_valid[0:0]
    23/46: $0\ss_state_rd_valid[0:0]
    24/46: $0\out_index[2:0]
    25/46: $0\out_issue[3:0]
    26/46: $0\out_pending[0:0]
    27/46: $0\norm_started[0:0]
    28/46: $0\active_state[0:0]
    29/46: $0\norm_ivec_rdata_q[63:0]
    30/46: $0\norm_ivec_vec_q[1:0]
    31/46: $0\ss_ivec_rdata_q[63:0]
    32/46: $0\ss_ivec_vec_q[1:0]
    33/46: $0\conv_x_scalar[7:0]
    34/46: $0\conv_x_beat[127:0]
    35/46: $0\conv_channel[6:0]
    36/46: $0\conv_step[2:0]
    37/46: $0\proj_weight[255:0]
    38/46: $0\proj_window[255:0]
    39/46: $0\proj_low[127:0]
    40/46: $0\proj_results[7:0]
    41/46: $0\proj_index[8:0]
    42/46: $0\proj_sel[1:0]
    43/46: $0\proj_step[2:0]
    44/46: $0\input_beat[3:0]
    45/46: $0\fault[0:0]
    46/46: $0\phase[6:0]
Creating decoders for process `\x7_top.$proc$rtl/x7_top.v:89$3613'.
     1/50: $10\acta_addr[8:0]
     2/50: $4\acta_bank[0:0]
     3/50: $10\acta_en[0:0]
     4/50: $4\actb_wdata[127:0]
     5/50: $4\actb_addr[8:0]
     6/50: $4\actb_bank[0:0]
     7/50: $4\actb_we[0:0]
     8/50: $4\actb_en[0:0]
     9/50: $9\acta_addr[8:0]
    10/50: $3\acta_bank[0:0]
    11/50: $9\acta_en[0:0]
    12/50: $3\actb_wdata[127:0]
    13/50: $3\actb_addr[8:0]
    14/50: $3\actb_bank[0:0]
    15/50: $3\actb_we[0:0]
    16/50: $3\actb_en[0:0]
    17/50: $8\acta_addr[8:0]
    18/50: $2\acta_bank[0:0]
    19/50: $8\acta_en[0:0]
    20/50: $2\actb_wdata[127:0]
    21/50: $2\actb_addr[8:0]
    22/50: $2\actb_bank[0:0]
    23/50: $2\actb_we[0:0]
    24/50: $2\actb_en[0:0]
    25/50: $7\acta_addr[8:0]
    26/50: $7\acta_en[0:0]
    27/50: $6\acta_addr[8:0]
    28/50: $6\acta_en[0:0]
    29/50: $5\acta_addr[8:0]
    30/50: $5\acta_en[0:0]
    31/50: $4\acta_addr[8:0]
    32/50: $4\acta_en[0:0]
    33/50: $3\acta_wdata[127:0]
    34/50: $3\acta_addr[8:0]
    35/50: $3\acta_we[0:0]
    36/50: $3\acta_en[0:0]
    37/50: $2\acta_wdata[127:0]
    38/50: $2\acta_addr[8:0]
    39/50: $2\acta_we[0:0]
    40/50: $2\acta_en[0:0]
    41/50: $1\acta_wdata[127:0]
    42/50: $1\acta_addr[8:0]
    43/50: $1\acta_we[0:0]
    44/50: $1\acta_en[0:0]
    45/50: $1\actb_wdata[127:0]
    46/50: $1\actb_addr[8:0]
    47/50: $1\actb_bank[0:0]
    48/50: $1\actb_we[0:0]
    49/50: $1\actb_en[0:0]
    50/50: $1\acta_bank[0:0]
Creating decoders for process `\x7_controller.$proc$rtl/x7_controller.v:6$3571'.
     1/2: $0\phase_cycles[15:0]
     2/2: $0\phase_q[6:0]
Creating decoders for process `\streaming_norm.$proc$rtl/streaming_norm.v:42$3027'.
     1/396: $4\satadd8$func$rtl/streaming_norm.v:110$3025.$result[7:0]$3568
     2/396: $3\satadd8$func$rtl/streaming_norm.v:110$3025.$result[7:0]$3566
     3/396: $4\satadd8$func$rtl/streaming_norm.v:110$3024.$result[7:0]$3563
     4/396: $3\satadd8$func$rtl/streaming_norm.v:110$3024.$result[7:0]$3561
     5/396: $4\satadd8$func$rtl/streaming_norm.v:110$3023.$result[7:0]$3558
     6/396: $3\satadd8$func$rtl/streaming_norm.v:110$3023.$result[7:0]$3556
     7/396: $4\satadd8$func$rtl/streaming_norm.v:110$3022.$result[7:0]$3553
     8/396: $3\satadd8$func$rtl/streaming_norm.v:110$3022.$result[7:0]$3551
     9/396: $4\satadd8$func$rtl/streaming_norm.v:110$3021.$result[7:0]$3548
    10/396: $3\satadd8$func$rtl/streaming_norm.v:110$3021.$result[7:0]$3546
    11/396: $4\satadd8$func$rtl/streaming_norm.v:110$3020.$result[7:0]$3543
    12/396: $3\satadd8$func$rtl/streaming_norm.v:110$3020.$result[7:0]$3541
    13/396: $4\satadd8$func$rtl/streaming_norm.v:110$3019.$result[7:0]$3538
    14/396: $3\satadd8$func$rtl/streaming_norm.v:110$3019.$result[7:0]$3536
    15/396: $4\satadd8$func$rtl/streaming_norm.v:110$3018.$result[7:0]$3533
    16/396: $3\satadd8$func$rtl/streaming_norm.v:110$3018.$result[7:0]$3531
    17/396: $4\satadd8$func$rtl/streaming_norm.v:110$3017.$result[7:0]$3528
    18/396: $3\satadd8$func$rtl/streaming_norm.v:110$3017.$result[7:0]$3526
    19/396: $4\satadd8$func$rtl/streaming_norm.v:110$3016.$result[7:0]$3523
    20/396: $3\satadd8$func$rtl/streaming_norm.v:110$3016.$result[7:0]$3521
    21/396: $4\satadd8$func$rtl/streaming_norm.v:110$3015.$result[7:0]$3518
    22/396: $3\satadd8$func$rtl/streaming_norm.v:110$3015.$result[7:0]$3516
    23/396: $4\satadd8$func$rtl/streaming_norm.v:110$3014.$result[7:0]$3513
    24/396: $3\satadd8$func$rtl/streaming_norm.v:110$3014.$result[7:0]$3511
    25/396: $4\satadd8$func$rtl/streaming_norm.v:110$3013.$result[7:0]$3508
    26/396: $3\satadd8$func$rtl/streaming_norm.v:110$3013.$result[7:0]$3506
    27/396: $4\satadd8$func$rtl/streaming_norm.v:110$3012.$result[7:0]$3503
    28/396: $3\satadd8$func$rtl/streaming_norm.v:110$3012.$result[7:0]$3501
    29/396: $4\satadd8$func$rtl/streaming_norm.v:110$3011.$result[7:0]$3498
    30/396: $3\satadd8$func$rtl/streaming_norm.v:110$3011.$result[7:0]$3496
    31/396: $4\satadd8$func$rtl/streaming_norm.v:110$3010.$result[7:0]$3493
    32/396: $3\satadd8$func$rtl/streaming_norm.v:110$3010.$result[7:0]$3491
    33/396: $0\pending_write[127:0] [127:120]
    34/396: $0\pending_write[127:0] [119:112]
    35/396: $0\pending_write[127:0] [111:104]
    36/396: $0\pending_write[127:0] [103:96]
    37/396: $0\pending_write[127:0] [95:88]
    38/396: $0\pending_write[127:0] [87:80]
    39/396: $0\pending_write[127:0] [79:72]
    40/396: $0\pending_write[127:0] [71:64]
    41/396: $0\pending_write[127:0] [63:56]
    42/396: $0\pending_write[127:0] [55:48]
    43/396: $0\pending_write[127:0] [47:40]
    44/396: $0\pending_write[127:0] [39:32]
    45/396: $0\pending_write[127:0] [31:24]
    46/396: $0\pending_write[127:0] [23:16]
    47/396: $0\pending_write[127:0] [15:8]
    48/396: $0\pending_write[127:0] [7:0]
    49/396: $4\sat8$func$rtl/streaming_norm.v:105$3009.$result[7:0]$3486
    50/396: $19\o[7:0]
    51/396: $5\sat8$func$rtl/streaming_norm.v:105$3008.$result[7:0]$3482
    52/396: $4\sat8$func$rtl/streaming_norm.v:105$3008.$result[7:0]$3480
    53/396: $18\o[7:0]
    54/396: $5\sat8$func$rtl/streaming_norm.v:105$3007.$result[7:0]$3476
    55/396: $4\sat8$func$rtl/streaming_norm.v:105$3007.$result[7:0]$3474
    56/396: $17\o[7:0]
    57/396: $5\sat8$func$rtl/streaming_norm.v:105$3006.$result[7:0]$3470
    58/396: $4\sat8$func$rtl/streaming_norm.v:105$3006.$result[7:0]$3468
    59/396: $16\o[7:0]
    60/396: $5\sat8$func$rtl/streaming_norm.v:105$3005.$result[7:0]$3464
    61/396: $4\sat8$func$rtl/streaming_norm.v:105$3005.$result[7:0]$3462
    62/396: $15\o[7:0]
    63/396: $5\sat8$func$rtl/streaming_norm.v:105$3004.$result[7:0]$3458
    64/396: $4\sat8$func$rtl/streaming_norm.v:105$3004.$result[7:0]$3456
    65/396: $14\o[7:0]
    66/396: $5\sat8$func$rtl/streaming_norm.v:105$3003.$result[7:0]$3452
    67/396: $4\sat8$func$rtl/streaming_norm.v:105$3003.$result[7:0]$3450
    68/396: $13\o[7:0]
    69/396: $5\sat8$func$rtl/streaming_norm.v:105$3002.$result[7:0]$3446
    70/396: $4\sat8$func$rtl/streaming_norm.v:105$3002.$result[7:0]$3444
    71/396: $12\o[7:0]
    72/396: $5\sat8$func$rtl/streaming_norm.v:105$3001.$result[7:0]$3440
    73/396: $4\sat8$func$rtl/streaming_norm.v:105$3001.$result[7:0]$3438
    74/396: $11\o[7:0]
    75/396: $5\sat8$func$rtl/streaming_norm.v:105$3000.$result[7:0]$3434
    76/396: $4\sat8$func$rtl/streaming_norm.v:105$3000.$result[7:0]$3432
    77/396: $10\o[7:0]
    78/396: $5\sat8$func$rtl/streaming_norm.v:105$2999.$result[7:0]$3428
    79/396: $4\sat8$func$rtl/streaming_norm.v:105$2999.$result[7:0]$3426
    80/396: $9\o[7:0]
    81/396: $5\sat8$func$rtl/streaming_norm.v:105$2998.$result[7:0]$3422
    82/396: $4\sat8$func$rtl/streaming_norm.v:105$2998.$result[7:0]$3420
    83/396: $8\o[7:0]
    84/396: $5\sat8$func$rtl/streaming_norm.v:105$2997.$result[7:0]$3416
    85/396: $4\sat8$func$rtl/streaming_norm.v:105$2997.$result[7:0]$3414
    86/396: $7\o[7:0]
    87/396: $5\sat8$func$rtl/streaming_norm.v:105$2996.$result[7:0]$3410
    88/396: $4\sat8$func$rtl/streaming_norm.v:105$2996.$result[7:0]$3408
    89/396: $6\o[7:0]
    90/396: $5\sat8$func$rtl/streaming_norm.v:105$2995.$result[7:0]$3404
    91/396: $4\sat8$func$rtl/streaming_norm.v:105$2995.$result[7:0]$3402
    92/396: $5\o[7:0]
    93/396: $5\sat8$func$rtl/streaming_norm.v:105$2994.$result[7:0]$3398
    94/396: $4\sat8$func$rtl/streaming_norm.v:105$2994.$result[7:0]$3396
    95/396: $4\o[7:0]
    96/396: $3\i[31:0]
    97/396: $3\sat8$func$rtl/streaming_norm.v:105$3009.$result[7:0]$3391
    98/396: $3\sat8$func$rtl/streaming_norm.v:105$3009.z[11:0]$3392
    99/396: $3\scaled[22:0]
   100/396: $3\o[7:0]
   101/396: $0\scaled_cache[127:0] [127:120]
   102/396: $0\scaled_cache[127:0] [119:112]
   103/396: $3\sat8$func$rtl/streaming_norm.v:105$3008.z[11:0]$3390
   104/396: $3\sat8$func$rtl/streaming_norm.v:105$3008.$result[7:0]$3389
   105/396: $0\scaled_cache[127:0] [111:104]
   106/396: $3\sat8$func$rtl/streaming_norm.v:105$3007.z[11:0]$3388
   107/396: $3\sat8$func$rtl/streaming_norm.v:105$3007.$result[7:0]$3387
   108/396: $0\scaled_cache[127:0] [103:96]
   109/396: $3\sat8$func$rtl/streaming_norm.v:105$3006.z[11:0]$3386
   110/396: $3\sat8$func$rtl/streaming_norm.v:105$3006.$result[7:0]$3385
   111/396: $0\scaled_cache[127:0] [95:88]
   112/396: $3\sat8$func$rtl/streaming_norm.v:105$3005.z[11:0]$3384
   113/396: $3\sat8$func$rtl/streaming_norm.v:105$3005.$result[7:0]$3383
   114/396: $0\scaled_cache[127:0] [87:80]
   115/396: $3\sat8$func$rtl/streaming_norm.v:105$3004.z[11:0]$3382
   116/396: $3\sat8$func$rtl/streaming_norm.v:105$3004.$result[7:0]$3381
   117/396: $0\scaled_cache[127:0] [79:72]
   118/396: $3\sat8$func$rtl/streaming_norm.v:105$3003.z[11:0]$3380
   119/396: $3\sat8$func$rtl/streaming_norm.v:105$3003.$result[7:0]$3379
   120/396: $0\scaled_cache[127:0] [71:64]
   121/396: $3\sat8$func$rtl/streaming_norm.v:105$3002.z[11:0]$3378
   122/396: $3\sat8$func$rtl/streaming_norm.v:105$3002.$result[7:0]$3377
   123/396: $0\scaled_cache[127:0] [63:56]
   124/396: $3\sat8$func$rtl/streaming_norm.v:105$3001.z[11:0]$3376
   125/396: $3\sat8$func$rtl/streaming_norm.v:105$3001.$result[7:0]$3375
   126/396: $0\scaled_cache[127:0] [55:48]
   127/396: $3\sat8$func$rtl/streaming_norm.v:105$3000.z[11:0]$3374
   128/396: $3\sat8$func$rtl/streaming_norm.v:105$3000.$result[7:0]$3373
   129/396: $0\scaled_cache[127:0] [47:40]
   130/396: $3\sat8$func$rtl/streaming_norm.v:105$2999.z[11:0]$3372
   131/396: $3\sat8$func$rtl/streaming_norm.v:105$2999.$result[7:0]$3371
   132/396: $0\scaled_cache[127:0] [39:32]
   133/396: $3\sat8$func$rtl/streaming_norm.v:105$2998.z[11:0]$3370
   134/396: $3\sat8$func$rtl/streaming_norm.v:105$2998.$result[7:0]$3369
   135/396: $0\scaled_cache[127:0] [31:24]
   136/396: $3\sat8$func$rtl/streaming_norm.v:105$2997.z[11:0]$3368
   137/396: $3\sat8$func$rtl/streaming_norm.v:105$2997.$result[7:0]$3367
   138/396: $0\scaled_cache[127:0] [23:16]
   139/396: $3\sat8$func$rtl/streaming_norm.v:105$2996.z[11:0]$3366
   140/396: $3\sat8$func$rtl/streaming_norm.v:105$2996.$result[7:0]$3365
   141/396: $0\scaled_cache[127:0] [15:8]
   142/396: $3\sat8$func$rtl/streaming_norm.v:105$2995.z[11:0]$3364
   143/396: $3\sat8$func$rtl/streaming_norm.v:105$2995.$result[7:0]$3363
   144/396: $0\scaled_cache[127:0] [7:0]
   145/396: $3\sat8$func$rtl/streaming_norm.v:105$2994.z[11:0]$3362
   146/396: $2\satadd8$func$rtl/streaming_norm.v:110$3025.z[8:0]$3316
   147/396: $2\satadd8$func$rtl/streaming_norm.v:110$3025.b[7:0]$3315
   148/396: $2\satadd8$func$rtl/streaming_norm.v:110$3025.a[7:0]$3314
   149/396: $2\satadd8$func$rtl/streaming_norm.v:110$3025.$result[7:0]$3313
   150/396: $2\satadd8$func$rtl/streaming_norm.v:110$3024.z[8:0]$3312
   151/396: $2\satadd8$func$rtl/streaming_norm.v:110$3024.b[7:0]$3311
   152/396: $2\satadd8$func$rtl/streaming_norm.v:110$3024.a[7:0]$3310
   153/396: $2\satadd8$func$rtl/streaming_norm.v:110$3024.$result[7:0]$3309
   154/396: $2\satadd8$func$rtl/streaming_norm.v:110$3023.z[8:0]$3308
   155/396: $2\satadd8$func$rtl/streaming_norm.v:110$3023.b[7:0]$3307
   156/396: $2\satadd8$func$rtl/streaming_norm.v:110$3023.a[7:0]$3306
   157/396: $2\satadd8$func$rtl/streaming_norm.v:110$3023.$result[7:0]$3305
   158/396: $2\satadd8$func$rtl/streaming_norm.v:110$3022.z[8:0]$3304
   159/396: $2\satadd8$func$rtl/streaming_norm.v:110$3022.b[7:0]$3303
   160/396: $2\satadd8$func$rtl/streaming_norm.v:110$3022.a[7:0]$3302
   161/396: $2\satadd8$func$rtl/streaming_norm.v:110$3022.$result[7:0]$3301
   162/396: $2\satadd8$func$rtl/streaming_norm.v:110$3021.z[8:0]$3300
   163/396: $2\satadd8$func$rtl/streaming_norm.v:110$3021.b[7:0]$3299
   164/396: $2\satadd8$func$rtl/streaming_norm.v:110$3021.a[7:0]$3298
   165/396: $2\satadd8$func$rtl/streaming_norm.v:110$3021.$result[7:0]$3297
   166/396: $2\satadd8$func$rtl/streaming_norm.v:110$3020.z[8:0]$3296
   167/396: $2\satadd8$func$rtl/streaming_norm.v:110$3020.b[7:0]$3295
   168/396: $2\satadd8$func$rtl/streaming_norm.v:110$3020.a[7:0]$3294
   169/396: $2\satadd8$func$rtl/streaming_norm.v:110$3020.$result[7:0]$3293
   170/396: $2\satadd8$func$rtl/streaming_norm.v:110$3019.z[8:0]$3292
   171/396: $2\satadd8$func$rtl/streaming_norm.v:110$3019.b[7:0]$3291
   172/396: $2\satadd8$func$rtl/streaming_norm.v:110$3019.a[7:0]$3290
   173/396: $2\satadd8$func$rtl/streaming_norm.v:110$3019.$result[7:0]$3289
   174/396: $2\satadd8$func$rtl/streaming_norm.v:110$3018.z[8:0]$3288
   175/396: $2\satadd8$func$rtl/streaming_norm.v:110$3018.b[7:0]$3287
   176/396: $2\satadd8$func$rtl/streaming_norm.v:110$3018.a[7:0]$3286
   177/396: $2\satadd8$func$rtl/streaming_norm.v:110$3018.$result[7:0]$3285
   178/396: $2\satadd8$func$rtl/streaming_norm.v:110$3017.z[8:0]$3284
   179/396: $2\satadd8$func$rtl/streaming_norm.v:110$3017.b[7:0]$3283
   180/396: $2\satadd8$func$rtl/streaming_norm.v:110$3017.a[7:0]$3282
   181/396: $2\satadd8$func$rtl/streaming_norm.v:110$3017.$result[7:0]$3281
   182/396: $2\satadd8$func$rtl/streaming_norm.v:110$3016.z[8:0]$3280
   183/396: $2\satadd8$func$rtl/streaming_norm.v:110$3016.b[7:0]$3279
   184/396: $2\satadd8$func$rtl/streaming_norm.v:110$3016.a[7:0]$3278
   185/396: $2\satadd8$func$rtl/streaming_norm.v:110$3016.$result[7:0]$3277
   186/396: $2\satadd8$func$rtl/streaming_norm.v:110$3015.z[8:0]$3276
   187/396: $2\satadd8$func$rtl/streaming_norm.v:110$3015.b[7:0]$3275
   188/396: $2\satadd8$func$rtl/streaming_norm.v:110$3015.a[7:0]$3274
   189/396: $2\satadd8$func$rtl/streaming_norm.v:110$3015.$result[7:0]$3273
   190/396: $2\satadd8$func$rtl/streaming_norm.v:110$3014.z[8:0]$3272
   191/396: $2\satadd8$func$rtl/streaming_norm.v:110$3014.b[7:0]$3271
   192/396: $2\satadd8$func$rtl/streaming_norm.v:110$3014.a[7:0]$3270
   193/396: $2\satadd8$func$rtl/streaming_norm.v:110$3014.$result[7:0]$3269
   194/396: $2\satadd8$func$rtl/streaming_norm.v:110$3013.z[8:0]$3268
   195/396: $2\satadd8$func$rtl/streaming_norm.v:110$3013.b[7:0]$3267
   196/396: $2\satadd8$func$rtl/streaming_norm.v:110$3013.a[7:0]$3266
   197/396: $2\satadd8$func$rtl/streaming_norm.v:110$3013.$result[7:0]$3265
   198/396: $2\satadd8$func$rtl/streaming_norm.v:110$3012.z[8:0]$3264
   199/396: $2\satadd8$func$rtl/streaming_norm.v:110$3012.b[7:0]$3263
   200/396: $2\satadd8$func$rtl/streaming_norm.v:110$3012.a[7:0]$3262
   201/396: $2\satadd8$func$rtl/streaming_norm.v:110$3012.$result[7:0]$3261
   202/396: $2\satadd8$func$rtl/streaming_norm.v:110$3011.z[8:0]$3260
   203/396: $2\satadd8$func$rtl/streaming_norm.v:110$3011.b[7:0]$3259
   204/396: $2\satadd8$func$rtl/streaming_norm.v:110$3011.a[7:0]$3258
   205/396: $2\satadd8$func$rtl/streaming_norm.v:110$3011.$result[7:0]$3257
   206/396: $2\satadd8$func$rtl/streaming_norm.v:110$3010.z[8:0]$3256
   207/396: $2\satadd8$func$rtl/streaming_norm.v:110$3010.b[7:0]$3255
   208/396: $2\satadd8$func$rtl/streaming_norm.v:110$3010.a[7:0]$3254
   209/396: $2\satadd8$func$rtl/streaming_norm.v:110$3010.$result[7:0]$3253
   210/396: $2\sat8$func$rtl/streaming_norm.v:105$3009.z[11:0]$3252
   211/396: $2\sat8$func$rtl/streaming_norm.v:105$3009.$result[7:0]$3251
   212/396: $2\sat8$func$rtl/streaming_norm.v:105$3008.z[11:0]$3250
   213/396: $2\sat8$func$rtl/streaming_norm.v:105$3008.$result[7:0]$3249
   214/396: $2\sat8$func$rtl/streaming_norm.v:105$3007.z[11:0]$3248
   215/396: $2\sat8$func$rtl/streaming_norm.v:105$3007.$result[7:0]$3247
   216/396: $2\sat8$func$rtl/streaming_norm.v:105$3006.z[11:0]$3246
   217/396: $2\sat8$func$rtl/streaming_norm.v:105$3006.$result[7:0]$3245
   218/396: $2\sat8$func$rtl/streaming_norm.v:105$3005.z[11:0]$3244
   219/396: $2\sat8$func$rtl/streaming_norm.v:105$3005.$result[7:0]$3243
   220/396: $2\sat8$func$rtl/streaming_norm.v:105$3004.z[11:0]$3242
   221/396: $2\sat8$func$rtl/streaming_norm.v:105$3004.$result[7:0]$3241
   222/396: $2\sat8$func$rtl/streaming_norm.v:105$3003.z[11:0]$3240
   223/396: $2\sat8$func$rtl/streaming_norm.v:105$3003.$result[7:0]$3239
   224/396: $2\sat8$func$rtl/streaming_norm.v:105$3002.z[11:0]$3238
   225/396: $2\sat8$func$rtl/streaming_norm.v:105$3002.$result[7:0]$3237
   226/396: $2\sat8$func$rtl/streaming_norm.v:105$3001.z[11:0]$3236
   227/396: $2\sat8$func$rtl/streaming_norm.v:105$3001.$result[7:0]$3235
   228/396: $2\sat8$func$rtl/streaming_norm.v:105$3000.z[11:0]$3234
   229/396: $2\sat8$func$rtl/streaming_norm.v:105$3000.$result[7:0]$3233
   230/396: $2\sat8$func$rtl/streaming_norm.v:105$2999.z[11:0]$3232
   231/396: $2\sat8$func$rtl/streaming_norm.v:105$2999.$result[7:0]$3231
   232/396: $2\sat8$func$rtl/streaming_norm.v:105$2998.z[11:0]$3230
   233/396: $2\sat8$func$rtl/streaming_norm.v:105$2998.$result[7:0]$3229
   234/396: $2\sat8$func$rtl/streaming_norm.v:105$2997.z[11:0]$3228
   235/396: $2\sat8$func$rtl/streaming_norm.v:105$2997.$result[7:0]$3227
   236/396: $2\sat8$func$rtl/streaming_norm.v:105$2996.z[11:0]$3226
   237/396: $2\sat8$func$rtl/streaming_norm.v:105$2996.$result[7:0]$3225
   238/396: $2\sat8$func$rtl/streaming_norm.v:105$2995.z[11:0]$3224
   239/396: $2\sat8$func$rtl/streaming_norm.v:105$2995.$result[7:0]$3223
   240/396: $2\sat8$func$rtl/streaming_norm.v:105$2994.z[11:0]$3222
   241/396: $2\sat8$func$rtl/streaming_norm.v:105$2994.$result[7:0]$3221
   242/396: $2\scaled[22:0]
   243/396: $2\next_y[22:0]
   244/396: $2\xy2[22:0]
   245/396: $2\o[7:0]
   246/396: $2\i[31:0]
   247/396: $1\satadd8$func$rtl/streaming_norm.v:110$3025.z[8:0]$3220
   248/396: $1\satadd8$func$rtl/streaming_norm.v:110$3025.b[7:0]$3219
   249/396: $1\satadd8$func$rtl/streaming_norm.v:110$3025.a[7:0]$3218
   250/396: $1\satadd8$func$rtl/streaming_norm.v:110$3025.$result[7:0]$3217
   251/396: $1\satadd8$func$rtl/streaming_norm.v:110$3024.z[8:0]$3216
   252/396: $1\satadd8$func$rtl/streaming_norm.v:110$3024.b[7:0]$3215
   253/396: $1\satadd8$func$rtl/streaming_norm.v:110$3024.a[7:0]$3214
   254/396: $1\satadd8$func$rtl/streaming_norm.v:110$3024.$result[7:0]$3213
   255/396: $1\satadd8$func$rtl/streaming_norm.v:110$3023.z[8:0]$3212
   256/396: $1\satadd8$func$rtl/streaming_norm.v:110$3023.b[7:0]$3211
   257/396: $1\satadd8$func$rtl/streaming_norm.v:110$3023.a[7:0]$3210
   258/396: $1\satadd8$func$rtl/streaming_norm.v:110$3023.$result[7:0]$3209
   259/396: $1\satadd8$func$rtl/streaming_norm.v:110$3022.z[8:0]$3208
   260/396: $1\satadd8$func$rtl/streaming_norm.v:110$3022.b[7:0]$3207
   261/396: $1\satadd8$func$rtl/streaming_norm.v:110$3022.a[7:0]$3206
   262/396: $1\satadd8$func$rtl/streaming_norm.v:110$3022.$result[7:0]$3205
   263/396: $1\satadd8$func$rtl/streaming_norm.v:110$3021.z[8:0]$3204
   264/396: $1\satadd8$func$rtl/streaming_norm.v:110$3021.b[7:0]$3203
   265/396: $1\satadd8$func$rtl/streaming_norm.v:110$3021.a[7:0]$3202
   266/396: $1\satadd8$func$rtl/streaming_norm.v:110$3021.$result[7:0]$3201
   267/396: $1\satadd8$func$rtl/streaming_norm.v:110$3020.z[8:0]$3200
   268/396: $1\satadd8$func$rtl/streaming_norm.v:110$3020.b[7:0]$3199
   269/396: $1\satadd8$func$rtl/streaming_norm.v:110$3020.a[7:0]$3198
   270/396: $1\satadd8$func$rtl/streaming_norm.v:110$3020.$result[7:0]$3197
   271/396: $1\satadd8$func$rtl/streaming_norm.v:110$3019.z[8:0]$3196
   272/396: $1\satadd8$func$rtl/streaming_norm.v:110$3019.b[7:0]$3195
   273/396: $1\satadd8$func$rtl/streaming_norm.v:110$3019.a[7:0]$3194
   274/396: $1\satadd8$func$rtl/streaming_norm.v:110$3019.$result[7:0]$3193
   275/396: $1\satadd8$func$rtl/streaming_norm.v:110$3018.z[8:0]$3192
   276/396: $1\satadd8$func$rtl/streaming_norm.v:110$3018.b[7:0]$3191
   277/396: $1\satadd8$func$rtl/streaming_norm.v:110$3018.a[7:0]$3190
   278/396: $1\satadd8$func$rtl/streaming_norm.v:110$3018.$result[7:0]$3189
   279/396: $1\satadd8$func$rtl/streaming_norm.v:110$3017.z[8:0]$3188
   280/396: $1\satadd8$func$rtl/streaming_norm.v:110$3017.b[7:0]$3187
   281/396: $1\satadd8$func$rtl/streaming_norm.v:110$3017.a[7:0]$3186
   282/396: $1\satadd8$func$rtl/streaming_norm.v:110$3017.$result[7:0]$3185
   283/396: $1\satadd8$func$rtl/streaming_norm.v:110$3016.z[8:0]$3184
   284/396: $1\satadd8$func$rtl/streaming_norm.v:110$3016.b[7:0]$3183
   285/396: $1\satadd8$func$rtl/streaming_norm.v:110$3016.a[7:0]$3182
   286/396: $1\satadd8$func$rtl/streaming_norm.v:110$3016.$result[7:0]$3181
   287/396: $1\satadd8$func$rtl/streaming_norm.v:110$3015.z[8:0]$3180
   288/396: $1\satadd8$func$rtl/streaming_norm.v:110$3015.b[7:0]$3179
   289/396: $1\satadd8$func$rtl/streaming_norm.v:110$3015.a[7:0]$3178
   290/396: $1\satadd8$func$rtl/streaming_norm.v:110$3015.$result[7:0]$3177
   291/396: $1\satadd8$func$rtl/streaming_norm.v:110$3014.z[8:0]$3176
   292/396: $1\satadd8$func$rtl/streaming_norm.v:110$3014.b[7:0]$3175
   293/396: $1\satadd8$func$rtl/streaming_norm.v:110$3014.a[7:0]$3174
   294/396: $1\satadd8$func$rtl/streaming_norm.v:110$3014.$result[7:0]$3173
   295/396: $1\satadd8$func$rtl/streaming_norm.v:110$3013.z[8:0]$3172
   296/396: $1\satadd8$func$rtl/streaming_norm.v:110$3013.b[7:0]$3171
   297/396: $1\satadd8$func$rtl/streaming_norm.v:110$3013.a[7:0]$3170
   298/396: $1\satadd8$func$rtl/streaming_norm.v:110$3013.$result[7:0]$3169
   299/396: $1\satadd8$func$rtl/streaming_norm.v:110$3012.z[8:0]$3168
   300/396: $1\satadd8$func$rtl/streaming_norm.v:110$3012.b[7:0]$3167
   301/396: $1\satadd8$func$rtl/streaming_norm.v:110$3012.a[7:0]$3166
   302/396: $1\satadd8$func$rtl/streaming_norm.v:110$3012.$result[7:0]$3165
   303/396: $1\satadd8$func$rtl/streaming_norm.v:110$3011.z[8:0]$3164
   304/396: $1\satadd8$func$rtl/streaming_norm.v:110$3011.b[7:0]$3163
   305/396: $1\satadd8$func$rtl/streaming_norm.v:110$3011.a[7:0]$3162
   306/396: $1\satadd8$func$rtl/streaming_norm.v:110$3011.$result[7:0]$3161
   307/396: $1\satadd8$func$rtl/streaming_norm.v:110$3010.z[8:0]$3160
   308/396: $1\satadd8$func$rtl/streaming_norm.v:110$3010.b[7:0]$3159
   309/396: $1\satadd8$func$rtl/streaming_norm.v:110$3010.a[7:0]$3158
   310/396: $1\satadd8$func$rtl/streaming_norm.v:110$3010.$result[7:0]$3157
   311/396: $1\sat8$func$rtl/streaming_norm.v:105$3009.z[11:0]$3156
   312/396: $1\sat8$func$rtl/streaming_norm.v:105$3009.$result[7:0]$3155
   313/396: $1\sat8$func$rtl/streaming_norm.v:105$3008.z[11:0]$3154
   314/396: $1\sat8$func$rtl/streaming_norm.v:105$3008.$result[7:0]$3153
   315/396: $1\sat8$func$rtl/streaming_norm.v:105$3007.z[11:0]$3152
   316/396: $1\sat8$func$rtl/streaming_norm.v:105$3007.$result[7:0]$3151
   317/396: $1\sat8$func$rtl/streaming_norm.v:105$3006.z[11:0]$3150
   318/396: $1\sat8$func$rtl/streaming_norm.v:105$3006.$result[7:0]$3149
   319/396: $1\sat8$func$rtl/streaming_norm.v:105$3005.z[11:0]$3148
   320/396: $1\sat8$func$rtl/streaming_norm.v:105$3005.$result[7:0]$3147
   321/396: $1\sat8$func$rtl/streaming_norm.v:105$3004.z[11:0]$3146
   322/396: $1\sat8$func$rtl/streaming_norm.v:105$3004.$result[7:0]$3145
   323/396: $1\sat8$func$rtl/streaming_norm.v:105$3003.z[11:0]$3144
   324/396: $1\sat8$func$rtl/streaming_norm.v:105$3003.$result[7:0]$3143
   325/396: $1\sat8$func$rtl/streaming_norm.v:105$3002.z[11:0]$3142
   326/396: $1\sat8$func$rtl/streaming_norm.v:105$3002.$result[7:0]$3141
   327/396: $1\sat8$func$rtl/streaming_norm.v:105$3001.z[11:0]$3140
   328/396: $1\sat8$func$rtl/streaming_norm.v:105$3001.$result[7:0]$3139
   329/396: $1\sat8$func$rtl/streaming_norm.v:105$3000.z[11:0]$3138
   330/396: $1\sat8$func$rtl/streaming_norm.v:105$3000.$result[7:0]$3137
   331/396: $1\sat8$func$rtl/streaming_norm.v:105$2999.z[11:0]$3136
   332/396: $1\sat8$func$rtl/streaming_norm.v:105$2999.$result[7:0]$3135
   333/396: $1\sat8$func$rtl/streaming_norm.v:105$2998.z[11:0]$3134
   334/396: $1\sat8$func$rtl/streaming_norm.v:105$2998.$result[7:0]$3133
   335/396: $1\sat8$func$rtl/streaming_norm.v:105$2997.z[11:0]$3132
   336/396: $1\sat8$func$rtl/streaming_norm.v:105$2997.$result[7:0]$3131
   337/396: $1\sat8$func$rtl/streaming_norm.v:105$2996.z[11:0]$3130
   338/396: $1\sat8$func$rtl/streaming_norm.v:105$2996.$result[7:0]$3129
   339/396: $1\sat8$func$rtl/streaming_norm.v:105$2995.z[11:0]$3128
   340/396: $1\sat8$func$rtl/streaming_norm.v:105$2995.$result[7:0]$3127
   341/396: $1\sat8$func$rtl/streaming_norm.v:105$2994.z[11:0]$3126
   342/396: $1\sat8$func$rtl/streaming_norm.v:105$2994.$result[7:0]$3125
   343/396: $1\scaled[22:0]
   344/396: $1\next_y[22:0]
   345/396: $1\xy2[22:0]
   346/396: $1\o[7:0]
   347/396: $1\i[31:0]
   348/396: $0\done[0:0]
   349/396: $0\scale_r[15][8:0]
   350/396: $0\scale_r[14][8:0]
   351/396: $0\scale_r[13][8:0]
   352/396: $0\scale_r[12][8:0]
   353/396: $0\scale_r[11][8:0]
   354/396: $0\scale_r[10][8:0]
   355/396: $0\scale_r[9][8:0]
   356/396: $0\scale_r[8][8:0]
   357/396: $0\scale_r[7][8:0]
   358/396: $0\scale_r[6][8:0]
   359/396: $0\scale_r[5][8:0]
   360/396: $0\scale_r[4][8:0]
   361/396: $0\scale_r[3][8:0]
   362/396: $0\scale_r[2][8:0]
   363/396: $0\scale_r[1][8:0]
   364/396: $0\scale_r[0][8:0]
   365/396: $0\nr_hi_q[15:0]
   366/396: $0\nr_lo_q[16:0]
   367/396: $0\xy_hi_q[15:0]
   368/396: $0\xy_lo_q[15:0]
   369/396: $0\factor_q[13:0]
   370/396: $0\half1[17:0]
   371/396: $0\half0[17:0]
   372/396: $0\pair3[16:0]
   373/396: $0\pair2[16:0]
   374/396: $0\pair1[16:0]
   375/396: $0\pair0[16:0]
   376/396: $0\sq7[15:0]
   377/396: $0\sq6[15:0]
   378/396: $0\sq5[15:0]
   379/396: $0\sq4[15:0]
   380/396: $0\sq3[15:0]
   381/396: $0\sq2[15:0]
   382/396: $0\sq1[15:0]
   383/396: $0\sq0[15:0]
   384/396: $3\sat8$func$rtl/streaming_norm.v:105$2994.$result[7:0]$3361
   385/396: $0\x_cache[127:0]
   386/396: $5\sat8$func$rtl/streaming_norm.v:105$3009.$result[7:0]$3488
   387/396: $0\o_hi[63:0]
   388/396: $0\o_lo[63:0]
   389/396: $0\y2[8:0]
   390/396: $0\r[8:0]
   391/396: $0\mean[13:0]
   392/396: $0\sumsq[20:0]
   393/396: $0\nr[2:0]
   394/396: $0\beat[2:0]
   395/396: $0\word[3:0]
   396/396: $0\st[20:0]
Creating decoders for process `\streaming_norm.$proc$rtl/streaming_norm.v:31$3026'.
     1/6: $1\ivec_rd_addr[3:0]
     2/6: $1\ivec_rd_en[0:0]
     3/6: $1\act_wr_addr[8:0]
     4/6: $1\act_wr_en[0:0]
     5/6: $1\act_rd_addr[8:0]
     6/6: $1\act_rd_en[0:0]
Creating decoders for process `\state_stream_controller.$proc$rtl/state_stream_controller.v:86$1128'.
     1/1246: $8\i[31:0]
     2/1246: $5\rq8$func$rtl/state_stream_controller.v:157$1080.$result[7:0]$2988
     3/1246: $4\rq8$func$rtl/state_stream_controller.v:157$1080.$result[7:0]$2986
     4/1246: $5\rq8$func$rtl/state_stream_controller.v:157$1079.$result[7:0]$2983
     5/1246: $4\rq8$func$rtl/state_stream_controller.v:157$1079.$result[7:0]$2981
     6/1246: $5\rq8$func$rtl/state_stream_controller.v:157$1078.$result[7:0]$2978
     7/1246: $4\rq8$func$rtl/state_stream_controller.v:157$1078.$result[7:0]$2976
     8/1246: $5\rq8$func$rtl/state_stream_controller.v:157$1077.$result[7:0]$2973
     9/1246: $4\rq8$func$rtl/state_stream_controller.v:157$1077.$result[7:0]$2971
    10/1246: $5\rq8$func$rtl/state_stream_controller.v:157$1076.$result[7:0]$2968
    11/1246: $4\rq8$func$rtl/state_stream_controller.v:157$1076.$result[7:0]$2966
    12/1246: $5\rq8$func$rtl/state_stream_controller.v:157$1075.$result[7:0]$2963
    13/1246: $4\rq8$func$rtl/state_stream_controller.v:157$1075.$result[7:0]$2961
    14/1246: $5\rq8$func$rtl/state_stream_controller.v:157$1074.$result[7:0]$2958
    15/1246: $4\rq8$func$rtl/state_stream_controller.v:157$1074.$result[7:0]$2956
    16/1246: $5\rq8$func$rtl/state_stream_controller.v:157$1073.$result[7:0]$2953
    17/1246: $4\rq8$func$rtl/state_stream_controller.v:157$1073.$result[7:0]$2951
    18/1246: $5\rq8$func$rtl/state_stream_controller.v:157$1072.$result[7:0]$2948
    19/1246: $4\rq8$func$rtl/state_stream_controller.v:157$1072.$result[7:0]$2946
    20/1246: $5\rq8$func$rtl/state_stream_controller.v:157$1071.$result[7:0]$2943
    21/1246: $4\rq8$func$rtl/state_stream_controller.v:157$1071.$result[7:0]$2941
    22/1246: $5\rq8$func$rtl/state_stream_controller.v:157$1070.$result[7:0]$2938
    23/1246: $4\rq8$func$rtl/state_stream_controller.v:157$1070.$result[7:0]$2936
    24/1246: $5\rq8$func$rtl/state_stream_controller.v:157$1069.$result[7:0]$2933
    25/1246: $4\rq8$func$rtl/state_stream_controller.v:157$1069.$result[7:0]$2931
    26/1246: $5\rq8$func$rtl/state_stream_controller.v:157$1068.$result[7:0]$2928
    27/1246: $4\rq8$func$rtl/state_stream_controller.v:157$1068.$result[7:0]$2926
    28/1246: $5\rq8$func$rtl/state_stream_controller.v:157$1067.$result[7:0]$2923
    29/1246: $4\rq8$func$rtl/state_stream_controller.v:157$1067.$result[7:0]$2921
    30/1246: $5\rq8$func$rtl/state_stream_controller.v:157$1066.$result[7:0]$2918
    31/1246: $4\rq8$func$rtl/state_stream_controller.v:157$1066.$result[7:0]$2916
    32/1246: $5\rq8$func$rtl/state_stream_controller.v:157$1065.$result[7:0]$2913
    33/1246: $4\rq8$func$rtl/state_stream_controller.v:157$1065.$result[7:0]$2911
    34/1246: $5\rq8$func$rtl/state_stream_controller.v:156$1064.$result[7:0]$2908
    35/1246: $4\rq8$func$rtl/state_stream_controller.v:156$1064.$result[7:0]$2906
    36/1246: $5\rq8$func$rtl/state_stream_controller.v:156$1063.$result[7:0]$2903
    37/1246: $4\rq8$func$rtl/state_stream_controller.v:156$1063.$result[7:0]$2901
    38/1246: $5\rq8$func$rtl/state_stream_controller.v:156$1062.$result[7:0]$2898
    39/1246: $4\rq8$func$rtl/state_stream_controller.v:156$1062.$result[7:0]$2896
    40/1246: $5\rq8$func$rtl/state_stream_controller.v:156$1061.$result[7:0]$2893
    41/1246: $4\rq8$func$rtl/state_stream_controller.v:156$1061.$result[7:0]$2891
    42/1246: $5\rq8$func$rtl/state_stream_controller.v:156$1060.$result[7:0]$2888
    43/1246: $4\rq8$func$rtl/state_stream_controller.v:156$1060.$result[7:0]$2886
    44/1246: $5\rq8$func$rtl/state_stream_controller.v:156$1059.$result[7:0]$2883
    45/1246: $4\rq8$func$rtl/state_stream_controller.v:156$1059.$result[7:0]$2881
    46/1246: $5\rq8$func$rtl/state_stream_controller.v:156$1058.$result[7:0]$2878
    47/1246: $4\rq8$func$rtl/state_stream_controller.v:156$1058.$result[7:0]$2876
    48/1246: $5\rq8$func$rtl/state_stream_controller.v:156$1057.$result[7:0]$2873
    49/1246: $4\rq8$func$rtl/state_stream_controller.v:156$1057.$result[7:0]$2871
    50/1246: $5\rq8$func$rtl/state_stream_controller.v:156$1056.$result[7:0]$2868
    51/1246: $4\rq8$func$rtl/state_stream_controller.v:156$1056.$result[7:0]$2866
    52/1246: $5\rq8$func$rtl/state_stream_controller.v:156$1055.$result[7:0]$2863
    53/1246: $4\rq8$func$rtl/state_stream_controller.v:156$1055.$result[7:0]$2861
    54/1246: $5\rq8$func$rtl/state_stream_controller.v:156$1054.$result[7:0]$2858
    55/1246: $4\rq8$func$rtl/state_stream_controller.v:156$1054.$result[7:0]$2856
    56/1246: $5\rq8$func$rtl/state_stream_controller.v:156$1053.$result[7:0]$2853
    57/1246: $4\rq8$func$rtl/state_stream_controller.v:156$1053.$result[7:0]$2851
    58/1246: $5\rq8$func$rtl/state_stream_controller.v:156$1052.$result[7:0]$2848
    59/1246: $4\rq8$func$rtl/state_stream_controller.v:156$1052.$result[7:0]$2846
    60/1246: $5\rq8$func$rtl/state_stream_controller.v:156$1051.$result[7:0]$2843
    61/1246: $4\rq8$func$rtl/state_stream_controller.v:156$1051.$result[7:0]$2841
    62/1246: $5\rq8$func$rtl/state_stream_controller.v:156$1050.$result[7:0]$2838
    63/1246: $4\rq8$func$rtl/state_stream_controller.v:156$1050.$result[7:0]$2836
    64/1246: $5\rq8$func$rtl/state_stream_controller.v:156$1049.$result[7:0]$2833
    65/1246: $4\rq8$func$rtl/state_stream_controller.v:156$1049.$result[7:0]$2831
    66/1246: $7\i[31:0]
    67/1246: $3\rq8$func$rtl/state_stream_controller.v:156$1064.$result[7:0]$2778
    68/1246: $3\rq8$func$rtl/state_stream_controller.v:156$1064.x[14:0]$2780
    69/1246: $3\rq8$func$rtl/state_stream_controller.v:156$1064.a[23:0]$2779
    70/1246: $3\rq8$func$rtl/state_stream_controller.v:156$1063.$result[7:0]$2775
    71/1246: $3\rq8$func$rtl/state_stream_controller.v:156$1063.x[14:0]$2777
    72/1246: $3\rq8$func$rtl/state_stream_controller.v:156$1063.a[23:0]$2776
    73/1246: $3\rq8$func$rtl/state_stream_controller.v:156$1062.$result[7:0]$2772
    74/1246: $3\rq8$func$rtl/state_stream_controller.v:156$1062.x[14:0]$2774
    75/1246: $3\rq8$func$rtl/state_stream_controller.v:156$1062.a[23:0]$2773
    76/1246: $3\rq8$func$rtl/state_stream_controller.v:156$1061.$result[7:0]$2769
    77/1246: $3\rq8$func$rtl/state_stream_controller.v:156$1061.x[14:0]$2771
    78/1246: $3\rq8$func$rtl/state_stream_controller.v:156$1061.a[23:0]$2770
    79/1246: $3\rq8$func$rtl/state_stream_controller.v:156$1060.$result[7:0]$2766
    80/1246: $3\rq8$func$rtl/state_stream_controller.v:156$1060.x[14:0]$2768
    81/1246: $3\rq8$func$rtl/state_stream_controller.v:156$1060.a[23:0]$2767
    82/1246: $3\rq8$func$rtl/state_stream_controller.v:156$1059.$result[7:0]$2763
    83/1246: $3\rq8$func$rtl/state_stream_controller.v:156$1059.x[14:0]$2765
    84/1246: $3\rq8$func$rtl/state_stream_controller.v:156$1059.a[23:0]$2764
    85/1246: $3\rq8$func$rtl/state_stream_controller.v:156$1058.$result[7:0]$2760
    86/1246: $3\rq8$func$rtl/state_stream_controller.v:156$1058.x[14:0]$2762
    87/1246: $3\rq8$func$rtl/state_stream_controller.v:156$1058.a[23:0]$2761
    88/1246: $3\rq8$func$rtl/state_stream_controller.v:156$1057.$result[7:0]$2757
    89/1246: $3\rq8$func$rtl/state_stream_controller.v:156$1057.x[14:0]$2759
    90/1246: $3\rq8$func$rtl/state_stream_controller.v:156$1057.a[23:0]$2758
    91/1246: $3\rq8$func$rtl/state_stream_controller.v:156$1056.$result[7:0]$2754
    92/1246: $3\rq8$func$rtl/state_stream_controller.v:156$1056.x[14:0]$2756
    93/1246: $3\rq8$func$rtl/state_stream_controller.v:156$1056.a[23:0]$2755
    94/1246: $3\rq8$func$rtl/state_stream_controller.v:156$1055.$result[7:0]$2751
    95/1246: $3\rq8$func$rtl/state_stream_controller.v:156$1055.x[14:0]$2753
    96/1246: $3\rq8$func$rtl/state_stream_controller.v:156$1055.a[23:0]$2752
    97/1246: $3\rq8$func$rtl/state_stream_controller.v:156$1054.$result[7:0]$2748
    98/1246: $3\rq8$func$rtl/state_stream_controller.v:156$1054.x[14:0]$2750
    99/1246: $3\rq8$func$rtl/state_stream_controller.v:156$1054.a[23:0]$2749
   100/1246: $3\rq8$func$rtl/state_stream_controller.v:156$1053.$result[7:0]$2745
   101/1246: $3\rq8$func$rtl/state_stream_controller.v:156$1053.x[14:0]$2747
   102/1246: $3\rq8$func$rtl/state_stream_controller.v:156$1053.a[23:0]$2746
   103/1246: $3\rq8$func$rtl/state_stream_controller.v:156$1052.$result[7:0]$2742
   104/1246: $3\rq8$func$rtl/state_stream_controller.v:156$1052.x[14:0]$2744
   105/1246: $3\rq8$func$rtl/state_stream_controller.v:156$1052.a[23:0]$2743
   106/1246: $3\rq8$func$rtl/state_stream_controller.v:156$1051.$result[7:0]$2739
   107/1246: $3\rq8$func$rtl/state_stream_controller.v:156$1051.x[14:0]$2741
   108/1246: $3\rq8$func$rtl/state_stream_controller.v:156$1051.a[23:0]$2740
   109/1246: $3\rq8$func$rtl/state_stream_controller.v:156$1050.$result[7:0]$2736
   110/1246: $3\rq8$func$rtl/state_stream_controller.v:156$1050.x[14:0]$2738
   111/1246: $3\rq8$func$rtl/state_stream_controller.v:156$1050.a[23:0]$2737
   112/1246: $3\rq8$func$rtl/state_stream_controller.v:156$1049.$result[7:0]$2733
   113/1246: $3\rq8$func$rtl/state_stream_controller.v:156$1049.x[14:0]$2735
   114/1246: $3\rq8$func$rtl/state_stream_controller.v:156$1049.a[23:0]$2734
   115/1246: $3\rq8$func$rtl/state_stream_controller.v:157$1080.x[14:0]$2828
   116/1246: $3\rq8$func$rtl/state_stream_controller.v:157$1080.a[23:0]$2827
   117/1246: $3\rq8$func$rtl/state_stream_controller.v:157$1080.$result[7:0]$2826
   118/1246: $3\rq8$func$rtl/state_stream_controller.v:157$1079.x[14:0]$2825
   119/1246: $3\rq8$func$rtl/state_stream_controller.v:157$1079.a[23:0]$2824
   120/1246: $3\rq8$func$rtl/state_stream_controller.v:157$1079.$result[7:0]$2823
   121/1246: $3\rq8$func$rtl/state_stream_controller.v:157$1078.x[14:0]$2822
   122/1246: $3\rq8$func$rtl/state_stream_controller.v:157$1078.a[23:0]$2821
   123/1246: $3\rq8$func$rtl/state_stream_controller.v:157$1078.$result[7:0]$2820
   124/1246: $3\rq8$func$rtl/state_stream_controller.v:157$1077.x[14:0]$2819
   125/1246: $3\rq8$func$rtl/state_stream_controller.v:157$1077.a[23:0]$2818
   126/1246: $3\rq8$func$rtl/state_stream_controller.v:157$1077.$result[7:0]$2817
   127/1246: $3\rq8$func$rtl/state_stream_controller.v:157$1076.x[14:0]$2816
   128/1246: $3\rq8$func$rtl/state_stream_controller.v:157$1076.a[23:0]$2815
   129/1246: $3\rq8$func$rtl/state_stream_controller.v:157$1076.$result[7:0]$2814
   130/1246: $3\rq8$func$rtl/state_stream_controller.v:157$1075.x[14:0]$2813
   131/1246: $3\rq8$func$rtl/state_stream_controller.v:157$1075.a[23:0]$2812
   132/1246: $3\rq8$func$rtl/state_stream_controller.v:157$1075.$result[7:0]$2811
   133/1246: $3\rq8$func$rtl/state_stream_controller.v:157$1074.x[14:0]$2810
   134/1246: $3\rq8$func$rtl/state_stream_controller.v:157$1074.a[23:0]$2809
   135/1246: $3\rq8$func$rtl/state_stream_controller.v:157$1074.$result[7:0]$2808
   136/1246: $3\rq8$func$rtl/state_stream_controller.v:157$1073.x[14:0]$2807
   137/1246: $3\rq8$func$rtl/state_stream_controller.v:157$1073.a[23:0]$2806
   138/1246: $3\rq8$func$rtl/state_stream_controller.v:157$1073.$result[7:0]$2805
   139/1246: $3\rq8$func$rtl/state_stream_controller.v:157$1072.x[14:0]$2804
   140/1246: $3\rq8$func$rtl/state_stream_controller.v:157$1072.a[23:0]$2803
   141/1246: $3\rq8$func$rtl/state_stream_controller.v:157$1072.$result[7:0]$2802
   142/1246: $3\rq8$func$rtl/state_stream_controller.v:157$1071.x[14:0]$2801
   143/1246: $3\rq8$func$rtl/state_stream_controller.v:157$1071.a[23:0]$2800
   144/1246: $3\rq8$func$rtl/state_stream_controller.v:157$1071.$result[7:0]$2799
   145/1246: $3\rq8$func$rtl/state_stream_controller.v:157$1070.x[14:0]$2798
   146/1246: $3\rq8$func$rtl/state_stream_controller.v:157$1070.a[23:0]$2797
   147/1246: $3\rq8$func$rtl/state_stream_controller.v:157$1070.$result[7:0]$2796
   148/1246: $3\rq8$func$rtl/state_stream_controller.v:157$1069.x[14:0]$2795
   149/1246: $3\rq8$func$rtl/state_stream_controller.v:157$1069.a[23:0]$2794
   150/1246: $3\rq8$func$rtl/state_stream_controller.v:157$1069.$result[7:0]$2793
   151/1246: $3\rq8$func$rtl/state_stream_controller.v:157$1068.x[14:0]$2792
   152/1246: $3\rq8$func$rtl/state_stream_controller.v:157$1068.a[23:0]$2791
   153/1246: $3\rq8$func$rtl/state_stream_controller.v:157$1068.$result[7:0]$2790
   154/1246: $3\rq8$func$rtl/state_stream_controller.v:157$1067.x[14:0]$2789
   155/1246: $3\rq8$func$rtl/state_stream_controller.v:157$1067.a[23:0]$2788
   156/1246: $3\rq8$func$rtl/state_stream_controller.v:157$1067.$result[7:0]$2787
   157/1246: $3\rq8$func$rtl/state_stream_controller.v:157$1066.x[14:0]$2786
   158/1246: $3\rq8$func$rtl/state_stream_controller.v:157$1066.a[23:0]$2785
   159/1246: $3\rq8$func$rtl/state_stream_controller.v:157$1066.$result[7:0]$2784
   160/1246: $3\rq8$func$rtl/state_stream_controller.v:157$1065.x[14:0]$2783
   161/1246: $3\rq8$func$rtl/state_stream_controller.v:157$1065.a[23:0]$2782
   162/1246: $3\rq8$func$rtl/state_stream_controller.v:157$1065.$result[7:0]$2781
   163/1246: $0\state_build[255:0] [255:192]
   164/1246: $0\diff_cache[255:0] [127:0]
   165/1246: $5\make_diff8$func$rtl/state_stream_controller.v:129$1048.$result[7:0]$2693
   166/1246: $4\make_diff8$func$rtl/state_stream_controller.v:129$1048.$result[7:0]$2691
   167/1246: $5\make_diff8$func$rtl/state_stream_controller.v:129$1047.$result[7:0]$2688
   168/1246: $4\make_diff8$func$rtl/state_stream_controller.v:129$1047.$result[7:0]$2686
   169/1246: $5\make_diff8$func$rtl/state_stream_controller.v:129$1046.$result[7:0]$2683
   170/1246: $4\make_diff8$func$rtl/state_stream_controller.v:129$1046.$result[7:0]$2681
   171/1246: $5\make_diff8$func$rtl/state_stream_controller.v:129$1045.$result[7:0]$2678
   172/1246: $4\make_diff8$func$rtl/state_stream_controller.v:129$1045.$result[7:0]$2676
   173/1246: $5\make_diff8$func$rtl/state_stream_controller.v:129$1044.$result[7:0]$2673
   174/1246: $4\make_diff8$func$rtl/state_stream_controller.v:129$1044.$result[7:0]$2671
   175/1246: $5\make_diff8$func$rtl/state_stream_controller.v:129$1043.$result[7:0]$2668
   176/1246: $4\make_diff8$func$rtl/state_stream_controller.v:129$1043.$result[7:0]$2666
   177/1246: $5\make_diff8$func$rtl/state_stream_controller.v:129$1042.$result[7:0]$2663
   178/1246: $4\make_diff8$func$rtl/state_stream_controller.v:129$1042.$result[7:0]$2661
   179/1246: $5\make_diff8$func$rtl/state_stream_controller.v:129$1041.$result[7:0]$2658
   180/1246: $4\make_diff8$func$rtl/state_stream_controller.v:129$1041.$result[7:0]$2656
   181/1246: $5\make_diff8$func$rtl/state_stream_controller.v:129$1040.$result[7:0]$2653
   182/1246: $4\make_diff8$func$rtl/state_stream_controller.v:129$1040.$result[7:0]$2651
   183/1246: $5\make_diff8$func$rtl/state_stream_controller.v:129$1039.$result[7:0]$2648
   184/1246: $4\make_diff8$func$rtl/state_stream_controller.v:129$1039.$result[7:0]$2646
   185/1246: $5\make_diff8$func$rtl/state_stream_controller.v:129$1038.$result[7:0]$2643
   186/1246: $4\make_diff8$func$rtl/state_stream_controller.v:129$1038.$result[7:0]$2641
   187/1246: $5\make_diff8$func$rtl/state_stream_controller.v:129$1037.$result[7:0]$2638
   188/1246: $4\make_diff8$func$rtl/state_stream_controller.v:129$1037.$result[7:0]$2636
   189/1246: $5\make_diff8$func$rtl/state_stream_controller.v:129$1036.$result[7:0]$2633
   190/1246: $4\make_diff8$func$rtl/state_stream_controller.v:129$1036.$result[7:0]$2631
   191/1246: $5\make_diff8$func$rtl/state_stream_controller.v:129$1035.$result[7:0]$2628
   192/1246: $4\make_diff8$func$rtl/state_stream_controller.v:129$1035.$result[7:0]$2626
   193/1246: $5\make_diff8$func$rtl/state_stream_controller.v:129$1034.$result[7:0]$2623
   194/1246: $4\make_diff8$func$rtl/state_stream_controller.v:129$1034.$result[7:0]$2621
   195/1246: $5\make_diff8$func$rtl/state_stream_controller.v:129$1033.$result[7:0]$2618
   196/1246: $4\make_diff8$func$rtl/state_stream_controller.v:129$1033.$result[7:0]$2616
   197/1246: $5\make_diff8$func$rtl/state_stream_controller.v:128$1032.$result[7:0]$2613
   198/1246: $4\make_diff8$func$rtl/state_stream_controller.v:128$1032.$result[7:0]$2611
   199/1246: $5\make_diff8$func$rtl/state_stream_controller.v:128$1031.$result[7:0]$2608
   200/1246: $4\make_diff8$func$rtl/state_stream_controller.v:128$1031.$result[7:0]$2606
   201/1246: $5\make_diff8$func$rtl/state_stream_controller.v:128$1030.$result[7:0]$2603
   202/1246: $4\make_diff8$func$rtl/state_stream_controller.v:128$1030.$result[7:0]$2601
   203/1246: $5\make_diff8$func$rtl/state_stream_controller.v:128$1029.$result[7:0]$2598
   204/1246: $4\make_diff8$func$rtl/state_stream_controller.v:128$1029.$result[7:0]$2596
   205/1246: $5\make_diff8$func$rtl/state_stream_controller.v:128$1028.$result[7:0]$2593
   206/1246: $4\make_diff8$func$rtl/state_stream_controller.v:128$1028.$result[7:0]$2591
   207/1246: $5\make_diff8$func$rtl/state_stream_controller.v:128$1027.$result[7:0]$2588
   208/1246: $4\make_diff8$func$rtl/state_stream_controller.v:128$1027.$result[7:0]$2586
   209/1246: $5\make_diff8$func$rtl/state_stream_controller.v:128$1026.$result[7:0]$2583
   210/1246: $4\make_diff8$func$rtl/state_stream_controller.v:128$1026.$result[7:0]$2581
   211/1246: $5\make_diff8$func$rtl/state_stream_controller.v:128$1025.$result[7:0]$2578
   212/1246: $4\make_diff8$func$rtl/state_stream_controller.v:128$1025.$result[7:0]$2576
   213/1246: $5\make_diff8$func$rtl/state_stream_controller.v:128$1024.$result[7:0]$2573
   214/1246: $4\make_diff8$func$rtl/state_stream_controller.v:128$1024.$result[7:0]$2571
   215/1246: $5\make_diff8$func$rtl/state_stream_controller.v:128$1023.$result[7:0]$2568
   216/1246: $4\make_diff8$func$rtl/state_stream_controller.v:128$1023.$result[7:0]$2566
   217/1246: $5\make_diff8$func$rtl/state_stream_controller.v:128$1022.$result[7:0]$2563
   218/1246: $4\make_diff8$func$rtl/state_stream_controller.v:128$1022.$result[7:0]$2561
   219/1246: $5\make_diff8$func$rtl/state_stream_controller.v:128$1021.$result[7:0]$2558
   220/1246: $4\make_diff8$func$rtl/state_stream_controller.v:128$1021.$result[7:0]$2556
   221/1246: $5\make_diff8$func$rtl/state_stream_controller.v:128$1020.$result[7:0]$2553
   222/1246: $4\make_diff8$func$rtl/state_stream_controller.v:128$1020.$result[7:0]$2551
   223/1246: $5\make_diff8$func$rtl/state_stream_controller.v:128$1019.$result[7:0]$2548
   224/1246: $4\make_diff8$func$rtl/state_stream_controller.v:128$1019.$result[7:0]$2546
   225/1246: $5\make_diff8$func$rtl/state_stream_controller.v:128$1018.$result[7:0]$2543
   226/1246: $4\make_diff8$func$rtl/state_stream_controller.v:128$1018.$result[7:0]$2541
   227/1246: $5\make_diff8$func$rtl/state_stream_controller.v:128$1017.$result[7:0]$2538
   228/1246: $4\make_diff8$func$rtl/state_stream_controller.v:128$1017.$result[7:0]$2536
   229/1246: $5\i[31:0]
   230/1246: $3\make_diff8$func$rtl/state_stream_controller.v:128$1032.$result[7:0]$2466
   231/1246: $3\make_diff8$func$rtl/state_stream_controller.v:128$1032.x[8:0]$2469
   232/1246: $3\make_diff8$func$rtl/state_stream_controller.v:128$1032.u[7:0]$2468
   233/1246: $3\make_diff8$func$rtl/state_stream_controller.v:128$1032.v[7:0]$2467
   234/1246: $0\write_data_q[127:0] [127:120]
   235/1246: $0\write_data_q[127:0] [119:112]
   236/1246: $3\make_diff8$func$rtl/state_stream_controller.v:128$1031.x[8:0]$2465
   237/1246: $3\make_diff8$func$rtl/state_stream_controller.v:128$1031.u[7:0]$2464
   238/1246: $3\make_diff8$func$rtl/state_stream_controller.v:128$1031.v[7:0]$2463
   239/1246: $3\make_diff8$func$rtl/state_stream_controller.v:128$1031.$result[7:0]$2462
   240/1246: $0\write_data_q[127:0] [111:104]
   241/1246: $3\make_diff8$func$rtl/state_stream_controller.v:128$1030.x[8:0]$2461
   242/1246: $3\make_diff8$func$rtl/state_stream_controller.v:128$1030.u[7:0]$2460
   243/1246: $3\make_diff8$func$rtl/state_stream_controller.v:128$1030.v[7:0]$2459
   244/1246: $3\make_diff8$func$rtl/state_stream_controller.v:128$1030.$result[7:0]$2458
   245/1246: $0\write_data_q[127:0] [103:96]
   246/1246: $3\make_diff8$func$rtl/state_stream_controller.v:128$1029.x[8:0]$2457
   247/1246: $3\make_diff8$func$rtl/state_stream_controller.v:128$1029.u[7:0]$2456
   248/1246: $3\make_diff8$func$rtl/state_stream_controller.v:128$1029.v[7:0]$2455
   249/1246: $3\make_diff8$func$rtl/state_stream_controller.v:128$1029.$result[7:0]$2454
   250/1246: $0\write_data_q[127:0] [95:88]
   251/1246: $3\make_diff8$func$rtl/state_stream_controller.v:128$1028.x[8:0]$2453
   252/1246: $3\make_diff8$func$rtl/state_stream_controller.v:128$1028.u[7:0]$2452
   253/1246: $3\make_diff8$func$rtl/state_stream_controller.v:128$1028.v[7:0]$2451
   254/1246: $3\make_diff8$func$rtl/state_stream_controller.v:128$1028.$result[7:0]$2450
   255/1246: $0\write_data_q[127:0] [87:80]
   256/1246: $3\make_diff8$func$rtl/state_stream_controller.v:128$1027.x[8:0]$2449
   257/1246: $3\make_diff8$func$rtl/state_stream_controller.v:128$1027.u[7:0]$2448
   258/1246: $3\make_diff8$func$rtl/state_stream_controller.v:128$1027.v[7:0]$2447
   259/1246: $3\make_diff8$func$rtl/state_stream_controller.v:128$1027.$result[7:0]$2446
   260/1246: $0\write_data_q[127:0] [79:72]
   261/1246: $3\make_diff8$func$rtl/state_stream_controller.v:128$1026.x[8:0]$2445
   262/1246: $3\make_diff8$func$rtl/state_stream_controller.v:128$1026.u[7:0]$2444
   263/1246: $3\make_diff8$func$rtl/state_stream_controller.v:128$1026.v[7:0]$2443
   264/1246: $3\make_diff8$func$rtl/state_stream_controller.v:128$1026.$result[7:0]$2442
   265/1246: $0\write_data_q[127:0] [71:64]
   266/1246: $3\make_diff8$func$rtl/state_stream_controller.v:128$1025.x[8:0]$2441
   267/1246: $3\make_diff8$func$rtl/state_stream_controller.v:128$1025.u[7:0]$2440
   268/1246: $3\make_diff8$func$rtl/state_stream_controller.v:128$1025.v[7:0]$2439
   269/1246: $3\make_diff8$func$rtl/state_stream_controller.v:128$1025.$result[7:0]$2438
   270/1246: $0\write_data_q[127:0] [63:56]
   271/1246: $3\make_diff8$func$rtl/state_stream_controller.v:128$1024.x[8:0]$2437
   272/1246: $3\make_diff8$func$rtl/state_stream_controller.v:128$1024.u[7:0]$2436
   273/1246: $3\make_diff8$func$rtl/state_stream_controller.v:128$1024.v[7:0]$2435
   274/1246: $3\make_diff8$func$rtl/state_stream_controller.v:128$1024.$result[7:0]$2434
   275/1246: $0\write_data_q[127:0] [55:48]
   276/1246: $3\make_diff8$func$rtl/state_stream_controller.v:128$1023.x[8:0]$2433
   277/1246: $3\make_diff8$func$rtl/state_stream_controller.v:128$1023.u[7:0]$2432
   278/1246: $3\make_diff8$func$rtl/state_stream_controller.v:128$1023.v[7:0]$2431
   279/1246: $3\make_diff8$func$rtl/state_stream_controller.v:128$1023.$result[7:0]$2430
   280/1246: $0\write_data_q[127:0] [47:40]
   281/1246: $3\make_diff8$func$rtl/state_stream_controller.v:128$1022.x[8:0]$2429
   282/1246: $3\make_diff8$func$rtl/state_stream_controller.v:128$1022.u[7:0]$2428
   283/1246: $3\make_diff8$func$rtl/state_stream_controller.v:128$1022.v[7:0]$2427
   284/1246: $3\make_diff8$func$rtl/state_stream_controller.v:128$1022.$result[7:0]$2426
   285/1246: $0\write_data_q[127:0] [39:32]
   286/1246: $3\make_diff8$func$rtl/state_stream_controller.v:128$1021.x[8:0]$2425
   287/1246: $3\make_diff8$func$rtl/state_stream_controller.v:128$1021.u[7:0]$2424
   288/1246: $3\make_diff8$func$rtl/state_stream_controller.v:128$1021.v[7:0]$2423
   289/1246: $3\make_diff8$func$rtl/state_stream_controller.v:128$1021.$result[7:0]$2422
   290/1246: $0\write_data_q[127:0] [31:24]
   291/1246: $3\make_diff8$func$rtl/state_stream_controller.v:128$1020.x[8:0]$2421
   292/1246: $3\make_diff8$func$rtl/state_stream_controller.v:128$1020.u[7:0]$2420
   293/1246: $3\make_diff8$func$rtl/state_stream_controller.v:128$1020.v[7:0]$2419
   294/1246: $3\make_diff8$func$rtl/state_stream_controller.v:128$1020.$result[7:0]$2418
   295/1246: $0\write_data_q[127:0] [23:16]
   296/1246: $3\make_diff8$func$rtl/state_stream_controller.v:128$1019.x[8:0]$2417
   297/1246: $3\make_diff8$func$rtl/state_stream_controller.v:128$1019.u[7:0]$2416
   298/1246: $3\make_diff8$func$rtl/state_stream_controller.v:128$1019.v[7:0]$2415
   299/1246: $3\make_diff8$func$rtl/state_stream_controller.v:128$1019.$result[7:0]$2414
   300/1246: $0\write_data_q[127:0] [15:8]
   301/1246: $3\make_diff8$func$rtl/state_stream_controller.v:128$1018.x[8:0]$2413
   302/1246: $3\make_diff8$func$rtl/state_stream_controller.v:128$1018.u[7:0]$2412
   303/1246: $3\make_diff8$func$rtl/state_stream_controller.v:128$1018.v[7:0]$2411
   304/1246: $3\make_diff8$func$rtl/state_stream_controller.v:128$1018.$result[7:0]$2410
   305/1246: $0\write_data_q[127:0] [7:0]
   306/1246: $3\make_diff8$func$rtl/state_stream_controller.v:128$1017.x[8:0]$2409
   307/1246: $3\make_diff8$func$rtl/state_stream_controller.v:128$1017.u[7:0]$2408
   308/1246: $3\make_diff8$func$rtl/state_stream_controller.v:128$1017.v[7:0]$2407
   309/1246: $3\make_diff8$func$rtl/state_stream_controller.v:129$1048.x[8:0]$2533
   310/1246: $3\make_diff8$func$rtl/state_stream_controller.v:129$1048.u[7:0]$2532
   311/1246: $3\make_diff8$func$rtl/state_stream_controller.v:129$1048.v[7:0]$2531
   312/1246: $3\make_diff8$func$rtl/state_stream_controller.v:129$1048.$result[7:0]$2530
   313/1246: $3\make_diff8$func$rtl/state_stream_controller.v:129$1047.x[8:0]$2529
   314/1246: $3\make_diff8$func$rtl/state_stream_controller.v:129$1047.u[7:0]$2528
   315/1246: $3\make_diff8$func$rtl/state_stream_controller.v:129$1047.v[7:0]$2527
   316/1246: $3\make_diff8$func$rtl/state_stream_controller.v:129$1047.$result[7:0]$2526
   317/1246: $3\make_diff8$func$rtl/state_stream_controller.v:129$1046.x[8:0]$2525
   318/1246: $3\make_diff8$func$rtl/state_stream_controller.v:129$1046.u[7:0]$2524
   319/1246: $3\make_diff8$func$rtl/state_stream_controller.v:129$1046.v[7:0]$2523
   320/1246: $3\make_diff8$func$rtl/state_stream_controller.v:129$1046.$result[7:0]$2522
   321/1246: $3\make_diff8$func$rtl/state_stream_controller.v:129$1045.x[8:0]$2521
   322/1246: $3\make_diff8$func$rtl/state_stream_controller.v:129$1045.u[7:0]$2520
   323/1246: $3\make_diff8$func$rtl/state_stream_controller.v:129$1045.v[7:0]$2519
   324/1246: $3\make_diff8$func$rtl/state_stream_controller.v:129$1045.$result[7:0]$2518
   325/1246: $3\make_diff8$func$rtl/state_stream_controller.v:129$1044.x[8:0]$2517
   326/1246: $3\make_diff8$func$rtl/state_stream_controller.v:129$1044.u[7:0]$2516
   327/1246: $3\make_diff8$func$rtl/state_stream_controller.v:129$1044.v[7:0]$2515
   328/1246: $3\make_diff8$func$rtl/state_stream_controller.v:129$1044.$result[7:0]$2514
   329/1246: $3\make_diff8$func$rtl/state_stream_controller.v:129$1043.x[8:0]$2513
   330/1246: $3\make_diff8$func$rtl/state_stream_controller.v:129$1043.u[7:0]$2512
   331/1246: $3\make_diff8$func$rtl/state_stream_controller.v:129$1043.v[7:0]$2511
   332/1246: $3\make_diff8$func$rtl/state_stream_controller.v:129$1043.$result[7:0]$2510
   333/1246: $3\make_diff8$func$rtl/state_stream_controller.v:129$1042.x[8:0]$2509
   334/1246: $3\make_diff8$func$rtl/state_stream_controller.v:129$1042.u[7:0]$2508
   335/1246: $3\make_diff8$func$rtl/state_stream_controller.v:129$1042.v[7:0]$2507
   336/1246: $3\make_diff8$func$rtl/state_stream_controller.v:129$1042.$result[7:0]$2506
   337/1246: $3\make_diff8$func$rtl/state_stream_controller.v:129$1041.x[8:0]$2505
   338/1246: $3\make_diff8$func$rtl/state_stream_controller.v:129$1041.u[7:0]$2504
   339/1246: $3\make_diff8$func$rtl/state_stream_controller.v:129$1041.v[7:0]$2503
   340/1246: $3\make_diff8$func$rtl/state_stream_controller.v:129$1041.$result[7:0]$2502
   341/1246: $3\make_diff8$func$rtl/state_stream_controller.v:129$1040.x[8:0]$2501
   342/1246: $3\make_diff8$func$rtl/state_stream_controller.v:129$1040.u[7:0]$2500
   343/1246: $3\make_diff8$func$rtl/state_stream_controller.v:129$1040.v[7:0]$2499
   344/1246: $3\make_diff8$func$rtl/state_stream_controller.v:129$1040.$result[7:0]$2498
   345/1246: $3\make_diff8$func$rtl/state_stream_controller.v:129$1039.x[8:0]$2497
   346/1246: $3\make_diff8$func$rtl/state_stream_controller.v:129$1039.u[7:0]$2496
   347/1246: $3\make_diff8$func$rtl/state_stream_controller.v:129$1039.v[7:0]$2495
   348/1246: $3\make_diff8$func$rtl/state_stream_controller.v:129$1039.$result[7:0]$2494
   349/1246: $3\make_diff8$func$rtl/state_stream_controller.v:129$1038.x[8:0]$2493
   350/1246: $3\make_diff8$func$rtl/state_stream_controller.v:129$1038.u[7:0]$2492
   351/1246: $3\make_diff8$func$rtl/state_stream_controller.v:129$1038.v[7:0]$2491
   352/1246: $3\make_diff8$func$rtl/state_stream_controller.v:129$1038.$result[7:0]$2490
   353/1246: $3\make_diff8$func$rtl/state_stream_controller.v:129$1037.x[8:0]$2489
   354/1246: $3\make_diff8$func$rtl/state_stream_controller.v:129$1037.u[7:0]$2488
   355/1246: $3\make_diff8$func$rtl/state_stream_controller.v:129$1037.v[7:0]$2487
   356/1246: $3\make_diff8$func$rtl/state_stream_controller.v:129$1037.$result[7:0]$2486
   357/1246: $3\make_diff8$func$rtl/state_stream_controller.v:129$1036.x[8:0]$2485
   358/1246: $3\make_diff8$func$rtl/state_stream_controller.v:129$1036.u[7:0]$2484
   359/1246: $3\make_diff8$func$rtl/state_stream_controller.v:129$1036.v[7:0]$2483
   360/1246: $3\make_diff8$func$rtl/state_stream_controller.v:129$1036.$result[7:0]$2482
   361/1246: $3\make_diff8$func$rtl/state_stream_controller.v:129$1035.x[8:0]$2481
   362/1246: $3\make_diff8$func$rtl/state_stream_controller.v:129$1035.u[7:0]$2480
   363/1246: $3\make_diff8$func$rtl/state_stream_controller.v:129$1035.v[7:0]$2479
   364/1246: $3\make_diff8$func$rtl/state_stream_controller.v:129$1035.$result[7:0]$2478
   365/1246: $3\make_diff8$func$rtl/state_stream_controller.v:129$1034.x[8:0]$2477
   366/1246: $3\make_diff8$func$rtl/state_stream_controller.v:129$1034.u[7:0]$2476
   367/1246: $3\make_diff8$func$rtl/state_stream_controller.v:129$1034.v[7:0]$2475
   368/1246: $3\make_diff8$func$rtl/state_stream_controller.v:129$1034.$result[7:0]$2474
   369/1246: $3\make_diff8$func$rtl/state_stream_controller.v:129$1033.x[8:0]$2473
   370/1246: $3\make_diff8$func$rtl/state_stream_controller.v:129$1033.u[7:0]$2472
   371/1246: $3\make_diff8$func$rtl/state_stream_controller.v:129$1033.v[7:0]$2471
   372/1246: $3\make_diff8$func$rtl/state_stream_controller.v:129$1033.$result[7:0]$2470
   373/1246: $5\rq8$func$rtl/state_stream_controller.v:124$1016.$result[7:0]$2404
   374/1246: $4\rq8$func$rtl/state_stream_controller.v:124$1016.$result[7:0]$2402
   375/1246: $5\rq8$func$rtl/state_stream_controller.v:124$1015.$result[7:0]$2399
   376/1246: $4\rq8$func$rtl/state_stream_controller.v:124$1015.$result[7:0]$2397
   377/1246: $5\rq8$func$rtl/state_stream_controller.v:124$1014.$result[7:0]$2394
   378/1246: $4\rq8$func$rtl/state_stream_controller.v:124$1014.$result[7:0]$2392
   379/1246: $5\rq8$func$rtl/state_stream_controller.v:124$1013.$result[7:0]$2389
   380/1246: $4\rq8$func$rtl/state_stream_controller.v:124$1013.$result[7:0]$2387
   381/1246: $5\rq8$func$rtl/state_stream_controller.v:124$1012.$result[7:0]$2384
   382/1246: $4\rq8$func$rtl/state_stream_controller.v:124$1012.$result[7:0]$2382
   383/1246: $5\rq8$func$rtl/state_stream_controller.v:124$1011.$result[7:0]$2379
   384/1246: $4\rq8$func$rtl/state_stream_controller.v:124$1011.$result[7:0]$2377
   385/1246: $5\rq8$func$rtl/state_stream_controller.v:124$1010.$result[7:0]$2374
   386/1246: $4\rq8$func$rtl/state_stream_controller.v:124$1010.$result[7:0]$2372
   387/1246: $5\rq8$func$rtl/state_stream_controller.v:124$1009.$result[7:0]$2369
   388/1246: $4\rq8$func$rtl/state_stream_controller.v:124$1009.$result[7:0]$2367
   389/1246: $5\rq8$func$rtl/state_stream_controller.v:124$1008.$result[7:0]$2364
   390/1246: $4\rq8$func$rtl/state_stream_controller.v:124$1008.$result[7:0]$2362
   391/1246: $5\rq8$func$rtl/state_stream_controller.v:124$1007.$result[7:0]$2359
   392/1246: $4\rq8$func$rtl/state_stream_controller.v:124$1007.$result[7:0]$2357
   393/1246: $5\rq8$func$rtl/state_stream_controller.v:124$1006.$result[7:0]$2354
   394/1246: $4\rq8$func$rtl/state_stream_controller.v:124$1006.$result[7:0]$2352
   395/1246: $5\rq8$func$rtl/state_stream_controller.v:124$1005.$result[7:0]$2349
   396/1246: $4\rq8$func$rtl/state_stream_controller.v:124$1005.$result[7:0]$2347
   397/1246: $5\rq8$func$rtl/state_stream_controller.v:124$1004.$result[7:0]$2344
   398/1246: $4\rq8$func$rtl/state_stream_controller.v:124$1004.$result[7:0]$2342
   399/1246: $5\rq8$func$rtl/state_stream_controller.v:124$1003.$result[7:0]$2339
   400/1246: $4\rq8$func$rtl/state_stream_controller.v:124$1003.$result[7:0]$2337
   401/1246: $5\rq8$func$rtl/state_stream_controller.v:124$1002.$result[7:0]$2334
   402/1246: $4\rq8$func$rtl/state_stream_controller.v:124$1002.$result[7:0]$2332
   403/1246: $5\rq8$func$rtl/state_stream_controller.v:124$1001.$result[7:0]$2329
   404/1246: $4\rq8$func$rtl/state_stream_controller.v:124$1001.$result[7:0]$2327
   405/1246: $5\rq8$func$rtl/state_stream_controller.v:123$1000.$result[7:0]$2324
   406/1246: $4\rq8$func$rtl/state_stream_controller.v:123$1000.$result[7:0]$2322
   407/1246: $5\rq8$func$rtl/state_stream_controller.v:123$999.$result[7:0]$2319
   408/1246: $4\rq8$func$rtl/state_stream_controller.v:123$999.$result[7:0]$2317
   409/1246: $5\rq8$func$rtl/state_stream_controller.v:123$998.$result[7:0]$2314
   410/1246: $4\rq8$func$rtl/state_stream_controller.v:123$998.$result[7:0]$2312
   411/1246: $5\rq8$func$rtl/state_stream_controller.v:123$997.$result[7:0]$2309
   412/1246: $4\rq8$func$rtl/state_stream_controller.v:123$997.$result[7:0]$2307
   413/1246: $5\rq8$func$rtl/state_stream_controller.v:123$996.$result[7:0]$2304
   414/1246: $4\rq8$func$rtl/state_stream_controller.v:123$996.$result[7:0]$2302
   415/1246: $5\rq8$func$rtl/state_stream_controller.v:123$995.$result[7:0]$2299
   416/1246: $4\rq8$func$rtl/state_stream_controller.v:123$995.$result[7:0]$2297
   417/1246: $5\rq8$func$rtl/state_stream_controller.v:123$994.$result[7:0]$2294
   418/1246: $4\rq8$func$rtl/state_stream_controller.v:123$994.$result[7:0]$2292
   419/1246: $5\rq8$func$rtl/state_stream_controller.v:123$993.$result[7:0]$2289
   420/1246: $4\rq8$func$rtl/state_stream_controller.v:123$993.$result[7:0]$2287
   421/1246: $5\rq8$func$rtl/state_stream_controller.v:123$992.$result[7:0]$2284
   422/1246: $4\rq8$func$rtl/state_stream_controller.v:123$992.$result[7:0]$2282
   423/1246: $5\rq8$func$rtl/state_stream_controller.v:123$991.$result[7:0]$2279
   424/1246: $4\rq8$func$rtl/state_stream_controller.v:123$991.$result[7:0]$2277
   425/1246: $5\rq8$func$rtl/state_stream_controller.v:123$990.$result[7:0]$2274
   426/1246: $4\rq8$func$rtl/state_stream_controller.v:123$990.$result[7:0]$2272
   427/1246: $5\rq8$func$rtl/state_stream_controller.v:123$989.$result[7:0]$2269
   428/1246: $4\rq8$func$rtl/state_stream_controller.v:123$989.$result[7:0]$2267
   429/1246: $5\rq8$func$rtl/state_stream_controller.v:123$988.$result[7:0]$2264
   430/1246: $4\rq8$func$rtl/state_stream_controller.v:123$988.$result[7:0]$2262
   431/1246: $5\rq8$func$rtl/state_stream_controller.v:123$987.$result[7:0]$2259
   432/1246: $4\rq8$func$rtl/state_stream_controller.v:123$987.$result[7:0]$2257
   433/1246: $5\rq8$func$rtl/state_stream_controller.v:123$986.$result[7:0]$2254
   434/1246: $4\rq8$func$rtl/state_stream_controller.v:123$986.$result[7:0]$2252
   435/1246: $5\rq8$func$rtl/state_stream_controller.v:123$985.$result[7:0]$2249
   436/1246: $4\rq8$func$rtl/state_stream_controller.v:123$985.$result[7:0]$2247
   437/1246: $4\i[31:0]
   438/1246: $3\rq8$func$rtl/state_stream_controller.v:123$1000.$result[7:0]$2194
   439/1246: $3\rq8$func$rtl/state_stream_controller.v:123$1000.x[14:0]$2196
   440/1246: $3\rq8$func$rtl/state_stream_controller.v:123$1000.a[23:0]$2195
   441/1246: $0\rq_data_q[127:0] [127:120]
   442/1246: $0\rq_data_q[127:0] [119:112]
   443/1246: $3\rq8$func$rtl/state_stream_controller.v:123$999.x[14:0]$2193
   444/1246: $3\rq8$func$rtl/state_stream_controller.v:123$999.a[23:0]$2192
   445/1246: $3\rq8$func$rtl/state_stream_controller.v:123$999.$result[7:0]$2191
   446/1246: $0\rq_data_q[127:0] [111:104]
   447/1246: $3\rq8$func$rtl/state_stream_controller.v:123$998.x[14:0]$2190
   448/1246: $3\rq8$func$rtl/state_stream_controller.v:123$998.a[23:0]$2189
   449/1246: $3\rq8$func$rtl/state_stream_controller.v:123$998.$result[7:0]$2188
   450/1246: $0\rq_data_q[127:0] [103:96]
   451/1246: $3\rq8$func$rtl/state_stream_controller.v:123$997.x[14:0]$2187
   452/1246: $3\rq8$func$rtl/state_stream_controller.v:123$997.a[23:0]$2186
   453/1246: $3\rq8$func$rtl/state_stream_controller.v:123$997.$result[7:0]$2185
   454/1246: $0\rq_data_q[127:0] [95:88]
   455/1246: $3\rq8$func$rtl/state_stream_controller.v:123$996.x[14:0]$2184
   456/1246: $3\rq8$func$rtl/state_stream_controller.v:123$996.a[23:0]$2183
   457/1246: $3\rq8$func$rtl/state_stream_controller.v:123$996.$result[7:0]$2182
   458/1246: $0\rq_data_q[127:0] [87:80]
   459/1246: $3\rq8$func$rtl/state_stream_controller.v:123$995.x[14:0]$2181
   460/1246: $3\rq8$func$rtl/state_stream_controller.v:123$995.a[23:0]$2180
   461/1246: $3\rq8$func$rtl/state_stream_controller.v:123$995.$result[7:0]$2179
   462/1246: $0\rq_data_q[127:0] [79:72]
   463/1246: $3\rq8$func$rtl/state_stream_controller.v:123$994.x[14:0]$2178
   464/1246: $3\rq8$func$rtl/state_stream_controller.v:123$994.a[23:0]$2177
   465/1246: $3\rq8$func$rtl/state_stream_controller.v:123$994.$result[7:0]$2176
   466/1246: $0\rq_data_q[127:0] [71:64]
   467/1246: $3\rq8$func$rtl/state_stream_controller.v:123$993.x[14:0]$2175
   468/1246: $3\rq8$func$rtl/state_stream_controller.v:123$993.a[23:0]$2174
   469/1246: $3\rq8$func$rtl/state_stream_controller.v:123$993.$result[7:0]$2173
   470/1246: $0\rq_data_q[127:0] [63:56]
   471/1246: $3\rq8$func$rtl/state_stream_controller.v:123$992.x[14:0]$2172
   472/1246: $3\rq8$func$rtl/state_stream_controller.v:123$992.a[23:0]$2171
   473/1246: $3\rq8$func$rtl/state_stream_controller.v:123$992.$result[7:0]$2170
   474/1246: $0\rq_data_q[127:0] [55:48]
   475/1246: $3\rq8$func$rtl/state_stream_controller.v:123$991.x[14:0]$2169
   476/1246: $3\rq8$func$rtl/state_stream_controller.v:123$991.a[23:0]$2168
   477/1246: $3\rq8$func$rtl/state_stream_controller.v:123$991.$result[7:0]$2167
   478/1246: $0\rq_data_q[127:0] [47:40]
   479/1246: $3\rq8$func$rtl/state_stream_controller.v:123$990.x[14:0]$2166
   480/1246: $3\rq8$func$rtl/state_stream_controller.v:123$990.a[23:0]$2165
   481/1246: $3\rq8$func$rtl/state_stream_controller.v:123$990.$result[7:0]$2164
   482/1246: $0\rq_data_q[127:0] [39:32]
   483/1246: $3\rq8$func$rtl/state_stream_controller.v:123$989.x[14:0]$2163
   484/1246: $3\rq8$func$rtl/state_stream_controller.v:123$989.a[23:0]$2162
   485/1246: $3\rq8$func$rtl/state_stream_controller.v:123$989.$result[7:0]$2161
   486/1246: $0\rq_data_q[127:0] [31:24]
   487/1246: $3\rq8$func$rtl/state_stream_controller.v:123$988.x[14:0]$2160
   488/1246: $3\rq8$func$rtl/state_stream_controller.v:123$988.a[23:0]$2159
   489/1246: $3\rq8$func$rtl/state_stream_controller.v:123$988.$result[7:0]$2158
   490/1246: $0\rq_data_q[127:0] [23:16]
   491/1246: $3\rq8$func$rtl/state_stream_controller.v:123$987.x[14:0]$2157
   492/1246: $3\rq8$func$rtl/state_stream_controller.v:123$987.a[23:0]$2156
   493/1246: $3\rq8$func$rtl/state_stream_controller.v:123$987.$result[7:0]$2155
   494/1246: $0\rq_data_q[127:0] [15:8]
   495/1246: $3\rq8$func$rtl/state_stream_controller.v:123$986.x[14:0]$2154
   496/1246: $3\rq8$func$rtl/state_stream_controller.v:123$986.a[23:0]$2153
   497/1246: $3\rq8$func$rtl/state_stream_controller.v:123$986.$result[7:0]$2152
   498/1246: $0\rq_data_q[127:0] [7:0]
   499/1246: $3\rq8$func$rtl/state_stream_controller.v:123$985.x[14:0]$2151
   500/1246: $3\rq8$func$rtl/state_stream_controller.v:123$985.a[23:0]$2150
   501/1246: $3\rq8$func$rtl/state_stream_controller.v:124$1016.x[14:0]$2244
   502/1246: $3\rq8$func$rtl/state_stream_controller.v:124$1016.a[23:0]$2243
   503/1246: $3\rq8$func$rtl/state_stream_controller.v:124$1016.$result[7:0]$2242
   504/1246: $3\rq8$func$rtl/state_stream_controller.v:124$1015.x[14:0]$2241
   505/1246: $3\rq8$func$rtl/state_stream_controller.v:124$1015.a[23:0]$2240
   506/1246: $3\rq8$func$rtl/state_stream_controller.v:124$1015.$result[7:0]$2239
   507/1246: $3\rq8$func$rtl/state_stream_controller.v:124$1014.x[14:0]$2238
   508/1246: $3\rq8$func$rtl/state_stream_controller.v:124$1014.a[23:0]$2237
   509/1246: $3\rq8$func$rtl/state_stream_controller.v:124$1014.$result[7:0]$2236
   510/1246: $3\rq8$func$rtl/state_stream_controller.v:124$1013.x[14:0]$2235
   511/1246: $3\rq8$func$rtl/state_stream_controller.v:124$1013.a[23:0]$2234
   512/1246: $3\rq8$func$rtl/state_stream_controller.v:124$1013.$result[7:0]$2233
   513/1246: $3\rq8$func$rtl/state_stream_controller.v:124$1012.x[14:0]$2232
   514/1246: $3\rq8$func$rtl/state_stream_controller.v:124$1012.a[23:0]$2231
   515/1246: $3\rq8$func$rtl/state_stream_controller.v:124$1012.$result[7:0]$2230
   516/1246: $3\rq8$func$rtl/state_stream_controller.v:124$1011.x[14:0]$2229
   517/1246: $3\rq8$func$rtl/state_stream_controller.v:124$1011.a[23:0]$2228
   518/1246: $3\rq8$func$rtl/state_stream_controller.v:124$1011.$result[7:0]$2227
   519/1246: $3\rq8$func$rtl/state_stream_controller.v:124$1010.x[14:0]$2226
   520/1246: $3\rq8$func$rtl/state_stream_controller.v:124$1010.a[23:0]$2225
   521/1246: $3\rq8$func$rtl/state_stream_controller.v:124$1010.$result[7:0]$2224
   522/1246: $3\rq8$func$rtl/state_stream_controller.v:124$1009.x[14:0]$2223
   523/1246: $3\rq8$func$rtl/state_stream_controller.v:124$1009.a[23:0]$2222
   524/1246: $3\rq8$func$rtl/state_stream_controller.v:124$1009.$result[7:0]$2221
   525/1246: $3\rq8$func$rtl/state_stream_controller.v:124$1008.x[14:0]$2220
   526/1246: $3\rq8$func$rtl/state_stream_controller.v:124$1008.a[23:0]$2219
   527/1246: $3\rq8$func$rtl/state_stream_controller.v:124$1008.$result[7:0]$2218
   528/1246: $3\rq8$func$rtl/state_stream_controller.v:124$1007.x[14:0]$2217
   529/1246: $3\rq8$func$rtl/state_stream_controller.v:124$1007.a[23:0]$2216
   530/1246: $3\rq8$func$rtl/state_stream_controller.v:124$1007.$result[7:0]$2215
   531/1246: $3\rq8$func$rtl/state_stream_controller.v:124$1006.x[14:0]$2214
   532/1246: $3\rq8$func$rtl/state_stream_controller.v:124$1006.a[23:0]$2213
   533/1246: $3\rq8$func$rtl/state_stream_controller.v:124$1006.$result[7:0]$2212
   534/1246: $3\rq8$func$rtl/state_stream_controller.v:124$1005.x[14:0]$2211
   535/1246: $3\rq8$func$rtl/state_stream_controller.v:124$1005.a[23:0]$2210
   536/1246: $3\rq8$func$rtl/state_stream_controller.v:124$1005.$result[7:0]$2209
   537/1246: $3\rq8$func$rtl/state_stream_controller.v:124$1004.x[14:0]$2208
   538/1246: $3\rq8$func$rtl/state_stream_controller.v:124$1004.a[23:0]$2207
   539/1246: $3\rq8$func$rtl/state_stream_controller.v:124$1004.$result[7:0]$2206
   540/1246: $3\rq8$func$rtl/state_stream_controller.v:124$1003.x[14:0]$2205
   541/1246: $3\rq8$func$rtl/state_stream_controller.v:124$1003.a[23:0]$2204
   542/1246: $3\rq8$func$rtl/state_stream_controller.v:124$1003.$result[7:0]$2203
   543/1246: $3\rq8$func$rtl/state_stream_controller.v:124$1002.x[14:0]$2202
   544/1246: $3\rq8$func$rtl/state_stream_controller.v:124$1002.a[23:0]$2201
   545/1246: $3\rq8$func$rtl/state_stream_controller.v:124$1002.$result[7:0]$2200
   546/1246: $3\rq8$func$rtl/state_stream_controller.v:124$1001.x[14:0]$2199
   547/1246: $3\rq8$func$rtl/state_stream_controller.v:124$1001.a[23:0]$2198
   548/1246: $3\rq8$func$rtl/state_stream_controller.v:124$1001.$result[7:0]$2197
   549/1246: $0\v_cache[255:0] [255:192]
   550/1246: $0\v_cache[255:0] [191:128]
   551/1246: $0\v_cache[255:0] [127:64]
   552/1246: $0\v_cache[255:0] [63:0]
   553/1246: $0\state_build[255:0] [127:64]
   554/1246: $0\state_build[255:0] [63:0]
   555/1246: $0\diff_cache[255:0] [255:128]
   556/1246: $2\i[31:0]
   557/1246: $2\rq8$func$rtl/state_stream_controller.v:157$1080.x[14:0]$2109
   558/1246: $2\rq8$func$rtl/state_stream_controller.v:157$1080.a[23:0]$2108
   559/1246: $2\rq8$func$rtl/state_stream_controller.v:157$1080.$result[7:0]$2107
   560/1246: $2\rq8$func$rtl/state_stream_controller.v:157$1079.x[14:0]$2106
   561/1246: $2\rq8$func$rtl/state_stream_controller.v:157$1079.a[23:0]$2105
   562/1246: $2\rq8$func$rtl/state_stream_controller.v:157$1079.$result[7:0]$2104
   563/1246: $2\rq8$func$rtl/state_stream_controller.v:157$1078.x[14:0]$2103
   564/1246: $2\rq8$func$rtl/state_stream_controller.v:157$1078.a[23:0]$2102
   565/1246: $2\rq8$func$rtl/state_stream_controller.v:157$1078.$result[7:0]$2101
   566/1246: $2\rq8$func$rtl/state_stream_controller.v:157$1077.x[14:0]$2100
   567/1246: $2\rq8$func$rtl/state_stream_controller.v:157$1077.a[23:0]$2099
   568/1246: $2\rq8$func$rtl/state_stream_controller.v:157$1077.$result[7:0]$2098
   569/1246: $2\rq8$func$rtl/state_stream_controller.v:157$1076.x[14:0]$2097
   570/1246: $2\rq8$func$rtl/state_stream_controller.v:157$1076.a[23:0]$2096
   571/1246: $2\rq8$func$rtl/state_stream_controller.v:157$1076.$result[7:0]$2095
   572/1246: $2\rq8$func$rtl/state_stream_controller.v:157$1075.x[14:0]$2094
   573/1246: $2\rq8$func$rtl/state_stream_controller.v:157$1075.a[23:0]$2093
   574/1246: $2\rq8$func$rtl/state_stream_controller.v:157$1075.$result[7:0]$2092
   575/1246: $2\rq8$func$rtl/state_stream_controller.v:157$1074.x[14:0]$2091
   576/1246: $2\rq8$func$rtl/state_stream_controller.v:157$1074.a[23:0]$2090
   577/1246: $2\rq8$func$rtl/state_stream_controller.v:157$1074.$result[7:0]$2089
   578/1246: $2\rq8$func$rtl/state_stream_controller.v:157$1073.x[14:0]$2088
   579/1246: $2\rq8$func$rtl/state_stream_controller.v:157$1073.a[23:0]$2087
   580/1246: $2\rq8$func$rtl/state_stream_controller.v:157$1073.$result[7:0]$2086
   581/1246: $2\rq8$func$rtl/state_stream_controller.v:157$1072.x[14:0]$2085
   582/1246: $2\rq8$func$rtl/state_stream_controller.v:157$1072.a[23:0]$2084
   583/1246: $2\rq8$func$rtl/state_stream_controller.v:157$1072.$result[7:0]$2083
   584/1246: $2\rq8$func$rtl/state_stream_controller.v:157$1071.x[14:0]$2082
   585/1246: $2\rq8$func$rtl/state_stream_controller.v:157$1071.a[23:0]$2081
   586/1246: $2\rq8$func$rtl/state_stream_controller.v:157$1071.$result[7:0]$2080
   587/1246: $2\rq8$func$rtl/state_stream_controller.v:157$1070.x[14:0]$2079
   588/1246: $2\rq8$func$rtl/state_stream_controller.v:157$1070.a[23:0]$2078
   589/1246: $2\rq8$func$rtl/state_stream_controller.v:157$1070.$result[7:0]$2077
   590/1246: $2\rq8$func$rtl/state_stream_controller.v:157$1069.x[14:0]$2076
   591/1246: $2\rq8$func$rtl/state_stream_controller.v:157$1069.a[23:0]$2075
   592/1246: $2\rq8$func$rtl/state_stream_controller.v:157$1069.$result[7:0]$2074
   593/1246: $2\rq8$func$rtl/state_stream_controller.v:157$1068.x[14:0]$2073
   594/1246: $2\rq8$func$rtl/state_stream_controller.v:157$1068.a[23:0]$2072
   595/1246: $2\rq8$func$rtl/state_stream_controller.v:157$1068.$result[7:0]$2071
   596/1246: $2\rq8$func$rtl/state_stream_controller.v:157$1067.x[14:0]$2070
   597/1246: $2\rq8$func$rtl/state_stream_controller.v:157$1067.a[23:0]$2069
   598/1246: $2\rq8$func$rtl/state_stream_controller.v:157$1067.$result[7:0]$2068
   599/1246: $2\rq8$func$rtl/state_stream_controller.v:157$1066.x[14:0]$2067
   600/1246: $2\rq8$func$rtl/state_stream_controller.v:157$1066.a[23:0]$2066
   601/1246: $2\rq8$func$rtl/state_stream_controller.v:157$1066.$result[7:0]$2065
   602/1246: $2\rq8$func$rtl/state_stream_controller.v:157$1065.x[14:0]$2064
   603/1246: $2\rq8$func$rtl/state_stream_controller.v:157$1065.a[23:0]$2063
   604/1246: $2\rq8$func$rtl/state_stream_controller.v:157$1065.$result[7:0]$2062
   605/1246: $2\rq8$func$rtl/state_stream_controller.v:156$1064.x[14:0]$2061
   606/1246: $2\rq8$func$rtl/state_stream_controller.v:156$1064.a[23:0]$2060
   607/1246: $2\rq8$func$rtl/state_stream_controller.v:156$1064.$result[7:0]$2059
   608/1246: $2\rq8$func$rtl/state_stream_controller.v:156$1063.x[14:0]$2058
   609/1246: $2\rq8$func$rtl/state_stream_controller.v:156$1063.a[23:0]$2057
   610/1246: $2\rq8$func$rtl/state_stream_controller.v:156$1063.$result[7:0]$2056
   611/1246: $2\rq8$func$rtl/state_stream_controller.v:156$1062.x[14:0]$2055
   612/1246: $2\rq8$func$rtl/state_stream_controller.v:156$1062.a[23:0]$2054
   613/1246: $2\rq8$func$rtl/state_stream_controller.v:156$1062.$result[7:0]$2053
   614/1246: $2\rq8$func$rtl/state_stream_controller.v:156$1061.x[14:0]$2052
   615/1246: $2\rq8$func$rtl/state_stream_controller.v:156$1061.a[23:0]$2051
   616/1246: $2\rq8$func$rtl/state_stream_controller.v:156$1061.$result[7:0]$2050
   617/1246: $2\rq8$func$rtl/state_stream_controller.v:156$1060.x[14:0]$2049
   618/1246: $2\rq8$func$rtl/state_stream_controller.v:156$1060.a[23:0]$2048
   619/1246: $2\rq8$func$rtl/state_stream_controller.v:156$1060.$result[7:0]$2047
   620/1246: $2\rq8$func$rtl/state_stream_controller.v:156$1059.x[14:0]$2046
   621/1246: $2\rq8$func$rtl/state_stream_controller.v:156$1059.a[23:0]$2045
   622/1246: $2\rq8$func$rtl/state_stream_controller.v:156$1059.$result[7:0]$2044
   623/1246: $2\rq8$func$rtl/state_stream_controller.v:156$1058.x[14:0]$2043
   624/1246: $2\rq8$func$rtl/state_stream_controller.v:156$1058.a[23:0]$2042
   625/1246: $2\rq8$func$rtl/state_stream_controller.v:156$1058.$result[7:0]$2041
   626/1246: $2\rq8$func$rtl/state_stream_controller.v:156$1057.x[14:0]$2040
   627/1246: $2\rq8$func$rtl/state_stream_controller.v:156$1057.a[23:0]$2039
   628/1246: $2\rq8$func$rtl/state_stream_controller.v:156$1057.$result[7:0]$2038
   629/1246: $2\rq8$func$rtl/state_stream_controller.v:156$1056.x[14:0]$2037
   630/1246: $2\rq8$func$rtl/state_stream_controller.v:156$1056.a[23:0]$2036
   631/1246: $2\rq8$func$rtl/state_stream_controller.v:156$1056.$result[7:0]$2035
   632/1246: $2\rq8$func$rtl/state_stream_controller.v:156$1055.x[14:0]$2034
   633/1246: $2\rq8$func$rtl/state_stream_controller.v:156$1055.a[23:0]$2033
   634/1246: $2\rq8$func$rtl/state_stream_controller.v:156$1055.$result[7:0]$2032
   635/1246: $2\rq8$func$rtl/state_stream_controller.v:156$1054.x[14:0]$2031
   636/1246: $2\rq8$func$rtl/state_stream_controller.v:156$1054.a[23:0]$2030
   637/1246: $2\rq8$func$rtl/state_stream_controller.v:156$1054.$result[7:0]$2029
   638/1246: $2\rq8$func$rtl/state_stream_controller.v:156$1053.x[14:0]$2028
   639/1246: $2\rq8$func$rtl/state_stream_controller.v:156$1053.a[23:0]$2027
   640/1246: $2\rq8$func$rtl/state_stream_controller.v:156$1053.$result[7:0]$2026
   641/1246: $2\rq8$func$rtl/state_stream_controller.v:156$1052.x[14:0]$2025
   642/1246: $2\rq8$func$rtl/state_stream_controller.v:156$1052.a[23:0]$2024
   643/1246: $2\rq8$func$rtl/state_stream_controller.v:156$1052.$result[7:0]$2023
   644/1246: $2\rq8$func$rtl/state_stream_controller.v:156$1051.x[14:0]$2022
   645/1246: $2\rq8$func$rtl/state_stream_controller.v:156$1051.a[23:0]$2021
   646/1246: $2\rq8$func$rtl/state_stream_controller.v:156$1051.$result[7:0]$2020
   647/1246: $2\rq8$func$rtl/state_stream_controller.v:156$1050.x[14:0]$2019
   648/1246: $2\rq8$func$rtl/state_stream_controller.v:156$1050.a[23:0]$2018
   649/1246: $2\rq8$func$rtl/state_stream_controller.v:156$1050.$result[7:0]$2017
   650/1246: $2\rq8$func$rtl/state_stream_controller.v:156$1049.x[14:0]$2016
   651/1246: $2\rq8$func$rtl/state_stream_controller.v:156$1049.a[23:0]$2015
   652/1246: $2\rq8$func$rtl/state_stream_controller.v:156$1049.$result[7:0]$2014
   653/1246: $2\make_diff8$func$rtl/state_stream_controller.v:129$1048.x[8:0]$2013
   654/1246: $2\make_diff8$func$rtl/state_stream_controller.v:129$1048.u[7:0]$2012
   655/1246: $2\make_diff8$func$rtl/state_stream_controller.v:129$1048.v[7:0]$2011
   656/1246: $2\make_diff8$func$rtl/state_stream_controller.v:129$1048.$result[7:0]$2010
   657/1246: $2\make_diff8$func$rtl/state_stream_controller.v:129$1047.x[8:0]$2009
   658/1246: $2\make_diff8$func$rtl/state_stream_controller.v:129$1047.u[7:0]$2008
   659/1246: $2\make_diff8$func$rtl/state_stream_controller.v:129$1047.v[7:0]$2007
   660/1246: $2\make_diff8$func$rtl/state_stream_controller.v:129$1047.$result[7:0]$2006
   661/1246: $2\make_diff8$func$rtl/state_stream_controller.v:129$1046.x[8:0]$2005
   662/1246: $2\make_diff8$func$rtl/state_stream_controller.v:129$1046.u[7:0]$2004
   663/1246: $2\make_diff8$func$rtl/state_stream_controller.v:129$1046.v[7:0]$2003
   664/1246: $2\make_diff8$func$rtl/state_stream_controller.v:129$1046.$result[7:0]$2002
   665/1246: $2\make_diff8$func$rtl/state_stream_controller.v:129$1045.x[8:0]$2001
   666/1246: $2\make_diff8$func$rtl/state_stream_controller.v:129$1045.u[7:0]$2000
   667/1246: $2\make_diff8$func$rtl/state_stream_controller.v:129$1045.v[7:0]$1999
   668/1246: $2\make_diff8$func$rtl/state_stream_controller.v:129$1045.$result[7:0]$1998
   669/1246: $2\make_diff8$func$rtl/state_stream_controller.v:129$1044.x[8:0]$1997
   670/1246: $2\make_diff8$func$rtl/state_stream_controller.v:129$1044.u[7:0]$1996
   671/1246: $2\make_diff8$func$rtl/state_stream_controller.v:129$1044.v[7:0]$1995
   672/1246: $2\make_diff8$func$rtl/state_stream_controller.v:129$1044.$result[7:0]$1994
   673/1246: $2\make_diff8$func$rtl/state_stream_controller.v:129$1043.x[8:0]$1993
   674/1246: $2\make_diff8$func$rtl/state_stream_controller.v:129$1043.u[7:0]$1992
   675/1246: $2\make_diff8$func$rtl/state_stream_controller.v:129$1043.v[7:0]$1991
   676/1246: $2\make_diff8$func$rtl/state_stream_controller.v:129$1043.$result[7:0]$1990
   677/1246: $2\make_diff8$func$rtl/state_stream_controller.v:129$1042.x[8:0]$1989
   678/1246: $2\make_diff8$func$rtl/state_stream_controller.v:129$1042.u[7:0]$1988
   679/1246: $2\make_diff8$func$rtl/state_stream_controller.v:129$1042.v[7:0]$1987
   680/1246: $2\make_diff8$func$rtl/state_stream_controller.v:129$1042.$result[7:0]$1986
   681/1246: $2\make_diff8$func$rtl/state_stream_controller.v:129$1041.x[8:0]$1985
   682/1246: $2\make_diff8$func$rtl/state_stream_controller.v:129$1041.u[7:0]$1984
   683/1246: $2\make_diff8$func$rtl/state_stream_controller.v:129$1041.v[7:0]$1983
   684/1246: $2\make_diff8$func$rtl/state_stream_controller.v:129$1041.$result[7:0]$1982
   685/1246: $2\make_diff8$func$rtl/state_stream_controller.v:129$1040.x[8:0]$1981
   686/1246: $2\make_diff8$func$rtl/state_stream_controller.v:129$1040.u[7:0]$1980
   687/1246: $2\make_diff8$func$rtl/state_stream_controller.v:129$1040.v[7:0]$1979
   688/1246: $2\make_diff8$func$rtl/state_stream_controller.v:129$1040.$result[7:0]$1978
   689/1246: $2\make_diff8$func$rtl/state_stream_controller.v:129$1039.x[8:0]$1977
   690/1246: $2\make_diff8$func$rtl/state_stream_controller.v:129$1039.u[7:0]$1976
   691/1246: $2\make_diff8$func$rtl/state_stream_controller.v:129$1039.v[7:0]$1975
   692/1246: $2\make_diff8$func$rtl/state_stream_controller.v:129$1039.$result[7:0]$1974
   693/1246: $2\make_diff8$func$rtl/state_stream_controller.v:129$1038.x[8:0]$1973
   694/1246: $2\make_diff8$func$rtl/state_stream_controller.v:129$1038.u[7:0]$1972
   695/1246: $2\make_diff8$func$rtl/state_stream_controller.v:129$1038.v[7:0]$1971
   696/1246: $2\make_diff8$func$rtl/state_stream_controller.v:129$1038.$result[7:0]$1970
   697/1246: $2\make_diff8$func$rtl/state_stream_controller.v:129$1037.x[8:0]$1969
   698/1246: $2\make_diff8$func$rtl/state_stream_controller.v:129$1037.u[7:0]$1968
   699/1246: $2\make_diff8$func$rtl/state_stream_controller.v:129$1037.v[7:0]$1967
   700/1246: $2\make_diff8$func$rtl/state_stream_controller.v:129$1037.$result[7:0]$1966
   701/1246: $2\make_diff8$func$rtl/state_stream_controller.v:129$1036.x[8:0]$1965
   702/1246: $2\make_diff8$func$rtl/state_stream_controller.v:129$1036.u[7:0]$1964
   703/1246: $2\make_diff8$func$rtl/state_stream_controller.v:129$1036.v[7:0]$1963
   704/1246: $2\make_diff8$func$rtl/state_stream_controller.v:129$1036.$result[7:0]$1962
   705/1246: $2\make_diff8$func$rtl/state_stream_controller.v:129$1035.x[8:0]$1961
   706/1246: $2\make_diff8$func$rtl/state_stream_controller.v:129$1035.u[7:0]$1960
   707/1246: $2\make_diff8$func$rtl/state_stream_controller.v:129$1035.v[7:0]$1959
   708/1246: $2\make_diff8$func$rtl/state_stream_controller.v:129$1035.$result[7:0]$1958
   709/1246: $2\make_diff8$func$rtl/state_stream_controller.v:129$1034.x[8:0]$1957
   710/1246: $2\make_diff8$func$rtl/state_stream_controller.v:129$1034.u[7:0]$1956
   711/1246: $2\make_diff8$func$rtl/state_stream_controller.v:129$1034.v[7:0]$1955
   712/1246: $2\make_diff8$func$rtl/state_stream_controller.v:129$1034.$result[7:0]$1954
   713/1246: $2\make_diff8$func$rtl/state_stream_controller.v:129$1033.x[8:0]$1953
   714/1246: $2\make_diff8$func$rtl/state_stream_controller.v:129$1033.u[7:0]$1952
   715/1246: $2\make_diff8$func$rtl/state_stream_controller.v:129$1033.v[7:0]$1951
   716/1246: $2\make_diff8$func$rtl/state_stream_controller.v:129$1033.$result[7:0]$1950
   717/1246: $2\make_diff8$func$rtl/state_stream_controller.v:128$1032.x[8:0]$1949
   718/1246: $2\make_diff8$func$rtl/state_stream_controller.v:128$1032.u[7:0]$1948
   719/1246: $2\make_diff8$func$rtl/state_stream_controller.v:128$1032.v[7:0]$1947
   720/1246: $2\make_diff8$func$rtl/state_stream_controller.v:128$1032.$result[7:0]$1946
   721/1246: $2\make_diff8$func$rtl/state_stream_controller.v:128$1031.x[8:0]$1945
   722/1246: $2\make_diff8$func$rtl/state_stream_controller.v:128$1031.u[7:0]$1944
   723/1246: $2\make_diff8$func$rtl/state_stream_controller.v:128$1031.v[7:0]$1943
   724/1246: $2\make_diff8$func$rtl/state_stream_controller.v:128$1031.$result[7:0]$1942
   725/1246: $2\make_diff8$func$rtl/state_stream_controller.v:128$1030.x[8:0]$1941
   726/1246: $2\make_diff8$func$rtl/state_stream_controller.v:128$1030.u[7:0]$1940
   727/1246: $2\make_diff8$func$rtl/state_stream_controller.v:128$1030.v[7:0]$1939
   728/1246: $2\make_diff8$func$rtl/state_stream_controller.v:128$1030.$result[7:0]$1938
   729/1246: $2\make_diff8$func$rtl/state_stream_controller.v:128$1029.x[8:0]$1937
   730/1246: $2\make_diff8$func$rtl/state_stream_controller.v:128$1029.u[7:0]$1936
   731/1246: $2\make_diff8$func$rtl/state_stream_controller.v:128$1029.v[7:0]$1935
   732/1246: $2\make_diff8$func$rtl/state_stream_controller.v:128$1029.$result[7:0]$1934
   733/1246: $2\make_diff8$func$rtl/state_stream_controller.v:128$1028.x[8:0]$1933
   734/1246: $2\make_diff8$func$rtl/state_stream_controller.v:128$1028.u[7:0]$1932
   735/1246: $2\make_diff8$func$rtl/state_stream_controller.v:128$1028.v[7:0]$1931
   736/1246: $2\make_diff8$func$rtl/state_stream_controller.v:128$1028.$result[7:0]$1930
   737/1246: $2\make_diff8$func$rtl/state_stream_controller.v:128$1027.x[8:0]$1929
   738/1246: $2\make_diff8$func$rtl/state_stream_controller.v:128$1027.u[7:0]$1928
   739/1246: $2\make_diff8$func$rtl/state_stream_controller.v:128$1027.v[7:0]$1927
   740/1246: $2\make_diff8$func$rtl/state_stream_controller.v:128$1027.$result[7:0]$1926
   741/1246: $2\make_diff8$func$rtl/state_stream_controller.v:128$1026.x[8:0]$1925
   742/1246: $2\make_diff8$func$rtl/state_stream_controller.v:128$1026.u[7:0]$1924
   743/1246: $2\make_diff8$func$rtl/state_stream_controller.v:128$1026.v[7:0]$1923
   744/1246: $2\make_diff8$func$rtl/state_stream_controller.v:128$1026.$result[7:0]$1922
   745/1246: $2\make_diff8$func$rtl/state_stream_controller.v:128$1025.x[8:0]$1921
   746/1246: $2\make_diff8$func$rtl/state_stream_controller.v:128$1025.u[7:0]$1920
   747/1246: $2\make_diff8$func$rtl/state_stream_controller.v:128$1025.v[7:0]$1919
   748/1246: $2\make_diff8$func$rtl/state_stream_controller.v:128$1025.$result[7:0]$1918
   749/1246: $2\make_diff8$func$rtl/state_stream_controller.v:128$1024.x[8:0]$1917
   750/1246: $2\make_diff8$func$rtl/state_stream_controller.v:128$1024.u[7:0]$1916
   751/1246: $2\make_diff8$func$rtl/state_stream_controller.v:128$1024.v[7:0]$1915
   752/1246: $2\make_diff8$func$rtl/state_stream_controller.v:128$1024.$result[7:0]$1914
   753/1246: $2\make_diff8$func$rtl/state_stream_controller.v:128$1023.x[8:0]$1913
   754/1246: $2\make_diff8$func$rtl/state_stream_controller.v:128$1023.u[7:0]$1912
   755/1246: $2\make_diff8$func$rtl/state_stream_controller.v:128$1023.v[7:0]$1911
   756/1246: $2\make_diff8$func$rtl/state_stream_controller.v:128$1023.$result[7:0]$1910
   757/1246: $2\make_diff8$func$rtl/state_stream_controller.v:128$1022.x[8:0]$1909
   758/1246: $2\make_diff8$func$rtl/state_stream_controller.v:128$1022.u[7:0]$1908
   759/1246: $2\make_diff8$func$rtl/state_stream_controller.v:128$1022.v[7:0]$1907
   760/1246: $2\make_diff8$func$rtl/state_stream_controller.v:128$1022.$result[7:0]$1906
   761/1246: $2\make_diff8$func$rtl/state_stream_controller.v:128$1021.x[8:0]$1905
   762/1246: $2\make_diff8$func$rtl/state_stream_controller.v:128$1021.u[7:0]$1904
   763/1246: $2\make_diff8$func$rtl/state_stream_controller.v:128$1021.v[7:0]$1903
   764/1246: $2\make_diff8$func$rtl/state_stream_controller.v:128$1021.$result[7:0]$1902
   765/1246: $2\make_diff8$func$rtl/state_stream_controller.v:128$1020.x[8:0]$1901
   766/1246: $2\make_diff8$func$rtl/state_stream_controller.v:128$1020.u[7:0]$1900
   767/1246: $2\make_diff8$func$rtl/state_stream_controller.v:128$1020.v[7:0]$1899
   768/1246: $2\make_diff8$func$rtl/state_stream_controller.v:128$1020.$result[7:0]$1898
   769/1246: $2\make_diff8$func$rtl/state_stream_controller.v:128$1019.x[8:0]$1897
   770/1246: $2\make_diff8$func$rtl/state_stream_controller.v:128$1019.u[7:0]$1896
   771/1246: $2\make_diff8$func$rtl/state_stream_controller.v:128$1019.v[7:0]$1895
   772/1246: $2\make_diff8$func$rtl/state_stream_controller.v:128$1019.$result[7:0]$1894
   773/1246: $2\make_diff8$func$rtl/state_stream_controller.v:128$1018.x[8:0]$1893
   774/1246: $2\make_diff8$func$rtl/state_stream_controller.v:128$1018.u[7:0]$1892
   775/1246: $2\make_diff8$func$rtl/state_stream_controller.v:128$1018.v[7:0]$1891
   776/1246: $2\make_diff8$func$rtl/state_stream_controller.v:128$1018.$result[7:0]$1890
   777/1246: $2\make_diff8$func$rtl/state_stream_controller.v:128$1017.x[8:0]$1889
   778/1246: $2\make_diff8$func$rtl/state_stream_controller.v:128$1017.u[7:0]$1888
   779/1246: $2\make_diff8$func$rtl/state_stream_controller.v:128$1017.v[7:0]$1887
   780/1246: $2\make_diff8$func$rtl/state_stream_controller.v:128$1017.$result[7:0]$1886
   781/1246: $2\rq8$func$rtl/state_stream_controller.v:124$1016.x[14:0]$1885
   782/1246: $2\rq8$func$rtl/state_stream_controller.v:124$1016.a[23:0]$1884
   783/1246: $2\rq8$func$rtl/state_stream_controller.v:124$1016.$result[7:0]$1883
   784/1246: $2\rq8$func$rtl/state_stream_controller.v:124$1015.x[14:0]$1882
   785/1246: $2\rq8$func$rtl/state_stream_controller.v:124$1015.a[23:0]$1881
   786/1246: $2\rq8$func$rtl/state_stream_controller.v:124$1015.$result[7:0]$1880
   787/1246: $2\rq8$func$rtl/state_stream_controller.v:124$1014.x[14:0]$1879
   788/1246: $2\rq8$func$rtl/state_stream_controller.v:124$1014.a[23:0]$1878
   789/1246: $2\rq8$func$rtl/state_stream_controller.v:124$1014.$result[7:0]$1877
   790/1246: $2\rq8$func$rtl/state_stream_controller.v:124$1013.x[14:0]$1876
   791/1246: $2\rq8$func$rtl/state_stream_controller.v:124$1013.a[23:0]$1875
   792/1246: $2\rq8$func$rtl/state_stream_controller.v:124$1013.$result[7:0]$1874
   793/1246: $2\rq8$func$rtl/state_stream_controller.v:124$1012.x[14:0]$1873
   794/1246: $2\rq8$func$rtl/state_stream_controller.v:124$1012.a[23:0]$1872
   795/1246: $2\rq8$func$rtl/state_stream_controller.v:124$1012.$result[7:0]$1871
   796/1246: $2\rq8$func$rtl/state_stream_controller.v:124$1011.x[14:0]$1870
   797/1246: $2\rq8$func$rtl/state_stream_controller.v:124$1011.a[23:0]$1869
   798/1246: $2\rq8$func$rtl/state_stream_controller.v:124$1011.$result[7:0]$1868
   799/1246: $2\rq8$func$rtl/state_stream_controller.v:124$1010.x[14:0]$1867
   800/1246: $2\rq8$func$rtl/state_stream_controller.v:124$1010.a[23:0]$1866
   801/1246: $2\rq8$func$rtl/state_stream_controller.v:124$1010.$result[7:0]$1865
   802/1246: $2\rq8$func$rtl/state_stream_controller.v:124$1009.x[14:0]$1864
   803/1246: $2\rq8$func$rtl/state_stream_controller.v:124$1009.a[23:0]$1863
   804/1246: $2\rq8$func$rtl/state_stream_controller.v:124$1009.$result[7:0]$1862
   805/1246: $2\rq8$func$rtl/state_stream_controller.v:124$1008.x[14:0]$1861
   806/1246: $2\rq8$func$rtl/state_stream_controller.v:124$1008.a[23:0]$1860
   807/1246: $2\rq8$func$rtl/state_stream_controller.v:124$1008.$result[7:0]$1859
   808/1246: $2\rq8$func$rtl/state_stream_controller.v:124$1007.x[14:0]$1858
   809/1246: $2\rq8$func$rtl/state_stream_controller.v:124$1007.a[23:0]$1857
   810/1246: $2\rq8$func$rtl/state_stream_controller.v:124$1007.$result[7:0]$1856
   811/1246: $2\rq8$func$rtl/state_stream_controller.v:124$1006.x[14:0]$1855
   812/1246: $2\rq8$func$rtl/state_stream_controller.v:124$1006.a[23:0]$1854
   813/1246: $2\rq8$func$rtl/state_stream_controller.v:124$1006.$result[7:0]$1853
   814/1246: $2\rq8$func$rtl/state_stream_controller.v:124$1005.x[14:0]$1852
   815/1246: $2\rq8$func$rtl/state_stream_controller.v:124$1005.a[23:0]$1851
   816/1246: $2\rq8$func$rtl/state_stream_controller.v:124$1005.$result[7:0]$1850
   817/1246: $2\rq8$func$rtl/state_stream_controller.v:124$1004.x[14:0]$1849
   818/1246: $2\rq8$func$rtl/state_stream_controller.v:124$1004.a[23:0]$1848
   819/1246: $2\rq8$func$rtl/state_stream_controller.v:124$1004.$result[7:0]$1847
   820/1246: $2\rq8$func$rtl/state_stream_controller.v:124$1003.x[14:0]$1846
   821/1246: $2\rq8$func$rtl/state_stream_controller.v:124$1003.a[23:0]$1845
   822/1246: $2\rq8$func$rtl/state_stream_controller.v:124$1003.$result[7:0]$1844
   823/1246: $2\rq8$func$rtl/state_stream_controller.v:124$1002.x[14:0]$1843
   824/1246: $2\rq8$func$rtl/state_stream_controller.v:124$1002.a[23:0]$1842
   825/1246: $2\rq8$func$rtl/state_stream_controller.v:124$1002.$result[7:0]$1841
   826/1246: $2\rq8$func$rtl/state_stream_controller.v:124$1001.x[14:0]$1840
   827/1246: $2\rq8$func$rtl/state_stream_controller.v:124$1001.a[23:0]$1839
   828/1246: $2\rq8$func$rtl/state_stream_controller.v:124$1001.$result[7:0]$1838
   829/1246: $2\rq8$func$rtl/state_stream_controller.v:123$1000.x[14:0]$1837
   830/1246: $2\rq8$func$rtl/state_stream_controller.v:123$1000.a[23:0]$1836
   831/1246: $2\rq8$func$rtl/state_stream_controller.v:123$1000.$result[7:0]$1835
   832/1246: $2\rq8$func$rtl/state_stream_controller.v:123$999.x[14:0]$1834
   833/1246: $2\rq8$func$rtl/state_stream_controller.v:123$999.a[23:0]$1833
   834/1246: $2\rq8$func$rtl/state_stream_controller.v:123$999.$result[7:0]$1832
   835/1246: $2\rq8$func$rtl/state_stream_controller.v:123$998.x[14:0]$1831
   836/1246: $2\rq8$func$rtl/state_stream_controller.v:123$998.a[23:0]$1830
   837/1246: $2\rq8$func$rtl/state_stream_controller.v:123$998.$result[7:0]$1829
   838/1246: $2\rq8$func$rtl/state_stream_controller.v:123$997.x[14:0]$1828
   839/1246: $2\rq8$func$rtl/state_stream_controller.v:123$997.a[23:0]$1827
   840/1246: $2\rq8$func$rtl/state_stream_controller.v:123$997.$result[7:0]$1826
   841/1246: $2\rq8$func$rtl/state_stream_controller.v:123$996.x[14:0]$1825
   842/1246: $2\rq8$func$rtl/state_stream_controller.v:123$996.a[23:0]$1824
   843/1246: $2\rq8$func$rtl/state_stream_controller.v:123$996.$result[7:0]$1823
   844/1246: $2\rq8$func$rtl/state_stream_controller.v:123$995.x[14:0]$1822
   845/1246: $2\rq8$func$rtl/state_stream_controller.v:123$995.a[23:0]$1821
   846/1246: $2\rq8$func$rtl/state_stream_controller.v:123$995.$result[7:0]$1820
   847/1246: $2\rq8$func$rtl/state_stream_controller.v:123$994.x[14:0]$1819
   848/1246: $2\rq8$func$rtl/state_stream_controller.v:123$994.a[23:0]$1818
   849/1246: $2\rq8$func$rtl/state_stream_controller.v:123$994.$result[7:0]$1817
   850/1246: $2\rq8$func$rtl/state_stream_controller.v:123$993.x[14:0]$1816
   851/1246: $2\rq8$func$rtl/state_stream_controller.v:123$993.a[23:0]$1815
   852/1246: $2\rq8$func$rtl/state_stream_controller.v:123$993.$result[7:0]$1814
   853/1246: $2\rq8$func$rtl/state_stream_controller.v:123$992.x[14:0]$1813
   854/1246: $2\rq8$func$rtl/state_stream_controller.v:123$992.a[23:0]$1812
   855/1246: $2\rq8$func$rtl/state_stream_controller.v:123$992.$result[7:0]$1811
   856/1246: $2\rq8$func$rtl/state_stream_controller.v:123$991.x[14:0]$1810
   857/1246: $2\rq8$func$rtl/state_stream_controller.v:123$991.a[23:0]$1809
   858/1246: $2\rq8$func$rtl/state_stream_controller.v:123$991.$result[7:0]$1808
   859/1246: $2\rq8$func$rtl/state_stream_controller.v:123$990.x[14:0]$1807
   860/1246: $2\rq8$func$rtl/state_stream_controller.v:123$990.a[23:0]$1806
   861/1246: $2\rq8$func$rtl/state_stream_controller.v:123$990.$result[7:0]$1805
   862/1246: $2\rq8$func$rtl/state_stream_controller.v:123$989.x[14:0]$1804
   863/1246: $2\rq8$func$rtl/state_stream_controller.v:123$989.a[23:0]$1803
   864/1246: $2\rq8$func$rtl/state_stream_controller.v:123$989.$result[7:0]$1802
   865/1246: $2\rq8$func$rtl/state_stream_controller.v:123$988.x[14:0]$1801
   866/1246: $2\rq8$func$rtl/state_stream_controller.v:123$988.a[23:0]$1800
   867/1246: $2\rq8$func$rtl/state_stream_controller.v:123$988.$result[7:0]$1799
   868/1246: $2\rq8$func$rtl/state_stream_controller.v:123$987.x[14:0]$1798
   869/1246: $2\rq8$func$rtl/state_stream_controller.v:123$987.a[23:0]$1797
   870/1246: $2\rq8$func$rtl/state_stream_controller.v:123$987.$result[7:0]$1796
   871/1246: $2\rq8$func$rtl/state_stream_controller.v:123$986.x[14:0]$1795
   872/1246: $2\rq8$func$rtl/state_stream_controller.v:123$986.a[23:0]$1794
   873/1246: $2\rq8$func$rtl/state_stream_controller.v:123$986.$result[7:0]$1793
   874/1246: $2\rq8$func$rtl/state_stream_controller.v:123$985.x[14:0]$1792
   875/1246: $2\rq8$func$rtl/state_stream_controller.v:123$985.a[23:0]$1791
   876/1246: $2\rq8$func$rtl/state_stream_controller.v:123$985.$result[7:0]$1790
   877/1246: $1\rq8$func$rtl/state_stream_controller.v:157$1080.x[14:0]$1769
   878/1246: $1\rq8$func$rtl/state_stream_controller.v:157$1080.a[23:0]$1768
   879/1246: $1\rq8$func$rtl/state_stream_controller.v:157$1080.$result[7:0]$1767
   880/1246: $1\rq8$func$rtl/state_stream_controller.v:157$1079.x[14:0]$1766
   881/1246: $1\rq8$func$rtl/state_stream_controller.v:157$1079.a[23:0]$1765
   882/1246: $1\rq8$func$rtl/state_stream_controller.v:157$1079.$result[7:0]$1764
   883/1246: $1\rq8$func$rtl/state_stream_controller.v:157$1078.x[14:0]$1763
   884/1246: $1\rq8$func$rtl/state_stream_controller.v:157$1078.a[23:0]$1762
   885/1246: $1\rq8$func$rtl/state_stream_controller.v:157$1078.$result[7:0]$1761
   886/1246: $1\rq8$func$rtl/state_stream_controller.v:157$1077.x[14:0]$1760
   887/1246: $1\rq8$func$rtl/state_stream_controller.v:157$1077.a[23:0]$1759
   888/1246: $1\rq8$func$rtl/state_stream_controller.v:157$1077.$result[7:0]$1758
   889/1246: $1\rq8$func$rtl/state_stream_controller.v:157$1076.x[14:0]$1757
   890/1246: $1\rq8$func$rtl/state_stream_controller.v:157$1076.a[23:0]$1756
   891/1246: $1\rq8$func$rtl/state_stream_controller.v:157$1076.$result[7:0]$1755
   892/1246: $1\rq8$func$rtl/state_stream_controller.v:157$1075.x[14:0]$1754
   893/1246: $1\rq8$func$rtl/state_stream_controller.v:157$1075.a[23:0]$1753
   894/1246: $1\rq8$func$rtl/state_stream_controller.v:157$1075.$result[7:0]$1752
   895/1246: $1\rq8$func$rtl/state_stream_controller.v:157$1074.x[14:0]$1751
   896/1246: $1\rq8$func$rtl/state_stream_controller.v:157$1074.a[23:0]$1750
   897/1246: $1\rq8$func$rtl/state_stream_controller.v:157$1074.$result[7:0]$1749
   898/1246: $1\rq8$func$rtl/state_stream_controller.v:157$1073.x[14:0]$1748
   899/1246: $1\rq8$func$rtl/state_stream_controller.v:157$1073.a[23:0]$1747
   900/1246: $1\rq8$func$rtl/state_stream_controller.v:157$1073.$result[7:0]$1746
   901/1246: $1\rq8$func$rtl/state_stream_controller.v:157$1072.x[14:0]$1745
   902/1246: $1\rq8$func$rtl/state_stream_controller.v:157$1072.a[23:0]$1744
   903/1246: $1\rq8$func$rtl/state_stream_controller.v:157$1072.$result[7:0]$1743
   904/1246: $1\rq8$func$rtl/state_stream_controller.v:157$1071.x[14:0]$1742
   905/1246: $1\rq8$func$rtl/state_stream_controller.v:157$1071.a[23:0]$1741
   906/1246: $1\rq8$func$rtl/state_stream_controller.v:157$1071.$result[7:0]$1740
   907/1246: $1\rq8$func$rtl/state_stream_controller.v:157$1070.x[14:0]$1739
   908/1246: $1\rq8$func$rtl/state_stream_controller.v:157$1070.a[23:0]$1738
   909/1246: $1\rq8$func$rtl/state_stream_controller.v:157$1070.$result[7:0]$1737
   910/1246: $1\rq8$func$rtl/state_stream_controller.v:157$1069.x[14:0]$1736
   911/1246: $1\rq8$func$rtl/state_stream_controller.v:157$1069.a[23:0]$1735
   912/1246: $1\rq8$func$rtl/state_stream_controller.v:157$1069.$result[7:0]$1734
   913/1246: $1\rq8$func$rtl/state_stream_controller.v:157$1068.x[14:0]$1733
   914/1246: $1\rq8$func$rtl/state_stream_controller.v:157$1068.a[23:0]$1732
   915/1246: $1\rq8$func$rtl/state_stream_controller.v:157$1068.$result[7:0]$1731
   916/1246: $1\rq8$func$rtl/state_stream_controller.v:157$1067.x[14:0]$1730
   917/1246: $1\rq8$func$rtl/state_stream_controller.v:157$1067.a[23:0]$1729
   918/1246: $1\rq8$func$rtl/state_stream_controller.v:157$1067.$result[7:0]$1728
   919/1246: $1\rq8$func$rtl/state_stream_controller.v:157$1066.x[14:0]$1727
   920/1246: $1\rq8$func$rtl/state_stream_controller.v:157$1066.a[23:0]$1726
   921/1246: $1\rq8$func$rtl/state_stream_controller.v:157$1066.$result[7:0]$1725
   922/1246: $1\rq8$func$rtl/state_stream_controller.v:157$1065.x[14:0]$1724
   923/1246: $1\rq8$func$rtl/state_stream_controller.v:157$1065.a[23:0]$1723
   924/1246: $1\rq8$func$rtl/state_stream_controller.v:157$1065.$result[7:0]$1722
   925/1246: $1\rq8$func$rtl/state_stream_controller.v:156$1064.x[14:0]$1721
   926/1246: $1\rq8$func$rtl/state_stream_controller.v:156$1064.a[23:0]$1720
   927/1246: $1\rq8$func$rtl/state_stream_controller.v:156$1064.$result[7:0]$1719
   928/1246: $1\rq8$func$rtl/state_stream_controller.v:156$1063.x[14:0]$1718
   929/1246: $1\rq8$func$rtl/state_stream_controller.v:156$1063.a[23:0]$1717
   930/1246: $1\rq8$func$rtl/state_stream_controller.v:156$1063.$result[7:0]$1716
   931/1246: $1\rq8$func$rtl/state_stream_controller.v:156$1062.x[14:0]$1715
   932/1246: $1\rq8$func$rtl/state_stream_controller.v:156$1062.a[23:0]$1714
   933/1246: $1\rq8$func$rtl/state_stream_controller.v:156$1062.$result[7:0]$1713
   934/1246: $1\rq8$func$rtl/state_stream_controller.v:156$1061.x[14:0]$1712
   935/1246: $1\rq8$func$rtl/state_stream_controller.v:156$1061.a[23:0]$1711
   936/1246: $1\rq8$func$rtl/state_stream_controller.v:156$1061.$result[7:0]$1710
   937/1246: $1\rq8$func$rtl/state_stream_controller.v:156$1060.x[14:0]$1709
   938/1246: $1\rq8$func$rtl/state_stream_controller.v:156$1060.a[23:0]$1708
   939/1246: $1\rq8$func$rtl/state_stream_controller.v:156$1060.$result[7:0]$1707
   940/1246: $1\rq8$func$rtl/state_stream_controller.v:156$1059.x[14:0]$1706
   941/1246: $1\rq8$func$rtl/state_stream_controller.v:156$1059.a[23:0]$1705
   942/1246: $1\rq8$func$rtl/state_stream_controller.v:156$1059.$result[7:0]$1704
   943/1246: $1\rq8$func$rtl/state_stream_controller.v:156$1058.x[14:0]$1703
   944/1246: $1\rq8$func$rtl/state_stream_controller.v:156$1058.a[23:0]$1702
   945/1246: $1\rq8$func$rtl/state_stream_controller.v:156$1058.$result[7:0]$1701
   946/1246: $1\rq8$func$rtl/state_stream_controller.v:156$1057.x[14:0]$1700
   947/1246: $1\rq8$func$rtl/state_stream_controller.v:156$1057.a[23:0]$1699
   948/1246: $1\rq8$func$rtl/state_stream_controller.v:156$1057.$result[7:0]$1698
   949/1246: $1\rq8$func$rtl/state_stream_controller.v:156$1056.x[14:0]$1697
   950/1246: $1\rq8$func$rtl/state_stream_controller.v:156$1056.a[23:0]$1696
   951/1246: $1\rq8$func$rtl/state_stream_controller.v:156$1056.$result[7:0]$1695
   952/1246: $1\rq8$func$rtl/state_stream_controller.v:156$1055.x[14:0]$1694
   953/1246: $1\rq8$func$rtl/state_stream_controller.v:156$1055.a[23:0]$1693
   954/1246: $1\rq8$func$rtl/state_stream_controller.v:156$1055.$result[7:0]$1692
   955/1246: $1\rq8$func$rtl/state_stream_controller.v:156$1054.x[14:0]$1691
   956/1246: $1\rq8$func$rtl/state_stream_controller.v:156$1054.a[23:0]$1690
   957/1246: $1\rq8$func$rtl/state_stream_controller.v:156$1054.$result[7:0]$1689
   958/1246: $1\rq8$func$rtl/state_stream_controller.v:156$1053.x[14:0]$1688
   959/1246: $1\rq8$func$rtl/state_stream_controller.v:156$1053.a[23:0]$1687
   960/1246: $1\rq8$func$rtl/state_stream_controller.v:156$1053.$result[7:0]$1686
   961/1246: $1\rq8$func$rtl/state_stream_controller.v:156$1052.x[14:0]$1685
   962/1246: $1\rq8$func$rtl/state_stream_controller.v:156$1052.a[23:0]$1684
   963/1246: $1\rq8$func$rtl/state_stream_controller.v:156$1052.$result[7:0]$1683
   964/1246: $1\rq8$func$rtl/state_stream_controller.v:156$1051.x[14:0]$1682
   965/1246: $1\rq8$func$rtl/state_stream_controller.v:156$1051.a[23:0]$1681
   966/1246: $1\rq8$func$rtl/state_stream_controller.v:156$1051.$result[7:0]$1680
   967/1246: $1\rq8$func$rtl/state_stream_controller.v:156$1050.x[14:0]$1679
   968/1246: $1\rq8$func$rtl/state_stream_controller.v:156$1050.a[23:0]$1678
   969/1246: $1\rq8$func$rtl/state_stream_controller.v:156$1050.$result[7:0]$1677
   970/1246: $1\rq8$func$rtl/state_stream_controller.v:156$1049.x[14:0]$1676
   971/1246: $1\rq8$func$rtl/state_stream_controller.v:156$1049.a[23:0]$1675
   972/1246: $1\rq8$func$rtl/state_stream_controller.v:156$1049.$result[7:0]$1674
   973/1246: $1\make_diff8$func$rtl/state_stream_controller.v:129$1048.x[8:0]$1673
   974/1246: $1\make_diff8$func$rtl/state_stream_controller.v:129$1048.u[7:0]$1672
   975/1246: $1\make_diff8$func$rtl/state_stream_controller.v:129$1048.v[7:0]$1671
   976/1246: $1\make_diff8$func$rtl/state_stream_controller.v:129$1048.$result[7:0]$1670
   977/1246: $1\make_diff8$func$rtl/state_stream_controller.v:129$1047.x[8:0]$1669
   978/1246: $1\make_diff8$func$rtl/state_stream_controller.v:129$1047.u[7:0]$1668
   979/1246: $1\make_diff8$func$rtl/state_stream_controller.v:129$1047.v[7:0]$1667
   980/1246: $1\make_diff8$func$rtl/state_stream_controller.v:129$1047.$result[7:0]$1666
   981/1246: $1\make_diff8$func$rtl/state_stream_controller.v:129$1046.x[8:0]$1665
   982/1246: $1\make_diff8$func$rtl/state_stream_controller.v:129$1046.u[7:0]$1664
   983/1246: $1\make_diff8$func$rtl/state_stream_controller.v:129$1046.v[7:0]$1663
   984/1246: $1\make_diff8$func$rtl/state_stream_controller.v:129$1046.$result[7:0]$1662
   985/1246: $1\make_diff8$func$rtl/state_stream_controller.v:129$1045.x[8:0]$1661
   986/1246: $1\make_diff8$func$rtl/state_stream_controller.v:129$1045.u[7:0]$1660
   987/1246: $1\make_diff8$func$rtl/state_stream_controller.v:129$1045.v[7:0]$1659
   988/1246: $1\make_diff8$func$rtl/state_stream_controller.v:129$1045.$result[7:0]$1658
   989/1246: $1\make_diff8$func$rtl/state_stream_controller.v:129$1044.x[8:0]$1657
   990/1246: $1\make_diff8$func$rtl/state_stream_controller.v:129$1044.u[7:0]$1656
   991/1246: $1\make_diff8$func$rtl/state_stream_controller.v:129$1044.v[7:0]$1655
   992/1246: $1\make_diff8$func$rtl/state_stream_controller.v:129$1044.$result[7:0]$1654
   993/1246: $1\make_diff8$func$rtl/state_stream_controller.v:129$1043.x[8:0]$1653
   994/1246: $1\make_diff8$func$rtl/state_stream_controller.v:129$1043.u[7:0]$1652
   995/1246: $1\make_diff8$func$rtl/state_stream_controller.v:129$1043.v[7:0]$1651
   996/1246: $1\make_diff8$func$rtl/state_stream_controller.v:129$1043.$result[7:0]$1650
   997/1246: $1\make_diff8$func$rtl/state_stream_controller.v:129$1042.x[8:0]$1649
   998/1246: $1\make_diff8$func$rtl/state_stream_controller.v:129$1042.u[7:0]$1648
   999/1246: $1\make_diff8$func$rtl/state_stream_controller.v:129$1042.v[7:0]$1647
  1000/1246: $1\make_diff8$func$rtl/state_stream_controller.v:129$1042.$result[7:0]$1646
  1001/1246: $1\make_diff8$func$rtl/state_stream_controller.v:129$1041.x[8:0]$1645
  1002/1246: $1\make_diff8$func$rtl/state_stream_controller.v:129$1041.u[7:0]$1644
  1003/1246: $1\make_diff8$func$rtl/state_stream_controller.v:129$1041.v[7:0]$1643
  1004/1246: $1\make_diff8$func$rtl/state_stream_controller.v:129$1041.$result[7:0]$1642
  1005/1246: $1\make_diff8$func$rtl/state_stream_controller.v:129$1040.x[8:0]$1641
  1006/1246: $1\make_diff8$func$rtl/state_stream_controller.v:129$1040.u[7:0]$1640
  1007/1246: $1\make_diff8$func$rtl/state_stream_controller.v:129$1040.v[7:0]$1639
  1008/1246: $1\make_diff8$func$rtl/state_stream_controller.v:129$1040.$result[7:0]$1638
  1009/1246: $1\make_diff8$func$rtl/state_stream_controller.v:129$1039.x[8:0]$1637
  1010/1246: $1\make_diff8$func$rtl/state_stream_controller.v:129$1039.u[7:0]$1636
  1011/1246: $1\make_diff8$func$rtl/state_stream_controller.v:129$1039.v[7:0]$1635
  1012/1246: $1\make_diff8$func$rtl/state_stream_controller.v:129$1039.$result[7:0]$1634
  1013/1246: $1\make_diff8$func$rtl/state_stream_controller.v:129$1038.x[8:0]$1633
  1014/1246: $1\make_diff8$func$rtl/state_stream_controller.v:129$1038.u[7:0]$1632
  1015/1246: $1\make_diff8$func$rtl/state_stream_controller.v:129$1038.v[7:0]$1631
  1016/1246: $1\make_diff8$func$rtl/state_stream_controller.v:129$1038.$result[7:0]$1630
  1017/1246: $1\make_diff8$func$rtl/state_stream_controller.v:129$1037.x[8:0]$1629
  1018/1246: $1\make_diff8$func$rtl/state_stream_controller.v:129$1037.u[7:0]$1628
  1019/1246: $1\make_diff8$func$rtl/state_stream_controller.v:129$1037.v[7:0]$1627
  1020/1246: $1\make_diff8$func$rtl/state_stream_controller.v:129$1037.$result[7:0]$1626
  1021/1246: $1\make_diff8$func$rtl/state_stream_controller.v:129$1036.x[8:0]$1625
  1022/1246: $1\make_diff8$func$rtl/state_stream_controller.v:129$1036.u[7:0]$1624
  1023/1246: $1\make_diff8$func$rtl/state_stream_controller.v:129$1036.v[7:0]$1623
  1024/1246: $1\make_diff8$func$rtl/state_stream_controller.v:129$1036.$result[7:0]$1622
  1025/1246: $1\make_diff8$func$rtl/state_stream_controller.v:129$1035.x[8:0]$1621
  1026/1246: $1\make_diff8$func$rtl/state_stream_controller.v:129$1035.u[7:0]$1620
  1027/1246: $1\make_diff8$func$rtl/state_stream_controller.v:129$1035.v[7:0]$1619
  1028/1246: $1\make_diff8$func$rtl/state_stream_controller.v:129$1035.$result[7:0]$1618
  1029/1246: $1\make_diff8$func$rtl/state_stream_controller.v:129$1034.x[8:0]$1617
  1030/1246: $1\make_diff8$func$rtl/state_stream_controller.v:129$1034.u[7:0]$1616
  1031/1246: $1\make_diff8$func$rtl/state_stream_controller.v:129$1034.v[7:0]$1615
  1032/1246: $1\make_diff8$func$rtl/state_stream_controller.v:129$1034.$result[7:0]$1614
  1033/1246: $1\make_diff8$func$rtl/state_stream_controller.v:129$1033.x[8:0]$1613
  1034/1246: $1\make_diff8$func$rtl/state_stream_controller.v:129$1033.u[7:0]$1612
  1035/1246: $1\make_diff8$func$rtl/state_stream_controller.v:129$1033.v[7:0]$1611
  1036/1246: $1\make_diff8$func$rtl/state_stream_controller.v:129$1033.$result[7:0]$1610
  1037/1246: $1\make_diff8$func$rtl/state_stream_controller.v:128$1032.x[8:0]$1609
  1038/1246: $1\make_diff8$func$rtl/state_stream_controller.v:128$1032.u[7:0]$1608
  1039/1246: $1\make_diff8$func$rtl/state_stream_controller.v:128$1032.v[7:0]$1607
  1040/1246: $1\make_diff8$func$rtl/state_stream_controller.v:128$1032.$result[7:0]$1606
  1041/1246: $1\make_diff8$func$rtl/state_stream_controller.v:128$1031.x[8:0]$1605
  1042/1246: $1\make_diff8$func$rtl/state_stream_controller.v:128$1031.u[7:0]$1604
  1043/1246: $1\make_diff8$func$rtl/state_stream_controller.v:128$1031.v[7:0]$1603
  1044/1246: $1\make_diff8$func$rtl/state_stream_controller.v:128$1031.$result[7:0]$1602
  1045/1246: $1\make_diff8$func$rtl/state_stream_controller.v:128$1030.x[8:0]$1601
  1046/1246: $1\make_diff8$func$rtl/state_stream_controller.v:128$1030.u[7:0]$1600
  1047/1246: $1\make_diff8$func$rtl/state_stream_controller.v:128$1030.v[7:0]$1599
  1048/1246: $1\make_diff8$func$rtl/state_stream_controller.v:128$1030.$result[7:0]$1598
  1049/1246: $1\make_diff8$func$rtl/state_stream_controller.v:128$1029.x[8:0]$1597
  1050/1246: $1\make_diff8$func$rtl/state_stream_controller.v:128$1029.u[7:0]$1596
  1051/1246: $1\make_diff8$func$rtl/state_stream_controller.v:128$1029.v[7:0]$1595
  1052/1246: $1\make_diff8$func$rtl/state_stream_controller.v:128$1029.$result[7:0]$1594
  1053/1246: $1\make_diff8$func$rtl/state_stream_controller.v:128$1028.x[8:0]$1593
  1054/1246: $1\make_diff8$func$rtl/state_stream_controller.v:128$1028.u[7:0]$1592
  1055/1246: $1\make_diff8$func$rtl/state_stream_controller.v:128$1028.v[7:0]$1591
  1056/1246: $1\make_diff8$func$rtl/state_stream_controller.v:128$1028.$result[7:0]$1590
  1057/1246: $1\make_diff8$func$rtl/state_stream_controller.v:128$1027.x[8:0]$1589
  1058/1246: $1\make_diff8$func$rtl/state_stream_controller.v:128$1027.u[7:0]$1588
  1059/1246: $1\make_diff8$func$rtl/state_stream_controller.v:128$1027.v[7:0]$1587
  1060/1246: $1\make_diff8$func$rtl/state_stream_controller.v:128$1027.$result[7:0]$1586
  1061/1246: $1\make_diff8$func$rtl/state_stream_controller.v:128$1026.x[8:0]$1585
  1062/1246: $1\make_diff8$func$rtl/state_stream_controller.v:128$1026.u[7:0]$1584
  1063/1246: $1\make_diff8$func$rtl/state_stream_controller.v:128$1026.v[7:0]$1583
  1064/1246: $1\make_diff8$func$rtl/state_stream_controller.v:128$1026.$result[7:0]$1582
  1065/1246: $1\make_diff8$func$rtl/state_stream_controller.v:128$1025.x[8:0]$1581
  1066/1246: $1\make_diff8$func$rtl/state_stream_controller.v:128$1025.u[7:0]$1580
  1067/1246: $1\make_diff8$func$rtl/state_stream_controller.v:128$1025.v[7:0]$1579
  1068/1246: $1\make_diff8$func$rtl/state_stream_controller.v:128$1025.$result[7:0]$1578
  1069/1246: $1\make_diff8$func$rtl/state_stream_controller.v:128$1024.x[8:0]$1577
  1070/1246: $1\make_diff8$func$rtl/state_stream_controller.v:128$1024.u[7:0]$1576
  1071/1246: $1\make_diff8$func$rtl/state_stream_controller.v:128$1024.v[7:0]$1575
  1072/1246: $1\make_diff8$func$rtl/state_stream_controller.v:128$1024.$result[7:0]$1574
  1073/1246: $1\make_diff8$func$rtl/state_stream_controller.v:128$1023.x[8:0]$1573
  1074/1246: $1\make_diff8$func$rtl/state_stream_controller.v:128$1023.u[7:0]$1572
  1075/1246: $1\make_diff8$func$rtl/state_stream_controller.v:128$1023.v[7:0]$1571
  1076/1246: $1\make_diff8$func$rtl/state_stream_controller.v:128$1023.$result[7:0]$1570
  1077/1246: $1\make_diff8$func$rtl/state_stream_controller.v:128$1022.x[8:0]$1569
  1078/1246: $1\make_diff8$func$rtl/state_stream_controller.v:128$1022.u[7:0]$1568
  1079/1246: $1\make_diff8$func$rtl/state_stream_controller.v:128$1022.v[7:0]$1567
  1080/1246: $1\make_diff8$func$rtl/state_stream_controller.v:128$1022.$result[7:0]$1566
  1081/1246: $1\make_diff8$func$rtl/state_stream_controller.v:128$1021.x[8:0]$1565
  1082/1246: $1\make_diff8$func$rtl/state_stream_controller.v:128$1021.u[7:0]$1564
  1083/1246: $1\make_diff8$func$rtl/state_stream_controller.v:128$1021.v[7:0]$1563
  1084/1246: $1\make_diff8$func$rtl/state_stream_controller.v:128$1021.$result[7:0]$1562
  1085/1246: $1\make_diff8$func$rtl/state_stream_controller.v:128$1020.x[8:0]$1561
  1086/1246: $1\make_diff8$func$rtl/state_stream_controller.v:128$1020.u[7:0]$1560
  1087/1246: $1\make_diff8$func$rtl/state_stream_controller.v:128$1020.v[7:0]$1559
  1088/1246: $1\make_diff8$func$rtl/state_stream_controller.v:128$1020.$result[7:0]$1558
  1089/1246: $1\make_diff8$func$rtl/state_stream_controller.v:128$1019.x[8:0]$1557
  1090/1246: $1\make_diff8$func$rtl/state_stream_controller.v:128$1019.u[7:0]$1556
  1091/1246: $1\make_diff8$func$rtl/state_stream_controller.v:128$1019.v[7:0]$1555
  1092/1246: $1\make_diff8$func$rtl/state_stream_controller.v:128$1019.$result[7:0]$1554
  1093/1246: $1\make_diff8$func$rtl/state_stream_controller.v:128$1018.x[8:0]$1553
  1094/1246: $1\make_diff8$func$rtl/state_stream_controller.v:128$1018.u[7:0]$1552
  1095/1246: $1\make_diff8$func$rtl/state_stream_controller.v:128$1018.v[7:0]$1551
  1096/1246: $1\make_diff8$func$rtl/state_stream_controller.v:128$1018.$result[7:0]$1550
  1097/1246: $1\make_diff8$func$rtl/state_stream_controller.v:128$1017.x[8:0]$1549
  1098/1246: $1\make_diff8$func$rtl/state_stream_controller.v:128$1017.u[7:0]$1548
  1099/1246: $1\make_diff8$func$rtl/state_stream_controller.v:128$1017.v[7:0]$1547
  1100/1246: $1\make_diff8$func$rtl/state_stream_controller.v:128$1017.$result[7:0]$1546
  1101/1246: $1\rq8$func$rtl/state_stream_controller.v:124$1016.x[14:0]$1545
  1102/1246: $1\rq8$func$rtl/state_stream_controller.v:124$1016.a[23:0]$1544
  1103/1246: $1\rq8$func$rtl/state_stream_controller.v:124$1016.$result[7:0]$1543
  1104/1246: $1\rq8$func$rtl/state_stream_controller.v:124$1015.x[14:0]$1542
  1105/1246: $1\rq8$func$rtl/state_stream_controller.v:124$1015.a[23:0]$1541
  1106/1246: $1\rq8$func$rtl/state_stream_controller.v:124$1015.$result[7:0]$1540
  1107/1246: $1\rq8$func$rtl/state_stream_controller.v:124$1014.x[14:0]$1539
  1108/1246: $1\rq8$func$rtl/state_stream_controller.v:124$1014.a[23:0]$1538
  1109/1246: $1\rq8$func$rtl/state_stream_controller.v:124$1014.$result[7:0]$1537
  1110/1246: $1\rq8$func$rtl/state_stream_controller.v:124$1013.x[14:0]$1536
  1111/1246: $1\rq8$func$rtl/state_stream_controller.v:124$1013.a[23:0]$1535
  1112/1246: $1\rq8$func$rtl/state_stream_controller.v:124$1013.$result[7:0]$1534
  1113/1246: $1\rq8$func$rtl/state_stream_controller.v:124$1012.x[14:0]$1533
  1114/1246: $1\rq8$func$rtl/state_stream_controller.v:124$1012.a[23:0]$1532
  1115/1246: $1\rq8$func$rtl/state_stream_controller.v:124$1012.$result[7:0]$1531
  1116/1246: $1\rq8$func$rtl/state_stream_controller.v:124$1011.x[14:0]$1530
  1117/1246: $1\rq8$func$rtl/state_stream_controller.v:124$1011.a[23:0]$1529
  1118/1246: $1\rq8$func$rtl/state_stream_controller.v:124$1011.$result[7:0]$1528
  1119/1246: $1\rq8$func$rtl/state_stream_controller.v:124$1010.x[14:0]$1527
  1120/1246: $1\rq8$func$rtl/state_stream_controller.v:124$1010.a[23:0]$1526
  1121/1246: $1\rq8$func$rtl/state_stream_controller.v:124$1010.$result[7:0]$1525
  1122/1246: $1\rq8$func$rtl/state_stream_controller.v:124$1009.x[14:0]$1524
  1123/1246: $1\rq8$func$rtl/state_stream_controller.v:124$1009.a[23:0]$1523
  1124/1246: $1\rq8$func$rtl/state_stream_controller.v:124$1009.$result[7:0]$1522
  1125/1246: $1\rq8$func$rtl/state_stream_controller.v:124$1008.x[14:0]$1521
  1126/1246: $1\rq8$func$rtl/state_stream_controller.v:124$1008.a[23:0]$1520
  1127/1246: $1\rq8$func$rtl/state_stream_controller.v:124$1008.$result[7:0]$1519
  1128/1246: $1\rq8$func$rtl/state_stream_controller.v:124$1007.x[14:0]$1518
  1129/1246: $1\rq8$func$rtl/state_stream_controller.v:124$1007.a[23:0]$1517
  1130/1246: $1\rq8$func$rtl/state_stream_controller.v:124$1007.$result[7:0]$1516
  1131/1246: $1\rq8$func$rtl/state_stream_controller.v:124$1006.x[14:0]$1515
  1132/1246: $1\rq8$func$rtl/state_stream_controller.v:124$1006.a[23:0]$1514
  1133/1246: $1\rq8$func$rtl/state_stream_controller.v:124$1006.$result[7:0]$1513
  1134/1246: $1\rq8$func$rtl/state_stream_controller.v:124$1005.x[14:0]$1512
  1135/1246: $1\rq8$func$rtl/state_stream_controller.v:124$1005.a[23:0]$1511
  1136/1246: $1\rq8$func$rtl/state_stream_controller.v:124$1005.$result[7:0]$1510
  1137/1246: $1\rq8$func$rtl/state_stream_controller.v:124$1004.x[14:0]$1509
  1138/1246: $1\rq8$func$rtl/state_stream_controller.v:124$1004.a[23:0]$1508
  1139/1246: $1\rq8$func$rtl/state_stream_controller.v:124$1004.$result[7:0]$1507
  1140/1246: $1\rq8$func$rtl/state_stream_controller.v:124$1003.x[14:0]$1506
  1141/1246: $1\rq8$func$rtl/state_stream_controller.v:124$1003.a[23:0]$1505
  1142/1246: $1\rq8$func$rtl/state_stream_controller.v:124$1003.$result[7:0]$1504
  1143/1246: $1\rq8$func$rtl/state_stream_controller.v:124$1002.x[14:0]$1503
  1144/1246: $1\rq8$func$rtl/state_stream_controller.v:124$1002.a[23:0]$1502
  1145/1246: $1\rq8$func$rtl/state_stream_controller.v:124$1002.$result[7:0]$1501
  1146/1246: $1\rq8$func$rtl/state_stream_controller.v:124$1001.x[14:0]$1500
  1147/1246: $1\rq8$func$rtl/state_stream_controller.v:124$1001.a[23:0]$1499
  1148/1246: $1\rq8$func$rtl/state_stream_controller.v:124$1001.$result[7:0]$1498
  1149/1246: $1\rq8$func$rtl/state_stream_controller.v:123$1000.x[14:0]$1497
  1150/1246: $1\rq8$func$rtl/state_stream_controller.v:123$1000.a[23:0]$1496
  1151/1246: $1\rq8$func$rtl/state_stream_controller.v:123$1000.$result[7:0]$1495
  1152/1246: $1\rq8$func$rtl/state_stream_controller.v:123$999.x[14:0]$1494
  1153/1246: $1\rq8$func$rtl/state_stream_controller.v:123$999.a[23:0]$1493
  1154/1246: $1\rq8$func$rtl/state_stream_controller.v:123$999.$result[7:0]$1492
  1155/1246: $1\rq8$func$rtl/state_stream_controller.v:123$998.x[14:0]$1491
  1156/1246: $1\rq8$func$rtl/state_stream_controller.v:123$998.a[23:0]$1490
  1157/1246: $1\rq8$func$rtl/state_stream_controller.v:123$998.$result[7:0]$1489
  1158/1246: $1\rq8$func$rtl/state_stream_controller.v:123$997.x[14:0]$1488
  1159/1246: $1\rq8$func$rtl/state_stream_controller.v:123$997.a[23:0]$1487
  1160/1246: $1\rq8$func$rtl/state_stream_controller.v:123$997.$result[7:0]$1486
  1161/1246: $1\rq8$func$rtl/state_stream_controller.v:123$996.x[14:0]$1485
  1162/1246: $1\rq8$func$rtl/state_stream_controller.v:123$996.a[23:0]$1484
  1163/1246: $1\rq8$func$rtl/state_stream_controller.v:123$996.$result[7:0]$1483
  1164/1246: $1\rq8$func$rtl/state_stream_controller.v:123$995.x[14:0]$1482
  1165/1246: $1\rq8$func$rtl/state_stream_controller.v:123$995.a[23:0]$1481
  1166/1246: $1\rq8$func$rtl/state_stream_controller.v:123$995.$result[7:0]$1480
  1167/1246: $1\rq8$func$rtl/state_stream_controller.v:123$994.x[14:0]$1479
  1168/1246: $1\rq8$func$rtl/state_stream_controller.v:123$994.a[23:0]$1478
  1169/1246: $1\rq8$func$rtl/state_stream_controller.v:123$994.$result[7:0]$1477
  1170/1246: $1\rq8$func$rtl/state_stream_controller.v:123$993.x[14:0]$1476
  1171/1246: $1\rq8$func$rtl/state_stream_controller.v:123$993.a[23:0]$1475
  1172/1246: $1\rq8$func$rtl/state_stream_controller.v:123$993.$result[7:0]$1474
  1173/1246: $1\rq8$func$rtl/state_stream_controller.v:123$992.x[14:0]$1473
  1174/1246: $1\rq8$func$rtl/state_stream_controller.v:123$992.a[23:0]$1472
  1175/1246: $1\rq8$func$rtl/state_stream_controller.v:123$992.$result[7:0]$1471
  1176/1246: $1\rq8$func$rtl/state_stream_controller.v:123$991.x[14:0]$1470
  1177/1246: $1\rq8$func$rtl/state_stream_controller.v:123$991.a[23:0]$1469
  1178/1246: $1\rq8$func$rtl/state_stream_controller.v:123$991.$result[7:0]$1468
  1179/1246: $1\rq8$func$rtl/state_stream_controller.v:123$990.x[14:0]$1467
  1180/1246: $1\rq8$func$rtl/state_stream_controller.v:123$990.a[23:0]$1466
  1181/1246: $1\rq8$func$rtl/state_stream_controller.v:123$990.$result[7:0]$1465
  1182/1246: $1\rq8$func$rtl/state_stream_controller.v:123$989.x[14:0]$1464
  1183/1246: $1\rq8$func$rtl/state_stream_controller.v:123$989.a[23:0]$1463
  1184/1246: $1\rq8$func$rtl/state_stream_controller.v:123$989.$result[7:0]$1462
  1185/1246: $1\rq8$func$rtl/state_stream_controller.v:123$988.x[14:0]$1461
  1186/1246: $1\rq8$func$rtl/state_stream_controller.v:123$988.a[23:0]$1460
  1187/1246: $1\rq8$func$rtl/state_stream_controller.v:123$988.$result[7:0]$1459
  1188/1246: $1\rq8$func$rtl/state_stream_controller.v:123$987.x[14:0]$1458
  1189/1246: $1\rq8$func$rtl/state_stream_controller.v:123$987.a[23:0]$1457
  1190/1246: $1\rq8$func$rtl/state_stream_controller.v:123$987.$result[7:0]$1456
  1191/1246: $1\rq8$func$rtl/state_stream_controller.v:123$986.x[14:0]$1455
  1192/1246: $1\rq8$func$rtl/state_stream_controller.v:123$986.a[23:0]$1454
  1193/1246: $1\rq8$func$rtl/state_stream_controller.v:123$986.$result[7:0]$1453
  1194/1246: $1\rq8$func$rtl/state_stream_controller.v:123$985.x[14:0]$1452
  1195/1246: $1\rq8$func$rtl/state_stream_controller.v:123$985.a[23:0]$1451
  1196/1246: $1\rq8$func$rtl/state_stream_controller.v:123$985.$result[7:0]$1450
  1197/1246: $1\i[31:0]
  1198/1246: $0\done[0:0]
  1199/1246: $0\acc[31][23:0]
  1200/1246: $0\acc[30][23:0]
  1201/1246: $0\acc[29][23:0]
  1202/1246: $0\acc[28][23:0]
  1203/1246: $0\acc[27][23:0]
  1204/1246: $0\acc[26][23:0]
  1205/1246: $0\acc[25][23:0]
  1206/1246: $0\acc[24][23:0]
  1207/1246: $0\acc[23][23:0]
  1208/1246: $0\acc[22][23:0]
  1209/1246: $0\acc[21][23:0]
  1210/1246: $0\acc[20][23:0]
  1211/1246: $0\acc[19][23:0]
  1212/1246: $0\acc[18][23:0]
  1213/1246: $0\acc[17][23:0]
  1214/1246: $0\acc[16][23:0]
  1215/1246: $0\acc[15][23:0]
  1216/1246: $0\acc[14][23:0]
  1217/1246: $0\acc[13][23:0]
  1218/1246: $0\acc[12][23:0]
  1219/1246: $0\acc[11][23:0]
  1220/1246: $0\acc[10][23:0]
  1221/1246: $0\acc[9][23:0]
  1222/1246: $0\acc[8][23:0]
  1223/1246: $0\acc[7][23:0]
  1224/1246: $0\acc[6][23:0]
  1225/1246: $0\acc[5][23:0]
  1226/1246: $0\acc[4][23:0]
  1227/1246: $0\acc[3][23:0]
  1228/1246: $0\acc[2][23:0]
  1229/1246: $0\acc[1][23:0]
  1230/1246: $0\acc[0][23:0]
  1231/1246: $3\rq8$func$rtl/state_stream_controller.v:123$985.$result[7:0]$2149
  1232/1246: $3\make_diff8$func$rtl/state_stream_controller.v:128$1017.$result[7:0]$2406
  1233/1246: $0\state_build[255:0] [191:128]
  1234/1246: $6\i[31:0]
  1235/1246: $3\i[31:0]
  1236/1246: $0\state_word[255:0]
  1237/1246: $0\q_cache[63:0]
  1238/1246: $0\k_cache[63:0]
  1239/1246: $0\gate_cache[127:0]
  1240/1246: $0\vword[1:0]
  1241/1246: $0\read_issued[0:0]
  1242/1246: $0\diff_half[0:0]
  1243/1246: $0\row[6:0]
  1244/1246: $0\group[1:0]
  1245/1246: $0\chunk[1:0]
  1246/1246: $0\fsm[23:0]
Creating decoders for process `\state_stream_controller.$proc$rtl/state_stream_controller.v:61$1099'.
     1/43: $3\state_rd_addr[8:0]
     2/43: $3\state_rd_bank[0:0]
     3/43: $3\state_rd_en[0:0]
     4/43: $5\ivec_rd_word_addr[3:0]
     5/43: $5\ivec_rd_vector_sel[1:0]
     6/43: $5\ivec_rd_en[0:0]
     7/43: $4\ivec_rd_word_addr[3:0]
     8/43: $4\ivec_rd_vector_sel[1:0]
     9/43: $4\ivec_rd_en[0:0]
    10/43: $4\act_rd_addr[8:0]
    11/43: $4\act_rd_bank[0:0]
    12/43: $4\act_rd_en[0:0]
    13/43: $3\act_rd_addr[8:0]
    14/43: $3\act_rd_bank[0:0]
    15/43: $3\act_rd_en[0:0]
    16/43: $3\ivec_rd_word_addr[3:0]
    17/43: $3\ivec_rd_vector_sel[1:0]
    18/43: $3\ivec_rd_en[0:0]
    19/43: $2\state_rd_addr[8:0]
    20/43: $2\state_rd_bank[0:0]
    21/43: $2\state_rd_en[0:0]
    22/43: $2\ivec_rd_word_addr[3:0]
    23/43: $2\ivec_rd_vector_sel[1:0]
    24/43: $2\ivec_rd_en[0:0]
    25/43: $2\act_rd_addr[8:0]
    26/43: $2\act_rd_bank[0:0]
    27/43: $2\act_rd_en[0:0]
    28/43: $1\act_rd_addr[8:0]
    29/43: $1\act_rd_bank[0:0]
    30/43: $1\act_rd_en[0:0]
    31/43: $1\ivec_rd_word_addr[3:0]
    32/43: $1\ivec_rd_vector_sel[1:0]
    33/43: $1\ivec_rd_en[0:0]
    34/43: $1\act_wr_data[127:0]
    35/43: $1\act_wr_addr[8:0]
    36/43: $1\act_wr_bank[0:0]
    37/43: $1\act_wr_en[0:0]
    38/43: $1\state_wr_addr[8:0]
    39/43: $1\state_wr_bank[0:0]
    40/43: $1\state_wr_en[0:0]
    41/43: $1\state_rd_addr[8:0]
    42/43: $1\state_rd_bank[0:0]
    43/43: $1\state_rd_en[0:0]
Creating decoders for process `\state_stream_controller.$proc$rtl/state_stream_controller.v:43$1097'.
     1/2: $1\engine_diff_slice[63:0]
     2/2: $1\engine_state_slice[63:0]
Creating decoders for process `\state_word_engine.$proc$rtl/state_word_engine.v:33$709'.
     1/288: $5\sat10$func$rtl/state_word_engine.v:67$708.$result[7:0]$966
     2/288: $4\sat10$func$rtl/state_word_engine.v:67$708.$result[7:0]$964
     3/288: $3\sat10$func$rtl/state_word_engine.v:67$708.$result[7:0]$959
     4/288: $3\sat10$func$rtl/state_word_engine.v:67$708.z[9:0]$960
     5/288: $5\sat10$func$rtl/state_word_engine.v:67$707.$result[7:0]$957
     6/288: $4\sat10$func$rtl/state_word_engine.v:67$707.$result[7:0]$955
     7/288: $0\n4[63:0] [63:56]
     8/288: $0\n4[63:0] [55:48]
     9/288: $3\sat10$func$rtl/state_word_engine.v:67$707.z[9:0]$951
    10/288: $5\sat10$func$rtl/state_word_engine.v:67$706.$result[7:0]$948
    11/288: $4\sat10$func$rtl/state_word_engine.v:67$706.$result[7:0]$946
    12/288: $3\sat10$func$rtl/state_word_engine.v:67$707.$result[7:0]$950
    13/288: $0\n4[63:0] [47:40]
    14/288: $3\sat10$func$rtl/state_word_engine.v:67$706.z[9:0]$942
    15/288: $5\sat10$func$rtl/state_word_engine.v:67$705.$result[7:0]$939
    16/288: $4\sat10$func$rtl/state_word_engine.v:67$705.$result[7:0]$937
    17/288: $3\sat10$func$rtl/state_word_engine.v:67$706.$result[7:0]$941
    18/288: $0\n4[63:0] [39:32]
    19/288: $3\sat10$func$rtl/state_word_engine.v:67$705.z[9:0]$933
    20/288: $5\sat10$func$rtl/state_word_engine.v:67$704.$result[7:0]$930
    21/288: $4\sat10$func$rtl/state_word_engine.v:67$704.$result[7:0]$928
    22/288: $3\sat10$func$rtl/state_word_engine.v:67$705.$result[7:0]$932
    23/288: $0\n4[63:0] [31:24]
    24/288: $3\sat10$func$rtl/state_word_engine.v:67$704.z[9:0]$924
    25/288: $5\sat10$func$rtl/state_word_engine.v:67$703.$result[7:0]$921
    26/288: $4\sat10$func$rtl/state_word_engine.v:67$703.$result[7:0]$919
    27/288: $3\sat10$func$rtl/state_word_engine.v:67$704.$result[7:0]$923
    28/288: $0\n4[63:0] [23:16]
    29/288: $3\sat10$func$rtl/state_word_engine.v:67$703.z[9:0]$915
    30/288: $5\sat10$func$rtl/state_word_engine.v:67$702.$result[7:0]$912
    31/288: $4\sat10$func$rtl/state_word_engine.v:67$702.$result[7:0]$910
    32/288: $3\sat10$func$rtl/state_word_engine.v:67$703.$result[7:0]$914
    33/288: $0\n4[63:0] [15:8]
    34/288: $3\sat10$func$rtl/state_word_engine.v:67$702.z[9:0]$906
    35/288: $5\sat10$func$rtl/state_word_engine.v:67$701.$result[7:0]$903
    36/288: $4\sat10$func$rtl/state_word_engine.v:67$701.$result[7:0]$901
    37/288: $3\sat10$func$rtl/state_word_engine.v:67$702.$result[7:0]$905
    38/288: $0\n4[63:0] [7:0]
    39/288: $3\sat10$func$rtl/state_word_engine.v:67$701.z[9:0]$897
    40/288: $6\i[31:0]
    41/288: $2\sat10$func$rtl/state_word_engine.v:67$708.z[9:0]$894
    42/288: $2\sat10$func$rtl/state_word_engine.v:67$708.$result[7:0]$893
    43/288: $2\sat10$func$rtl/state_word_engine.v:67$707.z[9:0]$892
    44/288: $2\sat10$func$rtl/state_word_engine.v:67$707.$result[7:0]$891
    45/288: $2\sat10$func$rtl/state_word_engine.v:67$706.z[9:0]$890
    46/288: $2\sat10$func$rtl/state_word_engine.v:67$706.$result[7:0]$889
    47/288: $2\sat10$func$rtl/state_word_engine.v:67$705.z[9:0]$888
    48/288: $2\sat10$func$rtl/state_word_engine.v:67$705.$result[7:0]$887
    49/288: $2\sat10$func$rtl/state_word_engine.v:67$704.z[9:0]$886
    50/288: $2\sat10$func$rtl/state_word_engine.v:67$704.$result[7:0]$885
    51/288: $2\sat10$func$rtl/state_word_engine.v:67$703.z[9:0]$884
    52/288: $2\sat10$func$rtl/state_word_engine.v:67$703.$result[7:0]$883
    53/288: $2\sat10$func$rtl/state_word_engine.v:67$702.z[9:0]$882
    54/288: $2\sat10$func$rtl/state_word_engine.v:67$702.$result[7:0]$881
    55/288: $2\sat10$func$rtl/state_word_engine.v:67$701.z[9:0]$880
    56/288: $2\sat10$func$rtl/state_word_engine.v:67$701.$result[7:0]$879
    57/288: $5\i[31:0]
    58/288: $4\sat9$func$rtl/state_word_engine.v:55$700.$result[7:0]$860
    59/288: $3\sat9$func$rtl/state_word_engine.v:55$700.$result[7:0]$858
    60/288: $4\sat9$func$rtl/state_word_engine.v:55$699.$result[7:0]$853
    61/288: $3\sat9$func$rtl/state_word_engine.v:55$699.$result[7:0]$851
    62/288: $4\sat9$func$rtl/state_word_engine.v:55$698.$result[7:0]$846
    63/288: $3\sat9$func$rtl/state_word_engine.v:55$698.$result[7:0]$844
    64/288: $4\sat9$func$rtl/state_word_engine.v:55$697.$result[7:0]$839
    65/288: $3\sat9$func$rtl/state_word_engine.v:55$697.$result[7:0]$837
    66/288: $4\sat9$func$rtl/state_word_engine.v:55$696.$result[7:0]$832
    67/288: $3\sat9$func$rtl/state_word_engine.v:55$696.$result[7:0]$830
    68/288: $4\sat9$func$rtl/state_word_engine.v:55$695.$result[7:0]$825
    69/288: $3\sat9$func$rtl/state_word_engine.v:55$695.$result[7:0]$823
    70/288: $4\sat9$func$rtl/state_word_engine.v:55$694.$result[7:0]$818
    71/288: $3\sat9$func$rtl/state_word_engine.v:55$694.$result[7:0]$816
    72/288: $4\sat9$func$rtl/state_word_engine.v:55$693.$result[7:0]$811
    73/288: $3\sat9$func$rtl/state_word_engine.v:55$693.$result[7:0]$809
    74/288: $4\i[31:0]
    75/288: $2\sat9$func$rtl/state_word_engine.v:55$700.$result[7:0]$805
    76/288: $2\sat9$func$rtl/state_word_engine.v:55$700.z[8:0]$806
    77/288: $0\n2[63:0] [63:56]
    78/288: $0\n2[63:0] [55:48]
    79/288: $2\sat9$func$rtl/state_word_engine.v:55$699.z[8:0]$804
    80/288: $2\sat9$func$rtl/state_word_engine.v:55$699.$result[7:0]$803
    81/288: $0\n2[63:0] [47:40]
    82/288: $2\sat9$func$rtl/state_word_engine.v:55$698.z[8:0]$802
    83/288: $2\sat9$func$rtl/state_word_engine.v:55$698.$result[7:0]$801
    84/288: $0\n2[63:0] [39:32]
    85/288: $2\sat9$func$rtl/state_word_engine.v:55$697.z[8:0]$800
    86/288: $2\sat9$func$rtl/state_word_engine.v:55$697.$result[7:0]$799
    87/288: $0\n2[63:0] [31:24]
    88/288: $2\sat9$func$rtl/state_word_engine.v:55$696.z[8:0]$798
    89/288: $2\sat9$func$rtl/state_word_engine.v:55$696.$result[7:0]$797
    90/288: $0\n2[63:0] [23:16]
    91/288: $2\sat9$func$rtl/state_word_engine.v:55$695.z[8:0]$796
    92/288: $2\sat9$func$rtl/state_word_engine.v:55$695.$result[7:0]$795
    93/288: $0\n2[63:0] [15:8]
    94/288: $2\sat9$func$rtl/state_word_engine.v:55$694.z[8:0]$794
    95/288: $2\sat9$func$rtl/state_word_engine.v:55$694.$result[7:0]$793
    96/288: $0\n2[63:0] [7:0]
    97/288: $2\sat9$func$rtl/state_word_engine.v:55$693.z[8:0]$792
    98/288: $3\i[31:0]
    99/288: $2\i[31:0]
   100/288: $1\sat10$func$rtl/state_word_engine.v:67$708.z[9:0]$774
   101/288: $1\sat10$func$rtl/state_word_engine.v:67$708.$result[7:0]$773
   102/288: $1\sat10$func$rtl/state_word_engine.v:67$707.z[9:0]$772
   103/288: $1\sat10$func$rtl/state_word_engine.v:67$707.$result[7:0]$771
   104/288: $1\sat10$func$rtl/state_word_engine.v:67$706.z[9:0]$770
   105/288: $1\sat10$func$rtl/state_word_engine.v:67$706.$result[7:0]$769
   106/288: $1\sat10$func$rtl/state_word_engine.v:67$705.z[9:0]$768
   107/288: $1\sat10$func$rtl/state_word_engine.v:67$705.$result[7:0]$767
   108/288: $1\sat10$func$rtl/state_word_engine.v:67$704.z[9:0]$766
   109/288: $1\sat10$func$rtl/state_word_engine.v:67$704.$result[7:0]$765
   110/288: $1\sat10$func$rtl/state_word_engine.v:67$703.z[9:0]$764
   111/288: $1\sat10$func$rtl/state_word_engine.v:67$703.$result[7:0]$763
   112/288: $1\sat10$func$rtl/state_word_engine.v:67$702.z[9:0]$762
   113/288: $1\sat10$func$rtl/state_word_engine.v:67$702.$result[7:0]$761
   114/288: $1\sat10$func$rtl/state_word_engine.v:67$701.z[9:0]$760
   115/288: $1\sat10$func$rtl/state_word_engine.v:67$701.$result[7:0]$759
   116/288: $1\i[31:0]
   117/288: $1\sat9$func$rtl/state_word_engine.v:55$700.z[8:0]$758
   118/288: $1\sat9$func$rtl/state_word_engine.v:55$700.$result[7:0]$757
   119/288: $1\sat9$func$rtl/state_word_engine.v:55$699.z[8:0]$756
   120/288: $1\sat9$func$rtl/state_word_engine.v:55$699.$result[7:0]$755
   121/288: $1\sat9$func$rtl/state_word_engine.v:55$698.z[8:0]$754
   122/288: $1\sat9$func$rtl/state_word_engine.v:55$698.$result[7:0]$753
   123/288: $1\sat9$func$rtl/state_word_engine.v:55$697.z[8:0]$752
   124/288: $1\sat9$func$rtl/state_word_engine.v:55$697.$result[7:0]$751
   125/288: $1\sat9$func$rtl/state_word_engine.v:55$696.z[8:0]$750
   126/288: $1\sat9$func$rtl/state_word_engine.v:55$696.$result[7:0]$749
   127/288: $1\sat9$func$rtl/state_word_engine.v:55$695.z[8:0]$748
   128/288: $1\sat9$func$rtl/state_word_engine.v:55$695.$result[7:0]$747
   129/288: $1\sat9$func$rtl/state_word_engine.v:55$694.z[8:0]$746
   130/288: $1\sat9$func$rtl/state_word_engine.v:55$694.$result[7:0]$745
   131/288: $1\sat9$func$rtl/state_word_engine.v:55$693.z[8:0]$744
   132/288: $1\sat9$func$rtl/state_word_engine.v:55$693.$result[7:0]$743
   133/288: $0\out_valid[0:0]
   134/288: $0\v4[0:0]
   135/288: $0\v3[0:0]
   136/288: $0\v2[0:0]
   137/288: $0\v1[0:0]
   138/288: $0\v0[0:0]
   139/288: $0\coef4[7][7:0]
   140/288: $0\coef4[6][7:0]
   141/288: $0\coef4[5][7:0]
   142/288: $0\coef4[4][7:0]
   143/288: $0\coef4[3][7:0]
   144/288: $0\coef4[2][7:0]
   145/288: $0\coef4[1][7:0]
   146/288: $0\coef4[0][7:0]
   147/288: $0\bkd3[7][23:0]
   148/288: $0\bkd3[6][23:0]
   149/288: $0\bkd3[5][23:0]
   150/288: $0\bkd3[4][23:0]
   151/288: $0\bkd3[3][23:0]
   152/288: $0\bkd3[2][23:0]
   153/288: $0\bkd3[1][23:0]
   154/288: $0\bkd3[0][23:0]
   155/288: $0\q3[7][7:0]
   156/288: $0\q3[6][7:0]
   157/288: $0\q3[5][7:0]
   158/288: $0\q3[4][7:0]
   159/288: $0\q3[3][7:0]
   160/288: $0\q3[2][7:0]
   161/288: $0\q3[1][7:0]
   162/288: $0\q3[0][7:0]
   163/288: $0\k3[7][7:0]
   164/288: $0\k3[6][7:0]
   165/288: $0\k3[5][7:0]
   166/288: $0\k3[4][7:0]
   167/288: $0\k3[3][7:0]
   168/288: $0\k3[2][7:0]
   169/288: $0\k3[1][7:0]
   170/288: $0\k3[0][7:0]
   171/288: $0\bkd_hi2[7][15:0]
   172/288: $0\bkd_hi2[6][15:0]
   173/288: $0\bkd_hi2[5][15:0]
   174/288: $0\bkd_hi2[4][15:0]
   175/288: $0\bkd_hi2[3][15:0]
   176/288: $0\bkd_hi2[2][15:0]
   177/288: $0\bkd_hi2[1][15:0]
   178/288: $0\bkd_hi2[0][15:0]
   179/288: $0\bkd_lo2[7][16:0]
   180/288: $0\bkd_lo2[6][16:0]
   181/288: $0\bkd_lo2[5][16:0]
   182/288: $0\bkd_lo2[4][16:0]
   183/288: $0\bkd_lo2[3][16:0]
   184/288: $0\bkd_lo2[2][16:0]
   185/288: $0\bkd_lo2[1][16:0]
   186/288: $0\bkd_lo2[0][16:0]
   187/288: $0\q2[7][7:0]
   188/288: $0\q2[6][7:0]
   189/288: $0\q2[5][7:0]
   190/288: $0\q2[4][7:0]
   191/288: $0\q2[3][7:0]
   192/288: $0\q2[2][7:0]
   193/288: $0\q2[1][7:0]
   194/288: $0\q2[0][7:0]
   195/288: $0\k2[7][7:0]
   196/288: $0\k2[6][7:0]
   197/288: $0\k2[5][7:0]
   198/288: $0\k2[4][7:0]
   199/288: $0\k2[3][7:0]
   200/288: $0\k2[2][7:0]
   201/288: $0\k2[1][7:0]
   202/288: $0\k2[0][7:0]
   203/288: $0\bk1[7][15:0]
   204/288: $0\bk1[6][15:0]
   205/288: $0\bk1[5][15:0]
   206/288: $0\bk1[4][15:0]
   207/288: $0\bk1[3][15:0]
   208/288: $0\bk1[2][15:0]
   209/288: $0\bk1[1][15:0]
   210/288: $0\bk1[0][15:0]
   211/288: $0\sa1[7][15:0]
   212/288: $0\sa1[6][15:0]
   213/288: $0\sa1[5][15:0]
   214/288: $0\sa1[4][15:0]
   215/288: $0\sa1[3][15:0]
   216/288: $0\sa1[2][15:0]
   217/288: $0\sa1[1][15:0]
   218/288: $0\sa1[0][15:0]
   219/288: $0\q1[7][7:0]
   220/288: $0\q1[6][7:0]
   221/288: $0\q1[5][7:0]
   222/288: $0\q1[4][7:0]
   223/288: $0\q1[3][7:0]
   224/288: $0\q1[2][7:0]
   225/288: $0\q1[1][7:0]
   226/288: $0\q1[0][7:0]
   227/288: $0\k1[7][7:0]
   228/288: $0\k1[6][7:0]
   229/288: $0\k1[5][7:0]
   230/288: $0\k1[4][7:0]
   231/288: $0\k1[3][7:0]
   232/288: $0\k1[2][7:0]
   233/288: $0\k1[1][7:0]
   234/288: $0\k1[0][7:0]
   235/288: $0\q0[7][7:0]
   236/288: $0\q0[6][7:0]
   237/288: $0\q0[5][7:0]
   238/288: $0\q0[4][7:0]
   239/288: $0\q0[3][7:0]
   240/288: $0\q0[2][7:0]
   241/288: $0\q0[1][7:0]
   242/288: $0\q0[0][7:0]
   243/288: $0\k0[7][7:0]
   244/288: $0\k0[6][7:0]
   245/288: $0\k0[5][7:0]
   246/288: $0\k0[4][7:0]
   247/288: $0\k0[3][7:0]
   248/288: $0\k0[2][7:0]
   249/288: $0\k0[1][7:0]
   250/288: $0\k0[0][7:0]
   251/288: $0\beta0[7][7:0]
   252/288: $0\beta0[6][7:0]
   253/288: $0\beta0[5][7:0]
   254/288: $0\beta0[4][7:0]
   255/288: $0\beta0[3][7:0]
   256/288: $0\beta0[2][7:0]
   257/288: $0\beta0[1][7:0]
   258/288: $0\beta0[0][7:0]
   259/288: $0\alpha0[7][7:0]
   260/288: $0\alpha0[6][7:0]
   261/288: $0\alpha0[5][7:0]
   262/288: $0\alpha0[4][7:0]
   263/288: $0\alpha0[3][7:0]
   264/288: $0\alpha0[2][7:0]
   265/288: $0\alpha0[1][7:0]
   266/288: $0\alpha0[0][7:0]
   267/288: $3\sat10$func$rtl/state_word_engine.v:67$701.$result[7:0]$896
   268/288: $0\n3[63:0]
   269/288: $2\sat9$func$rtl/state_word_engine.v:55$693.$result[7:0]$791
   270/288: $0\s3[63:0]
   271/288: $0\s2[63:0]
   272/288: $0\d1[63:0]
   273/288: $0\s1[63:0]
   274/288: $0\d0[63:0]
   275/288: $0\s0[63:0]
   276/288: $0\p3[0:0]
   277/288: $0\p2[0:0]
   278/288: $0\p1[0:0]
   279/288: $0\p0[0:0]
   280/288: $0\term7[23:0]
   281/288: $0\term6[23:0]
   282/288: $0\term5[23:0]
   283/288: $0\term4[23:0]
   284/288: $0\term3[23:0]
   285/288: $0\term2[23:0]
   286/288: $0\term1[23:0]
   287/288: $0\term0[23:0]
   288/288: $0\updated_slice[63:0]
Creating decoders for process `\conv_unit_serial.$proc$rtl/conv_unit_serial.v:8$657'.
     1/25: $4\d[8:0]
     2/25: $3\d[8:0]
     3/25: $4\satq$func$rtl/conv_unit_serial.v:8$642.$result[7:0]$680
     4/25: $3\satq$func$rtl/conv_unit_serial.v:8$642.$result[7:0]$678
     5/25: $4\satq$func$rtl/conv_unit_serial.v:8$641.$result[7:0]$675
     6/25: $3\satq$func$rtl/conv_unit_serial.v:8$641.$result[7:0]$673
     7/25: $2\d[8:0]
     8/25: $2\rb[7:0]
     9/25: $2\satq$func$rtl/conv_unit_serial.v:8$642.$result[7:0]$669
    10/25: $2\s[17:0]
    11/25: $2\satq$func$rtl/conv_unit_serial.v:8$642.z[17:0]$670
    12/25: $2\ra[7:0]
    13/25: $2\satq$func$rtl/conv_unit_serial.v:8$641.$result[7:0]$667
    14/25: $2\satq$func$rtl/conv_unit_serial.v:8$641.z[17:0]$668
    15/25: $0\out_valid[0:0]
    16/25: $1\satq$func$rtl/conv_unit_serial.v:8$642.z[17:0]$666
    17/25: $1\satq$func$rtl/conv_unit_serial.v:8$642.$result[7:0]$665
    18/25: $1\satq$func$rtl/conv_unit_serial.v:8$641.z[17:0]$664
    19/25: $1\satq$func$rtl/conv_unit_serial.v:8$641.$result[7:0]$663
    20/25: $1\d[8:0]
    21/25: $1\rb[7:0]
    22/25: $1\ra[7:0]
    23/25: $1\s[17:0]
    24/25: $0\beta[7:0]
    25/25: $0\alpha[7:0]
Creating decoders for process `\mac_array_16x16.$proc$rtl/mac_array_16x16.v:0$578'.
Creating decoders for process `\mac_array_16x16.$proc$rtl/mac_array_16x16.v:22$562'.
     1/23: $4\sat24$func$rtl/mac_array_16x16.v:28$560.$result[23:0]$577
     2/23: $3\sat24$func$rtl/mac_array_16x16.v:28$560.$result[23:0]$575
     3/23: $2\sat24$func$rtl/mac_array_16x16.v:28$560.$result[23:0]$570
     4/23: $2\sat24$func$rtl/mac_array_16x16.v:28$560.x[24:0]$571
     5/23: $2\total[24:0]
     6/23: $2\j[31:0]
     7/23: $1\j[31:0]
     8/23: $0\last_q[0:0]
     9/23: $0\clear_q[0:0]
    10/23: $0\valid_q[0:0]
    11/23: $0\result_valid[0:0]
    12/23: $1\sat24$func$rtl/mac_array_16x16.v:28$560.x[24:0]$567
    13/23: $1\sat24$func$rtl/mac_array_16x16.v:28$560.$result[23:0]$566
    14/23: $1\total[24:0]
    15/23: $0\s2q[7][17:0]
    16/23: $0\s2q[6][17:0]
    17/23: $0\s2q[5][17:0]
    18/23: $0\s2q[4][17:0]
    19/23: $0\s2q[3][17:0]
    20/23: $0\s2q[2][17:0]
    21/23: $0\s2q[1][17:0]
    22/23: $0\s2q[0][17:0]
    23/23: $0\result[23:0]
Creating decoders for process `\requant.$proc$rtl/requant.v:4$554'.
     1/2: $2\out_data[7:0]
     2/2: $1\out_data[7:0]
Creating decoders for process `\intermediate_sram.$proc$rtl/intermediate_sram.v:0$553'.
Creating decoders for process `\intermediate_sram.$proc$rtl/intermediate_sram.v:10$460'.
     1/25: $1$lookahead\pack[3]$459[63:0]$531
     2/25: $1$bitselwrite$data$rtl/intermediate_sram.v:13$454[63:0]$529
     3/25: $1$bitselwrite$mask$rtl/intermediate_sram.v:13$453[63:0]$528
     4/25: $1$bitselwrite$sel$rtl/intermediate_sram.v:13$455[31:0]$530
     5/25: $0\macro_we[3:0] [3]
     6/25: $0\macro_we[3:0] [2]
     7/25: $1$bitselwrite$data$rtl/intermediate_sram.v:13$451[63:0]$512
     8/25: $1$bitselwrite$mask$rtl/intermediate_sram.v:13$450[63:0]$511
     9/25: $1$bitselwrite$sel$rtl/intermediate_sram.v:13$452[31:0]$513
    10/25: $1$lookahead\pack[2]$458[63:0]$514
    11/25: $0\macro_we[3:0] [1]
    12/25: $1$bitselwrite$data$rtl/intermediate_sram.v:13$448[63:0]$495
    13/25: $1$bitselwrite$mask$rtl/intermediate_sram.v:13$447[63:0]$494
    14/25: $1$bitselwrite$sel$rtl/intermediate_sram.v:13$449[31:0]$496
    15/25: $1$lookahead\pack[1]$457[63:0]$497
    16/25: $0\macro_we[3:0] [0]
    17/25: $1$bitselwrite$data$rtl/intermediate_sram.v:13$445[63:0]$478
    18/25: $1$bitselwrite$mask$rtl/intermediate_sram.v:13$444[63:0]$477
    19/25: $1$bitselwrite$sel$rtl/intermediate_sram.v:13$446[31:0]$479
    20/25: $1$lookahead\pack[0]$456[63:0]$480
    21/25: $0\macro_wd[3][63:0]
    22/25: $0\macro_wd[2][63:0]
    23/25: $0\macro_wd[1][63:0]
    24/25: $0\macro_wd[0][63:0]
    25/25: $0\macro_wa[5:0]
Creating decoders for process `\activation_sram.$proc$rtl/activation_sram.v:0$422'.
Creating decoders for process `\activation_sram.$proc$rtl/activation_sram.v:0$417'.
     1/1: $1$mem2reg_rd$\qa$rtl/activation_sram.v:33$350_DATA[63:0]$419
Creating decoders for process `\activation_sram.$proc$rtl/activation_sram.v:0$413'.
     1/1: $1$mem2reg_rd$\qa$rtl/activation_sram.v:33$349_DATA[63:0]$415
Creating decoders for process `\activation_sram.$proc$rtl/activation_sram.v:0$408'.
     1/1: $1$mem2reg_rd$\qa$rtl/activation_sram.v:32$348_DATA[63:0]$410
Creating decoders for process `\activation_sram.$proc$rtl/activation_sram.v:0$404'.
     1/1: $1$mem2reg_rd$\qa$rtl/activation_sram.v:32$347_DATA[63:0]$406
Creating decoders for process `\activation_sram.$proc$rtl/activation_sram.v:15$351'.
     1/2: $0\rd_sel_b[0:0]
     2/2: $0\rd_sel_a[0:0]
Creating decoders for process `\state_sram.$proc$rtl/state_sram.v:0$326'.
Creating decoders for process `\state_sram.$proc$rtl/state_sram.v:0$321'.
     1/1: $1$mem2reg_rd$\q$rtl/state_sram.v:28$192_DATA[63:0]$323
Creating decoders for process `\state_sram.$proc$rtl/state_sram.v:0$316'.
     1/1: $1$mem2reg_rd$\q$rtl/state_sram.v:28$191_DATA[63:0]$318
Creating decoders for process `\state_sram.$proc$rtl/state_sram.v:0$311'.
     1/1: $1$mem2reg_rd$\q$rtl/state_sram.v:28$190_DATA[63:0]$313
Creating decoders for process `\state_sram.$proc$rtl/state_sram.v:0$306'.
     1/1: $1$mem2reg_rd$\q$rtl/state_sram.v:28$189_DATA[63:0]$308
Creating decoders for process `\state_sram.$proc$rtl/state_sram.v:14$193'.
     1/1: $0\rd_bank_q[0:0]
Creating decoders for process `\weight_sram.$proc$rtl/weight_sram.v:0$180'.
Creating decoders for process `\weight_sram.$proc$rtl/weight_sram.v:24$50'.
     1/3: $0\rd_hi_q[255:0]
     2/3: $0\rd_lo_q[255:0]
     3/3: $0\rd_matrix_q[1:0]

15.8. Executing PROC_DLATCH pass (convert process syncs to latches).
No latch inferred for signal `\x7_top.\acta_en' from process `\x7_top.$proc$rtl/x7_top.v:89$3613'.
No latch inferred for signal `\x7_top.\acta_we' from process `\x7_top.$proc$rtl/x7_top.v:89$3613'.
No latch inferred for signal `\x7_top.\acta_bank' from process `\x7_top.$proc$rtl/x7_top.v:89$3613'.
No latch inferred for signal `\x7_top.\acta_addr' from process `\x7_top.$proc$rtl/x7_top.v:89$3613'.
No latch inferred for signal `\x7_top.\acta_wdata' from process `\x7_top.$proc$rtl/x7_top.v:89$3613'.
No latch inferred for signal `\x7_top.\actb_en' from process `\x7_top.$proc$rtl/x7_top.v:89$3613'.
No latch inferred for signal `\x7_top.\actb_we' from process `\x7_top.$proc$rtl/x7_top.v:89$3613'.
No latch inferred for signal `\x7_top.\actb_bank' from process `\x7_top.$proc$rtl/x7_top.v:89$3613'.
No latch inferred for signal `\x7_top.\actb_addr' from process `\x7_top.$proc$rtl/x7_top.v:89$3613'.
No latch inferred for signal `\x7_top.\actb_wdata' from process `\x7_top.$proc$rtl/x7_top.v:89$3613'.
No latch inferred for signal `\streaming_norm.\act_rd_en' from process `\streaming_norm.$proc$rtl/streaming_norm.v:31$3026'.
No latch inferred for signal `\streaming_norm.\act_rd_addr' from process `\streaming_norm.$proc$rtl/streaming_norm.v:31$3026'.
No latch inferred for signal `\streaming_norm.\act_wr_en' from process `\streaming_norm.$proc$rtl/streaming_norm.v:31$3026'.
No latch inferred for signal `\streaming_norm.\act_wr_addr' from process `\streaming_norm.$proc$rtl/streaming_norm.v:31$3026'.
No latch inferred for signal `\streaming_norm.\act_wr_data' from process `\streaming_norm.$proc$rtl/streaming_norm.v:31$3026'.
No latch inferred for signal `\streaming_norm.\ivec_rd_en' from process `\streaming_norm.$proc$rtl/streaming_norm.v:31$3026'.
No latch inferred for signal `\streaming_norm.\ivec_rd_addr' from process `\streaming_norm.$proc$rtl/streaming_norm.v:31$3026'.
No latch inferred for signal `\state_stream_controller.\active_bank_out' from process `\state_stream_controller.$proc$rtl/state_stream_controller.v:61$1099'.
No latch inferred for signal `\state_stream_controller.\state_rd_en' from process `\state_stream_controller.$proc$rtl/state_stream_controller.v:61$1099'.
No latch inferred for signal `\state_stream_controller.\state_rd_bank' from process `\state_stream_controller.$proc$rtl/state_stream_controller.v:61$1099'.
No latch inferred for signal `\state_stream_controller.\state_rd_addr' from process `\state_stream_controller.$proc$rtl/state_stream_controller.v:61$1099'.
No latch inferred for signal `\state_stream_controller.\state_wr_en' from process `\state_stream_controller.$proc$rtl/state_stream_controller.v:61$1099'.
No latch inferred for signal `\state_stream_controller.\state_wr_bank' from process `\state_stream_controller.$proc$rtl/state_stream_controller.v:61$1099'.
No latch inferred for signal `\state_stream_controller.\state_wr_addr' from process `\state_stream_controller.$proc$rtl/state_stream_controller.v:61$1099'.
No latch inferred for signal `\state_stream_controller.\state_wr_data' from process `\state_stream_controller.$proc$rtl/state_stream_controller.v:61$1099'.
No latch inferred for signal `\state_stream_controller.\act_rd_en' from process `\state_stream_controller.$proc$rtl/state_stream_controller.v:61$1099'.
No latch inferred for signal `\state_stream_controller.\act_rd_bank' from process `\state_stream_controller.$proc$rtl/state_stream_controller.v:61$1099'.
No latch inferred for signal `\state_stream_controller.\act_rd_addr' from process `\state_stream_controller.$proc$rtl/state_stream_controller.v:61$1099'.
No latch inferred for signal `\state_stream_controller.\act_wr_en' from process `\state_stream_controller.$proc$rtl/state_stream_controller.v:61$1099'.
No latch inferred for signal `\state_stream_controller.\act_wr_bank' from process `\state_stream_controller.$proc$rtl/state_stream_controller.v:61$1099'.
No latch inferred for signal `\state_stream_controller.\act_wr_addr' from process `\state_stream_controller.$proc$rtl/state_stream_controller.v:61$1099'.
No latch inferred for signal `\state_stream_controller.\act_wr_data' from process `\state_stream_controller.$proc$rtl/state_stream_controller.v:61$1099'.
No latch inferred for signal `\state_stream_controller.\ivec_rd_en' from process `\state_stream_controller.$proc$rtl/state_stream_controller.v:61$1099'.
No latch inferred for signal `\state_stream_controller.\ivec_rd_vector_sel' from process `\state_stream_controller.$proc$rtl/state_stream_controller.v:61$1099'.
No latch inferred for signal `\state_stream_controller.\ivec_rd_word_addr' from process `\state_stream_controller.$proc$rtl/state_stream_controller.v:61$1099'.
No latch inferred for signal `\state_stream_controller.\engine_state_slice' from process `\state_stream_controller.$proc$rtl/state_stream_controller.v:43$1097'.
No latch inferred for signal `\state_stream_controller.\engine_diff_slice' from process `\state_stream_controller.$proc$rtl/state_stream_controller.v:43$1097'.
No latch inferred for signal `\mac_array_16x16.\p[0]' from process `\mac_array_16x16.$proc$rtl/mac_array_16x16.v:0$578'.
No latch inferred for signal `\mac_array_16x16.\p[1]' from process `\mac_array_16x16.$proc$rtl/mac_array_16x16.v:0$578'.
No latch inferred for signal `\mac_array_16x16.\p[2]' from process `\mac_array_16x16.$proc$rtl/mac_array_16x16.v:0$578'.
No latch inferred for signal `\mac_array_16x16.\p[3]' from process `\mac_array_16x16.$proc$rtl/mac_array_16x16.v:0$578'.
No latch inferred for signal `\mac_array_16x16.\p[4]' from process `\mac_array_16x16.$proc$rtl/mac_array_16x16.v:0$578'.
No latch inferred for signal `\mac_array_16x16.\p[5]' from process `\mac_array_16x16.$proc$rtl/mac_array_16x16.v:0$578'.
No latch inferred for signal `\mac_array_16x16.\p[6]' from process `\mac_array_16x16.$proc$rtl/mac_array_16x16.v:0$578'.
No latch inferred for signal `\mac_array_16x16.\p[7]' from process `\mac_array_16x16.$proc$rtl/mac_array_16x16.v:0$578'.
No latch inferred for signal `\mac_array_16x16.\p[8]' from process `\mac_array_16x16.$proc$rtl/mac_array_16x16.v:0$578'.
No latch inferred for signal `\mac_array_16x16.\p[9]' from process `\mac_array_16x16.$proc$rtl/mac_array_16x16.v:0$578'.
No latch inferred for signal `\mac_array_16x16.\p[10]' from process `\mac_array_16x16.$proc$rtl/mac_array_16x16.v:0$578'.
No latch inferred for signal `\mac_array_16x16.\p[11]' from process `\mac_array_16x16.$proc$rtl/mac_array_16x16.v:0$578'.
No latch inferred for signal `\mac_array_16x16.\p[12]' from process `\mac_array_16x16.$proc$rtl/mac_array_16x16.v:0$578'.
No latch inferred for signal `\mac_array_16x16.\p[13]' from process `\mac_array_16x16.$proc$rtl/mac_array_16x16.v:0$578'.
No latch inferred for signal `\mac_array_16x16.\p[14]' from process `\mac_array_16x16.$proc$rtl/mac_array_16x16.v:0$578'.
No latch inferred for signal `\mac_array_16x16.\p[15]' from process `\mac_array_16x16.$proc$rtl/mac_array_16x16.v:0$578'.
No latch inferred for signal `\mac_array_16x16.\p[16]' from process `\mac_array_16x16.$proc$rtl/mac_array_16x16.v:0$578'.
No latch inferred for signal `\mac_array_16x16.\p[17]' from process `\mac_array_16x16.$proc$rtl/mac_array_16x16.v:0$578'.
No latch inferred for signal `\mac_array_16x16.\p[18]' from process `\mac_array_16x16.$proc$rtl/mac_array_16x16.v:0$578'.
No latch inferred for signal `\mac_array_16x16.\p[19]' from process `\mac_array_16x16.$proc$rtl/mac_array_16x16.v:0$578'.
No latch inferred for signal `\mac_array_16x16.\p[20]' from process `\mac_array_16x16.$proc$rtl/mac_array_16x16.v:0$578'.
No latch inferred for signal `\mac_array_16x16.\p[21]' from process `\mac_array_16x16.$proc$rtl/mac_array_16x16.v:0$578'.
No latch inferred for signal `\mac_array_16x16.\p[22]' from process `\mac_array_16x16.$proc$rtl/mac_array_16x16.v:0$578'.
No latch inferred for signal `\mac_array_16x16.\p[23]' from process `\mac_array_16x16.$proc$rtl/mac_array_16x16.v:0$578'.
No latch inferred for signal `\mac_array_16x16.\p[24]' from process `\mac_array_16x16.$proc$rtl/mac_array_16x16.v:0$578'.
No latch inferred for signal `\mac_array_16x16.\p[25]' from process `\mac_array_16x16.$proc$rtl/mac_array_16x16.v:0$578'.
No latch inferred for signal `\mac_array_16x16.\p[26]' from process `\mac_array_16x16.$proc$rtl/mac_array_16x16.v:0$578'.
No latch inferred for signal `\mac_array_16x16.\p[27]' from process `\mac_array_16x16.$proc$rtl/mac_array_16x16.v:0$578'.
No latch inferred for signal `\mac_array_16x16.\p[28]' from process `\mac_array_16x16.$proc$rtl/mac_array_16x16.v:0$578'.
No latch inferred for signal `\mac_array_16x16.\p[29]' from process `\mac_array_16x16.$proc$rtl/mac_array_16x16.v:0$578'.
No latch inferred for signal `\mac_array_16x16.\p[30]' from process `\mac_array_16x16.$proc$rtl/mac_array_16x16.v:0$578'.
No latch inferred for signal `\mac_array_16x16.\p[31]' from process `\mac_array_16x16.$proc$rtl/mac_array_16x16.v:0$578'.
No latch inferred for signal `\mac_array_16x16.\s1[0]' from process `\mac_array_16x16.$proc$rtl/mac_array_16x16.v:0$578'.
No latch inferred for signal `\mac_array_16x16.\s1[1]' from process `\mac_array_16x16.$proc$rtl/mac_array_16x16.v:0$578'.
No latch inferred for signal `\mac_array_16x16.\s1[2]' from process `\mac_array_16x16.$proc$rtl/mac_array_16x16.v:0$578'.
No latch inferred for signal `\mac_array_16x16.\s1[3]' from process `\mac_array_16x16.$proc$rtl/mac_array_16x16.v:0$578'.
No latch inferred for signal `\mac_array_16x16.\s1[4]' from process `\mac_array_16x16.$proc$rtl/mac_array_16x16.v:0$578'.
No latch inferred for signal `\mac_array_16x16.\s1[5]' from process `\mac_array_16x16.$proc$rtl/mac_array_16x16.v:0$578'.
No latch inferred for signal `\mac_array_16x16.\s1[6]' from process `\mac_array_16x16.$proc$rtl/mac_array_16x16.v:0$578'.
No latch inferred for signal `\mac_array_16x16.\s1[7]' from process `\mac_array_16x16.$proc$rtl/mac_array_16x16.v:0$578'.
No latch inferred for signal `\mac_array_16x16.\s1[8]' from process `\mac_array_16x16.$proc$rtl/mac_array_16x16.v:0$578'.
No latch inferred for signal `\mac_array_16x16.\s1[9]' from process `\mac_array_16x16.$proc$rtl/mac_array_16x16.v:0$578'.
No latch inferred for signal `\mac_array_16x16.\s1[10]' from process `\mac_array_16x16.$proc$rtl/mac_array_16x16.v:0$578'.
No latch inferred for signal `\mac_array_16x16.\s1[11]' from process `\mac_array_16x16.$proc$rtl/mac_array_16x16.v:0$578'.
No latch inferred for signal `\mac_array_16x16.\s1[12]' from process `\mac_array_16x16.$proc$rtl/mac_array_16x16.v:0$578'.
No latch inferred for signal `\mac_array_16x16.\s1[13]' from process `\mac_array_16x16.$proc$rtl/mac_array_16x16.v:0$578'.
No latch inferred for signal `\mac_array_16x16.\s1[14]' from process `\mac_array_16x16.$proc$rtl/mac_array_16x16.v:0$578'.
No latch inferred for signal `\mac_array_16x16.\s1[15]' from process `\mac_array_16x16.$proc$rtl/mac_array_16x16.v:0$578'.
No latch inferred for signal `\mac_array_16x16.\s2[0]' from process `\mac_array_16x16.$proc$rtl/mac_array_16x16.v:0$578'.
No latch inferred for signal `\mac_array_16x16.\s2[1]' from process `\mac_array_16x16.$proc$rtl/mac_array_16x16.v:0$578'.
No latch inferred for signal `\mac_array_16x16.\s2[2]' from process `\mac_array_16x16.$proc$rtl/mac_array_16x16.v:0$578'.
No latch inferred for signal `\mac_array_16x16.\s2[3]' from process `\mac_array_16x16.$proc$rtl/mac_array_16x16.v:0$578'.
No latch inferred for signal `\mac_array_16x16.\s2[4]' from process `\mac_array_16x16.$proc$rtl/mac_array_16x16.v:0$578'.
No latch inferred for signal `\mac_array_16x16.\s2[5]' from process `\mac_array_16x16.$proc$rtl/mac_array_16x16.v:0$578'.
No latch inferred for signal `\mac_array_16x16.\s2[6]' from process `\mac_array_16x16.$proc$rtl/mac_array_16x16.v:0$578'.
No latch inferred for signal `\mac_array_16x16.\s2[7]' from process `\mac_array_16x16.$proc$rtl/mac_array_16x16.v:0$578'.
No latch inferred for signal `\mac_array_16x16.\s3[0]' from process `\mac_array_16x16.$proc$rtl/mac_array_16x16.v:0$578'.
No latch inferred for signal `\mac_array_16x16.\s3[1]' from process `\mac_array_16x16.$proc$rtl/mac_array_16x16.v:0$578'.
No latch inferred for signal `\mac_array_16x16.\s3[2]' from process `\mac_array_16x16.$proc$rtl/mac_array_16x16.v:0$578'.
No latch inferred for signal `\mac_array_16x16.\s3[3]' from process `\mac_array_16x16.$proc$rtl/mac_array_16x16.v:0$578'.
No latch inferred for signal `\mac_array_16x16.\s4[0]' from process `\mac_array_16x16.$proc$rtl/mac_array_16x16.v:0$578'.
No latch inferred for signal `\mac_array_16x16.\s4[1]' from process `\mac_array_16x16.$proc$rtl/mac_array_16x16.v:0$578'.
No latch inferred for signal `\requant.\out_data' from process `\requant.$proc$rtl/requant.v:4$554'.
No latch inferred for signal `\requant.\shifted' from process `\requant.$proc$rtl/requant.v:4$554'.
No latch inferred for signal `\intermediate_sram.\q[0]' from process `\intermediate_sram.$proc$rtl/intermediate_sram.v:0$553'.
No latch inferred for signal `\intermediate_sram.\q[1]' from process `\intermediate_sram.$proc$rtl/intermediate_sram.v:0$553'.
No latch inferred for signal `\intermediate_sram.\q[2]' from process `\intermediate_sram.$proc$rtl/intermediate_sram.v:0$553'.
No latch inferred for signal `\intermediate_sram.\q[3]' from process `\intermediate_sram.$proc$rtl/intermediate_sram.v:0$553'.
No latch inferred for signal `\activation_sram.\qa[0]' from process `\activation_sram.$proc$rtl/activation_sram.v:0$422'.
No latch inferred for signal `\activation_sram.\qa[1]' from process `\activation_sram.$proc$rtl/activation_sram.v:0$422'.
No latch inferred for signal `\activation_sram.\qa[2]' from process `\activation_sram.$proc$rtl/activation_sram.v:0$422'.
No latch inferred for signal `\activation_sram.\qa[3]' from process `\activation_sram.$proc$rtl/activation_sram.v:0$422'.
No latch inferred for signal `\activation_sram.$mem2reg_rd$\qa$rtl/activation_sram.v:33$350_DATA' from process `\activation_sram.$proc$rtl/activation_sram.v:0$417'.
No latch inferred for signal `\activation_sram.$mem2reg_rd$\qa$rtl/activation_sram.v:33$349_DATA' from process `\activation_sram.$proc$rtl/activation_sram.v:0$413'.
No latch inferred for signal `\activation_sram.$mem2reg_rd$\qa$rtl/activation_sram.v:32$348_DATA' from process `\activation_sram.$proc$rtl/activation_sram.v:0$408'.
No latch inferred for signal `\activation_sram.$mem2reg_rd$\qa$rtl/activation_sram.v:32$347_DATA' from process `\activation_sram.$proc$rtl/activation_sram.v:0$404'.
No latch inferred for signal `\state_sram.\q[0]' from process `\state_sram.$proc$rtl/state_sram.v:0$326'.
No latch inferred for signal `\state_sram.\q[1]' from process `\state_sram.$proc$rtl/state_sram.v:0$326'.
No latch inferred for signal `\state_sram.\q[2]' from process `\state_sram.$proc$rtl/state_sram.v:0$326'.
No latch inferred for signal `\state_sram.\q[3]' from process `\state_sram.$proc$rtl/state_sram.v:0$326'.
No latch inferred for signal `\state_sram.\q[4]' from process `\state_sram.$proc$rtl/state_sram.v:0$326'.
No latch inferred for signal `\state_sram.\q[5]' from process `\state_sram.$proc$rtl/state_sram.v:0$326'.
No latch inferred for signal `\state_sram.\q[6]' from process `\state_sram.$proc$rtl/state_sram.v:0$326'.
No latch inferred for signal `\state_sram.\q[7]' from process `\state_sram.$proc$rtl/state_sram.v:0$326'.
No latch inferred for signal `\state_sram.$mem2reg_rd$\q$rtl/state_sram.v:28$192_DATA' from process `\state_sram.$proc$rtl/state_sram.v:0$321'.
No latch inferred for signal `\state_sram.$mem2reg_rd$\q$rtl/state_sram.v:28$191_DATA' from process `\state_sram.$proc$rtl/state_sram.v:0$316'.
No latch inferred for signal `\state_sram.$mem2reg_rd$\q$rtl/state_sram.v:28$190_DATA' from process `\state_sram.$proc$rtl/state_sram.v:0$311'.
No latch inferred for signal `\state_sram.$mem2reg_rd$\q$rtl/state_sram.v:28$189_DATA' from process `\state_sram.$proc$rtl/state_sram.v:0$306'.
No latch inferred for signal `\weight_sram.\q[0]' from process `\weight_sram.$proc$rtl/weight_sram.v:0$180'.
No latch inferred for signal `\weight_sram.\q[1]' from process `\weight_sram.$proc$rtl/weight_sram.v:0$180'.
No latch inferred for signal `\weight_sram.\q[2]' from process `\weight_sram.$proc$rtl/weight_sram.v:0$180'.
No latch inferred for signal `\weight_sram.\q[3]' from process `\weight_sram.$proc$rtl/weight_sram.v:0$180'.
No latch inferred for signal `\weight_sram.\q[4]' from process `\weight_sram.$proc$rtl/weight_sram.v:0$180'.
No latch inferred for signal `\weight_sram.\q[5]' from process `\weight_sram.$proc$rtl/weight_sram.v:0$180'.
No latch inferred for signal `\weight_sram.\q[6]' from process `\weight_sram.$proc$rtl/weight_sram.v:0$180'.
No latch inferred for signal `\weight_sram.\q[7]' from process `\weight_sram.$proc$rtl/weight_sram.v:0$180'.
No latch inferred for signal `\weight_sram.\q[8]' from process `\weight_sram.$proc$rtl/weight_sram.v:0$180'.
No latch inferred for signal `\weight_sram.\q[9]' from process `\weight_sram.$proc$rtl/weight_sram.v:0$180'.
No latch inferred for signal `\weight_sram.\q[10]' from process `\weight_sram.$proc$rtl/weight_sram.v:0$180'.
No latch inferred for signal `\weight_sram.\q[11]' from process `\weight_sram.$proc$rtl/weight_sram.v:0$180'.
No latch inferred for signal `\weight_sram.\q[12]' from process `\weight_sram.$proc$rtl/weight_sram.v:0$180'.
No latch inferred for signal `\weight_sram.\q[13]' from process `\weight_sram.$proc$rtl/weight_sram.v:0$180'.
No latch inferred for signal `\weight_sram.\q[14]' from process `\weight_sram.$proc$rtl/weight_sram.v:0$180'.
No latch inferred for signal `\weight_sram.\q[15]' from process `\weight_sram.$proc$rtl/weight_sram.v:0$180'.

15.9. Executing PROC_DFF pass (convert process syncs to FFs).
Creating register for signal `\x7_top.\phase' using process `\x7_top.$proc$rtl/x7_top.v:118$3633'.
  created $adff cell `$procdff$24101' with positive edge clock and negative level reset.
Creating register for signal `\x7_top.\fault' using process `\x7_top.$proc$rtl/x7_top.v:118$3633'.
  created $adff cell `$procdff$24102' with positive edge clock and negative level reset.
Creating register for signal `\x7_top.\input_beat' using process `\x7_top.$proc$rtl/x7_top.v:118$3633'.
  created $adff cell `$procdff$24103' with positive edge clock and negative level reset.
Creating register for signal `\x7_top.\proj_step' using process `\x7_top.$proc$rtl/x7_top.v:118$3633'.
  created $adff cell `$procdff$24104' with positive edge clock and negative level reset.
Creating register for signal `\x7_top.\proj_sel' using process `\x7_top.$proc$rtl/x7_top.v:118$3633'.
  created $adff cell `$procdff$24105' with positive edge clock and negative level reset.
Creating register for signal `\x7_top.\proj_index' using process `\x7_top.$proc$rtl/x7_top.v:118$3633'.
  created $adff cell `$procdff$24106' with positive edge clock and negative level reset.
Creating register for signal `\x7_top.\proj_results' using process `\x7_top.$proc$rtl/x7_top.v:118$3633'.
  created $adff cell `$procdff$24107' with positive edge clock and negative level reset.
Creating register for signal `\x7_top.\proj_low' using process `\x7_top.$proc$rtl/x7_top.v:118$3633'.
  created $dff cell `$procdff$24110' with positive edge clock.
Creating register for signal `\x7_top.\proj_window' using process `\x7_top.$proc$rtl/x7_top.v:118$3633'.
  created $dff cell `$procdff$24113' with positive edge clock.
Creating register for signal `\x7_top.\proj_weight' using process `\x7_top.$proc$rtl/x7_top.v:118$3633'.
  created $dff cell `$procdff$24116' with positive edge clock.
Creating register for signal `\x7_top.\conv_step' using process `\x7_top.$proc$rtl/x7_top.v:118$3633'.
  created $adff cell `$procdff$24117' with positive edge clock and negative level reset.
Creating register for signal `\x7_top.\conv_channel' using process `\x7_top.$proc$rtl/x7_top.v:118$3633'.
  created $adff cell `$procdff$24118' with positive edge clock and negative level reset.
Creating register for signal `\x7_top.\conv_x_beat' using process `\x7_top.$proc$rtl/x7_top.v:118$3633'.
  created $dff cell `$procdff$24121' with positive edge clock.
Creating register for signal `\x7_top.\conv_gate_pack' using process `\x7_top.$proc$rtl/x7_top.v:118$3633'.
  created $adff cell `$procdff$24122' with positive edge clock and negative level reset.
Creating register for signal `\x7_top.\conv_x_scalar' using process `\x7_top.$proc$rtl/x7_top.v:118$3633'.
  created $adff cell `$procdff$24123' with positive edge clock and negative level reset.
Creating register for signal `\x7_top.\ss_state_rd_valid' using process `\x7_top.$proc$rtl/x7_top.v:118$3633'.
  created $adff cell `$procdff$24124' with positive edge clock and negative level reset.
Creating register for signal `\x7_top.\ss_act_rd_valid' using process `\x7_top.$proc$rtl/x7_top.v:118$3633'.
  created $adff cell `$procdff$24125' with positive edge clock and negative level reset.
Creating register for signal `\x7_top.\ss_ivec_rd_valid' using process `\x7_top.$proc$rtl/x7_top.v:118$3633'.
  created $adff cell `$procdff$24126' with positive edge clock and negative level reset.
Creating register for signal `\x7_top.\ss_ivec_rd_valid_q2' using process `\x7_top.$proc$rtl/x7_top.v:118$3633'.
  created $adff cell `$procdff$24127' with positive edge clock and negative level reset.
Creating register for signal `\x7_top.\ss_ivec_vec_q' using process `\x7_top.$proc$rtl/x7_top.v:118$3633'.
  created $adff cell `$procdff$24128' with positive edge clock and negative level reset.
Creating register for signal `\x7_top.\ss_ivec_rdata_q' using process `\x7_top.$proc$rtl/x7_top.v:118$3633'.
  created $adff cell `$procdff$24129' with positive edge clock and negative level reset.
Creating register for signal `\x7_top.\norm_ivec_rd_valid' using process `\x7_top.$proc$rtl/x7_top.v:118$3633'.
  created $adff cell `$procdff$24130' with positive edge clock and negative level reset.
Creating register for signal `\x7_top.\norm_ivec_rd_valid_q2' using process `\x7_top.$proc$rtl/x7_top.v:118$3633'.
  created $adff cell `$procdff$24131' with positive edge clock and negative level reset.
Creating register for signal `\x7_top.\norm_act_rd_valid' using process `\x7_top.$proc$rtl/x7_top.v:118$3633'.
  created $adff cell `$procdff$24132' with positive edge clock and negative level reset.
Creating register for signal `\x7_top.\norm_ivec_vec_q' using process `\x7_top.$proc$rtl/x7_top.v:118$3633'.
  created $adff cell `$procdff$24133' with positive edge clock and negative level reset.
Creating register for signal `\x7_top.\norm_ivec_rdata_q' using process `\x7_top.$proc$rtl/x7_top.v:118$3633'.
  created $adff cell `$procdff$24134' with positive edge clock and negative level reset.
Creating register for signal `\x7_top.\active_state' using process `\x7_top.$proc$rtl/x7_top.v:118$3633'.
  created $adff cell `$procdff$24135' with positive edge clock and negative level reset.
Creating register for signal `\x7_top.\norm_started' using process `\x7_top.$proc$rtl/x7_top.v:118$3633'.
  created $adff cell `$procdff$24136' with positive edge clock and negative level reset.
Creating register for signal `\x7_top.\out_pending' using process `\x7_top.$proc$rtl/x7_top.v:118$3633'.
  created $adff cell `$procdff$24137' with positive edge clock and negative level reset.
Creating register for signal `\x7_top.\out_issue' using process `\x7_top.$proc$rtl/x7_top.v:118$3633'.
  created $adff cell `$procdff$24138' with positive edge clock and negative level reset.
Creating register for signal `\x7_top.\out_index' using process `\x7_top.$proc$rtl/x7_top.v:118$3633'.
  created $adff cell `$procdff$24139' with positive edge clock and negative level reset.
Creating register for signal `\x7_top.$bitselwrite$mask$rtl/x7_top.v:164$3575' using process `\x7_top.$proc$rtl/x7_top.v:118$3633'.
  created $adff cell `$procdff$24140' with positive edge clock and negative level reset.
Creating register for signal `\x7_top.$bitselwrite$data$rtl/x7_top.v:164$3576' using process `\x7_top.$proc$rtl/x7_top.v:118$3633'.
  created $adff cell `$procdff$24141' with positive edge clock and negative level reset.
Creating register for signal `\x7_top.$bitselwrite$sel$rtl/x7_top.v:164$3577' using process `\x7_top.$proc$rtl/x7_top.v:118$3633'.
  created $adff cell `$procdff$24142' with positive edge clock and negative level reset.
Creating register for signal `\x7_top.$lookahead\conv_gate_pack$3632' using process `\x7_top.$proc$rtl/x7_top.v:118$3633'.
  created $adff cell `$procdff$24143' with positive edge clock and negative level reset.
Creating register for signal `\x7_controller.\phase_cycles' using process `\x7_controller.$proc$rtl/x7_controller.v:6$3571'.
  created $dff cell `$procdff$24144' with positive edge clock.
Creating register for signal `\x7_controller.\phase_q' using process `\x7_controller.$proc$rtl/x7_controller.v:6$3571'.
  created $dff cell `$procdff$24145' with positive edge clock.
Creating register for signal `\streaming_norm.\i' using process `\streaming_norm.$proc$rtl/streaming_norm.v:42$3027'.
  created $dff cell `$procdff$24148' with positive edge clock.
Creating register for signal `\streaming_norm.\done' using process `\streaming_norm.$proc$rtl/streaming_norm.v:42$3027'.
  created $adff cell `$procdff$24149' with positive edge clock and negative level reset.
Creating register for signal `\streaming_norm.\st' using process `\streaming_norm.$proc$rtl/streaming_norm.v:42$3027'.
  created $adff cell `$procdff$24150' with positive edge clock and negative level reset.
Creating register for signal `\streaming_norm.\word' using process `\streaming_norm.$proc$rtl/streaming_norm.v:42$3027'.
  created $adff cell `$procdff$24151' with positive edge clock and negative level reset.
Creating register for signal `\streaming_norm.\beat' using process `\streaming_norm.$proc$rtl/streaming_norm.v:42$3027'.
  created $adff cell `$procdff$24152' with positive edge clock and negative level reset.
Creating register for signal `\streaming_norm.\nr' using process `\streaming_norm.$proc$rtl/streaming_norm.v:42$3027'.
  created $adff cell `$procdff$24153' with positive edge clock and negative level reset.
Creating register for signal `\streaming_norm.\sumsq' using process `\streaming_norm.$proc$rtl/streaming_norm.v:42$3027'.
  created $adff cell `$procdff$24154' with positive edge clock and negative level reset.
Creating register for signal `\streaming_norm.\mean' using process `\streaming_norm.$proc$rtl/streaming_norm.v:42$3027'.
  created $adff cell `$procdff$24155' with positive edge clock and negative level reset.
Creating register for signal `\streaming_norm.\r' using process `\streaming_norm.$proc$rtl/streaming_norm.v:42$3027'.
  created $adff cell `$procdff$24156' with positive edge clock and negative level reset.
Creating register for signal `\streaming_norm.\y2' using process `\streaming_norm.$proc$rtl/streaming_norm.v:42$3027'.
  created $adff cell `$procdff$24157' with positive edge clock and negative level reset.
Creating register for signal `\streaming_norm.\o_lo' using process `\streaming_norm.$proc$rtl/streaming_norm.v:42$3027'.
  created $adff cell `$procdff$24158' with positive edge clock and negative level reset.
Creating register for signal `\streaming_norm.\o_hi' using process `\streaming_norm.$proc$rtl/streaming_norm.v:42$3027'.
  created $adff cell `$procdff$24159' with positive edge clock and negative level reset.
Creating register for signal `\streaming_norm.\pending_write' using process `\streaming_norm.$proc$rtl/streaming_norm.v:42$3027'.
  created $adff cell `$procdff$24160' with positive edge clock and negative level reset.
Creating register for signal `\streaming_norm.\x_cache' using process `\streaming_norm.$proc$rtl/streaming_norm.v:42$3027'.
  created $dff cell `$procdff$24163' with positive edge clock.
Creating register for signal `\streaming_norm.\scaled_cache' using process `\streaming_norm.$proc$rtl/streaming_norm.v:42$3027'.
  created $dff cell `$procdff$24166' with positive edge clock.
Creating register for signal `\streaming_norm.\sq0' using process `\streaming_norm.$proc$rtl/streaming_norm.v:42$3027'.
  created $dff cell `$procdff$24169' with positive edge clock.
Creating register for signal `\streaming_norm.\sq1' using process `\streaming_norm.$proc$rtl/streaming_norm.v:42$3027'.
  created $dff cell `$procdff$24172' with positive edge clock.
Creating register for signal `\streaming_norm.\sq2' using process `\streaming_norm.$proc$rtl/streaming_norm.v:42$3027'.
  created $dff cell `$procdff$24175' with positive edge clock.
Creating register for signal `\streaming_norm.\sq3' using process `\streaming_norm.$proc$rtl/streaming_norm.v:42$3027'.
  created $dff cell `$procdff$24178' with positive edge clock.
Creating register for signal `\streaming_norm.\sq4' using process `\streaming_norm.$proc$rtl/streaming_norm.v:42$3027'.
  created $dff cell `$procdff$24181' with positive edge clock.
Creating register for signal `\streaming_norm.\sq5' using process `\streaming_norm.$proc$rtl/streaming_norm.v:42$3027'.
  created $dff cell `$procdff$24184' with positive edge clock.
Creating register for signal `\streaming_norm.\sq6' using process `\streaming_norm.$proc$rtl/streaming_norm.v:42$3027'.
  created $dff cell `$procdff$24187' with positive edge clock.
Creating register for signal `\streaming_norm.\sq7' using process `\streaming_norm.$proc$rtl/streaming_norm.v:42$3027'.
  created $dff cell `$procdff$24190' with positive edge clock.
Creating register for signal `\streaming_norm.\pair0' using process `\streaming_norm.$proc$rtl/streaming_norm.v:42$3027'.
  created $dff cell `$procdff$24193' with positive edge clock.
Creating register for signal `\streaming_norm.\pair1' using process `\streaming_norm.$proc$rtl/streaming_norm.v:42$3027'.
  created $dff cell `$procdff$24196' with positive edge clock.
Creating register for signal `\streaming_norm.\pair2' using process `\streaming_norm.$proc$rtl/streaming_norm.v:42$3027'.
  created $dff cell `$procdff$24199' with positive edge clock.
Creating register for signal `\streaming_norm.\pair3' using process `\streaming_norm.$proc$rtl/streaming_norm.v:42$3027'.
  created $dff cell `$procdff$24202' with positive edge clock.
Creating register for signal `\streaming_norm.\half0' using process `\streaming_norm.$proc$rtl/streaming_norm.v:42$3027'.
  created $dff cell `$procdff$24205' with positive edge clock.
Creating register for signal `\streaming_norm.\half1' using process `\streaming_norm.$proc$rtl/streaming_norm.v:42$3027'.
  created $dff cell `$procdff$24208' with positive edge clock.
Creating register for signal `\streaming_norm.\o' using process `\streaming_norm.$proc$rtl/streaming_norm.v:42$3027'.
  created $dff cell `$procdff$24211' with positive edge clock.
Creating register for signal `\streaming_norm.\xy2' using process `\streaming_norm.$proc$rtl/streaming_norm.v:42$3027'.
  created $dff cell `$procdff$24214' with positive edge clock.
Creating register for signal `\streaming_norm.\next_y' using process `\streaming_norm.$proc$rtl/streaming_norm.v:42$3027'.
  created $dff cell `$procdff$24217' with positive edge clock.
Creating register for signal `\streaming_norm.\scaled' using process `\streaming_norm.$proc$rtl/streaming_norm.v:42$3027'.
  created $dff cell `$procdff$24220' with positive edge clock.
Creating register for signal `\streaming_norm.\factor_q' using process `\streaming_norm.$proc$rtl/streaming_norm.v:42$3027'.
  created $dff cell `$procdff$24223' with positive edge clock.
Creating register for signal `\streaming_norm.\xy_lo_q' using process `\streaming_norm.$proc$rtl/streaming_norm.v:42$3027'.
  created $dff cell `$procdff$24226' with positive edge clock.
Creating register for signal `\streaming_norm.\xy_hi_q' using process `\streaming_norm.$proc$rtl/streaming_norm.v:42$3027'.
  created $dff cell `$procdff$24229' with positive edge clock.
Creating register for signal `\streaming_norm.\nr_lo_q' using process `\streaming_norm.$proc$rtl/streaming_norm.v:42$3027'.
  created $dff cell `$procdff$24232' with positive edge clock.
Creating register for signal `\streaming_norm.\nr_hi_q' using process `\streaming_norm.$proc$rtl/streaming_norm.v:42$3027'.
  created $dff cell `$procdff$24235' with positive edge clock.
Creating register for signal `\streaming_norm.\sat8$func$rtl/streaming_norm.v:105$2994.$result' using process `\streaming_norm.$proc$rtl/streaming_norm.v:42$3027'.
  created $adff cell `$procdff$24236' with positive edge clock and negative level reset.
Creating register for signal `\streaming_norm.\sat8$func$rtl/streaming_norm.v:105$2994.z' using process `\streaming_norm.$proc$rtl/streaming_norm.v:42$3027'.
  created $adff cell `$procdff$24237' with positive edge clock and negative level reset.
Creating register for signal `\streaming_norm.\sat8$func$rtl/streaming_norm.v:105$2995.$result' using process `\streaming_norm.$proc$rtl/streaming_norm.v:42$3027'.
  created $adff cell `$procdff$24238' with positive edge clock and negative level reset.
Creating register for signal `\streaming_norm.\sat8$func$rtl/streaming_norm.v:105$2995.z' using process `\streaming_norm.$proc$rtl/streaming_norm.v:42$3027'.
  created $adff cell `$procdff$24239' with positive edge clock and negative level reset.
Creating register for signal `\streaming_norm.\sat8$func$rtl/streaming_norm.v:105$2996.$result' using process `\streaming_norm.$proc$rtl/streaming_norm.v:42$3027'.
  created $adff cell `$procdff$24240' with positive edge clock and negative level reset.
Creating register for signal `\streaming_norm.\sat8$func$rtl/streaming_norm.v:105$2996.z' using process `\streaming_norm.$proc$rtl/streaming_norm.v:42$3027'.
  created $adff cell `$procdff$24241' with positive edge clock and negative level reset.
Creating register for signal `\streaming_norm.\sat8$func$rtl/streaming_norm.v:105$2997.$result' using process `\streaming_norm.$proc$rtl/streaming_norm.v:42$3027'.
  created $adff cell `$procdff$24242' with positive edge clock and negative level reset.
Creating register for signal `\streaming_norm.\sat8$func$rtl/streaming_norm.v:105$2997.z' using process `\streaming_norm.$proc$rtl/streaming_norm.v:42$3027'.
  created $adff cell `$procdff$24243' with positive edge clock and negative level reset.
Creating register for signal `\streaming_norm.\sat8$func$rtl/streaming_norm.v:105$2998.$result' using process `\streaming_norm.$proc$rtl/streaming_norm.v:42$3027'.
  created $adff cell `$procdff$24244' with positive edge clock and negative level reset.
Creating register for signal `\streaming_norm.\sat8$func$rtl/streaming_norm.v:105$2998.z' using process `\streaming_norm.$proc$rtl/streaming_norm.v:42$3027'.
  created $adff cell `$procdff$24245' with positive edge clock and negative level reset.
Creating register for signal `\streaming_norm.\sat8$func$rtl/streaming_norm.v:105$2999.$result' using process `\streaming_norm.$proc$rtl/streaming_norm.v:42$3027'.
  created $adff cell `$procdff$24246' with positive edge clock and negative level reset.
Creating register for signal `\streaming_norm.\sat8$func$rtl/streaming_norm.v:105$2999.z' using process `\streaming_norm.$proc$rtl/streaming_norm.v:42$3027'.
  created $adff cell `$procdff$24247' with positive edge clock and negative level reset.
Creating register for signal `\streaming_norm.\sat8$func$rtl/streaming_norm.v:105$3000.$result' using process `\streaming_norm.$proc$rtl/streaming_norm.v:42$3027'.
  created $adff cell `$procdff$24248' with positive edge clock and negative level reset.
Creating register for signal `\streaming_norm.\sat8$func$rtl/streaming_norm.v:105$3000.z' using process `\streaming_norm.$proc$rtl/streaming_norm.v:42$3027'.
  created $adff cell `$procdff$24249' with positive edge clock and negative level reset.
Creating register for signal `\streaming_norm.\sat8$func$rtl/streaming_norm.v:105$3001.$result' using process `\streaming_norm.$proc$rtl/streaming_norm.v:42$3027'.
  created $adff cell `$procdff$24250' with positive edge clock and negative level reset.
Creating register for signal `\streaming_norm.\sat8$func$rtl/streaming_norm.v:105$3001.z' using process `\streaming_norm.$proc$rtl/streaming_norm.v:42$3027'.
  created $adff cell `$procdff$24251' with positive edge clock and negative level reset.
Creating register for signal `\streaming_norm.\sat8$func$rtl/streaming_norm.v:105$3002.$result' using process `\streaming_norm.$proc$rtl/streaming_norm.v:42$3027'.
  created $adff cell `$procdff$24252' with positive edge clock and negative level reset.
Creating register for signal `\streaming_norm.\sat8$func$rtl/streaming_norm.v:105$3002.z' using process `\streaming_norm.$proc$rtl/streaming_norm.v:42$3027'.
  created $adff cell `$procdff$24253' with positive edge clock and negative level reset.
Creating register for signal `\streaming_norm.\sat8$func$rtl/streaming_norm.v:105$3003.$result' using process `\streaming_norm.$proc$rtl/streaming_norm.v:42$3027'.
  created $adff cell `$procdff$24254' with positive edge clock and negative level reset.
Creating register for signal `\streaming_norm.\sat8$func$rtl/streaming_norm.v:105$3003.z' using process `\streaming_norm.$proc$rtl/streaming_norm.v:42$3027'.
  created $adff cell `$procdff$24255' with positive edge clock and negative level reset.
Creating register for signal `\streaming_norm.\sat8$func$rtl/streaming_norm.v:105$3004.$result' using process `\streaming_norm.$proc$rtl/streaming_norm.v:42$3027'.
  created $adff cell `$procdff$24256' with positive edge clock and negative level reset.
Creating register for signal `\streaming_norm.\sat8$func$rtl/streaming_norm.v:105$3004.z' using process `\streaming_norm.$proc$rtl/streaming_norm.v:42$3027'.
  created $adff cell `$procdff$24257' with positive edge clock and negative level reset.
Creating register for signal `\streaming_norm.\sat8$func$rtl/streaming_norm.v:105$3005.$result' using process `\streaming_norm.$proc$rtl/streaming_norm.v:42$3027'.
  created $adff cell `$procdff$24258' with positive edge clock and negative level reset.
Creating register for signal `\streaming_norm.\sat8$func$rtl/streaming_norm.v:105$3005.z' using process `\streaming_norm.$proc$rtl/streaming_norm.v:42$3027'.
  created $adff cell `$procdff$24259' with positive edge clock and negative level reset.
Creating register for signal `\streaming_norm.\sat8$func$rtl/streaming_norm.v:105$3006.$result' using process `\streaming_norm.$proc$rtl/streaming_norm.v:42$3027'.
  created $adff cell `$procdff$24260' with positive edge clock and negative level reset.
Creating register for signal `\streaming_norm.\sat8$func$rtl/streaming_norm.v:105$3006.z' using process `\streaming_norm.$proc$rtl/streaming_norm.v:42$3027'.
  created $adff cell `$procdff$24261' with positive edge clock and negative level reset.
Creating register for signal `\streaming_norm.\sat8$func$rtl/streaming_norm.v:105$3007.$result' using process `\streaming_norm.$proc$rtl/streaming_norm.v:42$3027'.
  created $adff cell `$procdff$24262' with positive edge clock and negative level reset.
Creating register for signal `\streaming_norm.\sat8$func$rtl/streaming_norm.v:105$3007.z' using process `\streaming_norm.$proc$rtl/streaming_norm.v:42$3027'.
  created $adff cell `$procdff$24263' with positive edge clock and negative level reset.
Creating register for signal `\streaming_norm.\sat8$func$rtl/streaming_norm.v:105$3008.$result' using process `\streaming_norm.$proc$rtl/streaming_norm.v:42$3027'.
  created $adff cell `$procdff$24264' with positive edge clock and negative level reset.
Creating register for signal `\streaming_norm.\sat8$func$rtl/streaming_norm.v:105$3008.z' using process `\streaming_norm.$proc$rtl/streaming_norm.v:42$3027'.
  created $adff cell `$procdff$24265' with positive edge clock and negative level reset.
Creating register for signal `\streaming_norm.\sat8$func$rtl/streaming_norm.v:105$3009.$result' using process `\streaming_norm.$proc$rtl/streaming_norm.v:42$3027'.
  created $adff cell `$procdff$24266' with positive edge clock and negative level reset.
Creating register for signal `\streaming_norm.\sat8$func$rtl/streaming_norm.v:105$3009.z' using process `\streaming_norm.$proc$rtl/streaming_norm.v:42$3027'.
  created $adff cell `$procdff$24267' with positive edge clock and negative level reset.
Creating register for signal `\streaming_norm.\satadd8$func$rtl/streaming_norm.v:110$3010.$result' using process `\streaming_norm.$proc$rtl/streaming_norm.v:42$3027'.
  created $adff cell `$procdff$24268' with positive edge clock and negative level reset.
Creating register for signal `\streaming_norm.\satadd8$func$rtl/streaming_norm.v:110$3010.a' using process `\streaming_norm.$proc$rtl/streaming_norm.v:42$3027'.
  created $adff cell `$procdff$24269' with positive edge clock and negative level reset.
Creating register for signal `\streaming_norm.\satadd8$func$rtl/streaming_norm.v:110$3010.b' using process `\streaming_norm.$proc$rtl/streaming_norm.v:42$3027'.
  created $adff cell `$procdff$24270' with positive edge clock and negative level reset.
Creating register for signal `\streaming_norm.\satadd8$func$rtl/streaming_norm.v:110$3010.z' using process `\streaming_norm.$proc$rtl/streaming_norm.v:42$3027'.
  created $adff cell `$procdff$24271' with positive edge clock and negative level reset.
Creating register for signal `\streaming_norm.\satadd8$func$rtl/streaming_norm.v:110$3011.$result' using process `\streaming_norm.$proc$rtl/streaming_norm.v:42$3027'.
  created $adff cell `$procdff$24272' with positive edge clock and negative level reset.
Creating register for signal `\streaming_norm.\satadd8$func$rtl/streaming_norm.v:110$3011.a' using process `\streaming_norm.$proc$rtl/streaming_norm.v:42$3027'.
  created $adff cell `$procdff$24273' with positive edge clock and negative level reset.
Creating register for signal `\streaming_norm.\satadd8$func$rtl/streaming_norm.v:110$3011.b' using process `\streaming_norm.$proc$rtl/streaming_norm.v:42$3027'.
  created $adff cell `$procdff$24274' with positive edge clock and negative level reset.
Creating register for signal `\streaming_norm.\satadd8$func$rtl/streaming_norm.v:110$3011.z' using process `\streaming_norm.$proc$rtl/streaming_norm.v:42$3027'.
  created $adff cell `$procdff$24275' with positive edge clock and negative level reset.
Creating register for signal `\streaming_norm.\satadd8$func$rtl/streaming_norm.v:110$3012.$result' using process `\streaming_norm.$proc$rtl/streaming_norm.v:42$3027'.
  created $adff cell `$procdff$24276' with positive edge clock and negative level reset.
Creating register for signal `\streaming_norm.\satadd8$func$rtl/streaming_norm.v:110$3012.a' using process `\streaming_norm.$proc$rtl/streaming_norm.v:42$3027'.
  created $adff cell `$procdff$24277' with positive edge clock and negative level reset.
Creating register for signal `\streaming_norm.\satadd8$func$rtl/streaming_norm.v:110$3012.b' using process `\streaming_norm.$proc$rtl/streaming_norm.v:42$3027'.
  created $adff cell `$procdff$24278' with positive edge clock and negative level reset.
Creating register for signal `\streaming_norm.\satadd8$func$rtl/streaming_norm.v:110$3012.z' using process `\streaming_norm.$proc$rtl/streaming_norm.v:42$3027'.
  created $adff cell `$procdff$24279' with positive edge clock and negative level reset.
Creating register for signal `\streaming_norm.\satadd8$func$rtl/streaming_norm.v:110$3013.$result' using process `\streaming_norm.$proc$rtl/streaming_norm.v:42$3027'.
  created $adff cell `$procdff$24280' with positive edge clock and negative level reset.
Creating register for signal `\streaming_norm.\satadd8$func$rtl/streaming_norm.v:110$3013.a' using process `\streaming_norm.$proc$rtl/streaming_norm.v:42$3027'.
  created $adff cell `$procdff$24281' with positive edge clock and negative level reset.
Creating register for signal `\streaming_norm.\satadd8$func$rtl/streaming_norm.v:110$3013.b' using process `\streaming_norm.$proc$rtl/streaming_norm.v:42$3027'.
  created $adff cell `$procdff$24282' with positive edge clock and negative level reset.
Creating register for signal `\streaming_norm.\satadd8$func$rtl/streaming_norm.v:110$3013.z' using process `\streaming_norm.$proc$rtl/streaming_norm.v:42$3027'.
  created $adff cell `$procdff$24283' with positive edge clock and negative level reset.
Creating register for signal `\streaming_norm.\satadd8$func$rtl/streaming_norm.v:110$3014.$result' using process `\streaming_norm.$proc$rtl/streaming_norm.v:42$3027'.
  created $adff cell `$procdff$24284' with positive edge clock and negative level reset.
Creating register for signal `\streaming_norm.\satadd8$func$rtl/streaming_norm.v:110$3014.a' using process `\streaming_norm.$proc$rtl/streaming_norm.v:42$3027'.
  created $adff cell `$procdff$24285' with positive edge clock and negative level reset.
Creating register for signal `\streaming_norm.\satadd8$func$rtl/streaming_norm.v:110$3014.b' using process `\streaming_norm.$proc$rtl/streaming_norm.v:42$3027'.
  created $adff cell `$procdff$24286' with positive edge clock and negative level reset.
Creating register for signal `\streaming_norm.\satadd8$func$rtl/streaming_norm.v:110$3014.z' using process `\streaming_norm.$proc$rtl/streaming_norm.v:42$3027'.
  created $adff cell `$procdff$24287' with positive edge clock and negative level reset.
Creating register for signal `\streaming_norm.\satadd8$func$rtl/streaming_norm.v:110$3015.$result' using process `\streaming_norm.$proc$rtl/streaming_norm.v:42$3027'.
  created $adff cell `$procdff$24288' with positive edge clock and negative level reset.
Creating register for signal `\streaming_norm.\satadd8$func$rtl/streaming_norm.v:110$3015.a' using process `\streaming_norm.$proc$rtl/streaming_norm.v:42$3027'.
  created $adff cell `$procdff$24289' with positive edge clock and negative level reset.
Creating register for signal `\streaming_norm.\satadd8$func$rtl/streaming_norm.v:110$3015.b' using process `\streaming_norm.$proc$rtl/streaming_norm.v:42$3027'.
  created $adff cell `$procdff$24290' with positive edge clock and negative level reset.
Creating register for signal `\streaming_norm.\satadd8$func$rtl/streaming_norm.v:110$3015.z' using process `\streaming_norm.$proc$rtl/streaming_norm.v:42$3027'.
  created $adff cell `$procdff$24291' with positive edge clock and negative level reset.
Creating register for signal `\streaming_norm.\satadd8$func$rtl/streaming_norm.v:110$3016.$result' using process `\streaming_norm.$proc$rtl/streaming_norm.v:42$3027'.
  created $adff cell `$procdff$24292' with positive edge clock and negative level reset.
Creating register for signal `\streaming_norm.\satadd8$func$rtl/streaming_norm.v:110$3016.a' using process `\streaming_norm.$proc$rtl/streaming_norm.v:42$3027'.
  created $adff cell `$procdff$24293' with positive edge clock and negative level reset.
Creating register for signal `\streaming_norm.\satadd8$func$rtl/streaming_norm.v:110$3016.b' using process `\streaming_norm.$proc$rtl/streaming_norm.v:42$3027'.
  created $adff cell `$procdff$24294' with positive edge clock and negative level reset.
Creating register for signal `\streaming_norm.\satadd8$func$rtl/streaming_norm.v:110$3016.z' using process `\streaming_norm.$proc$rtl/streaming_norm.v:42$3027'.
  created $adff cell `$procdff$24295' with positive edge clock and negative level reset.
Creating register for signal `\streaming_norm.\satadd8$func$rtl/streaming_norm.v:110$3017.$result' using process `\streaming_norm.$proc$rtl/streaming_norm.v:42$3027'.
  created $adff cell `$procdff$24296' with positive edge clock and negative level reset.
Creating register for signal `\streaming_norm.\satadd8$func$rtl/streaming_norm.v:110$3017.a' using process `\streaming_norm.$proc$rtl/streaming_norm.v:42$3027'.
  created $adff cell `$procdff$24297' with positive edge clock and negative level reset.
Creating register for signal `\streaming_norm.\satadd8$func$rtl/streaming_norm.v:110$3017.b' using process `\streaming_norm.$proc$rtl/streaming_norm.v:42$3027'.
  created $adff cell `$procdff$24298' with positive edge clock and negative level reset.
Creating register for signal `\streaming_norm.\satadd8$func$rtl/streaming_norm.v:110$3017.z' using process `\streaming_norm.$proc$rtl/streaming_norm.v:42$3027'.
  created $adff cell `$procdff$24299' with positive edge clock and negative level reset.
Creating register for signal `\streaming_norm.\satadd8$func$rtl/streaming_norm.v:110$3018.$result' using process `\streaming_norm.$proc$rtl/streaming_norm.v:42$3027'.
  created $adff cell `$procdff$24300' with positive edge clock and negative level reset.
Creating register for signal `\streaming_norm.\satadd8$func$rtl/streaming_norm.v:110$3018.a' using process `\streaming_norm.$proc$rtl/streaming_norm.v:42$3027'.
  created $adff cell `$procdff$24301' with positive edge clock and negative level reset.
Creating register for signal `\streaming_norm.\satadd8$func$rtl/streaming_norm.v:110$3018.b' using process `\streaming_norm.$proc$rtl/streaming_norm.v:42$3027'.
  created $adff cell `$procdff$24302' with positive edge clock and negative level reset.
Creating register for signal `\streaming_norm.\satadd8$func$rtl/streaming_norm.v:110$3018.z' using process `\streaming_norm.$proc$rtl/streaming_norm.v:42$3027'.
  created $adff cell `$procdff$24303' with positive edge clock and negative level reset.
Creating register for signal `\streaming_norm.\satadd8$func$rtl/streaming_norm.v:110$3019.$result' using process `\streaming_norm.$proc$rtl/streaming_norm.v:42$3027'.
  created $adff cell `$procdff$24304' with positive edge clock and negative level reset.
Creating register for signal `\streaming_norm.\satadd8$func$rtl/streaming_norm.v:110$3019.a' using process `\streaming_norm.$proc$rtl/streaming_norm.v:42$3027'.
  created $adff cell `$procdff$24305' with positive edge clock and negative level reset.
Creating register for signal `\streaming_norm.\satadd8$func$rtl/streaming_norm.v:110$3019.b' using process `\streaming_norm.$proc$rtl/streaming_norm.v:42$3027'.
  created $adff cell `$procdff$24306' with positive edge clock and negative level reset.
Creating register for signal `\streaming_norm.\satadd8$func$rtl/streaming_norm.v:110$3019.z' using process `\streaming_norm.$proc$rtl/streaming_norm.v:42$3027'.
  created $adff cell `$procdff$24307' with positive edge clock and negative level reset.
Creating register for signal `\streaming_norm.\satadd8$func$rtl/streaming_norm.v:110$3020.$result' using process `\streaming_norm.$proc$rtl/streaming_norm.v:42$3027'.
  created $adff cell `$procdff$24308' with positive edge clock and negative level reset.
Creating register for signal `\streaming_norm.\satadd8$func$rtl/streaming_norm.v:110$3020.a' using process `\streaming_norm.$proc$rtl/streaming_norm.v:42$3027'.
  created $adff cell `$procdff$24309' with positive edge clock and negative level reset.
Creating register for signal `\streaming_norm.\satadd8$func$rtl/streaming_norm.v:110$3020.b' using process `\streaming_norm.$proc$rtl/streaming_norm.v:42$3027'.
  created $adff cell `$procdff$24310' with positive edge clock and negative level reset.
Creating register for signal `\streaming_norm.\satadd8$func$rtl/streaming_norm.v:110$3020.z' using process `\streaming_norm.$proc$rtl/streaming_norm.v:42$3027'.
  created $adff cell `$procdff$24311' with positive edge clock and negative level reset.
Creating register for signal `\streaming_norm.\satadd8$func$rtl/streaming_norm.v:110$3021.$result' using process `\streaming_norm.$proc$rtl/streaming_norm.v:42$3027'.
  created $adff cell `$procdff$24312' with positive edge clock and negative level reset.
Creating register for signal `\streaming_norm.\satadd8$func$rtl/streaming_norm.v:110$3021.a' using process `\streaming_norm.$proc$rtl/streaming_norm.v:42$3027'.
  created $adff cell `$procdff$24313' with positive edge clock and negative level reset.
Creating register for signal `\streaming_norm.\satadd8$func$rtl/streaming_norm.v:110$3021.b' using process `\streaming_norm.$proc$rtl/streaming_norm.v:42$3027'.
  created $adff cell `$procdff$24314' with positive edge clock and negative level reset.
Creating register for signal `\streaming_norm.\satadd8$func$rtl/streaming_norm.v:110$3021.z' using process `\streaming_norm.$proc$rtl/streaming_norm.v:42$3027'.
  created $adff cell `$procdff$24315' with positive edge clock and negative level reset.
Creating register for signal `\streaming_norm.\satadd8$func$rtl/streaming_norm.v:110$3022.$result' using process `\streaming_norm.$proc$rtl/streaming_norm.v:42$3027'.
  created $adff cell `$procdff$24316' with positive edge clock and negative level reset.
Creating register for signal `\streaming_norm.\satadd8$func$rtl/streaming_norm.v:110$3022.a' using process `\streaming_norm.$proc$rtl/streaming_norm.v:42$3027'.
  created $adff cell `$procdff$24317' with positive edge clock and negative level reset.
Creating register for signal `\streaming_norm.\satadd8$func$rtl/streaming_norm.v:110$3022.b' using process `\streaming_norm.$proc$rtl/streaming_norm.v:42$3027'.
  created $adff cell `$procdff$24318' with positive edge clock and negative level reset.
Creating register for signal `\streaming_norm.\satadd8$func$rtl/streaming_norm.v:110$3022.z' using process `\streaming_norm.$proc$rtl/streaming_norm.v:42$3027'.
  created $adff cell `$procdff$24319' with positive edge clock and negative level reset.
Creating register for signal `\streaming_norm.\satadd8$func$rtl/streaming_norm.v:110$3023.$result' using process `\streaming_norm.$proc$rtl/streaming_norm.v:42$3027'.
  created $adff cell `$procdff$24320' with positive edge clock and negative level reset.
Creating register for signal `\streaming_norm.\satadd8$func$rtl/streaming_norm.v:110$3023.a' using process `\streaming_norm.$proc$rtl/streaming_norm.v:42$3027'.
  created $adff cell `$procdff$24321' with positive edge clock and negative level reset.
Creating register for signal `\streaming_norm.\satadd8$func$rtl/streaming_norm.v:110$3023.b' using process `\streaming_norm.$proc$rtl/streaming_norm.v:42$3027'.
  created $adff cell `$procdff$24322' with positive edge clock and negative level reset.
Creating register for signal `\streaming_norm.\satadd8$func$rtl/streaming_norm.v:110$3023.z' using process `\streaming_norm.$proc$rtl/streaming_norm.v:42$3027'.
  created $adff cell `$procdff$24323' with positive edge clock and negative level reset.
Creating register for signal `\streaming_norm.\satadd8$func$rtl/streaming_norm.v:110$3024.$result' using process `\streaming_norm.$proc$rtl/streaming_norm.v:42$3027'.
  created $adff cell `$procdff$24324' with positive edge clock and negative level reset.
Creating register for signal `\streaming_norm.\satadd8$func$rtl/streaming_norm.v:110$3024.a' using process `\streaming_norm.$proc$rtl/streaming_norm.v:42$3027'.
  created $adff cell `$procdff$24325' with positive edge clock and negative level reset.
Creating register for signal `\streaming_norm.\satadd8$func$rtl/streaming_norm.v:110$3024.b' using process `\streaming_norm.$proc$rtl/streaming_norm.v:42$3027'.
  created $adff cell `$procdff$24326' with positive edge clock and negative level reset.
Creating register for signal `\streaming_norm.\satadd8$func$rtl/streaming_norm.v:110$3024.z' using process `\streaming_norm.$proc$rtl/streaming_norm.v:42$3027'.
  created $adff cell `$procdff$24327' with positive edge clock and negative level reset.
Creating register for signal `\streaming_norm.\satadd8$func$rtl/streaming_norm.v:110$3025.$result' using process `\streaming_norm.$proc$rtl/streaming_norm.v:42$3027'.
  created $adff cell `$procdff$24328' with positive edge clock and negative level reset.
Creating register for signal `\streaming_norm.\satadd8$func$rtl/streaming_norm.v:110$3025.a' using process `\streaming_norm.$proc$rtl/streaming_norm.v:42$3027'.
  created $adff cell `$procdff$24329' with positive edge clock and negative level reset.
Creating register for signal `\streaming_norm.\satadd8$func$rtl/streaming_norm.v:110$3025.b' using process `\streaming_norm.$proc$rtl/streaming_norm.v:42$3027'.
  created $adff cell `$procdff$24330' with positive edge clock and negative level reset.
Creating register for signal `\streaming_norm.\satadd8$func$rtl/streaming_norm.v:110$3025.z' using process `\streaming_norm.$proc$rtl/streaming_norm.v:42$3027'.
  created $adff cell `$procdff$24331' with positive edge clock and negative level reset.
Creating register for signal `\streaming_norm.\scale_r[0]' using process `\streaming_norm.$proc$rtl/streaming_norm.v:42$3027'.
  created $dff cell `$procdff$24334' with positive edge clock.
Creating register for signal `\streaming_norm.\scale_r[1]' using process `\streaming_norm.$proc$rtl/streaming_norm.v:42$3027'.
  created $dff cell `$procdff$24337' with positive edge clock.
Creating register for signal `\streaming_norm.\scale_r[2]' using process `\streaming_norm.$proc$rtl/streaming_norm.v:42$3027'.
  created $dff cell `$procdff$24340' with positive edge clock.
Creating register for signal `\streaming_norm.\scale_r[3]' using process `\streaming_norm.$proc$rtl/streaming_norm.v:42$3027'.
  created $dff cell `$procdff$24343' with positive edge clock.
Creating register for signal `\streaming_norm.\scale_r[4]' using process `\streaming_norm.$proc$rtl/streaming_norm.v:42$3027'.
  created $dff cell `$procdff$24346' with positive edge clock.
Creating register for signal `\streaming_norm.\scale_r[5]' using process `\streaming_norm.$proc$rtl/streaming_norm.v:42$3027'.
  created $dff cell `$procdff$24349' with positive edge clock.
Creating register for signal `\streaming_norm.\scale_r[6]' using process `\streaming_norm.$proc$rtl/streaming_norm.v:42$3027'.
  created $dff cell `$procdff$24352' with positive edge clock.
Creating register for signal `\streaming_norm.\scale_r[7]' using process `\streaming_norm.$proc$rtl/streaming_norm.v:42$3027'.
  created $dff cell `$procdff$24355' with positive edge clock.
Creating register for signal `\streaming_norm.\scale_r[8]' using process `\streaming_norm.$proc$rtl/streaming_norm.v:42$3027'.
  created $dff cell `$procdff$24358' with positive edge clock.
Creating register for signal `\streaming_norm.\scale_r[9]' using process `\streaming_norm.$proc$rtl/streaming_norm.v:42$3027'.
  created $dff cell `$procdff$24361' with positive edge clock.
Creating register for signal `\streaming_norm.\scale_r[10]' using process `\streaming_norm.$proc$rtl/streaming_norm.v:42$3027'.
  created $dff cell `$procdff$24364' with positive edge clock.
Creating register for signal `\streaming_norm.\scale_r[11]' using process `\streaming_norm.$proc$rtl/streaming_norm.v:42$3027'.
  created $dff cell `$procdff$24367' with positive edge clock.
Creating register for signal `\streaming_norm.\scale_r[12]' using process `\streaming_norm.$proc$rtl/streaming_norm.v:42$3027'.
  created $dff cell `$procdff$24370' with positive edge clock.
Creating register for signal `\streaming_norm.\scale_r[13]' using process `\streaming_norm.$proc$rtl/streaming_norm.v:42$3027'.
  created $dff cell `$procdff$24373' with positive edge clock.
Creating register for signal `\streaming_norm.\scale_r[14]' using process `\streaming_norm.$proc$rtl/streaming_norm.v:42$3027'.
  created $dff cell `$procdff$24376' with positive edge clock.
Creating register for signal `\streaming_norm.\scale_r[15]' using process `\streaming_norm.$proc$rtl/streaming_norm.v:42$3027'.
  created $dff cell `$procdff$24379' with positive edge clock.
Creating register for signal `\state_stream_controller.\i' using process `\state_stream_controller.$proc$rtl/state_stream_controller.v:86$1128'.
  created $adff cell `$procdff$24380' with positive edge clock and negative level reset.
Creating register for signal `\state_stream_controller.\done' using process `\state_stream_controller.$proc$rtl/state_stream_controller.v:86$1128'.
  created $adff cell `$procdff$24381' with positive edge clock and negative level reset.
Creating register for signal `\state_stream_controller.\fsm' using process `\state_stream_controller.$proc$rtl/state_stream_controller.v:86$1128'.
  created $adff cell `$procdff$24382' with positive edge clock and negative level reset.
Creating register for signal `\state_stream_controller.\chunk' using process `\state_stream_controller.$proc$rtl/state_stream_controller.v:86$1128'.
  created $adff cell `$procdff$24383' with positive edge clock and negative level reset.
Creating register for signal `\state_stream_controller.\group' using process `\state_stream_controller.$proc$rtl/state_stream_controller.v:86$1128'.
  created $adff cell `$procdff$24384' with positive edge clock and negative level reset.
Creating register for signal `\state_stream_controller.\row' using process `\state_stream_controller.$proc$rtl/state_stream_controller.v:86$1128'.
  created $adff cell `$procdff$24385' with positive edge clock and negative level reset.
Creating register for signal `\state_stream_controller.\diff_half' using process `\state_stream_controller.$proc$rtl/state_stream_controller.v:86$1128'.
  created $adff cell `$procdff$24386' with positive edge clock and negative level reset.
Creating register for signal `\state_stream_controller.\read_issued' using process `\state_stream_controller.$proc$rtl/state_stream_controller.v:86$1128'.
  created $adff cell `$procdff$24387' with positive edge clock and negative level reset.
Creating register for signal `\state_stream_controller.\vword' using process `\state_stream_controller.$proc$rtl/state_stream_controller.v:86$1128'.
  created $adff cell `$procdff$24388' with positive edge clock and negative level reset.
Creating register for signal `\state_stream_controller.\gate_cache' using process `\state_stream_controller.$proc$rtl/state_stream_controller.v:86$1128'.
  created $adff cell `$procdff$24389' with positive edge clock and negative level reset.
Creating register for signal `\state_stream_controller.\k_cache' using process `\state_stream_controller.$proc$rtl/state_stream_controller.v:86$1128'.
  created $adff cell `$procdff$24390' with positive edge clock and negative level reset.
Creating register for signal `\state_stream_controller.\q_cache' using process `\state_stream_controller.$proc$rtl/state_stream_controller.v:86$1128'.
  created $adff cell `$procdff$24391' with positive edge clock and negative level reset.
Creating register for signal `\state_stream_controller.\state_word' using process `\state_stream_controller.$proc$rtl/state_stream_controller.v:86$1128'.
  created $adff cell `$procdff$24392' with positive edge clock and negative level reset.
Creating register for signal `\state_stream_controller.\state_build' using process `\state_stream_controller.$proc$rtl/state_stream_controller.v:86$1128'.
  created $adff cell `$procdff$24393' with positive edge clock and negative level reset.
Creating register for signal `\state_stream_controller.\diff_cache' using process `\state_stream_controller.$proc$rtl/state_stream_controller.v:86$1128'.
  created $adff cell `$procdff$24394' with positive edge clock and negative level reset.
Creating register for signal `\state_stream_controller.\v_cache' using process `\state_stream_controller.$proc$rtl/state_stream_controller.v:86$1128'.
  created $adff cell `$procdff$24395' with positive edge clock and negative level reset.
Creating register for signal `\state_stream_controller.\write_data_q' using process `\state_stream_controller.$proc$rtl/state_stream_controller.v:86$1128'.
  created $adff cell `$procdff$24396' with positive edge clock and negative level reset.
Creating register for signal `\state_stream_controller.\rq_data_q' using process `\state_stream_controller.$proc$rtl/state_stream_controller.v:86$1128'.
  created $adff cell `$procdff$24397' with positive edge clock and negative level reset.
Creating register for signal `\state_stream_controller.\rq8$func$rtl/state_stream_controller.v:123$985.$result' using process `\state_stream_controller.$proc$rtl/state_stream_controller.v:86$1128'.
  created $adff cell `$procdff$24398' with positive edge clock and negative level reset.
Creating register for signal `\state_stream_controller.\rq8$func$rtl/state_stream_controller.v:123$985.a' using process `\state_stream_controller.$proc$rtl/state_stream_controller.v:86$1128'.
  created $adff cell `$procdff$24399' with positive edge clock and negative level reset.
Creating register for signal `\state_stream_controller.\rq8$func$rtl/state_stream_controller.v:123$985.x' using process `\state_stream_controller.$proc$rtl/state_stream_controller.v:86$1128'.
  created $adff cell `$procdff$24400' with positive edge clock and negative level reset.
Creating register for signal `\state_stream_controller.\rq8$func$rtl/state_stream_controller.v:123$986.$result' using process `\state_stream_controller.$proc$rtl/state_stream_controller.v:86$1128'.
  created $adff cell `$procdff$24401' with positive edge clock and negative level reset.
Creating register for signal `\state_stream_controller.\rq8$func$rtl/state_stream_controller.v:123$986.a' using process `\state_stream_controller.$proc$rtl/state_stream_controller.v:86$1128'.
  created $adff cell `$procdff$24402' with positive edge clock and negative level reset.
Creating register for signal `\state_stream_controller.\rq8$func$rtl/state_stream_controller.v:123$986.x' using process `\state_stream_controller.$proc$rtl/state_stream_controller.v:86$1128'.
  created $adff cell `$procdff$24403' with positive edge clock and negative level reset.
Creating register for signal `\state_stream_controller.\rq8$func$rtl/state_stream_controller.v:123$987.$result' using process `\state_stream_controller.$proc$rtl/state_stream_controller.v:86$1128'.
  created $adff cell `$procdff$24404' with positive edge clock and negative level reset.
Creating register for signal `\state_stream_controller.\rq8$func$rtl/state_stream_controller.v:123$987.a' using process `\state_stream_controller.$proc$rtl/state_stream_controller.v:86$1128'.
  created $adff cell `$procdff$24405' with positive edge clock and negative level reset.
Creating register for signal `\state_stream_controller.\rq8$func$rtl/state_stream_controller.v:123$987.x' using process `\state_stream_controller.$proc$rtl/state_stream_controller.v:86$1128'.
  created $adff cell `$procdff$24406' with positive edge clock and negative level reset.
Creating register for signal `\state_stream_controller.\rq8$func$rtl/state_stream_controller.v:123$988.$result' using process `\state_stream_controller.$proc$rtl/state_stream_controller.v:86$1128'.
  created $adff cell `$procdff$24407' with positive edge clock and negative level reset.
Creating register for signal `\state_stream_controller.\rq8$func$rtl/state_stream_controller.v:123$988.a' using process `\state_stream_controller.$proc$rtl/state_stream_controller.v:86$1128'.
  created $adff cell `$procdff$24408' with positive edge clock and negative level reset.
Creating register for signal `\state_stream_controller.\rq8$func$rtl/state_stream_controller.v:123$988.x' using process `\state_stream_controller.$proc$rtl/state_stream_controller.v:86$1128'.
  created $adff cell `$procdff$24409' with positive edge clock and negative level reset.
Creating register for signal `\state_stream_controller.\rq8$func$rtl/state_stream_controller.v:123$989.$result' using process `\state_stream_controller.$proc$rtl/state_stream_controller.v:86$1128'.
  created $adff cell `$procdff$24410' with positive edge clock and negative level reset.
Creating register for signal `\state_stream_controller.\rq8$func$rtl/state_stream_controller.v:123$989.a' using process `\state_stream_controller.$proc$rtl/state_stream_controller.v:86$1128'.
  created $adff cell `$procdff$24411' with positive edge clock and negative level reset.
Creating register for signal `\state_stream_controller.\rq8$func$rtl/state_stream_controller.v:123$989.x' using process `\state_stream_controller.$proc$rtl/state_stream_controller.v:86$1128'.
  created $adff cell `$procdff$24412' with positive edge clock and negative level reset.
Creating register for signal `\state_stream_controller.\rq8$func$rtl/state_stream_controller.v:123$990.$result' using process `\state_stream_controller.$proc$rtl/state_stream_controller.v:86$1128'.
  created $adff cell `$procdff$24413' with positive edge clock and negative level reset.
Creating register for signal `\state_stream_controller.\rq8$func$rtl/state_stream_controller.v:123$990.a' using process `\state_stream_controller.$proc$rtl/state_stream_controller.v:86$1128'.
  created $adff cell `$procdff$24414' with positive edge clock and negative level reset.
Creating register for signal `\state_stream_controller.\rq8$func$rtl/state_stream_controller.v:123$990.x' using process `\state_stream_controller.$proc$rtl/state_stream_controller.v:86$1128'.
  created $adff cell `$procdff$24415' with positive edge clock and negative level reset.
Creating register for signal `\state_stream_controller.\rq8$func$rtl/state_stream_controller.v:123$991.$result' using process `\state_stream_controller.$proc$rtl/state_stream_controller.v:86$1128'.
  created $adff cell `$procdff$24416' with positive edge clock and negative level reset.
Creating register for signal `\state_stream_controller.\rq8$func$rtl/state_stream_controller.v:123$991.a' using process `\state_stream_controller.$proc$rtl/state_stream_controller.v:86$1128'.
  created $adff cell `$procdff$24417' with positive edge clock and negative level reset.
Creating register for signal `\state_stream_controller.\rq8$func$rtl/state_stream_controller.v:123$991.x' using process `\state_stream_controller.$proc$rtl/state_stream_controller.v:86$1128'.
  created $adff cell `$procdff$24418' with positive edge clock and negative level reset.
Creating register for signal `\state_stream_controller.\rq8$func$rtl/state_stream_controller.v:123$992.$result' using process `\state_stream_controller.$proc$rtl/state_stream_controller.v:86$1128'.
  created $adff cell `$procdff$24419' with positive edge clock and negative level reset.
Creating register for signal `\state_stream_controller.\rq8$func$rtl/state_stream_controller.v:123$992.a' using process `\state_stream_controller.$proc$rtl/state_stream_controller.v:86$1128'.
  created $adff cell `$procdff$24420' with positive edge clock and negative level reset.
Creating register for signal `\state_stream_controller.\rq8$func$rtl/state_stream_controller.v:123$992.x' using process `\state_stream_controller.$proc$rtl/state_stream_controller.v:86$1128'.
  created $adff cell `$procdff$24421' with positive edge clock and negative level reset.
Creating register for signal `\state_stream_controller.\rq8$func$rtl/state_stream_controller.v:123$993.$result' using process `\state_stream_controller.$proc$rtl/state_stream_controller.v:86$1128'.
  created $adff cell `$procdff$24422' with positive edge clock and negative level reset.
Creating register for signal `\state_stream_controller.\rq8$func$rtl/state_stream_controller.v:123$993.a' using process `\state_stream_controller.$proc$rtl/state_stream_controller.v:86$1128'.
  created $adff cell `$procdff$24423' with positive edge clock and negative level reset.
Creating register for signal `\state_stream_controller.\rq8$func$rtl/state_stream_controller.v:123$993.x' using process `\state_stream_controller.$proc$rtl/state_stream_controller.v:86$1128'.
  created $adff cell `$procdff$24424' with positive edge clock and negative level reset.
Creating register for signal `\state_stream_controller.\rq8$func$rtl/state_stream_controller.v:123$994.$result' using process `\state_stream_controller.$proc$rtl/state_stream_controller.v:86$1128'.
  created $adff cell `$procdff$24425' with positive edge clock and negative level reset.
Creating register for signal `\state_stream_controller.\rq8$func$rtl/state_stream_controller.v:123$994.a' using process `\state_stream_controller.$proc$rtl/state_stream_controller.v:86$1128'.
  created $adff cell `$procdff$24426' with positive edge clock and negative level reset.
Creating register for signal `\state_stream_controller.\rq8$func$rtl/state_stream_controller.v:123$994.x' using process `\state_stream_controller.$proc$rtl/state_stream_controller.v:86$1128'.
  created $adff cell `$procdff$24427' with positive edge clock and negative level reset.
Creating register for signal `\state_stream_controller.\rq8$func$rtl/state_stream_controller.v:123$995.$result' using process `\state_stream_controller.$proc$rtl/state_stream_controller.v:86$1128'.
  created $adff cell `$procdff$24428' with positive edge clock and negative level reset.
Creating register for signal `\state_stream_controller.\rq8$func$rtl/state_stream_controller.v:123$995.a' using process `\state_stream_controller.$proc$rtl/state_stream_controller.v:86$1128'.
  created $adff cell `$procdff$24429' with positive edge clock and negative level reset.
Creating register for signal `\state_stream_controller.\rq8$func$rtl/state_stream_controller.v:123$995.x' using process `\state_stream_controller.$proc$rtl/state_stream_controller.v:86$1128'.
  created $adff cell `$procdff$24430' with positive edge clock and negative level reset.
Creating register for signal `\state_stream_controller.\rq8$func$rtl/state_stream_controller.v:123$996.$result' using process `\state_stream_controller.$proc$rtl/state_stream_controller.v:86$1128'.
  created $adff cell `$procdff$24431' with positive edge clock and negative level reset.
Creating register for signal `\state_stream_controller.\rq8$func$rtl/state_stream_controller.v:123$996.a' using process `\state_stream_controller.$proc$rtl/state_stream_controller.v:86$1128'.
  created $adff cell `$procdff$24432' with positive edge clock and negative level reset.
Creating register for signal `\state_stream_controller.\rq8$func$rtl/state_stream_controller.v:123$996.x' using process `\state_stream_controller.$proc$rtl/state_stream_controller.v:86$1128'.
  created $adff cell `$procdff$24433' with positive edge clock and negative level reset.
Creating register for signal `\state_stream_controller.\rq8$func$rtl/state_stream_controller.v:123$997.$result' using process `\state_stream_controller.$proc$rtl/state_stream_controller.v:86$1128'.
  created $adff cell `$procdff$24434' with positive edge clock and negative level reset.
Creating register for signal `\state_stream_controller.\rq8$func$rtl/state_stream_controller.v:123$997.a' using process `\state_stream_controller.$proc$rtl/state_stream_controller.v:86$1128'.
  created $adff cell `$procdff$24435' with positive edge clock and negative level reset.
Creating register for signal `\state_stream_controller.\rq8$func$rtl/state_stream_controller.v:123$997.x' using process `\state_stream_controller.$proc$rtl/state_stream_controller.v:86$1128'.
  created $adff cell `$procdff$24436' with positive edge clock and negative level reset.
Creating register for signal `\state_stream_controller.\rq8$func$rtl/state_stream_controller.v:123$998.$result' using process `\state_stream_controller.$proc$rtl/state_stream_controller.v:86$1128'.
  created $adff cell `$procdff$24437' with positive edge clock and negative level reset.
Creating register for signal `\state_stream_controller.\rq8$func$rtl/state_stream_controller.v:123$998.a' using process `\state_stream_controller.$proc$rtl/state_stream_controller.v:86$1128'.
  created $adff cell `$procdff$24438' with positive edge clock and negative level reset.
Creating register for signal `\state_stream_controller.\rq8$func$rtl/state_stream_controller.v:123$998.x' using process `\state_stream_controller.$proc$rtl/state_stream_controller.v:86$1128'.
  created $adff cell `$procdff$24439' with positive edge clock and negative level reset.
Creating register for signal `\state_stream_controller.\rq8$func$rtl/state_stream_controller.v:123$999.$result' using process `\state_stream_controller.$proc$rtl/state_stream_controller.v:86$1128'.
  created $adff cell `$procdff$24440' with positive edge clock and negative level reset.
Creating register for signal `\state_stream_controller.\rq8$func$rtl/state_stream_controller.v:123$999.a' using process `\state_stream_controller.$proc$rtl/state_stream_controller.v:86$1128'.
  created $adff cell `$procdff$24441' with positive edge clock and negative level reset.
Creating register for signal `\state_stream_controller.\rq8$func$rtl/state_stream_controller.v:123$999.x' using process `\state_stream_controller.$proc$rtl/state_stream_controller.v:86$1128'.
  created $adff cell `$procdff$24442' with positive edge clock and negative level reset.
Creating register for signal `\state_stream_controller.\rq8$func$rtl/state_stream_controller.v:123$1000.$result' using process `\state_stream_controller.$proc$rtl/state_stream_controller.v:86$1128'.
  created $adff cell `$procdff$24443' with positive edge clock and negative level reset.
Creating register for signal `\state_stream_controller.\rq8$func$rtl/state_stream_controller.v:123$1000.a' using process `\state_stream_controller.$proc$rtl/state_stream_controller.v:86$1128'.
  created $adff cell `$procdff$24444' with positive edge clock and negative level reset.
Creating register for signal `\state_stream_controller.\rq8$func$rtl/state_stream_controller.v:123$1000.x' using process `\state_stream_controller.$proc$rtl/state_stream_controller.v:86$1128'.
  created $adff cell `$procdff$24445' with positive edge clock and negative level reset.
Creating register for signal `\state_stream_controller.\rq8$func$rtl/state_stream_controller.v:124$1001.$result' using process `\state_stream_controller.$proc$rtl/state_stream_controller.v:86$1128'.
  created $adff cell `$procdff$24446' with positive edge clock and negative level reset.
Creating register for signal `\state_stream_controller.\rq8$func$rtl/state_stream_controller.v:124$1001.a' using process `\state_stream_controller.$proc$rtl/state_stream_controller.v:86$1128'.
  created $adff cell `$procdff$24447' with positive edge clock and negative level reset.
Creating register for signal `\state_stream_controller.\rq8$func$rtl/state_stream_controller.v:124$1001.x' using process `\state_stream_controller.$proc$rtl/state_stream_controller.v:86$1128'.
  created $adff cell `$procdff$24448' with positive edge clock and negative level reset.
Creating register for signal `\state_stream_controller.\rq8$func$rtl/state_stream_controller.v:124$1002.$result' using process `\state_stream_controller.$proc$rtl/state_stream_controller.v:86$1128'.
  created $adff cell `$procdff$24449' with positive edge clock and negative level reset.
Creating register for signal `\state_stream_controller.\rq8$func$rtl/state_stream_controller.v:124$1002.a' using process `\state_stream_controller.$proc$rtl/state_stream_controller.v:86$1128'.
  created $adff cell `$procdff$24450' with positive edge clock and negative level reset.
Creating register for signal `\state_stream_controller.\rq8$func$rtl/state_stream_controller.v:124$1002.x' using process `\state_stream_controller.$proc$rtl/state_stream_controller.v:86$1128'.
  created $adff cell `$procdff$24451' with positive edge clock and negative level reset.
Creating register for signal `\state_stream_controller.\rq8$func$rtl/state_stream_controller.v:124$1003.$result' using process `\state_stream_controller.$proc$rtl/state_stream_controller.v:86$1128'.
  created $adff cell `$procdff$24452' with positive edge clock and negative level reset.
Creating register for signal `\state_stream_controller.\rq8$func$rtl/state_stream_controller.v:124$1003.a' using process `\state_stream_controller.$proc$rtl/state_stream_controller.v:86$1128'.
  created $adff cell `$procdff$24453' with positive edge clock and negative level reset.
Creating register for signal `\state_stream_controller.\rq8$func$rtl/state_stream_controller.v:124$1003.x' using process `\state_stream_controller.$proc$rtl/state_stream_controller.v:86$1128'.
  created $adff cell `$procdff$24454' with positive edge clock and negative level reset.
Creating register for signal `\state_stream_controller.\rq8$func$rtl/state_stream_controller.v:124$1004.$result' using process `\state_stream_controller.$proc$rtl/state_stream_controller.v:86$1128'.
  created $adff cell `$procdff$24455' with positive edge clock and negative level reset.
Creating register for signal `\state_stream_controller.\rq8$func$rtl/state_stream_controller.v:124$1004.a' using process `\state_stream_controller.$proc$rtl/state_stream_controller.v:86$1128'.
  created $adff cell `$procdff$24456' with positive edge clock and negative level reset.
Creating register for signal `\state_stream_controller.\rq8$func$rtl/state_stream_controller.v:124$1004.x' using process `\state_stream_controller.$proc$rtl/state_stream_controller.v:86$1128'.
  created $adff cell `$procdff$24457' with positive edge clock and negative level reset.
Creating register for signal `\state_stream_controller.\rq8$func$rtl/state_stream_controller.v:124$1005.$result' using process `\state_stream_controller.$proc$rtl/state_stream_controller.v:86$1128'.
  created $adff cell `$procdff$24458' with positive edge clock and negative level reset.
Creating register for signal `\state_stream_controller.\rq8$func$rtl/state_stream_controller.v:124$1005.a' using process `\state_stream_controller.$proc$rtl/state_stream_controller.v:86$1128'.
  created $adff cell `$procdff$24459' with positive edge clock and negative level reset.
Creating register for signal `\state_stream_controller.\rq8$func$rtl/state_stream_controller.v:124$1005.x' using process `\state_stream_controller.$proc$rtl/state_stream_controller.v:86$1128'.
  created $adff cell `$procdff$24460' with positive edge clock and negative level reset.
Creating register for signal `\state_stream_controller.\rq8$func$rtl/state_stream_controller.v:124$1006.$result' using process `\state_stream_controller.$proc$rtl/state_stream_controller.v:86$1128'.
  created $adff cell `$procdff$24461' with positive edge clock and negative level reset.
Creating register for signal `\state_stream_controller.\rq8$func$rtl/state_stream_controller.v:124$1006.a' using process `\state_stream_controller.$proc$rtl/state_stream_controller.v:86$1128'.
  created $adff cell `$procdff$24462' with positive edge clock and negative level reset.
Creating register for signal `\state_stream_controller.\rq8$func$rtl/state_stream_controller.v:124$1006.x' using process `\state_stream_controller.$proc$rtl/state_stream_controller.v:86$1128'.
  created $adff cell `$procdff$24463' with positive edge clock and negative level reset.
Creating register for signal `\state_stream_controller.\rq8$func$rtl/state_stream_controller.v:124$1007.$result' using process `\state_stream_controller.$proc$rtl/state_stream_controller.v:86$1128'.
  created $adff cell `$procdff$24464' with positive edge clock and negative level reset.
Creating register for signal `\state_stream_controller.\rq8$func$rtl/state_stream_controller.v:124$1007.a' using process `\state_stream_controller.$proc$rtl/state_stream_controller.v:86$1128'.
  created $adff cell `$procdff$24465' with positive edge clock and negative level reset.
Creating register for signal `\state_stream_controller.\rq8$func$rtl/state_stream_controller.v:124$1007.x' using process `\state_stream_controller.$proc$rtl/state_stream_controller.v:86$1128'.
  created $adff cell `$procdff$24466' with positive edge clock and negative level reset.
Creating register for signal `\state_stream_controller.\rq8$func$rtl/state_stream_controller.v:124$1008.$result' using process `\state_stream_controller.$proc$rtl/state_stream_controller.v:86$1128'.
  created $adff cell `$procdff$24467' with positive edge clock and negative level reset.
Creating register for signal `\state_stream_controller.\rq8$func$rtl/state_stream_controller.v:124$1008.a' using process `\state_stream_controller.$proc$rtl/state_stream_controller.v:86$1128'.
  created $adff cell `$procdff$24468' with positive edge clock and negative level reset.
Creating register for signal `\state_stream_controller.\rq8$func$rtl/state_stream_controller.v:124$1008.x' using process `\state_stream_controller.$proc$rtl/state_stream_controller.v:86$1128'.
  created $adff cell `$procdff$24469' with positive edge clock and negative level reset.
Creating register for signal `\state_stream_controller.\rq8$func$rtl/state_stream_controller.v:124$1009.$result' using process `\state_stream_controller.$proc$rtl/state_stream_controller.v:86$1128'.
  created $adff cell `$procdff$24470' with positive edge clock and negative level reset.
Creating register for signal `\state_stream_controller.\rq8$func$rtl/state_stream_controller.v:124$1009.a' using process `\state_stream_controller.$proc$rtl/state_stream_controller.v:86$1128'.
  created $adff cell `$procdff$24471' with positive edge clock and negative level reset.
Creating register for signal `\state_stream_controller.\rq8$func$rtl/state_stream_controller.v:124$1009.x' using process `\state_stream_controller.$proc$rtl/state_stream_controller.v:86$1128'.
  created $adff cell `$procdff$24472' with positive edge clock and negative level reset.
Creating register for signal `\state_stream_controller.\rq8$func$rtl/state_stream_controller.v:124$1010.$result' using process `\state_stream_controller.$proc$rtl/state_stream_controller.v:86$1128'.
  created $adff cell `$procdff$24473' with positive edge clock and negative level reset.
Creating register for signal `\state_stream_controller.\rq8$func$rtl/state_stream_controller.v:124$1010.a' using process `\state_stream_controller.$proc$rtl/state_stream_controller.v:86$1128'.
  created $adff cell `$procdff$24474' with positive edge clock and negative level reset.
Creating register for signal `\state_stream_controller.\rq8$func$rtl/state_stream_controller.v:124$1010.x' using process `\state_stream_controller.$proc$rtl/state_stream_controller.v:86$1128'.
  created $adff cell `$procdff$24475' with positive edge clock and negative level reset.
Creating register for signal `\state_stream_controller.\rq8$func$rtl/state_stream_controller.v:124$1011.$result' using process `\state_stream_controller.$proc$rtl/state_stream_controller.v:86$1128'.
  created $adff cell `$procdff$24476' with positive edge clock and negative level reset.
Creating register for signal `\state_stream_controller.\rq8$func$rtl/state_stream_controller.v:124$1011.a' using process `\state_stream_controller.$proc$rtl/state_stream_controller.v:86$1128'.
  created $adff cell `$procdff$24477' with positive edge clock and negative level reset.
Creating register for signal `\state_stream_controller.\rq8$func$rtl/state_stream_controller.v:124$1011.x' using process `\state_stream_controller.$proc$rtl/state_stream_controller.v:86$1128'.
  created $adff cell `$procdff$24478' with positive edge clock and negative level reset.
Creating register for signal `\state_stream_controller.\rq8$func$rtl/state_stream_controller.v:124$1012.$result' using process `\state_stream_controller.$proc$rtl/state_stream_controller.v:86$1128'.
  created $adff cell `$procdff$24479' with positive edge clock and negative level reset.
Creating register for signal `\state_stream_controller.\rq8$func$rtl/state_stream_controller.v:124$1012.a' using process `\state_stream_controller.$proc$rtl/state_stream_controller.v:86$1128'.
  created $adff cell `$procdff$24480' with positive edge clock and negative level reset.
Creating register for signal `\state_stream_controller.\rq8$func$rtl/state_stream_controller.v:124$1012.x' using process `\state_stream_controller.$proc$rtl/state_stream_controller.v:86$1128'.
  created $adff cell `$procdff$24481' with positive edge clock and negative level reset.
Creating register for signal `\state_stream_controller.\rq8$func$rtl/state_stream_controller.v:124$1013.$result' using process `\state_stream_controller.$proc$rtl/state_stream_controller.v:86$1128'.
  created $adff cell `$procdff$24482' with positive edge clock and negative level reset.
Creating register for signal `\state_stream_controller.\rq8$func$rtl/state_stream_controller.v:124$1013.a' using process `\state_stream_controller.$proc$rtl/state_stream_controller.v:86$1128'.
  created $adff cell `$procdff$24483' with positive edge clock and negative level reset.
Creating register for signal `\state_stream_controller.\rq8$func$rtl/state_stream_controller.v:124$1013.x' using process `\state_stream_controller.$proc$rtl/state_stream_controller.v:86$1128'.
  created $adff cell `$procdff$24484' with positive edge clock and negative level reset.
Creating register for signal `\state_stream_controller.\rq8$func$rtl/state_stream_controller.v:124$1014.$result' using process `\state_stream_controller.$proc$rtl/state_stream_controller.v:86$1128'.
  created $adff cell `$procdff$24485' with positive edge clock and negative level reset.
Creating register for signal `\state_stream_controller.\rq8$func$rtl/state_stream_controller.v:124$1014.a' using process `\state_stream_controller.$proc$rtl/state_stream_controller.v:86$1128'.
  created $adff cell `$procdff$24486' with positive edge clock and negative level reset.
Creating register for signal `\state_stream_controller.\rq8$func$rtl/state_stream_controller.v:124$1014.x' using process `\state_stream_controller.$proc$rtl/state_stream_controller.v:86$1128'.
  created $adff cell `$procdff$24487' with positive edge clock and negative level reset.
Creating register for signal `\state_stream_controller.\rq8$func$rtl/state_stream_controller.v:124$1015.$result' using process `\state_stream_controller.$proc$rtl/state_stream_controller.v:86$1128'.
  created $adff cell `$procdff$24488' with positive edge clock and negative level reset.
Creating register for signal `\state_stream_controller.\rq8$func$rtl/state_stream_controller.v:124$1015.a' using process `\state_stream_controller.$proc$rtl/state_stream_controller.v:86$1128'.
  created $adff cell `$procdff$24489' with positive edge clock and negative level reset.
Creating register for signal `\state_stream_controller.\rq8$func$rtl/state_stream_controller.v:124$1015.x' using process `\state_stream_controller.$proc$rtl/state_stream_controller.v:86$1128'.
  created $adff cell `$procdff$24490' with positive edge clock and negative level reset.
Creating register for signal `\state_stream_controller.\rq8$func$rtl/state_stream_controller.v:124$1016.$result' using process `\state_stream_controller.$proc$rtl/state_stream_controller.v:86$1128'.
  created $adff cell `$procdff$24491' with positive edge clock and negative level reset.
Creating register for signal `\state_stream_controller.\rq8$func$rtl/state_stream_controller.v:124$1016.a' using process `\state_stream_controller.$proc$rtl/state_stream_controller.v:86$1128'.
  created $adff cell `$procdff$24492' with positive edge clock and negative level reset.
Creating register for signal `\state_stream_controller.\rq8$func$rtl/state_stream_controller.v:124$1016.x' using process `\state_stream_controller.$proc$rtl/state_stream_controller.v:86$1128'.
  created $adff cell `$procdff$24493' with positive edge clock and negative level reset.
Creating register for signal `\state_stream_controller.\make_diff8$func$rtl/state_stream_controller.v:128$1017.$result' using process `\state_stream_controller.$proc$rtl/state_stream_controller.v:86$1128'.
  created $adff cell `$procdff$24494' with positive edge clock and negative level reset.
Creating register for signal `\state_stream_controller.\make_diff8$func$rtl/state_stream_controller.v:128$1017.v' using process `\state_stream_controller.$proc$rtl/state_stream_controller.v:86$1128'.
  created $adff cell `$procdff$24495' with positive edge clock and negative level reset.
Creating register for signal `\state_stream_controller.\make_diff8$func$rtl/state_stream_controller.v:128$1017.u' using process `\state_stream_controller.$proc$rtl/state_stream_controller.v:86$1128'.
  created $adff cell `$procdff$24496' with positive edge clock and negative level reset.
Creating register for signal `\state_stream_controller.\make_diff8$func$rtl/state_stream_controller.v:128$1017.x' using process `\state_stream_controller.$proc$rtl/state_stream_controller.v:86$1128'.
  created $adff cell `$procdff$24497' with positive edge clock and negative level reset.
Creating register for signal `\state_stream_controller.\make_diff8$func$rtl/state_stream_controller.v:128$1018.$result' using process `\state_stream_controller.$proc$rtl/state_stream_controller.v:86$1128'.
  created $adff cell `$procdff$24498' with positive edge clock and negative level reset.
Creating register for signal `\state_stream_controller.\make_diff8$func$rtl/state_stream_controller.v:128$1018.v' using process `\state_stream_controller.$proc$rtl/state_stream_controller.v:86$1128'.
  created $adff cell `$procdff$24499' with positive edge clock and negative level reset.
Creating register for signal `\state_stream_controller.\make_diff8$func$rtl/state_stream_controller.v:128$1018.u' using process `\state_stream_controller.$proc$rtl/state_stream_controller.v:86$1128'.
  created $adff cell `$procdff$24500' with positive edge clock and negative level reset.
Creating register for signal `\state_stream_controller.\make_diff8$func$rtl/state_stream_controller.v:128$1018.x' using process `\state_stream_controller.$proc$rtl/state_stream_controller.v:86$1128'.
  created $adff cell `$procdff$24501' with positive edge clock and negative level reset.
Creating register for signal `\state_stream_controller.\make_diff8$func$rtl/state_stream_controller.v:128$1019.$result' using process `\state_stream_controller.$proc$rtl/state_stream_controller.v:86$1128'.
  created $adff cell `$procdff$24502' with positive edge clock and negative level reset.
Creating register for signal `\state_stream_controller.\make_diff8$func$rtl/state_stream_controller.v:128$1019.v' using process `\state_stream_controller.$proc$rtl/state_stream_controller.v:86$1128'.
  created $adff cell `$procdff$24503' with positive edge clock and negative level reset.
Creating register for signal `\state_stream_controller.\make_diff8$func$rtl/state_stream_controller.v:128$1019.u' using process `\state_stream_controller.$proc$rtl/state_stream_controller.v:86$1128'.
  created $adff cell `$procdff$24504' with positive edge clock and negative level reset.
Creating register for signal `\state_stream_controller.\make_diff8$func$rtl/state_stream_controller.v:128$1019.x' using process `\state_stream_controller.$proc$rtl/state_stream_controller.v:86$1128'.
  created $adff cell `$procdff$24505' with positive edge clock and negative level reset.
Creating register for signal `\state_stream_controller.\make_diff8$func$rtl/state_stream_controller.v:128$1020.$result' using process `\state_stream_controller.$proc$rtl/state_stream_controller.v:86$1128'.
  created $adff cell `$procdff$24506' with positive edge clock and negative level reset.
Creating register for signal `\state_stream_controller.\make_diff8$func$rtl/state_stream_controller.v:128$1020.v' using process `\state_stream_controller.$proc$rtl/state_stream_controller.v:86$1128'.
  created $adff cell `$procdff$24507' with positive edge clock and negative level reset.
Creating register for signal `\state_stream_controller.\make_diff8$func$rtl/state_stream_controller.v:128$1020.u' using process `\state_stream_controller.$proc$rtl/state_stream_controller.v:86$1128'.
  created $adff cell `$procdff$24508' with positive edge clock and negative level reset.
Creating register for signal `\state_stream_controller.\make_diff8$func$rtl/state_stream_controller.v:128$1020.x' using process `\state_stream_controller.$proc$rtl/state_stream_controller.v:86$1128'.
  created $adff cell `$procdff$24509' with positive edge clock and negative level reset.
Creating register for signal `\state_stream_controller.\make_diff8$func$rtl/state_stream_controller.v:128$1021.$result' using process `\state_stream_controller.$proc$rtl/state_stream_controller.v:86$1128'.
  created $adff cell `$procdff$24510' with positive edge clock and negative level reset.
Creating register for signal `\state_stream_controller.\make_diff8$func$rtl/state_stream_controller.v:128$1021.v' using process `\state_stream_controller.$proc$rtl/state_stream_controller.v:86$1128'.
  created $adff cell `$procdff$24511' with positive edge clock and negative level reset.
Creating register for signal `\state_stream_controller.\make_diff8$func$rtl/state_stream_controller.v:128$1021.u' using process `\state_stream_controller.$proc$rtl/state_stream_controller.v:86$1128'.
  created $adff cell `$procdff$24512' with positive edge clock and negative level reset.
Creating register for signal `\state_stream_controller.\make_diff8$func$rtl/state_stream_controller.v:128$1021.x' using process `\state_stream_controller.$proc$rtl/state_stream_controller.v:86$1128'.
  created $adff cell `$procdff$24513' with positive edge clock and negative level reset.
Creating register for signal `\state_stream_controller.\make_diff8$func$rtl/state_stream_controller.v:128$1022.$result' using process `\state_stream_controller.$proc$rtl/state_stream_controller.v:86$1128'.
  created $adff cell `$procdff$24514' with positive edge clock and negative level reset.
Creating register for signal `\state_stream_controller.\make_diff8$func$rtl/state_stream_controller.v:128$1022.v' using process `\state_stream_controller.$proc$rtl/state_stream_controller.v:86$1128'.
  created $adff cell `$procdff$24515' with positive edge clock and negative level reset.
Creating register for signal `\state_stream_controller.\make_diff8$func$rtl/state_stream_controller.v:128$1022.u' using process `\state_stream_controller.$proc$rtl/state_stream_controller.v:86$1128'.
  created $adff cell `$procdff$24516' with positive edge clock and negative level reset.
Creating register for signal `\state_stream_controller.\make_diff8$func$rtl/state_stream_controller.v:128$1022.x' using process `\state_stream_controller.$proc$rtl/state_stream_controller.v:86$1128'.
  created $adff cell `$procdff$24517' with positive edge clock and negative level reset.
Creating register for signal `\state_stream_controller.\make_diff8$func$rtl/state_stream_controller.v:128$1023.$result' using process `\state_stream_controller.$proc$rtl/state_stream_controller.v:86$1128'.
  created $adff cell `$procdff$24518' with positive edge clock and negative level reset.
Creating register for signal `\state_stream_controller.\make_diff8$func$rtl/state_stream_controller.v:128$1023.v' using process `\state_stream_controller.$proc$rtl/state_stream_controller.v:86$1128'.
  created $adff cell `$procdff$24519' with positive edge clock and negative level reset.
Creating register for signal `\state_stream_controller.\make_diff8$func$rtl/state_stream_controller.v:128$1023.u' using process `\state_stream_controller.$proc$rtl/state_stream_controller.v:86$1128'.
  created $adff cell `$procdff$24520' with positive edge clock and negative level reset.
Creating register for signal `\state_stream_controller.\make_diff8$func$rtl/state_stream_controller.v:128$1023.x' using process `\state_stream_controller.$proc$rtl/state_stream_controller.v:86$1128'.
  created $adff cell `$procdff$24521' with positive edge clock and negative level reset.
Creating register for signal `\state_stream_controller.\make_diff8$func$rtl/state_stream_controller.v:128$1024.$result' using process `\state_stream_controller.$proc$rtl/state_stream_controller.v:86$1128'.
  created $adff cell `$procdff$24522' with positive edge clock and negative level reset.
Creating register for signal `\state_stream_controller.\make_diff8$func$rtl/state_stream_controller.v:128$1024.v' using process `\state_stream_controller.$proc$rtl/state_stream_controller.v:86$1128'.
  created $adff cell `$procdff$24523' with positive edge clock and negative level reset.
Creating register for signal `\state_stream_controller.\make_diff8$func$rtl/state_stream_controller.v:128$1024.u' using process `\state_stream_controller.$proc$rtl/state_stream_controller.v:86$1128'.
  created $adff cell `$procdff$24524' with positive edge clock and negative level reset.
Creating register for signal `\state_stream_controller.\make_diff8$func$rtl/state_stream_controller.v:128$1024.x' using process `\state_stream_controller.$proc$rtl/state_stream_controller.v:86$1128'.
  created $adff cell `$procdff$24525' with positive edge clock and negative level reset.
Creating register for signal `\state_stream_controller.\make_diff8$func$rtl/state_stream_controller.v:128$1025.$result' using process `\state_stream_controller.$proc$rtl/state_stream_controller.v:86$1128'.
  created $adff cell `$procdff$24526' with positive edge clock and negative level reset.
Creating register for signal `\state_stream_controller.\make_diff8$func$rtl/state_stream_controller.v:128$1025.v' using process `\state_stream_controller.$proc$rtl/state_stream_controller.v:86$1128'.
  created $adff cell `$procdff$24527' with positive edge clock and negative level reset.
Creating register for signal `\state_stream_controller.\make_diff8$func$rtl/state_stream_controller.v:128$1025.u' using process `\state_stream_controller.$proc$rtl/state_stream_controller.v:86$1128'.
  created $adff cell `$procdff$24528' with positive edge clock and negative level reset.
Creating register for signal `\state_stream_controller.\make_diff8$func$rtl/state_stream_controller.v:128$1025.x' using process `\state_stream_controller.$proc$rtl/state_stream_controller.v:86$1128'.
  created $adff cell `$procdff$24529' with positive edge clock and negative level reset.
Creating register for signal `\state_stream_controller.\make_diff8$func$rtl/state_stream_controller.v:128$1026.$result' using process `\state_stream_controller.$proc$rtl/state_stream_controller.v:86$1128'.
  created $adff cell `$procdff$24530' with positive edge clock and negative level reset.
Creating register for signal `\state_stream_controller.\make_diff8$func$rtl/state_stream_controller.v:128$1026.v' using process `\state_stream_controller.$proc$rtl/state_stream_controller.v:86$1128'.
  created $adff cell `$procdff$24531' with positive edge clock and negative level reset.
Creating register for signal `\state_stream_controller.\make_diff8$func$rtl/state_stream_controller.v:128$1026.u' using process `\state_stream_controller.$proc$rtl/state_stream_controller.v:86$1128'.
  created $adff cell `$procdff$24532' with positive edge clock and negative level reset.
Creating register for signal `\state_stream_controller.\make_diff8$func$rtl/state_stream_controller.v:128$1026.x' using process `\state_stream_controller.$proc$rtl/state_stream_controller.v:86$1128'.
  created $adff cell `$procdff$24533' with positive edge clock and negative level reset.
Creating register for signal `\state_stream_controller.\make_diff8$func$rtl/state_stream_controller.v:128$1027.$result' using process `\state_stream_controller.$proc$rtl/state_stream_controller.v:86$1128'.
  created $adff cell `$procdff$24534' with positive edge clock and negative level reset.
Creating register for signal `\state_stream_controller.\make_diff8$func$rtl/state_stream_controller.v:128$1027.v' using process `\state_stream_controller.$proc$rtl/state_stream_controller.v:86$1128'.
  created $adff cell `$procdff$24535' with positive edge clock and negative level reset.
Creating register for signal `\state_stream_controller.\make_diff8$func$rtl/state_stream_controller.v:128$1027.u' using process `\state_stream_controller.$proc$rtl/state_stream_controller.v:86$1128'.
  created $adff cell `$procdff$24536' with positive edge clock and negative level reset.
Creating register for signal `\state_stream_controller.\make_diff8$func$rtl/state_stream_controller.v:128$1027.x' using process `\state_stream_controller.$proc$rtl/state_stream_controller.v:86$1128'.
  created $adff cell `$procdff$24537' with positive edge clock and negative level reset.
Creating register for signal `\state_stream_controller.\make_diff8$func$rtl/state_stream_controller.v:128$1028.$result' using process `\state_stream_controller.$proc$rtl/state_stream_controller.v:86$1128'.
  created $adff cell `$procdff$24538' with positive edge clock and negative level reset.
Creating register for signal `\state_stream_controller.\make_diff8$func$rtl/state_stream_controller.v:128$1028.v' using process `\state_stream_controller.$proc$rtl/state_stream_controller.v:86$1128'.
  created $adff cell `$procdff$24539' with positive edge clock and negative level reset.
Creating register for signal `\state_stream_controller.\make_diff8$func$rtl/state_stream_controller.v:128$1028.u' using process `\state_stream_controller.$proc$rtl/state_stream_controller.v:86$1128'.
  created $adff cell `$procdff$24540' with positive edge clock and negative level reset.
Creating register for signal `\state_stream_controller.\make_diff8$func$rtl/state_stream_controller.v:128$1028.x' using process `\state_stream_controller.$proc$rtl/state_stream_controller.v:86$1128'.
  created $adff cell `$procdff$24541' with positive edge clock and negative level reset.
Creating register for signal `\state_stream_controller.\make_diff8$func$rtl/state_stream_controller.v:128$1029.$result' using process `\state_stream_controller.$proc$rtl/state_stream_controller.v:86$1128'.
  created $adff cell `$procdff$24542' with positive edge clock and negative level reset.
Creating register for signal `\state_stream_controller.\make_diff8$func$rtl/state_stream_controller.v:128$1029.v' using process `\state_stream_controller.$proc$rtl/state_stream_controller.v:86$1128'.
  created $adff cell `$procdff$24543' with positive edge clock and negative level reset.
Creating register for signal `\state_stream_controller.\make_diff8$func$rtl/state_stream_controller.v:128$1029.u' using process `\state_stream_controller.$proc$rtl/state_stream_controller.v:86$1128'.
  created $adff cell `$procdff$24544' with positive edge clock and negative level reset.
Creating register for signal `\state_stream_controller.\make_diff8$func$rtl/state_stream_controller.v:128$1029.x' using process `\state_stream_controller.$proc$rtl/state_stream_controller.v:86$1128'.
  created $adff cell `$procdff$24545' with positive edge clock and negative level reset.
Creating register for signal `\state_stream_controller.\make_diff8$func$rtl/state_stream_controller.v:128$1030.$result' using process `\state_stream_controller.$proc$rtl/state_stream_controller.v:86$1128'.
  created $adff cell `$procdff$24546' with positive edge clock and negative level reset.
Creating register for signal `\state_stream_controller.\make_diff8$func$rtl/state_stream_controller.v:128$1030.v' using process `\state_stream_controller.$proc$rtl/state_stream_controller.v:86$1128'.
  created $adff cell `$procdff$24547' with positive edge clock and negative level reset.
Creating register for signal `\state_stream_controller.\make_diff8$func$rtl/state_stream_controller.v:128$1030.u' using process `\state_stream_controller.$proc$rtl/state_stream_controller.v:86$1128'.
  created $adff cell `$procdff$24548' with positive edge clock and negative level reset.
Creating register for signal `\state_stream_controller.\make_diff8$func$rtl/state_stream_controller.v:128$1030.x' using process `\state_stream_controller.$proc$rtl/state_stream_controller.v:86$1128'.
  created $adff cell `$procdff$24549' with positive edge clock and negative level reset.
Creating register for signal `\state_stream_controller.\make_diff8$func$rtl/state_stream_controller.v:128$1031.$result' using process `\state_stream_controller.$proc$rtl/state_stream_controller.v:86$1128'.
  created $adff cell `$procdff$24550' with positive edge clock and negative level reset.
Creating register for signal `\state_stream_controller.\make_diff8$func$rtl/state_stream_controller.v:128$1031.v' using process `\state_stream_controller.$proc$rtl/state_stream_controller.v:86$1128'.
  created $adff cell `$procdff$24551' with positive edge clock and negative level reset.
Creating register for signal `\state_stream_controller.\make_diff8$func$rtl/state_stream_controller.v:128$1031.u' using process `\state_stream_controller.$proc$rtl/state_stream_controller.v:86$1128'.
  created $adff cell `$procdff$24552' with positive edge clock and negative level reset.
Creating register for signal `\state_stream_controller.\make_diff8$func$rtl/state_stream_controller.v:128$1031.x' using process `\state_stream_controller.$proc$rtl/state_stream_controller.v:86$1128'.
  created $adff cell `$procdff$24553' with positive edge clock and negative level reset.
Creating register for signal `\state_stream_controller.\make_diff8$func$rtl/state_stream_controller.v:128$1032.$result' using process `\state_stream_controller.$proc$rtl/state_stream_controller.v:86$1128'.
  created $adff cell `$procdff$24554' with positive edge clock and negative level reset.
Creating register for signal `\state_stream_controller.\make_diff8$func$rtl/state_stream_controller.v:128$1032.v' using process `\state_stream_controller.$proc$rtl/state_stream_controller.v:86$1128'.
  created $adff cell `$procdff$24555' with positive edge clock and negative level reset.
Creating register for signal `\state_stream_controller.\make_diff8$func$rtl/state_stream_controller.v:128$1032.u' using process `\state_stream_controller.$proc$rtl/state_stream_controller.v:86$1128'.
  created $adff cell `$procdff$24556' with positive edge clock and negative level reset.
Creating register for signal `\state_stream_controller.\make_diff8$func$rtl/state_stream_controller.v:128$1032.x' using process `\state_stream_controller.$proc$rtl/state_stream_controller.v:86$1128'.
  created $adff cell `$procdff$24557' with positive edge clock and negative level reset.
Creating register for signal `\state_stream_controller.\make_diff8$func$rtl/state_stream_controller.v:129$1033.$result' using process `\state_stream_controller.$proc$rtl/state_stream_controller.v:86$1128'.
  created $adff cell `$procdff$24558' with positive edge clock and negative level reset.
Creating register for signal `\state_stream_controller.\make_diff8$func$rtl/state_stream_controller.v:129$1033.v' using process `\state_stream_controller.$proc$rtl/state_stream_controller.v:86$1128'.
  created $adff cell `$procdff$24559' with positive edge clock and negative level reset.
Creating register for signal `\state_stream_controller.\make_diff8$func$rtl/state_stream_controller.v:129$1033.u' using process `\state_stream_controller.$proc$rtl/state_stream_controller.v:86$1128'.
  created $adff cell `$procdff$24560' with positive edge clock and negative level reset.
Creating register for signal `\state_stream_controller.\make_diff8$func$rtl/state_stream_controller.v:129$1033.x' using process `\state_stream_controller.$proc$rtl/state_stream_controller.v:86$1128'.
  created $adff cell `$procdff$24561' with positive edge clock and negative level reset.
Creating register for signal `\state_stream_controller.\make_diff8$func$rtl/state_stream_controller.v:129$1034.$result' using process `\state_stream_controller.$proc$rtl/state_stream_controller.v:86$1128'.
  created $adff cell `$procdff$24562' with positive edge clock and negative level reset.
Creating register for signal `\state_stream_controller.\make_diff8$func$rtl/state_stream_controller.v:129$1034.v' using process `\state_stream_controller.$proc$rtl/state_stream_controller.v:86$1128'.
  created $adff cell `$procdff$24563' with positive edge clock and negative level reset.
Creating register for signal `\state_stream_controller.\make_diff8$func$rtl/state_stream_controller.v:129$1034.u' using process `\state_stream_controller.$proc$rtl/state_stream_controller.v:86$1128'.
  created $adff cell `$procdff$24564' with positive edge clock and negative level reset.
Creating register for signal `\state_stream_controller.\make_diff8$func$rtl/state_stream_controller.v:129$1034.x' using process `\state_stream_controller.$proc$rtl/state_stream_controller.v:86$1128'.
  created $adff cell `$procdff$24565' with positive edge clock and negative level reset.
Creating register for signal `\state_stream_controller.\make_diff8$func$rtl/state_stream_controller.v:129$1035.$result' using process `\state_stream_controller.$proc$rtl/state_stream_controller.v:86$1128'.
  created $adff cell `$procdff$24566' with positive edge clock and negative level reset.
Creating register for signal `\state_stream_controller.\make_diff8$func$rtl/state_stream_controller.v:129$1035.v' using process `\state_stream_controller.$proc$rtl/state_stream_controller.v:86$1128'.
  created $adff cell `$procdff$24567' with positive edge clock and negative level reset.
Creating register for signal `\state_stream_controller.\make_diff8$func$rtl/state_stream_controller.v:129$1035.u' using process `\state_stream_controller.$proc$rtl/state_stream_controller.v:86$1128'.
  created $adff cell `$procdff$24568' with positive edge clock and negative level reset.
Creating register for signal `\state_stream_controller.\make_diff8$func$rtl/state_stream_controller.v:129$1035.x' using process `\state_stream_controller.$proc$rtl/state_stream_controller.v:86$1128'.
  created $adff cell `$procdff$24569' with positive edge clock and negative level reset.
Creating register for signal `\state_stream_controller.\make_diff8$func$rtl/state_stream_controller.v:129$1036.$result' using process `\state_stream_controller.$proc$rtl/state_stream_controller.v:86$1128'.
  created $adff cell `$procdff$24570' with positive edge clock and negative level reset.
Creating register for signal `\state_stream_controller.\make_diff8$func$rtl/state_stream_controller.v:129$1036.v' using process `\state_stream_controller.$proc$rtl/state_stream_controller.v:86$1128'.
  created $adff cell `$procdff$24571' with positive edge clock and negative level reset.
Creating register for signal `\state_stream_controller.\make_diff8$func$rtl/state_stream_controller.v:129$1036.u' using process `\state_stream_controller.$proc$rtl/state_stream_controller.v:86$1128'.
  created $adff cell `$procdff$24572' with positive edge clock and negative level reset.
Creating register for signal `\state_stream_controller.\make_diff8$func$rtl/state_stream_controller.v:129$1036.x' using process `\state_stream_controller.$proc$rtl/state_stream_controller.v:86$1128'.
  created $adff cell `$procdff$24573' with positive edge clock and negative level reset.
Creating register for signal `\state_stream_controller.\make_diff8$func$rtl/state_stream_controller.v:129$1037.$result' using process `\state_stream_controller.$proc$rtl/state_stream_controller.v:86$1128'.
  created $adff cell `$procdff$24574' with positive edge clock and negative level reset.
Creating register for signal `\state_stream_controller.\make_diff8$func$rtl/state_stream_controller.v:129$1037.v' using process `\state_stream_controller.$proc$rtl/state_stream_controller.v:86$1128'.
  created $adff cell `$procdff$24575' with positive edge clock and negative level reset.
Creating register for signal `\state_stream_controller.\make_diff8$func$rtl/state_stream_controller.v:129$1037.u' using process `\state_stream_controller.$proc$rtl/state_stream_controller.v:86$1128'.
  created $adff cell `$procdff$24576' with positive edge clock and negative level reset.
Creating register for signal `\state_stream_controller.\make_diff8$func$rtl/state_stream_controller.v:129$1037.x' using process `\state_stream_controller.$proc$rtl/state_stream_controller.v:86$1128'.
  created $adff cell `$procdff$24577' with positive edge clock and negative level reset.
Creating register for signal `\state_stream_controller.\make_diff8$func$rtl/state_stream_controller.v:129$1038.$result' using process `\state_stream_controller.$proc$rtl/state_stream_controller.v:86$1128'.
  created $adff cell `$procdff$24578' with positive edge clock and negative level reset.
Creating register for signal `\state_stream_controller.\make_diff8$func$rtl/state_stream_controller.v:129$1038.v' using process `\state_stream_controller.$proc$rtl/state_stream_controller.v:86$1128'.
  created $adff cell `$procdff$24579' with positive edge clock and negative level reset.
Creating register for signal `\state_stream_controller.\make_diff8$func$rtl/state_stream_controller.v:129$1038.u' using process `\state_stream_controller.$proc$rtl/state_stream_controller.v:86$1128'.
  created $adff cell `$procdff$24580' with positive edge clock and negative level reset.
Creating register for signal `\state_stream_controller.\make_diff8$func$rtl/state_stream_controller.v:129$1038.x' using process `\state_stream_controller.$proc$rtl/state_stream_controller.v:86$1128'.
  created $adff cell `$procdff$24581' with positive edge clock and negative level reset.
Creating register for signal `\state_stream_controller.\make_diff8$func$rtl/state_stream_controller.v:129$1039.$result' using process `\state_stream_controller.$proc$rtl/state_stream_controller.v:86$1128'.
  created $adff cell `$procdff$24582' with positive edge clock and negative level reset.
Creating register for signal `\state_stream_controller.\make_diff8$func$rtl/state_stream_controller.v:129$1039.v' using process `\state_stream_controller.$proc$rtl/state_stream_controller.v:86$1128'.
  created $adff cell `$procdff$24583' with positive edge clock and negative level reset.
Creating register for signal `\state_stream_controller.\make_diff8$func$rtl/state_stream_controller.v:129$1039.u' using process `\state_stream_controller.$proc$rtl/state_stream_controller.v:86$1128'.
  created $adff cell `$procdff$24584' with positive edge clock and negative level reset.
Creating register for signal `\state_stream_controller.\make_diff8$func$rtl/state_stream_controller.v:129$1039.x' using process `\state_stream_controller.$proc$rtl/state_stream_controller.v:86$1128'.
  created $adff cell `$procdff$24585' with positive edge clock and negative level reset.
Creating register for signal `\state_stream_controller.\make_diff8$func$rtl/state_stream_controller.v:129$1040.$result' using process `\state_stream_controller.$proc$rtl/state_stream_controller.v:86$1128'.
  created $adff cell `$procdff$24586' with positive edge clock and negative level reset.
Creating register for signal `\state_stream_controller.\make_diff8$func$rtl/state_stream_controller.v:129$1040.v' using process `\state_stream_controller.$proc$rtl/state_stream_controller.v:86$1128'.
  created $adff cell `$procdff$24587' with positive edge clock and negative level reset.
Creating register for signal `\state_stream_controller.\make_diff8$func$rtl/state_stream_controller.v:129$1040.u' using process `\state_stream_controller.$proc$rtl/state_stream_controller.v:86$1128'.
  created $adff cell `$procdff$24588' with positive edge clock and negative level reset.
Creating register for signal `\state_stream_controller.\make_diff8$func$rtl/state_stream_controller.v:129$1040.x' using process `\state_stream_controller.$proc$rtl/state_stream_controller.v:86$1128'.
  created $adff cell `$procdff$24589' with positive edge clock and negative level reset.
Creating register for signal `\state_stream_controller.\make_diff8$func$rtl/state_stream_controller.v:129$1041.$result' using process `\state_stream_controller.$proc$rtl/state_stream_controller.v:86$1128'.
  created $adff cell `$procdff$24590' with positive edge clock and negative level reset.
Creating register for signal `\state_stream_controller.\make_diff8$func$rtl/state_stream_controller.v:129$1041.v' using process `\state_stream_controller.$proc$rtl/state_stream_controller.v:86$1128'.
  created $adff cell `$procdff$24591' with positive edge clock and negative level reset.
Creating register for signal `\state_stream_controller.\make_diff8$func$rtl/state_stream_controller.v:129$1041.u' using process `\state_stream_controller.$proc$rtl/state_stream_controller.v:86$1128'.
  created $adff cell `$procdff$24592' with positive edge clock and negative level reset.
Creating register for signal `\state_stream_controller.\make_diff8$func$rtl/state_stream_controller.v:129$1041.x' using process `\state_stream_controller.$proc$rtl/state_stream_controller.v:86$1128'.
  created $adff cell `$procdff$24593' with positive edge clock and negative level reset.
Creating register for signal `\state_stream_controller.\make_diff8$func$rtl/state_stream_controller.v:129$1042.$result' using process `\state_stream_controller.$proc$rtl/state_stream_controller.v:86$1128'.
  created $adff cell `$procdff$24594' with positive edge clock and negative level reset.
Creating register for signal `\state_stream_controller.\make_diff8$func$rtl/state_stream_controller.v:129$1042.v' using process `\state_stream_controller.$proc$rtl/state_stream_controller.v:86$1128'.
  created $adff cell `$procdff$24595' with positive edge clock and negative level reset.
Creating register for signal `\state_stream_controller.\make_diff8$func$rtl/state_stream_controller.v:129$1042.u' using process `\state_stream_controller.$proc$rtl/state_stream_controller.v:86$1128'.
  created $adff cell `$procdff$24596' with positive edge clock and negative level reset.
Creating register for signal `\state_stream_controller.\make_diff8$func$rtl/state_stream_controller.v:129$1042.x' using process `\state_stream_controller.$proc$rtl/state_stream_controller.v:86$1128'.
  created $adff cell `$procdff$24597' with positive edge clock and negative level reset.
Creating register for signal `\state_stream_controller.\make_diff8$func$rtl/state_stream_controller.v:129$1043.$result' using process `\state_stream_controller.$proc$rtl/state_stream_controller.v:86$1128'.
  created $adff cell `$procdff$24598' with positive edge clock and negative level reset.
Creating register for signal `\state_stream_controller.\make_diff8$func$rtl/state_stream_controller.v:129$1043.v' using process `\state_stream_controller.$proc$rtl/state_stream_controller.v:86$1128'.
  created $adff cell `$procdff$24599' with positive edge clock and negative level reset.
Creating register for signal `\state_stream_controller.\make_diff8$func$rtl/state_stream_controller.v:129$1043.u' using process `\state_stream_controller.$proc$rtl/state_stream_controller.v:86$1128'.
  created $adff cell `$procdff$24600' with positive edge clock and negative level reset.
Creating register for signal `\state_stream_controller.\make_diff8$func$rtl/state_stream_controller.v:129$1043.x' using process `\state_stream_controller.$proc$rtl/state_stream_controller.v:86$1128'.
  created $adff cell `$procdff$24601' with positive edge clock and negative level reset.
Creating register for signal `\state_stream_controller.\make_diff8$func$rtl/state_stream_controller.v:129$1044.$result' using process `\state_stream_controller.$proc$rtl/state_stream_controller.v:86$1128'.
  created $adff cell `$procdff$24602' with positive edge clock and negative level reset.
Creating register for signal `\state_stream_controller.\make_diff8$func$rtl/state_stream_controller.v:129$1044.v' using process `\state_stream_controller.$proc$rtl/state_stream_controller.v:86$1128'.
  created $adff cell `$procdff$24603' with positive edge clock and negative level reset.
Creating register for signal `\state_stream_controller.\make_diff8$func$rtl/state_stream_controller.v:129$1044.u' using process `\state_stream_controller.$proc$rtl/state_stream_controller.v:86$1128'.
  created $adff cell `$procdff$24604' with positive edge clock and negative level reset.
Creating register for signal `\state_stream_controller.\make_diff8$func$rtl/state_stream_controller.v:129$1044.x' using process `\state_stream_controller.$proc$rtl/state_stream_controller.v:86$1128'.
  created $adff cell `$procdff$24605' with positive edge clock and negative level reset.
Creating register for signal `\state_stream_controller.\make_diff8$func$rtl/state_stream_controller.v:129$1045.$result' using process `\state_stream_controller.$proc$rtl/state_stream_controller.v:86$1128'.
  created $adff cell `$procdff$24606' with positive edge clock and negative level reset.
Creating register for signal `\state_stream_controller.\make_diff8$func$rtl/state_stream_controller.v:129$1045.v' using process `\state_stream_controller.$proc$rtl/state_stream_controller.v:86$1128'.
  created $adff cell `$procdff$24607' with positive edge clock and negative level reset.
Creating register for signal `\state_stream_controller.\make_diff8$func$rtl/state_stream_controller.v:129$1045.u' using process `\state_stream_controller.$proc$rtl/state_stream_controller.v:86$1128'.
  created $adff cell `$procdff$24608' with positive edge clock and negative level reset.
Creating register for signal `\state_stream_controller.\make_diff8$func$rtl/state_stream_controller.v:129$1045.x' using process `\state_stream_controller.$proc$rtl/state_stream_controller.v:86$1128'.
  created $adff cell `$procdff$24609' with positive edge clock and negative level reset.
Creating register for signal `\state_stream_controller.\make_diff8$func$rtl/state_stream_controller.v:129$1046.$result' using process `\state_stream_controller.$proc$rtl/state_stream_controller.v:86$1128'.
  created $adff cell `$procdff$24610' with positive edge clock and negative level reset.
Creating register for signal `\state_stream_controller.\make_diff8$func$rtl/state_stream_controller.v:129$1046.v' using process `\state_stream_controller.$proc$rtl/state_stream_controller.v:86$1128'.
  created $adff cell `$procdff$24611' with positive edge clock and negative level reset.
Creating register for signal `\state_stream_controller.\make_diff8$func$rtl/state_stream_controller.v:129$1046.u' using process `\state_stream_controller.$proc$rtl/state_stream_controller.v:86$1128'.
  created $adff cell `$procdff$24612' with positive edge clock and negative level reset.
Creating register for signal `\state_stream_controller.\make_diff8$func$rtl/state_stream_controller.v:129$1046.x' using process `\state_stream_controller.$proc$rtl/state_stream_controller.v:86$1128'.
  created $adff cell `$procdff$24613' with positive edge clock and negative level reset.
Creating register for signal `\state_stream_controller.\make_diff8$func$rtl/state_stream_controller.v:129$1047.$result' using process `\state_stream_controller.$proc$rtl/state_stream_controller.v:86$1128'.
  created $adff cell `$procdff$24614' with positive edge clock and negative level reset.
Creating register for signal `\state_stream_controller.\make_diff8$func$rtl/state_stream_controller.v:129$1047.v' using process `\state_stream_controller.$proc$rtl/state_stream_controller.v:86$1128'.
  created $adff cell `$procdff$24615' with positive edge clock and negative level reset.
Creating register for signal `\state_stream_controller.\make_diff8$func$rtl/state_stream_controller.v:129$1047.u' using process `\state_stream_controller.$proc$rtl/state_stream_controller.v:86$1128'.
  created $adff cell `$procdff$24616' with positive edge clock and negative level reset.
Creating register for signal `\state_stream_controller.\make_diff8$func$rtl/state_stream_controller.v:129$1047.x' using process `\state_stream_controller.$proc$rtl/state_stream_controller.v:86$1128'.
  created $adff cell `$procdff$24617' with positive edge clock and negative level reset.
Creating register for signal `\state_stream_controller.\make_diff8$func$rtl/state_stream_controller.v:129$1048.$result' using process `\state_stream_controller.$proc$rtl/state_stream_controller.v:86$1128'.
  created $adff cell `$procdff$24618' with positive edge clock and negative level reset.
Creating register for signal `\state_stream_controller.\make_diff8$func$rtl/state_stream_controller.v:129$1048.v' using process `\state_stream_controller.$proc$rtl/state_stream_controller.v:86$1128'.
  created $adff cell `$procdff$24619' with positive edge clock and negative level reset.
Creating register for signal `\state_stream_controller.\make_diff8$func$rtl/state_stream_controller.v:129$1048.u' using process `\state_stream_controller.$proc$rtl/state_stream_controller.v:86$1128'.
  created $adff cell `$procdff$24620' with positive edge clock and negative level reset.
Creating register for signal `\state_stream_controller.\make_diff8$func$rtl/state_stream_controller.v:129$1048.x' using process `\state_stream_controller.$proc$rtl/state_stream_controller.v:86$1128'.
  created $adff cell `$procdff$24621' with positive edge clock and negative level reset.
Creating register for signal `\state_stream_controller.\rq8$func$rtl/state_stream_controller.v:156$1049.$result' using process `\state_stream_controller.$proc$rtl/state_stream_controller.v:86$1128'.
  created $adff cell `$procdff$24622' with positive edge clock and negative level reset.
Creating register for signal `\state_stream_controller.\rq8$func$rtl/state_stream_controller.v:156$1049.a' using process `\state_stream_controller.$proc$rtl/state_stream_controller.v:86$1128'.
  created $adff cell `$procdff$24623' with positive edge clock and negative level reset.
Creating register for signal `\state_stream_controller.\rq8$func$rtl/state_stream_controller.v:156$1049.x' using process `\state_stream_controller.$proc$rtl/state_stream_controller.v:86$1128'.
  created $adff cell `$procdff$24624' with positive edge clock and negative level reset.
Creating register for signal `\state_stream_controller.\rq8$func$rtl/state_stream_controller.v:156$1050.$result' using process `\state_stream_controller.$proc$rtl/state_stream_controller.v:86$1128'.
  created $adff cell `$procdff$24625' with positive edge clock and negative level reset.
Creating register for signal `\state_stream_controller.\rq8$func$rtl/state_stream_controller.v:156$1050.a' using process `\state_stream_controller.$proc$rtl/state_stream_controller.v:86$1128'.
  created $adff cell `$procdff$24626' with positive edge clock and negative level reset.
Creating register for signal `\state_stream_controller.\rq8$func$rtl/state_stream_controller.v:156$1050.x' using process `\state_stream_controller.$proc$rtl/state_stream_controller.v:86$1128'.
  created $adff cell `$procdff$24627' with positive edge clock and negative level reset.
Creating register for signal `\state_stream_controller.\rq8$func$rtl/state_stream_controller.v:156$1051.$result' using process `\state_stream_controller.$proc$rtl/state_stream_controller.v:86$1128'.
  created $adff cell `$procdff$24628' with positive edge clock and negative level reset.
Creating register for signal `\state_stream_controller.\rq8$func$rtl/state_stream_controller.v:156$1051.a' using process `\state_stream_controller.$proc$rtl/state_stream_controller.v:86$1128'.
  created $adff cell `$procdff$24629' with positive edge clock and negative level reset.
Creating register for signal `\state_stream_controller.\rq8$func$rtl/state_stream_controller.v:156$1051.x' using process `\state_stream_controller.$proc$rtl/state_stream_controller.v:86$1128'.
  created $adff cell `$procdff$24630' with positive edge clock and negative level reset.
Creating register for signal `\state_stream_controller.\rq8$func$rtl/state_stream_controller.v:156$1052.$result' using process `\state_stream_controller.$proc$rtl/state_stream_controller.v:86$1128'.
  created $adff cell `$procdff$24631' with positive edge clock and negative level reset.
Creating register for signal `\state_stream_controller.\rq8$func$rtl/state_stream_controller.v:156$1052.a' using process `\state_stream_controller.$proc$rtl/state_stream_controller.v:86$1128'.
  created $adff cell `$procdff$24632' with positive edge clock and negative level reset.
Creating register for signal `\state_stream_controller.\rq8$func$rtl/state_stream_controller.v:156$1052.x' using process `\state_stream_controller.$proc$rtl/state_stream_controller.v:86$1128'.
  created $adff cell `$procdff$24633' with positive edge clock and negative level reset.
Creating register for signal `\state_stream_controller.\rq8$func$rtl/state_stream_controller.v:156$1053.$result' using process `\state_stream_controller.$proc$rtl/state_stream_controller.v:86$1128'.
  created $adff cell `$procdff$24634' with positive edge clock and negative level reset.
Creating register for signal `\state_stream_controller.\rq8$func$rtl/state_stream_controller.v:156$1053.a' using process `\state_stream_controller.$proc$rtl/state_stream_controller.v:86$1128'.
  created $adff cell `$procdff$24635' with positive edge clock and negative level reset.
Creating register for signal `\state_stream_controller.\rq8$func$rtl/state_stream_controller.v:156$1053.x' using process `\state_stream_controller.$proc$rtl/state_stream_controller.v:86$1128'.
  created $adff cell `$procdff$24636' with positive edge clock and negative level reset.
Creating register for signal `\state_stream_controller.\rq8$func$rtl/state_stream_controller.v:156$1054.$result' using process `\state_stream_controller.$proc$rtl/state_stream_controller.v:86$1128'.
  created $adff cell `$procdff$24637' with positive edge clock and negative level reset.
Creating register for signal `\state_stream_controller.\rq8$func$rtl/state_stream_controller.v:156$1054.a' using process `\state_stream_controller.$proc$rtl/state_stream_controller.v:86$1128'.
  created $adff cell `$procdff$24638' with positive edge clock and negative level reset.
Creating register for signal `\state_stream_controller.\rq8$func$rtl/state_stream_controller.v:156$1054.x' using process `\state_stream_controller.$proc$rtl/state_stream_controller.v:86$1128'.
  created $adff cell `$procdff$24639' with positive edge clock and negative level reset.
Creating register for signal `\state_stream_controller.\rq8$func$rtl/state_stream_controller.v:156$1055.$result' using process `\state_stream_controller.$proc$rtl/state_stream_controller.v:86$1128'.
  created $adff cell `$procdff$24640' with positive edge clock and negative level reset.
Creating register for signal `\state_stream_controller.\rq8$func$rtl/state_stream_controller.v:156$1055.a' using process `\state_stream_controller.$proc$rtl/state_stream_controller.v:86$1128'.
  created $adff cell `$procdff$24641' with positive edge clock and negative level reset.
Creating register for signal `\state_stream_controller.\rq8$func$rtl/state_stream_controller.v:156$1055.x' using process `\state_stream_controller.$proc$rtl/state_stream_controller.v:86$1128'.
  created $adff cell `$procdff$24642' with positive edge clock and negative level reset.
Creating register for signal `\state_stream_controller.\rq8$func$rtl/state_stream_controller.v:156$1056.$result' using process `\state_stream_controller.$proc$rtl/state_stream_controller.v:86$1128'.
  created $adff cell `$procdff$24643' with positive edge clock and negative level reset.
Creating register for signal `\state_stream_controller.\rq8$func$rtl/state_stream_controller.v:156$1056.a' using process `\state_stream_controller.$proc$rtl/state_stream_controller.v:86$1128'.
  created $adff cell `$procdff$24644' with positive edge clock and negative level reset.
Creating register for signal `\state_stream_controller.\rq8$func$rtl/state_stream_controller.v:156$1056.x' using process `\state_stream_controller.$proc$rtl/state_stream_controller.v:86$1128'.
  created $adff cell `$procdff$24645' with positive edge clock and negative level reset.
Creating register for signal `\state_stream_controller.\rq8$func$rtl/state_stream_controller.v:156$1057.$result' using process `\state_stream_controller.$proc$rtl/state_stream_controller.v:86$1128'.
  created $adff cell `$procdff$24646' with positive edge clock and negative level reset.
Creating register for signal `\state_stream_controller.\rq8$func$rtl/state_stream_controller.v:156$1057.a' using process `\state_stream_controller.$proc$rtl/state_stream_controller.v:86$1128'.
  created $adff cell `$procdff$24647' with positive edge clock and negative level reset.
Creating register for signal `\state_stream_controller.\rq8$func$rtl/state_stream_controller.v:156$1057.x' using process `\state_stream_controller.$proc$rtl/state_stream_controller.v:86$1128'.
  created $adff cell `$procdff$24648' with positive edge clock and negative level reset.
Creating register for signal `\state_stream_controller.\rq8$func$rtl/state_stream_controller.v:156$1058.$result' using process `\state_stream_controller.$proc$rtl/state_stream_controller.v:86$1128'.
  created $adff cell `$procdff$24649' with positive edge clock and negative level reset.
Creating register for signal `\state_stream_controller.\rq8$func$rtl/state_stream_controller.v:156$1058.a' using process `\state_stream_controller.$proc$rtl/state_stream_controller.v:86$1128'.
  created $adff cell `$procdff$24650' with positive edge clock and negative level reset.
Creating register for signal `\state_stream_controller.\rq8$func$rtl/state_stream_controller.v:156$1058.x' using process `\state_stream_controller.$proc$rtl/state_stream_controller.v:86$1128'.
  created $adff cell `$procdff$24651' with positive edge clock and negative level reset.
Creating register for signal `\state_stream_controller.\rq8$func$rtl/state_stream_controller.v:156$1059.$result' using process `\state_stream_controller.$proc$rtl/state_stream_controller.v:86$1128'.
  created $adff cell `$procdff$24652' with positive edge clock and negative level reset.
Creating register for signal `\state_stream_controller.\rq8$func$rtl/state_stream_controller.v:156$1059.a' using process `\state_stream_controller.$proc$rtl/state_stream_controller.v:86$1128'.
  created $adff cell `$procdff$24653' with positive edge clock and negative level reset.
Creating register for signal `\state_stream_controller.\rq8$func$rtl/state_stream_controller.v:156$1059.x' using process `\state_stream_controller.$proc$rtl/state_stream_controller.v:86$1128'.
  created $adff cell `$procdff$24654' with positive edge clock and negative level reset.
Creating register for signal `\state_stream_controller.\rq8$func$rtl/state_stream_controller.v:156$1060.$result' using process `\state_stream_controller.$proc$rtl/state_stream_controller.v:86$1128'.
  created $adff cell `$procdff$24655' with positive edge clock and negative level reset.
Creating register for signal `\state_stream_controller.\rq8$func$rtl/state_stream_controller.v:156$1060.a' using process `\state_stream_controller.$proc$rtl/state_stream_controller.v:86$1128'.
  created $adff cell `$procdff$24656' with positive edge clock and negative level reset.
Creating register for signal `\state_stream_controller.\rq8$func$rtl/state_stream_controller.v:156$1060.x' using process `\state_stream_controller.$proc$rtl/state_stream_controller.v:86$1128'.
  created $adff cell `$procdff$24657' with positive edge clock and negative level reset.
Creating register for signal `\state_stream_controller.\rq8$func$rtl/state_stream_controller.v:156$1061.$result' using process `\state_stream_controller.$proc$rtl/state_stream_controller.v:86$1128'.
  created $adff cell `$procdff$24658' with positive edge clock and negative level reset.
Creating register for signal `\state_stream_controller.\rq8$func$rtl/state_stream_controller.v:156$1061.a' using process `\state_stream_controller.$proc$rtl/state_stream_controller.v:86$1128'.
  created $adff cell `$procdff$24659' with positive edge clock and negative level reset.
Creating register for signal `\state_stream_controller.\rq8$func$rtl/state_stream_controller.v:156$1061.x' using process `\state_stream_controller.$proc$rtl/state_stream_controller.v:86$1128'.
  created $adff cell `$procdff$24660' with positive edge clock and negative level reset.
Creating register for signal `\state_stream_controller.\rq8$func$rtl/state_stream_controller.v:156$1062.$result' using process `\state_stream_controller.$proc$rtl/state_stream_controller.v:86$1128'.
  created $adff cell `$procdff$24661' with positive edge clock and negative level reset.
Creating register for signal `\state_stream_controller.\rq8$func$rtl/state_stream_controller.v:156$1062.a' using process `\state_stream_controller.$proc$rtl/state_stream_controller.v:86$1128'.
  created $adff cell `$procdff$24662' with positive edge clock and negative level reset.
Creating register for signal `\state_stream_controller.\rq8$func$rtl/state_stream_controller.v:156$1062.x' using process `\state_stream_controller.$proc$rtl/state_stream_controller.v:86$1128'.
  created $adff cell `$procdff$24663' with positive edge clock and negative level reset.
Creating register for signal `\state_stream_controller.\rq8$func$rtl/state_stream_controller.v:156$1063.$result' using process `\state_stream_controller.$proc$rtl/state_stream_controller.v:86$1128'.
  created $adff cell `$procdff$24664' with positive edge clock and negative level reset.
Creating register for signal `\state_stream_controller.\rq8$func$rtl/state_stream_controller.v:156$1063.a' using process `\state_stream_controller.$proc$rtl/state_stream_controller.v:86$1128'.
  created $adff cell `$procdff$24665' with positive edge clock and negative level reset.
Creating register for signal `\state_stream_controller.\rq8$func$rtl/state_stream_controller.v:156$1063.x' using process `\state_stream_controller.$proc$rtl/state_stream_controller.v:86$1128'.
  created $adff cell `$procdff$24666' with positive edge clock and negative level reset.
Creating register for signal `\state_stream_controller.\rq8$func$rtl/state_stream_controller.v:156$1064.$result' using process `\state_stream_controller.$proc$rtl/state_stream_controller.v:86$1128'.
  created $adff cell `$procdff$24667' with positive edge clock and negative level reset.
Creating register for signal `\state_stream_controller.\rq8$func$rtl/state_stream_controller.v:156$1064.a' using process `\state_stream_controller.$proc$rtl/state_stream_controller.v:86$1128'.
  created $adff cell `$procdff$24668' with positive edge clock and negative level reset.
Creating register for signal `\state_stream_controller.\rq8$func$rtl/state_stream_controller.v:156$1064.x' using process `\state_stream_controller.$proc$rtl/state_stream_controller.v:86$1128'.
  created $adff cell `$procdff$24669' with positive edge clock and negative level reset.
Creating register for signal `\state_stream_controller.\rq8$func$rtl/state_stream_controller.v:157$1065.$result' using process `\state_stream_controller.$proc$rtl/state_stream_controller.v:86$1128'.
  created $adff cell `$procdff$24670' with positive edge clock and negative level reset.
Creating register for signal `\state_stream_controller.\rq8$func$rtl/state_stream_controller.v:157$1065.a' using process `\state_stream_controller.$proc$rtl/state_stream_controller.v:86$1128'.
  created $adff cell `$procdff$24671' with positive edge clock and negative level reset.
Creating register for signal `\state_stream_controller.\rq8$func$rtl/state_stream_controller.v:157$1065.x' using process `\state_stream_controller.$proc$rtl/state_stream_controller.v:86$1128'.
  created $adff cell `$procdff$24672' with positive edge clock and negative level reset.
Creating register for signal `\state_stream_controller.\rq8$func$rtl/state_stream_controller.v:157$1066.$result' using process `\state_stream_controller.$proc$rtl/state_stream_controller.v:86$1128'.
  created $adff cell `$procdff$24673' with positive edge clock and negative level reset.
Creating register for signal `\state_stream_controller.\rq8$func$rtl/state_stream_controller.v:157$1066.a' using process `\state_stream_controller.$proc$rtl/state_stream_controller.v:86$1128'.
  created $adff cell `$procdff$24674' with positive edge clock and negative level reset.
Creating register for signal `\state_stream_controller.\rq8$func$rtl/state_stream_controller.v:157$1066.x' using process `\state_stream_controller.$proc$rtl/state_stream_controller.v:86$1128'.
  created $adff cell `$procdff$24675' with positive edge clock and negative level reset.
Creating register for signal `\state_stream_controller.\rq8$func$rtl/state_stream_controller.v:157$1067.$result' using process `\state_stream_controller.$proc$rtl/state_stream_controller.v:86$1128'.
  created $adff cell `$procdff$24676' with positive edge clock and negative level reset.
Creating register for signal `\state_stream_controller.\rq8$func$rtl/state_stream_controller.v:157$1067.a' using process `\state_stream_controller.$proc$rtl/state_stream_controller.v:86$1128'.
  created $adff cell `$procdff$24677' with positive edge clock and negative level reset.
Creating register for signal `\state_stream_controller.\rq8$func$rtl/state_stream_controller.v:157$1067.x' using process `\state_stream_controller.$proc$rtl/state_stream_controller.v:86$1128'.
  created $adff cell `$procdff$24678' with positive edge clock and negative level reset.
Creating register for signal `\state_stream_controller.\rq8$func$rtl/state_stream_controller.v:157$1068.$result' using process `\state_stream_controller.$proc$rtl/state_stream_controller.v:86$1128'.
  created $adff cell `$procdff$24679' with positive edge clock and negative level reset.
Creating register for signal `\state_stream_controller.\rq8$func$rtl/state_stream_controller.v:157$1068.a' using process `\state_stream_controller.$proc$rtl/state_stream_controller.v:86$1128'.
  created $adff cell `$procdff$24680' with positive edge clock and negative level reset.
Creating register for signal `\state_stream_controller.\rq8$func$rtl/state_stream_controller.v:157$1068.x' using process `\state_stream_controller.$proc$rtl/state_stream_controller.v:86$1128'.
  created $adff cell `$procdff$24681' with positive edge clock and negative level reset.
Creating register for signal `\state_stream_controller.\rq8$func$rtl/state_stream_controller.v:157$1069.$result' using process `\state_stream_controller.$proc$rtl/state_stream_controller.v:86$1128'.
  created $adff cell `$procdff$24682' with positive edge clock and negative level reset.
Creating register for signal `\state_stream_controller.\rq8$func$rtl/state_stream_controller.v:157$1069.a' using process `\state_stream_controller.$proc$rtl/state_stream_controller.v:86$1128'.
  created $adff cell `$procdff$24683' with positive edge clock and negative level reset.
Creating register for signal `\state_stream_controller.\rq8$func$rtl/state_stream_controller.v:157$1069.x' using process `\state_stream_controller.$proc$rtl/state_stream_controller.v:86$1128'.
  created $adff cell `$procdff$24684' with positive edge clock and negative level reset.
Creating register for signal `\state_stream_controller.\rq8$func$rtl/state_stream_controller.v:157$1070.$result' using process `\state_stream_controller.$proc$rtl/state_stream_controller.v:86$1128'.
  created $adff cell `$procdff$24685' with positive edge clock and negative level reset.
Creating register for signal `\state_stream_controller.\rq8$func$rtl/state_stream_controller.v:157$1070.a' using process `\state_stream_controller.$proc$rtl/state_stream_controller.v:86$1128'.
  created $adff cell `$procdff$24686' with positive edge clock and negative level reset.
Creating register for signal `\state_stream_controller.\rq8$func$rtl/state_stream_controller.v:157$1070.x' using process `\state_stream_controller.$proc$rtl/state_stream_controller.v:86$1128'.
  created $adff cell `$procdff$24687' with positive edge clock and negative level reset.
Creating register for signal `\state_stream_controller.\rq8$func$rtl/state_stream_controller.v:157$1071.$result' using process `\state_stream_controller.$proc$rtl/state_stream_controller.v:86$1128'.
  created $adff cell `$procdff$24688' with positive edge clock and negative level reset.
Creating register for signal `\state_stream_controller.\rq8$func$rtl/state_stream_controller.v:157$1071.a' using process `\state_stream_controller.$proc$rtl/state_stream_controller.v:86$1128'.
  created $adff cell `$procdff$24689' with positive edge clock and negative level reset.
Creating register for signal `\state_stream_controller.\rq8$func$rtl/state_stream_controller.v:157$1071.x' using process `\state_stream_controller.$proc$rtl/state_stream_controller.v:86$1128'.
  created $adff cell `$procdff$24690' with positive edge clock and negative level reset.
Creating register for signal `\state_stream_controller.\rq8$func$rtl/state_stream_controller.v:157$1072.$result' using process `\state_stream_controller.$proc$rtl/state_stream_controller.v:86$1128'.
  created $adff cell `$procdff$24691' with positive edge clock and negative level reset.
Creating register for signal `\state_stream_controller.\rq8$func$rtl/state_stream_controller.v:157$1072.a' using process `\state_stream_controller.$proc$rtl/state_stream_controller.v:86$1128'.
  created $adff cell `$procdff$24692' with positive edge clock and negative level reset.
Creating register for signal `\state_stream_controller.\rq8$func$rtl/state_stream_controller.v:157$1072.x' using process `\state_stream_controller.$proc$rtl/state_stream_controller.v:86$1128'.
  created $adff cell `$procdff$24693' with positive edge clock and negative level reset.
Creating register for signal `\state_stream_controller.\rq8$func$rtl/state_stream_controller.v:157$1073.$result' using process `\state_stream_controller.$proc$rtl/state_stream_controller.v:86$1128'.
  created $adff cell `$procdff$24694' with positive edge clock and negative level reset.
Creating register for signal `\state_stream_controller.\rq8$func$rtl/state_stream_controller.v:157$1073.a' using process `\state_stream_controller.$proc$rtl/state_stream_controller.v:86$1128'.
  created $adff cell `$procdff$24695' with positive edge clock and negative level reset.
Creating register for signal `\state_stream_controller.\rq8$func$rtl/state_stream_controller.v:157$1073.x' using process `\state_stream_controller.$proc$rtl/state_stream_controller.v:86$1128'.
  created $adff cell `$procdff$24696' with positive edge clock and negative level reset.
Creating register for signal `\state_stream_controller.\rq8$func$rtl/state_stream_controller.v:157$1074.$result' using process `\state_stream_controller.$proc$rtl/state_stream_controller.v:86$1128'.
  created $adff cell `$procdff$24697' with positive edge clock and negative level reset.
Creating register for signal `\state_stream_controller.\rq8$func$rtl/state_stream_controller.v:157$1074.a' using process `\state_stream_controller.$proc$rtl/state_stream_controller.v:86$1128'.
  created $adff cell `$procdff$24698' with positive edge clock and negative level reset.
Creating register for signal `\state_stream_controller.\rq8$func$rtl/state_stream_controller.v:157$1074.x' using process `\state_stream_controller.$proc$rtl/state_stream_controller.v:86$1128'.
  created $adff cell `$procdff$24699' with positive edge clock and negative level reset.
Creating register for signal `\state_stream_controller.\rq8$func$rtl/state_stream_controller.v:157$1075.$result' using process `\state_stream_controller.$proc$rtl/state_stream_controller.v:86$1128'.
  created $adff cell `$procdff$24700' with positive edge clock and negative level reset.
Creating register for signal `\state_stream_controller.\rq8$func$rtl/state_stream_controller.v:157$1075.a' using process `\state_stream_controller.$proc$rtl/state_stream_controller.v:86$1128'.
  created $adff cell `$procdff$24701' with positive edge clock and negative level reset.
Creating register for signal `\state_stream_controller.\rq8$func$rtl/state_stream_controller.v:157$1075.x' using process `\state_stream_controller.$proc$rtl/state_stream_controller.v:86$1128'.
  created $adff cell `$procdff$24702' with positive edge clock and negative level reset.
Creating register for signal `\state_stream_controller.\rq8$func$rtl/state_stream_controller.v:157$1076.$result' using process `\state_stream_controller.$proc$rtl/state_stream_controller.v:86$1128'.
  created $adff cell `$procdff$24703' with positive edge clock and negative level reset.
Creating register for signal `\state_stream_controller.\rq8$func$rtl/state_stream_controller.v:157$1076.a' using process `\state_stream_controller.$proc$rtl/state_stream_controller.v:86$1128'.
  created $adff cell `$procdff$24704' with positive edge clock and negative level reset.
Creating register for signal `\state_stream_controller.\rq8$func$rtl/state_stream_controller.v:157$1076.x' using process `\state_stream_controller.$proc$rtl/state_stream_controller.v:86$1128'.
  created $adff cell `$procdff$24705' with positive edge clock and negative level reset.
Creating register for signal `\state_stream_controller.\rq8$func$rtl/state_stream_controller.v:157$1077.$result' using process `\state_stream_controller.$proc$rtl/state_stream_controller.v:86$1128'.
  created $adff cell `$procdff$24706' with positive edge clock and negative level reset.
Creating register for signal `\state_stream_controller.\rq8$func$rtl/state_stream_controller.v:157$1077.a' using process `\state_stream_controller.$proc$rtl/state_stream_controller.v:86$1128'.
  created $adff cell `$procdff$24707' with positive edge clock and negative level reset.
Creating register for signal `\state_stream_controller.\rq8$func$rtl/state_stream_controller.v:157$1077.x' using process `\state_stream_controller.$proc$rtl/state_stream_controller.v:86$1128'.
  created $adff cell `$procdff$24708' with positive edge clock and negative level reset.
Creating register for signal `\state_stream_controller.\rq8$func$rtl/state_stream_controller.v:157$1078.$result' using process `\state_stream_controller.$proc$rtl/state_stream_controller.v:86$1128'.
  created $adff cell `$procdff$24709' with positive edge clock and negative level reset.
Creating register for signal `\state_stream_controller.\rq8$func$rtl/state_stream_controller.v:157$1078.a' using process `\state_stream_controller.$proc$rtl/state_stream_controller.v:86$1128'.
  created $adff cell `$procdff$24710' with positive edge clock and negative level reset.
Creating register for signal `\state_stream_controller.\rq8$func$rtl/state_stream_controller.v:157$1078.x' using process `\state_stream_controller.$proc$rtl/state_stream_controller.v:86$1128'.
  created $adff cell `$procdff$24711' with positive edge clock and negative level reset.
Creating register for signal `\state_stream_controller.\rq8$func$rtl/state_stream_controller.v:157$1079.$result' using process `\state_stream_controller.$proc$rtl/state_stream_controller.v:86$1128'.
  created $adff cell `$procdff$24712' with positive edge clock and negative level reset.
Creating register for signal `\state_stream_controller.\rq8$func$rtl/state_stream_controller.v:157$1079.a' using process `\state_stream_controller.$proc$rtl/state_stream_controller.v:86$1128'.
  created $adff cell `$procdff$24713' with positive edge clock and negative level reset.
Creating register for signal `\state_stream_controller.\rq8$func$rtl/state_stream_controller.v:157$1079.x' using process `\state_stream_controller.$proc$rtl/state_stream_controller.v:86$1128'.
  created $adff cell `$procdff$24714' with positive edge clock and negative level reset.
Creating register for signal `\state_stream_controller.\rq8$func$rtl/state_stream_controller.v:157$1080.$result' using process `\state_stream_controller.$proc$rtl/state_stream_controller.v:86$1128'.
  created $adff cell `$procdff$24715' with positive edge clock and negative level reset.
Creating register for signal `\state_stream_controller.\rq8$func$rtl/state_stream_controller.v:157$1080.a' using process `\state_stream_controller.$proc$rtl/state_stream_controller.v:86$1128'.
  created $adff cell `$procdff$24716' with positive edge clock and negative level reset.
Creating register for signal `\state_stream_controller.\rq8$func$rtl/state_stream_controller.v:157$1080.x' using process `\state_stream_controller.$proc$rtl/state_stream_controller.v:86$1128'.
  created $adff cell `$procdff$24717' with positive edge clock and negative level reset.
Creating register for signal `\state_stream_controller.\acc[0]' using process `\state_stream_controller.$proc$rtl/state_stream_controller.v:86$1128'.
  created $adff cell `$procdff$24718' with positive edge clock and negative level reset.
Creating register for signal `\state_stream_controller.\acc[1]' using process `\state_stream_controller.$proc$rtl/state_stream_controller.v:86$1128'.
  created $adff cell `$procdff$24719' with positive edge clock and negative level reset.
Creating register for signal `\state_stream_controller.\acc[2]' using process `\state_stream_controller.$proc$rtl/state_stream_controller.v:86$1128'.
  created $adff cell `$procdff$24720' with positive edge clock and negative level reset.
Creating register for signal `\state_stream_controller.\acc[3]' using process `\state_stream_controller.$proc$rtl/state_stream_controller.v:86$1128'.
  created $adff cell `$procdff$24721' with positive edge clock and negative level reset.
Creating register for signal `\state_stream_controller.\acc[4]' using process `\state_stream_controller.$proc$rtl/state_stream_controller.v:86$1128'.
  created $adff cell `$procdff$24722' with positive edge clock and negative level reset.
Creating register for signal `\state_stream_controller.\acc[5]' using process `\state_stream_controller.$proc$rtl/state_stream_controller.v:86$1128'.
  created $adff cell `$procdff$24723' with positive edge clock and negative level reset.
Creating register for signal `\state_stream_controller.\acc[6]' using process `\state_stream_controller.$proc$rtl/state_stream_controller.v:86$1128'.
  created $adff cell `$procdff$24724' with positive edge clock and negative level reset.
Creating register for signal `\state_stream_controller.\acc[7]' using process `\state_stream_controller.$proc$rtl/state_stream_controller.v:86$1128'.
  created $adff cell `$procdff$24725' with positive edge clock and negative level reset.
Creating register for signal `\state_stream_controller.\acc[8]' using process `\state_stream_controller.$proc$rtl/state_stream_controller.v:86$1128'.
  created $adff cell `$procdff$24726' with positive edge clock and negative level reset.
Creating register for signal `\state_stream_controller.\acc[9]' using process `\state_stream_controller.$proc$rtl/state_stream_controller.v:86$1128'.
  created $adff cell `$procdff$24727' with positive edge clock and negative level reset.
Creating register for signal `\state_stream_controller.\acc[10]' using process `\state_stream_controller.$proc$rtl/state_stream_controller.v:86$1128'.
  created $adff cell `$procdff$24728' with positive edge clock and negative level reset.
Creating register for signal `\state_stream_controller.\acc[11]' using process `\state_stream_controller.$proc$rtl/state_stream_controller.v:86$1128'.
  created $adff cell `$procdff$24729' with positive edge clock and negative level reset.
Creating register for signal `\state_stream_controller.\acc[12]' using process `\state_stream_controller.$proc$rtl/state_stream_controller.v:86$1128'.
  created $adff cell `$procdff$24730' with positive edge clock and negative level reset.
Creating register for signal `\state_stream_controller.\acc[13]' using process `\state_stream_controller.$proc$rtl/state_stream_controller.v:86$1128'.
  created $adff cell `$procdff$24731' with positive edge clock and negative level reset.
Creating register for signal `\state_stream_controller.\acc[14]' using process `\state_stream_controller.$proc$rtl/state_stream_controller.v:86$1128'.
  created $adff cell `$procdff$24732' with positive edge clock and negative level reset.
Creating register for signal `\state_stream_controller.\acc[15]' using process `\state_stream_controller.$proc$rtl/state_stream_controller.v:86$1128'.
  created $adff cell `$procdff$24733' with positive edge clock and negative level reset.
Creating register for signal `\state_stream_controller.\acc[16]' using process `\state_stream_controller.$proc$rtl/state_stream_controller.v:86$1128'.
  created $adff cell `$procdff$24734' with positive edge clock and negative level reset.
Creating register for signal `\state_stream_controller.\acc[17]' using process `\state_stream_controller.$proc$rtl/state_stream_controller.v:86$1128'.
  created $adff cell `$procdff$24735' with positive edge clock and negative level reset.
Creating register for signal `\state_stream_controller.\acc[18]' using process `\state_stream_controller.$proc$rtl/state_stream_controller.v:86$1128'.
  created $adff cell `$procdff$24736' with positive edge clock and negative level reset.
Creating register for signal `\state_stream_controller.\acc[19]' using process `\state_stream_controller.$proc$rtl/state_stream_controller.v:86$1128'.
  created $adff cell `$procdff$24737' with positive edge clock and negative level reset.
Creating register for signal `\state_stream_controller.\acc[20]' using process `\state_stream_controller.$proc$rtl/state_stream_controller.v:86$1128'.
  created $adff cell `$procdff$24738' with positive edge clock and negative level reset.
Creating register for signal `\state_stream_controller.\acc[21]' using process `\state_stream_controller.$proc$rtl/state_stream_controller.v:86$1128'.
  created $adff cell `$procdff$24739' with positive edge clock and negative level reset.
Creating register for signal `\state_stream_controller.\acc[22]' using process `\state_stream_controller.$proc$rtl/state_stream_controller.v:86$1128'.
  created $adff cell `$procdff$24740' with positive edge clock and negative level reset.
Creating register for signal `\state_stream_controller.\acc[23]' using process `\state_stream_controller.$proc$rtl/state_stream_controller.v:86$1128'.
  created $adff cell `$procdff$24741' with positive edge clock and negative level reset.
Creating register for signal `\state_stream_controller.\acc[24]' using process `\state_stream_controller.$proc$rtl/state_stream_controller.v:86$1128'.
  created $adff cell `$procdff$24742' with positive edge clock and negative level reset.
Creating register for signal `\state_stream_controller.\acc[25]' using process `\state_stream_controller.$proc$rtl/state_stream_controller.v:86$1128'.
  created $adff cell `$procdff$24743' with positive edge clock and negative level reset.
Creating register for signal `\state_stream_controller.\acc[26]' using process `\state_stream_controller.$proc$rtl/state_stream_controller.v:86$1128'.
  created $adff cell `$procdff$24744' with positive edge clock and negative level reset.
Creating register for signal `\state_stream_controller.\acc[27]' using process `\state_stream_controller.$proc$rtl/state_stream_controller.v:86$1128'.
  created $adff cell `$procdff$24745' with positive edge clock and negative level reset.
Creating register for signal `\state_stream_controller.\acc[28]' using process `\state_stream_controller.$proc$rtl/state_stream_controller.v:86$1128'.
  created $adff cell `$procdff$24746' with positive edge clock and negative level reset.
Creating register for signal `\state_stream_controller.\acc[29]' using process `\state_stream_controller.$proc$rtl/state_stream_controller.v:86$1128'.
  created $adff cell `$procdff$24747' with positive edge clock and negative level reset.
Creating register for signal `\state_stream_controller.\acc[30]' using process `\state_stream_controller.$proc$rtl/state_stream_controller.v:86$1128'.
  created $adff cell `$procdff$24748' with positive edge clock and negative level reset.
Creating register for signal `\state_stream_controller.\acc[31]' using process `\state_stream_controller.$proc$rtl/state_stream_controller.v:86$1128'.
  created $adff cell `$procdff$24749' with positive edge clock and negative level reset.
Creating register for signal `\state_word_engine.\i' using process `\state_word_engine.$proc$rtl/state_word_engine.v:33$709'.
  created $dff cell `$procdff$24752' with positive edge clock.
Creating register for signal `\state_word_engine.\out_valid' using process `\state_word_engine.$proc$rtl/state_word_engine.v:33$709'.
  created $adff cell `$procdff$24753' with positive edge clock and negative level reset.
Creating register for signal `\state_word_engine.\updated_slice' using process `\state_word_engine.$proc$rtl/state_word_engine.v:33$709'.
  created $adff cell `$procdff$24754' with positive edge clock and negative level reset.
Creating register for signal `\state_word_engine.\term0' using process `\state_word_engine.$proc$rtl/state_word_engine.v:33$709'.
  created $adff cell `$procdff$24755' with positive edge clock and negative level reset.
Creating register for signal `\state_word_engine.\term1' using process `\state_word_engine.$proc$rtl/state_word_engine.v:33$709'.
  created $adff cell `$procdff$24756' with positive edge clock and negative level reset.
Creating register for signal `\state_word_engine.\term2' using process `\state_word_engine.$proc$rtl/state_word_engine.v:33$709'.
  created $adff cell `$procdff$24757' with positive edge clock and negative level reset.
Creating register for signal `\state_word_engine.\term3' using process `\state_word_engine.$proc$rtl/state_word_engine.v:33$709'.
  created $adff cell `$procdff$24758' with positive edge clock and negative level reset.
Creating register for signal `\state_word_engine.\term4' using process `\state_word_engine.$proc$rtl/state_word_engine.v:33$709'.
  created $adff cell `$procdff$24759' with positive edge clock and negative level reset.
Creating register for signal `\state_word_engine.\term5' using process `\state_word_engine.$proc$rtl/state_word_engine.v:33$709'.
  created $adff cell `$procdff$24760' with positive edge clock and negative level reset.
Creating register for signal `\state_word_engine.\term6' using process `\state_word_engine.$proc$rtl/state_word_engine.v:33$709'.
  created $adff cell `$procdff$24761' with positive edge clock and negative level reset.
Creating register for signal `\state_word_engine.\term7' using process `\state_word_engine.$proc$rtl/state_word_engine.v:33$709'.
  created $adff cell `$procdff$24762' with positive edge clock and negative level reset.
Creating register for signal `\state_word_engine.\v0' using process `\state_word_engine.$proc$rtl/state_word_engine.v:33$709'.
  created $adff cell `$procdff$24763' with positive edge clock and negative level reset.
Creating register for signal `\state_word_engine.\v1' using process `\state_word_engine.$proc$rtl/state_word_engine.v:33$709'.
  created $adff cell `$procdff$24764' with positive edge clock and negative level reset.
Creating register for signal `\state_word_engine.\v2' using process `\state_word_engine.$proc$rtl/state_word_engine.v:33$709'.
  created $adff cell `$procdff$24765' with positive edge clock and negative level reset.
Creating register for signal `\state_word_engine.\v3' using process `\state_word_engine.$proc$rtl/state_word_engine.v:33$709'.
  created $adff cell `$procdff$24766' with positive edge clock and negative level reset.
Creating register for signal `\state_word_engine.\v4' using process `\state_word_engine.$proc$rtl/state_word_engine.v:33$709'.
  created $adff cell `$procdff$24767' with positive edge clock and negative level reset.
Creating register for signal `\state_word_engine.\p0' using process `\state_word_engine.$proc$rtl/state_word_engine.v:33$709'.
  created $dff cell `$procdff$24770' with positive edge clock.
Creating register for signal `\state_word_engine.\p1' using process `\state_word_engine.$proc$rtl/state_word_engine.v:33$709'.
  created $dff cell `$procdff$24773' with positive edge clock.
Creating register for signal `\state_word_engine.\p2' using process `\state_word_engine.$proc$rtl/state_word_engine.v:33$709'.
  created $dff cell `$procdff$24776' with positive edge clock.
Creating register for signal `\state_word_engine.\p3' using process `\state_word_engine.$proc$rtl/state_word_engine.v:33$709'.
  created $dff cell `$procdff$24779' with positive edge clock.
Creating register for signal `\state_word_engine.\s0' using process `\state_word_engine.$proc$rtl/state_word_engine.v:33$709'.
  created $dff cell `$procdff$24782' with positive edge clock.
Creating register for signal `\state_word_engine.\d0' using process `\state_word_engine.$proc$rtl/state_word_engine.v:33$709'.
  created $dff cell `$procdff$24785' with positive edge clock.
Creating register for signal `\state_word_engine.\s1' using process `\state_word_engine.$proc$rtl/state_word_engine.v:33$709'.
  created $dff cell `$procdff$24788' with positive edge clock.
Creating register for signal `\state_word_engine.\d1' using process `\state_word_engine.$proc$rtl/state_word_engine.v:33$709'.
  created $dff cell `$procdff$24791' with positive edge clock.
Creating register for signal `\state_word_engine.\s2' using process `\state_word_engine.$proc$rtl/state_word_engine.v:33$709'.
  created $dff cell `$procdff$24794' with positive edge clock.
Creating register for signal `\state_word_engine.\s3' using process `\state_word_engine.$proc$rtl/state_word_engine.v:33$709'.
  created $dff cell `$procdff$24797' with positive edge clock.
Creating register for signal `\state_word_engine.\n2' using process `\state_word_engine.$proc$rtl/state_word_engine.v:33$709'.
  created $dff cell `$procdff$24800' with positive edge clock.
Creating register for signal `\state_word_engine.\n3' using process `\state_word_engine.$proc$rtl/state_word_engine.v:33$709'.
  created $dff cell `$procdff$24803' with positive edge clock.
Creating register for signal `\state_word_engine.\n4' using process `\state_word_engine.$proc$rtl/state_word_engine.v:33$709'.
  created $dff cell `$procdff$24806' with positive edge clock.
Creating register for signal `\state_word_engine.\sat9$func$rtl/state_word_engine.v:55$693.$result' using process `\state_word_engine.$proc$rtl/state_word_engine.v:33$709'.
  created $adff cell `$procdff$24807' with positive edge clock and negative level reset.
Creating register for signal `\state_word_engine.\sat9$func$rtl/state_word_engine.v:55$693.z' using process `\state_word_engine.$proc$rtl/state_word_engine.v:33$709'.
  created $adff cell `$procdff$24808' with positive edge clock and negative level reset.
Creating register for signal `\state_word_engine.\sat9$func$rtl/state_word_engine.v:55$694.$result' using process `\state_word_engine.$proc$rtl/state_word_engine.v:33$709'.
  created $adff cell `$procdff$24809' with positive edge clock and negative level reset.
Creating register for signal `\state_word_engine.\sat9$func$rtl/state_word_engine.v:55$694.z' using process `\state_word_engine.$proc$rtl/state_word_engine.v:33$709'.
  created $adff cell `$procdff$24810' with positive edge clock and negative level reset.
Creating register for signal `\state_word_engine.\sat9$func$rtl/state_word_engine.v:55$695.$result' using process `\state_word_engine.$proc$rtl/state_word_engine.v:33$709'.
  created $adff cell `$procdff$24811' with positive edge clock and negative level reset.
Creating register for signal `\state_word_engine.\sat9$func$rtl/state_word_engine.v:55$695.z' using process `\state_word_engine.$proc$rtl/state_word_engine.v:33$709'.
  created $adff cell `$procdff$24812' with positive edge clock and negative level reset.
Creating register for signal `\state_word_engine.\sat9$func$rtl/state_word_engine.v:55$696.$result' using process `\state_word_engine.$proc$rtl/state_word_engine.v:33$709'.
  created $adff cell `$procdff$24813' with positive edge clock and negative level reset.
Creating register for signal `\state_word_engine.\sat9$func$rtl/state_word_engine.v:55$696.z' using process `\state_word_engine.$proc$rtl/state_word_engine.v:33$709'.
  created $adff cell `$procdff$24814' with positive edge clock and negative level reset.
Creating register for signal `\state_word_engine.\sat9$func$rtl/state_word_engine.v:55$697.$result' using process `\state_word_engine.$proc$rtl/state_word_engine.v:33$709'.
  created $adff cell `$procdff$24815' with positive edge clock and negative level reset.
Creating register for signal `\state_word_engine.\sat9$func$rtl/state_word_engine.v:55$697.z' using process `\state_word_engine.$proc$rtl/state_word_engine.v:33$709'.
  created $adff cell `$procdff$24816' with positive edge clock and negative level reset.
Creating register for signal `\state_word_engine.\sat9$func$rtl/state_word_engine.v:55$698.$result' using process `\state_word_engine.$proc$rtl/state_word_engine.v:33$709'.
  created $adff cell `$procdff$24817' with positive edge clock and negative level reset.
Creating register for signal `\state_word_engine.\sat9$func$rtl/state_word_engine.v:55$698.z' using process `\state_word_engine.$proc$rtl/state_word_engine.v:33$709'.
  created $adff cell `$procdff$24818' with positive edge clock and negative level reset.
Creating register for signal `\state_word_engine.\sat9$func$rtl/state_word_engine.v:55$699.$result' using process `\state_word_engine.$proc$rtl/state_word_engine.v:33$709'.
  created $adff cell `$procdff$24819' with positive edge clock and negative level reset.
Creating register for signal `\state_word_engine.\sat9$func$rtl/state_word_engine.v:55$699.z' using process `\state_word_engine.$proc$rtl/state_word_engine.v:33$709'.
  created $adff cell `$procdff$24820' with positive edge clock and negative level reset.
Creating register for signal `\state_word_engine.\sat9$func$rtl/state_word_engine.v:55$700.$result' using process `\state_word_engine.$proc$rtl/state_word_engine.v:33$709'.
  created $adff cell `$procdff$24821' with positive edge clock and negative level reset.
Creating register for signal `\state_word_engine.\sat9$func$rtl/state_word_engine.v:55$700.z' using process `\state_word_engine.$proc$rtl/state_word_engine.v:33$709'.
  created $adff cell `$procdff$24822' with positive edge clock and negative level reset.
Creating register for signal `\state_word_engine.\sat10$func$rtl/state_word_engine.v:67$701.$result' using process `\state_word_engine.$proc$rtl/state_word_engine.v:33$709'.
  created $adff cell `$procdff$24823' with positive edge clock and negative level reset.
Creating register for signal `\state_word_engine.\sat10$func$rtl/state_word_engine.v:67$701.z' using process `\state_word_engine.$proc$rtl/state_word_engine.v:33$709'.
  created $adff cell `$procdff$24824' with positive edge clock and negative level reset.
Creating register for signal `\state_word_engine.\sat10$func$rtl/state_word_engine.v:67$702.$result' using process `\state_word_engine.$proc$rtl/state_word_engine.v:33$709'.
  created $adff cell `$procdff$24825' with positive edge clock and negative level reset.
Creating register for signal `\state_word_engine.\sat10$func$rtl/state_word_engine.v:67$702.z' using process `\state_word_engine.$proc$rtl/state_word_engine.v:33$709'.
  created $adff cell `$procdff$24826' with positive edge clock and negative level reset.
Creating register for signal `\state_word_engine.\sat10$func$rtl/state_word_engine.v:67$703.$result' using process `\state_word_engine.$proc$rtl/state_word_engine.v:33$709'.
  created $adff cell `$procdff$24827' with positive edge clock and negative level reset.
Creating register for signal `\state_word_engine.\sat10$func$rtl/state_word_engine.v:67$703.z' using process `\state_word_engine.$proc$rtl/state_word_engine.v:33$709'.
  created $adff cell `$procdff$24828' with positive edge clock and negative level reset.
Creating register for signal `\state_word_engine.\sat10$func$rtl/state_word_engine.v:67$704.$result' using process `\state_word_engine.$proc$rtl/state_word_engine.v:33$709'.
  created $adff cell `$procdff$24829' with positive edge clock and negative level reset.
Creating register for signal `\state_word_engine.\sat10$func$rtl/state_word_engine.v:67$704.z' using process `\state_word_engine.$proc$rtl/state_word_engine.v:33$709'.
  created $adff cell `$procdff$24830' with positive edge clock and negative level reset.
Creating register for signal `\state_word_engine.\sat10$func$rtl/state_word_engine.v:67$705.$result' using process `\state_word_engine.$proc$rtl/state_word_engine.v:33$709'.
  created $adff cell `$procdff$24831' with positive edge clock and negative level reset.
Creating register for signal `\state_word_engine.\sat10$func$rtl/state_word_engine.v:67$705.z' using process `\state_word_engine.$proc$rtl/state_word_engine.v:33$709'.
  created $adff cell `$procdff$24832' with positive edge clock and negative level reset.
Creating register for signal `\state_word_engine.\sat10$func$rtl/state_word_engine.v:67$706.$result' using process `\state_word_engine.$proc$rtl/state_word_engine.v:33$709'.
  created $adff cell `$procdff$24833' with positive edge clock and negative level reset.
Creating register for signal `\state_word_engine.\sat10$func$rtl/state_word_engine.v:67$706.z' using process `\state_word_engine.$proc$rtl/state_word_engine.v:33$709'.
  created $adff cell `$procdff$24834' with positive edge clock and negative level reset.
Creating register for signal `\state_word_engine.\sat10$func$rtl/state_word_engine.v:67$707.$result' using process `\state_word_engine.$proc$rtl/state_word_engine.v:33$709'.
  created $adff cell `$procdff$24835' with positive edge clock and negative level reset.
Creating register for signal `\state_word_engine.\sat10$func$rtl/state_word_engine.v:67$707.z' using process `\state_word_engine.$proc$rtl/state_word_engine.v:33$709'.
  created $adff cell `$procdff$24836' with positive edge clock and negative level reset.
Creating register for signal `\state_word_engine.\sat10$func$rtl/state_word_engine.v:67$708.$result' using process `\state_word_engine.$proc$rtl/state_word_engine.v:33$709'.
  created $adff cell `$procdff$24837' with positive edge clock and negative level reset.
Creating register for signal `\state_word_engine.\sat10$func$rtl/state_word_engine.v:67$708.z' using process `\state_word_engine.$proc$rtl/state_word_engine.v:33$709'.
  created $adff cell `$procdff$24838' with positive edge clock and negative level reset.
Creating register for signal `\state_word_engine.\alpha0[0]' using process `\state_word_engine.$proc$rtl/state_word_engine.v:33$709'.
  created $dff cell `$procdff$24841' with positive edge clock.
Creating register for signal `\state_word_engine.\alpha0[1]' using process `\state_word_engine.$proc$rtl/state_word_engine.v:33$709'.
  created $dff cell `$procdff$24844' with positive edge clock.
Creating register for signal `\state_word_engine.\alpha0[2]' using process `\state_word_engine.$proc$rtl/state_word_engine.v:33$709'.
  created $dff cell `$procdff$24847' with positive edge clock.
Creating register for signal `\state_word_engine.\alpha0[3]' using process `\state_word_engine.$proc$rtl/state_word_engine.v:33$709'.
  created $dff cell `$procdff$24850' with positive edge clock.
Creating register for signal `\state_word_engine.\alpha0[4]' using process `\state_word_engine.$proc$rtl/state_word_engine.v:33$709'.
  created $dff cell `$procdff$24853' with positive edge clock.
Creating register for signal `\state_word_engine.\alpha0[5]' using process `\state_word_engine.$proc$rtl/state_word_engine.v:33$709'.
  created $dff cell `$procdff$24856' with positive edge clock.
Creating register for signal `\state_word_engine.\alpha0[6]' using process `\state_word_engine.$proc$rtl/state_word_engine.v:33$709'.
  created $dff cell `$procdff$24859' with positive edge clock.
Creating register for signal `\state_word_engine.\alpha0[7]' using process `\state_word_engine.$proc$rtl/state_word_engine.v:33$709'.
  created $dff cell `$procdff$24862' with positive edge clock.
Creating register for signal `\state_word_engine.\beta0[0]' using process `\state_word_engine.$proc$rtl/state_word_engine.v:33$709'.
  created $dff cell `$procdff$24865' with positive edge clock.
Creating register for signal `\state_word_engine.\beta0[1]' using process `\state_word_engine.$proc$rtl/state_word_engine.v:33$709'.
  created $dff cell `$procdff$24868' with positive edge clock.
Creating register for signal `\state_word_engine.\beta0[2]' using process `\state_word_engine.$proc$rtl/state_word_engine.v:33$709'.
  created $dff cell `$procdff$24871' with positive edge clock.
Creating register for signal `\state_word_engine.\beta0[3]' using process `\state_word_engine.$proc$rtl/state_word_engine.v:33$709'.
  created $dff cell `$procdff$24874' with positive edge clock.
Creating register for signal `\state_word_engine.\beta0[4]' using process `\state_word_engine.$proc$rtl/state_word_engine.v:33$709'.
  created $dff cell `$procdff$24877' with positive edge clock.
Creating register for signal `\state_word_engine.\beta0[5]' using process `\state_word_engine.$proc$rtl/state_word_engine.v:33$709'.
  created $dff cell `$procdff$24880' with positive edge clock.
Creating register for signal `\state_word_engine.\beta0[6]' using process `\state_word_engine.$proc$rtl/state_word_engine.v:33$709'.
  created $dff cell `$procdff$24883' with positive edge clock.
Creating register for signal `\state_word_engine.\beta0[7]' using process `\state_word_engine.$proc$rtl/state_word_engine.v:33$709'.
  created $dff cell `$procdff$24886' with positive edge clock.
Creating register for signal `\state_word_engine.\k0[0]' using process `\state_word_engine.$proc$rtl/state_word_engine.v:33$709'.
  created $dff cell `$procdff$24889' with positive edge clock.
Creating register for signal `\state_word_engine.\k0[1]' using process `\state_word_engine.$proc$rtl/state_word_engine.v:33$709'.
  created $dff cell `$procdff$24892' with positive edge clock.
Creating register for signal `\state_word_engine.\k0[2]' using process `\state_word_engine.$proc$rtl/state_word_engine.v:33$709'.
  created $dff cell `$procdff$24895' with positive edge clock.
Creating register for signal `\state_word_engine.\k0[3]' using process `\state_word_engine.$proc$rtl/state_word_engine.v:33$709'.
  created $dff cell `$procdff$24898' with positive edge clock.
Creating register for signal `\state_word_engine.\k0[4]' using process `\state_word_engine.$proc$rtl/state_word_engine.v:33$709'.
  created $dff cell `$procdff$24901' with positive edge clock.
Creating register for signal `\state_word_engine.\k0[5]' using process `\state_word_engine.$proc$rtl/state_word_engine.v:33$709'.
  created $dff cell `$procdff$24904' with positive edge clock.
Creating register for signal `\state_word_engine.\k0[6]' using process `\state_word_engine.$proc$rtl/state_word_engine.v:33$709'.
  created $dff cell `$procdff$24907' with positive edge clock.
Creating register for signal `\state_word_engine.\k0[7]' using process `\state_word_engine.$proc$rtl/state_word_engine.v:33$709'.
  created $dff cell `$procdff$24910' with positive edge clock.
Creating register for signal `\state_word_engine.\q0[0]' using process `\state_word_engine.$proc$rtl/state_word_engine.v:33$709'.
  created $dff cell `$procdff$24913' with positive edge clock.
Creating register for signal `\state_word_engine.\q0[1]' using process `\state_word_engine.$proc$rtl/state_word_engine.v:33$709'.
  created $dff cell `$procdff$24916' with positive edge clock.
Creating register for signal `\state_word_engine.\q0[2]' using process `\state_word_engine.$proc$rtl/state_word_engine.v:33$709'.
  created $dff cell `$procdff$24919' with positive edge clock.
Creating register for signal `\state_word_engine.\q0[3]' using process `\state_word_engine.$proc$rtl/state_word_engine.v:33$709'.
  created $dff cell `$procdff$24922' with positive edge clock.
Creating register for signal `\state_word_engine.\q0[4]' using process `\state_word_engine.$proc$rtl/state_word_engine.v:33$709'.
  created $dff cell `$procdff$24925' with positive edge clock.
Creating register for signal `\state_word_engine.\q0[5]' using process `\state_word_engine.$proc$rtl/state_word_engine.v:33$709'.
  created $dff cell `$procdff$24928' with positive edge clock.
Creating register for signal `\state_word_engine.\q0[6]' using process `\state_word_engine.$proc$rtl/state_word_engine.v:33$709'.
  created $dff cell `$procdff$24931' with positive edge clock.
Creating register for signal `\state_word_engine.\q0[7]' using process `\state_word_engine.$proc$rtl/state_word_engine.v:33$709'.
  created $dff cell `$procdff$24934' with positive edge clock.
Creating register for signal `\state_word_engine.\k1[0]' using process `\state_word_engine.$proc$rtl/state_word_engine.v:33$709'.
  created $dff cell `$procdff$24937' with positive edge clock.
Creating register for signal `\state_word_engine.\k1[1]' using process `\state_word_engine.$proc$rtl/state_word_engine.v:33$709'.
  created $dff cell `$procdff$24940' with positive edge clock.
Creating register for signal `\state_word_engine.\k1[2]' using process `\state_word_engine.$proc$rtl/state_word_engine.v:33$709'.
  created $dff cell `$procdff$24943' with positive edge clock.
Creating register for signal `\state_word_engine.\k1[3]' using process `\state_word_engine.$proc$rtl/state_word_engine.v:33$709'.
  created $dff cell `$procdff$24946' with positive edge clock.
Creating register for signal `\state_word_engine.\k1[4]' using process `\state_word_engine.$proc$rtl/state_word_engine.v:33$709'.
  created $dff cell `$procdff$24949' with positive edge clock.
Creating register for signal `\state_word_engine.\k1[5]' using process `\state_word_engine.$proc$rtl/state_word_engine.v:33$709'.
  created $dff cell `$procdff$24952' with positive edge clock.
Creating register for signal `\state_word_engine.\k1[6]' using process `\state_word_engine.$proc$rtl/state_word_engine.v:33$709'.
  created $dff cell `$procdff$24955' with positive edge clock.
Creating register for signal `\state_word_engine.\k1[7]' using process `\state_word_engine.$proc$rtl/state_word_engine.v:33$709'.
  created $dff cell `$procdff$24958' with positive edge clock.
Creating register for signal `\state_word_engine.\q1[0]' using process `\state_word_engine.$proc$rtl/state_word_engine.v:33$709'.
  created $dff cell `$procdff$24961' with positive edge clock.
Creating register for signal `\state_word_engine.\q1[1]' using process `\state_word_engine.$proc$rtl/state_word_engine.v:33$709'.
  created $dff cell `$procdff$24964' with positive edge clock.
Creating register for signal `\state_word_engine.\q1[2]' using process `\state_word_engine.$proc$rtl/state_word_engine.v:33$709'.
  created $dff cell `$procdff$24967' with positive edge clock.
Creating register for signal `\state_word_engine.\q1[3]' using process `\state_word_engine.$proc$rtl/state_word_engine.v:33$709'.
  created $dff cell `$procdff$24970' with positive edge clock.
Creating register for signal `\state_word_engine.\q1[4]' using process `\state_word_engine.$proc$rtl/state_word_engine.v:33$709'.
  created $dff cell `$procdff$24973' with positive edge clock.
Creating register for signal `\state_word_engine.\q1[5]' using process `\state_word_engine.$proc$rtl/state_word_engine.v:33$709'.
  created $dff cell `$procdff$24976' with positive edge clock.
Creating register for signal `\state_word_engine.\q1[6]' using process `\state_word_engine.$proc$rtl/state_word_engine.v:33$709'.
  created $dff cell `$procdff$24979' with positive edge clock.
Creating register for signal `\state_word_engine.\q1[7]' using process `\state_word_engine.$proc$rtl/state_word_engine.v:33$709'.
  created $dff cell `$procdff$24982' with positive edge clock.
Creating register for signal `\state_word_engine.\sa1[0]' using process `\state_word_engine.$proc$rtl/state_word_engine.v:33$709'.
  created $dff cell `$procdff$24985' with positive edge clock.
Creating register for signal `\state_word_engine.\sa1[1]' using process `\state_word_engine.$proc$rtl/state_word_engine.v:33$709'.
  created $dff cell `$procdff$24988' with positive edge clock.
Creating register for signal `\state_word_engine.\sa1[2]' using process `\state_word_engine.$proc$rtl/state_word_engine.v:33$709'.
  created $dff cell `$procdff$24991' with positive edge clock.
Creating register for signal `\state_word_engine.\sa1[3]' using process `\state_word_engine.$proc$rtl/state_word_engine.v:33$709'.
  created $dff cell `$procdff$24994' with positive edge clock.
Creating register for signal `\state_word_engine.\sa1[4]' using process `\state_word_engine.$proc$rtl/state_word_engine.v:33$709'.
  created $dff cell `$procdff$24997' with positive edge clock.
Creating register for signal `\state_word_engine.\sa1[5]' using process `\state_word_engine.$proc$rtl/state_word_engine.v:33$709'.
  created $dff cell `$procdff$25000' with positive edge clock.
Creating register for signal `\state_word_engine.\sa1[6]' using process `\state_word_engine.$proc$rtl/state_word_engine.v:33$709'.
  created $dff cell `$procdff$25003' with positive edge clock.
Creating register for signal `\state_word_engine.\sa1[7]' using process `\state_word_engine.$proc$rtl/state_word_engine.v:33$709'.
  created $dff cell `$procdff$25006' with positive edge clock.
Creating register for signal `\state_word_engine.\bk1[0]' using process `\state_word_engine.$proc$rtl/state_word_engine.v:33$709'.
  created $dff cell `$procdff$25009' with positive edge clock.
Creating register for signal `\state_word_engine.\bk1[1]' using process `\state_word_engine.$proc$rtl/state_word_engine.v:33$709'.
  created $dff cell `$procdff$25012' with positive edge clock.
Creating register for signal `\state_word_engine.\bk1[2]' using process `\state_word_engine.$proc$rtl/state_word_engine.v:33$709'.
  created $dff cell `$procdff$25015' with positive edge clock.
Creating register for signal `\state_word_engine.\bk1[3]' using process `\state_word_engine.$proc$rtl/state_word_engine.v:33$709'.
  created $dff cell `$procdff$25018' with positive edge clock.
Creating register for signal `\state_word_engine.\bk1[4]' using process `\state_word_engine.$proc$rtl/state_word_engine.v:33$709'.
  created $dff cell `$procdff$25021' with positive edge clock.
Creating register for signal `\state_word_engine.\bk1[5]' using process `\state_word_engine.$proc$rtl/state_word_engine.v:33$709'.
  created $dff cell `$procdff$25024' with positive edge clock.
Creating register for signal `\state_word_engine.\bk1[6]' using process `\state_word_engine.$proc$rtl/state_word_engine.v:33$709'.
  created $dff cell `$procdff$25027' with positive edge clock.
Creating register for signal `\state_word_engine.\bk1[7]' using process `\state_word_engine.$proc$rtl/state_word_engine.v:33$709'.
  created $dff cell `$procdff$25030' with positive edge clock.
Creating register for signal `\state_word_engine.\k2[0]' using process `\state_word_engine.$proc$rtl/state_word_engine.v:33$709'.
  created $dff cell `$procdff$25033' with positive edge clock.
Creating register for signal `\state_word_engine.\k2[1]' using process `\state_word_engine.$proc$rtl/state_word_engine.v:33$709'.
  created $dff cell `$procdff$25036' with positive edge clock.
Creating register for signal `\state_word_engine.\k2[2]' using process `\state_word_engine.$proc$rtl/state_word_engine.v:33$709'.
  created $dff cell `$procdff$25039' with positive edge clock.
Creating register for signal `\state_word_engine.\k2[3]' using process `\state_word_engine.$proc$rtl/state_word_engine.v:33$709'.
  created $dff cell `$procdff$25042' with positive edge clock.
Creating register for signal `\state_word_engine.\k2[4]' using process `\state_word_engine.$proc$rtl/state_word_engine.v:33$709'.
  created $dff cell `$procdff$25045' with positive edge clock.
Creating register for signal `\state_word_engine.\k2[5]' using process `\state_word_engine.$proc$rtl/state_word_engine.v:33$709'.
  created $dff cell `$procdff$25048' with positive edge clock.
Creating register for signal `\state_word_engine.\k2[6]' using process `\state_word_engine.$proc$rtl/state_word_engine.v:33$709'.
  created $dff cell `$procdff$25051' with positive edge clock.
Creating register for signal `\state_word_engine.\k2[7]' using process `\state_word_engine.$proc$rtl/state_word_engine.v:33$709'.
  created $dff cell `$procdff$25054' with positive edge clock.
Creating register for signal `\state_word_engine.\q2[0]' using process `\state_word_engine.$proc$rtl/state_word_engine.v:33$709'.
  created $dff cell `$procdff$25057' with positive edge clock.
Creating register for signal `\state_word_engine.\q2[1]' using process `\state_word_engine.$proc$rtl/state_word_engine.v:33$709'.
  created $dff cell `$procdff$25060' with positive edge clock.
Creating register for signal `\state_word_engine.\q2[2]' using process `\state_word_engine.$proc$rtl/state_word_engine.v:33$709'.
  created $dff cell `$procdff$25063' with positive edge clock.
Creating register for signal `\state_word_engine.\q2[3]' using process `\state_word_engine.$proc$rtl/state_word_engine.v:33$709'.
  created $dff cell `$procdff$25066' with positive edge clock.
Creating register for signal `\state_word_engine.\q2[4]' using process `\state_word_engine.$proc$rtl/state_word_engine.v:33$709'.
  created $dff cell `$procdff$25069' with positive edge clock.
Creating register for signal `\state_word_engine.\q2[5]' using process `\state_word_engine.$proc$rtl/state_word_engine.v:33$709'.
  created $dff cell `$procdff$25072' with positive edge clock.
Creating register for signal `\state_word_engine.\q2[6]' using process `\state_word_engine.$proc$rtl/state_word_engine.v:33$709'.
  created $dff cell `$procdff$25075' with positive edge clock.
Creating register for signal `\state_word_engine.\q2[7]' using process `\state_word_engine.$proc$rtl/state_word_engine.v:33$709'.
  created $dff cell `$procdff$25078' with positive edge clock.
Creating register for signal `\state_word_engine.\bkd_lo2[0]' using process `\state_word_engine.$proc$rtl/state_word_engine.v:33$709'.
  created $dff cell `$procdff$25081' with positive edge clock.
Creating register for signal `\state_word_engine.\bkd_lo2[1]' using process `\state_word_engine.$proc$rtl/state_word_engine.v:33$709'.
  created $dff cell `$procdff$25084' with positive edge clock.
Creating register for signal `\state_word_engine.\bkd_lo2[2]' using process `\state_word_engine.$proc$rtl/state_word_engine.v:33$709'.
  created $dff cell `$procdff$25087' with positive edge clock.
Creating register for signal `\state_word_engine.\bkd_lo2[3]' using process `\state_word_engine.$proc$rtl/state_word_engine.v:33$709'.
  created $dff cell `$procdff$25090' with positive edge clock.
Creating register for signal `\state_word_engine.\bkd_lo2[4]' using process `\state_word_engine.$proc$rtl/state_word_engine.v:33$709'.
  created $dff cell `$procdff$25093' with positive edge clock.
Creating register for signal `\state_word_engine.\bkd_lo2[5]' using process `\state_word_engine.$proc$rtl/state_word_engine.v:33$709'.
  created $dff cell `$procdff$25096' with positive edge clock.
Creating register for signal `\state_word_engine.\bkd_lo2[6]' using process `\state_word_engine.$proc$rtl/state_word_engine.v:33$709'.
  created $dff cell `$procdff$25099' with positive edge clock.
Creating register for signal `\state_word_engine.\bkd_lo2[7]' using process `\state_word_engine.$proc$rtl/state_word_engine.v:33$709'.
  created $dff cell `$procdff$25102' with positive edge clock.
Creating register for signal `\state_word_engine.\bkd_hi2[0]' using process `\state_word_engine.$proc$rtl/state_word_engine.v:33$709'.
  created $dff cell `$procdff$25105' with positive edge clock.
Creating register for signal `\state_word_engine.\bkd_hi2[1]' using process `\state_word_engine.$proc$rtl/state_word_engine.v:33$709'.
  created $dff cell `$procdff$25108' with positive edge clock.
Creating register for signal `\state_word_engine.\bkd_hi2[2]' using process `\state_word_engine.$proc$rtl/state_word_engine.v:33$709'.
  created $dff cell `$procdff$25111' with positive edge clock.
Creating register for signal `\state_word_engine.\bkd_hi2[3]' using process `\state_word_engine.$proc$rtl/state_word_engine.v:33$709'.
  created $dff cell `$procdff$25114' with positive edge clock.
Creating register for signal `\state_word_engine.\bkd_hi2[4]' using process `\state_word_engine.$proc$rtl/state_word_engine.v:33$709'.
  created $dff cell `$procdff$25117' with positive edge clock.
Creating register for signal `\state_word_engine.\bkd_hi2[5]' using process `\state_word_engine.$proc$rtl/state_word_engine.v:33$709'.
  created $dff cell `$procdff$25120' with positive edge clock.
Creating register for signal `\state_word_engine.\bkd_hi2[6]' using process `\state_word_engine.$proc$rtl/state_word_engine.v:33$709'.
  created $dff cell `$procdff$25123' with positive edge clock.
Creating register for signal `\state_word_engine.\bkd_hi2[7]' using process `\state_word_engine.$proc$rtl/state_word_engine.v:33$709'.
  created $dff cell `$procdff$25126' with positive edge clock.
Creating register for signal `\state_word_engine.\k3[0]' using process `\state_word_engine.$proc$rtl/state_word_engine.v:33$709'.
  created $dff cell `$procdff$25129' with positive edge clock.
Creating register for signal `\state_word_engine.\k3[1]' using process `\state_word_engine.$proc$rtl/state_word_engine.v:33$709'.
  created $dff cell `$procdff$25132' with positive edge clock.
Creating register for signal `\state_word_engine.\k3[2]' using process `\state_word_engine.$proc$rtl/state_word_engine.v:33$709'.
  created $dff cell `$procdff$25135' with positive edge clock.
Creating register for signal `\state_word_engine.\k3[3]' using process `\state_word_engine.$proc$rtl/state_word_engine.v:33$709'.
  created $dff cell `$procdff$25138' with positive edge clock.
Creating register for signal `\state_word_engine.\k3[4]' using process `\state_word_engine.$proc$rtl/state_word_engine.v:33$709'.
  created $dff cell `$procdff$25141' with positive edge clock.
Creating register for signal `\state_word_engine.\k3[5]' using process `\state_word_engine.$proc$rtl/state_word_engine.v:33$709'.
  created $dff cell `$procdff$25144' with positive edge clock.
Creating register for signal `\state_word_engine.\k3[6]' using process `\state_word_engine.$proc$rtl/state_word_engine.v:33$709'.
  created $dff cell `$procdff$25147' with positive edge clock.
Creating register for signal `\state_word_engine.\k3[7]' using process `\state_word_engine.$proc$rtl/state_word_engine.v:33$709'.
  created $dff cell `$procdff$25150' with positive edge clock.
Creating register for signal `\state_word_engine.\q3[0]' using process `\state_word_engine.$proc$rtl/state_word_engine.v:33$709'.
  created $dff cell `$procdff$25153' with positive edge clock.
Creating register for signal `\state_word_engine.\q3[1]' using process `\state_word_engine.$proc$rtl/state_word_engine.v:33$709'.
  created $dff cell `$procdff$25156' with positive edge clock.
Creating register for signal `\state_word_engine.\q3[2]' using process `\state_word_engine.$proc$rtl/state_word_engine.v:33$709'.
  created $dff cell `$procdff$25159' with positive edge clock.
Creating register for signal `\state_word_engine.\q3[3]' using process `\state_word_engine.$proc$rtl/state_word_engine.v:33$709'.
  created $dff cell `$procdff$25162' with positive edge clock.
Creating register for signal `\state_word_engine.\q3[4]' using process `\state_word_engine.$proc$rtl/state_word_engine.v:33$709'.
  created $dff cell `$procdff$25165' with positive edge clock.
Creating register for signal `\state_word_engine.\q3[5]' using process `\state_word_engine.$proc$rtl/state_word_engine.v:33$709'.
  created $dff cell `$procdff$25168' with positive edge clock.
Creating register for signal `\state_word_engine.\q3[6]' using process `\state_word_engine.$proc$rtl/state_word_engine.v:33$709'.
  created $dff cell `$procdff$25171' with positive edge clock.
Creating register for signal `\state_word_engine.\q3[7]' using process `\state_word_engine.$proc$rtl/state_word_engine.v:33$709'.
  created $dff cell `$procdff$25174' with positive edge clock.
Creating register for signal `\state_word_engine.\bkd3[0]' using process `\state_word_engine.$proc$rtl/state_word_engine.v:33$709'.
  created $dff cell `$procdff$25177' with positive edge clock.
Creating register for signal `\state_word_engine.\bkd3[1]' using process `\state_word_engine.$proc$rtl/state_word_engine.v:33$709'.
  created $dff cell `$procdff$25180' with positive edge clock.
Creating register for signal `\state_word_engine.\bkd3[2]' using process `\state_word_engine.$proc$rtl/state_word_engine.v:33$709'.
  created $dff cell `$procdff$25183' with positive edge clock.
Creating register for signal `\state_word_engine.\bkd3[3]' using process `\state_word_engine.$proc$rtl/state_word_engine.v:33$709'.
  created $dff cell `$procdff$25186' with positive edge clock.
Creating register for signal `\state_word_engine.\bkd3[4]' using process `\state_word_engine.$proc$rtl/state_word_engine.v:33$709'.
  created $dff cell `$procdff$25189' with positive edge clock.
Creating register for signal `\state_word_engine.\bkd3[5]' using process `\state_word_engine.$proc$rtl/state_word_engine.v:33$709'.
  created $dff cell `$procdff$25192' with positive edge clock.
Creating register for signal `\state_word_engine.\bkd3[6]' using process `\state_word_engine.$proc$rtl/state_word_engine.v:33$709'.
  created $dff cell `$procdff$25195' with positive edge clock.
Creating register for signal `\state_word_engine.\bkd3[7]' using process `\state_word_engine.$proc$rtl/state_word_engine.v:33$709'.
  created $dff cell `$procdff$25198' with positive edge clock.
Creating register for signal `\state_word_engine.\coef4[0]' using process `\state_word_engine.$proc$rtl/state_word_engine.v:33$709'.
  created $dff cell `$procdff$25201' with positive edge clock.
Creating register for signal `\state_word_engine.\coef4[1]' using process `\state_word_engine.$proc$rtl/state_word_engine.v:33$709'.
  created $dff cell `$procdff$25204' with positive edge clock.
Creating register for signal `\state_word_engine.\coef4[2]' using process `\state_word_engine.$proc$rtl/state_word_engine.v:33$709'.
  created $dff cell `$procdff$25207' with positive edge clock.
Creating register for signal `\state_word_engine.\coef4[3]' using process `\state_word_engine.$proc$rtl/state_word_engine.v:33$709'.
  created $dff cell `$procdff$25210' with positive edge clock.
Creating register for signal `\state_word_engine.\coef4[4]' using process `\state_word_engine.$proc$rtl/state_word_engine.v:33$709'.
  created $dff cell `$procdff$25213' with positive edge clock.
Creating register for signal `\state_word_engine.\coef4[5]' using process `\state_word_engine.$proc$rtl/state_word_engine.v:33$709'.
  created $dff cell `$procdff$25216' with positive edge clock.
Creating register for signal `\state_word_engine.\coef4[6]' using process `\state_word_engine.$proc$rtl/state_word_engine.v:33$709'.
  created $dff cell `$procdff$25219' with positive edge clock.
Creating register for signal `\state_word_engine.\coef4[7]' using process `\state_word_engine.$proc$rtl/state_word_engine.v:33$709'.
  created $dff cell `$procdff$25222' with positive edge clock.
Creating register for signal `\conv_unit_serial.\out_valid' using process `\conv_unit_serial.$proc$rtl/conv_unit_serial.v:8$657'.
  created $dff cell `$procdff$25223' with positive edge clock.
Creating register for signal `\conv_unit_serial.\alpha' using process `\conv_unit_serial.$proc$rtl/conv_unit_serial.v:8$657'.
  created $dff cell `$procdff$25224' with positive edge clock.
Creating register for signal `\conv_unit_serial.\beta' using process `\conv_unit_serial.$proc$rtl/conv_unit_serial.v:8$657'.
  created $dff cell `$procdff$25225' with positive edge clock.
Creating register for signal `\conv_unit_serial.\s' using process `\conv_unit_serial.$proc$rtl/conv_unit_serial.v:8$657'.
  created $dff cell `$procdff$25226' with positive edge clock.
Creating register for signal `\conv_unit_serial.\ra' using process `\conv_unit_serial.$proc$rtl/conv_unit_serial.v:8$657'.
  created $dff cell `$procdff$25227' with positive edge clock.
Creating register for signal `\conv_unit_serial.\rb' using process `\conv_unit_serial.$proc$rtl/conv_unit_serial.v:8$657'.
  created $dff cell `$procdff$25228' with positive edge clock.
Creating register for signal `\conv_unit_serial.\d' using process `\conv_unit_serial.$proc$rtl/conv_unit_serial.v:8$657'.
  created $dff cell `$procdff$25229' with positive edge clock.
Creating register for signal `\conv_unit_serial.\satq$func$rtl/conv_unit_serial.v:8$641.$result' using process `\conv_unit_serial.$proc$rtl/conv_unit_serial.v:8$657'.
  created $dff cell `$procdff$25230' with positive edge clock.
Creating register for signal `\conv_unit_serial.\satq$func$rtl/conv_unit_serial.v:8$641.z' using process `\conv_unit_serial.$proc$rtl/conv_unit_serial.v:8$657'.
  created $dff cell `$procdff$25231' with positive edge clock.
Creating register for signal `\conv_unit_serial.\satq$func$rtl/conv_unit_serial.v:8$642.$result' using process `\conv_unit_serial.$proc$rtl/conv_unit_serial.v:8$657'.
  created $dff cell `$procdff$25232' with positive edge clock.
Creating register for signal `\conv_unit_serial.\satq$func$rtl/conv_unit_serial.v:8$642.z' using process `\conv_unit_serial.$proc$rtl/conv_unit_serial.v:8$657'.
  created $dff cell `$procdff$25233' with positive edge clock.
Creating register for signal `\mac_array_16x16.\result_valid' using process `\mac_array_16x16.$proc$rtl/mac_array_16x16.v:22$562'.
  created $dff cell `$procdff$25234' with positive edge clock.
Creating register for signal `\mac_array_16x16.\result' using process `\mac_array_16x16.$proc$rtl/mac_array_16x16.v:22$562'.
  created $dff cell `$procdff$25235' with positive edge clock.
Creating register for signal `\mac_array_16x16.\valid_q' using process `\mac_array_16x16.$proc$rtl/mac_array_16x16.v:22$562'.
  created $dff cell `$procdff$25236' with positive edge clock.
Creating register for signal `\mac_array_16x16.\clear_q' using process `\mac_array_16x16.$proc$rtl/mac_array_16x16.v:22$562'.
  created $dff cell `$procdff$25237' with positive edge clock.
Creating register for signal `\mac_array_16x16.\last_q' using process `\mac_array_16x16.$proc$rtl/mac_array_16x16.v:22$562'.
  created $dff cell `$procdff$25238' with positive edge clock.
Creating register for signal `\mac_array_16x16.\total' using process `\mac_array_16x16.$proc$rtl/mac_array_16x16.v:22$562'.
  created $dff cell `$procdff$25239' with positive edge clock.
Creating register for signal `\mac_array_16x16.\j' using process `\mac_array_16x16.$proc$rtl/mac_array_16x16.v:22$562'.
  created $dff cell `$procdff$25240' with positive edge clock.
Creating register for signal `\mac_array_16x16.\sat24$func$rtl/mac_array_16x16.v:28$560.$result' using process `\mac_array_16x16.$proc$rtl/mac_array_16x16.v:22$562'.
  created $dff cell `$procdff$25241' with positive edge clock.
Creating register for signal `\mac_array_16x16.\sat24$func$rtl/mac_array_16x16.v:28$560.x' using process `\mac_array_16x16.$proc$rtl/mac_array_16x16.v:22$562'.
  created $dff cell `$procdff$25242' with positive edge clock.
Creating register for signal `\mac_array_16x16.\s2q[0]' using process `\mac_array_16x16.$proc$rtl/mac_array_16x16.v:22$562'.
  created $dff cell `$procdff$25243' with positive edge clock.
Creating register for signal `\mac_array_16x16.\s2q[1]' using process `\mac_array_16x16.$proc$rtl/mac_array_16x16.v:22$562'.
  created $dff cell `$procdff$25244' with positive edge clock.
Creating register for signal `\mac_array_16x16.\s2q[2]' using process `\mac_array_16x16.$proc$rtl/mac_array_16x16.v:22$562'.
  created $dff cell `$procdff$25245' with positive edge clock.
Creating register for signal `\mac_array_16x16.\s2q[3]' using process `\mac_array_16x16.$proc$rtl/mac_array_16x16.v:22$562'.
  created $dff cell `$procdff$25246' with positive edge clock.
Creating register for signal `\mac_array_16x16.\s2q[4]' using process `\mac_array_16x16.$proc$rtl/mac_array_16x16.v:22$562'.
  created $dff cell `$procdff$25247' with positive edge clock.
Creating register for signal `\mac_array_16x16.\s2q[5]' using process `\mac_array_16x16.$proc$rtl/mac_array_16x16.v:22$562'.
  created $dff cell `$procdff$25248' with positive edge clock.
Creating register for signal `\mac_array_16x16.\s2q[6]' using process `\mac_array_16x16.$proc$rtl/mac_array_16x16.v:22$562'.
  created $dff cell `$procdff$25249' with positive edge clock.
Creating register for signal `\mac_array_16x16.\s2q[7]' using process `\mac_array_16x16.$proc$rtl/mac_array_16x16.v:22$562'.
  created $dff cell `$procdff$25250' with positive edge clock.
Creating register for signal `\intermediate_sram.\macro_we' using process `\intermediate_sram.$proc$rtl/intermediate_sram.v:10$460'.
  created $dff cell `$procdff$25251' with positive edge clock.
Creating register for signal `\intermediate_sram.\macro_wa' using process `\intermediate_sram.$proc$rtl/intermediate_sram.v:10$460'.
  created $dff cell `$procdff$25252' with positive edge clock.
Creating register for signal `\intermediate_sram.\i' using process `\intermediate_sram.$proc$rtl/intermediate_sram.v:10$460'.
  created $dff cell `$procdff$25253' with positive edge clock.
Creating register for signal `\intermediate_sram.\pack[0]' using process `\intermediate_sram.$proc$rtl/intermediate_sram.v:10$460'.
  created $dff cell `$procdff$25254' with positive edge clock.
Creating register for signal `\intermediate_sram.\pack[1]' using process `\intermediate_sram.$proc$rtl/intermediate_sram.v:10$460'.
  created $dff cell `$procdff$25255' with positive edge clock.
Creating register for signal `\intermediate_sram.\pack[2]' using process `\intermediate_sram.$proc$rtl/intermediate_sram.v:10$460'.
  created $dff cell `$procdff$25256' with positive edge clock.
Creating register for signal `\intermediate_sram.\pack[3]' using process `\intermediate_sram.$proc$rtl/intermediate_sram.v:10$460'.
  created $dff cell `$procdff$25257' with positive edge clock.
Creating register for signal `\intermediate_sram.\macro_wd[0]' using process `\intermediate_sram.$proc$rtl/intermediate_sram.v:10$460'.
  created $dff cell `$procdff$25258' with positive edge clock.
Creating register for signal `\intermediate_sram.\macro_wd[1]' using process `\intermediate_sram.$proc$rtl/intermediate_sram.v:10$460'.
  created $dff cell `$procdff$25259' with positive edge clock.
Creating register for signal `\intermediate_sram.\macro_wd[2]' using process `\intermediate_sram.$proc$rtl/intermediate_sram.v:10$460'.
  created $dff cell `$procdff$25260' with positive edge clock.
Creating register for signal `\intermediate_sram.\macro_wd[3]' using process `\intermediate_sram.$proc$rtl/intermediate_sram.v:10$460'.
  created $dff cell `$procdff$25261' with positive edge clock.
Creating register for signal `\intermediate_sram.$bitselwrite$mask$rtl/intermediate_sram.v:13$444' using process `\intermediate_sram.$proc$rtl/intermediate_sram.v:10$460'.
  created $dff cell `$procdff$25262' with positive edge clock.
Creating register for signal `\intermediate_sram.$bitselwrite$data$rtl/intermediate_sram.v:13$445' using process `\intermediate_sram.$proc$rtl/intermediate_sram.v:10$460'.
  created $dff cell `$procdff$25263' with positive edge clock.
Creating register for signal `\intermediate_sram.$bitselwrite$sel$rtl/intermediate_sram.v:13$446' using process `\intermediate_sram.$proc$rtl/intermediate_sram.v:10$460'.
  created $dff cell `$procdff$25264' with positive edge clock.
Creating register for signal `\intermediate_sram.$bitselwrite$mask$rtl/intermediate_sram.v:13$447' using process `\intermediate_sram.$proc$rtl/intermediate_sram.v:10$460'.
  created $dff cell `$procdff$25265' with positive edge clock.
Creating register for signal `\intermediate_sram.$bitselwrite$data$rtl/intermediate_sram.v:13$448' using process `\intermediate_sram.$proc$rtl/intermediate_sram.v:10$460'.
  created $dff cell `$procdff$25266' with positive edge clock.
Creating register for signal `\intermediate_sram.$bitselwrite$sel$rtl/intermediate_sram.v:13$449' using process `\intermediate_sram.$proc$rtl/intermediate_sram.v:10$460'.
  created $dff cell `$procdff$25267' with positive edge clock.
Creating register for signal `\intermediate_sram.$bitselwrite$mask$rtl/intermediate_sram.v:13$450' using process `\intermediate_sram.$proc$rtl/intermediate_sram.v:10$460'.
  created $dff cell `$procdff$25268' with positive edge clock.
Creating register for signal `\intermediate_sram.$bitselwrite$data$rtl/intermediate_sram.v:13$451' using process `\intermediate_sram.$proc$rtl/intermediate_sram.v:10$460'.
  created $dff cell `$procdff$25269' with positive edge clock.
Creating register for signal `\intermediate_sram.$bitselwrite$sel$rtl/intermediate_sram.v:13$452' using process `\intermediate_sram.$proc$rtl/intermediate_sram.v:10$460'.
  created $dff cell `$procdff$25270' with positive edge clock.
Creating register for signal `\intermediate_sram.$bitselwrite$mask$rtl/intermediate_sram.v:13$453' using process `\intermediate_sram.$proc$rtl/intermediate_sram.v:10$460'.
  created $dff cell `$procdff$25271' with positive edge clock.
Creating register for signal `\intermediate_sram.$bitselwrite$data$rtl/intermediate_sram.v:13$454' using process `\intermediate_sram.$proc$rtl/intermediate_sram.v:10$460'.
  created $dff cell `$procdff$25272' with positive edge clock.
Creating register for signal `\intermediate_sram.$bitselwrite$sel$rtl/intermediate_sram.v:13$455' using process `\intermediate_sram.$proc$rtl/intermediate_sram.v:10$460'.
  created $dff cell `$procdff$25273' with positive edge clock.
Creating register for signal `\intermediate_sram.$lookahead\pack[0]$456' using process `\intermediate_sram.$proc$rtl/intermediate_sram.v:10$460'.
  created $dff cell `$procdff$25274' with positive edge clock.
Creating register for signal `\intermediate_sram.$lookahead\pack[1]$457' using process `\intermediate_sram.$proc$rtl/intermediate_sram.v:10$460'.
  created $dff cell `$procdff$25275' with positive edge clock.
Creating register for signal `\intermediate_sram.$lookahead\pack[2]$458' using process `\intermediate_sram.$proc$rtl/intermediate_sram.v:10$460'.
  created $dff cell `$procdff$25276' with positive edge clock.
Creating register for signal `\intermediate_sram.$lookahead\pack[3]$459' using process `\intermediate_sram.$proc$rtl/intermediate_sram.v:10$460'.
  created $dff cell `$procdff$25277' with positive edge clock.
Creating register for signal `\activation_sram.\rd_sel_a' using process `\activation_sram.$proc$rtl/activation_sram.v:15$351'.
  created $dff cell `$procdff$25278' with positive edge clock.
Creating register for signal `\activation_sram.\rd_sel_b' using process `\activation_sram.$proc$rtl/activation_sram.v:15$351'.
  created $dff cell `$procdff$25279' with positive edge clock.
Creating register for signal `\state_sram.\rd_bank_q' using process `\state_sram.$proc$rtl/state_sram.v:14$193'.
  created $dff cell `$procdff$25280' with positive edge clock.
Creating register for signal `\weight_sram.\rd_data' using process `\weight_sram.$proc$rtl/weight_sram.v:24$50'.
  created $dff cell `$procdff$25281' with positive edge clock.
Creating register for signal `\weight_sram.\rd_matrix_q' using process `\weight_sram.$proc$rtl/weight_sram.v:24$50'.
  created $dff cell `$procdff$25282' with positive edge clock.
Creating register for signal `\weight_sram.\rd_matrix_hi_q' using process `\weight_sram.$proc$rtl/weight_sram.v:24$50'.
  created $dff cell `$procdff$25283' with positive edge clock.
Creating register for signal `\weight_sram.\rd_lo_q' using process `\weight_sram.$proc$rtl/weight_sram.v:24$50'.
  created $dff cell `$procdff$25284' with positive edge clock.
Creating register for signal `\weight_sram.\rd_hi_q' using process `\weight_sram.$proc$rtl/weight_sram.v:24$50'.
  created $dff cell `$procdff$25285' with positive edge clock.

15.10. Executing PROC_MEMWR pass (convert process memory writes to cells).

15.11. Executing PROC_CLEAN pass (remove empty switches from decision trees).
Found and cleaned up 25 empty switches in `\x7_top.$proc$rtl/x7_top.v:118$3633'.
Removing empty process `x7_top.$proc$rtl/x7_top.v:118$3633'.
Found and cleaned up 13 empty switches in `\x7_top.$proc$rtl/x7_top.v:89$3613'.
Removing empty process `x7_top.$proc$rtl/x7_top.v:89$3613'.
Found and cleaned up 2 empty switches in `\x7_controller.$proc$rtl/x7_controller.v:6$3571'.
Removing empty process `x7_controller.$proc$rtl/x7_controller.v:6$3571'.
Found and cleaned up 94 empty switches in `\streaming_norm.$proc$rtl/streaming_norm.v:42$3027'.
Removing empty process `streaming_norm.$proc$rtl/streaming_norm.v:42$3027'.
Found and cleaned up 1 empty switch in `\streaming_norm.$proc$rtl/streaming_norm.v:31$3026'.
Removing empty process `streaming_norm.$proc$rtl/streaming_norm.v:31$3026'.
Found and cleaned up 225 empty switches in `\state_stream_controller.$proc$rtl/state_stream_controller.v:86$1128'.
Removing empty process `state_stream_controller.$proc$rtl/state_stream_controller.v:86$1128'.
Found and cleaned up 10 empty switches in `\state_stream_controller.$proc$rtl/state_stream_controller.v:61$1099'.
Removing empty process `state_stream_controller.$proc$rtl/state_stream_controller.v:61$1099'.
Found and cleaned up 1 empty switch in `\state_stream_controller.$proc$rtl/state_stream_controller.v:43$1097'.
Removing empty process `state_stream_controller.$proc$rtl/state_stream_controller.v:43$1097'.
Found and cleaned up 46 empty switches in `\state_word_engine.$proc$rtl/state_word_engine.v:33$709'.
Removing empty process `state_word_engine.$proc$rtl/state_word_engine.v:33$709'.
Found and cleaned up 11 empty switches in `\conv_unit_serial.$proc$rtl/conv_unit_serial.v:8$657'.
Removing empty process `conv_unit_serial.$proc$rtl/conv_unit_serial.v:8$657'.
Removing empty process `mac_array_16x16.$proc$rtl/mac_array_16x16.v:0$578'.
Found and cleaned up 7 empty switches in `\mac_array_16x16.$proc$rtl/mac_array_16x16.v:22$562'.
Removing empty process `mac_array_16x16.$proc$rtl/mac_array_16x16.v:22$562'.
Found and cleaned up 2 empty switches in `\requant.$proc$rtl/requant.v:4$554'.
Removing empty process `requant.$proc$rtl/requant.v:4$554'.
Removing empty process `intermediate_sram.$proc$rtl/intermediate_sram.v:0$553'.
Found and cleaned up 8 empty switches in `\intermediate_sram.$proc$rtl/intermediate_sram.v:10$460'.
Removing empty process `intermediate_sram.$proc$rtl/intermediate_sram.v:10$460'.
Removing empty process `activation_sram.$proc$rtl/activation_sram.v:0$422'.
Found and cleaned up 1 empty switch in `\activation_sram.$proc$rtl/activation_sram.v:0$417'.
Removing empty process `activation_sram.$proc$rtl/activation_sram.v:0$417'.
Found and cleaned up 1 empty switch in `\activation_sram.$proc$rtl/activation_sram.v:0$413'.
Removing empty process `activation_sram.$proc$rtl/activation_sram.v:0$413'.
Found and cleaned up 1 empty switch in `\activation_sram.$proc$rtl/activation_sram.v:0$408'.
Removing empty process `activation_sram.$proc$rtl/activation_sram.v:0$408'.
Found and cleaned up 1 empty switch in `\activation_sram.$proc$rtl/activation_sram.v:0$404'.
Removing empty process `activation_sram.$proc$rtl/activation_sram.v:0$404'.
Found and cleaned up 2 empty switches in `\activation_sram.$proc$rtl/activation_sram.v:15$351'.
Removing empty process `activation_sram.$proc$rtl/activation_sram.v:15$351'.
Removing empty process `state_sram.$proc$rtl/state_sram.v:0$326'.
Found and cleaned up 1 empty switch in `\state_sram.$proc$rtl/state_sram.v:0$321'.
Removing empty process `state_sram.$proc$rtl/state_sram.v:0$321'.
Found and cleaned up 1 empty switch in `\state_sram.$proc$rtl/state_sram.v:0$316'.
Removing empty process `state_sram.$proc$rtl/state_sram.v:0$316'.
Found and cleaned up 1 empty switch in `\state_sram.$proc$rtl/state_sram.v:0$311'.
Removing empty process `state_sram.$proc$rtl/state_sram.v:0$311'.
Found and cleaned up 1 empty switch in `\state_sram.$proc$rtl/state_sram.v:0$306'.
Removing empty process `state_sram.$proc$rtl/state_sram.v:0$306'.
Found and cleaned up 1 empty switch in `\state_sram.$proc$rtl/state_sram.v:14$193'.
Removing empty process `state_sram.$proc$rtl/state_sram.v:14$193'.
Removing empty process `weight_sram.$proc$rtl/weight_sram.v:0$180'.
Found and cleaned up 2 empty switches in `\weight_sram.$proc$rtl/weight_sram.v:24$50'.
Removing empty process `weight_sram.$proc$rtl/weight_sram.v:24$50'.
Cleaned up 458 empty switches.

15.12. Executing OPT_EXPR pass (perform const folding).
Optimizing module x7_top.
<suppressed ~7 debug messages>
Optimizing module x7_controller.
<suppressed ~2 debug messages>
Optimizing module streaming_norm.
<suppressed ~27 debug messages>
Optimizing module state_stream_controller.
<suppressed ~694 debug messages>
Optimizing module state_word_engine.
<suppressed ~24 debug messages>
Optimizing module conv_unit_serial.
<suppressed ~28 debug messages>
Optimizing module mac_array_16x16.
<suppressed ~23 debug messages>
Optimizing module requant.
<suppressed ~1 debug messages>
Optimizing module intermediate_sram.
<suppressed ~4 debug messages>
Optimizing module activation_sram.
<suppressed ~12 debug messages>
Optimizing module state_sram.
<suppressed ~30 debug messages>
Optimizing module weight_sram.
<suppressed ~12 debug messages>

16. Executing MEMORY_COLLECT pass (generating $mem cells).

17. Executing OPT pass (performing simple optimizations).

17.1. Executing OPT_EXPR pass (perform const folding).
Optimizing module x7_top.
<suppressed ~132 debug messages>
Optimizing module x7_controller.
Optimizing module streaming_norm.
<suppressed ~272 debug messages>
Optimizing module state_stream_controller.
<suppressed ~918 debug messages>
Optimizing module state_word_engine.
<suppressed ~88 debug messages>
Optimizing module conv_unit_serial.
<suppressed ~24 debug messages>
Optimizing module mac_array_16x16.
<suppressed ~15 debug messages>
Optimizing module requant.
<suppressed ~1 debug messages>
Optimizing module intermediate_sram.
<suppressed ~40 debug messages>
Optimizing module activation_sram.
<suppressed ~28 debug messages>
Optimizing module state_sram.
<suppressed ~54 debug messages>
Optimizing module weight_sram.

17.2. Executing OPT_MERGE pass (detect identical cells).
Finding identical cells in module `\x7_top'.
<suppressed ~513 debug messages>
Finding identical cells in module `\x7_controller'.
Finding identical cells in module `\streaming_norm'.
<suppressed ~1215 debug messages>
Finding identical cells in module `\state_stream_controller'.
<suppressed ~5286 debug messages>
Finding identical cells in module `\state_word_engine'.
<suppressed ~87 debug messages>
Finding identical cells in module `\conv_unit_serial'.
<suppressed ~6 debug messages>
Finding identical cells in module `\mac_array_16x16'.
Finding identical cells in module `\requant'.
Finding identical cells in module `\intermediate_sram'.
<suppressed ~99 debug messages>
Finding identical cells in module `\activation_sram'.
<suppressed ~54 debug messages>
Finding identical cells in module `\state_sram'.
<suppressed ~117 debug messages>
Finding identical cells in module `\weight_sram'.
<suppressed ~180 debug messages>
Removed a total of 2519 cells.

17.3. Executing OPT_MUXTREE pass (detect dead branches in mux trees).
Running muxtree optimizer on module \x7_top..
  Creating internal representation of mux trees.
  Evaluating internal representation of mux trees.
      Replacing known input bits on port B of cell $procmux$3830: \out_issue -> { 1'1 \out_issue [2:0] }
  Analyzing evaluation results.
    dead port 1/2 on $mux $procmux$3818.
    dead port 2/2 on $mux $procmux$3818.
    dead port 1/2 on $mux $procmux$3811.
    dead port 2/2 on $mux $procmux$3811.
    dead port 1/2 on $mux $procmux$3804.
    dead port 2/2 on $mux $procmux$3804.
    dead port 1/2 on $mux $procmux$3788.
    dead port 2/2 on $mux $procmux$3788.
    dead port 1/2 on $mux $procmux$3777.
    dead port 2/2 on $mux $procmux$3777.
    dead port 1/2 on $mux $procmux$3766.
    dead port 2/2 on $mux $procmux$3766.
    dead port 1/2 on $mux $procmux$3742.
    dead port 2/2 on $mux $procmux$3742.
    dead port 1/2 on $mux $procmux$3728.
    dead port 2/2 on $mux $procmux$3728.
    dead port 1/2 on $mux $procmux$3714.
    dead port 2/2 on $mux $procmux$3714.
Running muxtree optimizer on module \x7_controller..
  Creating internal representation of mux trees.
  Evaluating internal representation of mux trees.
  Analyzing evaluation results.
Running muxtree optimizer on module \streaming_norm..
  Creating internal representation of mux trees.
  Evaluating internal representation of mux trees.
      Replacing known input bits on port B of cell $procmux$7071: \nr -> { \nr [2:1] 1'1 }
  Analyzing evaluation results.
    dead port 1/2 on $mux $procmux$5763.
    dead port 2/2 on $mux $procmux$5763.
    dead port 1/2 on $mux $procmux$6277.
    dead port 2/2 on $mux $procmux$6277.
    dead port 1/2 on $mux $procmux$5755.
    dead port 2/2 on $mux $procmux$5755.
    dead port 1/2 on $mux $procmux$6272.
    dead port 2/2 on $mux $procmux$6272.
    dead port 1/2 on $mux $procmux$5739.
    dead port 2/2 on $mux $procmux$5739.
    dead port 1/2 on $mux $procmux$6267.
    dead port 2/2 on $mux $procmux$6267.
    dead port 1/2 on $mux $procmux$6925.
    dead port 2/2 on $mux $procmux$6925.
    dead port 1/2 on $mux $procmux$5731.
    dead port 2/2 on $mux $procmux$5731.
    dead port 1/2 on $mux $procmux$6262.
    dead port 2/2 on $mux $procmux$6262.
    dead port 1/2 on $mux $procmux$5715.
    dead port 2/2 on $mux $procmux$5715.
    dead port 1/2 on $mux $procmux$6257.
    dead port 2/2 on $mux $procmux$6257.
    dead port 1/2 on $mux $procmux$5707.
    dead port 2/2 on $mux $procmux$5707.
    dead port 1/2 on $mux $procmux$6252.
    dead port 2/2 on $mux $procmux$6252.
    dead port 1/2 on $mux $procmux$6247.
    dead port 2/2 on $mux $procmux$6247.
    dead port 1/2 on $mux $procmux$5691.
    dead port 2/2 on $mux $procmux$5691.
    dead port 1/2 on $mux $procmux$6242.
    dead port 2/2 on $mux $procmux$6242.
    dead port 1/2 on $mux $procmux$5683.
    dead port 2/2 on $mux $procmux$5683.
    dead port 1/2 on $mux $procmux$6237.
    dead port 2/2 on $mux $procmux$6237.
    dead port 1/2 on $mux $procmux$5667.
    dead port 2/2 on $mux $procmux$5667.
    dead port 1/2 on $mux $procmux$6232.
    dead port 2/2 on $mux $procmux$6232.
    dead port 1/2 on $mux $procmux$5659.
    dead port 2/2 on $mux $procmux$5659.
    dead port 1/2 on $mux $procmux$6227.
    dead port 2/2 on $mux $procmux$6227.
    dead port 1/2 on $mux $procmux$5643.
    dead port 2/2 on $mux $procmux$5643.
    dead port 1/2 on $mux $procmux$6222.
    dead port 2/2 on $mux $procmux$6222.
    dead port 1/2 on $mux $procmux$5635.
    dead port 2/2 on $mux $procmux$5635.
    dead port 1/2 on $mux $procmux$6217.
    dead port 2/2 on $mux $procmux$6217.
    dead port 1/2 on $mux $procmux$5619.
    dead port 2/2 on $mux $procmux$5619.
    dead port 1/2 on $mux $procmux$6212.
    dead port 2/2 on $mux $procmux$6212.
    dead port 1/2 on $mux $procmux$5611.
    dead port 2/2 on $mux $procmux$5611.
    dead port 1/2 on $mux $procmux$6207.
    dead port 2/2 on $mux $procmux$6207.
    dead port 1/2 on $mux $procmux$5595.
    dead port 2/2 on $mux $procmux$5595.
    dead port 1/2 on $mux $procmux$5587.
    dead port 2/2 on $mux $procmux$5587.
    dead port 1/2 on $mux $procmux$6202.
    dead port 2/2 on $mux $procmux$6202.
    dead port 1/2 on $mux $procmux$5571.
    dead port 2/2 on $mux $procmux$5571.
    dead port 1/2 on $mux $procmux$6197.
    dead port 2/2 on $mux $procmux$6197.
    dead port 1/2 on $mux $procmux$5563.
    dead port 2/2 on $mux $procmux$5563.
    dead port 1/2 on $mux $procmux$6192.
    dead port 2/2 on $mux $procmux$6192.
    dead port 1/2 on $mux $procmux$6187.
    dead port 2/2 on $mux $procmux$6187.
    dead port 1/2 on $mux $procmux$5523.
    dead port 2/2 on $mux $procmux$5523.
    dead port 1/2 on $mux $procmux$6182.
    dead port 2/2 on $mux $procmux$6182.
    dead port 1/2 on $mux $procmux$5515.
    dead port 2/2 on $mux $procmux$5515.
    dead port 1/2 on $mux $procmux$6177.
    dead port 2/2 on $mux $procmux$6177.
    dead port 1/2 on $mux $procmux$6172.
    dead port 2/2 on $mux $procmux$6172.
    dead port 1/2 on $mux $procmux$6167.
    dead port 2/2 on $mux $procmux$6167.
    dead port 1/2 on $mux $procmux$6162.
    dead port 2/2 on $mux $procmux$6162.
    dead port 1/2 on $mux $procmux$6157.
    dead port 2/2 on $mux $procmux$6157.
    dead port 1/2 on $mux $procmux$6153.
    dead port 2/2 on $mux $procmux$6153.
    dead port 1/2 on $mux $procmux$6149.
    dead port 2/2 on $mux $procmux$6149.
    dead port 1/2 on $mux $procmux$6145.
    dead port 2/2 on $mux $procmux$6145.
    dead port 1/2 on $mux $procmux$6141.
    dead port 2/2 on $mux $procmux$6141.
    dead port 1/2 on $mux $procmux$6137.
    dead port 2/2 on $mux $procmux$6137.
    dead port 1/2 on $mux $procmux$6133.
    dead port 2/2 on $mux $procmux$6133.
    dead port 1/2 on $mux $procmux$6129.
    dead port 2/2 on $mux $procmux$6129.
    dead port 1/2 on $mux $procmux$6125.
    dead port 2/2 on $mux $procmux$6125.
    dead port 1/2 on $mux $procmux$6121.
    dead port 2/2 on $mux $procmux$6121.
    dead port 1/2 on $mux $procmux$6117.
    dead port 2/2 on $mux $procmux$6117.
    dead port 1/2 on $mux $procmux$6113.
    dead port 2/2 on $mux $procmux$6113.
    dead port 1/2 on $mux $procmux$6109.
    dead port 2/2 on $mux $procmux$6109.
    dead port 1/2 on $mux $procmux$6105.
    dead port 2/2 on $mux $procmux$6105.
    dead port 1/2 on $mux $procmux$6101.
    dead port 2/2 on $mux $procmux$6101.
    dead port 1/2 on $mux $procmux$6097.
    dead port 2/2 on $mux $procmux$6097.
    dead port 1/2 on $mux $procmux$6093.
    dead port 2/2 on $mux $procmux$6093.
    dead port 1/2 on $mux $procmux$6089.
    dead port 2/2 on $mux $procmux$6089.
    dead port 1/2 on $mux $procmux$6085.
    dead port 2/2 on $mux $procmux$6085.
    dead port 1/2 on $mux $procmux$6081.
    dead port 2/2 on $mux $procmux$6081.
    dead port 1/2 on $mux $procmux$6077.
    dead port 2/2 on $mux $procmux$6077.
    dead port 1/2 on $mux $procmux$6073.
    dead port 2/2 on $mux $procmux$6073.
    dead port 1/2 on $mux $procmux$6069.
    dead port 2/2 on $mux $procmux$6069.
    dead port 1/2 on $mux $procmux$6065.
    dead port 2/2 on $mux $procmux$6065.
    dead port 1/2 on $mux $procmux$6061.
    dead port 2/2 on $mux $procmux$6061.
    dead port 1/2 on $mux $procmux$6057.
    dead port 2/2 on $mux $procmux$6057.
    dead port 1/2 on $mux $procmux$6053.
    dead port 2/2 on $mux $procmux$6053.
    dead port 1/2 on $mux $procmux$6049.
    dead port 2/2 on $mux $procmux$6049.
    dead port 1/2 on $mux $procmux$6045.
    dead port 2/2 on $mux $procmux$6045.
    dead port 1/2 on $mux $procmux$6041.
    dead port 2/2 on $mux $procmux$6041.
    dead port 1/2 on $mux $procmux$6037.
    dead port 2/2 on $mux $procmux$6037.
    dead port 1/2 on $mux $procmux$6033.
    dead port 2/2 on $mux $procmux$6033.
    dead port 1/2 on $mux $procmux$6029.
    dead port 2/2 on $mux $procmux$6029.
    dead port 1/2 on $mux $procmux$6025.
    dead port 2/2 on $mux $procmux$6025.
    dead port 1/2 on $mux $procmux$6021.
    dead port 2/2 on $mux $procmux$6021.
    dead port 1/2 on $mux $procmux$6017.
    dead port 2/2 on $mux $procmux$6017.
    dead port 1/2 on $mux $procmux$6013.
    dead port 2/2 on $mux $procmux$6013.
    dead port 1/2 on $mux $procmux$6009.
    dead port 2/2 on $mux $procmux$6009.
    dead port 1/2 on $mux $procmux$6005.
    dead port 2/2 on $mux $procmux$6005.
    dead port 1/2 on $mux $procmux$6001.
    dead port 2/2 on $mux $procmux$6001.
    dead port 1/2 on $mux $procmux$5997.
    dead port 2/2 on $mux $procmux$5997.
    dead port 1/2 on $mux $procmux$5993.
    dead port 2/2 on $mux $procmux$5993.
    dead port 1/2 on $mux $procmux$5989.
    dead port 2/2 on $mux $procmux$5989.
    dead port 1/2 on $mux $procmux$5985.
    dead port 2/2 on $mux $procmux$5985.
    dead port 1/2 on $mux $procmux$5981.
    dead port 2/2 on $mux $procmux$5981.
    dead port 1/2 on $mux $procmux$5977.
    dead port 2/2 on $mux $procmux$5977.
    dead port 1/2 on $mux $procmux$5973.
    dead port 2/2 on $mux $procmux$5973.
    dead port 1/2 on $mux $procmux$5969.
    dead port 2/2 on $mux $procmux$5969.
    dead port 1/2 on $mux $procmux$5965.
    dead port 2/2 on $mux $procmux$5965.
    dead port 1/2 on $mux $procmux$5961.
    dead port 2/2 on $mux $procmux$5961.
    dead port 1/2 on $mux $procmux$5957.
    dead port 2/2 on $mux $procmux$5957.
    dead port 1/2 on $mux $procmux$5953.
    dead port 2/2 on $mux $procmux$5953.
    dead port 1/2 on $mux $procmux$5949.
    dead port 2/2 on $mux $procmux$5949.
    dead port 1/2 on $mux $procmux$5945.
    dead port 2/2 on $mux $procmux$5945.
    dead port 1/2 on $mux $procmux$5941.
    dead port 2/2 on $mux $procmux$5941.
    dead port 1/2 on $mux $procmux$5937.
    dead port 2/2 on $mux $procmux$5937.
    dead port 1/2 on $mux $procmux$5933.
    dead port 2/2 on $mux $procmux$5933.
    dead port 1/2 on $mux $procmux$5929.
    dead port 2/2 on $mux $procmux$5929.
    dead port 1/2 on $mux $procmux$5925.
    dead port 2/2 on $mux $procmux$5925.
    dead port 1/2 on $mux $procmux$5921.
    dead port 2/2 on $mux $procmux$5921.
    dead port 1/2 on $mux $procmux$5917.
    dead port 2/2 on $mux $procmux$5917.
    dead port 1/2 on $mux $procmux$5913.
    dead port 2/2 on $mux $procmux$5913.
    dead port 1/2 on $mux $procmux$5909.
    dead port 2/2 on $mux $procmux$5909.
    dead port 1/2 on $mux $procmux$5905.
    dead port 2/2 on $mux $procmux$5905.
    dead port 1/2 on $mux $procmux$5899.
    dead port 2/2 on $mux $procmux$5899.
    dead port 1/2 on $mux $procmux$5883.
    dead port 2/2 on $mux $procmux$5883.
    dead port 1/2 on $mux $procmux$5875.
    dead port 2/2 on $mux $procmux$5875.
    dead port 1/2 on $mux $procmux$5859.
    dead port 2/2 on $mux $procmux$5859.
    dead port 1/2 on $mux $procmux$6317.
    dead port 2/2 on $mux $procmux$6317.
    dead port 1/2 on $mux $procmux$5851.
    dead port 2/2 on $mux $procmux$5851.
    dead port 1/2 on $mux $procmux$6312.
    dead port 2/2 on $mux $procmux$6312.
    dead port 1/2 on $mux $procmux$5835.
    dead port 2/2 on $mux $procmux$5835.
    dead port 1/2 on $mux $procmux$6307.
    dead port 2/2 on $mux $procmux$6307.
    dead port 1/2 on $mux $procmux$5827.
    dead port 2/2 on $mux $procmux$5827.
    dead port 1/2 on $mux $procmux$6302.
    dead port 2/2 on $mux $procmux$6302.
    dead port 1/2 on $mux $procmux$5811.
    dead port 2/2 on $mux $procmux$5811.
    dead port 1/2 on $mux $procmux$5803.
    dead port 2/2 on $mux $procmux$5803.
    dead port 1/2 on $mux $procmux$6297.
    dead port 2/2 on $mux $procmux$6297.
    dead port 1/2 on $mux $procmux$6292.
    dead port 2/2 on $mux $procmux$6292.
    dead port 1/2 on $mux $procmux$5787.
    dead port 2/2 on $mux $procmux$5787.
    dead port 1/2 on $mux $procmux$6287.
    dead port 2/2 on $mux $procmux$6287.
    dead port 1/2 on $mux $procmux$5779.
    dead port 2/2 on $mux $procmux$5779.
    dead port 1/2 on $mux $procmux$6282.
    dead port 2/2 on $mux $procmux$6282.
Running muxtree optimizer on module \state_stream_controller..
  Creating internal representation of mux trees.
  Evaluating internal representation of mux trees.
      Replacing known input bits on port B of cell $procmux$21920: \read_issued -> 1'1
      Replacing known input bits on port B of cell $procmux$21979: \diff_half -> 1'1
      Replacing known input bits on port B of cell $procmux$21988: \diff_half -> 1'1
  Analyzing evaluation results.
    dead port 1/2 on $mux $procmux$11804.
    dead port 2/2 on $mux $procmux$11804.
    dead port 1/2 on $mux $procmux$16921.
    dead port 2/2 on $mux $procmux$16921.
    dead port 1/2 on $mux $procmux$11785.
    dead port 2/2 on $mux $procmux$11785.
    dead port 1/2 on $mux $procmux$16917.
    dead port 2/2 on $mux $procmux$16917.
    dead port 1/2 on $mux $procmux$11766.
    dead port 2/2 on $mux $procmux$11766.
    dead port 1/2 on $mux $procmux$19730.
    dead port 2/2 on $mux $procmux$19730.
    dead port 1/2 on $mux $procmux$16913.
    dead port 2/2 on $mux $procmux$16913.
    dead port 1/2 on $mux $procmux$11747.
    dead port 2/2 on $mux $procmux$11747.
    dead port 1/2 on $mux $procmux$11728.
    dead port 2/2 on $mux $procmux$11728.
    dead port 1/2 on $mux $procmux$16909.
    dead port 2/2 on $mux $procmux$16909.
    dead port 1/2 on $mux $procmux$11709.
    dead port 2/2 on $mux $procmux$11709.
    dead port 1/2 on $mux $procmux$19713.
    dead port 2/2 on $mux $procmux$19713.
    dead port 1/2 on $mux $procmux$11690.
    dead port 2/2 on $mux $procmux$11690.
    dead port 1/2 on $mux $procmux$16905.
    dead port 2/2 on $mux $procmux$16905.
    dead port 1/2 on $mux $procmux$11671.
    dead port 2/2 on $mux $procmux$11671.
    dead port 1/2 on $mux $procmux$16901.
    dead port 2/2 on $mux $procmux$16901.
    dead port 1/2 on $mux $procmux$11652.
    dead port 2/2 on $mux $procmux$11652.
    dead port 1/2 on $mux $procmux$19696.
    dead port 2/2 on $mux $procmux$19696.
    dead port 1/2 on $mux $procmux$11633.
    dead port 2/2 on $mux $procmux$11633.
    dead port 1/2 on $mux $procmux$16897.
    dead port 2/2 on $mux $procmux$16897.
    dead port 1/2 on $mux $procmux$11614.
    dead port 2/2 on $mux $procmux$11614.
    dead port 1/2 on $mux $procmux$16893.
    dead port 2/2 on $mux $procmux$16893.
    dead port 1/2 on $mux $procmux$11595.
    dead port 2/2 on $mux $procmux$11595.
    dead port 1/2 on $mux $procmux$19679.
    dead port 2/2 on $mux $procmux$19679.
    dead port 1/2 on $mux $procmux$16889.
    dead port 2/2 on $mux $procmux$16889.
    dead port 1/2 on $mux $procmux$11576.
    dead port 2/2 on $mux $procmux$11576.
    dead port 1/2 on $mux $procmux$11557.
    dead port 2/2 on $mux $procmux$11557.
    dead port 1/2 on $mux $procmux$16885.
    dead port 2/2 on $mux $procmux$16885.
    dead port 1/2 on $mux $procmux$19662.
    dead port 2/2 on $mux $procmux$19662.
    dead port 1/2 on $mux $procmux$11538.
    dead port 2/2 on $mux $procmux$11538.
    dead port 1/2 on $mux $procmux$16881.
    dead port 2/2 on $mux $procmux$16881.
    dead port 1/2 on $mux $procmux$11519.
    dead port 2/2 on $mux $procmux$11519.
    dead port 1/2 on $mux $procmux$16877.
    dead port 2/2 on $mux $procmux$16877.
    dead port 1/2 on $mux $procmux$11500.
    dead port 2/2 on $mux $procmux$11500.
    dead port 1/2 on $mux $procmux$19645.
    dead port 2/2 on $mux $procmux$19645.
    dead port 1/2 on $mux $procmux$16873.
    dead port 2/2 on $mux $procmux$16873.
    dead port 1/2 on $mux $procmux$11470.
    dead port 2/2 on $mux $procmux$11470.
    dead port 1/2 on $mux $procmux$16869.
    dead port 2/2 on $mux $procmux$16869.
    dead port 1/2 on $mux $procmux$19628.
    dead port 2/2 on $mux $procmux$19628.
    dead port 1/2 on $mux $procmux$11451.
    dead port 2/2 on $mux $procmux$11451.
    dead port 1/2 on $mux $procmux$16865.
    dead port 2/2 on $mux $procmux$16865.
    dead port 1/2 on $mux $procmux$11432.
    dead port 2/2 on $mux $procmux$11432.
    dead port 1/2 on $mux $procmux$16861.
    dead port 2/2 on $mux $procmux$16861.
    dead port 1/2 on $mux $procmux$11413.
    dead port 2/2 on $mux $procmux$11413.
    dead port 1/2 on $mux $procmux$19611.
    dead port 2/2 on $mux $procmux$19611.
    dead port 1/2 on $mux $procmux$16857.
    dead port 2/2 on $mux $procmux$16857.
    dead port 1/2 on $mux $procmux$11383.
    dead port 2/2 on $mux $procmux$11383.
    dead port 1/2 on $mux $procmux$16853.
    dead port 2/2 on $mux $procmux$16853.
    dead port 1/2 on $mux $procmux$11364.
    dead port 2/2 on $mux $procmux$11364.
    dead port 1/2 on $mux $procmux$19594.
    dead port 2/2 on $mux $procmux$19594.
    dead port 1/2 on $mux $procmux$16849.
    dead port 2/2 on $mux $procmux$16849.
    dead port 1/2 on $mux $procmux$11345.
    dead port 2/2 on $mux $procmux$11345.
    dead port 1/2 on $mux $procmux$16845.
    dead port 2/2 on $mux $procmux$16845.
    dead port 1/2 on $mux $procmux$11326.
    dead port 2/2 on $mux $procmux$11326.
    dead port 1/2 on $mux $procmux$19577.
    dead port 2/2 on $mux $procmux$19577.
    dead port 1/2 on $mux $procmux$16841.
    dead port 2/2 on $mux $procmux$16841.
    dead port 1/2 on $mux $procmux$16837.
    dead port 2/2 on $mux $procmux$16837.
    dead port 1/2 on $mux $procmux$11296.
    dead port 2/2 on $mux $procmux$11296.
    dead port 1/2 on $mux $procmux$19560.
    dead port 2/2 on $mux $procmux$19560.
    dead port 1/2 on $mux $procmux$11277.
    dead port 2/2 on $mux $procmux$11277.
    dead port 1/2 on $mux $procmux$16833.
    dead port 2/2 on $mux $procmux$16833.
    dead port 1/2 on $mux $procmux$11258.
    dead port 2/2 on $mux $procmux$11258.
    dead port 1/2 on $mux $procmux$16829.
    dead port 2/2 on $mux $procmux$16829.
    dead port 1/2 on $mux $procmux$11239.
    dead port 2/2 on $mux $procmux$11239.
    dead port 1/2 on $mux $procmux$19543.
    dead port 2/2 on $mux $procmux$19543.
    dead port 1/2 on $mux $procmux$16825.
    dead port 2/2 on $mux $procmux$16825.
    dead port 1/2 on $mux $procmux$11209.
    dead port 2/2 on $mux $procmux$11209.
    dead port 1/2 on $mux $procmux$16821.
    dead port 2/2 on $mux $procmux$16821.
    dead port 1/2 on $mux $procmux$19526.
    dead port 2/2 on $mux $procmux$19526.
    dead port 1/2 on $mux $procmux$11190.
    dead port 2/2 on $mux $procmux$11190.
    dead port 1/2 on $mux $procmux$16817.
    dead port 2/2 on $mux $procmux$16817.
    dead port 1/2 on $mux $procmux$11171.
    dead port 2/2 on $mux $procmux$11171.
    dead port 1/2 on $mux $procmux$11152.
    dead port 2/2 on $mux $procmux$11152.
    dead port 1/2 on $mux $procmux$16813.
    dead port 2/2 on $mux $procmux$16813.
    dead port 1/2 on $mux $procmux$19509.
    dead port 2/2 on $mux $procmux$19509.
    dead port 1/2 on $mux $procmux$16809.
    dead port 2/2 on $mux $procmux$16809.
    dead port 1/2 on $mux $procmux$11122.
    dead port 2/2 on $mux $procmux$11122.
    dead port 1/2 on $mux $procmux$16805.
    dead port 2/2 on $mux $procmux$16805.
    dead port 1/2 on $mux $procmux$11103.
    dead port 2/2 on $mux $procmux$11103.
    dead port 1/2 on $mux $procmux$19492.
    dead port 2/2 on $mux $procmux$19492.
    dead port 1/2 on $mux $procmux$11084.
    dead port 2/2 on $mux $procmux$11084.
    dead port 1/2 on $mux $procmux$16801.
    dead port 2/2 on $mux $procmux$16801.
    dead port 1/2 on $mux $procmux$11065.
    dead port 2/2 on $mux $procmux$11065.
    dead port 1/2 on $mux $procmux$16797.
    dead port 2/2 on $mux $procmux$16797.
    dead port 1/2 on $mux $procmux$19475.
    dead port 2/2 on $mux $procmux$19475.
    dead port 1/2 on $mux $procmux$16793.
    dead port 2/2 on $mux $procmux$16793.
    dead port 1/2 on $mux $procmux$11035.
    dead port 2/2 on $mux $procmux$11035.
    dead port 1/2 on $mux $procmux$11016.
    dead port 2/2 on $mux $procmux$11016.
    dead port 1/2 on $mux $procmux$16789.
    dead port 2/2 on $mux $procmux$16789.
    dead port 1/2 on $mux $procmux$19458.
    dead port 2/2 on $mux $procmux$19458.
    dead port 1/2 on $mux $procmux$10997.
    dead port 2/2 on $mux $procmux$10997.
    dead port 1/2 on $mux $procmux$16785.
    dead port 2/2 on $mux $procmux$16785.
    dead port 1/2 on $mux $procmux$10978.
    dead port 2/2 on $mux $procmux$10978.
    dead port 1/2 on $mux $procmux$16781.
    dead port 2/2 on $mux $procmux$16781.
    dead port 1/2 on $mux $procmux$19441.
    dead port 2/2 on $mux $procmux$19441.
    dead port 1/2 on $mux $procmux$16777.
    dead port 2/2 on $mux $procmux$16777.
    dead port 1/2 on $mux $procmux$10948.
    dead port 2/2 on $mux $procmux$10948.
    dead port 1/2 on $mux $procmux$10929.
    dead port 2/2 on $mux $procmux$10929.
    dead port 1/2 on $mux $procmux$16773.
    dead port 2/2 on $mux $procmux$16773.
    dead port 1/2 on $mux $procmux$19424.
    dead port 2/2 on $mux $procmux$19424.
    dead port 1/2 on $mux $procmux$10910.
    dead port 2/2 on $mux $procmux$10910.
    dead port 1/2 on $mux $procmux$16769.
    dead port 2/2 on $mux $procmux$16769.
    dead port 1/2 on $mux $procmux$10891.
    dead port 2/2 on $mux $procmux$10891.
    dead port 1/2 on $mux $procmux$16765.
    dead port 2/2 on $mux $procmux$16765.
    dead port 1/2 on $mux $procmux$19407.
    dead port 2/2 on $mux $procmux$19407.
    dead port 1/2 on $mux $procmux$16761.
    dead port 2/2 on $mux $procmux$16761.
    dead port 1/2 on $mux $procmux$10861.
    dead port 2/2 on $mux $procmux$10861.
    dead port 1/2 on $mux $procmux$16757.
    dead port 2/2 on $mux $procmux$16757.
    dead port 1/2 on $mux $procmux$10842.
    dead port 2/2 on $mux $procmux$10842.
    dead port 1/2 on $mux $procmux$19390.
    dead port 2/2 on $mux $procmux$19390.
    dead port 1/2 on $mux $procmux$10823.
    dead port 2/2 on $mux $procmux$10823.
    dead port 1/2 on $mux $procmux$16753.
    dead port 2/2 on $mux $procmux$16753.
    dead port 1/2 on $mux $procmux$10804.
    dead port 2/2 on $mux $procmux$10804.
    dead port 1/2 on $mux $procmux$16749.
    dead port 2/2 on $mux $procmux$16749.
    dead port 1/2 on $mux $procmux$19373.
    dead port 2/2 on $mux $procmux$19373.
    dead port 1/2 on $mux $procmux$16745.
    dead port 2/2 on $mux $procmux$16745.
    dead port 1/2 on $mux $procmux$10774.
    dead port 2/2 on $mux $procmux$10774.
    dead port 1/2 on $mux $procmux$16741.
    dead port 2/2 on $mux $procmux$16741.
    dead port 1/2 on $mux $procmux$10755.
    dead port 2/2 on $mux $procmux$10755.
    dead port 1/2 on $mux $procmux$19356.
    dead port 2/2 on $mux $procmux$19356.
    dead port 1/2 on $mux $procmux$10736.
    dead port 2/2 on $mux $procmux$10736.
    dead port 1/2 on $mux $procmux$19339.
    dead port 2/2 on $mux $procmux$19339.
    dead port 1/2 on $mux $procmux$10717.
    dead port 2/2 on $mux $procmux$10717.
    dead port 1/2 on $mux $procmux$19322.
    dead port 2/2 on $mux $procmux$19322.
    dead port 1/2 on $mux $procmux$10687.
    dead port 2/2 on $mux $procmux$10687.
    dead port 1/2 on $mux $procmux$19305.
    dead port 2/2 on $mux $procmux$19305.
    dead port 1/2 on $mux $procmux$10668.
    dead port 2/2 on $mux $procmux$10668.
    dead port 1/2 on $mux $procmux$10649.
    dead port 2/2 on $mux $procmux$10649.
    dead port 1/2 on $mux $procmux$10630.
    dead port 2/2 on $mux $procmux$10630.
    dead port 1/2 on $mux $procmux$10600.
    dead port 2/2 on $mux $procmux$10600.
    dead port 1/2 on $mux $procmux$10581.
    dead port 2/2 on $mux $procmux$10581.
    dead port 1/2 on $mux $procmux$19288.
    dead port 2/2 on $mux $procmux$19288.
    dead port 1/2 on $mux $procmux$10562.
    dead port 2/2 on $mux $procmux$10562.
    dead port 1/2 on $mux $procmux$10543.
    dead port 2/2 on $mux $procmux$10543.
    dead port 1/2 on $mux $procmux$10513.
    dead port 2/2 on $mux $procmux$10513.
    dead port 1/2 on $mux $procmux$19271.
    dead port 2/2 on $mux $procmux$19271.
    dead port 1/2 on $mux $procmux$10494.
    dead port 2/2 on $mux $procmux$10494.
    dead port 1/2 on $mux $procmux$10475.
    dead port 2/2 on $mux $procmux$10475.
    dead port 1/2 on $mux $procmux$19254.
    dead port 2/2 on $mux $procmux$19254.
    dead port 1/2 on $mux $procmux$10456.
    dead port 2/2 on $mux $procmux$10456.
    dead port 1/2 on $mux $procmux$19237.
    dead port 2/2 on $mux $procmux$19237.
    dead port 1/2 on $mux $procmux$10426.
    dead port 2/2 on $mux $procmux$10426.
    dead port 1/2 on $mux $procmux$10407.
    dead port 2/2 on $mux $procmux$10407.
    dead port 1/2 on $mux $procmux$10388.
    dead port 2/2 on $mux $procmux$10388.
    dead port 1/2 on $mux $procmux$19220.
    dead port 2/2 on $mux $procmux$19220.
    dead port 1/2 on $mux $procmux$10369.
    dead port 2/2 on $mux $procmux$10369.
    dead port 1/2 on $mux $procmux$10339.
    dead port 2/2 on $mux $procmux$10339.
    dead port 1/2 on $mux $procmux$10320.
    dead port 2/2 on $mux $procmux$10320.
    dead port 1/2 on $mux $procmux$10301.
    dead port 2/2 on $mux $procmux$10301.
    dead port 1/2 on $mux $procmux$10282.
    dead port 2/2 on $mux $procmux$10282.
    dead port 1/2 on $mux $procmux$19203.
    dead port 2/2 on $mux $procmux$19203.
    dead port 1/2 on $mux $procmux$10241.
    dead port 2/2 on $mux $procmux$10241.
    dead port 1/2 on $mux $procmux$10222.
    dead port 2/2 on $mux $procmux$10222.
    dead port 1/2 on $mux $procmux$10203.
    dead port 2/2 on $mux $procmux$10203.
    dead port 1/2 on $mux $procmux$19186.
    dead port 2/2 on $mux $procmux$19186.
    dead port 1/2 on $mux $procmux$10184.
    dead port 2/2 on $mux $procmux$10184.
    dead port 1/2 on $mux $procmux$19169.
    dead port 2/2 on $mux $procmux$19169.
    dead port 1/2 on $mux $procmux$16561.
    dead port 2/2 on $mux $procmux$16561.
    dead port 1/2 on $mux $procmux$19153.
    dead port 2/2 on $mux $procmux$19153.
    dead port 1/2 on $mux $procmux$16541.
    dead port 2/2 on $mux $procmux$16541.
    dead port 1/2 on $mux $procmux$19137.
    dead port 2/2 on $mux $procmux$19137.
    dead port 1/2 on $mux $procmux$16521.
    dead port 2/2 on $mux $procmux$16521.
    dead port 1/2 on $mux $procmux$19121.
    dead port 2/2 on $mux $procmux$19121.
    dead port 1/2 on $mux $procmux$16501.
    dead port 2/2 on $mux $procmux$16501.
    dead port 1/2 on $mux $procmux$16481.
    dead port 2/2 on $mux $procmux$16481.
    dead port 1/2 on $mux $procmux$19105.
    dead port 2/2 on $mux $procmux$19105.
    dead port 1/2 on $mux $procmux$16461.
    dead port 2/2 on $mux $procmux$16461.
    dead port 1/2 on $mux $procmux$19089.
    dead port 2/2 on $mux $procmux$19089.
    dead port 1/2 on $mux $procmux$16441.
    dead port 2/2 on $mux $procmux$16441.
    dead port 1/2 on $mux $procmux$16421.
    dead port 2/2 on $mux $procmux$16421.
    dead port 1/2 on $mux $procmux$19073.
    dead port 2/2 on $mux $procmux$19073.
    dead port 1/2 on $mux $procmux$16401.
    dead port 2/2 on $mux $procmux$16401.
    dead port 1/2 on $mux $procmux$19057.
    dead port 2/2 on $mux $procmux$19057.
    dead port 1/2 on $mux $procmux$16381.
    dead port 2/2 on $mux $procmux$16381.
    dead port 1/2 on $mux $procmux$19041.
    dead port 2/2 on $mux $procmux$19041.
    dead port 1/2 on $mux $procmux$16361.
    dead port 2/2 on $mux $procmux$16361.
    dead port 1/2 on $mux $procmux$16341.
    dead port 2/2 on $mux $procmux$16341.
    dead port 1/2 on $mux $procmux$19025.
    dead port 2/2 on $mux $procmux$19025.
    dead port 1/2 on $mux $procmux$16321.
    dead port 2/2 on $mux $procmux$16321.
    dead port 1/2 on $mux $procmux$19009.
    dead port 2/2 on $mux $procmux$19009.
    dead port 1/2 on $mux $procmux$16301.
    dead port 2/2 on $mux $procmux$16301.
    dead port 1/2 on $mux $procmux$18993.
    dead port 2/2 on $mux $procmux$18993.
    dead port 1/2 on $mux $procmux$16281.
    dead port 2/2 on $mux $procmux$16281.
    dead port 1/2 on $mux $procmux$16261.
    dead port 2/2 on $mux $procmux$16261.
    dead port 1/2 on $mux $procmux$18977.
    dead port 2/2 on $mux $procmux$18977.
    dead port 1/2 on $mux $procmux$16241.
    dead port 2/2 on $mux $procmux$16241.
    dead port 1/2 on $mux $procmux$18961.
    dead port 2/2 on $mux $procmux$18961.
    dead port 1/2 on $mux $procmux$16221.
    dead port 2/2 on $mux $procmux$16221.
    dead port 1/2 on $mux $procmux$18945.
    dead port 2/2 on $mux $procmux$18945.
    dead port 1/2 on $mux $procmux$16201.
    dead port 2/2 on $mux $procmux$16201.
    dead port 1/2 on $mux $procmux$16181.
    dead port 2/2 on $mux $procmux$16181.
    dead port 1/2 on $mux $procmux$18929.
    dead port 2/2 on $mux $procmux$18929.
    dead port 1/2 on $mux $procmux$16161.
    dead port 2/2 on $mux $procmux$16161.
    dead port 1/2 on $mux $procmux$18913.
    dead port 2/2 on $mux $procmux$18913.
    dead port 1/2 on $mux $procmux$16141.
    dead port 2/2 on $mux $procmux$16141.
    dead port 1/2 on $mux $procmux$16121.
    dead port 2/2 on $mux $procmux$16121.
    dead port 1/2 on $mux $procmux$18897.
    dead port 2/2 on $mux $procmux$18897.
    dead port 1/2 on $mux $procmux$16101.
    dead port 2/2 on $mux $procmux$16101.
    dead port 1/2 on $mux $procmux$18881.
    dead port 2/2 on $mux $procmux$18881.
    dead port 1/2 on $mux $procmux$16081.
    dead port 2/2 on $mux $procmux$16081.
    dead port 1/2 on $mux $procmux$18865.
    dead port 2/2 on $mux $procmux$18865.
    dead port 1/2 on $mux $procmux$16061.
    dead port 2/2 on $mux $procmux$16061.
    dead port 1/2 on $mux $procmux$16041.
    dead port 2/2 on $mux $procmux$16041.
    dead port 1/2 on $mux $procmux$18849.
    dead port 2/2 on $mux $procmux$18849.
    dead port 1/2 on $mux $procmux$16021.
    dead port 2/2 on $mux $procmux$16021.
    dead port 1/2 on $mux $procmux$18833.
    dead port 2/2 on $mux $procmux$18833.
    dead port 1/2 on $mux $procmux$16001.
    dead port 2/2 on $mux $procmux$16001.
    dead port 1/2 on $mux $procmux$18817.
    dead port 2/2 on $mux $procmux$18817.
    dead port 1/2 on $mux $procmux$15981.
    dead port 2/2 on $mux $procmux$15981.
    dead port 1/2 on $mux $procmux$15961.
    dead port 2/2 on $mux $procmux$15961.
    dead port 1/2 on $mux $procmux$18801.
    dead port 2/2 on $mux $procmux$18801.
    dead port 1/2 on $mux $procmux$15941.
    dead port 2/2 on $mux $procmux$15941.
    dead port 1/2 on $mux $procmux$18785.
    dead port 2/2 on $mux $procmux$18785.
    dead port 1/2 on $mux $procmux$15921.
    dead port 2/2 on $mux $procmux$15921.
    dead port 1/2 on $mux $procmux$18769.
    dead port 2/2 on $mux $procmux$18769.
    dead port 1/2 on $mux $procmux$15901.
    dead port 2/2 on $mux $procmux$15901.
    dead port 1/2 on $mux $procmux$15881.
    dead port 2/2 on $mux $procmux$15881.
    dead port 1/2 on $mux $procmux$18753.
    dead port 2/2 on $mux $procmux$18753.
    dead port 1/2 on $mux $procmux$15861.
    dead port 2/2 on $mux $procmux$15861.
    dead port 1/2 on $mux $procmux$18737.
    dead port 2/2 on $mux $procmux$18737.
    dead port 1/2 on $mux $procmux$15841.
    dead port 2/2 on $mux $procmux$15841.
    dead port 1/2 on $mux $procmux$15821.
    dead port 2/2 on $mux $procmux$15821.
    dead port 1/2 on $mux $procmux$18721.
    dead port 2/2 on $mux $procmux$18721.
    dead port 1/2 on $mux $procmux$15801.
    dead port 2/2 on $mux $procmux$15801.
    dead port 1/2 on $mux $procmux$18705.
    dead port 2/2 on $mux $procmux$18705.
    dead port 1/2 on $mux $procmux$15781.
    dead port 2/2 on $mux $procmux$15781.
    dead port 1/2 on $mux $procmux$18689.
    dead port 2/2 on $mux $procmux$18689.
    dead port 1/2 on $mux $procmux$15761.
    dead port 2/2 on $mux $procmux$15761.
    dead port 1/2 on $mux $procmux$15741.
    dead port 2/2 on $mux $procmux$15741.
    dead port 1/2 on $mux $procmux$18673.
    dead port 2/2 on $mux $procmux$18673.
    dead port 1/2 on $mux $procmux$15721.
    dead port 2/2 on $mux $procmux$15721.
    dead port 1/2 on $mux $procmux$18657.
    dead port 2/2 on $mux $procmux$18657.
    dead port 1/2 on $mux $procmux$15701.
    dead port 2/2 on $mux $procmux$15701.
    dead port 1/2 on $mux $procmux$18641.
    dead port 2/2 on $mux $procmux$18641.
    dead port 1/2 on $mux $procmux$15681.
    dead port 2/2 on $mux $procmux$15681.
    dead port 1/2 on $mux $procmux$15661.
    dead port 2/2 on $mux $procmux$15661.
    dead port 1/2 on $mux $procmux$18625.
    dead port 2/2 on $mux $procmux$18625.
    dead port 1/2 on $mux $procmux$15641.
    dead port 2/2 on $mux $procmux$15641.
    dead port 1/2 on $mux $procmux$18609.
    dead port 2/2 on $mux $procmux$18609.
    dead port 1/2 on $mux $procmux$15621.
    dead port 2/2 on $mux $procmux$15621.
    dead port 1/2 on $mux $procmux$18593.
    dead port 2/2 on $mux $procmux$18593.
    dead port 1/2 on $mux $procmux$15601.
    dead port 2/2 on $mux $procmux$15601.
    dead port 1/2 on $mux $procmux$15581.
    dead port 2/2 on $mux $procmux$15581.
    dead port 1/2 on $mux $procmux$18577.
    dead port 2/2 on $mux $procmux$18577.
    dead port 1/2 on $mux $procmux$15541.
    dead port 2/2 on $mux $procmux$15541.
    dead port 1/2 on $mux $procmux$18561.
    dead port 2/2 on $mux $procmux$18561.
    dead port 1/2 on $mux $procmux$15521.
    dead port 2/2 on $mux $procmux$15521.
    dead port 1/2 on $mux $procmux$18545.
    dead port 2/2 on $mux $procmux$18545.
    dead port 1/2 on $mux $procmux$15501.
    dead port 2/2 on $mux $procmux$15501.
    dead port 1/2 on $mux $procmux$18529.
    dead port 2/2 on $mux $procmux$18529.
    dead port 1/2 on $mux $procmux$15461.
    dead port 2/2 on $mux $procmux$15461.
    dead port 1/2 on $mux $procmux$18513.
    dead port 2/2 on $mux $procmux$18513.
    dead port 1/2 on $mux $procmux$15441.
    dead port 2/2 on $mux $procmux$15441.
    dead port 1/2 on $mux $procmux$18497.
    dead port 2/2 on $mux $procmux$18497.
    dead port 1/2 on $mux $procmux$15421.
    dead port 2/2 on $mux $procmux$15421.
    dead port 1/2 on $mux $procmux$18481.
    dead port 2/2 on $mux $procmux$18481.
    dead port 1/2 on $mux $procmux$15381.
    dead port 2/2 on $mux $procmux$15381.
    dead port 1/2 on $mux $procmux$18465.
    dead port 2/2 on $mux $procmux$18465.
    dead port 1/2 on $mux $procmux$8599.
    dead port 2/2 on $mux $procmux$8599.
    dead port 1/2 on $mux $procmux$15361.
    dead port 2/2 on $mux $procmux$15361.
    dead port 1/2 on $mux $procmux$8592.
    dead port 2/2 on $mux $procmux$8592.
    dead port 1/2 on $mux $procmux$15341.
    dead port 2/2 on $mux $procmux$15341.
    dead port 1/2 on $mux $procmux$8585.
    dead port 2/2 on $mux $procmux$8585.
    dead port 1/2 on $mux $procmux$18449.
    dead port 2/2 on $mux $procmux$18449.
    dead port 1/2 on $mux $procmux$8578.
    dead port 2/2 on $mux $procmux$8578.
    dead port 1/2 on $mux $procmux$8571.
    dead port 2/2 on $mux $procmux$8571.
    dead port 1/2 on $mux $procmux$18433.
    dead port 2/2 on $mux $procmux$18433.
    dead port 1/2 on $mux $procmux$15301.
    dead port 2/2 on $mux $procmux$15301.
    dead port 1/2 on $mux $procmux$8564.
    dead port 2/2 on $mux $procmux$8564.
    dead port 1/2 on $mux $procmux$8557.
    dead port 2/2 on $mux $procmux$8557.
    dead port 1/2 on $mux $procmux$15281.
    dead port 2/2 on $mux $procmux$15281.
    dead port 1/2 on $mux $procmux$18417.
    dead port 2/2 on $mux $procmux$18417.
    dead port 1/2 on $mux $procmux$8550.
    dead port 2/2 on $mux $procmux$8550.
    dead port 1/2 on $mux $procmux$15261.
    dead port 2/2 on $mux $procmux$15261.
    dead port 1/2 on $mux $procmux$8543.
    dead port 2/2 on $mux $procmux$8543.
    dead port 1/2 on $mux $procmux$18401.
    dead port 2/2 on $mux $procmux$18401.
    dead port 1/2 on $mux $procmux$8536.
    dead port 2/2 on $mux $procmux$8536.
    dead port 1/2 on $mux $procmux$8529.
    dead port 2/2 on $mux $procmux$8529.
    dead port 1/2 on $mux $procmux$15221.
    dead port 2/2 on $mux $procmux$15221.
    dead port 1/2 on $mux $procmux$8522.
    dead port 2/2 on $mux $procmux$8522.
    dead port 1/2 on $mux $procmux$18385.
    dead port 2/2 on $mux $procmux$18385.
    dead port 1/2 on $mux $procmux$8515.
    dead port 2/2 on $mux $procmux$8515.
    dead port 1/2 on $mux $procmux$15201.
    dead port 2/2 on $mux $procmux$15201.
    dead port 1/2 on $mux $procmux$8508.
    dead port 2/2 on $mux $procmux$8508.
    dead port 1/2 on $mux $procmux$18369.
    dead port 2/2 on $mux $procmux$18369.
    dead port 1/2 on $mux $procmux$15181.
    dead port 2/2 on $mux $procmux$15181.
    dead port 1/2 on $mux $procmux$8501.
    dead port 2/2 on $mux $procmux$8501.
    dead port 1/2 on $mux $procmux$8494.
    dead port 2/2 on $mux $procmux$8494.
    dead port 1/2 on $mux $procmux$8487.
    dead port 2/2 on $mux $procmux$8487.
    dead port 1/2 on $mux $procmux$18353.
    dead port 2/2 on $mux $procmux$18353.
    dead port 1/2 on $mux $procmux$15141.
    dead port 2/2 on $mux $procmux$15141.
    dead port 1/2 on $mux $procmux$8480.
    dead port 2/2 on $mux $procmux$8480.
    dead port 1/2 on $mux $procmux$18337.
    dead port 2/2 on $mux $procmux$18337.
    dead port 1/2 on $mux $procmux$8473.
    dead port 2/2 on $mux $procmux$8473.
    dead port 1/2 on $mux $procmux$15121.
    dead port 2/2 on $mux $procmux$15121.
    dead port 1/2 on $mux $procmux$8466.
    dead port 2/2 on $mux $procmux$8466.
    dead port 1/2 on $mux $procmux$20801.
    dead port 2/2 on $mux $procmux$20801.
    dead port 1/2 on $mux $procmux$15101.
    dead port 2/2 on $mux $procmux$15101.
    dead port 1/2 on $mux $procmux$8459.
    dead port 2/2 on $mux $procmux$8459.
    dead port 1/2 on $mux $procmux$18321.
    dead port 2/2 on $mux $procmux$18321.
    dead port 1/2 on $mux $procmux$8452.
    dead port 2/2 on $mux $procmux$8452.
    dead port 1/2 on $mux $procmux$8445.
    dead port 2/2 on $mux $procmux$8445.
    dead port 1/2 on $mux $procmux$18305.
    dead port 2/2 on $mux $procmux$18305.
    dead port 1/2 on $mux $procmux$15061.
    dead port 2/2 on $mux $procmux$15061.
    dead port 1/2 on $mux $procmux$8438.
    dead port 2/2 on $mux $procmux$8438.
    dead port 1/2 on $mux $procmux$20784.
    dead port 2/2 on $mux $procmux$20784.
    dead port 1/2 on $mux $procmux$18289.
    dead port 2/2 on $mux $procmux$18289.
    dead port 1/2 on $mux $procmux$8431.
    dead port 2/2 on $mux $procmux$8431.
    dead port 1/2 on $mux $procmux$15041.
    dead port 2/2 on $mux $procmux$15041.
    dead port 1/2 on $mux $procmux$8424.
    dead port 2/2 on $mux $procmux$8424.
    dead port 1/2 on $mux $procmux$15021.
    dead port 2/2 on $mux $procmux$15021.
    dead port 1/2 on $mux $procmux$8417.
    dead port 2/2 on $mux $procmux$8417.
    dead port 1/2 on $mux $procmux$18273.
    dead port 2/2 on $mux $procmux$18273.
    dead port 1/2 on $mux $procmux$8410.
    dead port 2/2 on $mux $procmux$8410.
    dead port 1/2 on $mux $procmux$8403.
    dead port 2/2 on $mux $procmux$8403.
    dead port 1/2 on $mux $procmux$20767.
    dead port 2/2 on $mux $procmux$20767.
    dead port 1/2 on $mux $procmux$14981.
    dead port 2/2 on $mux $procmux$14981.
    dead port 1/2 on $mux $procmux$8396.
    dead port 2/2 on $mux $procmux$8396.
    dead port 1/2 on $mux $procmux$18257.
    dead port 2/2 on $mux $procmux$18257.
    dead port 1/2 on $mux $procmux$8389.
    dead port 2/2 on $mux $procmux$8389.
    dead port 1/2 on $mux $procmux$14961.
    dead port 2/2 on $mux $procmux$14961.
    dead port 1/2 on $mux $procmux$8382.
    dead port 2/2 on $mux $procmux$8382.
    dead port 1/2 on $mux $procmux$18241.
    dead port 2/2 on $mux $procmux$18241.
    dead port 1/2 on $mux $procmux$14941.
    dead port 2/2 on $mux $procmux$14941.
    dead port 1/2 on $mux $procmux$8375.
    dead port 2/2 on $mux $procmux$8375.
    dead port 1/2 on $mux $procmux$20750.
    dead port 2/2 on $mux $procmux$20750.
    dead port 1/2 on $mux $procmux$8368.
    dead port 2/2 on $mux $procmux$8368.
    dead port 1/2 on $mux $procmux$18225.
    dead port 2/2 on $mux $procmux$18225.
    dead port 1/2 on $mux $procmux$8361.
    dead port 2/2 on $mux $procmux$8361.
    dead port 1/2 on $mux $procmux$14901.
    dead port 2/2 on $mux $procmux$14901.
    dead port 1/2 on $mux $procmux$8354.
    dead port 2/2 on $mux $procmux$8354.
    dead port 1/2 on $mux $procmux$18209.
    dead port 2/2 on $mux $procmux$18209.
    dead port 1/2 on $mux $procmux$8347.
    dead port 2/2 on $mux $procmux$8347.
    dead port 1/2 on $mux $procmux$14881.
    dead port 2/2 on $mux $procmux$14881.
    dead port 1/2 on $mux $procmux$20733.
    dead port 2/2 on $mux $procmux$20733.
    dead port 1/2 on $mux $procmux$8340.
    dead port 2/2 on $mux $procmux$8340.
    dead port 1/2 on $mux $procmux$18193.
    dead port 2/2 on $mux $procmux$18193.
    dead port 1/2 on $mux $procmux$14861.
    dead port 2/2 on $mux $procmux$14861.
    dead port 1/2 on $mux $procmux$8333.
    dead port 2/2 on $mux $procmux$8333.
    dead port 1/2 on $mux $procmux$8326.
    dead port 2/2 on $mux $procmux$8326.
    dead port 1/2 on $mux $procmux$8319.
    dead port 2/2 on $mux $procmux$8319.
    dead port 1/2 on $mux $procmux$18177.
    dead port 2/2 on $mux $procmux$18177.
    dead port 1/2 on $mux $procmux$14821.
    dead port 2/2 on $mux $procmux$14821.
    dead port 1/2 on $mux $procmux$8312.
    dead port 2/2 on $mux $procmux$8312.
    dead port 1/2 on $mux $procmux$20716.
    dead port 2/2 on $mux $procmux$20716.
    dead port 1/2 on $mux $procmux$18161.
    dead port 2/2 on $mux $procmux$18161.
    dead port 1/2 on $mux $procmux$8305.
    dead port 2/2 on $mux $procmux$8305.
    dead port 1/2 on $mux $procmux$14801.
    dead port 2/2 on $mux $procmux$14801.
    dead port 1/2 on $mux $procmux$8298.
    dead port 2/2 on $mux $procmux$8298.
    dead port 1/2 on $mux $procmux$14781.
    dead port 2/2 on $mux $procmux$14781.
    dead port 1/2 on $mux $procmux$8291.
    dead port 2/2 on $mux $procmux$8291.
    dead port 1/2 on $mux $procmux$18145.
    dead port 2/2 on $mux $procmux$18145.
    dead port 1/2 on $mux $procmux$8284.
    dead port 2/2 on $mux $procmux$8284.
    dead port 1/2 on $mux $procmux$8277.
    dead port 2/2 on $mux $procmux$8277.
    dead port 1/2 on $mux $procmux$20699.
    dead port 2/2 on $mux $procmux$20699.
    dead port 1/2 on $mux $procmux$14741.
    dead port 2/2 on $mux $procmux$14741.
    dead port 1/2 on $mux $procmux$8270.
    dead port 2/2 on $mux $procmux$8270.
    dead port 1/2 on $mux $procmux$18129.
    dead port 2/2 on $mux $procmux$18129.
    dead port 1/2 on $mux $procmux$8263.
    dead port 2/2 on $mux $procmux$8263.
    dead port 1/2 on $mux $procmux$14721.
    dead port 2/2 on $mux $procmux$14721.
    dead port 1/2 on $mux $procmux$8256.
    dead port 2/2 on $mux $procmux$8256.
    dead port 1/2 on $mux $procmux$18113.
    dead port 2/2 on $mux $procmux$18113.
    dead port 1/2 on $mux $procmux$14701.
    dead port 2/2 on $mux $procmux$14701.
    dead port 1/2 on $mux $procmux$8249.
    dead port 2/2 on $mux $procmux$8249.
    dead port 1/2 on $mux $procmux$20682.
    dead port 2/2 on $mux $procmux$20682.
    dead port 1/2 on $mux $procmux$8242.
    dead port 2/2 on $mux $procmux$8242.
    dead port 1/2 on $mux $procmux$18097.
    dead port 2/2 on $mux $procmux$18097.
    dead port 1/2 on $mux $procmux$8235.
    dead port 2/2 on $mux $procmux$8235.
    dead port 1/2 on $mux $procmux$14661.
    dead port 2/2 on $mux $procmux$14661.
    dead port 1/2 on $mux $procmux$8228.
    dead port 2/2 on $mux $procmux$8228.
    dead port 1/2 on $mux $procmux$18081.
    dead port 2/2 on $mux $procmux$18081.
    dead port 1/2 on $mux $procmux$20665.
    dead port 2/2 on $mux $procmux$20665.
    dead port 1/2 on $mux $procmux$8221.
    dead port 2/2 on $mux $procmux$8221.
    dead port 1/2 on $mux $procmux$14641.
    dead port 2/2 on $mux $procmux$14641.
    dead port 1/2 on $mux $procmux$8214.
    dead port 2/2 on $mux $procmux$8214.
    dead port 1/2 on $mux $procmux$18065.
    dead port 2/2 on $mux $procmux$18065.
    dead port 1/2 on $mux $procmux$14621.
    dead port 2/2 on $mux $procmux$14621.
    dead port 1/2 on $mux $procmux$8207.
    dead port 2/2 on $mux $procmux$8207.
    dead port 1/2 on $mux $procmux$8200.
    dead port 2/2 on $mux $procmux$8200.
    dead port 1/2 on $mux $procmux$8193.
    dead port 2/2 on $mux $procmux$8193.
    dead port 1/2 on $mux $procmux$18049.
    dead port 2/2 on $mux $procmux$18049.
    dead port 1/2 on $mux $procmux$14581.
    dead port 2/2 on $mux $procmux$14581.
    dead port 1/2 on $mux $procmux$8186.
    dead port 2/2 on $mux $procmux$8186.
    dead port 1/2 on $mux $procmux$20648.
    dead port 2/2 on $mux $procmux$20648.
    dead port 1/2 on $mux $procmux$18033.
    dead port 2/2 on $mux $procmux$18033.
    dead port 1/2 on $mux $procmux$8179.
    dead port 2/2 on $mux $procmux$8179.
    dead port 1/2 on $mux $procmux$14561.
    dead port 2/2 on $mux $procmux$14561.
    dead port 1/2 on $mux $procmux$8172.
    dead port 2/2 on $mux $procmux$8172.
    dead port 1/2 on $mux $procmux$14541.
    dead port 2/2 on $mux $procmux$14541.
    dead port 1/2 on $mux $procmux$8165.
    dead port 2/2 on $mux $procmux$8165.
    dead port 1/2 on $mux $procmux$18017.
    dead port 2/2 on $mux $procmux$18017.
    dead port 1/2 on $mux $procmux$8158.
    dead port 2/2 on $mux $procmux$8158.
    dead port 1/2 on $mux $procmux$20631.
    dead port 2/2 on $mux $procmux$20631.
    dead port 1/2 on $mux $procmux$8151.
    dead port 2/2 on $mux $procmux$8151.
    dead port 1/2 on $mux $procmux$18001.
    dead port 2/2 on $mux $procmux$18001.
    dead port 1/2 on $mux $procmux$14501.
    dead port 2/2 on $mux $procmux$14501.
    dead port 1/2 on $mux $procmux$8144.
    dead port 2/2 on $mux $procmux$8144.
    dead port 1/2 on $mux $procmux$8137.
    dead port 2/2 on $mux $procmux$8137.
    dead port 1/2 on $mux $procmux$14481.
    dead port 2/2 on $mux $procmux$14481.
    dead port 1/2 on $mux $procmux$17985.
    dead port 2/2 on $mux $procmux$17985.
    dead port 1/2 on $mux $procmux$8130.
    dead port 2/2 on $mux $procmux$8130.
    dead port 1/2 on $mux $procmux$20614.
    dead port 2/2 on $mux $procmux$20614.
    dead port 1/2 on $mux $procmux$14461.
    dead port 2/2 on $mux $procmux$14461.
    dead port 1/2 on $mux $procmux$8123.
    dead port 2/2 on $mux $procmux$8123.
    dead port 1/2 on $mux $procmux$17969.
    dead port 2/2 on $mux $procmux$17969.
    dead port 1/2 on $mux $procmux$8116.
    dead port 2/2 on $mux $procmux$8116.
    dead port 1/2 on $mux $procmux$8109.
    dead port 2/2 on $mux $procmux$8109.
    dead port 1/2 on $mux $procmux$8102.
    dead port 2/2 on $mux $procmux$8102.
    dead port 1/2 on $mux $procmux$17953.
    dead port 2/2 on $mux $procmux$17953.
    dead port 1/2 on $mux $procmux$8095.
    dead port 2/2 on $mux $procmux$8095.
    dead port 1/2 on $mux $procmux$14401.
    dead port 2/2 on $mux $procmux$14401.
    dead port 1/2 on $mux $procmux$20597.
    dead port 2/2 on $mux $procmux$20597.
    dead port 1/2 on $mux $procmux$8088.
    dead port 2/2 on $mux $procmux$8088.
    dead port 1/2 on $mux $procmux$17937.
    dead port 2/2 on $mux $procmux$17937.
    dead port 1/2 on $mux $procmux$14381.
    dead port 2/2 on $mux $procmux$14381.
    dead port 1/2 on $mux $procmux$8081.
    dead port 2/2 on $mux $procmux$8081.
    dead port 1/2 on $mux $procmux$8074.
    dead port 2/2 on $mux $procmux$8074.
    dead port 1/2 on $mux $procmux$14361.
    dead port 2/2 on $mux $procmux$14361.
    dead port 1/2 on $mux $procmux$8067.
    dead port 2/2 on $mux $procmux$8067.
    dead port 1/2 on $mux $procmux$17921.
    dead port 2/2 on $mux $procmux$17921.
    dead port 1/2 on $mux $procmux$20580.
    dead port 2/2 on $mux $procmux$20580.
    dead port 1/2 on $mux $procmux$8060.
    dead port 2/2 on $mux $procmux$8060.
    dead port 1/2 on $mux $procmux$17905.
    dead port 2/2 on $mux $procmux$17905.
    dead port 1/2 on $mux $procmux$8053.
    dead port 2/2 on $mux $procmux$8053.
    dead port 1/2 on $mux $procmux$8046.
    dead port 2/2 on $mux $procmux$8046.
    dead port 1/2 on $mux $procmux$17889.
    dead port 2/2 on $mux $procmux$17889.
    dead port 1/2 on $mux $procmux$8039.
    dead port 2/2 on $mux $procmux$8039.
    dead port 1/2 on $mux $procmux$20563.
    dead port 2/2 on $mux $procmux$20563.
    dead port 1/2 on $mux $procmux$8032.
    dead port 2/2 on $mux $procmux$8032.
    dead port 1/2 on $mux $procmux$8025.
    dead port 2/2 on $mux $procmux$8025.
    dead port 1/2 on $mux $procmux$17873.
    dead port 2/2 on $mux $procmux$17873.
    dead port 1/2 on $mux $procmux$8018.
    dead port 2/2 on $mux $procmux$8018.
    dead port 1/2 on $mux $procmux$8011.
    dead port 2/2 on $mux $procmux$8011.
    dead port 1/2 on $mux $procmux$17857.
    dead port 2/2 on $mux $procmux$17857.
    dead port 1/2 on $mux $procmux$20546.
    dead port 2/2 on $mux $procmux$20546.
    dead port 1/2 on $mux $procmux$8004.
    dead port 2/2 on $mux $procmux$8004.
    dead port 1/2 on $mux $procmux$7997.
    dead port 2/2 on $mux $procmux$7997.
    dead port 1/2 on $mux $procmux$17841.
    dead port 2/2 on $mux $procmux$17841.
    dead port 1/2 on $mux $procmux$7990.
    dead port 2/2 on $mux $procmux$7990.
    dead port 1/2 on $mux $procmux$7983.
    dead port 2/2 on $mux $procmux$7983.
    dead port 1/2 on $mux $procmux$17825.
    dead port 2/2 on $mux $procmux$17825.
    dead port 1/2 on $mux $procmux$20529.
    dead port 2/2 on $mux $procmux$20529.
    dead port 1/2 on $mux $procmux$7976.
    dead port 2/2 on $mux $procmux$7976.
    dead port 1/2 on $mux $procmux$7969.
    dead port 2/2 on $mux $procmux$7969.
    dead port 1/2 on $mux $procmux$17809.
    dead port 2/2 on $mux $procmux$17809.
    dead port 1/2 on $mux $procmux$7962.
    dead port 2/2 on $mux $procmux$7962.
    dead port 1/2 on $mux $procmux$7955.
    dead port 2/2 on $mux $procmux$7955.
    dead port 1/2 on $mux $procmux$17793.
    dead port 2/2 on $mux $procmux$17793.
    dead port 1/2 on $mux $procmux$7948.
    dead port 2/2 on $mux $procmux$7948.
    dead port 1/2 on $mux $procmux$20512.
    dead port 2/2 on $mux $procmux$20512.
    dead port 1/2 on $mux $procmux$17777.
    dead port 2/2 on $mux $procmux$17777.
    dead port 1/2 on $mux $procmux$7941.
    dead port 2/2 on $mux $procmux$7941.
    dead port 1/2 on $mux $procmux$7934.
    dead port 2/2 on $mux $procmux$7934.
    dead port 1/2 on $mux $procmux$17761.
    dead port 2/2 on $mux $procmux$17761.
    dead port 1/2 on $mux $procmux$20495.
    dead port 2/2 on $mux $procmux$20495.
    dead port 1/2 on $mux $procmux$17745.
    dead port 2/2 on $mux $procmux$17745.
    dead port 1/2 on $mux $procmux$17729.
    dead port 2/2 on $mux $procmux$17729.
    dead port 1/2 on $mux $procmux$20478.
    dead port 2/2 on $mux $procmux$20478.
    dead port 1/2 on $mux $procmux$17713.
    dead port 2/2 on $mux $procmux$17713.
    dead port 1/2 on $mux $procmux$17697.
    dead port 2/2 on $mux $procmux$17697.
    dead port 1/2 on $mux $procmux$20461.
    dead port 2/2 on $mux $procmux$20461.
    dead port 1/2 on $mux $procmux$17681.
    dead port 2/2 on $mux $procmux$17681.
    dead port 1/2 on $mux $procmux$17665.
    dead port 2/2 on $mux $procmux$17665.
    dead port 1/2 on $mux $procmux$20444.
    dead port 2/2 on $mux $procmux$20444.
    dead port 1/2 on $mux $procmux$17649.
    dead port 2/2 on $mux $procmux$17649.
    dead port 1/2 on $mux $procmux$17633.
    dead port 2/2 on $mux $procmux$17633.
    dead port 1/2 on $mux $procmux$20427.
    dead port 2/2 on $mux $procmux$20427.
    dead port 1/2 on $mux $procmux$17617.
    dead port 2/2 on $mux $procmux$17617.
    dead port 1/2 on $mux $procmux$17601.
    dead port 2/2 on $mux $procmux$17601.
    dead port 1/2 on $mux $procmux$20410.
    dead port 2/2 on $mux $procmux$20410.
    dead port 1/2 on $mux $procmux$17585.
    dead port 2/2 on $mux $procmux$17585.
    dead port 1/2 on $mux $procmux$17569.
    dead port 2/2 on $mux $procmux$17569.
    dead port 1/2 on $mux $procmux$20393.
    dead port 2/2 on $mux $procmux$20393.
    dead port 1/2 on $mux $procmux$17553.
    dead port 2/2 on $mux $procmux$17553.
    dead port 1/2 on $mux $procmux$17537.
    dead port 2/2 on $mux $procmux$17537.
    dead port 1/2 on $mux $procmux$20376.
    dead port 2/2 on $mux $procmux$20376.
    dead port 1/2 on $mux $procmux$17521.
    dead port 2/2 on $mux $procmux$17521.
    dead port 1/2 on $mux $procmux$17505.
    dead port 2/2 on $mux $procmux$17505.
    dead port 1/2 on $mux $procmux$20359.
    dead port 2/2 on $mux $procmux$20359.
    dead port 1/2 on $mux $procmux$17489.
    dead port 2/2 on $mux $procmux$17489.
    dead port 1/2 on $mux $procmux$17473.
    dead port 2/2 on $mux $procmux$17473.
    dead port 1/2 on $mux $procmux$20342.
    dead port 2/2 on $mux $procmux$20342.
    dead port 1/2 on $mux $procmux$17457.
    dead port 2/2 on $mux $procmux$17457.
    dead port 1/2 on $mux $procmux$17441.
    dead port 2/2 on $mux $procmux$17441.
    dead port 1/2 on $mux $procmux$20325.
    dead port 2/2 on $mux $procmux$20325.
    dead port 1/2 on $mux $procmux$17425.
    dead port 2/2 on $mux $procmux$17425.
    dead port 1/2 on $mux $procmux$17409.
    dead port 2/2 on $mux $procmux$17409.
    dead port 1/2 on $mux $procmux$20308.
    dead port 2/2 on $mux $procmux$20308.
    dead port 1/2 on $mux $procmux$17393.
    dead port 2/2 on $mux $procmux$17393.
    dead port 1/2 on $mux $procmux$17377.
    dead port 2/2 on $mux $procmux$17377.
    dead port 1/2 on $mux $procmux$20291.
    dead port 2/2 on $mux $procmux$20291.
    dead port 1/2 on $mux $procmux$17361.
    dead port 2/2 on $mux $procmux$17361.
    dead port 1/2 on $mux $procmux$17345.
    dead port 2/2 on $mux $procmux$17345.
    dead port 1/2 on $mux $procmux$20274.
    dead port 2/2 on $mux $procmux$20274.
    dead port 1/2 on $mux $procmux$17329.
    dead port 2/2 on $mux $procmux$17329.
    dead port 1/2 on $mux $procmux$21740.
    dead port 2/2 on $mux $procmux$21740.
    dead port 1/2 on $mux $procmux$17313.
    dead port 2/2 on $mux $procmux$17313.
    dead port 1/2 on $mux $procmux$21759.
    dead port 2/2 on $mux $procmux$21759.
    dead port 1/2 on $mux $procmux$20257.
    dead port 2/2 on $mux $procmux$20257.
    dead port 1/2 on $mux $procmux$17297.
    dead port 2/2 on $mux $procmux$17297.
    dead port 1/2 on $mux $procmux$17281.
    dead port 2/2 on $mux $procmux$17281.
    dead port 1/2 on $mux $procmux$20240.
    dead port 2/2 on $mux $procmux$20240.
    dead port 1/2 on $mux $procmux$17265.
    dead port 2/2 on $mux $procmux$17265.
    dead port 1/2 on $mux $procmux$17249.
    dead port 2/2 on $mux $procmux$17249.
    dead port 1/2 on $mux $procmux$20223.
    dead port 2/2 on $mux $procmux$20223.
    dead port 1/2 on $mux $procmux$17233.
    dead port 2/2 on $mux $procmux$17233.
    dead port 1/2 on $mux $procmux$17217.
    dead port 2/2 on $mux $procmux$17217.
    dead port 1/2 on $mux $procmux$20206.
    dead port 2/2 on $mux $procmux$20206.
    dead port 1/2 on $mux $procmux$17201.
    dead port 2/2 on $mux $procmux$17201.
    dead port 1/2 on $mux $procmux$17185.
    dead port 2/2 on $mux $procmux$17185.
    dead port 1/2 on $mux $procmux$20189.
    dead port 2/2 on $mux $procmux$20189.
    dead port 1/2 on $mux $procmux$17169.
    dead port 2/2 on $mux $procmux$17169.
    dead port 1/2 on $mux $procmux$17153.
    dead port 2/2 on $mux $procmux$17153.
    dead port 1/2 on $mux $procmux$20172.
    dead port 2/2 on $mux $procmux$20172.
    dead port 1/2 on $mux $procmux$17137.
    dead port 2/2 on $mux $procmux$17137.
    dead port 1/2 on $mux $procmux$17121.
    dead port 2/2 on $mux $procmux$17121.
    dead port 1/2 on $mux $procmux$17117.
    dead port 2/2 on $mux $procmux$17117.
    dead port 1/2 on $mux $procmux$20155.
    dead port 2/2 on $mux $procmux$20155.
    dead port 1/2 on $mux $procmux$17113.
    dead port 2/2 on $mux $procmux$17113.
    dead port 1/2 on $mux $procmux$17109.
    dead port 2/2 on $mux $procmux$17109.
    dead port 1/2 on $mux $procmux$20138.
    dead port 2/2 on $mux $procmux$20138.
    dead port 1/2 on $mux $procmux$17105.
    dead port 2/2 on $mux $procmux$17105.
    dead port 1/2 on $mux $procmux$17101.
    dead port 2/2 on $mux $procmux$17101.
    dead port 1/2 on $mux $procmux$20121.
    dead port 2/2 on $mux $procmux$20121.
    dead port 1/2 on $mux $procmux$17097.
    dead port 2/2 on $mux $procmux$17097.
    dead port 1/2 on $mux $procmux$17093.
    dead port 2/2 on $mux $procmux$17093.
    dead port 1/2 on $mux $procmux$20104.
    dead port 2/2 on $mux $procmux$20104.
    dead port 1/2 on $mux $procmux$17089.
    dead port 2/2 on $mux $procmux$17089.
    dead port 1/2 on $mux $procmux$17085.
    dead port 2/2 on $mux $procmux$17085.
    dead port 1/2 on $mux $procmux$20087.
    dead port 2/2 on $mux $procmux$20087.
    dead port 1/2 on $mux $procmux$17081.
    dead port 2/2 on $mux $procmux$17081.
    dead port 1/2 on $mux $procmux$17077.
    dead port 2/2 on $mux $procmux$17077.
    dead port 1/2 on $mux $procmux$20070.
    dead port 2/2 on $mux $procmux$20070.
    dead port 1/2 on $mux $procmux$17073.
    dead port 2/2 on $mux $procmux$17073.
    dead port 1/2 on $mux $procmux$17069.
    dead port 2/2 on $mux $procmux$17069.
    dead port 1/2 on $mux $procmux$20053.
    dead port 2/2 on $mux $procmux$20053.
    dead port 1/2 on $mux $procmux$17065.
    dead port 2/2 on $mux $procmux$17065.
    dead port 1/2 on $mux $procmux$17061.
    dead port 2/2 on $mux $procmux$17061.
    dead port 1/2 on $mux $procmux$12754.
    dead port 2/2 on $mux $procmux$12754.
    dead port 1/2 on $mux $procmux$20036.
    dead port 2/2 on $mux $procmux$20036.
    dead port 1/2 on $mux $procmux$12735.
    dead port 2/2 on $mux $procmux$12735.
    dead port 1/2 on $mux $procmux$17057.
    dead port 2/2 on $mux $procmux$17057.
    dead port 1/2 on $mux $procmux$12716.
    dead port 2/2 on $mux $procmux$12716.
    dead port 1/2 on $mux $procmux$17053.
    dead port 2/2 on $mux $procmux$17053.
    dead port 1/2 on $mux $procmux$12697.
    dead port 2/2 on $mux $procmux$12697.
    dead port 1/2 on $mux $procmux$20019.
    dead port 2/2 on $mux $procmux$20019.
    dead port 1/2 on $mux $procmux$17049.
    dead port 2/2 on $mux $procmux$17049.
    dead port 1/2 on $mux $procmux$12678.
    dead port 2/2 on $mux $procmux$12678.
    dead port 1/2 on $mux $procmux$12659.
    dead port 2/2 on $mux $procmux$12659.
    dead port 1/2 on $mux $procmux$17045.
    dead port 2/2 on $mux $procmux$17045.
    dead port 1/2 on $mux $procmux$12640.
    dead port 2/2 on $mux $procmux$12640.
    dead port 1/2 on $mux $procmux$20002.
    dead port 2/2 on $mux $procmux$20002.
    dead port 1/2 on $mux $procmux$17041.
    dead port 2/2 on $mux $procmux$17041.
    dead port 1/2 on $mux $procmux$12621.
    dead port 2/2 on $mux $procmux$12621.
    dead port 1/2 on $mux $procmux$12602.
    dead port 2/2 on $mux $procmux$12602.
    dead port 1/2 on $mux $procmux$17037.
    dead port 2/2 on $mux $procmux$17037.
    dead port 1/2 on $mux $procmux$19985.
    dead port 2/2 on $mux $procmux$19985.
    dead port 1/2 on $mux $procmux$12583.
    dead port 2/2 on $mux $procmux$12583.
    dead port 1/2 on $mux $procmux$17033.
    dead port 2/2 on $mux $procmux$17033.
    dead port 1/2 on $mux $procmux$12564.
    dead port 2/2 on $mux $procmux$12564.
    dead port 1/2 on $mux $procmux$12545.
    dead port 2/2 on $mux $procmux$12545.
    dead port 1/2 on $mux $procmux$17029.
    dead port 2/2 on $mux $procmux$17029.
    dead port 1/2 on $mux $procmux$19968.
    dead port 2/2 on $mux $procmux$19968.
    dead port 1/2 on $mux $procmux$12526.
    dead port 2/2 on $mux $procmux$12526.
    dead port 1/2 on $mux $procmux$17025.
    dead port 2/2 on $mux $procmux$17025.
    dead port 1/2 on $mux $procmux$12507.
    dead port 2/2 on $mux $procmux$12507.
    dead port 1/2 on $mux $procmux$12488.
    dead port 2/2 on $mux $procmux$12488.
    dead port 1/2 on $mux $procmux$17021.
    dead port 2/2 on $mux $procmux$17021.
    dead port 1/2 on $mux $procmux$19951.
    dead port 2/2 on $mux $procmux$19951.
    dead port 1/2 on $mux $procmux$12469.
    dead port 2/2 on $mux $procmux$12469.
    dead port 1/2 on $mux $procmux$17017.
    dead port 2/2 on $mux $procmux$17017.
    dead port 1/2 on $mux $procmux$12450.
    dead port 2/2 on $mux $procmux$12450.
    dead port 1/2 on $mux $procmux$12431.
    dead port 2/2 on $mux $procmux$12431.
    dead port 1/2 on $mux $procmux$17013.
    dead port 2/2 on $mux $procmux$17013.
    dead port 1/2 on $mux $procmux$19934.
    dead port 2/2 on $mux $procmux$19934.
    dead port 1/2 on $mux $procmux$12412.
    dead port 2/2 on $mux $procmux$12412.
    dead port 1/2 on $mux $procmux$17009.
    dead port 2/2 on $mux $procmux$17009.
    dead port 1/2 on $mux $procmux$12393.
    dead port 2/2 on $mux $procmux$12393.
    dead port 1/2 on $mux $procmux$17005.
    dead port 2/2 on $mux $procmux$17005.
    dead port 1/2 on $mux $procmux$12374.
    dead port 2/2 on $mux $procmux$12374.
    dead port 1/2 on $mux $procmux$19917.
    dead port 2/2 on $mux $procmux$19917.
    dead port 1/2 on $mux $procmux$12355.
    dead port 2/2 on $mux $procmux$12355.
    dead port 1/2 on $mux $procmux$17001.
    dead port 2/2 on $mux $procmux$17001.
    dead port 1/2 on $mux $procmux$12336.
    dead port 2/2 on $mux $procmux$12336.
    dead port 1/2 on $mux $procmux$16997.
    dead port 2/2 on $mux $procmux$16997.
    dead port 1/2 on $mux $procmux$12317.
    dead port 2/2 on $mux $procmux$12317.
    dead port 1/2 on $mux $procmux$19900.
    dead port 2/2 on $mux $procmux$19900.
    dead port 1/2 on $mux $procmux$16993.
    dead port 2/2 on $mux $procmux$16993.
    dead port 1/2 on $mux $procmux$12298.
    dead port 2/2 on $mux $procmux$12298.
    dead port 1/2 on $mux $procmux$12279.
    dead port 2/2 on $mux $procmux$12279.
    dead port 1/2 on $mux $procmux$16989.
    dead port 2/2 on $mux $procmux$16989.
    dead port 1/2 on $mux $procmux$12260.
    dead port 2/2 on $mux $procmux$12260.
    dead port 1/2 on $mux $procmux$19883.
    dead port 2/2 on $mux $procmux$19883.
    dead port 1/2 on $mux $procmux$16985.
    dead port 2/2 on $mux $procmux$16985.
    dead port 1/2 on $mux $procmux$12241.
    dead port 2/2 on $mux $procmux$12241.
    dead port 1/2 on $mux $procmux$12222.
    dead port 2/2 on $mux $procmux$12222.
    dead port 1/2 on $mux $procmux$16981.
    dead port 2/2 on $mux $procmux$16981.
    dead port 1/2 on $mux $procmux$12203.
    dead port 2/2 on $mux $procmux$12203.
    dead port 1/2 on $mux $procmux$19866.
    dead port 2/2 on $mux $procmux$19866.
    dead port 1/2 on $mux $procmux$16977.
    dead port 2/2 on $mux $procmux$16977.
    dead port 1/2 on $mux $procmux$12184.
    dead port 2/2 on $mux $procmux$12184.
    dead port 1/2 on $mux $procmux$12165.
    dead port 2/2 on $mux $procmux$12165.
    dead port 1/2 on $mux $procmux$16973.
    dead port 2/2 on $mux $procmux$16973.
    dead port 1/2 on $mux $procmux$12146.
    dead port 2/2 on $mux $procmux$12146.
    dead port 1/2 on $mux $procmux$19849.
    dead port 2/2 on $mux $procmux$19849.
    dead port 1/2 on $mux $procmux$16969.
    dead port 2/2 on $mux $procmux$16969.
    dead port 1/2 on $mux $procmux$12127.
    dead port 2/2 on $mux $procmux$12127.
    dead port 1/2 on $mux $procmux$12108.
    dead port 2/2 on $mux $procmux$12108.
    dead port 1/2 on $mux $procmux$16965.
    dead port 2/2 on $mux $procmux$16965.
    dead port 1/2 on $mux $procmux$19832.
    dead port 2/2 on $mux $procmux$19832.
    dead port 1/2 on $mux $procmux$12089.
    dead port 2/2 on $mux $procmux$12089.
    dead port 1/2 on $mux $procmux$16961.
    dead port 2/2 on $mux $procmux$16961.
    dead port 1/2 on $mux $procmux$12070.
    dead port 2/2 on $mux $procmux$12070.
    dead port 1/2 on $mux $procmux$16957.
    dead port 2/2 on $mux $procmux$16957.
    dead port 1/2 on $mux $procmux$12051.
    dead port 2/2 on $mux $procmux$12051.
    dead port 1/2 on $mux $procmux$19815.
    dead port 2/2 on $mux $procmux$19815.
    dead port 1/2 on $mux $procmux$12032.
    dead port 2/2 on $mux $procmux$12032.
    dead port 1/2 on $mux $procmux$16953.
    dead port 2/2 on $mux $procmux$16953.
    dead port 1/2 on $mux $procmux$12013.
    dead port 2/2 on $mux $procmux$12013.
    dead port 1/2 on $mux $procmux$16949.
    dead port 2/2 on $mux $procmux$16949.
    dead port 1/2 on $mux $procmux$11994.
    dead port 2/2 on $mux $procmux$11994.
    dead port 1/2 on $mux $procmux$19798.
    dead port 2/2 on $mux $procmux$19798.
    dead port 1/2 on $mux $procmux$11975.
    dead port 2/2 on $mux $procmux$11975.
    dead port 1/2 on $mux $procmux$16945.
    dead port 2/2 on $mux $procmux$16945.
    dead port 1/2 on $mux $procmux$11956.
    dead port 2/2 on $mux $procmux$11956.
    dead port 1/2 on $mux $procmux$11937.
    dead port 2/2 on $mux $procmux$11937.
    dead port 1/2 on $mux $procmux$16941.
    dead port 2/2 on $mux $procmux$16941.
    dead port 1/2 on $mux $procmux$19781.
    dead port 2/2 on $mux $procmux$19781.
    dead port 1/2 on $mux $procmux$11918.
    dead port 2/2 on $mux $procmux$11918.
    dead port 1/2 on $mux $procmux$16937.
    dead port 2/2 on $mux $procmux$16937.
    dead port 1/2 on $mux $procmux$11899.
    dead port 2/2 on $mux $procmux$11899.
    dead port 1/2 on $mux $procmux$16933.
    dead port 2/2 on $mux $procmux$16933.
    dead port 1/2 on $mux $procmux$11880.
    dead port 2/2 on $mux $procmux$11880.
    dead port 1/2 on $mux $procmux$19764.
    dead port 2/2 on $mux $procmux$19764.
    dead port 1/2 on $mux $procmux$11861.
    dead port 2/2 on $mux $procmux$11861.
    dead port 1/2 on $mux $procmux$16929.
    dead port 2/2 on $mux $procmux$16929.
    dead port 1/2 on $mux $procmux$11842.
    dead port 2/2 on $mux $procmux$11842.
    dead port 1/2 on $mux $procmux$16925.
    dead port 2/2 on $mux $procmux$16925.
    dead port 1/2 on $mux $procmux$11823.
    dead port 2/2 on $mux $procmux$11823.
    dead port 1/2 on $mux $procmux$19747.
    dead port 2/2 on $mux $procmux$19747.
Running muxtree optimizer on module \state_word_engine..
  Creating internal representation of mux trees.
  Evaluating internal representation of mux trees.
  Analyzing evaluation results.
    dead port 1/2 on $mux $procmux$23569.
    dead port 2/2 on $mux $procmux$23569.
    dead port 1/2 on $mux $procmux$23561.
    dead port 2/2 on $mux $procmux$23561.
    dead port 1/2 on $mux $procmux$23167.
    dead port 2/2 on $mux $procmux$23167.
    dead port 1/2 on $mux $procmux$23161.
    dead port 2/2 on $mux $procmux$23161.
    dead port 1/2 on $mux $procmux$23158.
    dead port 2/2 on $mux $procmux$23158.
    dead port 1/2 on $mux $procmux$23152.
    dead port 2/2 on $mux $procmux$23152.
    dead port 1/2 on $mux $procmux$23149.
    dead port 2/2 on $mux $procmux$23149.
    dead port 1/2 on $mux $procmux$23143.
    dead port 2/2 on $mux $procmux$23143.
    dead port 1/2 on $mux $procmux$23140.
    dead port 2/2 on $mux $procmux$23140.
    dead port 1/2 on $mux $procmux$23134.
    dead port 2/2 on $mux $procmux$23134.
    dead port 1/2 on $mux $procmux$23131.
    dead port 2/2 on $mux $procmux$23131.
    dead port 1/2 on $mux $procmux$23125.
    dead port 2/2 on $mux $procmux$23125.
    dead port 1/2 on $mux $procmux$23122.
    dead port 2/2 on $mux $procmux$23122.
    dead port 1/2 on $mux $procmux$23116.
    dead port 2/2 on $mux $procmux$23116.
    dead port 1/2 on $mux $procmux$23113.
    dead port 2/2 on $mux $procmux$23113.
    dead port 1/2 on $mux $procmux$23104.
    dead port 2/2 on $mux $procmux$23104.
    dead port 1/2 on $mux $procmux$23101.
    dead port 2/2 on $mux $procmux$23101.
    dead port 1/2 on $mux $procmux$22972.
    dead port 2/2 on $mux $procmux$22972.
    dead port 1/2 on $mux $procmux$22969.
    dead port 2/2 on $mux $procmux$22969.
    dead port 1/2 on $mux $procmux$22966.
    dead port 2/2 on $mux $procmux$22966.
    dead port 1/2 on $mux $procmux$22963.
    dead port 2/2 on $mux $procmux$22963.
    dead port 1/2 on $mux $procmux$22960.
    dead port 2/2 on $mux $procmux$22960.
    dead port 1/2 on $mux $procmux$22957.
    dead port 2/2 on $mux $procmux$22957.
    dead port 1/2 on $mux $procmux$22954.
    dead port 2/2 on $mux $procmux$22954.
    dead port 1/2 on $mux $procmux$22951.
    dead port 2/2 on $mux $procmux$22951.
    dead port 1/2 on $mux $procmux$22948.
    dead port 2/2 on $mux $procmux$22948.
    dead port 1/2 on $mux $procmux$22945.
    dead port 2/2 on $mux $procmux$22945.
    dead port 1/2 on $mux $procmux$22942.
    dead port 2/2 on $mux $procmux$22942.
    dead port 1/2 on $mux $procmux$22939.
    dead port 2/2 on $mux $procmux$22939.
    dead port 1/2 on $mux $procmux$22936.
    dead port 2/2 on $mux $procmux$22936.
    dead port 1/2 on $mux $procmux$22933.
    dead port 2/2 on $mux $procmux$22933.
    dead port 1/2 on $mux $procmux$22930.
    dead port 2/2 on $mux $procmux$22930.
    dead port 1/2 on $mux $procmux$22927.
    dead port 2/2 on $mux $procmux$22927.
    dead port 1/2 on $mux $procmux$22919.
    dead port 2/2 on $mux $procmux$22919.
    dead port 1/2 on $mux $procmux$22907.
    dead port 2/2 on $mux $procmux$22907.
    dead port 1/2 on $mux $procmux$22880.
    dead port 2/2 on $mux $procmux$22880.
    dead port 1/2 on $mux $procmux$22868.
    dead port 2/2 on $mux $procmux$22868.
    dead port 1/2 on $mux $procmux$22841.
    dead port 2/2 on $mux $procmux$22841.
    dead port 1/2 on $mux $procmux$22829.
    dead port 2/2 on $mux $procmux$22829.
    dead port 1/2 on $mux $procmux$22802.
    dead port 2/2 on $mux $procmux$22802.
    dead port 1/2 on $mux $procmux$22790.
    dead port 2/2 on $mux $procmux$22790.
    dead port 1/2 on $mux $procmux$22763.
    dead port 2/2 on $mux $procmux$22763.
    dead port 1/2 on $mux $procmux$22751.
    dead port 2/2 on $mux $procmux$22751.
    dead port 1/2 on $mux $procmux$22724.
    dead port 2/2 on $mux $procmux$22724.
    dead port 1/2 on $mux $procmux$22712.
    dead port 2/2 on $mux $procmux$22712.
    dead port 1/2 on $mux $procmux$22685.
    dead port 2/2 on $mux $procmux$22685.
    dead port 1/2 on $mux $procmux$22646.
    dead port 2/2 on $mux $procmux$22646.
    dead port 1/2 on $mux $procmux$22640.
    dead port 2/2 on $mux $procmux$22640.
Running muxtree optimizer on module \conv_unit_serial..
  Creating internal representation of mux trees.
  Evaluating internal representation of mux trees.
  Analyzing evaluation results.
    dead port 1/2 on $mux $procmux$23740.
    dead port 2/2 on $mux $procmux$23740.
    dead port 1/2 on $mux $procmux$23725.
    dead port 2/2 on $mux $procmux$23725.
    dead port 1/2 on $mux $procmux$23743.
    dead port 2/2 on $mux $procmux$23743.
    dead port 1/2 on $mux $procmux$23719.
    dead port 2/2 on $mux $procmux$23719.
    dead port 1/2 on $mux $procmux$23707.
    dead port 2/2 on $mux $procmux$23707.
    dead port 1/2 on $mux $procmux$23695.
    dead port 2/2 on $mux $procmux$23695.
    dead port 1/2 on $mux $procmux$23737.
    dead port 2/2 on $mux $procmux$23737.
    dead port 1/2 on $mux $procmux$23734.
    dead port 2/2 on $mux $procmux$23734.
Running muxtree optimizer on module \mac_array_16x16..
  Creating internal representation of mux trees.
  Evaluating internal representation of mux trees.
  Analyzing evaluation results.
    dead port 1/2 on $mux $procmux$23853.
    dead port 2/2 on $mux $procmux$23853.
    dead port 1/2 on $mux $procmux$23850.
    dead port 2/2 on $mux $procmux$23850.
    dead port 1/2 on $mux $procmux$23812.
    dead port 2/2 on $mux $procmux$23812.
    dead port 1/2 on $mux $procmux$23806.
    dead port 2/2 on $mux $procmux$23806.
Running muxtree optimizer on module \requant..
  Creating internal representation of mux trees.
  Evaluating internal representation of mux trees.
  Analyzing evaluation results.
Running muxtree optimizer on module \intermediate_sram..
  Creating internal representation of mux trees.
  Evaluating internal representation of mux trees.
  Analyzing evaluation results.
    dead port 1/2 on $mux $procmux$23949.
    dead port 2/2 on $mux $procmux$23949.
    dead port 1/2 on $mux $procmux$23946.
    dead port 2/2 on $mux $procmux$23946.
    dead port 1/2 on $mux $procmux$23933.
    dead port 2/2 on $mux $procmux$23933.
    dead port 1/2 on $mux $procmux$23930.
    dead port 2/2 on $mux $procmux$23930.
    dead port 1/2 on $mux $procmux$23927.
    dead port 2/2 on $mux $procmux$23927.
    dead port 1/2 on $mux $procmux$23969.
    dead port 2/2 on $mux $procmux$23969.
    dead port 1/2 on $mux $procmux$23966.
    dead port 2/2 on $mux $procmux$23966.
    dead port 1/2 on $mux $procmux$23952.
    dead port 2/2 on $mux $procmux$23952.
    dead port 1/2 on $mux $procmux$23963.
    dead port 2/2 on $mux $procmux$23963.
    dead port 1/2 on $mux $procmux$23986.
    dead port 2/2 on $mux $procmux$23986.
    dead port 1/2 on $mux $procmux$23983.
    dead port 2/2 on $mux $procmux$23983.
    dead port 1/2 on $mux $procmux$23980.
    dead port 2/2 on $mux $procmux$23980.
Running muxtree optimizer on module \activation_sram..
  Creating internal representation of mux trees.
  Evaluating internal representation of mux trees.
  Analyzing evaluation results.
    dead port 2/4 on $pmux $procmux$24031.
    dead port 2/4 on $pmux $procmux$24041.
    dead port 1/4 on $pmux $procmux$24036.
    dead port 3/4 on $pmux $procmux$24036.
    dead port 1/4 on $pmux $procmux$24046.
    dead port 3/4 on $pmux $procmux$24046.
Running muxtree optimizer on module \state_sram..
  Creating internal representation of mux trees.
  Evaluating internal representation of mux trees.
  Analyzing evaluation results.
    dead port 1/8 on $pmux $procmux$24064.
    dead port 3/8 on $pmux $procmux$24064.
    dead port 4/8 on $pmux $procmux$24064.
    dead port 5/8 on $pmux $procmux$24064.
    dead port 7/8 on $pmux $procmux$24064.
    dead port 1/8 on $pmux $procmux$24073.
    dead port 2/8 on $pmux $procmux$24073.
    dead port 4/8 on $pmux $procmux$24073.
    dead port 5/8 on $pmux $procmux$24073.
    dead port 6/8 on $pmux $procmux$24073.
    dead port 2/8 on $pmux $procmux$24055.
    dead port 3/8 on $pmux $procmux$24055.
    dead port 4/8 on $pmux $procmux$24055.
    dead port 6/8 on $pmux $procmux$24055.
    dead port 7/8 on $pmux $procmux$24055.
    dead port 1/8 on $pmux $procmux$24082.
    dead port 2/8 on $pmux $procmux$24082.
    dead port 3/8 on $pmux $procmux$24082.
    dead port 5/8 on $pmux $procmux$24082.
    dead port 6/8 on $pmux $procmux$24082.
    dead port 7/8 on $pmux $procmux$24082.
Running muxtree optimizer on module \weight_sram..
  Creating internal representation of mux trees.
  Evaluating internal representation of mux trees.
  Analyzing evaluation results.
Removed 1725 multiplexer ports.
<suppressed ~606 debug messages>

17.4. Executing OPT_REDUCE pass (consolidate $*mux and $reduce_* inputs).
  Optimizing cells in module \x7_top.
    Consolidated identical input bits for $mux cell $procmux$3962:
      Old ports: A=3'000, B=3'101, Y=$procmux$3962_Y
      New ports: A=1'0, B=1'1, Y=$procmux$3962_Y [0]
      New connections: $procmux$3962_Y [2:1] = { $procmux$3962_Y [0] 1'0 }
    Consolidated identical input bits for $mux cell $procmux$4533:
      Old ports: A=9'000000000, B={ 5'00000 \input_beat }, Y=$procmux$4533_Y
      New ports: A=4'0000, B=\input_beat, Y=$procmux$4533_Y [3:0]
      New connections: $procmux$4533_Y [8:4] = 5'00000
    Consolidated identical input bits for $mux cell $procmux$4352:
      Old ports: A=9'000000000, B=$add$rtl/x7_top.v:104$3627_Y, Y=$procmux$4352_Y
      New ports: A=5'00000, B={ 1'1 \conv_channel [6:3] }, Y=$procmux$4352_Y [4:0]
      New connections: $procmux$4352_Y [8:5] = 4'0000
    New ctrl vector for $pmux cell $procmux$4622: { $procmux$4571_CMP $procmux$4585_CMP }
    Consolidated identical input bits for $mux cell $procmux$4203:
      Old ports: A=9'000000000, B={ 5'00000 \out_issue }, Y=$procmux$4203_Y
      New ports: A=4'0000, B=\out_issue, Y=$procmux$4203_Y [3:0]
      New connections: $procmux$4203_Y [8:4] = 5'00000
    Consolidated identical input bits for $mux cell $ternary$rtl/x7_top.v:99$3621:
      Old ports: A=9'000000000, B=9'010100000, Y=$ternary$rtl/x7_top.v:99$3621_Y
      New ports: A=1'0, B=1'1, Y=$ternary$rtl/x7_top.v:99$3621_Y [5]
      New connections: { $ternary$rtl/x7_top.v:99$3621_Y [8:6] $ternary$rtl/x7_top.v:99$3621_Y [4:0] } = { 1'0 $ternary$rtl/x7_top.v:99$3621_Y [5] 6'000000 }
    Consolidated identical input bits for $mux cell $ternary$rtl/x7_top.v:98$3617:
      Old ports: A=9'000000000, B=9'010100000, Y=$ternary$rtl/x7_top.v:98$3617_Y
      New ports: A=1'0, B=1'1, Y=$ternary$rtl/x7_top.v:98$3617_Y [5]
      New connections: { $ternary$rtl/x7_top.v:98$3617_Y [8:6] $ternary$rtl/x7_top.v:98$3617_Y [4:0] } = { 1'0 $ternary$rtl/x7_top.v:98$3617_Y [5] 6'000000 }
    Consolidated identical input bits for $mux cell $ternary$rtl/x7_top.v:49$3597:
      Old ports: A={ 2'00 \norm_ivec_rd_addr }, B={ 2'00 \ss_ivec_addr }, Y=$ternary$rtl/x7_top.v:49$3597_Y
      New ports: A=\norm_ivec_rd_addr, B=\ss_ivec_addr, Y=$ternary$rtl/x7_top.v:49$3597_Y [3:0]
      New connections: $ternary$rtl/x7_top.v:49$3597_Y [5:4] = 2'00
    Consolidated identical input bits for $mux cell $ternary$rtl/x7_top.v:49$3595:
      Old ports: A=4'0000, B=4'1000, Y=$ternary$rtl/x7_top.v:49$3595_Y
      New ports: A=1'0, B=1'1, Y=$ternary$rtl/x7_top.v:49$3595_Y [3]
      New connections: $ternary$rtl/x7_top.v:49$3595_Y [2:0] = 3'000
    Consolidated identical input bits for $mux cell $procmux$4114:
      Old ports: A=3'000, B=3'111, Y=$procmux$4114_Y
      New ports: A=1'0, B=1'1, Y=$procmux$4114_Y [0]
      New connections: $procmux$4114_Y [2:1] = { $procmux$4114_Y [0] $procmux$4114_Y [0] }
  Optimizing cells in module \x7_top.
  Optimizing cells in module \x7_controller.
  Optimizing cells in module \streaming_norm.
    Consolidated identical input bits for $mux cell $procmux$7128:
      Old ports: A=21'000000000000000100000, B=21'100000000000000000000, Y=$procmux$7128_Y
      New ports: A=2'01, B=2'10, Y={ $procmux$7128_Y [20] $procmux$7128_Y [5] }
      New connections: { $procmux$7128_Y [19:6] $procmux$7128_Y [4:0] } = 19'0000000000000000000
    New ctrl vector for $pmux cell $procmux$7162: $auto$opt_reduce.cc:134:opt_pmux$25305
    Consolidated identical input bits for $mux cell $procmux$7108:
      Old ports: A=21'000000000000001000000, B=21'000000000000000000001, Y=$procmux$7108_Y
      New ports: A=2'10, B=2'01, Y={ $procmux$7108_Y [6] $procmux$7108_Y [0] }
      New connections: { $procmux$7108_Y [20:7] $procmux$7108_Y [5:1] } = 19'0000000000000000000
    Consolidated identical input bits for $mux cell $procmux$7008:
      Old ports: A=9'000000100, B=9'000010000, Y=$procmux$7008_Y
      New ports: A=2'01, B=2'10, Y={ $procmux$7008_Y [4] $procmux$7008_Y [2] }
      New connections: { $procmux$7008_Y [8:5] $procmux$7008_Y [3] $procmux$7008_Y [1:0] } = 7'0000000
    New ctrl vector for $pmux cell $procmux$6357: { $procmux$7116_CMP $auto$opt_reduce.cc:134:opt_pmux$25307 }
    Consolidated identical input bits for $mux cell $procmux$7140:
      Old ports: A=21'000000000000000000010, B=21'000000000000000001000, Y=$procmux$7140_Y
      New ports: A=2'01, B=2'10, Y={ $procmux$7140_Y [3] $procmux$7140_Y [1] }
      New connections: { $procmux$7140_Y [20:4] $procmux$7140_Y [2] $procmux$7140_Y [0] } = 19'0000000000000000000
    Consolidated identical input bits for $mux cell $procmux$7177:
      Old ports: A=9'000000000, B={ 6'000000 \beat }, Y=$procmux$7177_Y
      New ports: A=3'000, B=\beat, Y=$procmux$7177_Y [2:0]
      New connections: $procmux$7177_Y [8:3] = 6'000000
    Consolidated identical input bits for $mux cell $ternary$rtl/streaming_norm.v:66$3338:
      Old ports: A=$shr$rtl/streaming_norm.v:66$3337_Y, B=1, Y=$ternary$rtl/streaming_norm.v:66$3338_Y
      New ports: A=\sumsq [20:7], B=14'00000000000001, Y=$ternary$rtl/streaming_norm.v:66$3338_Y [13:0]
      New connections: $ternary$rtl/streaming_norm.v:66$3338_Y [31:14] = 18'000000000000000000
  Optimizing cells in module \streaming_norm.
    Consolidated identical input bits for $mux cell $procmux$7011:
      Old ports: A=$procmux$7008_Y, B=9'001000000, Y=$procmux$7011_Y
      New ports: A={ 1'0 $procmux$7008_Y [4] $procmux$7008_Y [2] }, B=3'100, Y={ $procmux$7011_Y [6] $procmux$7011_Y [4] $procmux$7011_Y [2] }
      New connections: { $procmux$7011_Y [8:7] $procmux$7011_Y [5] $procmux$7011_Y [3] $procmux$7011_Y [1:0] } = 6'000000
  Optimizing cells in module \streaming_norm.
    Consolidated identical input bits for $mux cell $procmux$7014:
      Old ports: A=$procmux$7011_Y, B=9'010000000, Y=$procmux$7014_Y
      New ports: A={ 1'0 $procmux$7011_Y [6] $procmux$7011_Y [4] $procmux$7011_Y [2] }, B=4'1000, Y={ $procmux$7014_Y [7:6] $procmux$7014_Y [4] $procmux$7014_Y [2] }
      New connections: { $procmux$7014_Y [8] $procmux$7014_Y [5] $procmux$7014_Y [3] $procmux$7014_Y [1:0] } = 5'00000
  Optimizing cells in module \streaming_norm.
  Optimizing cells in module \state_stream_controller.
    Consolidated identical input bits for $mux cell $procmux$22239:
      Old ports: A=$add$rtl/state_stream_controller.v:76$1118_Y [8:0], B=9'000000000, Y=$procmux$22239_Y
      New ports: A={ \chunk 1'1 }, B=3'000, Y=$procmux$22239_Y [2:0]
      New connections: $procmux$22239_Y [8:3] = { 3'000 $procmux$22239_Y [0] 2'00 }
    New ctrl vector for $pmux cell $procmux$16582: $auto$opt_reduce.cc:134:opt_pmux$25309
    Consolidated identical input bits for $mux cell $procmux$22273:
      Old ports: A=$add$rtl/state_stream_controller.v:75$1115_Y [8:0], B=9'000000000, Y=$procmux$22273_Y
      New ports: A={ 1'1 \chunk }, B=3'000, Y={ $procmux$22273_Y [5] $procmux$22273_Y [2:1] }
      New connections: { $procmux$22273_Y [8:6] $procmux$22273_Y [4:3] $procmux$22273_Y [0] } = 6'000000
    Consolidated identical input bits for $mux cell $procmux$22083:
      Old ports: A=24'000000000001000000000000, B=24'010000000000000000000000, Y=$procmux$22083_Y
      New ports: A=2'01, B=2'10, Y={ $procmux$22083_Y [22] $procmux$22083_Y [12] }
      New connections: { $procmux$22083_Y [23] $procmux$22083_Y [21:13] $procmux$22083_Y [11:0] } = 22'0000000000000000000000
    New ctrl vector for $pmux cell $procmux$20921: $auto$opt_reduce.cc:134:opt_pmux$25311
    Consolidated identical input bits for $mux cell $procmux$22088:
      Old ports: A=24'000000010000000000000000, B=24'000001000000000000000000, Y=$procmux$22088_Y
      New ports: A=2'01, B=2'10, Y={ $procmux$22088_Y [18] $procmux$22088_Y [16] }
      New connections: { $procmux$22088_Y [23:19] $procmux$22088_Y [17] $procmux$22088_Y [15:0] } = 22'0000000000000000000000
    Consolidated identical input bits for $mux cell $procmux$22325:
      Old ports: A=2'01, B=2'00, Y=$procmux$22325_Y
      New ports: A=1'1, B=1'0, Y=$procmux$22325_Y [0]
      New connections: $procmux$22325_Y [1] = 1'0
    New ctrl vector for $pmux cell $procmux$20909: $auto$opt_reduce.cc:134:opt_pmux$25313
    New ctrl vector for $pmux cell $procmux$21029: $auto$opt_reduce.cc:134:opt_pmux$25315
    New ctrl vector for $pmux cell $procmux$20879: $auto$opt_reduce.cc:134:opt_pmux$25317
    Consolidated identical input bits for $mux cell $procmux$22128:
      Old ports: A=24'000000000000000000000010, B=24'000000000000000100000000, Y=$procmux$22128_Y
      New ports: A=2'01, B=2'10, Y={ $procmux$22128_Y [8] $procmux$22128_Y [1] }
      New connections: { $procmux$22128_Y [23:9] $procmux$22128_Y [7:2] $procmux$22128_Y [0] } = 22'0000000000000000000000
    Consolidated identical input bits for $mux cell $procmux$22455:
      Old ports: A=$add$rtl/state_stream_controller.v:67$1102_Y, B=9'000000000, Y=$procmux$22455_Y
      New ports: A={ 1'1 \row [6:3] }, B=5'00000, Y=$procmux$22455_Y [4:0]
      New connections: $procmux$22455_Y [8:5] = 4'0000
    Consolidated identical input bits for $mux cell $procmux$22114:
      Old ports: A=24'000000000000000000000010, B=24'000000000000010000000000, Y=$procmux$22114_Y
      New ports: A=2'01, B=2'10, Y={ $procmux$22114_Y [10] $procmux$22114_Y [1] }
      New connections: { $procmux$22114_Y [23:11] $procmux$22114_Y [9:2] $procmux$22114_Y [0] } = 22'0000000000000000000000
    Consolidated identical input bits for $mux cell $procmux$22133:
      Old ports: A=24'000000000000000000010000, B=24'000000000000000001000000, Y=$procmux$22133_Y
      New ports: A=2'01, B=2'10, Y={ $procmux$22133_Y [6] $procmux$22133_Y [4] }
      New connections: { $procmux$22133_Y [23:7] $procmux$22133_Y [5] $procmux$22133_Y [3:0] } = 22'0000000000000000000000
    New ctrl vector for $pmux cell $procmux$22511: $auto$opt_reduce.cc:134:opt_pmux$25319
    New ctrl vector for $pmux cell $procmux$20861: $auto$opt_reduce.cc:134:opt_pmux$25321
    New ctrl vector for $pmux cell $procmux$22521: $auto$opt_reduce.cc:134:opt_pmux$25323
    New ctrl vector for $pmux cell $procmux$21011: $auto$opt_reduce.cc:134:opt_pmux$25325
    New ctrl vector for $pmux cell $procmux$22538: { $procmux$16661_CMP $procmux$21859_CMP }
    New ctrl vector for $pmux cell $procmux$20939: $auto$opt_reduce.cc:134:opt_pmux$25327
    New ctrl vector for $pmux cell $procmux$22547: $auto$opt_reduce.cc:134:opt_pmux$25329
    New ctrl vector for $pmux cell $procmux$16732: { $procmux$21259_CMP $procmux$21276_CMP $auto$opt_reduce.cc:134:opt_pmux$25331 $procmux$21265_CMP }
    New ctrl vector for $pmux cell $procmux$22553: $auto$opt_reduce.cc:134:opt_pmux$25333
    New ctrl vector for $pmux cell $procmux$20849: $auto$opt_reduce.cc:134:opt_pmux$25335
    Consolidated identical input bits for $pmux cell $procmux$22557:
      Old ports: A=9'000000000, B={ $add$rtl/state_stream_controller.v:73$1112_Y [8:0] $add$rtl/state_stream_controller.v:82$1127_Y [8:0] }, Y=$procmux$22557_Y
      New ports: A=5'00000, B={ 2'01 $auto$opt_expr.cc:205:group_cell_inputs$25300 \diff_half 2'11 $auto$opt_expr.cc:205:group_cell_inputs$25300 \diff_half }, Y={ $procmux$22557_Y [7] $procmux$22557_Y [5] $procmux$22557_Y [2:0] }
      New connections: { $procmux$22557_Y [8] $procmux$22557_Y [6] $procmux$22557_Y [4:3] } = 4'0000
    New ctrl vector for $pmux cell $procmux$20999: $auto$opt_reduce.cc:134:opt_pmux$25337
    Consolidated identical input bits for $mux cell $procmux$22190:
      Old ports: A=2'10, B=2'00, Y=$procmux$22190_Y
      New ports: A=1'1, B=1'0, Y=$procmux$22190_Y [1]
      New connections: $procmux$22190_Y [0] = 1'0
    New ctrl vector for $pmux cell $procmux$22571: $auto$opt_reduce.cc:134:opt_pmux$25339
    New ctrl vector for $pmux cell $procmux$22576: $auto$opt_reduce.cc:134:opt_pmux$25341
    New ctrl vector for $pmux cell $procmux$22586: $auto$opt_reduce.cc:134:opt_pmux$25343
    New ctrl vector for $pmux cell $procmux$20981: $auto$opt_reduce.cc:134:opt_pmux$25345
    New ctrl vector for $pmux cell $procmux$22604: $auto$opt_reduce.cc:134:opt_pmux$25347
    Consolidated identical input bits for $mux cell $procmux$21920:
      Old ports: A=1'1, B=1'1, Y=$procmux$21920_Y
      New connections: $procmux$21920_Y = 1'1
    New ctrl vector for $pmux cell $procmux$20969: $auto$opt_reduce.cc:134:opt_pmux$25349
    Consolidated identical input bits for $mux cell $procmux$21979:
      Old ports: A=1'1, B=1'1, Y=$procmux$21979_Y
      New connections: $procmux$21979_Y = 1'1
    Consolidated identical input bits for $mux cell $procmux$21988:
      Old ports: A=1'1, B=1'1, Y=$procmux$21988_Y
      New connections: $procmux$21988_Y = 1'1
    New ctrl vector for $pmux cell $procmux$20831: $auto$opt_reduce.cc:134:opt_pmux$25351
    New ctrl vector for $pmux cell $procmux$20951: $auto$opt_reduce.cc:134:opt_pmux$25353
    New ctrl vector for $pmux cell $procmux$8621: $auto$opt_reduce.cc:134:opt_pmux$25355
    New ctrl vector for $pmux cell $procmux$21041: $auto$opt_reduce.cc:134:opt_pmux$25357
    New ctrl vector for $pmux cell $procmux$8609: $auto$opt_reduce.cc:134:opt_pmux$25359
    New ctrl vector for $pmux cell $procmux$20819: $auto$opt_reduce.cc:134:opt_pmux$25361
    New ctrl vector for $pmux cell $procmux$20891: $auto$opt_reduce.cc:134:opt_pmux$25363
    Consolidated identical input bits for $mux cell $procmux$22075:
      Old ports: A=24'000000000000010000000000, B=24'000000000000000000000001, Y=$procmux$22075_Y
      New ports: A=2'10, B=2'01, Y={ $procmux$22075_Y [10] $procmux$22075_Y [0] }
      New connections: { $procmux$22075_Y [23:11] $procmux$22075_Y [9:1] } = 22'0000000000000000000000
    New input vector for $reduce_or cell $auto$opt_reduce.cc:128:opt_pmux$25318: { $procmux$21951_CMP $procmux$21892_CMP $procmux$21889_CMP $procmux$16730_CMP }
    New input vector for $reduce_or cell $auto$opt_reduce.cc:128:opt_pmux$25322: { $procmux$21951_CMP $procmux$21892_CMP $procmux$21889_CMP $procmux$16730_CMP }
  Optimizing cells in module \state_stream_controller.
    Consolidated identical input bits for $pmux cell $procmux$22501:
      Old ports: A=9'000000000, B={ $2\act_rd_addr[8:0] $3\act_rd_addr[8:0] $4\act_rd_addr[8:0] }, Y=$procmux$22501_Y
      New ports: A=6'000000, B={ 1'0 $procmux$22455_Y [4:0] $procmux$22273_Y [5] 2'00 $procmux$22273_Y [2:1] 1'0 $procmux$22239_Y [0] 2'00 $procmux$22239_Y [2:0] }, Y=$procmux$22501_Y [5:0]
      New connections: $procmux$22501_Y [8:6] = 3'000
    Consolidated identical input bits for $mux cell $procmux$22116:
      Old ports: A=24'100000000000000000000000, B=$procmux$22114_Y, Y=$procmux$22116_Y
      New ports: A=3'100, B={ 1'0 $procmux$22114_Y [10] $procmux$22114_Y [1] }, Y={ $procmux$22116_Y [23] $procmux$22116_Y [10] $procmux$22116_Y [1] }
      New connections: { $procmux$22116_Y [22:11] $procmux$22116_Y [9:2] $procmux$22116_Y [0] } = 21'000000000000000000000
    New ctrl vector for $pmux cell $procmux$21981: { $procmux$16661_CMP $procmux$21936_CMP $auto$opt_reduce.cc:134:opt_pmux$25365 }
    Consolidated identical input bits for $mux cell $procmux$22077:
      Old ports: A=24'010000000000000000000000, B=$procmux$22075_Y, Y=$procmux$22077_Y
      New ports: A=3'100, B={ 1'0 $procmux$22075_Y [10] $procmux$22075_Y [0] }, Y={ $procmux$22077_Y [22] $procmux$22077_Y [10] $procmux$22077_Y [0] }
      New connections: { $procmux$22077_Y [23] $procmux$22077_Y [21:11] $procmux$22077_Y [9:1] } = 21'000000000000000000000
  Optimizing cells in module \state_stream_controller.
  Optimizing cells in module \state_word_engine.
  Optimizing cells in module \conv_unit_serial.
  Optimizing cells in module \mac_array_16x16.
    Consolidated identical input bits for $mux cell $ternary$rtl/mac_array_16x16.v:28$572:
      Old ports: A={ \result [23] \result }, B=25'0000000000000000000000000, Y=$ternary$rtl/mac_array_16x16.v:28$572_Y
      New ports: A=\result, B=24'000000000000000000000000, Y=$ternary$rtl/mac_array_16x16.v:28$572_Y [23:0]
      New connections: $ternary$rtl/mac_array_16x16.v:28$572_Y [24] = $ternary$rtl/mac_array_16x16.v:28$572_Y [23]
  Optimizing cells in module \mac_array_16x16.
  Optimizing cells in module \requant.
  Optimizing cells in module \intermediate_sram.
    Consolidated identical input bits for $mux cell $ternary$rtl/intermediate_sram.v:19$550:
      Old ports: A={ 3'000 \rd_word_addr }, B={ 3'000 \macro_wa }, Y=$ternary$rtl/intermediate_sram.v:19$550_Y
      New ports: A=\rd_word_addr, B=\macro_wa, Y=$ternary$rtl/intermediate_sram.v:19$550_Y [5:0]
      New connections: $ternary$rtl/intermediate_sram.v:19$550_Y [8:6] = 3'000
    Consolidated identical input bits for $mux cell $ternary$rtl/intermediate_sram.v:19$548:
      Old ports: A={ 3'000 \rd_word_addr }, B={ 3'000 \macro_wa }, Y=$ternary$rtl/intermediate_sram.v:19$548_Y
      New ports: A=\rd_word_addr, B=\macro_wa, Y=$ternary$rtl/intermediate_sram.v:19$548_Y [5:0]
      New connections: $ternary$rtl/intermediate_sram.v:19$548_Y [8:6] = 3'000
    Consolidated identical input bits for $mux cell $ternary$rtl/intermediate_sram.v:19$546:
      Old ports: A={ 3'000 \rd_word_addr }, B={ 3'000 \macro_wa }, Y=$ternary$rtl/intermediate_sram.v:19$546_Y
      New ports: A=\rd_word_addr, B=\macro_wa, Y=$ternary$rtl/intermediate_sram.v:19$546_Y [5:0]
      New connections: $ternary$rtl/intermediate_sram.v:19$546_Y [8:6] = 3'000
    Consolidated identical input bits for $mux cell $ternary$rtl/intermediate_sram.v:19$552:
      Old ports: A={ 3'000 \rd_word_addr }, B={ 3'000 \macro_wa }, Y=$ternary$rtl/intermediate_sram.v:19$552_Y
      New ports: A=\rd_word_addr, B=\macro_wa, Y=$ternary$rtl/intermediate_sram.v:19$552_Y [5:0]
      New connections: $ternary$rtl/intermediate_sram.v:19$552_Y [8:6] = 3'000
  Optimizing cells in module \intermediate_sram.
  Optimizing cells in module \activation_sram.
  Optimizing cells in module \state_sram.
  Optimizing cells in module \weight_sram.
Performed a total of 75 changes.

17.5. Executing OPT_MERGE pass (detect identical cells).
Finding identical cells in module `\x7_top'.
<suppressed ~6 debug messages>
Finding identical cells in module `\x7_controller'.
Finding identical cells in module `\streaming_norm'.
Finding identical cells in module `\state_stream_controller'.
<suppressed ~687 debug messages>
Finding identical cells in module `\state_word_engine'.
Finding identical cells in module `\conv_unit_serial'.
Finding identical cells in module `\mac_array_16x16'.
Finding identical cells in module `\requant'.
Finding identical cells in module `\intermediate_sram'.
Finding identical cells in module `\activation_sram'.
<suppressed ~6 debug messages>
Finding identical cells in module `\state_sram'.
<suppressed ~18 debug messages>
Finding identical cells in module `\weight_sram'.
Removed a total of 239 cells.

17.6. Executing OPT_SHARE pass.

17.7. Executing OPT_DFF pass (perform DFF optimizations).
Adding EN signal on $procdff$24139 ($adff) from module x7_top (D = \out_issue [2:0], Q = \out_index).
Adding EN signal on $procdff$24138 ($adff) from module x7_top (D = $procmux$3834_Y [2:0], Q = \out_issue [2:0]).
Adding EN signal on $procdff$24138 ($adff) from module x7_top (D = $procmux$3834_Y [3], Q = \out_issue [3]).
Adding EN signal on $procdff$24137 ($adff) from module x7_top (D = $procmux$3847_Y, Q = \out_pending).
Adding EN signal on $procdff$24136 ($adff) from module x7_top (D = $procmux$3855_Y, Q = \norm_started).
Adding EN signal on $procdff$24135 ($adff) from module x7_top (D = \ss_active_out, Q = \active_state).
Adding EN signal on $procdff$24134 ($adff) from module x7_top (D = \ivec_rd_words [255:192], Q = \norm_ivec_rdata_q).
Adding EN signal on $procdff$24133 ($adff) from module x7_top (D = 2'11, Q = \norm_ivec_vec_q).
Adding EN signal on $procdff$24129 ($adff) from module x7_top (D = $procmux$3883_Y, Q = \ss_ivec_rdata_q).
Adding EN signal on $procdff$24128 ($adff) from module x7_top (D = \ss_ivec_vec, Q = \ss_ivec_vec_q).
Adding EN signal on $procdff$24123 ($adff) from module x7_top (D = $shiftx$rtl/x7_top.v:0$3665_Y, Q = \conv_x_scalar).
Adding EN signal on $procdff$24122 ($adff) from module x7_top (D = $3$lookahead\conv_gate_pack$3632[127:0]$3662, Q = \conv_gate_pack).
Adding EN signal on $procdff$24121 ($dff) from module x7_top (D = \acta_rdata, Q = \conv_x_beat).
Adding EN signal on $procdff$24118 ($adff) from module x7_top (D = $procmux$3936_Y, Q = \conv_channel).
Adding EN signal on $procdff$24117 ($adff) from module x7_top (D = $procmux$3971_Y, Q = \conv_step).
Adding EN signal on $procdff$24116 ($dff) from module x7_top (D = \weight_rd_data, Q = \proj_weight).
Adding EN signal on $procdff$24113 ($dff) from module x7_top (D = { \acta_rdata \proj_low }, Q = \proj_window).
Adding EN signal on $procdff$24110 ($dff) from module x7_top (D = \acta_rdata, Q = \proj_low).
Adding EN signal on $procdff$24107 ($adff) from module x7_top (D = $procmux$4032_Y, Q = \proj_results).
Adding EN signal on $procdff$24106 ($adff) from module x7_top (D = $procmux$4053_Y, Q = \proj_index).
Adding EN signal on $procdff$24105 ($adff) from module x7_top (D = $procmux$4078_Y, Q = \proj_sel).
Adding EN signal on $procdff$24104 ($adff) from module x7_top (D = $procmux$4105_Y, Q = \proj_step).
Adding EN signal on $procdff$24103 ($adff) from module x7_top (D = $procmux$4138_Y, Q = \input_beat).
Adding EN signal on $procdff$24102 ($adff) from module x7_top (D = $procmux$4151_Y, Q = \fault).
Adding EN signal on $procdff$24101 ($adff) from module x7_top (D = $procmux$4165_Y, Q = \phase).
Setting constant 1-bit at position 0 on $auto$ff.cc:266:slice$25417 ($adffe) from module x7_top.
Setting constant 1-bit at position 1 on $auto$ff.cc:266:slice$25417 ($adffe) from module x7_top.
Setting constant 1-bit at position 0 on $procdff$24143 ($adff) from module x7_top.
Setting constant 1-bit at position 1 on $procdff$24143 ($adff) from module x7_top.
Setting constant 1-bit at position 2 on $procdff$24143 ($adff) from module x7_top.
Setting constant 1-bit at position 3 on $procdff$24143 ($adff) from module x7_top.
Setting constant 1-bit at position 4 on $procdff$24143 ($adff) from module x7_top.
Setting constant 1-bit at position 5 on $procdff$24143 ($adff) from module x7_top.
Setting constant 1-bit at position 6 on $procdff$24143 ($adff) from module x7_top.
Setting constant 1-bit at position 7 on $procdff$24143 ($adff) from module x7_top.
Setting constant 1-bit at position 8 on $procdff$24143 ($adff) from module x7_top.
Setting constant 1-bit at position 9 on $procdff$24143 ($adff) from module x7_top.
Setting constant 1-bit at position 10 on $procdff$24143 ($adff) from module x7_top.
Setting constant 1-bit at position 11 on $procdff$24143 ($adff) from module x7_top.
Setting constant 1-bit at position 12 on $procdff$24143 ($adff) from module x7_top.
Setting constant 1-bit at position 13 on $procdff$24143 ($adff) from module x7_top.
Setting constant 1-bit at position 14 on $procdff$24143 ($adff) from module x7_top.
Setting constant 1-bit at position 15 on $procdff$24143 ($adff) from module x7_top.
Setting constant 1-bit at position 16 on $procdff$24143 ($adff) from module x7_top.
Setting constant 1-bit at position 17 on $procdff$24143 ($adff) from module x7_top.
Setting constant 1-bit at position 18 on $procdff$24143 ($adff) from module x7_top.
Setting constant 1-bit at position 19 on $procdff$24143 ($adff) from module x7_top.
Setting constant 1-bit at position 20 on $procdff$24143 ($adff) from module x7_top.
Setting constant 1-bit at position 21 on $procdff$24143 ($adff) from module x7_top.
Setting constant 1-bit at position 22 on $procdff$24143 ($adff) from module x7_top.
Setting constant 1-bit at position 23 on $procdff$24143 ($adff) from module x7_top.
Setting constant 1-bit at position 24 on $procdff$24143 ($adff) from module x7_top.
Setting constant 1-bit at position 25 on $procdff$24143 ($adff) from module x7_top.
Setting constant 1-bit at position 26 on $procdff$24143 ($adff) from module x7_top.
Setting constant 1-bit at position 27 on $procdff$24143 ($adff) from module x7_top.
Setting constant 1-bit at position 28 on $procdff$24143 ($adff) from module x7_top.
Setting constant 1-bit at position 29 on $procdff$24143 ($adff) from module x7_top.
Setting constant 1-bit at position 30 on $procdff$24143 ($adff) from module x7_top.
Setting constant 1-bit at position 31 on $procdff$24143 ($adff) from module x7_top.
Setting constant 1-bit at position 32 on $procdff$24143 ($adff) from module x7_top.
Setting constant 1-bit at position 33 on $procdff$24143 ($adff) from module x7_top.
Setting constant 1-bit at position 34 on $procdff$24143 ($adff) from module x7_top.
Setting constant 1-bit at position 35 on $procdff$24143 ($adff) from module x7_top.
Setting constant 1-bit at position 36 on $procdff$24143 ($adff) from module x7_top.
Setting constant 1-bit at position 37 on $procdff$24143 ($adff) from module x7_top.
Setting constant 1-bit at position 38 on $procdff$24143 ($adff) from module x7_top.
Setting constant 1-bit at position 39 on $procdff$24143 ($adff) from module x7_top.
Setting constant 1-bit at position 40 on $procdff$24143 ($adff) from module x7_top.
Setting constant 1-bit at position 41 on $procdff$24143 ($adff) from module x7_top.
Setting constant 1-bit at position 42 on $procdff$24143 ($adff) from module x7_top.
Setting constant 1-bit at position 43 on $procdff$24143 ($adff) from module x7_top.
Setting constant 1-bit at position 44 on $procdff$24143 ($adff) from module x7_top.
Setting constant 1-bit at position 45 on $procdff$24143 ($adff) from module x7_top.
Setting constant 1-bit at position 46 on $procdff$24143 ($adff) from module x7_top.
Setting constant 1-bit at position 47 on $procdff$24143 ($adff) from module x7_top.
Setting constant 1-bit at position 48 on $procdff$24143 ($adff) from module x7_top.
Setting constant 1-bit at position 49 on $procdff$24143 ($adff) from module x7_top.
Setting constant 1-bit at position 50 on $procdff$24143 ($adff) from module x7_top.
Setting constant 1-bit at position 51 on $procdff$24143 ($adff) from module x7_top.
Setting constant 1-bit at position 52 on $procdff$24143 ($adff) from module x7_top.
Setting constant 1-bit at position 53 on $procdff$24143 ($adff) from module x7_top.
Setting constant 1-bit at position 54 on $procdff$24143 ($adff) from module x7_top.
Setting constant 1-bit at position 55 on $procdff$24143 ($adff) from module x7_top.
Setting constant 1-bit at position 56 on $procdff$24143 ($adff) from module x7_top.
Setting constant 1-bit at position 57 on $procdff$24143 ($adff) from module x7_top.
Setting constant 1-bit at position 58 on $procdff$24143 ($adff) from module x7_top.
Setting constant 1-bit at position 59 on $procdff$24143 ($adff) from module x7_top.
Setting constant 1-bit at position 60 on $procdff$24143 ($adff) from module x7_top.
Setting constant 1-bit at position 61 on $procdff$24143 ($adff) from module x7_top.
Setting constant 1-bit at position 62 on $procdff$24143 ($adff) from module x7_top.
Setting constant 1-bit at position 63 on $procdff$24143 ($adff) from module x7_top.
Setting constant 1-bit at position 64 on $procdff$24143 ($adff) from module x7_top.
Setting constant 1-bit at position 65 on $procdff$24143 ($adff) from module x7_top.
Setting constant 1-bit at position 66 on $procdff$24143 ($adff) from module x7_top.
Setting constant 1-bit at position 67 on $procdff$24143 ($adff) from module x7_top.
Setting constant 1-bit at position 68 on $procdff$24143 ($adff) from module x7_top.
Setting constant 1-bit at position 69 on $procdff$24143 ($adff) from module x7_top.
Setting constant 1-bit at position 70 on $procdff$24143 ($adff) from module x7_top.
Setting constant 1-bit at position 71 on $procdff$24143 ($adff) from module x7_top.
Setting constant 1-bit at position 72 on $procdff$24143 ($adff) from module x7_top.
Setting constant 1-bit at position 73 on $procdff$24143 ($adff) from module x7_top.
Setting constant 1-bit at position 74 on $procdff$24143 ($adff) from module x7_top.
Setting constant 1-bit at position 75 on $procdff$24143 ($adff) from module x7_top.
Setting constant 1-bit at position 76 on $procdff$24143 ($adff) from module x7_top.
Setting constant 1-bit at position 77 on $procdff$24143 ($adff) from module x7_top.
Setting constant 1-bit at position 78 on $procdff$24143 ($adff) from module x7_top.
Setting constant 1-bit at position 79 on $procdff$24143 ($adff) from module x7_top.
Setting constant 1-bit at position 80 on $procdff$24143 ($adff) from module x7_top.
Setting constant 1-bit at position 81 on $procdff$24143 ($adff) from module x7_top.
Setting constant 1-bit at position 82 on $procdff$24143 ($adff) from module x7_top.
Setting constant 1-bit at position 83 on $procdff$24143 ($adff) from module x7_top.
Setting constant 1-bit at position 84 on $procdff$24143 ($adff) from module x7_top.
Setting constant 1-bit at position 85 on $procdff$24143 ($adff) from module x7_top.
Setting constant 1-bit at position 86 on $procdff$24143 ($adff) from module x7_top.
Setting constant 1-bit at position 87 on $procdff$24143 ($adff) from module x7_top.
Setting constant 1-bit at position 88 on $procdff$24143 ($adff) from module x7_top.
Setting constant 1-bit at position 89 on $procdff$24143 ($adff) from module x7_top.
Setting constant 1-bit at position 90 on $procdff$24143 ($adff) from module x7_top.
Setting constant 1-bit at position 91 on $procdff$24143 ($adff) from module x7_top.
Setting constant 1-bit at position 92 on $procdff$24143 ($adff) from module x7_top.
Setting constant 1-bit at position 93 on $procdff$24143 ($adff) from module x7_top.
Setting constant 1-bit at position 94 on $procdff$24143 ($adff) from module x7_top.
Setting constant 1-bit at position 95 on $procdff$24143 ($adff) from module x7_top.
Setting constant 1-bit at position 96 on $procdff$24143 ($adff) from module x7_top.
Setting constant 1-bit at position 97 on $procdff$24143 ($adff) from module x7_top.
Setting constant 1-bit at position 98 on $procdff$24143 ($adff) from module x7_top.
Setting constant 1-bit at position 99 on $procdff$24143 ($adff) from module x7_top.
Setting constant 1-bit at position 100 on $procdff$24143 ($adff) from module x7_top.
Setting constant 1-bit at position 101 on $procdff$24143 ($adff) from module x7_top.
Setting constant 1-bit at position 102 on $procdff$24143 ($adff) from module x7_top.
Setting constant 1-bit at position 103 on $procdff$24143 ($adff) from module x7_top.
Setting constant 1-bit at position 104 on $procdff$24143 ($adff) from module x7_top.
Setting constant 1-bit at position 105 on $procdff$24143 ($adff) from module x7_top.
Setting constant 1-bit at position 106 on $procdff$24143 ($adff) from module x7_top.
Setting constant 1-bit at position 107 on $procdff$24143 ($adff) from module x7_top.
Setting constant 1-bit at position 108 on $procdff$24143 ($adff) from module x7_top.
Setting constant 1-bit at position 109 on $procdff$24143 ($adff) from module x7_top.
Setting constant 1-bit at position 110 on $procdff$24143 ($adff) from module x7_top.
Setting constant 1-bit at position 111 on $procdff$24143 ($adff) from module x7_top.
Setting constant 1-bit at position 112 on $procdff$24143 ($adff) from module x7_top.
Setting constant 1-bit at position 113 on $procdff$24143 ($adff) from module x7_top.
Setting constant 1-bit at position 114 on $procdff$24143 ($adff) from module x7_top.
Setting constant 1-bit at position 115 on $procdff$24143 ($adff) from module x7_top.
Setting constant 1-bit at position 116 on $procdff$24143 ($adff) from module x7_top.
Setting constant 1-bit at position 117 on $procdff$24143 ($adff) from module x7_top.
Setting constant 1-bit at position 118 on $procdff$24143 ($adff) from module x7_top.
Setting constant 1-bit at position 119 on $procdff$24143 ($adff) from module x7_top.
Setting constant 1-bit at position 120 on $procdff$24143 ($adff) from module x7_top.
Setting constant 1-bit at position 121 on $procdff$24143 ($adff) from module x7_top.
Setting constant 1-bit at position 122 on $procdff$24143 ($adff) from module x7_top.
Setting constant 1-bit at position 123 on $procdff$24143 ($adff) from module x7_top.
Setting constant 1-bit at position 124 on $procdff$24143 ($adff) from module x7_top.
Setting constant 1-bit at position 125 on $procdff$24143 ($adff) from module x7_top.
Setting constant 1-bit at position 126 on $procdff$24143 ($adff) from module x7_top.
Setting constant 1-bit at position 127 on $procdff$24143 ($adff) from module x7_top.
Setting constant 1-bit at position 0 on $procdff$24142 ($adff) from module x7_top.
Setting constant 1-bit at position 1 on $procdff$24142 ($adff) from module x7_top.
Setting constant 1-bit at position 2 on $procdff$24142 ($adff) from module x7_top.
Setting constant 1-bit at position 3 on $procdff$24142 ($adff) from module x7_top.
Setting constant 1-bit at position 4 on $procdff$24142 ($adff) from module x7_top.
Setting constant 1-bit at position 5 on $procdff$24142 ($adff) from module x7_top.
Setting constant 1-bit at position 6 on $procdff$24142 ($adff) from module x7_top.
Setting constant 1-bit at position 7 on $procdff$24142 ($adff) from module x7_top.
Setting constant 1-bit at position 8 on $procdff$24142 ($adff) from module x7_top.
Setting constant 1-bit at position 9 on $procdff$24142 ($adff) from module x7_top.
Setting constant 1-bit at position 10 on $procdff$24142 ($adff) from module x7_top.
Setting constant 1-bit at position 11 on $procdff$24142 ($adff) from module x7_top.
Setting constant 1-bit at position 12 on $procdff$24142 ($adff) from module x7_top.
Setting constant 1-bit at position 13 on $procdff$24142 ($adff) from module x7_top.
Setting constant 1-bit at position 14 on $procdff$24142 ($adff) from module x7_top.
Setting constant 1-bit at position 15 on $procdff$24142 ($adff) from module x7_top.
Setting constant 1-bit at position 16 on $procdff$24142 ($adff) from module x7_top.
Setting constant 1-bit at position 17 on $procdff$24142 ($adff) from module x7_top.
Setting constant 1-bit at position 18 on $procdff$24142 ($adff) from module x7_top.
Setting constant 1-bit at position 19 on $procdff$24142 ($adff) from module x7_top.
Setting constant 1-bit at position 20 on $procdff$24142 ($adff) from module x7_top.
Setting constant 1-bit at position 21 on $procdff$24142 ($adff) from module x7_top.
Setting constant 1-bit at position 22 on $procdff$24142 ($adff) from module x7_top.
Setting constant 1-bit at position 23 on $procdff$24142 ($adff) from module x7_top.
Setting constant 1-bit at position 24 on $procdff$24142 ($adff) from module x7_top.
Setting constant 1-bit at position 25 on $procdff$24142 ($adff) from module x7_top.
Setting constant 1-bit at position 26 on $procdff$24142 ($adff) from module x7_top.
Setting constant 1-bit at position 27 on $procdff$24142 ($adff) from module x7_top.
Setting constant 1-bit at position 28 on $procdff$24142 ($adff) from module x7_top.
Setting constant 1-bit at position 29 on $procdff$24142 ($adff) from module x7_top.
Setting constant 1-bit at position 30 on $procdff$24142 ($adff) from module x7_top.
Setting constant 1-bit at position 31 on $procdff$24142 ($adff) from module x7_top.
Adding SRST signal on $procdff$24144 ($dff) from module x7_controller (D = $procmux$4627_Y [0], Q = \phase_cycles [0], rval = 1'0).
Adding SRST signal on $procdff$24144 ($dff) from module x7_controller (D = $add$rtl/x7_controller.v:9$3574_Y [15:1], Q = \phase_cycles [15:1], rval = 15'000000000000000).
Adding SRST signal on $procdff$24145 ($dff) from module x7_controller (D = $procmux$4633_Y, Q = \phase_q, rval = 7'0000000).
Adding EN signal on $auto$ff.cc:266:slice$25587 ($sdff) from module x7_controller (D = \phase, Q = \phase_q).
Adding EN signal on $procdff$24379 ($dff) from module streaming_norm (D = \r, Q = \scale_r[15]).
Adding EN signal on $procdff$24376 ($dff) from module streaming_norm (D = \r, Q = \scale_r[14]).
Adding EN signal on $procdff$24373 ($dff) from module streaming_norm (D = \r, Q = \scale_r[13]).
Adding EN signal on $procdff$24370 ($dff) from module streaming_norm (D = \r, Q = \scale_r[12]).
Adding EN signal on $procdff$24367 ($dff) from module streaming_norm (D = \r, Q = \scale_r[11]).
Adding EN signal on $procdff$24364 ($dff) from module streaming_norm (D = \r, Q = \scale_r[10]).
Adding EN signal on $procdff$24361 ($dff) from module streaming_norm (D = \r, Q = \scale_r[9]).
Adding EN signal on $procdff$24358 ($dff) from module streaming_norm (D = \r, Q = \scale_r[8]).
Adding EN signal on $procdff$24355 ($dff) from module streaming_norm (D = \r, Q = \scale_r[7]).
Adding EN signal on $procdff$24352 ($dff) from module streaming_norm (D = \r, Q = \scale_r[6]).
Adding EN signal on $procdff$24349 ($dff) from module streaming_norm (D = \r, Q = \scale_r[5]).
Adding EN signal on $procdff$24172 ($dff) from module streaming_norm (D = $mul$rtl/streaming_norm.v:51$3318_Y, Q = \sq1).
Adding EN signal on $procdff$24340 ($dff) from module streaming_norm (D = \r, Q = \scale_r[2]).
Adding EN signal on $procdff$24169 ($dff) from module streaming_norm (D = $mul$rtl/streaming_norm.v:50$3317_Y, Q = \sq0).
Adding EN signal on $procdff$24166 ($dff) from module streaming_norm (D = $4\sat8$func$rtl/streaming_norm.v:105$3009.$result[7:0]$3486, Q = \scaled_cache [127:120]).
Adding EN signal on $procdff$24166 ($dff) from module streaming_norm (D = $4\sat8$func$rtl/streaming_norm.v:105$3008.$result[7:0]$3480, Q = \scaled_cache [119:112]).
Adding EN signal on $procdff$24166 ($dff) from module streaming_norm (D = $4\sat8$func$rtl/streaming_norm.v:105$3007.$result[7:0]$3474, Q = \scaled_cache [111:104]).
Adding EN signal on $procdff$24166 ($dff) from module streaming_norm (D = $4\sat8$func$rtl/streaming_norm.v:105$3006.$result[7:0]$3468, Q = \scaled_cache [103:96]).
Adding EN signal on $procdff$24166 ($dff) from module streaming_norm (D = $4\sat8$func$rtl/streaming_norm.v:105$3005.$result[7:0]$3462, Q = \scaled_cache [95:88]).
Adding EN signal on $procdff$24166 ($dff) from module streaming_norm (D = $4\sat8$func$rtl/streaming_norm.v:105$3004.$result[7:0]$3456, Q = \scaled_cache [87:80]).
Adding EN signal on $procdff$24166 ($dff) from module streaming_norm (D = $4\sat8$func$rtl/streaming_norm.v:105$3003.$result[7:0]$3450, Q = \scaled_cache [79:72]).
Adding EN signal on $procdff$24166 ($dff) from module streaming_norm (D = $4\sat8$func$rtl/streaming_norm.v:105$3002.$result[7:0]$3444, Q = \scaled_cache [71:64]).
Adding EN signal on $procdff$24166 ($dff) from module streaming_norm (D = $4\sat8$func$rtl/streaming_norm.v:105$3001.$result[7:0]$3438, Q = \scaled_cache [63:56]).
Adding EN signal on $procdff$24166 ($dff) from module streaming_norm (D = $4\sat8$func$rtl/streaming_norm.v:105$3000.$result[7:0]$3432, Q = \scaled_cache [55:48]).
Adding EN signal on $procdff$24166 ($dff) from module streaming_norm (D = $4\sat8$func$rtl/streaming_norm.v:105$2999.$result[7:0]$3426, Q = \scaled_cache [47:40]).
Adding EN signal on $procdff$24166 ($dff) from module streaming_norm (D = $4\sat8$func$rtl/streaming_norm.v:105$2998.$result[7:0]$3420, Q = \scaled_cache [39:32]).
Adding EN signal on $procdff$24166 ($dff) from module streaming_norm (D = $4\sat8$func$rtl/streaming_norm.v:105$2997.$result[7:0]$3414, Q = \scaled_cache [31:24]).
Adding EN signal on $procdff$24166 ($dff) from module streaming_norm (D = $4\sat8$func$rtl/streaming_norm.v:105$2996.$result[7:0]$3408, Q = \scaled_cache [23:16]).
Adding EN signal on $procdff$24166 ($dff) from module streaming_norm (D = $4\sat8$func$rtl/streaming_norm.v:105$2995.$result[7:0]$3402, Q = \scaled_cache [15:8]).
Adding EN signal on $procdff$24166 ($dff) from module streaming_norm (D = $4\sat8$func$rtl/streaming_norm.v:105$2994.$result[7:0]$3396, Q = \scaled_cache [7:0]).
Adding EN signal on $procdff$24163 ($dff) from module streaming_norm (D = \act_rd_data, Q = \x_cache).
Adding EN signal on $procdff$24343 ($dff) from module streaming_norm (D = \r, Q = \scale_r[3]).
Adding EN signal on $procdff$24160 ($adff) from module streaming_norm (D = $3\satadd8$func$rtl/streaming_norm.v:110$3025.$result[7:0]$3566, Q = \pending_write [127:120]).
Adding EN signal on $procdff$24160 ($adff) from module streaming_norm (D = $3\satadd8$func$rtl/streaming_norm.v:110$3024.$result[7:0]$3561, Q = \pending_write [119:112]).
Adding EN signal on $procdff$24160 ($adff) from module streaming_norm (D = $3\satadd8$func$rtl/streaming_norm.v:110$3023.$result[7:0]$3556, Q = \pending_write [111:104]).
Adding EN signal on $procdff$24160 ($adff) from module streaming_norm (D = $3\satadd8$func$rtl/streaming_norm.v:110$3022.$result[7:0]$3551, Q = \pending_write [103:96]).
Adding EN signal on $procdff$24160 ($adff) from module streaming_norm (D = $3\satadd8$func$rtl/streaming_norm.v:110$3021.$result[7:0]$3546, Q = \pending_write [95:88]).
Adding EN signal on $procdff$24160 ($adff) from module streaming_norm (D = $3\satadd8$func$rtl/streaming_norm.v:110$3020.$result[7:0]$3541, Q = \pending_write [87:80]).
Adding EN signal on $procdff$24160 ($adff) from module streaming_norm (D = $3\satadd8$func$rtl/streaming_norm.v:110$3019.$result[7:0]$3536, Q = \pending_write [79:72]).
Adding EN signal on $procdff$24160 ($adff) from module streaming_norm (D = $3\satadd8$func$rtl/streaming_norm.v:110$3018.$result[7:0]$3531, Q = \pending_write [71:64]).
Adding EN signal on $procdff$24160 ($adff) from module streaming_norm (D = $3\satadd8$func$rtl/streaming_norm.v:110$3017.$result[7:0]$3526, Q = \pending_write [63:56]).
Adding EN signal on $procdff$24160 ($adff) from module streaming_norm (D = $3\satadd8$func$rtl/streaming_norm.v:110$3016.$result[7:0]$3521, Q = \pending_write [55:48]).
Adding EN signal on $procdff$24160 ($adff) from module streaming_norm (D = $3\satadd8$func$rtl/streaming_norm.v:110$3015.$result[7:0]$3516, Q = \pending_write [47:40]).
Adding EN signal on $procdff$24160 ($adff) from module streaming_norm (D = $3\satadd8$func$rtl/streaming_norm.v:110$3014.$result[7:0]$3511, Q = \pending_write [39:32]).
Adding EN signal on $procdff$24160 ($adff) from module streaming_norm (D = $3\satadd8$func$rtl/streaming_norm.v:110$3013.$result[7:0]$3506, Q = \pending_write [31:24]).
Adding EN signal on $procdff$24160 ($adff) from module streaming_norm (D = $3\satadd8$func$rtl/streaming_norm.v:110$3012.$result[7:0]$3501, Q = \pending_write [23:16]).
Adding EN signal on $procdff$24160 ($adff) from module streaming_norm (D = $3\satadd8$func$rtl/streaming_norm.v:110$3011.$result[7:0]$3496, Q = \pending_write [15:8]).
Adding EN signal on $procdff$24160 ($adff) from module streaming_norm (D = $3\satadd8$func$rtl/streaming_norm.v:110$3010.$result[7:0]$3491, Q = \pending_write [7:0]).
Adding EN signal on $procdff$24159 ($adff) from module streaming_norm (D = \ivec_rd_data, Q = \o_hi).
Adding EN signal on $procdff$24158 ($adff) from module streaming_norm (D = \ivec_rd_data, Q = \o_lo).
Adding EN signal on $procdff$24157 ($adff) from module streaming_norm (D = $sshr$rtl/streaming_norm.v:72$3344_Y, Q = \y2).
Adding EN signal on $procdff$24346 ($dff) from module streaming_norm (D = \r, Q = \scale_r[4]).
Adding EN signal on $procdff$24156 ($adff) from module streaming_norm (D = $procmux$7005_Y, Q = \r).
Adding EN signal on $procdff$24155 ($adff) from module streaming_norm (D = $ternary$rtl/streaming_norm.v:66$3338_Y [13:0], Q = \mean).
Adding EN signal on $procdff$24154 ($adff) from module streaming_norm (D = $procmux$7050_Y, Q = \sumsq).
Adding EN signal on $procdff$24153 ($adff) from module streaming_norm (D = $procmux$7068_Y [2:1], Q = \nr [2:1]).
Adding EN signal on $procdff$24153 ($adff) from module streaming_norm (D = $procmux$7068_Y [0], Q = \nr [0]).
Adding EN signal on $procdff$24152 ($adff) from module streaming_norm (D = $procmux$7079_Y, Q = \beat).
Adding EN signal on $procdff$24151 ($adff) from module streaming_norm (D = $procmux$7101_Y, Q = \word).
Adding EN signal on $procdff$24150 ($adff) from module streaming_norm (D = $procmux$7110_Y, Q = \st).
Adding EN signal on $procdff$24235 ($dff) from module streaming_norm (D = $mul$rtl/streaming_norm.v:86$3354_Y, Q = \nr_hi_q).
Adding EN signal on $procdff$24232 ($dff) from module streaming_norm (D = $mul$rtl/streaming_norm.v:85$3353_Y, Q = \nr_lo_q).
Adding EN signal on $procdff$24148 ($dff) from module streaming_norm (D = $procmux$6357_Y, Q = \i).
Adding EN signal on $procdff$24229 ($dff) from module streaming_norm (D = $mul$rtl/streaming_norm.v:75$3347_Y, Q = \xy_hi_q).
Adding EN signal on $procdff$24226 ($dff) from module streaming_norm (D = $mul$rtl/streaming_norm.v:74$3346_Y, Q = \xy_lo_q).
Adding EN signal on $procdff$24223 ($dff) from module streaming_norm (D = $sshr$rtl/streaming_norm.v:81$3352_Y [13:0], Q = \factor_q).
Adding EN signal on $procdff$24220 ($dff) from module streaming_norm (D = $3\scaled[22:0], Q = \scaled).
Adding EN signal on $procdff$24217 ($dff) from module streaming_norm (D = $add$rtl/streaming_norm.v:90$3356_Y, Q = \next_y).
Adding EN signal on $procdff$24214 ($dff) from module streaming_norm (D = $shr$rtl/streaming_norm.v:80$3350_Y [22:0], Q = \xy2).
Adding EN signal on $procdff$24211 ($dff) from module streaming_norm (D = $3\o[7:0], Q = \o).
Adding EN signal on $procdff$24208 ($dff) from module streaming_norm (D = $add$rtl/streaming_norm.v:61$3330_Y, Q = \half1).
Adding EN signal on $procdff$24205 ($dff) from module streaming_norm (D = $add$rtl/streaming_norm.v:61$3329_Y, Q = \half0).
Adding EN signal on $procdff$24202 ($dff) from module streaming_norm (D = $add$rtl/streaming_norm.v:60$3328_Y, Q = \pair3).
Adding EN signal on $procdff$24199 ($dff) from module streaming_norm (D = $add$rtl/streaming_norm.v:60$3327_Y, Q = \pair2).
Adding EN signal on $procdff$24196 ($dff) from module streaming_norm (D = $add$rtl/streaming_norm.v:60$3326_Y, Q = \pair1).
Adding EN signal on $procdff$24193 ($dff) from module streaming_norm (D = $add$rtl/streaming_norm.v:60$3325_Y, Q = \pair0).
Adding EN signal on $procdff$24190 ($dff) from module streaming_norm (D = $mul$rtl/streaming_norm.v:57$3324_Y, Q = \sq7).
Adding EN signal on $procdff$24187 ($dff) from module streaming_norm (D = $mul$rtl/streaming_norm.v:56$3323_Y, Q = \sq6).
Adding EN signal on $procdff$24334 ($dff) from module streaming_norm (D = \r, Q = \scale_r[0]).
Adding EN signal on $procdff$24184 ($dff) from module streaming_norm (D = $mul$rtl/streaming_norm.v:55$3322_Y, Q = \sq5).
Adding EN signal on $procdff$24181 ($dff) from module streaming_norm (D = $mul$rtl/streaming_norm.v:54$3321_Y, Q = \sq4).
Adding EN signal on $procdff$24178 ($dff) from module streaming_norm (D = $mul$rtl/streaming_norm.v:53$3320_Y, Q = \sq3).
Adding EN signal on $procdff$24337 ($dff) from module streaming_norm (D = \r, Q = \scale_r[1]).
Adding EN signal on $procdff$24175 ($dff) from module streaming_norm (D = $mul$rtl/streaming_norm.v:52$3319_Y, Q = \sq2).
Setting constant 1-bit at position 0 on $procdff$24331 ($adff) from module streaming_norm.
Setting constant 1-bit at position 1 on $procdff$24331 ($adff) from module streaming_norm.
Setting constant 1-bit at position 2 on $procdff$24331 ($adff) from module streaming_norm.
Setting constant 1-bit at position 3 on $procdff$24331 ($adff) from module streaming_norm.
Setting constant 1-bit at position 4 on $procdff$24331 ($adff) from module streaming_norm.
Setting constant 1-bit at position 5 on $procdff$24331 ($adff) from module streaming_norm.
Setting constant 1-bit at position 6 on $procdff$24331 ($adff) from module streaming_norm.
Setting constant 1-bit at position 7 on $procdff$24331 ($adff) from module streaming_norm.
Setting constant 1-bit at position 8 on $procdff$24331 ($adff) from module streaming_norm.
Setting constant 1-bit at position 0 on $procdff$24259 ($adff) from module streaming_norm.
Setting constant 1-bit at position 1 on $procdff$24259 ($adff) from module streaming_norm.
Setting constant 1-bit at position 2 on $procdff$24259 ($adff) from module streaming_norm.
Setting constant 1-bit at position 3 on $procdff$24259 ($adff) from module streaming_norm.
Setting constant 1-bit at position 4 on $procdff$24259 ($adff) from module streaming_norm.
Setting constant 1-bit at position 5 on $procdff$24259 ($adff) from module streaming_norm.
Setting constant 1-bit at position 6 on $procdff$24259 ($adff) from module streaming_norm.
Setting constant 1-bit at position 7 on $procdff$24259 ($adff) from module streaming_norm.
Setting constant 1-bit at position 8 on $procdff$24259 ($adff) from module streaming_norm.
Setting constant 1-bit at position 9 on $procdff$24259 ($adff) from module streaming_norm.
Setting constant 1-bit at position 10 on $procdff$24259 ($adff) from module streaming_norm.
Setting constant 1-bit at position 11 on $procdff$24259 ($adff) from module streaming_norm.
Setting constant 1-bit at position 0 on $procdff$24260 ($adff) from module streaming_norm.
Setting constant 1-bit at position 1 on $procdff$24260 ($adff) from module streaming_norm.
Setting constant 1-bit at position 2 on $procdff$24260 ($adff) from module streaming_norm.
Setting constant 1-bit at position 3 on $procdff$24260 ($adff) from module streaming_norm.
Setting constant 1-bit at position 4 on $procdff$24260 ($adff) from module streaming_norm.
Setting constant 1-bit at position 5 on $procdff$24260 ($adff) from module streaming_norm.
Setting constant 1-bit at position 6 on $procdff$24260 ($adff) from module streaming_norm.
Setting constant 1-bit at position 7 on $procdff$24260 ($adff) from module streaming_norm.
Adding EN signal on $procdff$24749 ($adff) from module state_stream_controller (D = $procmux$20816_Y, Q = \acc[31]).
Adding EN signal on $procdff$24748 ($adff) from module state_stream_controller (D = $procmux$20846_Y, Q = \acc[30]).
Adding EN signal on $procdff$24747 ($adff) from module state_stream_controller (D = $procmux$20876_Y, Q = \acc[29]).
Adding EN signal on $procdff$24746 ($adff) from module state_stream_controller (D = $procmux$20906_Y, Q = \acc[28]).
Adding EN signal on $procdff$24745 ($adff) from module state_stream_controller (D = $procmux$20936_Y, Q = \acc[27]).
Adding EN signal on $procdff$24744 ($adff) from module state_stream_controller (D = $procmux$20966_Y, Q = \acc[26]).
Adding EN signal on $procdff$24743 ($adff) from module state_stream_controller (D = $procmux$20996_Y, Q = \acc[25]).
Adding EN signal on $procdff$24742 ($adff) from module state_stream_controller (D = $procmux$21026_Y, Q = \acc[24]).
Adding EN signal on $procdff$24741 ($adff) from module state_stream_controller (D = $procmux$21056_Y, Q = \acc[23]).
Adding EN signal on $procdff$24740 ($adff) from module state_stream_controller (D = $procmux$21082_Y, Q = \acc[22]).
Adding EN signal on $procdff$24739 ($adff) from module state_stream_controller (D = $procmux$21108_Y, Q = \acc[21]).
Adding EN signal on $procdff$24738 ($adff) from module state_stream_controller (D = $procmux$21134_Y, Q = \acc[20]).
Adding EN signal on $procdff$24737 ($adff) from module state_stream_controller (D = $procmux$21160_Y, Q = \acc[19]).
Adding EN signal on $procdff$24736 ($adff) from module state_stream_controller (D = $procmux$21186_Y, Q = \acc[18]).
Adding EN signal on $procdff$24735 ($adff) from module state_stream_controller (D = $procmux$21212_Y, Q = \acc[17]).
Adding EN signal on $procdff$24734 ($adff) from module state_stream_controller (D = $procmux$21238_Y, Q = \acc[16]).
Adding EN signal on $procdff$24733 ($adff) from module state_stream_controller (D = $procmux$21264_Y, Q = \acc[15]).
Adding EN signal on $procdff$24732 ($adff) from module state_stream_controller (D = $procmux$21292_Y, Q = \acc[14]).
Adding EN signal on $procdff$24731 ($adff) from module state_stream_controller (D = $procmux$21320_Y, Q = \acc[13]).
Adding EN signal on $procdff$24730 ($adff) from module state_stream_controller (D = $procmux$21348_Y, Q = \acc[12]).
Adding EN signal on $procdff$24729 ($adff) from module state_stream_controller (D = $procmux$21376_Y, Q = \acc[11]).
Adding EN signal on $procdff$24728 ($adff) from module state_stream_controller (D = $procmux$21404_Y, Q = \acc[10]).
Adding EN signal on $procdff$24727 ($adff) from module state_stream_controller (D = $procmux$21432_Y, Q = \acc[9]).
Adding EN signal on $procdff$24726 ($adff) from module state_stream_controller (D = $procmux$21460_Y, Q = \acc[8]).
Adding EN signal on $procdff$24725 ($adff) from module state_stream_controller (D = $procmux$21488_Y, Q = \acc[7]).
Adding EN signal on $procdff$24724 ($adff) from module state_stream_controller (D = $procmux$21518_Y, Q = \acc[6]).
Adding EN signal on $procdff$24397 ($adff) from module state_stream_controller (D = $procmux$14421_Y, Q = \rq_data_q [127:120]).
Adding EN signal on $procdff$24397 ($adff) from module state_stream_controller (D = $procmux$14441_Y, Q = \rq_data_q [119:112]).
Adding EN signal on $procdff$24397 ($adff) from module state_stream_controller (D = $procmux$14521_Y, Q = \rq_data_q [111:104]).
Adding EN signal on $procdff$24397 ($adff) from module state_stream_controller (D = $procmux$14601_Y, Q = \rq_data_q [103:96]).
Adding EN signal on $procdff$24397 ($adff) from module state_stream_controller (D = $procmux$14681_Y, Q = \rq_data_q [95:88]).
Adding EN signal on $procdff$24397 ($adff) from module state_stream_controller (D = $procmux$14761_Y, Q = \rq_data_q [87:80]).
Adding EN signal on $procdff$24397 ($adff) from module state_stream_controller (D = $procmux$14841_Y, Q = \rq_data_q [79:72]).
Adding EN signal on $procdff$24397 ($adff) from module state_stream_controller (D = $procmux$14921_Y, Q = \rq_data_q [71:64]).
Adding EN signal on $procdff$24397 ($adff) from module state_stream_controller (D = $procmux$15001_Y, Q = \rq_data_q [63:56]).
Adding EN signal on $procdff$24397 ($adff) from module state_stream_controller (D = $procmux$15081_Y, Q = \rq_data_q [55:48]).
Adding EN signal on $procdff$24397 ($adff) from module state_stream_controller (D = $procmux$15161_Y, Q = \rq_data_q [47:40]).
Adding EN signal on $procdff$24397 ($adff) from module state_stream_controller (D = $procmux$15241_Y, Q = \rq_data_q [39:32]).
Adding EN signal on $procdff$24397 ($adff) from module state_stream_controller (D = $procmux$15321_Y, Q = \rq_data_q [31:24]).
Adding EN signal on $procdff$24397 ($adff) from module state_stream_controller (D = $procmux$15401_Y, Q = \rq_data_q [23:16]).
Adding EN signal on $procdff$24397 ($adff) from module state_stream_controller (D = $procmux$15481_Y, Q = \rq_data_q [15:8]).
Adding EN signal on $procdff$24397 ($adff) from module state_stream_controller (D = $procmux$15561_Y, Q = \rq_data_q [7:0]).
Adding EN signal on $procdff$24723 ($adff) from module state_stream_controller (D = $procmux$21548_Y, Q = \acc[5]).
Adding EN signal on $procdff$24722 ($adff) from module state_stream_controller (D = $procmux$21578_Y, Q = \acc[4]).
Adding EN signal on $procdff$24396 ($adff) from module state_stream_controller (D = { $procmux$10250_Y $procmux$10261_Y $procmux$10348_Y $procmux$10435_Y $procmux$10522_Y $procmux$10609_Y $procmux$10696_Y $procmux$10783_Y $procmux$10870_Y $procmux$10957_Y $procmux$11044_Y $procmux$11131_Y $procmux$11218_Y $procmux$11305_Y $procmux$11392_Y $procmux$11479_Y }, Q = \write_data_q).
Adding EN signal on $procdff$24721 ($adff) from module state_stream_controller (D = $procmux$21608_Y, Q = \acc[3]).
Adding EN signal on $procdff$24720 ($adff) from module state_stream_controller (D = $procmux$21638_Y, Q = \acc[2]).
Adding EN signal on $procdff$24395 ($adff) from module state_stream_controller (D = \ivec_rd_data, Q = \v_cache [255:192]).
Adding EN signal on $procdff$24395 ($adff) from module state_stream_controller (D = \ivec_rd_data, Q = \v_cache [191:128]).
Adding EN signal on $procdff$24395 ($adff) from module state_stream_controller (D = \ivec_rd_data, Q = \v_cache [127:64]).
Adding EN signal on $procdff$24395 ($adff) from module state_stream_controller (D = \ivec_rd_data, Q = \v_cache [63:0]).
Adding EN signal on $procdff$24719 ($adff) from module state_stream_controller (D = $procmux$21668_Y, Q = \acc[1]).
Adding EN signal on $procdff$24394 ($adff) from module state_stream_controller (D = \act_rd_data, Q = \diff_cache [127:0]).
Adding EN signal on $procdff$24394 ($adff) from module state_stream_controller (D = \act_rd_data, Q = \diff_cache [255:128]).
Adding EN signal on $procdff$24718 ($adff) from module state_stream_controller (D = $procmux$21698_Y, Q = \acc[0]).
Adding EN signal on $procdff$24393 ($adff) from module state_stream_controller (D = { $procmux$8615_Y $procmux$21773_Y $procmux$16673_Y $procmux$16700_Y }, Q = \state_build).
Adding EN signal on $procdff$24392 ($adff) from module state_stream_controller (D = $procmux$21843_Y, Q = \state_word).
Adding EN signal on $procdff$24391 ($adff) from module state_stream_controller (D = \ivec_rd_data, Q = \q_cache).
Adding EN signal on $procdff$24390 ($adff) from module state_stream_controller (D = $procmux$21871_Y, Q = \k_cache).
Adding EN signal on $procdff$24389 ($adff) from module state_stream_controller (D = $procmux$21888_Y, Q = \gate_cache).
Adding EN signal on $procdff$24388 ($adff) from module state_stream_controller (D = $procmux$21914_Y, Q = \vword).
Adding EN signal on $procdff$24386 ($adff) from module state_stream_controller (D = $procmux$21981_Y, Q = \diff_half).
Adding EN signal on $procdff$24385 ($adff) from module state_stream_controller (D = $procmux$22004_Y, Q = \row).
Adding EN signal on $procdff$24384 ($adff) from module state_stream_controller (D = $procmux$22034_Y, Q = \group).
Adding EN signal on $procdff$24383 ($adff) from module state_stream_controller (D = $procmux$22059_Y, Q = \chunk).
Adding EN signal on $procdff$24382 ($adff) from module state_stream_controller (D = $procmux$22079_Y, Q = \fsm).
Adding EN signal on $procdff$24380 ($adff) from module state_stream_controller (D = $procmux$16732_Y, Q = \i).
Setting constant 1-bit at position 0 on $procdff$24497 ($adff) from module state_stream_controller.
Setting constant 1-bit at position 1 on $procdff$24497 ($adff) from module state_stream_controller.
Setting constant 1-bit at position 2 on $procdff$24497 ($adff) from module state_stream_controller.
Setting constant 1-bit at position 3 on $procdff$24497 ($adff) from module state_stream_controller.
Setting constant 1-bit at position 4 on $procdff$24497 ($adff) from module state_stream_controller.
Setting constant 1-bit at position 5 on $procdff$24497 ($adff) from module state_stream_controller.
Setting constant 1-bit at position 6 on $procdff$24497 ($adff) from module state_stream_controller.
Setting constant 1-bit at position 7 on $procdff$24497 ($adff) from module state_stream_controller.
Setting constant 1-bit at position 8 on $procdff$24497 ($adff) from module state_stream_controller.
Setting constant 1-bit at position 0 on $procdff$24398 ($adff) from module state_stream_controller.
Setting constant 1-bit at position 1 on $procdff$24398 ($adff) from module state_stream_controller.
Setting constant 1-bit at position 2 on $procdff$24398 ($adff) from module state_stream_controller.
Setting constant 1-bit at position 3 on $procdff$24398 ($adff) from module state_stream_controller.
Setting constant 1-bit at position 4 on $procdff$24398 ($adff) from module state_stream_controller.
Setting constant 1-bit at position 5 on $procdff$24398 ($adff) from module state_stream_controller.
Setting constant 1-bit at position 6 on $procdff$24398 ($adff) from module state_stream_controller.
Setting constant 1-bit at position 7 on $procdff$24398 ($adff) from module state_stream_controller.
Setting constant 1-bit at position 0 on $procdff$24399 ($adff) from module state_stream_controller.
Setting constant 1-bit at position 1 on $procdff$24399 ($adff) from module state_stream_controller.
Setting constant 1-bit at position 2 on $procdff$24399 ($adff) from module state_stream_controller.
Setting constant 1-bit at position 3 on $procdff$24399 ($adff) from module state_stream_controller.
Setting constant 1-bit at position 4 on $procdff$24399 ($adff) from module state_stream_controller.
Setting constant 1-bit at position 5 on $procdff$24399 ($adff) from module state_stream_controller.
Setting constant 1-bit at position 6 on $procdff$24399 ($adff) from module state_stream_controller.
Setting constant 1-bit at position 7 on $procdff$24399 ($adff) from module state_stream_controller.
Setting constant 1-bit at position 8 on $procdff$24399 ($adff) from module state_stream_controller.
Setting constant 1-bit at position 9 on $procdff$24399 ($adff) from module state_stream_controller.
Setting constant 1-bit at position 10 on $procdff$24399 ($adff) from module state_stream_controller.
Setting constant 1-bit at position 11 on $procdff$24399 ($adff) from module state_stream_controller.
Setting constant 1-bit at position 12 on $procdff$24399 ($adff) from module state_stream_controller.
Setting constant 1-bit at position 13 on $procdff$24399 ($adff) from module state_stream_controller.
Setting constant 1-bit at position 14 on $procdff$24399 ($adff) from module state_stream_controller.
Setting constant 1-bit at position 15 on $procdff$24399 ($adff) from module state_stream_controller.
Setting constant 1-bit at position 16 on $procdff$24399 ($adff) from module state_stream_controller.
Setting constant 1-bit at position 17 on $procdff$24399 ($adff) from module state_stream_controller.
Setting constant 1-bit at position 18 on $procdff$24399 ($adff) from module state_stream_controller.
Setting constant 1-bit at position 19 on $procdff$24399 ($adff) from module state_stream_controller.
Setting constant 1-bit at position 20 on $procdff$24399 ($adff) from module state_stream_controller.
Setting constant 1-bit at position 21 on $procdff$24399 ($adff) from module state_stream_controller.
Setting constant 1-bit at position 22 on $procdff$24399 ($adff) from module state_stream_controller.
Setting constant 1-bit at position 23 on $procdff$24399 ($adff) from module state_stream_controller.
Setting constant 1-bit at position 0 on $procdff$24400 ($adff) from module state_stream_controller.
Setting constant 1-bit at position 1 on $procdff$24400 ($adff) from module state_stream_controller.
Setting constant 1-bit at position 2 on $procdff$24400 ($adff) from module state_stream_controller.
Setting constant 1-bit at position 3 on $procdff$24400 ($adff) from module state_stream_controller.
Setting constant 1-bit at position 4 on $procdff$24400 ($adff) from module state_stream_controller.
Setting constant 1-bit at position 5 on $procdff$24400 ($adff) from module state_stream_controller.
Setting constant 1-bit at position 6 on $procdff$24400 ($adff) from module state_stream_controller.
Setting constant 1-bit at position 7 on $procdff$24400 ($adff) from module state_stream_controller.
Setting constant 1-bit at position 8 on $procdff$24400 ($adff) from module state_stream_controller.
Setting constant 1-bit at position 9 on $procdff$24400 ($adff) from module state_stream_controller.
Setting constant 1-bit at position 10 on $procdff$24400 ($adff) from module state_stream_controller.
Setting constant 1-bit at position 11 on $procdff$24400 ($adff) from module state_stream_controller.
Setting constant 1-bit at position 12 on $procdff$24400 ($adff) from module state_stream_controller.
Setting constant 1-bit at position 13 on $procdff$24400 ($adff) from module state_stream_controller.
Setting constant 1-bit at position 14 on $procdff$24400 ($adff) from module state_stream_controller.
Adding EN signal on $procdff$25222 ($dff) from module state_word_engine (D = $ternary$rtl/state_word_engine.v:66$958_Y, Q = \coef4[7]).
Adding EN signal on $procdff$25219 ($dff) from module state_word_engine (D = $ternary$rtl/state_word_engine.v:66$949_Y, Q = \coef4[6]).
Adding EN signal on $procdff$25216 ($dff) from module state_word_engine (D = $ternary$rtl/state_word_engine.v:66$940_Y, Q = \coef4[5]).
Adding EN signal on $procdff$25213 ($dff) from module state_word_engine (D = $ternary$rtl/state_word_engine.v:66$931_Y, Q = \coef4[4]).
Adding EN signal on $procdff$25210 ($dff) from module state_word_engine (D = $ternary$rtl/state_word_engine.v:66$922_Y, Q = \coef4[3]).
Adding EN signal on $procdff$25207 ($dff) from module state_word_engine (D = $ternary$rtl/state_word_engine.v:66$913_Y, Q = \coef4[2]).
Adding EN signal on $procdff$25204 ($dff) from module state_word_engine (D = $ternary$rtl/state_word_engine.v:66$904_Y, Q = \coef4[1]).
Adding EN signal on $procdff$25201 ($dff) from module state_word_engine (D = $ternary$rtl/state_word_engine.v:66$895_Y, Q = \coef4[0]).
Adding EN signal on $procdff$25198 ($dff) from module state_word_engine (D = $add$rtl/state_word_engine.v:62$878_Y, Q = \bkd3[7]).
Adding EN signal on $procdff$25195 ($dff) from module state_word_engine (D = $add$rtl/state_word_engine.v:62$876_Y, Q = \bkd3[6]).
Adding EN signal on $procdff$25192 ($dff) from module state_word_engine (D = $add$rtl/state_word_engine.v:62$874_Y, Q = \bkd3[5]).
Adding EN signal on $procdff$25189 ($dff) from module state_word_engine (D = $add$rtl/state_word_engine.v:62$872_Y, Q = \bkd3[4]).
Adding EN signal on $procdff$25186 ($dff) from module state_word_engine (D = $add$rtl/state_word_engine.v:62$870_Y, Q = \bkd3[3]).
Adding EN signal on $procdff$25183 ($dff) from module state_word_engine (D = $add$rtl/state_word_engine.v:62$868_Y, Q = \bkd3[2]).
Adding EN signal on $procdff$25180 ($dff) from module state_word_engine (D = $add$rtl/state_word_engine.v:62$866_Y, Q = \bkd3[1]).
Adding EN signal on $procdff$24952 ($dff) from module state_word_engine (D = \k0[5], Q = \k1[5]).
Adding EN signal on $procdff$25177 ($dff) from module state_word_engine (D = $add$rtl/state_word_engine.v:62$864_Y, Q = \bkd3[0]).
Adding EN signal on $procdff$25174 ($dff) from module state_word_engine (D = \q2[7], Q = \q3[7]).
Adding EN signal on $procdff$25171 ($dff) from module state_word_engine (D = \q2[6], Q = \q3[6]).
Adding EN signal on $procdff$24955 ($dff) from module state_word_engine (D = \k0[6], Q = \k1[6]).
Adding EN signal on $procdff$25168 ($dff) from module state_word_engine (D = \q2[5], Q = \q3[5]).
Adding EN signal on $procdff$25165 ($dff) from module state_word_engine (D = \q2[4], Q = \q3[4]).
Adding EN signal on $procdff$25162 ($dff) from module state_word_engine (D = \q2[3], Q = \q3[3]).
Adding EN signal on $procdff$25159 ($dff) from module state_word_engine (D = \q2[2], Q = \q3[2]).
Adding EN signal on $procdff$24958 ($dff) from module state_word_engine (D = \k0[7], Q = \k1[7]).
Adding EN signal on $procdff$25156 ($dff) from module state_word_engine (D = \q2[1], Q = \q3[1]).
Adding EN signal on $procdff$25153 ($dff) from module state_word_engine (D = \q2[0], Q = \q3[0]).
Adding EN signal on $procdff$25150 ($dff) from module state_word_engine (D = \k2[7], Q = \k3[7]).
Adding EN signal on $procdff$24961 ($dff) from module state_word_engine (D = \q0[0], Q = \q1[0]).
Adding EN signal on $procdff$25147 ($dff) from module state_word_engine (D = \k2[6], Q = \k3[6]).
Adding EN signal on $procdff$25144 ($dff) from module state_word_engine (D = \k2[5], Q = \k3[5]).
Adding EN signal on $procdff$25141 ($dff) from module state_word_engine (D = \k2[4], Q = \k3[4]).
Adding EN signal on $procdff$25138 ($dff) from module state_word_engine (D = \k2[3], Q = \k3[3]).
Adding EN signal on $procdff$24964 ($dff) from module state_word_engine (D = \q0[1], Q = \q1[1]).
Adding EN signal on $procdff$25135 ($dff) from module state_word_engine (D = \k2[2], Q = \k3[2]).
Adding EN signal on $procdff$25132 ($dff) from module state_word_engine (D = \k2[1], Q = \k3[1]).
Adding EN signal on $procdff$25129 ($dff) from module state_word_engine (D = \k2[0], Q = \k3[0]).
Adding EN signal on $procdff$24967 ($dff) from module state_word_engine (D = \q0[2], Q = \q1[2]).
Adding EN signal on $procdff$25126 ($dff) from module state_word_engine (D = $mul$rtl/state_word_engine.v:57$862_Y, Q = \bkd_hi2[7]).
Adding EN signal on $procdff$25123 ($dff) from module state_word_engine (D = $mul$rtl/state_word_engine.v:57$855_Y, Q = \bkd_hi2[6]).
Adding EN signal on $procdff$25120 ($dff) from module state_word_engine (D = $mul$rtl/state_word_engine.v:57$848_Y, Q = \bkd_hi2[5]).
Adding EN signal on $procdff$25117 ($dff) from module state_word_engine (D = $mul$rtl/state_word_engine.v:57$841_Y, Q = \bkd_hi2[4]).
Adding EN signal on $procdff$24970 ($dff) from module state_word_engine (D = \q0[3], Q = \q1[3]).
Adding EN signal on $procdff$25114 ($dff) from module state_word_engine (D = $mul$rtl/state_word_engine.v:57$834_Y, Q = \bkd_hi2[3]).
Adding EN signal on $procdff$25111 ($dff) from module state_word_engine (D = $mul$rtl/state_word_engine.v:57$827_Y, Q = \bkd_hi2[2]).
Adding EN signal on $procdff$25108 ($dff) from module state_word_engine (D = $mul$rtl/state_word_engine.v:57$820_Y, Q = \bkd_hi2[1]).
Adding EN signal on $procdff$24973 ($dff) from module state_word_engine (D = \q0[4], Q = \q1[4]).
Adding EN signal on $procdff$25105 ($dff) from module state_word_engine (D = $mul$rtl/state_word_engine.v:57$813_Y, Q = \bkd_hi2[0]).
Adding EN signal on $procdff$24976 ($dff) from module state_word_engine (D = \q0[5], Q = \q1[5]).
Adding EN signal on $procdff$24979 ($dff) from module state_word_engine (D = \q0[6], Q = \q1[6]).
Adding EN signal on $procdff$24982 ($dff) from module state_word_engine (D = \q0[7], Q = \q1[7]).
Adding EN signal on $procdff$24985 ($dff) from module state_word_engine (D = $mul$rtl/state_word_engine.v:47$775_Y, Q = \sa1[0]).
Adding EN signal on $procdff$24988 ($dff) from module state_word_engine (D = $mul$rtl/state_word_engine.v:47$777_Y, Q = \sa1[1]).
Adding EN signal on $procdff$24991 ($dff) from module state_word_engine (D = $mul$rtl/state_word_engine.v:47$779_Y, Q = \sa1[2]).
Adding EN signal on $procdff$24994 ($dff) from module state_word_engine (D = $mul$rtl/state_word_engine.v:47$781_Y, Q = \sa1[3]).
Adding EN signal on $procdff$24997 ($dff) from module state_word_engine (D = $mul$rtl/state_word_engine.v:47$783_Y, Q = \sa1[4]).
Adding EN signal on $procdff$25102 ($dff) from module state_word_engine (D = $mul$rtl/state_word_engine.v:56$861_Y, Q = \bkd_lo2[7]).
Adding EN signal on $procdff$25099 ($dff) from module state_word_engine (D = $mul$rtl/state_word_engine.v:56$854_Y, Q = \bkd_lo2[6]).
Adding EN signal on $procdff$25096 ($dff) from module state_word_engine (D = $mul$rtl/state_word_engine.v:56$847_Y, Q = \bkd_lo2[5]).
Adding EN signal on $procdff$25093 ($dff) from module state_word_engine (D = $mul$rtl/state_word_engine.v:56$840_Y, Q = \bkd_lo2[4]).
Adding EN signal on $procdff$25090 ($dff) from module state_word_engine (D = $mul$rtl/state_word_engine.v:56$833_Y, Q = \bkd_lo2[3]).
Adding EN signal on $procdff$25087 ($dff) from module state_word_engine (D = $mul$rtl/state_word_engine.v:56$826_Y, Q = \bkd_lo2[2]).
Adding EN signal on $procdff$25084 ($dff) from module state_word_engine (D = $mul$rtl/state_word_engine.v:56$819_Y, Q = \bkd_lo2[1]).
Adding EN signal on $procdff$25081 ($dff) from module state_word_engine (D = $mul$rtl/state_word_engine.v:56$812_Y, Q = \bkd_lo2[0]).
Adding EN signal on $procdff$25078 ($dff) from module state_word_engine (D = \q1[7], Q = \q2[7]).
Adding EN signal on $procdff$25075 ($dff) from module state_word_engine (D = \q1[6], Q = \q2[6]).
Adding EN signal on $procdff$25072 ($dff) from module state_word_engine (D = \q1[5], Q = \q2[5]).
Adding EN signal on $procdff$25069 ($dff) from module state_word_engine (D = \q1[4], Q = \q2[4]).
Adding EN signal on $procdff$25000 ($dff) from module state_word_engine (D = $mul$rtl/state_word_engine.v:47$785_Y, Q = \sa1[5]).
Adding EN signal on $procdff$25003 ($dff) from module state_word_engine (D = $mul$rtl/state_word_engine.v:47$787_Y, Q = \sa1[6]).
Adding EN signal on $procdff$25006 ($dff) from module state_word_engine (D = $mul$rtl/state_word_engine.v:47$789_Y, Q = \sa1[7]).
Adding EN signal on $procdff$25009 ($dff) from module state_word_engine (D = $mul$rtl/state_word_engine.v:48$776_Y, Q = \bk1[0]).
Adding EN signal on $procdff$25012 ($dff) from module state_word_engine (D = $mul$rtl/state_word_engine.v:48$778_Y, Q = \bk1[1]).
Adding EN signal on $procdff$25015 ($dff) from module state_word_engine (D = $mul$rtl/state_word_engine.v:48$780_Y, Q = \bk1[2]).
Adding EN signal on $procdff$25018 ($dff) from module state_word_engine (D = $mul$rtl/state_word_engine.v:48$782_Y, Q = \bk1[3]).
Adding EN signal on $procdff$25021 ($dff) from module state_word_engine (D = $mul$rtl/state_word_engine.v:48$784_Y, Q = \bk1[4]).
Adding EN signal on $procdff$24752 ($dff) from module state_word_engine (D = $procmux$22924_Y, Q = \i).
Adding SRST signal on $auto$ff.cc:266:slice$26452 ($dffe) from module state_word_engine (D = $5\i[31:0], Q = \i, rval = 8).
Adding EN signal on $procdff$24754 ($adff) from module state_word_engine (D = \n4, Q = \updated_slice).
Adding EN signal on $procdff$24755 ($adff) from module state_word_engine (D = $mul$rtl/state_word_engine.v:73$967_Y, Q = \term0).
Adding EN signal on $procdff$24756 ($adff) from module state_word_engine (D = $mul$rtl/state_word_engine.v:73$968_Y, Q = \term1).
Adding EN signal on $procdff$24757 ($adff) from module state_word_engine (D = $mul$rtl/state_word_engine.v:74$969_Y, Q = \term2).
Adding EN signal on $procdff$24758 ($adff) from module state_word_engine (D = $mul$rtl/state_word_engine.v:74$970_Y, Q = \term3).
Adding EN signal on $procdff$24759 ($adff) from module state_word_engine (D = $mul$rtl/state_word_engine.v:75$971_Y, Q = \term4).
Adding EN signal on $procdff$24760 ($adff) from module state_word_engine (D = $mul$rtl/state_word_engine.v:75$972_Y, Q = \term5).
Adding EN signal on $procdff$24761 ($adff) from module state_word_engine (D = $mul$rtl/state_word_engine.v:76$973_Y, Q = \term6).
Adding EN signal on $procdff$24762 ($adff) from module state_word_engine (D = $mul$rtl/state_word_engine.v:76$974_Y, Q = \term7).
Adding EN signal on $procdff$24770 ($dff) from module state_word_engine (D = \pass2, Q = \p0).
Adding EN signal on $procdff$24773 ($dff) from module state_word_engine (D = \p0, Q = \p1).
Adding EN signal on $procdff$24776 ($dff) from module state_word_engine (D = \p1, Q = \p2).
Adding EN signal on $procdff$24779 ($dff) from module state_word_engine (D = \p2, Q = \p3).
Adding EN signal on $procdff$24782 ($dff) from module state_word_engine (D = \state_slice, Q = \s0).
Adding EN signal on $procdff$24785 ($dff) from module state_word_engine (D = \diff_slice, Q = \d0).
Adding EN signal on $procdff$24788 ($dff) from module state_word_engine (D = \s0, Q = \s1).
Adding EN signal on $procdff$24791 ($dff) from module state_word_engine (D = \d0, Q = \d1).
Adding EN signal on $procdff$24794 ($dff) from module state_word_engine (D = \s1, Q = \s2).
Adding EN signal on $procdff$24797 ($dff) from module state_word_engine (D = \s2, Q = \s3).
Adding EN signal on $procdff$24800 ($dff) from module state_word_engine (D = $3\sat9$func$rtl/state_word_engine.v:55$700.$result[7:0]$858, Q = \n2 [63:56]).
Adding EN signal on $procdff$24800 ($dff) from module state_word_engine (D = $3\sat9$func$rtl/state_word_engine.v:55$699.$result[7:0]$851, Q = \n2 [55:48]).
Adding EN signal on $procdff$24800 ($dff) from module state_word_engine (D = $3\sat9$func$rtl/state_word_engine.v:55$698.$result[7:0]$844, Q = \n2 [47:40]).
Adding EN signal on $procdff$24800 ($dff) from module state_word_engine (D = $3\sat9$func$rtl/state_word_engine.v:55$697.$result[7:0]$837, Q = \n2 [39:32]).
Adding EN signal on $procdff$24800 ($dff) from module state_word_engine (D = $3\sat9$func$rtl/state_word_engine.v:55$696.$result[7:0]$830, Q = \n2 [31:24]).
Adding EN signal on $procdff$24800 ($dff) from module state_word_engine (D = $3\sat9$func$rtl/state_word_engine.v:55$695.$result[7:0]$823, Q = \n2 [23:16]).
Adding EN signal on $procdff$24800 ($dff) from module state_word_engine (D = $3\sat9$func$rtl/state_word_engine.v:55$694.$result[7:0]$816, Q = \n2 [15:8]).
Adding EN signal on $procdff$24800 ($dff) from module state_word_engine (D = $3\sat9$func$rtl/state_word_engine.v:55$693.$result[7:0]$809, Q = \n2 [7:0]).
Adding EN signal on $procdff$24803 ($dff) from module state_word_engine (D = \n2, Q = \n3).
Adding EN signal on $procdff$24806 ($dff) from module state_word_engine (D = $procmux$22673_Y, Q = \n4 [63:56]).
Adding EN signal on $procdff$24806 ($dff) from module state_word_engine (D = $procmux$22679_Y, Q = \n4 [55:48]).
Adding EN signal on $procdff$24806 ($dff) from module state_word_engine (D = $procmux$22718_Y, Q = \n4 [47:40]).
Adding EN signal on $procdff$24806 ($dff) from module state_word_engine (D = $procmux$22757_Y, Q = \n4 [39:32]).
Adding EN signal on $procdff$24806 ($dff) from module state_word_engine (D = $procmux$22796_Y, Q = \n4 [31:24]).
Adding EN signal on $procdff$24806 ($dff) from module state_word_engine (D = $procmux$22835_Y, Q = \n4 [23:16]).
Adding EN signal on $procdff$24806 ($dff) from module state_word_engine (D = $procmux$22874_Y, Q = \n4 [15:8]).
Adding EN signal on $procdff$24806 ($dff) from module state_word_engine (D = $procmux$22913_Y, Q = \n4 [7:0]).
Adding EN signal on $procdff$25024 ($dff) from module state_word_engine (D = $mul$rtl/state_word_engine.v:48$786_Y, Q = \bk1[5]).
Adding EN signal on $procdff$25027 ($dff) from module state_word_engine (D = $mul$rtl/state_word_engine.v:48$788_Y, Q = \bk1[6]).
Adding EN signal on $procdff$25030 ($dff) from module state_word_engine (D = $mul$rtl/state_word_engine.v:48$790_Y, Q = \bk1[7]).
Adding EN signal on $procdff$25033 ($dff) from module state_word_engine (D = \k1[0], Q = \k2[0]).
Adding EN signal on $procdff$25036 ($dff) from module state_word_engine (D = \k1[1], Q = \k2[1]).
Adding EN signal on $procdff$25039 ($dff) from module state_word_engine (D = \k1[2], Q = \k2[2]).
Adding EN signal on $procdff$25042 ($dff) from module state_word_engine (D = \k1[3], Q = \k2[3]).
Adding EN signal on $procdff$25045 ($dff) from module state_word_engine (D = \k1[4], Q = \k2[4]).
Adding EN signal on $procdff$25048 ($dff) from module state_word_engine (D = \k1[5], Q = \k2[5]).
Adding EN signal on $procdff$25051 ($dff) from module state_word_engine (D = \k1[6], Q = \k2[6]).
Adding EN signal on $procdff$25054 ($dff) from module state_word_engine (D = \k1[7], Q = \k2[7]).
Adding EN signal on $procdff$25057 ($dff) from module state_word_engine (D = \q1[0], Q = \q2[0]).
Adding EN signal on $procdff$25060 ($dff) from module state_word_engine (D = \q1[1], Q = \q2[1]).
Adding EN signal on $procdff$25063 ($dff) from module state_word_engine (D = \q1[2], Q = \q2[2]).
Adding EN signal on $procdff$25066 ($dff) from module state_word_engine (D = \q1[3], Q = \q2[3]).
Adding EN signal on $procdff$24841 ($dff) from module state_word_engine (D = \alpha, Q = \alpha0[0]).
Adding EN signal on $procdff$24844 ($dff) from module state_word_engine (D = \alpha, Q = \alpha0[1]).
Adding EN signal on $procdff$24847 ($dff) from module state_word_engine (D = \alpha, Q = \alpha0[2]).
Adding EN signal on $procdff$24850 ($dff) from module state_word_engine (D = \alpha, Q = \alpha0[3]).
Adding EN signal on $procdff$24853 ($dff) from module state_word_engine (D = \alpha, Q = \alpha0[4]).
Adding EN signal on $procdff$24856 ($dff) from module state_word_engine (D = \alpha, Q = \alpha0[5]).
Adding EN signal on $procdff$24859 ($dff) from module state_word_engine (D = \alpha, Q = \alpha0[6]).
Adding EN signal on $procdff$24862 ($dff) from module state_word_engine (D = \alpha, Q = \alpha0[7]).
Adding EN signal on $procdff$24865 ($dff) from module state_word_engine (D = \beta, Q = \beta0[0]).
Adding EN signal on $procdff$24868 ($dff) from module state_word_engine (D = \beta, Q = \beta0[1]).
Adding EN signal on $procdff$24871 ($dff) from module state_word_engine (D = \beta, Q = \beta0[2]).
Adding EN signal on $procdff$24874 ($dff) from module state_word_engine (D = \beta, Q = \beta0[3]).
Adding EN signal on $procdff$24877 ($dff) from module state_word_engine (D = \beta, Q = \beta0[4]).
Adding EN signal on $procdff$24880 ($dff) from module state_word_engine (D = \beta, Q = \beta0[5]).
Adding EN signal on $procdff$24883 ($dff) from module state_word_engine (D = \beta, Q = \beta0[6]).
Adding EN signal on $procdff$24886 ($dff) from module state_word_engine (D = \beta, Q = \beta0[7]).
Adding EN signal on $procdff$24889 ($dff) from module state_word_engine (D = \k, Q = \k0[0]).
Adding EN signal on $procdff$24892 ($dff) from module state_word_engine (D = \k, Q = \k0[1]).
Adding EN signal on $procdff$24895 ($dff) from module state_word_engine (D = \k, Q = \k0[2]).
Adding EN signal on $procdff$24898 ($dff) from module state_word_engine (D = \k, Q = \k0[3]).
Adding EN signal on $procdff$24901 ($dff) from module state_word_engine (D = \k, Q = \k0[4]).
Adding EN signal on $procdff$24904 ($dff) from module state_word_engine (D = \k, Q = \k0[5]).
Adding EN signal on $procdff$24907 ($dff) from module state_word_engine (D = \k, Q = \k0[6]).
Adding EN signal on $procdff$24910 ($dff) from module state_word_engine (D = \k, Q = \k0[7]).
Adding EN signal on $procdff$24913 ($dff) from module state_word_engine (D = \q, Q = \q0[0]).
Adding EN signal on $procdff$24916 ($dff) from module state_word_engine (D = \q, Q = \q0[1]).
Adding EN signal on $procdff$24919 ($dff) from module state_word_engine (D = \q, Q = \q0[2]).
Adding EN signal on $procdff$24922 ($dff) from module state_word_engine (D = \q, Q = \q0[3]).
Adding EN signal on $procdff$24925 ($dff) from module state_word_engine (D = \q, Q = \q0[4]).
Adding EN signal on $procdff$24928 ($dff) from module state_word_engine (D = \q, Q = \q0[5]).
Adding EN signal on $procdff$24931 ($dff) from module state_word_engine (D = \q, Q = \q0[6]).
Adding EN signal on $procdff$24934 ($dff) from module state_word_engine (D = \q, Q = \q0[7]).
Adding EN signal on $procdff$24937 ($dff) from module state_word_engine (D = \k0[0], Q = \k1[0]).
Adding EN signal on $procdff$24940 ($dff) from module state_word_engine (D = \k0[1], Q = \k1[1]).
Adding EN signal on $procdff$24943 ($dff) from module state_word_engine (D = \k0[2], Q = \k1[2]).
Adding EN signal on $procdff$24946 ($dff) from module state_word_engine (D = \k0[3], Q = \k1[3]).
Adding EN signal on $procdff$24949 ($dff) from module state_word_engine (D = \k0[4], Q = \k1[4]).
Setting constant 1-bit at position 0 on $procdff$24838 ($adff) from module state_word_engine.
Setting constant 1-bit at position 1 on $procdff$24838 ($adff) from module state_word_engine.
Setting constant 1-bit at position 2 on $procdff$24838 ($adff) from module state_word_engine.
Setting constant 1-bit at position 3 on $procdff$24838 ($adff) from module state_word_engine.
Setting constant 1-bit at position 4 on $procdff$24838 ($adff) from module state_word_engine.
Setting constant 1-bit at position 5 on $procdff$24838 ($adff) from module state_word_engine.
Setting constant 1-bit at position 6 on $procdff$24838 ($adff) from module state_word_engine.
Setting constant 1-bit at position 7 on $procdff$24838 ($adff) from module state_word_engine.
Setting constant 1-bit at position 8 on $procdff$24838 ($adff) from module state_word_engine.
Setting constant 1-bit at position 9 on $procdff$24838 ($adff) from module state_word_engine.
Setting constant 1-bit at position 0 on $procdff$24837 ($adff) from module state_word_engine.
Setting constant 1-bit at position 1 on $procdff$24837 ($adff) from module state_word_engine.
Setting constant 1-bit at position 2 on $procdff$24837 ($adff) from module state_word_engine.
Setting constant 1-bit at position 3 on $procdff$24837 ($adff) from module state_word_engine.
Setting constant 1-bit at position 4 on $procdff$24837 ($adff) from module state_word_engine.
Setting constant 1-bit at position 5 on $procdff$24837 ($adff) from module state_word_engine.
Setting constant 1-bit at position 6 on $procdff$24837 ($adff) from module state_word_engine.
Setting constant 1-bit at position 7 on $procdff$24837 ($adff) from module state_word_engine.
Setting constant 1-bit at position 0 on $procdff$24822 ($adff) from module state_word_engine.
Setting constant 1-bit at position 1 on $procdff$24822 ($adff) from module state_word_engine.
Setting constant 1-bit at position 2 on $procdff$24822 ($adff) from module state_word_engine.
Setting constant 1-bit at position 3 on $procdff$24822 ($adff) from module state_word_engine.
Setting constant 1-bit at position 4 on $procdff$24822 ($adff) from module state_word_engine.
Setting constant 1-bit at position 5 on $procdff$24822 ($adff) from module state_word_engine.
Setting constant 1-bit at position 6 on $procdff$24822 ($adff) from module state_word_engine.
Setting constant 1-bit at position 7 on $procdff$24822 ($adff) from module state_word_engine.
Setting constant 1-bit at position 8 on $procdff$24822 ($adff) from module state_word_engine.
Adding SRST signal on $procdff$25225 ($dff) from module conv_unit_serial (D = $procmux$23764_Y, Q = \beta, rval = 8'00000000).
Adding EN signal on $auto$ff.cc:266:slice$26704 ($sdff) from module conv_unit_serial (D = $procmux$23762_Y, Q = \beta).
Adding SRST signal on $procdff$25224 ($dff) from module conv_unit_serial (D = $procmux$23779_Y, Q = \alpha, rval = 8'00000000).
Adding EN signal on $auto$ff.cc:266:slice$26706 ($sdff) from module conv_unit_serial (D = $procmux$23777_Y, Q = \alpha).
Adding EN signal on $procdff$25229 ($dff) from module conv_unit_serial (D = $2\d[8:0], Q = \d).
Adding EN signal on $procdff$25228 ($dff) from module conv_unit_serial (D = $2\rb[7:0], Q = \rb).
Adding EN signal on $procdff$25227 ($dff) from module conv_unit_serial (D = $2\ra[7:0], Q = \ra).
Adding EN signal on $procdff$25226 ($dff) from module conv_unit_serial (D = $2\s[17:0], Q = \s).
Setting constant 1-bit at position 0 on $procdff$25230 ($dff) from module conv_unit_serial.
Setting constant 1-bit at position 1 on $procdff$25230 ($dff) from module conv_unit_serial.
Setting constant 1-bit at position 2 on $procdff$25230 ($dff) from module conv_unit_serial.
Setting constant 1-bit at position 3 on $procdff$25230 ($dff) from module conv_unit_serial.
Setting constant 1-bit at position 4 on $procdff$25230 ($dff) from module conv_unit_serial.
Setting constant 1-bit at position 5 on $procdff$25230 ($dff) from module conv_unit_serial.
Setting constant 1-bit at position 6 on $procdff$25230 ($dff) from module conv_unit_serial.
Setting constant 1-bit at position 7 on $procdff$25230 ($dff) from module conv_unit_serial.
Setting constant 1-bit at position 0 on $procdff$25231 ($dff) from module conv_unit_serial.
Setting constant 1-bit at position 1 on $procdff$25231 ($dff) from module conv_unit_serial.
Setting constant 1-bit at position 2 on $procdff$25231 ($dff) from module conv_unit_serial.
Setting constant 1-bit at position 3 on $procdff$25231 ($dff) from module conv_unit_serial.
Setting constant 1-bit at position 4 on $procdff$25231 ($dff) from module conv_unit_serial.
Setting constant 1-bit at position 5 on $procdff$25231 ($dff) from module conv_unit_serial.
Setting constant 1-bit at position 6 on $procdff$25231 ($dff) from module conv_unit_serial.
Setting constant 1-bit at position 7 on $procdff$25231 ($dff) from module conv_unit_serial.
Setting constant 1-bit at position 8 on $procdff$25231 ($dff) from module conv_unit_serial.
Setting constant 1-bit at position 9 on $procdff$25231 ($dff) from module conv_unit_serial.
Setting constant 1-bit at position 10 on $procdff$25231 ($dff) from module conv_unit_serial.
Setting constant 1-bit at position 11 on $procdff$25231 ($dff) from module conv_unit_serial.
Setting constant 1-bit at position 12 on $procdff$25231 ($dff) from module conv_unit_serial.
Setting constant 1-bit at position 13 on $procdff$25231 ($dff) from module conv_unit_serial.
Setting constant 1-bit at position 14 on $procdff$25231 ($dff) from module conv_unit_serial.
Setting constant 1-bit at position 15 on $procdff$25231 ($dff) from module conv_unit_serial.
Setting constant 1-bit at position 16 on $procdff$25231 ($dff) from module conv_unit_serial.
Setting constant 1-bit at position 17 on $procdff$25231 ($dff) from module conv_unit_serial.
Adding SRST signal on $procdff$25250 ($dff) from module mac_array_16x16 (D = $procmux$23859_Y, Q = \s2q[7], rval = 18'000000000000000000).
Adding EN signal on $auto$ff.cc:266:slice$26712 ($sdff) from module mac_array_16x16 (D = \s2[7], Q = \s2q[7]).
Adding SRST signal on $procdff$25249 ($dff) from module mac_array_16x16 (D = $procmux$23865_Y, Q = \s2q[6], rval = 18'000000000000000000).
Adding EN signal on $auto$ff.cc:266:slice$26714 ($sdff) from module mac_array_16x16 (D = \s2[6], Q = \s2q[6]).
Adding SRST signal on $procdff$25248 ($dff) from module mac_array_16x16 (D = $procmux$23871_Y, Q = \s2q[5], rval = 18'000000000000000000).
Adding EN signal on $auto$ff.cc:266:slice$26716 ($sdff) from module mac_array_16x16 (D = \s2[5], Q = \s2q[5]).
Adding SRST signal on $procdff$25247 ($dff) from module mac_array_16x16 (D = $procmux$23877_Y, Q = \s2q[4], rval = 18'000000000000000000).
Adding EN signal on $auto$ff.cc:266:slice$26718 ($sdff) from module mac_array_16x16 (D = \s2[4], Q = \s2q[4]).
Adding SRST signal on $procdff$25246 ($dff) from module mac_array_16x16 (D = $procmux$23883_Y, Q = \s2q[3], rval = 18'000000000000000000).
Adding EN signal on $auto$ff.cc:266:slice$26720 ($sdff) from module mac_array_16x16 (D = \s2[3], Q = \s2q[3]).
Adding SRST signal on $procdff$25245 ($dff) from module mac_array_16x16 (D = $procmux$23889_Y, Q = \s2q[2], rval = 18'000000000000000000).
Adding EN signal on $auto$ff.cc:266:slice$26722 ($sdff) from module mac_array_16x16 (D = \s2[2], Q = \s2q[2]).
Adding SRST signal on $procdff$25244 ($dff) from module mac_array_16x16 (D = $procmux$23895_Y, Q = \s2q[1], rval = 18'000000000000000000).
Adding EN signal on $auto$ff.cc:266:slice$26724 ($sdff) from module mac_array_16x16 (D = \s2[1], Q = \s2q[1]).
Adding SRST signal on $procdff$25243 ($dff) from module mac_array_16x16 (D = $procmux$23901_Y, Q = \s2q[0], rval = 18'000000000000000000).
Adding EN signal on $auto$ff.cc:266:slice$26726 ($sdff) from module mac_array_16x16 (D = \s2[0], Q = \s2q[0]).
Adding EN signal on $procdff$25239 ($dff) from module mac_array_16x16 (D = $2\total[24:0], Q = \total).
Adding SRST signal on $procdff$25240 ($dff) from module mac_array_16x16 (D = $2\j[31:0], Q = \j, rval = 8).
Adding SRST signal on $procdff$25235 ($dff) from module mac_array_16x16 (D = $procmux$23909_Y, Q = \result, rval = 24'000000000000000000000000).
Adding EN signal on $auto$ff.cc:266:slice$26730 ($sdff) from module mac_array_16x16 (D = $procmux$23909_Y, Q = \result).
Setting constant 1-bit at position 0 on $procdff$25241 ($dff) from module mac_array_16x16.
Setting constant 1-bit at position 1 on $procdff$25241 ($dff) from module mac_array_16x16.
Setting constant 1-bit at position 2 on $procdff$25241 ($dff) from module mac_array_16x16.
Setting constant 1-bit at position 3 on $procdff$25241 ($dff) from module mac_array_16x16.
Setting constant 1-bit at position 4 on $procdff$25241 ($dff) from module mac_array_16x16.
Setting constant 1-bit at position 5 on $procdff$25241 ($dff) from module mac_array_16x16.
Setting constant 1-bit at position 6 on $procdff$25241 ($dff) from module mac_array_16x16.
Setting constant 1-bit at position 7 on $procdff$25241 ($dff) from module mac_array_16x16.
Setting constant 1-bit at position 8 on $procdff$25241 ($dff) from module mac_array_16x16.
Setting constant 1-bit at position 9 on $procdff$25241 ($dff) from module mac_array_16x16.
Setting constant 1-bit at position 10 on $procdff$25241 ($dff) from module mac_array_16x16.
Setting constant 1-bit at position 11 on $procdff$25241 ($dff) from module mac_array_16x16.
Setting constant 1-bit at position 12 on $procdff$25241 ($dff) from module mac_array_16x16.
Setting constant 1-bit at position 13 on $procdff$25241 ($dff) from module mac_array_16x16.
Setting constant 1-bit at position 14 on $procdff$25241 ($dff) from module mac_array_16x16.
Setting constant 1-bit at position 15 on $procdff$25241 ($dff) from module mac_array_16x16.
Setting constant 1-bit at position 16 on $procdff$25241 ($dff) from module mac_array_16x16.
Setting constant 1-bit at position 17 on $procdff$25241 ($dff) from module mac_array_16x16.
Setting constant 1-bit at position 18 on $procdff$25241 ($dff) from module mac_array_16x16.
Setting constant 1-bit at position 19 on $procdff$25241 ($dff) from module mac_array_16x16.
Setting constant 1-bit at position 20 on $procdff$25241 ($dff) from module mac_array_16x16.
Setting constant 1-bit at position 21 on $procdff$25241 ($dff) from module mac_array_16x16.
Setting constant 1-bit at position 22 on $procdff$25241 ($dff) from module mac_array_16x16.
Setting constant 1-bit at position 23 on $procdff$25241 ($dff) from module mac_array_16x16.
Setting constant 1-bit at position 0 on $procdff$25242 ($dff) from module mac_array_16x16.
Setting constant 1-bit at position 1 on $procdff$25242 ($dff) from module mac_array_16x16.
Setting constant 1-bit at position 2 on $procdff$25242 ($dff) from module mac_array_16x16.
Setting constant 1-bit at position 3 on $procdff$25242 ($dff) from module mac_array_16x16.
Setting constant 1-bit at position 4 on $procdff$25242 ($dff) from module mac_array_16x16.
Setting constant 1-bit at position 5 on $procdff$25242 ($dff) from module mac_array_16x16.
Setting constant 1-bit at position 6 on $procdff$25242 ($dff) from module mac_array_16x16.
Setting constant 1-bit at position 7 on $procdff$25242 ($dff) from module mac_array_16x16.
Setting constant 1-bit at position 8 on $procdff$25242 ($dff) from module mac_array_16x16.
Setting constant 1-bit at position 9 on $procdff$25242 ($dff) from module mac_array_16x16.
Setting constant 1-bit at position 10 on $procdff$25242 ($dff) from module mac_array_16x16.
Setting constant 1-bit at position 11 on $procdff$25242 ($dff) from module mac_array_16x16.
Setting constant 1-bit at position 12 on $procdff$25242 ($dff) from module mac_array_16x16.
Setting constant 1-bit at position 13 on $procdff$25242 ($dff) from module mac_array_16x16.
Setting constant 1-bit at position 14 on $procdff$25242 ($dff) from module mac_array_16x16.
Setting constant 1-bit at position 15 on $procdff$25242 ($dff) from module mac_array_16x16.
Setting constant 1-bit at position 16 on $procdff$25242 ($dff) from module mac_array_16x16.
Setting constant 1-bit at position 17 on $procdff$25242 ($dff) from module mac_array_16x16.
Setting constant 1-bit at position 18 on $procdff$25242 ($dff) from module mac_array_16x16.
Setting constant 1-bit at position 19 on $procdff$25242 ($dff) from module mac_array_16x16.
Setting constant 1-bit at position 20 on $procdff$25242 ($dff) from module mac_array_16x16.
Setting constant 1-bit at position 21 on $procdff$25242 ($dff) from module mac_array_16x16.
Setting constant 1-bit at position 22 on $procdff$25242 ($dff) from module mac_array_16x16.
Setting constant 1-bit at position 23 on $procdff$25242 ($dff) from module mac_array_16x16.
Setting constant 1-bit at position 24 on $procdff$25242 ($dff) from module mac_array_16x16.
Adding EN signal on $procdff$25257 ($dff) from module intermediate_sram (D = $or$rtl/intermediate_sram.v:0$543_Y, Q = \pack[3]).
Adding EN signal on $procdff$25260 ($dff) from module intermediate_sram (D = { \wr_data \pack[2] [55:0] }, Q = \macro_wd[2]).
Adding EN signal on $procdff$25256 ($dff) from module intermediate_sram (D = $or$rtl/intermediate_sram.v:0$526_Y, Q = \pack[2]).
Adding EN signal on $procdff$25261 ($dff) from module intermediate_sram (D = { \wr_data \pack[3] [55:0] }, Q = \macro_wd[3]).
Adding EN signal on $procdff$25255 ($dff) from module intermediate_sram (D = $or$rtl/intermediate_sram.v:0$509_Y, Q = \pack[1]).
Adding EN signal on $procdff$25258 ($dff) from module intermediate_sram (D = { \wr_data \pack[0] [55:0] }, Q = \macro_wd[0]).
Adding EN signal on $procdff$25259 ($dff) from module intermediate_sram (D = { \wr_data \pack[1] [55:0] }, Q = \macro_wd[1]).
Adding EN signal on $procdff$25254 ($dff) from module intermediate_sram (D = $or$rtl/intermediate_sram.v:0$492_Y, Q = \pack[0]).
Setting constant 1-bit at position 0 on $procdff$25262 ($dff) from module intermediate_sram.
Setting constant 1-bit at position 1 on $procdff$25262 ($dff) from module intermediate_sram.
Setting constant 1-bit at position 2 on $procdff$25262 ($dff) from module intermediate_sram.
Setting constant 1-bit at position 3 on $procdff$25262 ($dff) from module intermediate_sram.
Setting constant 1-bit at position 4 on $procdff$25262 ($dff) from module intermediate_sram.
Setting constant 1-bit at position 5 on $procdff$25262 ($dff) from module intermediate_sram.
Setting constant 1-bit at position 6 on $procdff$25262 ($dff) from module intermediate_sram.
Setting constant 1-bit at position 7 on $procdff$25262 ($dff) from module intermediate_sram.
Setting constant 1-bit at position 8 on $procdff$25262 ($dff) from module intermediate_sram.
Setting constant 1-bit at position 9 on $procdff$25262 ($dff) from module intermediate_sram.
Setting constant 1-bit at position 10 on $procdff$25262 ($dff) from module intermediate_sram.
Setting constant 1-bit at position 11 on $procdff$25262 ($dff) from module intermediate_sram.
Setting constant 1-bit at position 12 on $procdff$25262 ($dff) from module intermediate_sram.
Setting constant 1-bit at position 13 on $procdff$25262 ($dff) from module intermediate_sram.
Setting constant 1-bit at position 14 on $procdff$25262 ($dff) from module intermediate_sram.
Setting constant 1-bit at position 15 on $procdff$25262 ($dff) from module intermediate_sram.
Setting constant 1-bit at position 16 on $procdff$25262 ($dff) from module intermediate_sram.
Setting constant 1-bit at position 17 on $procdff$25262 ($dff) from module intermediate_sram.
Setting constant 1-bit at position 18 on $procdff$25262 ($dff) from module intermediate_sram.
Setting constant 1-bit at position 19 on $procdff$25262 ($dff) from module intermediate_sram.
Setting constant 1-bit at position 20 on $procdff$25262 ($dff) from module intermediate_sram.
Setting constant 1-bit at position 21 on $procdff$25262 ($dff) from module intermediate_sram.
Setting constant 1-bit at position 22 on $procdff$25262 ($dff) from module intermediate_sram.
Setting constant 1-bit at position 23 on $procdff$25262 ($dff) from module intermediate_sram.
Setting constant 1-bit at position 24 on $procdff$25262 ($dff) from module intermediate_sram.
Setting constant 1-bit at position 25 on $procdff$25262 ($dff) from module intermediate_sram.
Setting constant 1-bit at position 26 on $procdff$25262 ($dff) from module intermediate_sram.
Setting constant 1-bit at position 27 on $procdff$25262 ($dff) from module intermediate_sram.
Setting constant 1-bit at position 28 on $procdff$25262 ($dff) from module intermediate_sram.
Setting constant 1-bit at position 29 on $procdff$25262 ($dff) from module intermediate_sram.
Setting constant 1-bit at position 30 on $procdff$25262 ($dff) from module intermediate_sram.
Setting constant 1-bit at position 31 on $procdff$25262 ($dff) from module intermediate_sram.
Setting constant 1-bit at position 32 on $procdff$25262 ($dff) from module intermediate_sram.
Setting constant 1-bit at position 33 on $procdff$25262 ($dff) from module intermediate_sram.
Setting constant 1-bit at position 34 on $procdff$25262 ($dff) from module intermediate_sram.
Setting constant 1-bit at position 35 on $procdff$25262 ($dff) from module intermediate_sram.
Setting constant 1-bit at position 36 on $procdff$25262 ($dff) from module intermediate_sram.
Setting constant 1-bit at position 37 on $procdff$25262 ($dff) from module intermediate_sram.
Setting constant 1-bit at position 38 on $procdff$25262 ($dff) from module intermediate_sram.
Setting constant 1-bit at position 39 on $procdff$25262 ($dff) from module intermediate_sram.
Setting constant 1-bit at position 40 on $procdff$25262 ($dff) from module intermediate_sram.
Setting constant 1-bit at position 41 on $procdff$25262 ($dff) from module intermediate_sram.
Setting constant 1-bit at position 42 on $procdff$25262 ($dff) from module intermediate_sram.
Setting constant 1-bit at position 43 on $procdff$25262 ($dff) from module intermediate_sram.
Setting constant 1-bit at position 44 on $procdff$25262 ($dff) from module intermediate_sram.
Setting constant 1-bit at position 45 on $procdff$25262 ($dff) from module intermediate_sram.
Setting constant 1-bit at position 46 on $procdff$25262 ($dff) from module intermediate_sram.
Setting constant 1-bit at position 47 on $procdff$25262 ($dff) from module intermediate_sram.
Setting constant 1-bit at position 48 on $procdff$25262 ($dff) from module intermediate_sram.
Setting constant 1-bit at position 49 on $procdff$25262 ($dff) from module intermediate_sram.
Setting constant 1-bit at position 50 on $procdff$25262 ($dff) from module intermediate_sram.
Setting constant 1-bit at position 51 on $procdff$25262 ($dff) from module intermediate_sram.
Setting constant 1-bit at position 52 on $procdff$25262 ($dff) from module intermediate_sram.
Setting constant 1-bit at position 53 on $procdff$25262 ($dff) from module intermediate_sram.
Setting constant 1-bit at position 54 on $procdff$25262 ($dff) from module intermediate_sram.
Setting constant 1-bit at position 55 on $procdff$25262 ($dff) from module intermediate_sram.
Setting constant 1-bit at position 56 on $procdff$25262 ($dff) from module intermediate_sram.
Setting constant 1-bit at position 57 on $procdff$25262 ($dff) from module intermediate_sram.
Setting constant 1-bit at position 58 on $procdff$25262 ($dff) from module intermediate_sram.
Setting constant 1-bit at position 59 on $procdff$25262 ($dff) from module intermediate_sram.
Setting constant 1-bit at position 60 on $procdff$25262 ($dff) from module intermediate_sram.
Setting constant 1-bit at position 61 on $procdff$25262 ($dff) from module intermediate_sram.
Setting constant 1-bit at position 62 on $procdff$25262 ($dff) from module intermediate_sram.
Setting constant 1-bit at position 63 on $procdff$25262 ($dff) from module intermediate_sram.
Setting constant 0-bit at position 0 on $procdff$25253 ($dff) from module intermediate_sram.
Setting constant 0-bit at position 1 on $procdff$25253 ($dff) from module intermediate_sram.
Setting constant 1-bit at position 2 on $procdff$25253 ($dff) from module intermediate_sram.
Setting constant 0-bit at position 3 on $procdff$25253 ($dff) from module intermediate_sram.
Setting constant 0-bit at position 4 on $procdff$25253 ($dff) from module intermediate_sram.
Setting constant 0-bit at position 5 on $procdff$25253 ($dff) from module intermediate_sram.
Setting constant 0-bit at position 6 on $procdff$25253 ($dff) from module intermediate_sram.
Setting constant 0-bit at position 7 on $procdff$25253 ($dff) from module intermediate_sram.
Setting constant 0-bit at position 8 on $procdff$25253 ($dff) from module intermediate_sram.
Setting constant 0-bit at position 9 on $procdff$25253 ($dff) from module intermediate_sram.
Setting constant 0-bit at position 10 on $procdff$25253 ($dff) from module intermediate_sram.
Setting constant 0-bit at position 11 on $procdff$25253 ($dff) from module intermediate_sram.
Setting constant 0-bit at position 12 on $procdff$25253 ($dff) from module intermediate_sram.
Setting constant 0-bit at position 13 on $procdff$25253 ($dff) from module intermediate_sram.
Setting constant 0-bit at position 14 on $procdff$25253 ($dff) from module intermediate_sram.
Setting constant 0-bit at position 15 on $procdff$25253 ($dff) from module intermediate_sram.
Setting constant 0-bit at position 16 on $procdff$25253 ($dff) from module intermediate_sram.
Setting constant 0-bit at position 17 on $procdff$25253 ($dff) from module intermediate_sram.
Setting constant 0-bit at position 18 on $procdff$25253 ($dff) from module intermediate_sram.
Setting constant 0-bit at position 19 on $procdff$25253 ($dff) from module intermediate_sram.
Setting constant 0-bit at position 20 on $procdff$25253 ($dff) from module intermediate_sram.
Setting constant 0-bit at position 21 on $procdff$25253 ($dff) from module intermediate_sram.
Setting constant 0-bit at position 22 on $procdff$25253 ($dff) from module intermediate_sram.
Setting constant 0-bit at position 23 on $procdff$25253 ($dff) from module intermediate_sram.
Setting constant 0-bit at position 24 on $procdff$25253 ($dff) from module intermediate_sram.
Setting constant 0-bit at position 25 on $procdff$25253 ($dff) from module intermediate_sram.
Setting constant 0-bit at position 26 on $procdff$25253 ($dff) from module intermediate_sram.
Setting constant 0-bit at position 27 on $procdff$25253 ($dff) from module intermediate_sram.
Setting constant 0-bit at position 28 on $procdff$25253 ($dff) from module intermediate_sram.
Setting constant 0-bit at position 29 on $procdff$25253 ($dff) from module intermediate_sram.
Setting constant 0-bit at position 30 on $procdff$25253 ($dff) from module intermediate_sram.
Setting constant 0-bit at position 31 on $procdff$25253 ($dff) from module intermediate_sram.
Setting constant 1-bit at position 0 on $procdff$25264 ($dff) from module intermediate_sram.
Setting constant 1-bit at position 1 on $procdff$25264 ($dff) from module intermediate_sram.
Setting constant 1-bit at position 2 on $procdff$25264 ($dff) from module intermediate_sram.
Setting constant 1-bit at position 3 on $procdff$25264 ($dff) from module intermediate_sram.
Setting constant 1-bit at position 4 on $procdff$25264 ($dff) from module intermediate_sram.
Setting constant 1-bit at position 5 on $procdff$25264 ($dff) from module intermediate_sram.
Setting constant 1-bit at position 6 on $procdff$25264 ($dff) from module intermediate_sram.
Setting constant 1-bit at position 7 on $procdff$25264 ($dff) from module intermediate_sram.
Setting constant 1-bit at position 8 on $procdff$25264 ($dff) from module intermediate_sram.
Setting constant 1-bit at position 9 on $procdff$25264 ($dff) from module intermediate_sram.
Setting constant 1-bit at position 10 on $procdff$25264 ($dff) from module intermediate_sram.
Setting constant 1-bit at position 11 on $procdff$25264 ($dff) from module intermediate_sram.
Setting constant 1-bit at position 12 on $procdff$25264 ($dff) from module intermediate_sram.
Setting constant 1-bit at position 13 on $procdff$25264 ($dff) from module intermediate_sram.
Setting constant 1-bit at position 14 on $procdff$25264 ($dff) from module intermediate_sram.
Setting constant 1-bit at position 15 on $procdff$25264 ($dff) from module intermediate_sram.
Setting constant 1-bit at position 16 on $procdff$25264 ($dff) from module intermediate_sram.
Setting constant 1-bit at position 17 on $procdff$25264 ($dff) from module intermediate_sram.
Setting constant 1-bit at position 18 on $procdff$25264 ($dff) from module intermediate_sram.
Setting constant 1-bit at position 19 on $procdff$25264 ($dff) from module intermediate_sram.
Setting constant 1-bit at position 20 on $procdff$25264 ($dff) from module intermediate_sram.
Setting constant 1-bit at position 21 on $procdff$25264 ($dff) from module intermediate_sram.
Setting constant 1-bit at position 22 on $procdff$25264 ($dff) from module intermediate_sram.
Setting constant 1-bit at position 23 on $procdff$25264 ($dff) from module intermediate_sram.
Setting constant 1-bit at position 24 on $procdff$25264 ($dff) from module intermediate_sram.
Setting constant 1-bit at position 25 on $procdff$25264 ($dff) from module intermediate_sram.
Setting constant 1-bit at position 26 on $procdff$25264 ($dff) from module intermediate_sram.
Setting constant 1-bit at position 27 on $procdff$25264 ($dff) from module intermediate_sram.
Setting constant 1-bit at position 28 on $procdff$25264 ($dff) from module intermediate_sram.
Setting constant 1-bit at position 29 on $procdff$25264 ($dff) from module intermediate_sram.
Setting constant 1-bit at position 30 on $procdff$25264 ($dff) from module intermediate_sram.
Setting constant 1-bit at position 31 on $procdff$25264 ($dff) from module intermediate_sram.
Adding EN signal on $procdff$25279 ($dff) from module activation_sram (D = \buffer_sel_b, Q = \rd_sel_b).
Adding EN signal on $procdff$25278 ($dff) from module activation_sram (D = \buffer_sel, Q = \rd_sel_a).
Adding EN signal on $procdff$25280 ($dff) from module state_sram (D = \rd_bank, Q = \rd_bank_q).
Adding EN signal on $procdff$25282 ($dff) from module weight_sram (D = \rd_matrix, Q = \rd_matrix_q).

17.8. Executing OPT_CLEAN pass (remove unused cells and wires).
Finding unused cells or wires in module \x7_top..
Finding unused cells or wires in module \x7_controller..
Finding unused cells or wires in module \streaming_norm..
Finding unused cells or wires in module \state_stream_controller..
Finding unused cells or wires in module \state_word_engine..
Finding unused cells or wires in module \conv_unit_serial..
Finding unused cells or wires in module \mac_array_16x16..
Finding unused cells or wires in module \requant..
Finding unused cells or wires in module \intermediate_sram..
Finding unused cells or wires in module \activation_sram..
Finding unused cells or wires in module \state_sram..
Finding unused cells or wires in module \weight_sram..
Removed 623 unused cells and 10418 unused wires.
<suppressed ~651 debug messages>

17.9. Executing OPT_EXPR pass (perform const folding).
Optimizing module activation_sram.
<suppressed ~6 debug messages>
Optimizing module conv_unit_serial.
Optimizing module intermediate_sram.
Optimizing module mac_array_16x16.
<suppressed ~2 debug messages>
Optimizing module requant.
Optimizing module state_sram.
<suppressed ~7 debug messages>
Optimizing module state_stream_controller.
<suppressed ~175 debug messages>
Optimizing module state_word_engine.
Optimizing module streaming_norm.
<suppressed ~25 debug messages>
Optimizing module weight_sram.
Optimizing module x7_controller.
Optimizing module x7_top.
<suppressed ~92 debug messages>

17.10. Rerunning OPT passes. (Maybe there is more to do..)

17.11. Executing OPT_MUXTREE pass (detect dead branches in mux trees).
Running muxtree optimizer on module \activation_sram..
  Creating internal representation of mux trees.
  Evaluating internal representation of mux trees.
  Analyzing evaluation results.
Running muxtree optimizer on module \conv_unit_serial..
  Creating internal representation of mux trees.
  Evaluating internal representation of mux trees.
  Analyzing evaluation results.
Running muxtree optimizer on module \intermediate_sram..
  Creating internal representation of mux trees.
  Evaluating internal representation of mux trees.
  Analyzing evaluation results.
Running muxtree optimizer on module \mac_array_16x16..
  Creating internal representation of mux trees.
  Evaluating internal representation of mux trees.
  Analyzing evaluation results.
Running muxtree optimizer on module \requant..
  Creating internal representation of mux trees.
  Evaluating internal representation of mux trees.
  Analyzing evaluation results.
Running muxtree optimizer on module \state_sram..
  Creating internal representation of mux trees.
  Evaluating internal representation of mux trees.
  Analyzing evaluation results.
Running muxtree optimizer on module \state_stream_controller..
  Creating internal representation of mux trees.
  Evaluating internal representation of mux trees.
  Analyzing evaluation results.
Running muxtree optimizer on module \state_word_engine..
  Creating internal representation of mux trees.
  Evaluating internal representation of mux trees.
  Analyzing evaluation results.
Running muxtree optimizer on module \streaming_norm..
  Creating internal representation of mux trees.
  Evaluating internal representation of mux trees.
  Analyzing evaluation results.
Running muxtree optimizer on module \weight_sram..
  Creating internal representation of mux trees.
  Evaluating internal representation of mux trees.
  Analyzing evaluation results.
Running muxtree optimizer on module \x7_controller..
  Creating internal representation of mux trees.
  Evaluating internal representation of mux trees.
  Analyzing evaluation results.
Running muxtree optimizer on module \x7_top..
  Creating internal representation of mux trees.
  Evaluating internal representation of mux trees.
  Analyzing evaluation results.
Removed 0 multiplexer ports.
<suppressed ~247 debug messages>

17.12. Executing OPT_REDUCE pass (consolidate $*mux and $reduce_* inputs).
  Optimizing cells in module \activation_sram.
  Optimizing cells in module \conv_unit_serial.
  Optimizing cells in module \intermediate_sram.
  Optimizing cells in module \mac_array_16x16.
  Optimizing cells in module \requant.
  Optimizing cells in module \state_sram.
  Optimizing cells in module \state_stream_controller.
    New ctrl vector for $pmux cell $procmux$16673: $auto$opt_reduce.cc:134:opt_pmux$26755
    New ctrl vector for $pmux cell $procmux$16700: $auto$opt_reduce.cc:134:opt_pmux$26757
    New ctrl vector for $pmux cell $procmux$20816: { $auto$opt_reduce.cc:134:opt_pmux$26761 $auto$opt_reduce.cc:134:opt_pmux$26759 }
    New ctrl vector for $pmux cell $procmux$20846: { $auto$opt_reduce.cc:134:opt_pmux$26765 $auto$opt_reduce.cc:134:opt_pmux$26763 }
    New ctrl vector for $pmux cell $procmux$20876: { $auto$opt_reduce.cc:134:opt_pmux$26769 $auto$opt_reduce.cc:134:opt_pmux$26767 }
    New ctrl vector for $pmux cell $procmux$20906: { $auto$opt_reduce.cc:134:opt_pmux$26773 $auto$opt_reduce.cc:134:opt_pmux$26771 }
    New ctrl vector for $pmux cell $procmux$20936: { $auto$opt_reduce.cc:134:opt_pmux$26777 $auto$opt_reduce.cc:134:opt_pmux$26775 }
    New ctrl vector for $pmux cell $procmux$20966: { $auto$opt_reduce.cc:134:opt_pmux$26781 $auto$opt_reduce.cc:134:opt_pmux$26779 }
    New ctrl vector for $pmux cell $procmux$20996: { $auto$opt_reduce.cc:134:opt_pmux$26785 $auto$opt_reduce.cc:134:opt_pmux$26783 }
    New ctrl vector for $pmux cell $procmux$21026: { $auto$opt_reduce.cc:134:opt_pmux$26789 $auto$opt_reduce.cc:134:opt_pmux$26787 }
    New ctrl vector for $pmux cell $procmux$21056: { $auto$opt_reduce.cc:134:opt_pmux$26793 $auto$opt_reduce.cc:134:opt_pmux$26791 }
    New ctrl vector for $pmux cell $procmux$21082: { $auto$opt_reduce.cc:134:opt_pmux$26797 $auto$opt_reduce.cc:134:opt_pmux$26795 }
    New ctrl vector for $pmux cell $procmux$21108: { $auto$opt_reduce.cc:134:opt_pmux$26801 $auto$opt_reduce.cc:134:opt_pmux$26799 }
    New ctrl vector for $pmux cell $procmux$21134: { $auto$opt_reduce.cc:134:opt_pmux$26805 $auto$opt_reduce.cc:134:opt_pmux$26803 }
    New ctrl vector for $pmux cell $procmux$21160: { $auto$opt_reduce.cc:134:opt_pmux$26809 $auto$opt_reduce.cc:134:opt_pmux$26807 }
    New ctrl vector for $pmux cell $procmux$21186: { $auto$opt_reduce.cc:134:opt_pmux$26813 $auto$opt_reduce.cc:134:opt_pmux$26811 }
    New ctrl vector for $pmux cell $procmux$21212: { $auto$opt_reduce.cc:134:opt_pmux$26817 $auto$opt_reduce.cc:134:opt_pmux$26815 }
    New ctrl vector for $pmux cell $procmux$21238: { $auto$opt_reduce.cc:134:opt_pmux$26821 $auto$opt_reduce.cc:134:opt_pmux$26819 }
    New ctrl vector for $pmux cell $procmux$21264: { $auto$opt_reduce.cc:134:opt_pmux$26825 $auto$opt_reduce.cc:134:opt_pmux$26823 }
    New ctrl vector for $pmux cell $procmux$21292: { $auto$opt_reduce.cc:134:opt_pmux$26829 $auto$opt_reduce.cc:134:opt_pmux$26827 }
    New ctrl vector for $pmux cell $procmux$21320: { $auto$opt_reduce.cc:134:opt_pmux$26833 $auto$opt_reduce.cc:134:opt_pmux$26831 }
    New ctrl vector for $pmux cell $procmux$21348: { $auto$opt_reduce.cc:134:opt_pmux$26837 $auto$opt_reduce.cc:134:opt_pmux$26835 }
    New ctrl vector for $pmux cell $procmux$21376: { $auto$opt_reduce.cc:134:opt_pmux$26841 $auto$opt_reduce.cc:134:opt_pmux$26839 }
    New ctrl vector for $pmux cell $procmux$21404: { $auto$opt_reduce.cc:134:opt_pmux$26845 $auto$opt_reduce.cc:134:opt_pmux$26843 }
    New ctrl vector for $pmux cell $procmux$21432: { $auto$opt_reduce.cc:134:opt_pmux$26849 $auto$opt_reduce.cc:134:opt_pmux$26847 }
    New ctrl vector for $pmux cell $procmux$21460: { $auto$opt_reduce.cc:134:opt_pmux$26853 $auto$opt_reduce.cc:134:opt_pmux$26851 }
    New ctrl vector for $pmux cell $procmux$21488: { $auto$opt_reduce.cc:134:opt_pmux$26857 $auto$opt_reduce.cc:134:opt_pmux$26855 }
    New ctrl vector for $pmux cell $procmux$21518: { $auto$opt_reduce.cc:134:opt_pmux$26861 $auto$opt_reduce.cc:134:opt_pmux$26859 }
    New ctrl vector for $pmux cell $procmux$21548: { $auto$opt_reduce.cc:134:opt_pmux$26865 $auto$opt_reduce.cc:134:opt_pmux$26863 }
    New ctrl vector for $pmux cell $procmux$21578: { $auto$opt_reduce.cc:134:opt_pmux$26869 $auto$opt_reduce.cc:134:opt_pmux$26867 }
    New ctrl vector for $pmux cell $procmux$21608: { $auto$opt_reduce.cc:134:opt_pmux$26873 $auto$opt_reduce.cc:134:opt_pmux$26871 }
    New ctrl vector for $pmux cell $procmux$21638: { $auto$opt_reduce.cc:134:opt_pmux$26877 $auto$opt_reduce.cc:134:opt_pmux$26875 }
    New ctrl vector for $pmux cell $procmux$21668: { $auto$opt_reduce.cc:134:opt_pmux$26881 $auto$opt_reduce.cc:134:opt_pmux$26879 }
    New ctrl vector for $pmux cell $procmux$21698: { $auto$opt_reduce.cc:134:opt_pmux$26885 $auto$opt_reduce.cc:134:opt_pmux$26883 }
    New ctrl vector for $pmux cell $procmux$21773: $auto$opt_reduce.cc:134:opt_pmux$26887
    New ctrl vector for $pmux cell $procmux$21931: { $procmux$16738_CMP $procmux$21919_CMP $eq$rtl/state_stream_controller.v:95$1775_Y \act_wr_bank $auto$opt_reduce.cc:134:opt_pmux$26891 $auto$opt_reduce.cc:134:opt_pmux$26889 $procmux$21936_CMP $procmux$16733_CMP }
    New ctrl vector for $pmux cell $procmux$21981: $auto$opt_reduce.cc:134:opt_pmux$25333
    New ctrl vector for $pmux cell $procmux$22004: $auto$opt_reduce.cc:134:opt_pmux$26893
    New ctrl vector for $pmux cell $procmux$22034: { $auto$opt_reduce.cc:134:opt_pmux$26897 $auto$opt_reduce.cc:134:opt_pmux$26895 }
    New ctrl vector for $pmux cell $procmux$22529: { $eq$rtl/state_stream_controller.v:95$1775_Y $auto$opt_reduce.cc:134:opt_pmux$26899 }
    New ctrl vector for $pmux cell $procmux$22592: $auto$opt_reduce.cc:134:opt_pmux$26901
    New ctrl vector for $pmux cell $procmux$8615: $auto$opt_reduce.cc:134:opt_pmux$26903
  Optimizing cells in module \state_stream_controller.
  Optimizing cells in module \state_word_engine.
  Optimizing cells in module \streaming_norm.
  Optimizing cells in module \weight_sram.
  Optimizing cells in module \x7_controller.
  Optimizing cells in module \x7_top.
    New ctrl vector for $pmux cell $procmux$3847: $eq$rtl/x7_top.v:85$3610_Y
    New ctrl vector for $pmux cell $procmux$4032: $eq$rtl/x7_top.v:40$3580_Y
    New ctrl vector for $pmux cell $procmux$4053: $eq$rtl/x7_top.v:40$3580_Y
    New ctrl vector for $pmux cell $procmux$4105: $eq$rtl/x7_top.v:40$3580_Y
    New ctrl vector for $pmux cell $procmux$4165: { $eq$rtl/x7_top.v:40$3580_Y $eq$rtl/x7_top.v:54$3598_Y $eq$rtl/x7_top.v:74$3601_Y $eq$rtl/x7_top.v:83$3607_Y $eq$rtl/x7_top.v:85$3610_Y }
    Consolidated identical input bits for $mux cell $procmux$4186:
      Old ports: A=7'0100000, B=7'0000100, Y=$procmux$4186_Y
      New ports: A=2'10, B=2'01, Y={ $procmux$4186_Y [5] $procmux$4186_Y [2] }
      New connections: { $procmux$4186_Y [6] $procmux$4186_Y [4:3] $procmux$4186_Y [1:0] } = 5'00000
    Consolidated identical input bits for $mux cell $procmux$4431:
      Old ports: A=9'000000000, B=$add$rtl/x7_top.v:99$3622_Y, Y=$5\acta_addr[8:0]
      New ports: A=4'0000, B={ $eq$rtl/x7_top.v:151$3655_Y \proj_index [1:0] 1'1 }, Y={ $5\acta_addr[8:0] [5] $5\acta_addr[8:0] [2:0] }
      New connections: { $5\acta_addr[8:0] [8:6] $5\acta_addr[8:0] [4:3] } = { 1'0 $5\acta_addr[8:0] [5] 3'000 }
  Optimizing cells in module \x7_top.
    Consolidated identical input bits for $mux cell $procmux$4457:
      Old ports: A=$5\acta_addr[8:0], B={ $add$rtl/x7_top.v:98$3618_Y [8:1] 1'0 }, Y=$4\acta_addr[8:0]
      New ports: A={ $5\acta_addr[8:0] [5] $5\acta_addr[8:0] [2:0] }, B={ $eq$rtl/x7_top.v:151$3655_Y \proj_index [1:0] 1'0 }, Y={ $4\acta_addr[8:0] [5] $4\acta_addr[8:0] [2:0] }
      New connections: { $4\acta_addr[8:0] [8:6] $4\acta_addr[8:0] [4:3] } = { 1'0 $4\acta_addr[8:0] [5] 3'000 }
  Optimizing cells in module \x7_top.
Performed a total of 50 changes.

17.13. Executing OPT_MERGE pass (detect identical cells).
Finding identical cells in module `\activation_sram'.
Finding identical cells in module `\conv_unit_serial'.
Finding identical cells in module `\intermediate_sram'.
Finding identical cells in module `\mac_array_16x16'.
Finding identical cells in module `\requant'.
Finding identical cells in module `\state_sram'.
<suppressed ~6 debug messages>
Finding identical cells in module `\state_stream_controller'.
<suppressed ~531 debug messages>
Finding identical cells in module `\state_word_engine'.
<suppressed ~744 debug messages>
Finding identical cells in module `\streaming_norm'.
<suppressed ~192 debug messages>
Finding identical cells in module `\weight_sram'.
Finding identical cells in module `\x7_controller'.
Finding identical cells in module `\x7_top'.
<suppressed ~132 debug messages>
Removed a total of 535 cells.

17.14. Executing OPT_SHARE pass.

17.15. Executing OPT_DFF pass (perform DFF optimizations).
Adding EN signal on $auto$ff.cc:266:slice$26026 ($adffe) from module state_stream_controller (D = $0\acc[6][23:0], Q = \acc[6]).
Adding EN signal on $auto$ff.cc:266:slice$26019 ($adffe) from module state_stream_controller (D = $0\acc[7][23:0], Q = \acc[7]).
Adding EN signal on $auto$ff.cc:266:slice$26012 ($adffe) from module state_stream_controller (D = $0\acc[8][23:0], Q = \acc[8]).
Adding EN signal on $auto$ff.cc:266:slice$26005 ($adffe) from module state_stream_controller (D = $0\acc[9][23:0], Q = \acc[9]).
Adding EN signal on $auto$ff.cc:266:slice$25998 ($adffe) from module state_stream_controller (D = $0\acc[10][23:0], Q = \acc[10]).
Adding EN signal on $auto$ff.cc:266:slice$25991 ($adffe) from module state_stream_controller (D = $0\acc[11][23:0], Q = \acc[11]).
Adding EN signal on $auto$ff.cc:266:slice$25984 ($adffe) from module state_stream_controller (D = $0\acc[12][23:0], Q = \acc[12]).
Adding EN signal on $auto$ff.cc:266:slice$25977 ($adffe) from module state_stream_controller (D = $0\acc[13][23:0], Q = \acc[13]).
Adding EN signal on $auto$ff.cc:266:slice$25970 ($adffe) from module state_stream_controller (D = $0\acc[14][23:0], Q = \acc[14]).
Adding EN signal on $auto$ff.cc:266:slice$25963 ($adffe) from module state_stream_controller (D = $0\acc[15][23:0], Q = \acc[15]).
Adding EN signal on $auto$ff.cc:266:slice$25956 ($adffe) from module state_stream_controller (D = $0\acc[16][23:0], Q = \acc[16]).
Adding EN signal on $auto$ff.cc:266:slice$25949 ($adffe) from module state_stream_controller (D = $0\acc[17][23:0], Q = \acc[17]).
Adding EN signal on $auto$ff.cc:266:slice$25942 ($adffe) from module state_stream_controller (D = $0\acc[18][23:0], Q = \acc[18]).
Adding EN signal on $auto$ff.cc:266:slice$25935 ($adffe) from module state_stream_controller (D = $0\acc[19][23:0], Q = \acc[19]).
Adding EN signal on $auto$ff.cc:266:slice$25928 ($adffe) from module state_stream_controller (D = $0\acc[20][23:0], Q = \acc[20]).
Adding EN signal on $auto$ff.cc:266:slice$25921 ($adffe) from module state_stream_controller (D = $0\acc[21][23:0], Q = \acc[21]).
Adding EN signal on $auto$ff.cc:266:slice$25914 ($adffe) from module state_stream_controller (D = $0\acc[22][23:0], Q = \acc[22]).
Adding EN signal on $auto$ff.cc:266:slice$25907 ($adffe) from module state_stream_controller (D = $0\acc[23][23:0], Q = \acc[23]).
Adding EN signal on $auto$ff.cc:266:slice$25900 ($adffe) from module state_stream_controller (D = $0\acc[24][23:0], Q = \acc[24]).
Adding EN signal on $auto$ff.cc:266:slice$25893 ($adffe) from module state_stream_controller (D = $0\acc[25][23:0], Q = \acc[25]).
Adding EN signal on $auto$ff.cc:266:slice$25886 ($adffe) from module state_stream_controller (D = $0\acc[26][23:0], Q = \acc[26]).
Adding EN signal on $auto$ff.cc:266:slice$25879 ($adffe) from module state_stream_controller (D = $0\acc[27][23:0], Q = \acc[27]).
Adding EN signal on $auto$ff.cc:266:slice$25872 ($adffe) from module state_stream_controller (D = $0\acc[28][23:0], Q = \acc[28]).
Adding EN signal on $auto$ff.cc:266:slice$25865 ($adffe) from module state_stream_controller (D = $0\acc[29][23:0], Q = \acc[29]).
Adding EN signal on $auto$ff.cc:266:slice$25858 ($adffe) from module state_stream_controller (D = $0\acc[30][23:0], Q = \acc[30]).
Adding EN signal on $auto$ff.cc:266:slice$25851 ($adffe) from module state_stream_controller (D = $0\acc[31][23:0], Q = \acc[31]).
Adding EN signal on $auto$ff.cc:266:slice$26164 ($adffe) from module state_stream_controller (D = $0\group[1:0], Q = \group).
Adding EN signal on $auto$ff.cc:266:slice$26151 ($adffe) from module state_stream_controller (D = $0\row[6:0], Q = \row).
Adding EN signal on $auto$ff.cc:266:slice$26114 ($adffe) from module state_stream_controller (D = $0\state_build[255:0] [127:64], Q = \state_build [127:64]).
Adding EN signal on $auto$ff.cc:266:slice$26114 ($adffe) from module state_stream_controller (D = $0\state_build[255:0] [63:0], Q = \state_build [63:0]).
Adding EN signal on $auto$ff.cc:266:slice$26114 ($adffe) from module state_stream_controller (D = $0\state_build[255:0] [191:128], Q = \state_build [191:128]).
Adding EN signal on $auto$ff.cc:266:slice$26114 ($adffe) from module state_stream_controller (D = $0\state_build[255:0] [255:192], Q = \state_build [255:192]).
Adding EN signal on $auto$ff.cc:266:slice$26107 ($adffe) from module state_stream_controller (D = $0\acc[0][23:0], Q = \acc[0]).
Adding EN signal on $auto$ff.cc:266:slice$26094 ($adffe) from module state_stream_controller (D = $0\acc[1][23:0], Q = \acc[1]).
Adding EN signal on $auto$ff.cc:266:slice$26073 ($adffe) from module state_stream_controller (D = $0\acc[2][23:0], Q = \acc[2]).
Adding EN signal on $auto$ff.cc:266:slice$26066 ($adffe) from module state_stream_controller (D = $0\acc[3][23:0], Q = \acc[3]).
Adding EN signal on $auto$ff.cc:266:slice$26056 ($adffe) from module state_stream_controller (D = $0\acc[4][23:0], Q = \acc[4]).
Adding EN signal on $auto$ff.cc:266:slice$26049 ($adffe) from module state_stream_controller (D = $0\acc[5][23:0], Q = \acc[5]).
Adding SRST signal on $auto$ff.cc:266:slice$26518 ($dffe) from module state_word_engine (D = $4\sat9$func$rtl/state_word_engine.v:55$693.$result[7:0]$811, Q = \n2 [7:0], rval = 8'01111111).
Adding SRST signal on $auto$ff.cc:266:slice$26515 ($dffe) from module state_word_engine (D = $4\sat9$func$rtl/state_word_engine.v:55$694.$result[7:0]$818, Q = \n2 [15:8], rval = 8'01111111).
Adding SRST signal on $auto$ff.cc:266:slice$26512 ($dffe) from module state_word_engine (D = $4\sat9$func$rtl/state_word_engine.v:55$695.$result[7:0]$825, Q = \n2 [23:16], rval = 8'01111111).
Adding SRST signal on $auto$ff.cc:266:slice$26509 ($dffe) from module state_word_engine (D = $4\sat9$func$rtl/state_word_engine.v:55$696.$result[7:0]$832, Q = \n2 [31:24], rval = 8'01111111).
Adding SRST signal on $auto$ff.cc:266:slice$26506 ($dffe) from module state_word_engine (D = $4\sat9$func$rtl/state_word_engine.v:55$697.$result[7:0]$839, Q = \n2 [39:32], rval = 8'01111111).
Adding SRST signal on $auto$ff.cc:266:slice$26503 ($dffe) from module state_word_engine (D = $4\sat9$func$rtl/state_word_engine.v:55$698.$result[7:0]$846, Q = \n2 [47:40], rval = 8'01111111).
Adding SRST signal on $auto$ff.cc:266:slice$26500 ($dffe) from module state_word_engine (D = $4\sat9$func$rtl/state_word_engine.v:55$699.$result[7:0]$853, Q = \n2 [55:48], rval = 8'01111111).
Adding SRST signal on $auto$ff.cc:266:slice$26497 ($dffe) from module state_word_engine (D = $4\sat9$func$rtl/state_word_engine.v:55$700.$result[7:0]$860, Q = \n2 [63:56], rval = 8'01111111).
Adding SRST signal on $auto$ff.cc:266:slice$25676 ($dffe) from module streaming_norm (D = $5\sat8$func$rtl/streaming_norm.v:105$2994.$result[7:0]$3398, Q = \scaled_cache [7:0], rval = 8'01111111).
Adding SRST signal on $auto$ff.cc:266:slice$25673 ($dffe) from module streaming_norm (D = $5\sat8$func$rtl/streaming_norm.v:105$2995.$result[7:0]$3404, Q = \scaled_cache [15:8], rval = 8'01111111).
Adding SRST signal on $auto$ff.cc:266:slice$25670 ($dffe) from module streaming_norm (D = $5\sat8$func$rtl/streaming_norm.v:105$2996.$result[7:0]$3410, Q = \scaled_cache [23:16], rval = 8'01111111).
Adding SRST signal on $auto$ff.cc:266:slice$25667 ($dffe) from module streaming_norm (D = $5\sat8$func$rtl/streaming_norm.v:105$2997.$result[7:0]$3416, Q = \scaled_cache [31:24], rval = 8'01111111).
Adding SRST signal on $auto$ff.cc:266:slice$25664 ($dffe) from module streaming_norm (D = $5\sat8$func$rtl/streaming_norm.v:105$2998.$result[7:0]$3422, Q = \scaled_cache [39:32], rval = 8'01111111).
Adding SRST signal on $auto$ff.cc:266:slice$25661 ($dffe) from module streaming_norm (D = $5\sat8$func$rtl/streaming_norm.v:105$2999.$result[7:0]$3428, Q = \scaled_cache [47:40], rval = 8'01111111).
Adding SRST signal on $auto$ff.cc:266:slice$25658 ($dffe) from module streaming_norm (D = $5\sat8$func$rtl/streaming_norm.v:105$3000.$result[7:0]$3434, Q = \scaled_cache [55:48], rval = 8'01111111).
Adding SRST signal on $auto$ff.cc:266:slice$25655 ($dffe) from module streaming_norm (D = $5\sat8$func$rtl/streaming_norm.v:105$3001.$result[7:0]$3440, Q = \scaled_cache [63:56], rval = 8'01111111).
Adding SRST signal on $auto$ff.cc:266:slice$25652 ($dffe) from module streaming_norm (D = $5\sat8$func$rtl/streaming_norm.v:105$3002.$result[7:0]$3446, Q = \scaled_cache [71:64], rval = 8'01111111).
Adding SRST signal on $auto$ff.cc:266:slice$25649 ($dffe) from module streaming_norm (D = $5\sat8$func$rtl/streaming_norm.v:105$3003.$result[7:0]$3452, Q = \scaled_cache [79:72], rval = 8'01111111).
Adding SRST signal on $auto$ff.cc:266:slice$25646 ($dffe) from module streaming_norm (D = $5\sat8$func$rtl/streaming_norm.v:105$3004.$result[7:0]$3458, Q = \scaled_cache [87:80], rval = 8'01111111).
Adding SRST signal on $auto$ff.cc:266:slice$25643 ($dffe) from module streaming_norm (D = $5\sat8$func$rtl/streaming_norm.v:105$3005.$result[7:0]$3464, Q = \scaled_cache [95:88], rval = 8'01111111).
Adding SRST signal on $auto$ff.cc:266:slice$25640 ($dffe) from module streaming_norm (D = $5\sat8$func$rtl/streaming_norm.v:105$3006.$result[7:0]$3470, Q = \scaled_cache [103:96], rval = 8'01111111).
Adding SRST signal on $auto$ff.cc:266:slice$25637 ($dffe) from module streaming_norm (D = $5\sat8$func$rtl/streaming_norm.v:105$3007.$result[7:0]$3476, Q = \scaled_cache [111:104], rval = 8'01111111).
Adding SRST signal on $auto$ff.cc:266:slice$25634 ($dffe) from module streaming_norm (D = $5\sat8$func$rtl/streaming_norm.v:105$3008.$result[7:0]$3482, Q = \scaled_cache [119:112], rval = 8'01111111).
Adding SRST signal on $auto$ff.cc:266:slice$25631 ($dffe) from module streaming_norm (D = $5\sat8$func$rtl/streaming_norm.v:105$3009.$result[7:0]$3488, Q = \scaled_cache [127:120], rval = 8'01111111).
Adding EN signal on $auto$ff.cc:266:slice$25423 ($adffe) from module x7_top (D = $or$rtl/x7_top.v:0$3681_Y, Q = \conv_gate_pack).

17.16. Executing OPT_CLEAN pass (remove unused cells and wires).
Finding unused cells or wires in module \activation_sram..
Finding unused cells or wires in module \conv_unit_serial..
Finding unused cells or wires in module \intermediate_sram..
Finding unused cells or wires in module \mac_array_16x16..
Finding unused cells or wires in module \requant..
Finding unused cells or wires in module \state_sram..
Finding unused cells or wires in module \state_stream_controller..
Finding unused cells or wires in module \state_word_engine..
Finding unused cells or wires in module \streaming_norm..
Finding unused cells or wires in module \weight_sram..
Finding unused cells or wires in module \x7_controller..
Finding unused cells or wires in module \x7_top..
Removed 26 unused cells and 613 unused wires.
<suppressed ~33 debug messages>

17.17. Executing OPT_EXPR pass (perform const folding).
Optimizing module activation_sram.
Optimizing module conv_unit_serial.
Optimizing module intermediate_sram.
Optimizing module mac_array_16x16.
Optimizing module requant.
Optimizing module state_sram.
Optimizing module state_stream_controller.
<suppressed ~117 debug messages>
Optimizing module state_word_engine.
Optimizing module streaming_norm.
Optimizing module weight_sram.
Optimizing module x7_controller.
Optimizing module x7_top.
<suppressed ~1 debug messages>

17.18. Rerunning OPT passes. (Maybe there is more to do..)

17.19. Executing OPT_MUXTREE pass (detect dead branches in mux trees).
Running muxtree optimizer on module \activation_sram..
  Creating internal representation of mux trees.
  Evaluating internal representation of mux trees.
  Analyzing evaluation results.
Running muxtree optimizer on module \conv_unit_serial..
  Creating internal representation of mux trees.
  Evaluating internal representation of mux trees.
  Analyzing evaluation results.
Running muxtree optimizer on module \intermediate_sram..
  Creating internal representation of mux trees.
  Evaluating internal representation of mux trees.
  Analyzing evaluation results.
Running muxtree optimizer on module \mac_array_16x16..
  Creating internal representation of mux trees.
  Evaluating internal representation of mux trees.
  Analyzing evaluation results.
Running muxtree optimizer on module \requant..
  Creating internal representation of mux trees.
  Evaluating internal representation of mux trees.
  Analyzing evaluation results.
Running muxtree optimizer on module \state_sram..
  Creating internal representation of mux trees.
  Evaluating internal representation of mux trees.
  Analyzing evaluation results.
Running muxtree optimizer on module \state_stream_controller..
  Creating internal representation of mux trees.
  Evaluating internal representation of mux trees.
  Analyzing evaluation results.
Running muxtree optimizer on module \state_word_engine..
  Creating internal representation of mux trees.
  Evaluating internal representation of mux trees.
  Analyzing evaluation results.
Running muxtree optimizer on module \streaming_norm..
  Creating internal representation of mux trees.
  Evaluating internal representation of mux trees.
  Analyzing evaluation results.
Running muxtree optimizer on module \weight_sram..
  Creating internal representation of mux trees.
  Evaluating internal representation of mux trees.
  Analyzing evaluation results.
Running muxtree optimizer on module \x7_controller..
  Creating internal representation of mux trees.
  Evaluating internal representation of mux trees.
  Analyzing evaluation results.
Running muxtree optimizer on module \x7_top..
  Creating internal representation of mux trees.
  Evaluating internal representation of mux trees.
  Analyzing evaluation results.
Removed 0 multiplexer ports.
<suppressed ~238 debug messages>

17.20. Executing OPT_REDUCE pass (consolidate $*mux and $reduce_* inputs).
  Optimizing cells in module \activation_sram.
  Optimizing cells in module \conv_unit_serial.
  Optimizing cells in module \intermediate_sram.
  Optimizing cells in module \mac_array_16x16.
  Optimizing cells in module \requant.
  Optimizing cells in module \state_sram.
  Optimizing cells in module \state_stream_controller.
    New input vector for $reduce_and cell $auto$opt_dff.cc:220:make_patterns_logic$27241: { $auto$opt_dff.cc:194:make_patterns_logic$25852 $auto$opt_dff.cc:194:make_patterns_logic$25854 $auto$opt_dff.cc:194:make_patterns_logic$27236 $auto$opt_dff.cc:194:make_patterns_logic$27234 $auto$opt_dff.cc:194:make_patterns_logic$27238 }
    New input vector for $reduce_and cell $auto$opt_dff.cc:220:make_patterns_logic$27223: { $auto$opt_dff.cc:194:make_patterns_logic$25852 $auto$opt_dff.cc:194:make_patterns_logic$25854 $auto$opt_dff.cc:194:make_patterns_logic$27216 $auto$opt_dff.cc:194:make_patterns_logic$27218 $auto$opt_dff.cc:194:make_patterns_logic$27220 }
    New input vector for $reduce_and cell $auto$opt_dff.cc:220:make_patterns_logic$27214: { $auto$opt_dff.cc:194:make_patterns_logic$25852 $auto$opt_dff.cc:194:make_patterns_logic$25854 $auto$opt_dff.cc:194:make_patterns_logic$27207 $auto$opt_dff.cc:194:make_patterns_logic$27211 $auto$opt_dff.cc:194:make_patterns_logic$27209 }
    New input vector for $reduce_and cell $auto$opt_dff.cc:220:make_patterns_logic$27205: { $auto$opt_dff.cc:194:make_patterns_logic$25852 $auto$opt_dff.cc:194:make_patterns_logic$25854 $auto$opt_dff.cc:194:make_patterns_logic$27198 $auto$opt_dff.cc:194:make_patterns_logic$27200 $auto$opt_dff.cc:194:make_patterns_logic$27202 }
    New input vector for $reduce_and cell $auto$opt_dff.cc:220:make_patterns_logic$27196: { $auto$opt_dff.cc:194:make_patterns_logic$25852 $auto$opt_dff.cc:194:make_patterns_logic$25854 $auto$opt_dff.cc:194:make_patterns_logic$27189 $auto$opt_dff.cc:194:make_patterns_logic$27191 $auto$opt_dff.cc:194:make_patterns_logic$27193 }
    New input vector for $reduce_and cell $auto$opt_dff.cc:220:make_patterns_logic$27151: { $auto$opt_dff.cc:194:make_patterns_logic$25852 $auto$opt_dff.cc:194:make_patterns_logic$26160 $auto$opt_dff.cc:194:make_patterns_logic$26158 $auto$opt_dff.cc:194:make_patterns_logic$26156 $auto$opt_dff.cc:194:make_patterns_logic$26154 $auto$opt_dff.cc:194:make_patterns_logic$27148 }
    New input vector for $reduce_and cell $auto$opt_dff.cc:220:make_patterns_logic$27137: { $auto$opt_dff.cc:194:make_patterns_logic$27130 $auto$opt_dff.cc:194:make_patterns_logic$27132 $auto$opt_dff.cc:194:make_patterns_logic$27134 $auto$opt_dff.cc:194:make_patterns_logic$25852 $auto$opt_dff.cc:194:make_patterns_logic$25854 }
    New input vector for $reduce_and cell $auto$opt_dff.cc:220:make_patterns_logic$27128: { $auto$opt_dff.cc:194:make_patterns_logic$27121 $auto$opt_dff.cc:194:make_patterns_logic$27123 $auto$opt_dff.cc:194:make_patterns_logic$27125 $auto$opt_dff.cc:194:make_patterns_logic$25852 $auto$opt_dff.cc:194:make_patterns_logic$25854 }
    New input vector for $reduce_and cell $auto$opt_dff.cc:220:make_patterns_logic$27119: { $auto$opt_dff.cc:194:make_patterns_logic$27112 $auto$opt_dff.cc:194:make_patterns_logic$27114 $auto$opt_dff.cc:194:make_patterns_logic$27116 $auto$opt_dff.cc:194:make_patterns_logic$25852 $auto$opt_dff.cc:194:make_patterns_logic$25854 }
    New input vector for $reduce_and cell $auto$opt_dff.cc:220:make_patterns_logic$27110: { $auto$opt_dff.cc:194:make_patterns_logic$27105 $auto$opt_dff.cc:194:make_patterns_logic$27103 $auto$opt_dff.cc:194:make_patterns_logic$27107 $auto$opt_dff.cc:194:make_patterns_logic$25852 $auto$opt_dff.cc:194:make_patterns_logic$25854 }
    New input vector for $reduce_and cell $auto$opt_dff.cc:220:make_patterns_logic$27101: { $auto$opt_dff.cc:194:make_patterns_logic$27098 $auto$opt_dff.cc:194:make_patterns_logic$27094 $auto$opt_dff.cc:194:make_patterns_logic$27096 $auto$opt_dff.cc:194:make_patterns_logic$25852 $auto$opt_dff.cc:194:make_patterns_logic$25854 }
    New input vector for $reduce_and cell $auto$opt_dff.cc:220:make_patterns_logic$27092: { $auto$opt_dff.cc:194:make_patterns_logic$27085 $auto$opt_dff.cc:194:make_patterns_logic$27087 $auto$opt_dff.cc:194:make_patterns_logic$27089 $auto$opt_dff.cc:194:make_patterns_logic$25852 $auto$opt_dff.cc:194:make_patterns_logic$25854 }
    New input vector for $reduce_and cell $auto$opt_dff.cc:220:make_patterns_logic$27083: { $auto$opt_dff.cc:194:make_patterns_logic$27080 $auto$opt_dff.cc:194:make_patterns_logic$27076 $auto$opt_dff.cc:194:make_patterns_logic$27078 $auto$opt_dff.cc:194:make_patterns_logic$25852 $auto$opt_dff.cc:194:make_patterns_logic$25854 }
    New input vector for $reduce_and cell $auto$opt_dff.cc:220:make_patterns_logic$27074: { $auto$opt_dff.cc:194:make_patterns_logic$25852 $auto$opt_dff.cc:194:make_patterns_logic$25854 $auto$opt_dff.cc:194:make_patterns_logic$27067 $auto$opt_dff.cc:194:make_patterns_logic$27069 $auto$opt_dff.cc:194:make_patterns_logic$27071 }
    New input vector for $reduce_and cell $auto$opt_dff.cc:220:make_patterns_logic$27065: { $auto$opt_dff.cc:194:make_patterns_logic$27060 $auto$opt_dff.cc:194:make_patterns_logic$27058 $auto$opt_dff.cc:194:make_patterns_logic$27062 $auto$opt_dff.cc:194:make_patterns_logic$25852 $auto$opt_dff.cc:194:make_patterns_logic$25854 }
    New input vector for $reduce_and cell $auto$opt_dff.cc:220:make_patterns_logic$27056: { $auto$opt_dff.cc:194:make_patterns_logic$27053 $auto$opt_dff.cc:194:make_patterns_logic$27049 $auto$opt_dff.cc:194:make_patterns_logic$27051 $auto$opt_dff.cc:194:make_patterns_logic$25852 $auto$opt_dff.cc:194:make_patterns_logic$25854 }
    New input vector for $reduce_and cell $auto$opt_dff.cc:220:make_patterns_logic$27047: { $auto$opt_dff.cc:194:make_patterns_logic$27042 $auto$opt_dff.cc:194:make_patterns_logic$27044 $auto$opt_dff.cc:194:make_patterns_logic$25852 $auto$opt_dff.cc:194:make_patterns_logic$25854 $auto$opt_dff.cc:194:make_patterns_logic$27040 }
    New input vector for $reduce_and cell $auto$opt_dff.cc:220:make_patterns_logic$27038: { $auto$opt_dff.cc:194:make_patterns_logic$27031 $auto$opt_dff.cc:194:make_patterns_logic$25852 $auto$opt_dff.cc:194:make_patterns_logic$25854 $auto$opt_dff.cc:194:make_patterns_logic$27033 $auto$opt_dff.cc:194:make_patterns_logic$27035 }
    New input vector for $reduce_and cell $auto$opt_dff.cc:220:make_patterns_logic$27029: { $auto$opt_dff.cc:194:make_patterns_logic$27026 $auto$opt_dff.cc:194:make_patterns_logic$25852 $auto$opt_dff.cc:194:make_patterns_logic$25854 $auto$opt_dff.cc:194:make_patterns_logic$27022 $auto$opt_dff.cc:194:make_patterns_logic$27024 }
    New input vector for $reduce_and cell $auto$opt_dff.cc:220:make_patterns_logic$27020: { $auto$opt_dff.cc:194:make_patterns_logic$25852 $auto$opt_dff.cc:194:make_patterns_logic$25854 $auto$opt_dff.cc:194:make_patterns_logic$27017 $auto$opt_dff.cc:194:make_patterns_logic$27015 $auto$opt_dff.cc:194:make_patterns_logic$27013 }
    New input vector for $reduce_and cell $auto$opt_dff.cc:220:make_patterns_logic$27011: { $auto$opt_dff.cc:194:make_patterns_logic$25852 $auto$opt_dff.cc:194:make_patterns_logic$25854 $auto$opt_dff.cc:194:make_patterns_logic$27006 $auto$opt_dff.cc:194:make_patterns_logic$27004 $auto$opt_dff.cc:194:make_patterns_logic$27008 }
    New input vector for $reduce_and cell $auto$opt_dff.cc:220:make_patterns_logic$27002: { $auto$opt_dff.cc:194:make_patterns_logic$25852 $auto$opt_dff.cc:194:make_patterns_logic$25854 $auto$opt_dff.cc:194:make_patterns_logic$26997 $auto$opt_dff.cc:194:make_patterns_logic$26999 $auto$opt_dff.cc:194:make_patterns_logic$26995 }
    New input vector for $reduce_and cell $auto$opt_dff.cc:220:make_patterns_logic$26993: { $auto$opt_dff.cc:194:make_patterns_logic$25852 $auto$opt_dff.cc:194:make_patterns_logic$25854 $auto$opt_dff.cc:194:make_patterns_logic$26988 $auto$opt_dff.cc:194:make_patterns_logic$26990 $auto$opt_dff.cc:194:make_patterns_logic$26986 }
    New input vector for $reduce_and cell $auto$opt_dff.cc:220:make_patterns_logic$26984: { $auto$opt_dff.cc:194:make_patterns_logic$25852 $auto$opt_dff.cc:194:make_patterns_logic$25854 $auto$opt_dff.cc:194:make_patterns_logic$26977 $auto$opt_dff.cc:194:make_patterns_logic$26979 $auto$opt_dff.cc:194:make_patterns_logic$26981 }
    New input vector for $reduce_and cell $auto$opt_dff.cc:220:make_patterns_logic$26975: { $auto$opt_dff.cc:194:make_patterns_logic$25852 $auto$opt_dff.cc:194:make_patterns_logic$26968 $auto$opt_dff.cc:194:make_patterns_logic$25854 $auto$opt_dff.cc:194:make_patterns_logic$26972 $auto$opt_dff.cc:194:make_patterns_logic$26970 }
    New input vector for $reduce_and cell $auto$opt_dff.cc:220:make_patterns_logic$26966: { $auto$opt_dff.cc:194:make_patterns_logic$26963 $auto$opt_dff.cc:194:make_patterns_logic$26961 $auto$opt_dff.cc:194:make_patterns_logic$26959 $auto$opt_dff.cc:194:make_patterns_logic$25852 $auto$opt_dff.cc:194:make_patterns_logic$25854 }
    New input vector for $reduce_and cell $auto$opt_dff.cc:220:make_patterns_logic$26957: { $auto$opt_dff.cc:194:make_patterns_logic$25852 $auto$opt_dff.cc:194:make_patterns_logic$25854 $auto$opt_dff.cc:194:make_patterns_logic$26954 $auto$opt_dff.cc:194:make_patterns_logic$26950 $auto$opt_dff.cc:194:make_patterns_logic$26952 }
    New input vector for $reduce_and cell $auto$opt_dff.cc:220:make_patterns_logic$26948: { $auto$opt_dff.cc:194:make_patterns_logic$25852 $auto$opt_dff.cc:194:make_patterns_logic$25854 $auto$opt_dff.cc:194:make_patterns_logic$26943 $auto$opt_dff.cc:194:make_patterns_logic$26941 $auto$opt_dff.cc:194:make_patterns_logic$26945 }
    New input vector for $reduce_and cell $auto$opt_dff.cc:220:make_patterns_logic$26939: { $auto$opt_dff.cc:194:make_patterns_logic$25852 $auto$opt_dff.cc:194:make_patterns_logic$25854 $auto$opt_dff.cc:194:make_patterns_logic$26934 $auto$opt_dff.cc:194:make_patterns_logic$26932 $auto$opt_dff.cc:194:make_patterns_logic$26936 }
    New input vector for $reduce_and cell $auto$opt_dff.cc:220:make_patterns_logic$26930: { $auto$opt_dff.cc:194:make_patterns_logic$25852 $auto$opt_dff.cc:194:make_patterns_logic$25854 $auto$opt_dff.cc:194:make_patterns_logic$26927 $auto$opt_dff.cc:194:make_patterns_logic$26923 $auto$opt_dff.cc:194:make_patterns_logic$26925 }
    New input vector for $reduce_and cell $auto$opt_dff.cc:220:make_patterns_logic$26921: { $auto$opt_dff.cc:194:make_patterns_logic$25852 $auto$opt_dff.cc:194:make_patterns_logic$25854 $auto$opt_dff.cc:194:make_patterns_logic$26914 $auto$opt_dff.cc:194:make_patterns_logic$26916 $auto$opt_dff.cc:194:make_patterns_logic$26918 }
    New input vector for $reduce_and cell $auto$opt_dff.cc:220:make_patterns_logic$26912: { $auto$opt_dff.cc:194:make_patterns_logic$25852 $auto$opt_dff.cc:194:make_patterns_logic$25854 $auto$opt_dff.cc:194:make_patterns_logic$26905 $auto$opt_dff.cc:194:make_patterns_logic$26907 $auto$opt_dff.cc:194:make_patterns_logic$26909 }
    New input vector for $reduce_and cell $auto$opt_dff.cc:220:make_patterns_logic$27146: { $auto$opt_dff.cc:194:make_patterns_logic$25852 $auto$opt_dff.cc:194:make_patterns_logic$26167 $auto$opt_dff.cc:194:make_patterns_logic$27141 $auto$opt_dff.cc:194:make_patterns_logic$27143 $auto$opt_dff.cc:194:make_patterns_logic$27139 }
    New input vector for $reduce_and cell $auto$opt_dff.cc:220:make_patterns_logic$27232: { $auto$opt_dff.cc:194:make_patterns_logic$25852 $auto$opt_dff.cc:194:make_patterns_logic$25854 $auto$opt_dff.cc:194:make_patterns_logic$27225 $auto$opt_dff.cc:194:make_patterns_logic$27229 $auto$opt_dff.cc:194:make_patterns_logic$27227 }
    New ctrl vector for $pmux cell $procmux$20816: $auto$opt_reduce.cc:134:opt_pmux$26755
    New ctrl vector for $pmux cell $procmux$20846: $auto$opt_reduce.cc:134:opt_pmux$26755
    New ctrl vector for $pmux cell $procmux$20876: $auto$opt_reduce.cc:134:opt_pmux$26755
    New ctrl vector for $pmux cell $procmux$20906: $auto$opt_reduce.cc:134:opt_pmux$26755
    New ctrl vector for $pmux cell $procmux$20936: $auto$opt_reduce.cc:134:opt_pmux$26755
    New ctrl vector for $pmux cell $procmux$20966: $auto$opt_reduce.cc:134:opt_pmux$26755
    New ctrl vector for $pmux cell $procmux$20996: $auto$opt_reduce.cc:134:opt_pmux$26755
    New ctrl vector for $pmux cell $procmux$21026: $auto$opt_reduce.cc:134:opt_pmux$26755
    New ctrl vector for $pmux cell $procmux$21056: $auto$opt_reduce.cc:134:opt_pmux$26755
    New ctrl vector for $pmux cell $procmux$21082: $auto$opt_reduce.cc:134:opt_pmux$26755
    New ctrl vector for $pmux cell $procmux$21108: $auto$opt_reduce.cc:134:opt_pmux$26755
    New ctrl vector for $pmux cell $procmux$21134: $auto$opt_reduce.cc:134:opt_pmux$26755
    New ctrl vector for $pmux cell $procmux$21160: $auto$opt_reduce.cc:134:opt_pmux$26755
    New ctrl vector for $pmux cell $procmux$21186: $auto$opt_reduce.cc:134:opt_pmux$26755
    New ctrl vector for $pmux cell $procmux$21212: $auto$opt_reduce.cc:134:opt_pmux$26755
    New ctrl vector for $pmux cell $procmux$21238: $auto$opt_reduce.cc:134:opt_pmux$26755
    New ctrl vector for $pmux cell $procmux$21264: $auto$opt_reduce.cc:134:opt_pmux$26755
    New ctrl vector for $pmux cell $procmux$21292: $auto$opt_reduce.cc:134:opt_pmux$26755
    New ctrl vector for $pmux cell $procmux$21320: $auto$opt_reduce.cc:134:opt_pmux$26755
    New ctrl vector for $pmux cell $procmux$21348: $auto$opt_reduce.cc:134:opt_pmux$26755
    New ctrl vector for $pmux cell $procmux$21376: $auto$opt_reduce.cc:134:opt_pmux$26755
    New ctrl vector for $pmux cell $procmux$21404: $auto$opt_reduce.cc:134:opt_pmux$26755
    New ctrl vector for $pmux cell $procmux$21432: $auto$opt_reduce.cc:134:opt_pmux$26755
    New ctrl vector for $pmux cell $procmux$21460: $auto$opt_reduce.cc:134:opt_pmux$26755
    New ctrl vector for $pmux cell $procmux$21488: $auto$opt_reduce.cc:134:opt_pmux$26755
    New ctrl vector for $pmux cell $procmux$21518: $auto$opt_reduce.cc:134:opt_pmux$26755
    New ctrl vector for $pmux cell $procmux$21548: $auto$opt_reduce.cc:134:opt_pmux$26755
    New ctrl vector for $pmux cell $procmux$21578: $auto$opt_reduce.cc:134:opt_pmux$26755
    New ctrl vector for $pmux cell $procmux$21608: $auto$opt_reduce.cc:134:opt_pmux$26755
    New ctrl vector for $pmux cell $procmux$21638: $auto$opt_reduce.cc:134:opt_pmux$26755
    New ctrl vector for $pmux cell $procmux$21668: $auto$opt_reduce.cc:134:opt_pmux$26755
    New ctrl vector for $pmux cell $procmux$21698: $auto$opt_reduce.cc:134:opt_pmux$26755
    New ctrl vector for $pmux cell $procmux$22034: $auto$opt_reduce.cc:134:opt_pmux$26755
  Optimizing cells in module \state_stream_controller.
  Optimizing cells in module \state_word_engine.
  Optimizing cells in module \streaming_norm.
  Optimizing cells in module \weight_sram.
  Optimizing cells in module \x7_controller.
  Optimizing cells in module \x7_top.
Performed a total of 67 changes.

17.21. Executing OPT_MERGE pass (detect identical cells).
Finding identical cells in module `\activation_sram'.
Finding identical cells in module `\conv_unit_serial'.
Finding identical cells in module `\intermediate_sram'.
Finding identical cells in module `\mac_array_16x16'.
Finding identical cells in module `\requant'.
Finding identical cells in module `\state_sram'.
Finding identical cells in module `\state_stream_controller'.
<suppressed ~399 debug messages>
Finding identical cells in module `\state_word_engine'.
Finding identical cells in module `\streaming_norm'.
Finding identical cells in module `\weight_sram'.
Finding identical cells in module `\x7_controller'.
Finding identical cells in module `\x7_top'.
Removed a total of 133 cells.

17.22. Executing OPT_SHARE pass.

17.23. Executing OPT_DFF pass (perform DFF optimizations).
Adding EN signal on $auto$ff.cc:266:slice$26126 ($adffe) from module state_stream_controller (D = \act_rd_data, Q = \gate_cache).
Adding EN signal on $auto$ff.cc:266:slice$26123 ($adffe) from module state_stream_controller (D = \ivec_rd_data, Q = \k_cache).
Adding EN signal on $auto$ff.cc:266:slice$26117 ($adffe) from module state_stream_controller (D = \state_rd_data, Q = \state_word).

17.24. Executing OPT_CLEAN pass (remove unused cells and wires).
Finding unused cells or wires in module \activation_sram..
Finding unused cells or wires in module \conv_unit_serial..
Finding unused cells or wires in module \intermediate_sram..
Finding unused cells or wires in module \mac_array_16x16..
Finding unused cells or wires in module \requant..
Finding unused cells or wires in module \state_sram..
Finding unused cells or wires in module \state_stream_controller..
Finding unused cells or wires in module \state_word_engine..
Finding unused cells or wires in module \streaming_norm..
Finding unused cells or wires in module \weight_sram..
Finding unused cells or wires in module \x7_controller..
Finding unused cells or wires in module \x7_top..
Removed 6 unused cells and 249 unused wires.
<suppressed ~7 debug messages>

17.25. Executing OPT_EXPR pass (perform const folding).
Optimizing module activation_sram.
Optimizing module conv_unit_serial.
Optimizing module intermediate_sram.
Optimizing module mac_array_16x16.
Optimizing module requant.
Optimizing module state_sram.
Optimizing module state_stream_controller.
Optimizing module state_word_engine.
Optimizing module streaming_norm.
Optimizing module weight_sram.
Optimizing module x7_controller.
Optimizing module x7_top.

17.26. Rerunning OPT passes. (Maybe there is more to do..)

17.27. Executing OPT_MUXTREE pass (detect dead branches in mux trees).
Running muxtree optimizer on module \activation_sram..
  Creating internal representation of mux trees.
  Evaluating internal representation of mux trees.
  Analyzing evaluation results.
Running muxtree optimizer on module \conv_unit_serial..
  Creating internal representation of mux trees.
  Evaluating internal representation of mux trees.
  Analyzing evaluation results.
Running muxtree optimizer on module \intermediate_sram..
  Creating internal representation of mux trees.
  Evaluating internal representation of mux trees.
  Analyzing evaluation results.
Running muxtree optimizer on module \mac_array_16x16..
  Creating internal representation of mux trees.
  Evaluating internal representation of mux trees.
  Analyzing evaluation results.
Running muxtree optimizer on module \requant..
  Creating internal representation of mux trees.
  Evaluating internal representation of mux trees.
  Analyzing evaluation results.
Running muxtree optimizer on module \state_sram..
  Creating internal representation of mux trees.
  Evaluating internal representation of mux trees.
  Analyzing evaluation results.
Running muxtree optimizer on module \state_stream_controller..
  Creating internal representation of mux trees.
  Evaluating internal representation of mux trees.
  Analyzing evaluation results.
Running muxtree optimizer on module \state_word_engine..
  Creating internal representation of mux trees.
  Evaluating internal representation of mux trees.
  Analyzing evaluation results.
Running muxtree optimizer on module \streaming_norm..
  Creating internal representation of mux trees.
  Evaluating internal representation of mux trees.
  Analyzing evaluation results.
Running muxtree optimizer on module \weight_sram..
  Creating internal representation of mux trees.
  Evaluating internal representation of mux trees.
  Analyzing evaluation results.
Running muxtree optimizer on module \x7_controller..
  Creating internal representation of mux trees.
  Evaluating internal representation of mux trees.
  Analyzing evaluation results.
Running muxtree optimizer on module \x7_top..
  Creating internal representation of mux trees.
  Evaluating internal representation of mux trees.
  Analyzing evaluation results.
Removed 0 multiplexer ports.
<suppressed ~232 debug messages>

17.28. Executing OPT_REDUCE pass (consolidate $*mux and $reduce_* inputs).
  Optimizing cells in module \activation_sram.
  Optimizing cells in module \conv_unit_serial.
  Optimizing cells in module \intermediate_sram.
  Optimizing cells in module \mac_array_16x16.
  Optimizing cells in module \requant.
  Optimizing cells in module \state_sram.
  Optimizing cells in module \state_stream_controller.
  Optimizing cells in module \state_word_engine.
  Optimizing cells in module \streaming_norm.
  Optimizing cells in module \weight_sram.
  Optimizing cells in module \x7_controller.
  Optimizing cells in module \x7_top.
Performed a total of 0 changes.

17.29. Executing OPT_MERGE pass (detect identical cells).
Finding identical cells in module `\activation_sram'.
Finding identical cells in module `\conv_unit_serial'.
Finding identical cells in module `\intermediate_sram'.
Finding identical cells in module `\mac_array_16x16'.
Finding identical cells in module `\requant'.
Finding identical cells in module `\state_sram'.
Finding identical cells in module `\state_stream_controller'.
Finding identical cells in module `\state_word_engine'.
Finding identical cells in module `\streaming_norm'.
Finding identical cells in module `\weight_sram'.
Finding identical cells in module `\x7_controller'.
Finding identical cells in module `\x7_top'.
Removed a total of 0 cells.

17.30. Executing OPT_SHARE pass.

17.31. Executing OPT_DFF pass (perform DFF optimizations).

17.32. Executing OPT_CLEAN pass (remove unused cells and wires).
Finding unused cells or wires in module \activation_sram..
Finding unused cells or wires in module \conv_unit_serial..
Finding unused cells or wires in module \intermediate_sram..
Finding unused cells or wires in module \mac_array_16x16..
Finding unused cells or wires in module \requant..
Finding unused cells or wires in module \state_sram..
Finding unused cells or wires in module \state_stream_controller..
Finding unused cells or wires in module \state_word_engine..
Finding unused cells or wires in module \streaming_norm..
Finding unused cells or wires in module \weight_sram..
Finding unused cells or wires in module \x7_controller..
Finding unused cells or wires in module \x7_top..

17.33. Executing OPT_EXPR pass (perform const folding).
Optimizing module activation_sram.
Optimizing module conv_unit_serial.
Optimizing module intermediate_sram.
Optimizing module mac_array_16x16.
Optimizing module requant.
Optimizing module state_sram.
Optimizing module state_stream_controller.
Optimizing module state_word_engine.
Optimizing module streaming_norm.
Optimizing module weight_sram.
Optimizing module x7_controller.
Optimizing module x7_top.

17.34. Finished OPT passes. (There is nothing left to do.)

18. Executing CHECK pass (checking for obvious problems).
Checking module activation_sram...
Checking module conv_unit_serial...
Checking module intermediate_sram...
Checking module mac_array_16x16...
Checking module requant...
Checking module state_sram...
Checking module state_stream_controller...
Checking module state_word_engine...
Checking module streaming_norm...
Checking module weight_sram...
Checking module x7_controller...
Checking module x7_top...
Found and reported 0 problems.

19. Printing statistics.

=== activation_sram ===

   Number of wires:                 59
   Number of wire bits:           1103
   Number of public wires:          35
   Number of public wire bits:     811
   Number of memories:               0
   Number of memory bits:            0
   Number of processes:              0
   Number of cells:                 40
     $dffe                           2
     $logic_and                     12
     $logic_not                      4
     $mux                            8
     $not                            4
     $or                             4
     $pmux                           2
     fakeram45_512x64                4

=== conv_unit_serial ===

   Number of wires:                 45
   Number of wire bits:            450
   Number of public wires:          25
   Number of public wire bits:     360
   Number of memories:               0
   Number of memory bits:            0
   Number of processes:              0
   Number of cells:                 37
     $add                            7
     $and                            1
     $dff                            1
     $eq                             1
     $gt                             4
     $lt                             4
     $mul                            8
     $mux                            9
     $sdffe                          2

=== intermediate_sram ===

   Number of wires:                 56
   Number of wire bits:           1930
   Number of public wires:          22
   Number of public wire bits:    1096
   Number of memories:               0
   Number of memory bits:            0
   Number of processes:              0
   Number of cells:                 51
     $and                            8
     $dff                            2
     $dffe                           8
     $eq                             1
     $mux                           12
     $neg                            1
     $not                            1
     $or                             8
     $reduce_and                     4
     $shift                          2
     fakeram45_512x64                4

=== mac_array_16x16 ===

   Number of wires:                 99
   Number of wire bits:           1911
   Number of public wires:          84
   Number of public wire bits:    1779
   Number of memories:               0
   Number of memory bits:            0
   Number of processes:              0
   Number of cells:                 91
     $add                           32
     $and                            5
     $dff                            4
     $gt                             1
     $logic_and                      1
     $logic_not                      1
     $lt                             1
     $mul                           32
     $mux                            4
     $reduce_bool                    1
     $sdffe                          9

=== requant ===

   Number of wires:                  6
   Number of wire bits:             66
   Number of public wires:           3
   Number of public wire bits:      56
   Number of memories:               0
   Number of memory bits:            0
   Number of processes:              0
   Number of cells:                  4
     $gt                             1
     $lt                             1
     $mux                            2

=== state_sram ===

   Number of wires:                 91
   Number of wire bits:           1777
   Number of public wires:          79
   Number of public wire bits:    1749
   Number of memories:               0
   Number of memory bits:            0
   Number of processes:              0
   Number of cells:                 69
     $dffe                           1
     $eq                             3
     $logic_and                     14
     $logic_not                      1
     $mux                           19
     $not                            4
     $or                            16
     $pmux                           3
     fakeram45_512x64                8

=== state_stream_controller ===

   Number of wires:                860
   Number of wire bits:          11054
   Number of public wires:         318
   Number of public wire bits:    6949
   Number of memories:               0
   Number of memory bits:            0
   Number of processes:              0
   Number of cells:                651
     $add                           36
     $adff                           2
     $adffe                         69
     $and                            8
     $eq                            32
     $gt                            64
     $logic_not                      2
     $logic_or                      10
     $lt                            64
     $mux                          236
     $ne                            29
     $not                            3
     $or                             1
     $pmux                          11
     $reduce_and                    24
     $reduce_bool                   13
     $reduce_or                     10
     $shiftx                         4
     $sub                           32
     state_word_engine               1

=== state_word_engine ===

   Number of wires:                301
   Number of wire bits:           3859
   Number of public wires:         182
   Number of public wire bits:    2574
   Number of memories:               0
   Number of memory bits:            0
   Number of processes:              0
   Number of cells:                205
     $add                           16
     $adff                           6
     $adffe                          9
     $dffe                          63
     $gt                            16
     $lt                            16
     $mul                           33
     $mux                           33
     $reduce_and                     5
     $sdffce                         8

=== streaming_norm ===

   Number of wires:                382
   Number of wire bits:           3771
   Number of public wires:         132
   Number of public wire bits:    2068
   Number of memories:               0
   Number of memory bits:            0
   Number of processes:              0
   Number of cells:                319
     $add                           29
     $adff                           1
     $adffe                         27
     $and                            1
     $dffe                          21
     $eq                            24
     $gt                            33
     $logic_not                      4
     $lt                            33
     $mul                           29
     $mux                           63
     $ne                            10
     $not                            1
     $pmux                           3
     $reduce_and                    17
     $reduce_bool                    5
     $reduce_or                      1
     $sdffce                        16
     $sub                            1

=== weight_sram ===

   Number of wires:                113
   Number of wire bits:           2862
   Number of public wires:          62
   Number of public wire bits:    1918
   Number of memories:               0
   Number of memory bits:            0
   Number of processes:              0
   Number of cells:                 92
     $dff                            4
     $dffe                           1
     $eq                             9
     $logic_and                     24
     $logic_not                      3
     $mux                           19
     $or                            16
     fakeram45_512x64               16

=== x7_controller ===

   Number of wires:                 10
   Number of wire bits:             67
   Number of public wires:           5
   Number of public wire bits:      32
   Number of memories:               0
   Number of memory bits:            0
   Number of processes:              0
   Number of cells:                  8
     $add                            1
     $mux                            1
     $ne                             1
     $not                            1
     $reduce_or                      1
     $sdff                           2
     $sdffe                          1

=== x7_top ===

   Number of wires:                277
   Number of wire bits:           5788
   Number of public wires:         119
   Number of public wire bits:    3864
   Number of memories:               0
   Number of memory bits:            0
   Number of processes:              0
   Number of cells:                218
     $add                            8
     $adff                           7
     $adffe                         20
     $and                            5
     $dffe                           4
     $eq                            29
     $logic_and                     11
     $logic_not                      7
     $logic_or                       2
     $mux                           38
     $ne                            27
     $neg                            1
     $not                            2
     $or                             5
     $pmux                          12
     $reduce_and                    20
     $reduce_bool                    6
     $shift                          2
     $shiftx                         1
     $shl                            2
     activation_sram                 1
     conv_unit_serial                1
     intermediate_sram               1
     mac_array_16x16                 1
     requant                         1
     state_sram                      1
     state_stream_controller         1
     streaming_norm                  1
     weight_sram                     1

=== design hierarchy ===

   x7_top                            1
     activation_sram                 1
     conv_unit_serial                1
     intermediate_sram               1
     mac_array_16x16                 1
     requant                         1
     state_sram                      1
     state_stream_controller         1
       state_word_engine             1
     streaming_norm                  1
     weight_sram                     1

   Number of wires:               2289
   Number of wire bits:          34571
   Number of public wires:        1061
   Number of public wire bits:   23224
   Number of memories:               0
   Number of memory bits:            0
   Number of processes:              0
   Number of cells:               1767
     $add                          128
     $adff                          16
     $adffe                        125
     $and                           28
     $dff                           11
     $dffe                         100
     $eq                            99
     $gt                           119
     $logic_and                     62
     $logic_not                     22
     $logic_or                      12
     $lt                           119
     $mul                          102
     $mux                          443
     $ne                            66
     $neg                            2
     $not                           15
     $or                            50
     $pmux                          31
     $reduce_and                    70
     $reduce_bool                   25
     $reduce_or                     11
     $sdffce                        24
     $sdffe                         11
     $shift                          4
     $shiftx                         5
     $shl                            2
     $sub                           33
     fakeram45_512x64               32

20. Executing OPT_CLEAN pass (remove unused cells and wires).
Finding unused cells or wires in module \activation_sram..
Finding unused cells or wires in module \conv_unit_serial..
Finding unused cells or wires in module \intermediate_sram..
Finding unused cells or wires in module \mac_array_16x16..
Finding unused cells or wires in module \requant..
Finding unused cells or wires in module \state_sram..
Finding unused cells or wires in module \state_stream_controller..
Finding unused cells or wires in module \state_word_engine..
Finding unused cells or wires in module \streaming_norm..
Finding unused cells or wires in module \weight_sram..
Finding unused cells or wires in module \x7_controller..
Finding unused cells or wires in module \x7_top..

21. Executing TECHMAP pass (map to technology primitives).

21.1. Executing Verilog-2005 frontend: /usr/bin/../share/yosys/techmap.v
Parsing Verilog input from `/usr/bin/../share/yosys/techmap.v' to AST representation.
Generating RTLIL representation for module `\_90_simplemap_bool_ops'.
Generating RTLIL representation for module `\_90_simplemap_reduce_ops'.
Generating RTLIL representation for module `\_90_simplemap_logic_ops'.
Generating RTLIL representation for module `\_90_simplemap_compare_ops'.
Generating RTLIL representation for module `\_90_simplemap_various'.
Generating RTLIL representation for module `\_90_simplemap_registers'.
Generating RTLIL representation for module `\_90_shift_ops_shr_shl_sshl_sshr'.
Generating RTLIL representation for module `\_90_shift_shiftx'.
Generating RTLIL representation for module `\_90_fa'.
Generating RTLIL representation for module `\_90_lcu'.
Generating RTLIL representation for module `\_90_alu'.
Generating RTLIL representation for module `\_90_macc'.
Generating RTLIL representation for module `\_90_alumacc'.
Generating RTLIL representation for module `\$__div_mod_u'.
Generating RTLIL representation for module `\$__div_mod_trunc'.
Generating RTLIL representation for module `\_90_div'.
Generating RTLIL representation for module `\_90_mod'.
Generating RTLIL representation for module `\$__div_mod_floor'.
Generating RTLIL representation for module `\_90_divfloor'.
Generating RTLIL representation for module `\_90_modfloor'.
Generating RTLIL representation for module `\_90_pow'.
Generating RTLIL representation for module `\_90_pmux'.
Generating RTLIL representation for module `\_90_demux'.
Generating RTLIL representation for module `\_90_lut'.
Successfully finished Verilog frontend.

21.2. Continuing TECHMAP pass.
Using extmapper simplemap for cells of type $not.
Using extmapper simplemap for cells of type $reduce_and.
Using extmapper simplemap for cells of type $adffe.
Using extmapper simplemap for cells of type $ne.
Using extmapper simplemap for cells of type $logic_and.
Using extmapper simplemap for cells of type $logic_not.
Using template $paramod$constmap:6f839b88a62e7966712adf872dbe4c4a5cbcd49f$paramod$7b0bb309dce042ecaf2e0bfa495da988fc49fdf1\_90_shift_ops_shr_shl_sshl_sshr for cells of type $shl.
Using extmapper simplemap for cells of type $logic_or.
Using extmapper simplemap for cells of type $eq.
Running "alumacc" on wrapper $extern:wrap:$add:A_SIGNED=0:A_WIDTH=5:B_SIGNED=0:B_WIDTH=3:Y_WIDTH=5:394426c56d1a028ba8fdd5469b163e04011def47.
Using template $extern:wrap:$add:A_SIGNED=0:A_WIDTH=5:B_SIGNED=0:B_WIDTH=3:Y_WIDTH=5:394426c56d1a028ba8fdd5469b163e04011def47 for cells of type $extern:wrap:$add:A_SIGNED=0:A_WIDTH=5:B_SIGNED=0:B_WIDTH=3:Y_WIDTH=5:394426c56d1a028ba8fdd5469b163e04011def47.
Running "alumacc" on wrapper $extern:wrap:$add:A_SIGNED=0:A_WIDTH=4:B_SIGNED=0:B_WIDTH=32:Y_WIDTH=32:394426c56d1a028ba8fdd5469b163e04011def47.
Using template $extern:wrap:$add:A_SIGNED=0:A_WIDTH=4:B_SIGNED=0:B_WIDTH=32:Y_WIDTH=32:394426c56d1a028ba8fdd5469b163e04011def47 for cells of type $extern:wrap:$add:A_SIGNED=0:A_WIDTH=4:B_SIGNED=0:B_WIDTH=32:Y_WIDTH=32:394426c56d1a028ba8fdd5469b163e04011def47.
Running "alumacc" on wrapper $extern:wrap:$add:A_SIGNED=0:A_WIDTH=2:B_SIGNED=0:B_WIDTH=32:Y_WIDTH=32:394426c56d1a028ba8fdd5469b163e04011def47.
Using template $extern:wrap:$add:A_SIGNED=0:A_WIDTH=2:B_SIGNED=0:B_WIDTH=32:Y_WIDTH=32:394426c56d1a028ba8fdd5469b163e04011def47 for cells of type $extern:wrap:$add:A_SIGNED=0:A_WIDTH=2:B_SIGNED=0:B_WIDTH=32:Y_WIDTH=32:394426c56d1a028ba8fdd5469b163e04011def47.
Running "alumacc" on wrapper $extern:wrap:$add:A_SIGNED=0:A_WIDTH=8:B_SIGNED=0:B_WIDTH=32:Y_WIDTH=32:394426c56d1a028ba8fdd5469b163e04011def47.
Using template $extern:wrap:$add:A_SIGNED=0:A_WIDTH=8:B_SIGNED=0:B_WIDTH=32:Y_WIDTH=32:394426c56d1a028ba8fdd5469b163e04011def47 for cells of type $extern:wrap:$add:A_SIGNED=0:A_WIDTH=8:B_SIGNED=0:B_WIDTH=32:Y_WIDTH=32:394426c56d1a028ba8fdd5469b163e04011def47.
Running "alumacc" on wrapper $extern:wrap:$add:A_SIGNED=0:A_WIDTH=9:B_SIGNED=0:B_WIDTH=32:Y_WIDTH=32:394426c56d1a028ba8fdd5469b163e04011def47.
Using template $extern:wrap:$add:A_SIGNED=0:A_WIDTH=9:B_SIGNED=0:B_WIDTH=32:Y_WIDTH=32:394426c56d1a028ba8fdd5469b163e04011def47 for cells of type $extern:wrap:$add:A_SIGNED=0:A_WIDTH=9:B_SIGNED=0:B_WIDTH=32:Y_WIDTH=32:394426c56d1a028ba8fdd5469b163e04011def47.
Using template $paramod$constmap:4f61f9061b7047878fde488eaeec4aeb2a8c39fa$paramod$515d919344bffc2574f4dddd1934307c035ac430\_90_shift_shiftx for cells of type $shiftx.
Using template $paramod$constmap:5b7a86f055f056b0ef5c3c2a54cd0bcbfbd78a91$paramod$35d43f283fa197ecd06c429c67def546fd6dc204\_90_shift_shiftx for cells of type $shift.
Running "alumacc" on wrapper $extern:wrap:$neg:A_SIGNED=1:A_WIDTH=33:Y_WIDTH=33:394426c56d1a028ba8fdd5469b163e04011def47.
Using template $extern:wrap:$neg:A_SIGNED=1:A_WIDTH=33:Y_WIDTH=33:394426c56d1a028ba8fdd5469b163e04011def47 for cells of type $extern:wrap:$neg:A_SIGNED=1:A_WIDTH=33:Y_WIDTH=33:394426c56d1a028ba8fdd5469b163e04011def47.
Analyzing pattern of constant bits for this cell:
Creating constmapped module `$paramod$constmap:391ed386a5460bc01550bbd1e64ddee1e6666a82$paramod$35d43f283fa197ecd06c429c67def546fd6dc204\_90_shift_shiftx'.

21.30. Executing OPT_MUXTREE pass (detect dead branches in mux trees).
Running muxtree optimizer on module $paramod$constmap:391ed386a5460bc01550bbd1e64ddee1e6666a82$paramod$35d43f283fa197ecd06c429c67def546fd6dc204\_90_shift_shiftx..
  Creating internal representation of mux trees.
  Evaluating internal representation of mux trees.
  Analyzing evaluation results.
    dead port 2/2 on $mux $procmux$27770.
    dead port 2/2 on $mux $procmux$27764.
    dead port 2/2 on $mux $procmux$27758.
    dead port 2/2 on $mux $procmux$27752.
    dead port 2/2 on $mux $procmux$27746.
    dead port 2/2 on $mux $procmux$27740.
    dead port 2/2 on $mux $procmux$27734.
    dead port 2/2 on $mux $procmux$27728.
Removed 8 multiplexer ports.
<suppressed ~909 debug messages>

21.31. Executing OPT_EXPR pass (perform const folding).
Optimizing module $paramod$constmap:391ed386a5460bc01550bbd1e64ddee1e6666a82$paramod$35d43f283fa197ecd06c429c67def546fd6dc204\_90_shift_shiftx.
<suppressed ~26 debug messages>
Removed 0 unused cells and 13 unused wires.
Using template $paramod$constmap:391ed386a5460bc01550bbd1e64ddee1e6666a82$paramod$35d43f283fa197ecd06c429c67def546fd6dc204\_90_shift_shiftx for cells of type $shift.
Using extmapper simplemap for cells of type $and.
Using extmapper simplemap for cells of type $or.
Running "alumacc" on wrapper $extern:wrap:$add:A_SIGNED=0:A_WIDTH=7:B_SIGNED=0:B_WIDTH=32:Y_WIDTH=32:394426c56d1a028ba8fdd5469b163e04011def47.
Using template $extern:wrap:$add:A_SIGNED=0:A_WIDTH=7:B_SIGNED=0:B_WIDTH=32:Y_WIDTH=32:394426c56d1a028ba8fdd5469b163e04011def47 for cells of type $extern:wrap:$add:A_SIGNED=0:A_WIDTH=7:B_SIGNED=0:B_WIDTH=32:Y_WIDTH=32:394426c56d1a028ba8fdd5469b163e04011def47.
Using template $paramod$b76f0c7d813c9b9e201e1c450cfd00106058a636\_90_pmux for cells of type $pmux.
Using template $paramod$56f7ce6d87f8add68ca646dc02d7695a3189f8e5\_90_pmux for cells of type $pmux.
Using template $paramod$521ce43182eecb9f60c72393a788160d2c356bf5\_90_pmux for cells of type $pmux.
Using template $paramod$a285b5a57fe61eabc57c91b8c412748ee1151a85\_90_pmux for cells of type $pmux.
Using template $paramod$e2c4217a160d14a8040876e2686fbcd8b22a88d4\_90_pmux for cells of type $pmux.
Using template $paramod$bdf7add1b5267c9fa97534fb537520e9b0e1f219\_90_pmux for cells of type $pmux.
Using template $paramod$eaeb96106163dbf82031649d189817109fe07c69\_90_pmux for cells of type $pmux.
Using template $paramod$e95b69d3115bf069a0763f3951e78119084acbbc\_90_pmux for cells of type $pmux.
Using template $paramod$200cf4763a5dd97104da97c2740bc6396db7fa25\_90_pmux for cells of type $pmux.
Using template $paramod$d629d85c8826a74239b9178d1930215a43b0ceb0\_90_pmux for cells of type $pmux.
Using template $paramod$c5c783b17ab1d780abfad8cfe6563a0a7b47a3b0\_90_pmux for cells of type $pmux.
Using extmapper simplemap for cells of type $reduce_bool.
Using extmapper simplemap for cells of type $dffe.
Using extmapper simplemap for cells of type $adff.
Using template $paramod$03eba0cdd46566f6651a3011e0b5671fa6b5e494\_90_alu for cells of type $alu.
Using extmapper simplemap for cells of type $reduce_or.
Using template $paramod$a7817265ef3ab2ee43da53bbd8a90f6450d412d9\_90_alu for cells of type $alu.
Using template $paramod$fdd20cfde6eff5e426e814d02912ca76c51febc9\_90_alu for cells of type $alu.
Using template $paramod$e3e2a2ae1e4d598b5e0e0be67cc1104653ecf8c1\_90_alu for cells of type $alu.
Using template $paramod$403d74038787d91c0514bba9bf1032f6fa919203\_90_alu for cells of type $alu.
Using template $paramod$91f82ead1edc61e0a1452110f15ef747116b421b\_90_alu for cells of type $alu.
Using template $paramod$9fe62a4b81638d72bc060d25c78265035b9c879a\_90_alu for cells of type $alu.
Using extmapper simplemap for cells of type $pos.
Using template $paramod\_90_lcu\WIDTH=32'00000000000000000000000000100000 for cells of type $lcu.
Using extmapper simplemap for cells of type $xor.
Using template $paramod\_90_lcu\WIDTH=32'00000000000000000000000000000101 for cells of type $lcu.
Using template $paramod\_90_lcu\WIDTH=32'00000000000000000000000000100001 for cells of type $lcu.
Running "alumacc" on wrapper $extern:wrap:$add:A_SIGNED=0:A_WIDTH=16:B_SIGNED=0:B_WIDTH=1:Y_WIDTH=16:394426c56d1a028ba8fdd5469b163e04011def47.
Using template $extern:wrap:$add:A_SIGNED=0:A_WIDTH=16:B_SIGNED=0:B_WIDTH=1:Y_WIDTH=16:394426c56d1a028ba8fdd5469b163e04011def47 for cells of type $extern:wrap:$add:A_SIGNED=0:A_WIDTH=16:B_SIGNED=0:B_WIDTH=1:Y_WIDTH=16:394426c56d1a028ba8fdd5469b163e04011def47.
Using extmapper simplemap for cells of type $sdff.
Using extmapper simplemap for cells of type $sdffe.
Using template $paramod$2af30114e9bd4ccb04dad757b3f0a8f6bf0615b0\_90_alu for cells of type $alu.
Using template $paramod\_90_lcu\WIDTH=32'00000000000000000000000000010000 for cells of type $lcu.
Using extmapper simplemap for cells of type $dff.
Running "alumacc" on wrapper $extern:wrap:$mul:A_SIGNED=1:A_WIDTH=16:B_SIGNED=1:B_WIDTH=16:Y_WIDTH=16:394426c56d1a028ba8fdd5469b163e04011def47.
Using template $extern:wrap:$mul:A_SIGNED=1:A_WIDTH=16:B_SIGNED=1:B_WIDTH=16:Y_WIDTH=16:394426c56d1a028ba8fdd5469b163e04011def47 for cells of type $extern:wrap:$mul:A_SIGNED=1:A_WIDTH=16:B_SIGNED=1:B_WIDTH=16:Y_WIDTH=16:394426c56d1a028ba8fdd5469b163e04011def47.
Running "alumacc" on wrapper $extern:wrap:$add:A_SIGNED=0:A_WIDTH=16:B_SIGNED=0:B_WIDTH=16:Y_WIDTH=17:394426c56d1a028ba8fdd5469b163e04011def47.
Using template $extern:wrap:$add:A_SIGNED=0:A_WIDTH=16:B_SIGNED=0:B_WIDTH=16:Y_WIDTH=17:394426c56d1a028ba8fdd5469b163e04011def47 for cells of type $extern:wrap:$add:A_SIGNED=0:A_WIDTH=16:B_SIGNED=0:B_WIDTH=16:Y_WIDTH=17:394426c56d1a028ba8fdd5469b163e04011def47.
Running "alumacc" on wrapper $extern:wrap:$add:A_SIGNED=0:A_WIDTH=17:B_SIGNED=0:B_WIDTH=17:Y_WIDTH=18:394426c56d1a028ba8fdd5469b163e04011def47.
Using template $extern:wrap:$add:A_SIGNED=0:A_WIDTH=17:B_SIGNED=0:B_WIDTH=17:Y_WIDTH=18:394426c56d1a028ba8fdd5469b163e04011def47 for cells of type $extern:wrap:$add:A_SIGNED=0:A_WIDTH=17:B_SIGNED=0:B_WIDTH=17:Y_WIDTH=18:394426c56d1a028ba8fdd5469b163e04011def47.
Running "alumacc" on wrapper $extern:wrap:$add:A_SIGNED=0:A_WIDTH=21:B_SIGNED=0:B_WIDTH=18:Y_WIDTH=21:394426c56d1a028ba8fdd5469b163e04011def47.
Using template $extern:wrap:$add:A_SIGNED=0:A_WIDTH=21:B_SIGNED=0:B_WIDTH=18:Y_WIDTH=21:394426c56d1a028ba8fdd5469b163e04011def47 for cells of type $extern:wrap:$add:A_SIGNED=0:A_WIDTH=21:B_SIGNED=0:B_WIDTH=18:Y_WIDTH=21:394426c56d1a028ba8fdd5469b163e04011def47.
Running "alumacc" on wrapper $extern:wrap:$add:A_SIGNED=0:A_WIDTH=4:B_SIGNED=0:B_WIDTH=1:Y_WIDTH=4:394426c56d1a028ba8fdd5469b163e04011def47.
Using template $extern:wrap:$add:A_SIGNED=0:A_WIDTH=4:B_SIGNED=0:B_WIDTH=1:Y_WIDTH=4:394426c56d1a028ba8fdd5469b163e04011def47 for cells of type $extern:wrap:$add:A_SIGNED=0:A_WIDTH=4:B_SIGNED=0:B_WIDTH=1:Y_WIDTH=4:394426c56d1a028ba8fdd5469b163e04011def47.
Running "alumacc" on wrapper $extern:wrap:$mul:A_SIGNED=1:A_WIDTH=9:B_SIGNED=1:B_WIDTH=9:Y_WIDTH=9:394426c56d1a028ba8fdd5469b163e04011def47.
Using template $extern:wrap:$mul:A_SIGNED=1:A_WIDTH=9:B_SIGNED=1:B_WIDTH=9:Y_WIDTH=9:394426c56d1a028ba8fdd5469b163e04011def47 for cells of type $extern:wrap:$mul:A_SIGNED=1:A_WIDTH=9:B_SIGNED=1:B_WIDTH=9:Y_WIDTH=9:394426c56d1a028ba8fdd5469b163e04011def47.
Running "alumacc" on wrapper $extern:wrap:$mul:A_SIGNED=0:A_WIDTH=16:B_SIGNED=0:B_WIDTH=16:Y_WIDTH=16:394426c56d1a028ba8fdd5469b163e04011def47.
Using template $extern:wrap:$mul:A_SIGNED=0:A_WIDTH=16:B_SIGNED=0:B_WIDTH=16:Y_WIDTH=16:394426c56d1a028ba8fdd5469b163e04011def47 for cells of type $extern:wrap:$mul:A_SIGNED=0:A_WIDTH=16:B_SIGNED=0:B_WIDTH=16:Y_WIDTH=16:394426c56d1a028ba8fdd5469b163e04011def47.
Running "alumacc" on wrapper $extern:wrap:$add:A_SIGNED=0:A_WIDTH=25:B_SIGNED=0:B_WIDTH=25:Y_WIDTH=25:394426c56d1a028ba8fdd5469b163e04011def47.
Using template $extern:wrap:$add:A_SIGNED=0:A_WIDTH=25:B_SIGNED=0:B_WIDTH=25:Y_WIDTH=25:394426c56d1a028ba8fdd5469b163e04011def47 for cells of type $extern:wrap:$add:A_SIGNED=0:A_WIDTH=25:B_SIGNED=0:B_WIDTH=25:Y_WIDTH=25:394426c56d1a028ba8fdd5469b163e04011def47.
Running "alumacc" on wrapper $extern:wrap:$sub:A_SIGNED=1:A_WIDTH=32:B_SIGNED=1:B_WIDTH=23:Y_WIDTH=32:394426c56d1a028ba8fdd5469b163e04011def47.
Using template $extern:wrap:$sub:A_SIGNED=1:A_WIDTH=32:B_SIGNED=1:B_WIDTH=23:Y_WIDTH=32:394426c56d1a028ba8fdd5469b163e04011def47 for cells of type $extern:wrap:$sub:A_SIGNED=1:A_WIDTH=32:B_SIGNED=1:B_WIDTH=23:Y_WIDTH=32:394426c56d1a028ba8fdd5469b163e04011def47.
Running "alumacc" on wrapper $extern:wrap:$mul:A_SIGNED=1:A_WIDTH=17:B_SIGNED=1:B_WIDTH=17:Y_WIDTH=17:394426c56d1a028ba8fdd5469b163e04011def47.
Using template $extern:wrap:$mul:A_SIGNED=1:A_WIDTH=17:B_SIGNED=1:B_WIDTH=17:Y_WIDTH=17:394426c56d1a028ba8fdd5469b163e04011def47 for cells of type $extern:wrap:$mul:A_SIGNED=1:A_WIDTH=17:B_SIGNED=1:B_WIDTH=17:Y_WIDTH=17:394426c56d1a028ba8fdd5469b163e04011def47.
Running "alumacc" on wrapper $extern:wrap:$add:A_SIGNED=1:A_WIDTH=23:B_SIGNED=1:B_WIDTH=23:Y_WIDTH=23:394426c56d1a028ba8fdd5469b163e04011def47.
Using template $extern:wrap:$add:A_SIGNED=1:A_WIDTH=23:B_SIGNED=1:B_WIDTH=23:Y_WIDTH=23:394426c56d1a028ba8fdd5469b163e04011def47 for cells of type $extern:wrap:$add:A_SIGNED=1:A_WIDTH=23:B_SIGNED=1:B_WIDTH=23:Y_WIDTH=23:394426c56d1a028ba8fdd5469b163e04011def47.
Running "alumacc" on wrapper $extern:wrap:$lt:A_SIGNED=1:A_WIDTH=23:B_SIGNED=1:B_WIDTH=32:Y_WIDTH=1:394426c56d1a028ba8fdd5469b163e04011def47.
Using template $extern:wrap:$lt:A_SIGNED=1:A_WIDTH=23:B_SIGNED=1:B_WIDTH=32:Y_WIDTH=1:394426c56d1a028ba8fdd5469b163e04011def47 for cells of type $extern:wrap:$lt:A_SIGNED=1:A_WIDTH=23:B_SIGNED=1:B_WIDTH=32:Y_WIDTH=1:394426c56d1a028ba8fdd5469b163e04011def47.
Running "alumacc" on wrapper $extern:wrap:$gt:A_SIGNED=1:A_WIDTH=23:B_SIGNED=1:B_WIDTH=32:Y_WIDTH=1:394426c56d1a028ba8fdd5469b163e04011def47.
Using template $extern:wrap:$gt:A_SIGNED=1:A_WIDTH=23:B_SIGNED=1:B_WIDTH=32:Y_WIDTH=1:394426c56d1a028ba8fdd5469b163e04011def47 for cells of type $extern:wrap:$gt:A_SIGNED=1:A_WIDTH=23:B_SIGNED=1:B_WIDTH=32:Y_WIDTH=1:394426c56d1a028ba8fdd5469b163e04011def47.
Running "alumacc" on wrapper $extern:wrap:$add:A_SIGNED=0:A_WIDTH=3:B_SIGNED=0:B_WIDTH=1:Y_WIDTH=3:394426c56d1a028ba8fdd5469b163e04011def47.
Using template $extern:wrap:$add:A_SIGNED=0:A_WIDTH=3:B_SIGNED=0:B_WIDTH=1:Y_WIDTH=3:394426c56d1a028ba8fdd5469b163e04011def47 for cells of type $extern:wrap:$add:A_SIGNED=0:A_WIDTH=3:B_SIGNED=0:B_WIDTH=1:Y_WIDTH=3:394426c56d1a028ba8fdd5469b163e04011def47.
Running "alumacc" on wrapper $extern:wrap:$mul:A_SIGNED=1:A_WIDTH=23:B_SIGNED=1:B_WIDTH=23:Y_WIDTH=23:394426c56d1a028ba8fdd5469b163e04011def47.
Using template $extern:wrap:$mul:A_SIGNED=1:A_WIDTH=23:B_SIGNED=1:B_WIDTH=23:Y_WIDTH=23:394426c56d1a028ba8fdd5469b163e04011def47 for cells of type $extern:wrap:$mul:A_SIGNED=1:A_WIDTH=23:B_SIGNED=1:B_WIDTH=23:Y_WIDTH=23:394426c56d1a028ba8fdd5469b163e04011def47.
Running "alumacc" on wrapper $extern:wrap:$gt:A_SIGNED=1:A_WIDTH=12:B_SIGNED=1:B_WIDTH=32:Y_WIDTH=1:394426c56d1a028ba8fdd5469b163e04011def47.
Using template $extern:wrap:$gt:A_SIGNED=1:A_WIDTH=12:B_SIGNED=1:B_WIDTH=32:Y_WIDTH=1:394426c56d1a028ba8fdd5469b163e04011def47 for cells of type $extern:wrap:$gt:A_SIGNED=1:A_WIDTH=12:B_SIGNED=1:B_WIDTH=32:Y_WIDTH=1:394426c56d1a028ba8fdd5469b163e04011def47.
Running "alumacc" on wrapper $extern:wrap:$lt:A_SIGNED=1:A_WIDTH=12:B_SIGNED=1:B_WIDTH=32:Y_WIDTH=1:394426c56d1a028ba8fdd5469b163e04011def47.
Using template $extern:wrap:$lt:A_SIGNED=1:A_WIDTH=12:B_SIGNED=1:B_WIDTH=32:Y_WIDTH=1:394426c56d1a028ba8fdd5469b163e04011def47 for cells of type $extern:wrap:$lt:A_SIGNED=1:A_WIDTH=12:B_SIGNED=1:B_WIDTH=32:Y_WIDTH=1:394426c56d1a028ba8fdd5469b163e04011def47.
Running "alumacc" on wrapper $extern:wrap:$add:A_SIGNED=1:A_WIDTH=8:B_SIGNED=1:B_WIDTH=8:Y_WIDTH=9:394426c56d1a028ba8fdd5469b163e04011def47.
Using template $extern:wrap:$add:A_SIGNED=1:A_WIDTH=8:B_SIGNED=1:B_WIDTH=8:Y_WIDTH=9:394426c56d1a028ba8fdd5469b163e04011def47 for cells of type $extern:wrap:$add:A_SIGNED=1:A_WIDTH=8:B_SIGNED=1:B_WIDTH=8:Y_WIDTH=9:394426c56d1a028ba8fdd5469b163e04011def47.
Running "alumacc" on wrapper $extern:wrap:$gt:A_SIGNED=1:A_WIDTH=9:B_SIGNED=1:B_WIDTH=32:Y_WIDTH=1:394426c56d1a028ba8fdd5469b163e04011def47.
Using template $extern:wrap:$gt:A_SIGNED=1:A_WIDTH=9:B_SIGNED=1:B_WIDTH=32:Y_WIDTH=1:394426c56d1a028ba8fdd5469b163e04011def47 for cells of type $extern:wrap:$gt:A_SIGNED=1:A_WIDTH=9:B_SIGNED=1:B_WIDTH=32:Y_WIDTH=1:394426c56d1a028ba8fdd5469b163e04011def47.
Running "alumacc" on wrapper $extern:wrap:$lt:A_SIGNED=1:A_WIDTH=9:B_SIGNED=1:B_WIDTH=32:Y_WIDTH=1:394426c56d1a028ba8fdd5469b163e04011def47.
Using template $extern:wrap:$lt:A_SIGNED=1:A_WIDTH=9:B_SIGNED=1:B_WIDTH=32:Y_WIDTH=1:394426c56d1a028ba8fdd5469b163e04011def47 for cells of type $extern:wrap:$lt:A_SIGNED=1:A_WIDTH=9:B_SIGNED=1:B_WIDTH=32:Y_WIDTH=1:394426c56d1a028ba8fdd5469b163e04011def47.
Using template $paramod$32e7c4d6f92ff4337599ece53082d2e88a82a9f2\_90_pmux for cells of type $pmux.
Using template $paramod$f7371e97fe761918178cba4668c730423baee1eb\_90_pmux for cells of type $pmux.
Using template $paramod$c2e415ef15bc3ccd2723772353a6b450d3d76206\_90_pmux for cells of type $pmux.
Using extmapper simplemap for cells of type $sdffce.
Using extmapper maccmap for cells of type $macc.
  add { \ivec_rd_data [7] \ivec_rd_data [7] \ivec_rd_data [7] \ivec_rd_data [7] \ivec_rd_data [7] \ivec_rd_data [7] \ivec_rd_data [7] \ivec_rd_data [7] \ivec_rd_data [7:0] } * { \ivec_rd_data [7] \ivec_rd_data [7] \ivec_rd_data [7] \ivec_rd_data [7] \ivec_rd_data [7] \ivec_rd_data [7] \ivec_rd_data [7] \ivec_rd_data [7] \ivec_rd_data [7:0] } (16x16 bits, signed)
  add { \ivec_rd_data [15] \ivec_rd_data [15] \ivec_rd_data [15] \ivec_rd_data [15] \ivec_rd_data [15] \ivec_rd_data [15] \ivec_rd_data [15] \ivec_rd_data [15] \ivec_rd_data [15:8] } * { \ivec_rd_data [15] \ivec_rd_data [15] \ivec_rd_data [15] \ivec_rd_data [15] \ivec_rd_data [15] \ivec_rd_data [15] \ivec_rd_data [15] \ivec_rd_data [15] \ivec_rd_data [15:8] } (16x16 bits, signed)
  add { \ivec_rd_data [23] \ivec_rd_data [23] \ivec_rd_data [23] \ivec_rd_data [23] \ivec_rd_data [23] \ivec_rd_data [23] \ivec_rd_data [23] \ivec_rd_data [23] \ivec_rd_data [23:16] } * { \ivec_rd_data [23] \ivec_rd_data [23] \ivec_rd_data [23] \ivec_rd_data [23] \ivec_rd_data [23] \ivec_rd_data [23] \ivec_rd_data [23] \ivec_rd_data [23] \ivec_rd_data [23:16] } (16x16 bits, signed)
  add { \ivec_rd_data [31] \ivec_rd_data [31] \ivec_rd_data [31] \ivec_rd_data [31] \ivec_rd_data [31] \ivec_rd_data [31] \ivec_rd_data [31] \ivec_rd_data [31] \ivec_rd_data [31:24] } * { \ivec_rd_data [31] \ivec_rd_data [31] \ivec_rd_data [31] \ivec_rd_data [31] \ivec_rd_data [31] \ivec_rd_data [31] \ivec_rd_data [31] \ivec_rd_data [31] \ivec_rd_data [31:24] } (16x16 bits, signed)
  add { \ivec_rd_data [39] \ivec_rd_data [39] \ivec_rd_data [39] \ivec_rd_data [39] \ivec_rd_data [39] \ivec_rd_data [39] \ivec_rd_data [39] \ivec_rd_data [39] \ivec_rd_data [39:32] } * { \ivec_rd_data [39] \ivec_rd_data [39] \ivec_rd_data [39] \ivec_rd_data [39] \ivec_rd_data [39] \ivec_rd_data [39] \ivec_rd_data [39] \ivec_rd_data [39] \ivec_rd_data [39:32] } (16x16 bits, signed)
  add { \ivec_rd_data [47] \ivec_rd_data [47] \ivec_rd_data [47] \ivec_rd_data [47] \ivec_rd_data [47] \ivec_rd_data [47] \ivec_rd_data [47] \ivec_rd_data [47] \ivec_rd_data [47:40] } * { \ivec_rd_data [47] \ivec_rd_data [47] \ivec_rd_data [47] \ivec_rd_data [47] \ivec_rd_data [47] \ivec_rd_data [47] \ivec_rd_data [47] \ivec_rd_data [47] \ivec_rd_data [47:40] } (16x16 bits, signed)
  add { \ivec_rd_data [55] \ivec_rd_data [55] \ivec_rd_data [55] \ivec_rd_data [55] \ivec_rd_data [55] \ivec_rd_data [55] \ivec_rd_data [55] \ivec_rd_data [55] \ivec_rd_data [55:48] } * { \ivec_rd_data [55] \ivec_rd_data [55] \ivec_rd_data [55] \ivec_rd_data [55] \ivec_rd_data [55] \ivec_rd_data [55] \ivec_rd_data [55] \ivec_rd_data [55] \ivec_rd_data [55:48] } (16x16 bits, signed)
  add { \ivec_rd_data [63] \ivec_rd_data [63] \ivec_rd_data [63] \ivec_rd_data [63] \ivec_rd_data [63] \ivec_rd_data [63] \ivec_rd_data [63] \ivec_rd_data [63] \ivec_rd_data [63:56] } * { \ivec_rd_data [63] \ivec_rd_data [63] \ivec_rd_data [63] \ivec_rd_data [63] \ivec_rd_data [63] \ivec_rd_data [63] \ivec_rd_data [63] \ivec_rd_data [63] \ivec_rd_data [63:56] } (16x16 bits, signed)
Using template $paramod$081ba1a4a7201ecdb44563d3c3bd7013d1ebf4eb\_90_alu for cells of type $alu.
Using template $paramod$4ce4a1faeffe5690bb1819c6520eb4b4e75ebebd\_90_alu for cells of type $alu.
Using template $paramod$356a43159ec29b0d8ec2cf3fdd8ed8f1e0111ae6\_90_alu for cells of type $alu.
Using template $paramod$32a7b7b86c07519b7537abc18e96f0331f97914d\_90_alu for cells of type $alu.
  add \r * \r (9x9 bits, signed)
  add { 7'0000000 \y2 } * { 9'000000000 \mean [6:0] } (16x16 bits, unsigned)
  add { 7'0000000 \y2 } * { 9'000000000 \mean [13:7] } (16x16 bits, unsigned)
Using template $paramod$4868d58a04723871777326409a611fa912defcd8\_90_alu for cells of type $alu.
Using template $paramod$d30366fce2ed1ff5d617fbeb18b2d2f7032b5816\_90_alu for cells of type $alu.
  add { \r [8] \r [8] \r [8] \r [8] \r [8] \r [8] \r [8] \r [8] \r } * { 10'0000000000 \factor_q [6:0] } (17x17 bits, signed)
  add { \r [8] \r [8] \r [8] \r [8] \r [8] \r [8] \r [8] \r } * { \factor_q [13] \factor_q [13] \factor_q [13] \factor_q [13] \factor_q [13] \factor_q [13] \factor_q [13] \factor_q [13] \factor_q [13] \factor_q [13:7] } (16x16 bits, signed)
Using template $paramod$1f70896d2f5184d4b9554e902549a891e70d7c3d\_90_alu for cells of type $alu.
Using template $paramod$1cd7b48931e8fc0e2388e46792294929cf794dd3\_90_alu for cells of type $alu.
Using template $paramod$3ef7d3dd227da7627a99c5e5a6a4deb817573e39\_90_alu for cells of type $alu.
  add { \o_lo [7] \o_lo [7] \o_lo [7] \o_lo [7] \o_lo [7] \o_lo [7] \o_lo [7] \o_lo [7] \o_lo [7] \o_lo [7] \o_lo [7] \o_lo [7] \o_lo [7] \o_lo [7] \o_lo [7] \o_lo [7:0] } * { \scale_r[4] [8] \scale_r[4] [8] \scale_r[4] [8] \scale_r[4] [8] \scale_r[4] [8] \scale_r[4] [8] \scale_r[4] [8] \scale_r[4] [8] \scale_r[4] [8] \scale_r[4] [8] \scale_r[4] [8] \scale_r[4] [8] \scale_r[4] [8] \scale_r[4] [8] \scale_r[4] } (23x23 bits, signed)
Using template $paramod$3516018a9c0c44386a44218d8cccbd6f670ca235\_90_alu for cells of type $alu.
  add { \o_lo [15] \o_lo [15] \o_lo [15] \o_lo [15] \o_lo [15] \o_lo [15] \o_lo [15] \o_lo [15] \o_lo [15] \o_lo [15] \o_lo [15] \o_lo [15] \o_lo [15] \o_lo [15] \o_lo [15] \o_lo [15:8] } * { \scale_r[4] [8] \scale_r[4] [8] \scale_r[4] [8] \scale_r[4] [8] \scale_r[4] [8] \scale_r[4] [8] \scale_r[4] [8] \scale_r[4] [8] \scale_r[4] [8] \scale_r[4] [8] \scale_r[4] [8] \scale_r[4] [8] \scale_r[4] [8] \scale_r[4] [8] \scale_r[4] } (23x23 bits, signed)
  add { \o_lo [23] \o_lo [23] \o_lo [23] \o_lo [23] \o_lo [23] \o_lo [23] \o_lo [23] \o_lo [23] \o_lo [23] \o_lo [23] \o_lo [23] \o_lo [23] \o_lo [23] \o_lo [23] \o_lo [23] \o_lo [23:16] } * { \scale_r[4] [8] \scale_r[4] [8] \scale_r[4] [8] \scale_r[4] [8] \scale_r[4] [8] \scale_r[4] [8] \scale_r[4] [8] \scale_r[4] [8] \scale_r[4] [8] \scale_r[4] [8] \scale_r[4] [8] \scale_r[4] [8] \scale_r[4] [8] \scale_r[4] [8] \scale_r[4] } (23x23 bits, signed)
  add { \o_lo [31] \o_lo [31] \o_lo [31] \o_lo [31] \o_lo [31] \o_lo [31] \o_lo [31] \o_lo [31] \o_lo [31] \o_lo [31] \o_lo [31] \o_lo [31] \o_lo [31] \o_lo [31] \o_lo [31] \o_lo [31:24] } * { \scale_r[4] [8] \scale_r[4] [8] \scale_r[4] [8] \scale_r[4] [8] \scale_r[4] [8] \scale_r[4] [8] \scale_r[4] [8] \scale_r[4] [8] \scale_r[4] [8] \scale_r[4] [8] \scale_r[4] [8] \scale_r[4] [8] \scale_r[4] [8] \scale_r[4] [8] \scale_r[4] } (23x23 bits, signed)
  add { \o_lo [39] \o_lo [39] \o_lo [39] \o_lo [39] \o_lo [39] \o_lo [39] \o_lo [39] \o_lo [39] \o_lo [39] \o_lo [39] \o_lo [39] \o_lo [39] \o_lo [39] \o_lo [39] \o_lo [39] \o_lo [39:32] } * { \scale_r[4] [8] \scale_r[4] [8] \scale_r[4] [8] \scale_r[4] [8] \scale_r[4] [8] \scale_r[4] [8] \scale_r[4] [8] \scale_r[4] [8] \scale_r[4] [8] \scale_r[4] [8] \scale_r[4] [8] \scale_r[4] [8] \scale_r[4] [8] \scale_r[4] [8] \scale_r[4] } (23x23 bits, signed)
  add { \o_lo [47] \o_lo [47] \o_lo [47] \o_lo [47] \o_lo [47] \o_lo [47] \o_lo [47] \o_lo [47] \o_lo [47] \o_lo [47] \o_lo [47] \o_lo [47] \o_lo [47] \o_lo [47] \o_lo [47] \o_lo [47:40] } * { \scale_r[4] [8] \scale_r[4] [8] \scale_r[4] [8] \scale_r[4] [8] \scale_r[4] [8] \scale_r[4] [8] \scale_r[4] [8] \scale_r[4] [8] \scale_r[4] [8] \scale_r[4] [8] \scale_r[4] [8] \scale_r[4] [8] \scale_r[4] [8] \scale_r[4] [8] \scale_r[4] } (23x23 bits, signed)
  add { \o_lo [55] \o_lo [55] \o_lo [55] \o_lo [55] \o_lo [55] \o_lo [55] \o_lo [55] \o_lo [55] \o_lo [55] \o_lo [55] \o_lo [55] \o_lo [55] \o_lo [55] \o_lo [55] \o_lo [55] \o_lo [55:48] } * { \scale_r[4] [8] \scale_r[4] [8] \scale_r[4] [8] \scale_r[4] [8] \scale_r[4] [8] \scale_r[4] [8] \scale_r[4] [8] \scale_r[4] [8] \scale_r[4] [8] \scale_r[4] [8] \scale_r[4] [8] \scale_r[4] [8] \scale_r[4] [8] \scale_r[4] [8] \scale_r[4] } (23x23 bits, signed)
  add { \o_lo [63] \o_lo [63] \o_lo [63] \o_lo [63] \o_lo [63] \o_lo [63] \o_lo [63] \o_lo [63] \o_lo [63] \o_lo [63] \o_lo [63] \o_lo [63] \o_lo [63] \o_lo [63] \o_lo [63] \o_lo [63:56] } * { \scale_r[4] [8] \scale_r[4] [8] \scale_r[4] [8] \scale_r[4] [8] \scale_r[4] [8] \scale_r[4] [8] \scale_r[4] [8] \scale_r[4] [8] \scale_r[4] [8] \scale_r[4] [8] \scale_r[4] [8] \scale_r[4] [8] \scale_r[4] [8] \scale_r[4] [8] \scale_r[4] } (23x23 bits, signed)
  add { \o_hi [7] \o_hi [7] \o_hi [7] \o_hi [7] \o_hi [7] \o_hi [7] \o_hi [7] \o_hi [7] \o_hi [7] \o_hi [7] \o_hi [7] \o_hi [7] \o_hi [7] \o_hi [7] \o_hi [7] \o_hi [7:0] } * { \scale_r[4] [8] \scale_r[4] [8] \scale_r[4] [8] \scale_r[4] [8] \scale_r[4] [8] \scale_r[4] [8] \scale_r[4] [8] \scale_r[4] [8] \scale_r[4] [8] \scale_r[4] [8] \scale_r[4] [8] \scale_r[4] [8] \scale_r[4] [8] \scale_r[4] [8] \scale_r[4] } (23x23 bits, signed)
  add { \o_hi [15] \o_hi [15] \o_hi [15] \o_hi [15] \o_hi [15] \o_hi [15] \o_hi [15] \o_hi [15] \o_hi [15] \o_hi [15] \o_hi [15] \o_hi [15] \o_hi [15] \o_hi [15] \o_hi [15] \o_hi [15:8] } * { \scale_r[4] [8] \scale_r[4] [8] \scale_r[4] [8] \scale_r[4] [8] \scale_r[4] [8] \scale_r[4] [8] \scale_r[4] [8] \scale_r[4] [8] \scale_r[4] [8] \scale_r[4] [8] \scale_r[4] [8] \scale_r[4] [8] \scale_r[4] [8] \scale_r[4] [8] \scale_r[4] } (23x23 bits, signed)
  add { \o_hi [23] \o_hi [23] \o_hi [23] \o_hi [23] \o_hi [23] \o_hi [23] \o_hi [23] \o_hi [23] \o_hi [23] \o_hi [23] \o_hi [23] \o_hi [23] \o_hi [23] \o_hi [23] \o_hi [23] \o_hi [23:16] } * { \scale_r[4] [8] \scale_r[4] [8] \scale_r[4] [8] \scale_r[4] [8] \scale_r[4] [8] \scale_r[4] [8] \scale_r[4] [8] \scale_r[4] [8] \scale_r[4] [8] \scale_r[4] [8] \scale_r[4] [8] \scale_r[4] [8] \scale_r[4] [8] \scale_r[4] [8] \scale_r[4] } (23x23 bits, signed)
  add { \o_hi [31] \o_hi [31] \o_hi [31] \o_hi [31] \o_hi [31] \o_hi [31] \o_hi [31] \o_hi [31] \o_hi [31] \o_hi [31] \o_hi [31] \o_hi [31] \o_hi [31] \o_hi [31] \o_hi [31] \o_hi [31:24] } * { \scale_r[4] [8] \scale_r[4] [8] \scale_r[4] [8] \scale_r[4] [8] \scale_r[4] [8] \scale_r[4] [8] \scale_r[4] [8] \scale_r[4] [8] \scale_r[4] [8] \scale_r[4] [8] \scale_r[4] [8] \scale_r[4] [8] \scale_r[4] [8] \scale_r[4] [8] \scale_r[4] } (23x23 bits, signed)
  add { \o_hi [39] \o_hi [39] \o_hi [39] \o_hi [39] \o_hi [39] \o_hi [39] \o_hi [39] \o_hi [39] \o_hi [39] \o_hi [39] \o_hi [39] \o_hi [39] \o_hi [39] \o_hi [39] \o_hi [39] \o_hi [39:32] } * { \scale_r[4] [8] \scale_r[4] [8] \scale_r[4] [8] \scale_r[4] [8] \scale_r[4] [8] \scale_r[4] [8] \scale_r[4] [8] \scale_r[4] [8] \scale_r[4] [8] \scale_r[4] [8] \scale_r[4] [8] \scale_r[4] [8] \scale_r[4] [8] \scale_r[4] [8] \scale_r[4] } (23x23 bits, signed)
  add { \o_hi [47] \o_hi [47] \o_hi [47] \o_hi [47] \o_hi [47] \o_hi [47] \o_hi [47] \o_hi [47] \o_hi [47] \o_hi [47] \o_hi [47] \o_hi [47] \o_hi [47] \o_hi [47] \o_hi [47] \o_hi [47:40] } * { \scale_r[4] [8] \scale_r[4] [8] \scale_r[4] [8] \scale_r[4] [8] \scale_r[4] [8] \scale_r[4] [8] \scale_r[4] [8] \scale_r[4] [8] \scale_r[4] [8] \scale_r[4] [8] \scale_r[4] [8] \scale_r[4] [8] \scale_r[4] [8] \scale_r[4] [8] \scale_r[4] } (23x23 bits, signed)
  add { \o_hi [55] \o_hi [55] \o_hi [55] \o_hi [55] \o_hi [55] \o_hi [55] \o_hi [55] \o_hi [55] \o_hi [55] \o_hi [55] \o_hi [55] \o_hi [55] \o_hi [55] \o_hi [55] \o_hi [55] \o_hi [55:48] } * { \scale_r[4] [8] \scale_r[4] [8] \scale_r[4] [8] \scale_r[4] [8] \scale_r[4] [8] \scale_r[4] [8] \scale_r[4] [8] \scale_r[4] [8] \scale_r[4] [8] \scale_r[4] [8] \scale_r[4] [8] \scale_r[4] [8] \scale_r[4] [8] \scale_r[4] [8] \scale_r[4] } (23x23 bits, signed)
  add { \o_hi [63] \o_hi [63] \o_hi [63] \o_hi [63] \o_hi [63] \o_hi [63] \o_hi [63] \o_hi [63] \o_hi [63] \o_hi [63] \o_hi [63] \o_hi [63] \o_hi [63] \o_hi [63] \o_hi [63] \o_hi [63:56] } * { \scale_r[4] [8] \scale_r[4] [8] \scale_r[4] [8] \scale_r[4] [8] \scale_r[4] [8] \scale_r[4] [8] \scale_r[4] [8] \scale_r[4] [8] \scale_r[4] [8] \scale_r[4] [8] \scale_r[4] [8] \scale_r[4] [8] \scale_r[4] [8] \scale_r[4] [8] \scale_r[4] } (23x23 bits, signed)
Using template $paramod$381d5ac9ce4d79feb95fa03ade8f84c5a58bb3c0\_90_alu for cells of type $alu.
Using template $paramod$f2a3337f8be4f72f12f086eac58a9f6d30e48135\_90_alu for cells of type $alu.
Using template $paramod\_90_fa\WIDTH=32'00000000000000000000000000010000 for cells of type $fa.
Using template $paramod$6df0329addda9228fcc2546de2aaf14ad26c98e1\_90_alu for cells of type $alu.
Using template $paramod\_90_lcu\WIDTH=32'00000000000000000000000000010001 for cells of type $lcu.
Using template $paramod\_90_lcu\WIDTH=32'00000000000000000000000000010010 for cells of type $lcu.
Using template $paramod\_90_lcu\WIDTH=32'00000000000000000000000000010101 for cells of type $lcu.
Using template $paramod\_90_lcu\WIDTH=32'00000000000000000000000000000100 for cells of type $lcu.
Using template $paramod\_90_fa\WIDTH=32'00000000000000000000000000001001 for cells of type $fa.
Using template $paramod$d2fa05d38998afabc6d4f34471305d0af4b8b2df\_90_alu for cells of type $alu.
Using template $paramod\_90_lcu\WIDTH=32'00000000000000000000000000011001 for cells of type $lcu.
Using template $paramod\_90_fa\WIDTH=32'00000000000000000000000000010001 for cells of type $fa.
Using template $paramod$3bb72ad0665cdca279bbc49ed6a39f403f16497f\_90_alu for cells of type $alu.
Using template $paramod\_90_lcu\WIDTH=32'00000000000000000000000000010111 for cells of type $lcu.
Using template $paramod\_90_lcu\WIDTH=32'00000000000000000000000000000011 for cells of type $lcu.
Using template $paramod\_90_fa\WIDTH=32'00000000000000000000000000010111 for cells of type $fa.
Using template $paramod\_90_fa\WIDTH=32'00000000000000000000000000010110 for cells of type $fa.
Using template $paramod$448756c9a9dfaa49080ce4b90c6cc182883e181f\_90_alu for cells of type $alu.
Using template $paramod\_90_lcu\WIDTH=32'00000000000000000000000000001001 for cells of type $lcu.
Running "alumacc" on wrapper $extern:wrap:$add:A_SIGNED=1:A_WIDTH=16:B_SIGNED=1:B_WIDTH=16:Y_WIDTH=16:394426c56d1a028ba8fdd5469b163e04011def47.
Using template $extern:wrap:$add:A_SIGNED=1:A_WIDTH=16:B_SIGNED=1:B_WIDTH=16:Y_WIDTH=16:394426c56d1a028ba8fdd5469b163e04011def47 for cells of type $extern:wrap:$add:A_SIGNED=1:A_WIDTH=16:B_SIGNED=1:B_WIDTH=16:Y_WIDTH=16:394426c56d1a028ba8fdd5469b163e04011def47.
Running "alumacc" on wrapper $extern:wrap:$add:A_SIGNED=1:A_WIDTH=24:B_SIGNED=1:B_WIDTH=24:Y_WIDTH=24:394426c56d1a028ba8fdd5469b163e04011def47.
Using template $extern:wrap:$add:A_SIGNED=1:A_WIDTH=24:B_SIGNED=1:B_WIDTH=24:Y_WIDTH=24:394426c56d1a028ba8fdd5469b163e04011def47 for cells of type $extern:wrap:$add:A_SIGNED=1:A_WIDTH=24:B_SIGNED=1:B_WIDTH=24:Y_WIDTH=24:394426c56d1a028ba8fdd5469b163e04011def47.
Running "alumacc" on wrapper $extern:wrap:$gt:A_SIGNED=1:A_WIDTH=10:B_SIGNED=1:B_WIDTH=32:Y_WIDTH=1:394426c56d1a028ba8fdd5469b163e04011def47.
Using template $extern:wrap:$gt:A_SIGNED=1:A_WIDTH=10:B_SIGNED=1:B_WIDTH=32:Y_WIDTH=1:394426c56d1a028ba8fdd5469b163e04011def47 for cells of type $extern:wrap:$gt:A_SIGNED=1:A_WIDTH=10:B_SIGNED=1:B_WIDTH=32:Y_WIDTH=1:394426c56d1a028ba8fdd5469b163e04011def47.
Running "alumacc" on wrapper $extern:wrap:$lt:A_SIGNED=1:A_WIDTH=10:B_SIGNED=1:B_WIDTH=32:Y_WIDTH=1:394426c56d1a028ba8fdd5469b163e04011def47.
Using template $extern:wrap:$lt:A_SIGNED=1:A_WIDTH=10:B_SIGNED=1:B_WIDTH=32:Y_WIDTH=1:394426c56d1a028ba8fdd5469b163e04011def47 for cells of type $extern:wrap:$lt:A_SIGNED=1:A_WIDTH=10:B_SIGNED=1:B_WIDTH=32:Y_WIDTH=1:394426c56d1a028ba8fdd5469b163e04011def47.
Running "alumacc" on wrapper $extern:wrap:$mul:A_SIGNED=1:A_WIDTH=24:B_SIGNED=1:B_WIDTH=24:Y_WIDTH=24:394426c56d1a028ba8fdd5469b163e04011def47.
Using template $extern:wrap:$mul:A_SIGNED=1:A_WIDTH=24:B_SIGNED=1:B_WIDTH=24:Y_WIDTH=24:394426c56d1a028ba8fdd5469b163e04011def47 for cells of type $extern:wrap:$mul:A_SIGNED=1:A_WIDTH=24:B_SIGNED=1:B_WIDTH=24:Y_WIDTH=24:394426c56d1a028ba8fdd5469b163e04011def47.
  add { \s0 [7] \s0 [7] \s0 [7] \s0 [7] \s0 [7] \s0 [7] \s0 [7] \s0 [7] \s0 [7:0] } * { \alpha0[7] [7] \alpha0[7] [7] \alpha0[7] [7] \alpha0[7] [7] \alpha0[7] [7] \alpha0[7] [7] \alpha0[7] [7] \alpha0[7] [7] \alpha0[7] } (16x16 bits, signed)
  add { \beta0[0] [7] \beta0[0] [7] \beta0[0] [7] \beta0[0] [7] \beta0[0] [7] \beta0[0] [7] \beta0[0] [7] \beta0[0] [7] \beta0[0] } * { \k0[0] [7] \k0[0] [7] \k0[0] [7] \k0[0] [7] \k0[0] [7] \k0[0] [7] \k0[0] [7] \k0[0] [7] \k0[0] } (16x16 bits, signed)
  add { \s0 [15] \s0 [15] \s0 [15] \s0 [15] \s0 [15] \s0 [15] \s0 [15] \s0 [15] \s0 [15:8] } * { \alpha0[7] [7] \alpha0[7] [7] \alpha0[7] [7] \alpha0[7] [7] \alpha0[7] [7] \alpha0[7] [7] \alpha0[7] [7] \alpha0[7] [7] \alpha0[7] } (16x16 bits, signed)
  add { \s0 [23] \s0 [23] \s0 [23] \s0 [23] \s0 [23] \s0 [23] \s0 [23] \s0 [23] \s0 [23:16] } * { \alpha0[7] [7] \alpha0[7] [7] \alpha0[7] [7] \alpha0[7] [7] \alpha0[7] [7] \alpha0[7] [7] \alpha0[7] [7] \alpha0[7] [7] \alpha0[7] } (16x16 bits, signed)
  add { \s0 [31] \s0 [31] \s0 [31] \s0 [31] \s0 [31] \s0 [31] \s0 [31] \s0 [31] \s0 [31:24] } * { \alpha0[7] [7] \alpha0[7] [7] \alpha0[7] [7] \alpha0[7] [7] \alpha0[7] [7] \alpha0[7] [7] \alpha0[7] [7] \alpha0[7] [7] \alpha0[7] } (16x16 bits, signed)
  add { \s0 [39] \s0 [39] \s0 [39] \s0 [39] \s0 [39] \s0 [39] \s0 [39] \s0 [39] \s0 [39:32] } * { \alpha0[7] [7] \alpha0[7] [7] \alpha0[7] [7] \alpha0[7] [7] \alpha0[7] [7] \alpha0[7] [7] \alpha0[7] [7] \alpha0[7] [7] \alpha0[7] } (16x16 bits, signed)
  add { \s0 [47] \s0 [47] \s0 [47] \s0 [47] \s0 [47] \s0 [47] \s0 [47] \s0 [47] \s0 [47:40] } * { \alpha0[7] [7] \alpha0[7] [7] \alpha0[7] [7] \alpha0[7] [7] \alpha0[7] [7] \alpha0[7] [7] \alpha0[7] [7] \alpha0[7] [7] \alpha0[7] } (16x16 bits, signed)
  add { \s0 [55] \s0 [55] \s0 [55] \s0 [55] \s0 [55] \s0 [55] \s0 [55] \s0 [55] \s0 [55:48] } * { \alpha0[7] [7] \alpha0[7] [7] \alpha0[7] [7] \alpha0[7] [7] \alpha0[7] [7] \alpha0[7] [7] \alpha0[7] [7] \alpha0[7] [7] \alpha0[7] } (16x16 bits, signed)
  add { \s0 [63] \s0 [63] \s0 [63] \s0 [63] \s0 [63] \s0 [63] \s0 [63] \s0 [63] \s0 [63:56] } * { \alpha0[7] [7] \alpha0[7] [7] \alpha0[7] [7] \alpha0[7] [7] \alpha0[7] [7] \alpha0[7] [7] \alpha0[7] [7] \alpha0[7] [7] \alpha0[7] } (16x16 bits, signed)
  add { 9'000000000 \bk1[0] [7:0] } * { \d1 [7] \d1 [7] \d1 [7] \d1 [7] \d1 [7] \d1 [7] \d1 [7] \d1 [7] \d1 [7] \d1 [7:0] } (17x17 bits, signed)
  add { \bk1[0] [15] \bk1[0] [15] \bk1[0] [15] \bk1[0] [15] \bk1[0] [15] \bk1[0] [15] \bk1[0] [15] \bk1[0] [15] \bk1[0] [15:8] } * { \d1 [7] \d1 [7] \d1 [7] \d1 [7] \d1 [7] \d1 [7] \d1 [7] \d1 [7] \d1 [7:0] } (16x16 bits, signed)
  add { 9'000000000 \bk1[0] [7:0] } * { \d1 [15] \d1 [15] \d1 [15] \d1 [15] \d1 [15] \d1 [15] \d1 [15] \d1 [15] \d1 [15] \d1 [15:8] } (17x17 bits, signed)
  add { \bk1[0] [15] \bk1[0] [15] \bk1[0] [15] \bk1[0] [15] \bk1[0] [15] \bk1[0] [15] \bk1[0] [15] \bk1[0] [15] \bk1[0] [15:8] } * { \d1 [15] \d1 [15] \d1 [15] \d1 [15] \d1 [15] \d1 [15] \d1 [15] \d1 [15] \d1 [15:8] } (16x16 bits, signed)
  add { 9'000000000 \bk1[0] [7:0] } * { \d1 [23] \d1 [23] \d1 [23] \d1 [23] \d1 [23] \d1 [23] \d1 [23] \d1 [23] \d1 [23] \d1 [23:16] } (17x17 bits, signed)
  add { \bk1[0] [15] \bk1[0] [15] \bk1[0] [15] \bk1[0] [15] \bk1[0] [15] \bk1[0] [15] \bk1[0] [15] \bk1[0] [15] \bk1[0] [15:8] } * { \d1 [23] \d1 [23] \d1 [23] \d1 [23] \d1 [23] \d1 [23] \d1 [23] \d1 [23] \d1 [23:16] } (16x16 bits, signed)
  add { 9'000000000 \bk1[0] [7:0] } * { \d1 [31] \d1 [31] \d1 [31] \d1 [31] \d1 [31] \d1 [31] \d1 [31] \d1 [31] \d1 [31] \d1 [31:24] } (17x17 bits, signed)
  add { \bk1[0] [15] \bk1[0] [15] \bk1[0] [15] \bk1[0] [15] \bk1[0] [15] \bk1[0] [15] \bk1[0] [15] \bk1[0] [15] \bk1[0] [15:8] } * { \d1 [31] \d1 [31] \d1 [31] \d1 [31] \d1 [31] \d1 [31] \d1 [31] \d1 [31] \d1 [31:24] } (16x16 bits, signed)
  add { 9'000000000 \bk1[0] [7:0] } * { \d1 [39] \d1 [39] \d1 [39] \d1 [39] \d1 [39] \d1 [39] \d1 [39] \d1 [39] \d1 [39] \d1 [39:32] } (17x17 bits, signed)
  add { \bk1[0] [15] \bk1[0] [15] \bk1[0] [15] \bk1[0] [15] \bk1[0] [15] \bk1[0] [15] \bk1[0] [15] \bk1[0] [15] \bk1[0] [15:8] } * { \d1 [39] \d1 [39] \d1 [39] \d1 [39] \d1 [39] \d1 [39] \d1 [39] \d1 [39] \d1 [39:32] } (16x16 bits, signed)
  add { 9'000000000 \bk1[0] [7:0] } * { \d1 [47] \d1 [47] \d1 [47] \d1 [47] \d1 [47] \d1 [47] \d1 [47] \d1 [47] \d1 [47] \d1 [47:40] } (17x17 bits, signed)
  add { \bk1[0] [15] \bk1[0] [15] \bk1[0] [15] \bk1[0] [15] \bk1[0] [15] \bk1[0] [15] \bk1[0] [15] \bk1[0] [15] \bk1[0] [15:8] } * { \d1 [47] \d1 [47] \d1 [47] \d1 [47] \d1 [47] \d1 [47] \d1 [47] \d1 [47] \d1 [47:40] } (16x16 bits, signed)
  add { 9'000000000 \bk1[0] [7:0] } * { \d1 [55] \d1 [55] \d1 [55] \d1 [55] \d1 [55] \d1 [55] \d1 [55] \d1 [55] \d1 [55] \d1 [55:48] } (17x17 bits, signed)
  add { \bk1[0] [15] \bk1[0] [15] \bk1[0] [15] \bk1[0] [15] \bk1[0] [15] \bk1[0] [15] \bk1[0] [15] \bk1[0] [15] \bk1[0] [15:8] } * { \d1 [55] \d1 [55] \d1 [55] \d1 [55] \d1 [55] \d1 [55] \d1 [55] \d1 [55] \d1 [55:48] } (16x16 bits, signed)
  add { 9'000000000 \bk1[0] [7:0] } * { \d1 [63] \d1 [63] \d1 [63] \d1 [63] \d1 [63] \d1 [63] \d1 [63] \d1 [63] \d1 [63] \d1 [63:56] } (17x17 bits, signed)
  add { \bk1[0] [15] \bk1[0] [15] \bk1[0] [15] \bk1[0] [15] \bk1[0] [15] \bk1[0] [15] \bk1[0] [15] \bk1[0] [15] \bk1[0] [15:8] } * { \d1 [63] \d1 [63] \d1 [63] \d1 [63] \d1 [63] \d1 [63] \d1 [63] \d1 [63] \d1 [63:56] } (16x16 bits, signed)
Using template $paramod$d4c0c20b0ee59f495e14575c4397dc0a6dd9e8e6\_90_alu for cells of type $alu.
Using template $paramod$59c4d9a723a469db99eee461ca4fdd9fae171b7b\_90_alu for cells of type $alu.
Using template $paramod$a77d4b6fbb68fb20c1bf15b8d79b6db75c48b7c2\_90_alu for cells of type $alu.
  add { \n4 [7] \n4 [7] \n4 [7] \n4 [7] \n4 [7] \n4 [7] \n4 [7] \n4 [7] \n4 [7] \n4 [7] \n4 [7] \n4 [7] \n4 [7] \n4 [7] \n4 [7] \n4 [7] \n4 [7:0] } * { \coef4[7] [7] \coef4[7] [7] \coef4[7] [7] \coef4[7] [7] \coef4[7] [7] \coef4[7] [7] \coef4[7] [7] \coef4[7] [7] \coef4[7] [7] \coef4[7] [7] \coef4[7] [7] \coef4[7] [7] \coef4[7] [7] \coef4[7] [7] \coef4[7] [7] \coef4[7] [7] \coef4[7] } (24x24 bits, signed)
  add { \n4 [15] \n4 [15] \n4 [15] \n4 [15] \n4 [15] \n4 [15] \n4 [15] \n4 [15] \n4 [15] \n4 [15] \n4 [15] \n4 [15] \n4 [15] \n4 [15] \n4 [15] \n4 [15] \n4 [15:8] } * { \coef4[7] [7] \coef4[7] [7] \coef4[7] [7] \coef4[7] [7] \coef4[7] [7] \coef4[7] [7] \coef4[7] [7] \coef4[7] [7] \coef4[7] [7] \coef4[7] [7] \coef4[7] [7] \coef4[7] [7] \coef4[7] [7] \coef4[7] [7] \coef4[7] [7] \coef4[7] [7] \coef4[7] } (24x24 bits, signed)
  add { \n4 [23] \n4 [23] \n4 [23] \n4 [23] \n4 [23] \n4 [23] \n4 [23] \n4 [23] \n4 [23] \n4 [23] \n4 [23] \n4 [23] \n4 [23] \n4 [23] \n4 [23] \n4 [23] \n4 [23:16] } * { \coef4[7] [7] \coef4[7] [7] \coef4[7] [7] \coef4[7] [7] \coef4[7] [7] \coef4[7] [7] \coef4[7] [7] \coef4[7] [7] \coef4[7] [7] \coef4[7] [7] \coef4[7] [7] \coef4[7] [7] \coef4[7] [7] \coef4[7] [7] \coef4[7] [7] \coef4[7] [7] \coef4[7] } (24x24 bits, signed)
  add { \n4 [31] \n4 [31] \n4 [31] \n4 [31] \n4 [31] \n4 [31] \n4 [31] \n4 [31] \n4 [31] \n4 [31] \n4 [31] \n4 [31] \n4 [31] \n4 [31] \n4 [31] \n4 [31] \n4 [31:24] } * { \coef4[7] [7] \coef4[7] [7] \coef4[7] [7] \coef4[7] [7] \coef4[7] [7] \coef4[7] [7] \coef4[7] [7] \coef4[7] [7] \coef4[7] [7] \coef4[7] [7] \coef4[7] [7] \coef4[7] [7] \coef4[7] [7] \coef4[7] [7] \coef4[7] [7] \coef4[7] [7] \coef4[7] } (24x24 bits, signed)
  add { \n4 [39] \n4 [39] \n4 [39] \n4 [39] \n4 [39] \n4 [39] \n4 [39] \n4 [39] \n4 [39] \n4 [39] \n4 [39] \n4 [39] \n4 [39] \n4 [39] \n4 [39] \n4 [39] \n4 [39:32] } * { \coef4[7] [7] \coef4[7] [7] \coef4[7] [7] \coef4[7] [7] \coef4[7] [7] \coef4[7] [7] \coef4[7] [7] \coef4[7] [7] \coef4[7] [7] \coef4[7] [7] \coef4[7] [7] \coef4[7] [7] \coef4[7] [7] \coef4[7] [7] \coef4[7] [7] \coef4[7] [7] \coef4[7] } (24x24 bits, signed)
  add { \n4 [47] \n4 [47] \n4 [47] \n4 [47] \n4 [47] \n4 [47] \n4 [47] \n4 [47] \n4 [47] \n4 [47] \n4 [47] \n4 [47] \n4 [47] \n4 [47] \n4 [47] \n4 [47] \n4 [47:40] } * { \coef4[7] [7] \coef4[7] [7] \coef4[7] [7] \coef4[7] [7] \coef4[7] [7] \coef4[7] [7] \coef4[7] [7] \coef4[7] [7] \coef4[7] [7] \coef4[7] [7] \coef4[7] [7] \coef4[7] [7] \coef4[7] [7] \coef4[7] [7] \coef4[7] [7] \coef4[7] [7] \coef4[7] } (24x24 bits, signed)
  add { \n4 [55] \n4 [55] \n4 [55] \n4 [55] \n4 [55] \n4 [55] \n4 [55] \n4 [55] \n4 [55] \n4 [55] \n4 [55] \n4 [55] \n4 [55] \n4 [55] \n4 [55] \n4 [55] \n4 [55:48] } * { \coef4[7] [7] \coef4[7] [7] \coef4[7] [7] \coef4[7] [7] \coef4[7] [7] \coef4[7] [7] \coef4[7] [7] \coef4[7] [7] \coef4[7] [7] \coef4[7] [7] \coef4[7] [7] \coef4[7] [7] \coef4[7] [7] \coef4[7] [7] \coef4[7] [7] \coef4[7] [7] \coef4[7] } (24x24 bits, signed)
  add { \n4 [63] \n4 [63] \n4 [63] \n4 [63] \n4 [63] \n4 [63] \n4 [63] \n4 [63] \n4 [63] \n4 [63] \n4 [63] \n4 [63] \n4 [63] \n4 [63] \n4 [63] \n4 [63] \n4 [63:56] } * { \coef4[7] [7] \coef4[7] [7] \coef4[7] [7] \coef4[7] [7] \coef4[7] [7] \coef4[7] [7] \coef4[7] [7] \coef4[7] [7] \coef4[7] [7] \coef4[7] [7] \coef4[7] [7] \coef4[7] [7] \coef4[7] [7] \coef4[7] [7] \coef4[7] [7] \coef4[7] [7] \coef4[7] } (24x24 bits, signed)
Using template $paramod\_90_lcu\WIDTH=32'00000000000000000000000000011000 for cells of type $lcu.
Using template $paramod\_90_fa\WIDTH=32'00000000000000000000000000011000 for cells of type $fa.
Using template $paramod$e82d3fc1811c5751348a3964470632b35a435fc7\_90_alu for cells of type $alu.
Using template $paramod$constmap:58564d6525e348329777b912cf0a6689980cae59$paramod$03e024f0deb04d375f77976d6db482ecf1dbe233\_90_shift_shiftx for cells of type $shiftx.
Using template $paramod$constmap:2a838203fab2ac718e2c7bc06e6cf80129c9e55f$paramod$b2292f7cda30688e5755860d52f70bdccf8250d4\_90_shift_shiftx for cells of type $shiftx.
Using template $paramod$constmap:755ef4d60df11e8f6f781c70dea9a3ab5b7b5122$paramod$deddd27697c96d8d77de4dd4ddc7e6726c4dca2c\_90_shift_shiftx for cells of type $shiftx.
Running "alumacc" on wrapper $extern:wrap:$sub:A_SIGNED=1:A_WIDTH=8:B_SIGNED=1:B_WIDTH=8:Y_WIDTH=9:394426c56d1a028ba8fdd5469b163e04011def47.
Using template $extern:wrap:$sub:A_SIGNED=1:A_WIDTH=8:B_SIGNED=1:B_WIDTH=8:Y_WIDTH=9:394426c56d1a028ba8fdd5469b163e04011def47 for cells of type $extern:wrap:$sub:A_SIGNED=1:A_WIDTH=8:B_SIGNED=1:B_WIDTH=8:Y_WIDTH=9:394426c56d1a028ba8fdd5469b163e04011def47.
Running "alumacc" on wrapper $extern:wrap:$gt:A_SIGNED=1:A_WIDTH=15:B_SIGNED=1:B_WIDTH=32:Y_WIDTH=1:394426c56d1a028ba8fdd5469b163e04011def47.
Using template $extern:wrap:$gt:A_SIGNED=1:A_WIDTH=15:B_SIGNED=1:B_WIDTH=32:Y_WIDTH=1:394426c56d1a028ba8fdd5469b163e04011def47 for cells of type $extern:wrap:$gt:A_SIGNED=1:A_WIDTH=15:B_SIGNED=1:B_WIDTH=32:Y_WIDTH=1:394426c56d1a028ba8fdd5469b163e04011def47.
Running "alumacc" on wrapper $extern:wrap:$lt:A_SIGNED=1:A_WIDTH=15:B_SIGNED=1:B_WIDTH=32:Y_WIDTH=1:394426c56d1a028ba8fdd5469b163e04011def47.
Using template $extern:wrap:$lt:A_SIGNED=1:A_WIDTH=15:B_SIGNED=1:B_WIDTH=32:Y_WIDTH=1:394426c56d1a028ba8fdd5469b163e04011def47 for cells of type $extern:wrap:$lt:A_SIGNED=1:A_WIDTH=15:B_SIGNED=1:B_WIDTH=32:Y_WIDTH=1:394426c56d1a028ba8fdd5469b163e04011def47.
Using template $paramod$aa21a8cfcdb2d038c61c16c25c37cdf209d597be\_90_pmux for cells of type $pmux.
Using template $paramod$015a55c975926991297d3998f8765dbf70c8d437\_90_pmux for cells of type $pmux.
Using template $paramod$c15e84c77f007506123baf6c4be45847f0e33a3b\_90_pmux for cells of type $pmux.
Using template $paramod$bf2533632d512eac76dd186c0da49367e29b8e98\_90_pmux for cells of type $pmux.
Using template $paramod$70d30c21ff772b34d0d1da2801fbd781dc3c70e4\_90_pmux for cells of type $pmux.
Using template $paramod$2b56901cf9690dfb2c2a776afc5906d80f9fb53a\_90_alu for cells of type $alu.
Using template $paramod$54a4503cc57b9df40b70c1899504d6aac2650719\_90_pmux for cells of type $pmux.
Running "alumacc" on wrapper $extern:wrap:$gt:A_SIGNED=1:A_WIDTH=24:B_SIGNED=1:B_WIDTH=24:Y_WIDTH=1:394426c56d1a028ba8fdd5469b163e04011def47.
Using template $extern:wrap:$gt:A_SIGNED=1:A_WIDTH=24:B_SIGNED=1:B_WIDTH=24:Y_WIDTH=1:394426c56d1a028ba8fdd5469b163e04011def47 for cells of type $extern:wrap:$gt:A_SIGNED=1:A_WIDTH=24:B_SIGNED=1:B_WIDTH=24:Y_WIDTH=1:394426c56d1a028ba8fdd5469b163e04011def47.
Running "alumacc" on wrapper $extern:wrap:$lt:A_SIGNED=1:A_WIDTH=24:B_SIGNED=1:B_WIDTH=24:Y_WIDTH=1:394426c56d1a028ba8fdd5469b163e04011def47.
Using template $extern:wrap:$lt:A_SIGNED=1:A_WIDTH=24:B_SIGNED=1:B_WIDTH=24:Y_WIDTH=1:394426c56d1a028ba8fdd5469b163e04011def47 for cells of type $extern:wrap:$lt:A_SIGNED=1:A_WIDTH=24:B_SIGNED=1:B_WIDTH=24:Y_WIDTH=1:394426c56d1a028ba8fdd5469b163e04011def47.
Running "alumacc" on wrapper $extern:wrap:$add:A_SIGNED=1:A_WIDTH=21:B_SIGNED=1:B_WIDTH=21:Y_WIDTH=21:394426c56d1a028ba8fdd5469b163e04011def47.
Using template $extern:wrap:$add:A_SIGNED=1:A_WIDTH=21:B_SIGNED=1:B_WIDTH=21:Y_WIDTH=21:394426c56d1a028ba8fdd5469b163e04011def47 for cells of type $extern:wrap:$add:A_SIGNED=1:A_WIDTH=21:B_SIGNED=1:B_WIDTH=21:Y_WIDTH=21:394426c56d1a028ba8fdd5469b163e04011def47.
Running "alumacc" on wrapper $extern:wrap:$gt:A_SIGNED=1:A_WIDTH=25:B_SIGNED=1:B_WIDTH=25:Y_WIDTH=1:394426c56d1a028ba8fdd5469b163e04011def47.
Using template $extern:wrap:$gt:A_SIGNED=1:A_WIDTH=25:B_SIGNED=1:B_WIDTH=25:Y_WIDTH=1:394426c56d1a028ba8fdd5469b163e04011def47 for cells of type $extern:wrap:$gt:A_SIGNED=1:A_WIDTH=25:B_SIGNED=1:B_WIDTH=25:Y_WIDTH=1:394426c56d1a028ba8fdd5469b163e04011def47.
Running "alumacc" on wrapper $extern:wrap:$lt:A_SIGNED=1:A_WIDTH=25:B_SIGNED=1:B_WIDTH=25:Y_WIDTH=1:394426c56d1a028ba8fdd5469b163e04011def47.
Using template $extern:wrap:$lt:A_SIGNED=1:A_WIDTH=25:B_SIGNED=1:B_WIDTH=25:Y_WIDTH=1:394426c56d1a028ba8fdd5469b163e04011def47 for cells of type $extern:wrap:$lt:A_SIGNED=1:A_WIDTH=25:B_SIGNED=1:B_WIDTH=25:Y_WIDTH=1:394426c56d1a028ba8fdd5469b163e04011def47.
Running "alumacc" on wrapper $extern:wrap:$add:A_SIGNED=1:A_WIDTH=17:B_SIGNED=1:B_WIDTH=17:Y_WIDTH=17:394426c56d1a028ba8fdd5469b163e04011def47.
Using template $extern:wrap:$add:A_SIGNED=1:A_WIDTH=17:B_SIGNED=1:B_WIDTH=17:Y_WIDTH=17:394426c56d1a028ba8fdd5469b163e04011def47 for cells of type $extern:wrap:$add:A_SIGNED=1:A_WIDTH=17:B_SIGNED=1:B_WIDTH=17:Y_WIDTH=17:394426c56d1a028ba8fdd5469b163e04011def47.
Running "alumacc" on wrapper $extern:wrap:$add:A_SIGNED=1:A_WIDTH=18:B_SIGNED=1:B_WIDTH=18:Y_WIDTH=18:394426c56d1a028ba8fdd5469b163e04011def47.
Using template $extern:wrap:$add:A_SIGNED=1:A_WIDTH=18:B_SIGNED=1:B_WIDTH=18:Y_WIDTH=18:394426c56d1a028ba8fdd5469b163e04011def47 for cells of type $extern:wrap:$add:A_SIGNED=1:A_WIDTH=18:B_SIGNED=1:B_WIDTH=18:Y_WIDTH=18:394426c56d1a028ba8fdd5469b163e04011def47.
Running "alumacc" on wrapper $extern:wrap:$add:A_SIGNED=1:A_WIDTH=19:B_SIGNED=1:B_WIDTH=19:Y_WIDTH=19:394426c56d1a028ba8fdd5469b163e04011def47.
Using template $extern:wrap:$add:A_SIGNED=1:A_WIDTH=19:B_SIGNED=1:B_WIDTH=19:Y_WIDTH=19:394426c56d1a028ba8fdd5469b163e04011def47 for cells of type $extern:wrap:$add:A_SIGNED=1:A_WIDTH=19:B_SIGNED=1:B_WIDTH=19:Y_WIDTH=19:394426c56d1a028ba8fdd5469b163e04011def47.
Running "alumacc" on wrapper $extern:wrap:$add:A_SIGNED=1:A_WIDTH=20:B_SIGNED=1:B_WIDTH=20:Y_WIDTH=20:394426c56d1a028ba8fdd5469b163e04011def47.
Using template $extern:wrap:$add:A_SIGNED=1:A_WIDTH=20:B_SIGNED=1:B_WIDTH=20:Y_WIDTH=20:394426c56d1a028ba8fdd5469b163e04011def47 for cells of type $extern:wrap:$add:A_SIGNED=1:A_WIDTH=20:B_SIGNED=1:B_WIDTH=20:Y_WIDTH=20:394426c56d1a028ba8fdd5469b163e04011def47.
Using template $paramod$9d92d9dc151dbab08565f1703e01353e5077d1c4\_90_alu for cells of type $alu.
Using template $paramod$c5b9a035a8d3d1a42a45840811b1f11f19722d80\_90_alu for cells of type $alu.
Using template $paramod$3b06eefc8dea78b8ecb973607d157a935327a20e\_90_alu for cells of type $alu.
Using template $paramod$ae068143118b2c7ad06ddb43e871987ed45d3ca7\_90_alu for cells of type $alu.
  add { \weights [7] \weights [7] \weights [7] \weights [7] \weights [7] \weights [7] \weights [7] \weights [7] \weights [7:0] } * { \activations [7] \activations [7] \activations [7] \activations [7] \activations [7] \activations [7] \activations [7] \activations [7] \activations [7:0] } (16x16 bits, signed)
  add { \weights [15] \weights [15] \weights [15] \weights [15] \weights [15] \weights [15] \weights [15] \weights [15] \weights [15:8] } * { \activations [15] \activations [15] \activations [15] \activations [15] \activations [15] \activations [15] \activations [15] \activations [15] \activations [15:8] } (16x16 bits, signed)
  add { \weights [23] \weights [23] \weights [23] \weights [23] \weights [23] \weights [23] \weights [23] \weights [23] \weights [23:16] } * { \activations [23] \activations [23] \activations [23] \activations [23] \activations [23] \activations [23] \activations [23] \activations [23] \activations [23:16] } (16x16 bits, signed)
  add { \weights [31] \weights [31] \weights [31] \weights [31] \weights [31] \weights [31] \weights [31] \weights [31] \weights [31:24] } * { \activations [31] \activations [31] \activations [31] \activations [31] \activations [31] \activations [31] \activations [31] \activations [31] \activations [31:24] } (16x16 bits, signed)
  add { \weights [39] \weights [39] \weights [39] \weights [39] \weights [39] \weights [39] \weights [39] \weights [39] \weights [39:32] } * { \activations [39] \activations [39] \activations [39] \activations [39] \activations [39] \activations [39] \activations [39] \activations [39] \activations [39:32] } (16x16 bits, signed)
  add { \weights [47] \weights [47] \weights [47] \weights [47] \weights [47] \weights [47] \weights [47] \weights [47] \weights [47:40] } * { \activations [47] \activations [47] \activations [47] \activations [47] \activations [47] \activations [47] \activations [47] \activations [47] \activations [47:40] } (16x16 bits, signed)
  add { \weights [55] \weights [55] \weights [55] \weights [55] \weights [55] \weights [55] \weights [55] \weights [55] \weights [55:48] } * { \activations [55] \activations [55] \activations [55] \activations [55] \activations [55] \activations [55] \activations [55] \activations [55] \activations [55:48] } (16x16 bits, signed)
  add { \weights [63] \weights [63] \weights [63] \weights [63] \weights [63] \weights [63] \weights [63] \weights [63] \weights [63:56] } * { \activations [63] \activations [63] \activations [63] \activations [63] \activations [63] \activations [63] \activations [63] \activations [63] \activations [63:56] } (16x16 bits, signed)
  add { \weights [71] \weights [71] \weights [71] \weights [71] \weights [71] \weights [71] \weights [71] \weights [71] \weights [71:64] } * { \activations [71] \activations [71] \activations [71] \activations [71] \activations [71] \activations [71] \activations [71] \activations [71] \activations [71:64] } (16x16 bits, signed)
  add { \weights [79] \weights [79] \weights [79] \weights [79] \weights [79] \weights [79] \weights [79] \weights [79] \weights [79:72] } * { \activations [79] \activations [79] \activations [79] \activations [79] \activations [79] \activations [79] \activations [79] \activations [79] \activations [79:72] } (16x16 bits, signed)
  add { \weights [87] \weights [87] \weights [87] \weights [87] \weights [87] \weights [87] \weights [87] \weights [87] \weights [87:80] } * { \activations [87] \activations [87] \activations [87] \activations [87] \activations [87] \activations [87] \activations [87] \activations [87] \activations [87:80] } (16x16 bits, signed)
  add { \weights [95] \weights [95] \weights [95] \weights [95] \weights [95] \weights [95] \weights [95] \weights [95] \weights [95:88] } * { \activations [95] \activations [95] \activations [95] \activations [95] \activations [95] \activations [95] \activations [95] \activations [95] \activations [95:88] } (16x16 bits, signed)
  add { \weights [103] \weights [103] \weights [103] \weights [103] \weights [103] \weights [103] \weights [103] \weights [103] \weights [103:96] } * { \activations [103] \activations [103] \activations [103] \activations [103] \activations [103] \activations [103] \activations [103] \activations [103] \activations [103:96] } (16x16 bits, signed)
  add { \weights [111] \weights [111] \weights [111] \weights [111] \weights [111] \weights [111] \weights [111] \weights [111] \weights [111:104] } * { \activations [111] \activations [111] \activations [111] \activations [111] \activations [111] \activations [111] \activations [111] \activations [111] \activations [111:104] } (16x16 bits, signed)
  add { \weights [119] \weights [119] \weights [119] \weights [119] \weights [119] \weights [119] \weights [119] \weights [119] \weights [119:112] } * { \activations [119] \activations [119] \activations [119] \activations [119] \activations [119] \activations [119] \activations [119] \activations [119] \activations [119:112] } (16x16 bits, signed)
  add { \weights [127] \weights [127] \weights [127] \weights [127] \weights [127] \weights [127] \weights [127] \weights [127] \weights [127:120] } * { \activations [127] \activations [127] \activations [127] \activations [127] \activations [127] \activations [127] \activations [127] \activations [127] \activations [127:120] } (16x16 bits, signed)
  add { \weights [135] \weights [135] \weights [135] \weights [135] \weights [135] \weights [135] \weights [135] \weights [135] \weights [135:128] } * { \activations [135] \activations [135] \activations [135] \activations [135] \activations [135] \activations [135] \activations [135] \activations [135] \activations [135:128] } (16x16 bits, signed)
  add { \weights [143] \weights [143] \weights [143] \weights [143] \weights [143] \weights [143] \weights [143] \weights [143] \weights [143:136] } * { \activations [143] \activations [143] \activations [143] \activations [143] \activations [143] \activations [143] \activations [143] \activations [143] \activations [143:136] } (16x16 bits, signed)
  add { \weights [151] \weights [151] \weights [151] \weights [151] \weights [151] \weights [151] \weights [151] \weights [151] \weights [151:144] } * { \activations [151] \activations [151] \activations [151] \activations [151] \activations [151] \activations [151] \activations [151] \activations [151] \activations [151:144] } (16x16 bits, signed)
  add { \weights [159] \weights [159] \weights [159] \weights [159] \weights [159] \weights [159] \weights [159] \weights [159] \weights [159:152] } * { \activations [159] \activations [159] \activations [159] \activations [159] \activations [159] \activations [159] \activations [159] \activations [159] \activations [159:152] } (16x16 bits, signed)
  add { \weights [167] \weights [167] \weights [167] \weights [167] \weights [167] \weights [167] \weights [167] \weights [167] \weights [167:160] } * { \activations [167] \activations [167] \activations [167] \activations [167] \activations [167] \activations [167] \activations [167] \activations [167] \activations [167:160] } (16x16 bits, signed)
  add { \weights [175] \weights [175] \weights [175] \weights [175] \weights [175] \weights [175] \weights [175] \weights [175] \weights [175:168] } * { \activations [175] \activations [175] \activations [175] \activations [175] \activations [175] \activations [175] \activations [175] \activations [175] \activations [175:168] } (16x16 bits, signed)
  add { \weights [183] \weights [183] \weights [183] \weights [183] \weights [183] \weights [183] \weights [183] \weights [183] \weights [183:176] } * { \activations [183] \activations [183] \activations [183] \activations [183] \activations [183] \activations [183] \activations [183] \activations [183] \activations [183:176] } (16x16 bits, signed)
  add { \weights [191] \weights [191] \weights [191] \weights [191] \weights [191] \weights [191] \weights [191] \weights [191] \weights [191:184] } * { \activations [191] \activations [191] \activations [191] \activations [191] \activations [191] \activations [191] \activations [191] \activations [191] \activations [191:184] } (16x16 bits, signed)
  add { \weights [199] \weights [199] \weights [199] \weights [199] \weights [199] \weights [199] \weights [199] \weights [199] \weights [199:192] } * { \activations [199] \activations [199] \activations [199] \activations [199] \activations [199] \activations [199] \activations [199] \activations [199] \activations [199:192] } (16x16 bits, signed)
  add { \weights [207] \weights [207] \weights [207] \weights [207] \weights [207] \weights [207] \weights [207] \weights [207] \weights [207:200] } * { \activations [207] \activations [207] \activations [207] \activations [207] \activations [207] \activations [207] \activations [207] \activations [207] \activations [207:200] } (16x16 bits, signed)
  add { \weights [215] \weights [215] \weights [215] \weights [215] \weights [215] \weights [215] \weights [215] \weights [215] \weights [215:208] } * { \activations [215] \activations [215] \activations [215] \activations [215] \activations [215] \activations [215] \activations [215] \activations [215] \activations [215:208] } (16x16 bits, signed)
  add { \weights [223] \weights [223] \weights [223] \weights [223] \weights [223] \weights [223] \weights [223] \weights [223] \weights [223:216] } * { \activations [223] \activations [223] \activations [223] \activations [223] \activations [223] \activations [223] \activations [223] \activations [223] \activations [223:216] } (16x16 bits, signed)
  add { \weights [231] \weights [231] \weights [231] \weights [231] \weights [231] \weights [231] \weights [231] \weights [231] \weights [231:224] } * { \activations [231] \activations [231] \activations [231] \activations [231] \activations [231] \activations [231] \activations [231] \activations [231] \activations [231:224] } (16x16 bits, signed)
  add { \weights [239] \weights [239] \weights [239] \weights [239] \weights [239] \weights [239] \weights [239] \weights [239] \weights [239:232] } * { \activations [239] \activations [239] \activations [239] \activations [239] \activations [239] \activations [239] \activations [239] \activations [239] \activations [239:232] } (16x16 bits, signed)
  add { \weights [247] \weights [247] \weights [247] \weights [247] \weights [247] \weights [247] \weights [247] \weights [247] \weights [247:240] } * { \activations [247] \activations [247] \activations [247] \activations [247] \activations [247] \activations [247] \activations [247] \activations [247] \activations [247:240] } (16x16 bits, signed)
  add { \weights [255] \weights [255] \weights [255] \weights [255] \weights [255] \weights [255] \weights [255] \weights [255] \weights [255:248] } * { \activations [255] \activations [255] \activations [255] \activations [255] \activations [255] \activations [255] \activations [255] \activations [255] \activations [255:248] } (16x16 bits, signed)
Using template $paramod$0f9ec1a5c604af8320b4d806039a9d64938c6a2d\_90_alu for cells of type $alu.
Using template $paramod$fbcf46ed94b87f5a0d4aa07686f54f8c76ced033\_90_alu for cells of type $alu.
Using template $paramod\_90_lcu\WIDTH=32'00000000000000000000000000010011 for cells of type $lcu.
Using template $paramod\_90_lcu\WIDTH=32'00000000000000000000000000010100 for cells of type $lcu.
Using template $paramod$constmap:5e7469752f59dbc8bef3c04feacb4249f7e16ad2$paramod$409781814c91f00d9cc7cbbb6c4394c1e0dab276\_90_shift_shiftx for cells of type $shift.
Analyzing pattern of constant bits for this cell:
Creating constmapped module `$paramod$constmap:656a22200df5fab3b4703ef18f7274dc5c301761$paramod$409781814c91f00d9cc7cbbb6c4394c1e0dab276\_90_shift_shiftx'.

21.312. Executing OPT_MUXTREE pass (detect dead branches in mux trees).
Running muxtree optimizer on module $paramod$constmap:656a22200df5fab3b4703ef18f7274dc5c301761$paramod$409781814c91f00d9cc7cbbb6c4394c1e0dab276\_90_shift_shiftx..
  Creating internal representation of mux trees.
  Evaluating internal representation of mux trees.
  Analyzing evaluation results.
    dead port 2/2 on $mux $procmux$368658.
    dead port 2/2 on $mux $procmux$368652.
    dead port 2/2 on $mux $procmux$368646.
    dead port 2/2 on $mux $procmux$368640.
    dead port 2/2 on $mux $procmux$368634.
    dead port 2/2 on $mux $procmux$368628.
    dead port 2/2 on $mux $procmux$368622.
Removed 7 multiplexer ports.
<suppressed ~73837 debug messages>

21.313. Executing OPT_EXPR pass (perform const folding).
Optimizing module $paramod$constmap:656a22200df5fab3b4703ef18f7274dc5c301761$paramod$409781814c91f00d9cc7cbbb6c4394c1e0dab276\_90_shift_shiftx.
<suppressed ~27 debug messages>
Removed 0 unused cells and 12 unused wires.
Using template $paramod$constmap:656a22200df5fab3b4703ef18f7274dc5c301761$paramod$409781814c91f00d9cc7cbbb6c4394c1e0dab276\_90_shift_shiftx for cells of type $shift.
Running "alumacc" on wrapper $extern:wrap:$mul:A_SIGNED=1:A_WIDTH=8:B_SIGNED=1:B_WIDTH=16:Y_WIDTH=16:394426c56d1a028ba8fdd5469b163e04011def47.
Using template $extern:wrap:$mul:A_SIGNED=1:A_WIDTH=8:B_SIGNED=1:B_WIDTH=16:Y_WIDTH=16:394426c56d1a028ba8fdd5469b163e04011def47 for cells of type $extern:wrap:$mul:A_SIGNED=1:A_WIDTH=8:B_SIGNED=1:B_WIDTH=16:Y_WIDTH=16:394426c56d1a028ba8fdd5469b163e04011def47.
Running "alumacc" on wrapper $extern:wrap:$add:A_SIGNED=1:A_WIDTH=16:B_SIGNED=1:B_WIDTH=16:Y_WIDTH=17:394426c56d1a028ba8fdd5469b163e04011def47.
Using template $extern:wrap:$add:A_SIGNED=1:A_WIDTH=16:B_SIGNED=1:B_WIDTH=16:Y_WIDTH=17:394426c56d1a028ba8fdd5469b163e04011def47 for cells of type $extern:wrap:$add:A_SIGNED=1:A_WIDTH=16:B_SIGNED=1:B_WIDTH=16:Y_WIDTH=17:394426c56d1a028ba8fdd5469b163e04011def47.
Running "alumacc" on wrapper $extern:wrap:$add:A_SIGNED=1:A_WIDTH=17:B_SIGNED=1:B_WIDTH=17:Y_WIDTH=18:394426c56d1a028ba8fdd5469b163e04011def47.
Using template $extern:wrap:$add:A_SIGNED=1:A_WIDTH=17:B_SIGNED=1:B_WIDTH=17:Y_WIDTH=18:394426c56d1a028ba8fdd5469b163e04011def47 for cells of type $extern:wrap:$add:A_SIGNED=1:A_WIDTH=17:B_SIGNED=1:B_WIDTH=17:Y_WIDTH=18:394426c56d1a028ba8fdd5469b163e04011def47.
Running "alumacc" on wrapper $extern:wrap:$gt:A_SIGNED=1:A_WIDTH=18:B_SIGNED=1:B_WIDTH=32:Y_WIDTH=1:394426c56d1a028ba8fdd5469b163e04011def47.
Using template $extern:wrap:$gt:A_SIGNED=1:A_WIDTH=18:B_SIGNED=1:B_WIDTH=32:Y_WIDTH=1:394426c56d1a028ba8fdd5469b163e04011def47 for cells of type $extern:wrap:$gt:A_SIGNED=1:A_WIDTH=18:B_SIGNED=1:B_WIDTH=32:Y_WIDTH=1:394426c56d1a028ba8fdd5469b163e04011def47.
Running "alumacc" on wrapper $extern:wrap:$lt:A_SIGNED=1:A_WIDTH=18:B_SIGNED=1:B_WIDTH=32:Y_WIDTH=1:394426c56d1a028ba8fdd5469b163e04011def47.
Using template $extern:wrap:$lt:A_SIGNED=1:A_WIDTH=18:B_SIGNED=1:B_WIDTH=32:Y_WIDTH=1:394426c56d1a028ba8fdd5469b163e04011def47 for cells of type $extern:wrap:$lt:A_SIGNED=1:A_WIDTH=18:B_SIGNED=1:B_WIDTH=32:Y_WIDTH=1:394426c56d1a028ba8fdd5469b163e04011def47.
Running "alumacc" on wrapper $extern:wrap:$lt:A_SIGNED=1:A_WIDTH=8:B_SIGNED=1:B_WIDTH=32:Y_WIDTH=1:394426c56d1a028ba8fdd5469b163e04011def47.
Using template $extern:wrap:$lt:A_SIGNED=1:A_WIDTH=8:B_SIGNED=1:B_WIDTH=32:Y_WIDTH=1:394426c56d1a028ba8fdd5469b163e04011def47 for cells of type $extern:wrap:$lt:A_SIGNED=1:A_WIDTH=8:B_SIGNED=1:B_WIDTH=32:Y_WIDTH=1:394426c56d1a028ba8fdd5469b163e04011def47.
Running "alumacc" on wrapper $extern:wrap:$gt:A_SIGNED=1:A_WIDTH=8:B_SIGNED=1:B_WIDTH=32:Y_WIDTH=1:394426c56d1a028ba8fdd5469b163e04011def47.
Using template $extern:wrap:$gt:A_SIGNED=1:A_WIDTH=8:B_SIGNED=1:B_WIDTH=32:Y_WIDTH=1:394426c56d1a028ba8fdd5469b163e04011def47 for cells of type $extern:wrap:$gt:A_SIGNED=1:A_WIDTH=8:B_SIGNED=1:B_WIDTH=32:Y_WIDTH=1:394426c56d1a028ba8fdd5469b163e04011def47.
Running "alumacc" on wrapper $extern:wrap:$add:A_SIGNED=1:A_WIDTH=8:B_SIGNED=1:B_WIDTH=8:Y_WIDTH=8:394426c56d1a028ba8fdd5469b163e04011def47.
Using template $extern:wrap:$add:A_SIGNED=1:A_WIDTH=8:B_SIGNED=1:B_WIDTH=8:Y_WIDTH=8:394426c56d1a028ba8fdd5469b163e04011def47 for cells of type $extern:wrap:$add:A_SIGNED=1:A_WIDTH=8:B_SIGNED=1:B_WIDTH=8:Y_WIDTH=8:394426c56d1a028ba8fdd5469b163e04011def47.
  add { \alpha_w [7] \alpha_w [7] \alpha_w [7] \alpha_w [7] \alpha_w [7] \alpha_w [7] \alpha_w [7] \alpha_w [7] \alpha_w [7:0] } * \x (16x8 bits, signed)
  add { \alpha_w [15] \alpha_w [15] \alpha_w [15] \alpha_w [15] \alpha_w [15] \alpha_w [15] \alpha_w [15] \alpha_w [15] \alpha_w [15:8] } * \x (16x8 bits, signed)
  add { \alpha_w [23] \alpha_w [23] \alpha_w [23] \alpha_w [23] \alpha_w [23] \alpha_w [23] \alpha_w [23] \alpha_w [23] \alpha_w [23:16] } * \x (16x8 bits, signed)
  add { \alpha_w [31] \alpha_w [31] \alpha_w [31] \alpha_w [31] \alpha_w [31] \alpha_w [31] \alpha_w [31] \alpha_w [31] \alpha_w [31:24] } * \x (16x8 bits, signed)
  add { \beta_w [7] \beta_w [7] \beta_w [7] \beta_w [7] \beta_w [7] \beta_w [7] \beta_w [7] \beta_w [7] \beta_w [7:0] } * \x (16x8 bits, signed)
  add { \beta_w [15] \beta_w [15] \beta_w [15] \beta_w [15] \beta_w [15] \beta_w [15] \beta_w [15] \beta_w [15] \beta_w [15:8] } * \x (16x8 bits, signed)
  add { \beta_w [23] \beta_w [23] \beta_w [23] \beta_w [23] \beta_w [23] \beta_w [23] \beta_w [23] \beta_w [23] \beta_w [23:16] } * \x (16x8 bits, signed)
  add { \beta_w [31] \beta_w [31] \beta_w [31] \beta_w [31] \beta_w [31] \beta_w [31] \beta_w [31] \beta_w [31] \beta_w [31:24] } * \x (16x8 bits, signed)
Using template $paramod$2470b7ea32c975a55c3ab8b283381b72d09e16d3\_90_alu for cells of type $alu.
Using template $paramod$5e21cfa2ff6d644e10a0fc1dcdb22e5eb183bcd3\_90_alu for cells of type $alu.
Using template $paramod$f9ff466c9b9a68555c41df08348b1615aa9bc5ec\_90_alu for cells of type $alu.
Using template $paramod$8fdcfe020be5e507ba05385ffd706e02b549d39d\_90_alu for cells of type $alu.
Using template $paramod$08c2d337fba0d8fba53e35b89be96dd105931d9e\_90_alu for cells of type $alu.
Using template $paramod\_90_lcu\WIDTH=32'00000000000000000000000000001000 for cells of type $lcu.
No more expansions possible.
<suppressed ~3587 debug messages>

22. Executing OPT_CLEAN pass (remove unused cells and wires).
Finding unused cells or wires in module \activation_sram..
Finding unused cells or wires in module \conv_unit_serial..
Finding unused cells or wires in module \intermediate_sram..
Finding unused cells or wires in module \mac_array_16x16..
Finding unused cells or wires in module \requant..
Finding unused cells or wires in module \state_sram..
Finding unused cells or wires in module \state_stream_controller..
Finding unused cells or wires in module \state_word_engine..
Finding unused cells or wires in module \streaming_norm..
Finding unused cells or wires in module \weight_sram..
Finding unused cells or wires in module \x7_controller..
Finding unused cells or wires in module \x7_top..
Removed 52651 unused cells and 41243 unused wires.
<suppressed ~52663 debug messages>

23. Executing DFFLIBMAP pass (mapping DFF cells to sequential cells from liberty file).
Warning: Found unsupported expression 'SE*SI+D*!SE' in pin attribute of cell 'SDFFRS_X1' - skipping.
Warning: Found unsupported expression 'SE*SI+D*!SE' in pin attribute of cell 'SDFFRS_X2' - skipping.
Warning: Found unsupported expression 'SE*SI+D*!SE' in pin attribute of cell 'SDFFR_X1' - skipping.
Warning: Found unsupported expression 'SE*SI+D*!SE' in pin attribute of cell 'SDFFR_X2' - skipping.
Warning: Found unsupported expression 'SE*SI+D*!SE' in pin attribute of cell 'SDFFS_X1' - skipping.
Warning: Found unsupported expression 'SE*SI+D*!SE' in pin attribute of cell 'SDFFS_X2' - skipping.
Warning: Found unsupported expression 'SE*SI+D*!SE' in pin attribute of cell 'SDFF_X1' - skipping.
Warning: Found unsupported expression 'SE*SI+D*!SE' in pin attribute of cell 'SDFF_X2' - skipping.
  cell DFF_X1 (noninv, pins=4, area=4.52) is a direct match for cell type $_DFF_P_.
Warning: Found unsupported expression 'SE*SI+D*!SE' in pin attribute of cell 'SDFFRS_X1' - skipping.
Warning: Found unsupported expression 'SE*SI+D*!SE' in pin attribute of cell 'SDFFRS_X2' - skipping.
Warning: Found unsupported expression 'SE*SI+D*!SE' in pin attribute of cell 'SDFFR_X1' - skipping.
Warning: Found unsupported expression 'SE*SI+D*!SE' in pin attribute of cell 'SDFFR_X2' - skipping.
Warning: Found unsupported expression 'SE*SI+D*!SE' in pin attribute of cell 'SDFFS_X1' - skipping.
Warning: Found unsupported expression 'SE*SI+D*!SE' in pin attribute of cell 'SDFFS_X2' - skipping.
Warning: Found unsupported expression 'SE*SI+D*!SE' in pin attribute of cell 'SDFF_X1' - skipping.
Warning: Found unsupported expression 'SE*SI+D*!SE' in pin attribute of cell 'SDFF_X2' - skipping.
  cell DFFR_X1 (noninv, pins=5, area=5.32) is a direct match for cell type $_DFF_PN0_.
Warning: Found unsupported expression 'SE*SI+D*!SE' in pin attribute of cell 'SDFFRS_X1' - skipping.
Warning: Found unsupported expression 'SE*SI+D*!SE' in pin attribute of cell 'SDFFRS_X2' - skipping.
Warning: Found unsupported expression 'SE*SI+D*!SE' in pin attribute of cell 'SDFFR_X1' - skipping.
Warning: Found unsupported expression 'SE*SI+D*!SE' in pin attribute of cell 'SDFFR_X2' - skipping.
Warning: Found unsupported expression 'SE*SI+D*!SE' in pin attribute of cell 'SDFFS_X1' - skipping.
Warning: Found unsupported expression 'SE*SI+D*!SE' in pin attribute of cell 'SDFFS_X2' - skipping.
Warning: Found unsupported expression 'SE*SI+D*!SE' in pin attribute of cell 'SDFF_X1' - skipping.
Warning: Found unsupported expression 'SE*SI+D*!SE' in pin attribute of cell 'SDFF_X2' - skipping.
  cell DFFS_X1 (noninv, pins=5, area=5.32) is a direct match for cell type $_DFF_PN1_.
Warning: Found unsupported expression 'SE*SI+D*!SE' in pin attribute of cell 'SDFFRS_X1' - skipping.
Warning: Found unsupported expression 'SE*SI+D*!SE' in pin attribute of cell 'SDFFRS_X2' - skipping.
Warning: Found unsupported expression 'SE*SI+D*!SE' in pin attribute of cell 'SDFFR_X1' - skipping.
Warning: Found unsupported expression 'SE*SI+D*!SE' in pin attribute of cell 'SDFFR_X2' - skipping.
Warning: Found unsupported expression 'SE*SI+D*!SE' in pin attribute of cell 'SDFFS_X1' - skipping.
Warning: Found unsupported expression 'SE*SI+D*!SE' in pin attribute of cell 'SDFFS_X2' - skipping.
Warning: Found unsupported expression 'SE*SI+D*!SE' in pin attribute of cell 'SDFF_X1' - skipping.
Warning: Found unsupported expression 'SE*SI+D*!SE' in pin attribute of cell 'SDFF_X2' - skipping.
Warning: Found unsupported expression 'SE*SI+D*!SE' in pin attribute of cell 'SDFFRS_X1' - skipping.
Warning: Found unsupported expression 'SE*SI+D*!SE' in pin attribute of cell 'SDFFRS_X2' - skipping.
Warning: Found unsupported expression 'SE*SI+D*!SE' in pin attribute of cell 'SDFFR_X1' - skipping.
Warning: Found unsupported expression 'SE*SI+D*!SE' in pin attribute of cell 'SDFFR_X2' - skipping.
Warning: Found unsupported expression 'SE*SI+D*!SE' in pin attribute of cell 'SDFFS_X1' - skipping.
Warning: Found unsupported expression 'SE*SI+D*!SE' in pin attribute of cell 'SDFFS_X2' - skipping.
Warning: Found unsupported expression 'SE*SI+D*!SE' in pin attribute of cell 'SDFF_X1' - skipping.
Warning: Found unsupported expression 'SE*SI+D*!SE' in pin attribute of cell 'SDFF_X2' - skipping.
Warning: Found unsupported expression 'SE*SI+D*!SE' in pin attribute of cell 'SDFFRS_X1' - skipping.
Warning: Found unsupported expression 'SE*SI+D*!SE' in pin attribute of cell 'SDFFRS_X2' - skipping.
Warning: Found unsupported expression 'SE*SI+D*!SE' in pin attribute of cell 'SDFFR_X1' - skipping.
Warning: Found unsupported expression 'SE*SI+D*!SE' in pin attribute of cell 'SDFFR_X2' - skipping.
Warning: Found unsupported expression 'SE*SI+D*!SE' in pin attribute of cell 'SDFFS_X1' - skipping.
Warning: Found unsupported expression 'SE*SI+D*!SE' in pin attribute of cell 'SDFFS_X2' - skipping.
Warning: Found unsupported expression 'SE*SI+D*!SE' in pin attribute of cell 'SDFF_X1' - skipping.
Warning: Found unsupported expression 'SE*SI+D*!SE' in pin attribute of cell 'SDFF_X2' - skipping.
  cell DFFRS_X1 (noninv, pins=6, area=6.38) is a direct match for cell type $_DFFSR_PNN_.
Warning: Found unsupported expression 'SE*SI+D*!SE' in pin attribute of cell 'SDFFRS_X1' - skipping.
Warning: Found unsupported expression 'SE*SI+D*!SE' in pin attribute of cell 'SDFFRS_X2' - skipping.
Warning: Found unsupported expression 'SE*SI+D*!SE' in pin attribute of cell 'SDFFR_X1' - skipping.
Warning: Found unsupported expression 'SE*SI+D*!SE' in pin attribute of cell 'SDFFR_X2' - skipping.
Warning: Found unsupported expression 'SE*SI+D*!SE' in pin attribute of cell 'SDFFS_X1' - skipping.
Warning: Found unsupported expression 'SE*SI+D*!SE' in pin attribute of cell 'SDFFS_X2' - skipping.
Warning: Found unsupported expression 'SE*SI+D*!SE' in pin attribute of cell 'SDFF_X1' - skipping.
Warning: Found unsupported expression 'SE*SI+D*!SE' in pin attribute of cell 'SDFF_X2' - skipping.
Warning: Found unsupported expression 'SE*SI+D*!SE' in pin attribute of cell 'SDFFRS_X1' - skipping.
Warning: Found unsupported expression 'SE*SI+D*!SE' in pin attribute of cell 'SDFFRS_X2' - skipping.
Warning: Found unsupported expression 'SE*SI+D*!SE' in pin attribute of cell 'SDFFR_X1' - skipping.
Warning: Found unsupported expression 'SE*SI+D*!SE' in pin attribute of cell 'SDFFR_X2' - skipping.
Warning: Found unsupported expression 'SE*SI+D*!SE' in pin attribute of cell 'SDFFS_X1' - skipping.
Warning: Found unsupported expression 'SE*SI+D*!SE' in pin attribute of cell 'SDFFS_X2' - skipping.
Warning: Found unsupported expression 'SE*SI+D*!SE' in pin attribute of cell 'SDFF_X1' - skipping.
Warning: Found unsupported expression 'SE*SI+D*!SE' in pin attribute of cell 'SDFF_X2' - skipping.
Warning: Found unsupported expression 'SE*SI+D*!SE' in pin attribute of cell 'SDFFRS_X1' - skipping.
Warning: Found unsupported expression 'SE*SI+D*!SE' in pin attribute of cell 'SDFFRS_X2' - skipping.
Warning: Found unsupported expression 'SE*SI+D*!SE' in pin attribute of cell 'SDFFR_X1' - skipping.
Warning: Found unsupported expression 'SE*SI+D*!SE' in pin attribute of cell 'SDFFR_X2' - skipping.
Warning: Found unsupported expression 'SE*SI+D*!SE' in pin attribute of cell 'SDFFS_X1' - skipping.
Warning: Found unsupported expression 'SE*SI+D*!SE' in pin attribute of cell 'SDFFS_X2' - skipping.
Warning: Found unsupported expression 'SE*SI+D*!SE' in pin attribute of cell 'SDFF_X1' - skipping.
Warning: Found unsupported expression 'SE*SI+D*!SE' in pin attribute of cell 'SDFF_X2' - skipping.
  final dff cell mappings:
    unmapped dff cell: $_DFF_N_
    \DFF_X1 _DFF_P_ (.CK( C), .D( D), .Q( Q), .QN(~Q));
    unmapped dff cell: $_DFF_NN0_
    unmapped dff cell: $_DFF_NN1_
    unmapped dff cell: $_DFF_NP0_
    unmapped dff cell: $_DFF_NP1_
    \DFFR_X1 _DFF_PN0_ (.CK( C), .D( D), .Q( Q), .QN(~Q), .RN( R));
    \DFFS_X1 _DFF_PN1_ (.CK( C), .D( D), .Q( Q), .QN(~Q), .SN( R));
    unmapped dff cell: $_DFF_PP0_
    unmapped dff cell: $_DFF_PP1_
    unmapped dff cell: $_DFFSR_NNN_
    unmapped dff cell: $_DFFSR_NNP_
    unmapped dff cell: $_DFFSR_NPN_
    unmapped dff cell: $_DFFSR_NPP_
    \DFFRS_X1 _DFFSR_PNN_ (.CK( C), .D( D), .Q( Q), .QN(~Q), .RN( R), .SN( S));
    unmapped dff cell: $_DFFSR_PNP_
    unmapped dff cell: $_DFFSR_PPN_
    unmapped dff cell: $_DFFSR_PPP_

23.1. Executing DFFLEGALIZE pass (convert FFs to types supported by the target).
Mapping DFF cells in module `\activation_sram':
  mapped 2 $_DFF_P_ cells to \DFF_X1 cells.
Mapping DFF cells in module `\conv_unit_serial':
  mapped 17 $_DFF_P_ cells to \DFF_X1 cells.
Mapping DFF cells in module `\intermediate_sram':
  mapped 490 $_DFF_P_ cells to \DFF_X1 cells.
Mapping DFF cells in module `\mac_array_16x16':
  mapped 172 $_DFF_P_ cells to \DFF_X1 cells.
Mapping DFF cells in module `\requant':
Mapping DFF cells in module `\state_sram':
  mapped 1 $_DFF_P_ cells to \DFF_X1 cells.
Mapping DFF cells in module `\state_stream_controller':
  mapped 2311 $_DFF_PN0_ cells to \DFFR_X1 cells.
  mapped 1 $_DFF_PN1_ cells to \DFFS_X1 cells.
Mapping DFF cells in module `\state_word_engine':
  mapped 262 $_DFF_PN0_ cells to \DFFR_X1 cells.
  mapped 1036 $_DFF_P_ cells to \DFF_X1 cells.
Mapping DFF cells in module `\streaming_norm':
  mapped 340 $_DFF_PN0_ cells to \DFFR_X1 cells.
  mapped 1 $_DFF_PN1_ cells to \DFFS_X1 cells.
  mapped 562 $_DFF_P_ cells to \DFF_X1 cells.
Mapping DFF cells in module `\weight_sram':
  mapped 771 $_DFF_P_ cells to \DFF_X1 cells.
Mapping DFF cells in module `\x7_controller':
  mapped 23 $_DFF_P_ cells to \DFF_X1 cells.
Mapping DFF cells in module `\x7_top':
  mapped 326 $_DFF_PN0_ cells to \DFFR_X1 cells.
  mapped 1 $_DFF_PN1_ cells to \DFFS_X1 cells.
  mapped 768 $_DFF_P_ cells to \DFF_X1 cells.

24. Executing ABC pass (technology mapping using ABC).

24.1. Extracting gate netlist of module `\activation_sram' to `<abc-temp-dir>/input.blif'..
Extracted 942 gates and 1482 wires to a netlist network with 540 inputs and 536 outputs.

24.1.1. Executing ABC.
Running ABC command: "<yosys-exe-dir>/yosys-abc" -s -f <abc-temp-dir>/abc.script 2>&1
ABC: ABC command line: "source <abc-temp-dir>/abc.script".
ABC: 
ABC: + read_blif <abc-temp-dir>/input.blif 
ABC: + read_lib -w /home/kit/OpenROAD-flow-scripts/flow/platforms/nangate45/lib/NangateOpenCellLibrary_typical.lib 
ABC: Parsing finished successfully.  Parsing time =     0.03 sec
ABC: Scl_LibertyReadGenlib() skipped cell "ANTENNA_X1" due to dont_use attribute.
ABC: Scl_LibertyReadGenlib() skipped cell "CLKGATETST_X1" without logic function.
ABC: Scl_LibertyReadGenlib() skipped cell "CLKGATETST_X2" without logic function.
ABC: Scl_LibertyReadGenlib() skipped cell "CLKGATETST_X4" without logic function.
ABC: Scl_LibertyReadGenlib() skipped cell "CLKGATETST_X8" without logic function.
ABC: Scl_LibertyReadGenlib() skipped cell "CLKGATE_X1" without logic function.
ABC: Scl_LibertyReadGenlib() skipped cell "CLKGATE_X2" without logic function.
ABC: Scl_LibertyReadGenlib() skipped cell "CLKGATE_X4" without logic function.
ABC: Scl_LibertyReadGenlib() skipped cell "CLKGATE_X8" without logic function.
ABC: Scl_LibertyReadGenlib() skipped sequential cell "DFFRS_X1".
ABC: Scl_LibertyReadGenlib() skipped sequential cell "DFFRS_X2".
ABC: Scl_LibertyReadGenlib() skipped sequential cell "DFFR_X1".
ABC: Scl_LibertyReadGenlib() skipped sequential cell "DFFR_X2".
ABC: Scl_LibertyReadGenlib() skipped sequential cell "DFFS_X1".
ABC: Scl_LibertyReadGenlib() skipped sequential cell "DFFS_X2".
ABC: Scl_LibertyReadGenlib() skipped sequential cell "DFF_X1".
ABC: Scl_LibertyReadGenlib() skipped sequential cell "DFF_X2".
ABC: Scl_LibertyReadGenlib() skipped sequential cell "DLH_X1".
ABC: Scl_LibertyReadGenlib() skipped sequential cell "DLH_X2".
ABC: Scl_LibertyReadGenlib() skipped sequential cell "DLL_X1".
ABC: Scl_LibertyReadGenlib() skipped sequential cell "DLL_X2".
ABC: Scl_LibertyReadGenlib() skipped cell "FILLCELL_X1" due to dont_use attribute.
ABC: Scl_LibertyReadGenlib() skipped cell "TAPCELL_X1" due to dont_use attribute.
ABC: Scl_LibertyReadGenlib() skipped cell "FILLCELL_X2" due to dont_use attribute.
ABC: Scl_LibertyReadGenlib() skipped cell "FILLCELL_X4" due to dont_use attribute.
ABC: Scl_LibertyReadGenlib() skipped cell "FILLCELL_X8" due to dont_use attribute.
ABC: Scl_LibertyReadGenlib() skipped cell "FILLCELL_X16" due to dont_use attribute.
ABC: Scl_LibertyReadGenlib() skipped cell "FILLCELL_X32" due to dont_use attribute.
ABC: Scl_LibertyReadGenlib() skipped cell "LOGIC0_X1" due to dont_use attribute.
ABC: Scl_LibertyReadGenlib() skipped cell "LOGIC1_X1" due to dont_use attribute.
ABC: Scl_LibertyReadGenlib() skipped sequential cell "SDFFRS_X1".
ABC: Scl_LibertyReadGenlib() skipped sequential cell "SDFFRS_X2".
ABC: Scl_LibertyReadGenlib() skipped sequential cell "SDFFR_X1".
ABC: Scl_LibertyReadGenlib() skipped sequential cell "SDFFR_X2".
ABC: Scl_LibertyReadGenlib() skipped sequential cell "SDFFS_X1".
ABC: Scl_LibertyReadGenlib() skipped sequential cell "SDFFS_X2".
ABC: Scl_LibertyReadGenlib() skipped sequential cell "SDFF_X1".
ABC: Scl_LibertyReadGenlib() skipped sequential cell "SDFF_X2".
ABC: Scl_LibertyReadGenlib() skipped three-state cell "TBUF_X1".
ABC: Scl_LibertyReadGenlib() skipped three-state cell "TBUF_X2".
ABC: Scl_LibertyReadGenlib() skipped three-state cell "TBUF_X4".
ABC: Scl_LibertyReadGenlib() skipped three-state cell "TBUF_X8".
ABC: Scl_LibertyReadGenlib() skipped three-state cell "TBUF_X16".
ABC: Scl_LibertyReadGenlib() skipped three-state cell "TINV_X1".
ABC: Scl_LibertyReadGenlib() skipped sequential cell "TLAT_X1".
ABC: Library "NangateOpenCellLibrary" from "/home/kit/OpenROAD-flow-scripts/flow/platforms/nangate45/lib/NangateOpenCellLibrary_typical.lib" has 90 cells (35 skipped: 21 seq; 6 tri-state; 8 no func; 10 dont_use).  Time =     0.04 sec
ABC: Memory =   11.38 MB. Time =     0.04 sec
ABC: Warning: Detected 2 multi-output gates (for example, "FA_X1").
ABC: + source /home/kit/kimi-chip/experiments/x7/flow/abc_y3_close.script 
ABC: Current delay (174.54 ps) does not exceed the target delay (2000.00 ps). Upsizing is not performed.
ABC: WireLoad = "none"  Gates =    924 ( 13.2 %)   Cap =  2.5 ff (  0.6 %)   Area =     1149.65 ( 94.2 %)   Delay =   197.84 ps  (  7.9 %)               
ABC: + write_blif <abc-temp-dir>/output.blif 

24.1.2. Re-integrating ABC results.
ABC RESULTS:           MUX2_X1 cells:      274
ABC RESULTS:            INV_X1 cells:       68
ABC RESULTS:            OR2_X1 cells:        2
ABC RESULTS:            BUF_X1 cells:       54
ABC RESULTS:          AOI22_X1 cells:      128
ABC RESULTS:          OAI21_X1 cells:      258
ABC RESULTS:          NAND3_X1 cells:        2
ABC RESULTS:          NAND2_X1 cells:      136
ABC RESULTS:          OAI22_X1 cells:        2
ABC RESULTS:        internal signals:      406
ABC RESULTS:           input signals:      540
ABC RESULTS:          output signals:      536
Removing temp directory.

24.2. Extracting gate netlist of module `\conv_unit_serial' to `<abc-temp-dir>/input.blif'..
Extracted 9540 gates and 9632 wires to a netlist network with 90 inputs and 17 outputs.

24.2.1. Executing ABC.
Running ABC command: "<yosys-exe-dir>/yosys-abc" -s -f <abc-temp-dir>/abc.script 2>&1
ABC: ABC command line: "source <abc-temp-dir>/abc.script".
ABC: 
ABC: + read_blif <abc-temp-dir>/input.blif 
ABC: + read_lib -w /home/kit/OpenROAD-flow-scripts/flow/platforms/nangate45/lib/NangateOpenCellLibrary_typical.lib 
ABC: Parsing finished successfully.  Parsing time =     0.03 sec
ABC: Scl_LibertyReadGenlib() skipped cell "ANTENNA_X1" due to dont_use attribute.
ABC: Scl_LibertyReadGenlib() skipped cell "CLKGATETST_X1" without logic function.
ABC: Scl_LibertyReadGenlib() skipped cell "CLKGATETST_X2" without logic function.
ABC: Scl_LibertyReadGenlib() skipped cell "CLKGATETST_X4" without logic function.
ABC: Scl_LibertyReadGenlib() skipped cell "CLKGATETST_X8" without logic function.
ABC: Scl_LibertyReadGenlib() skipped cell "CLKGATE_X1" without logic function.
ABC: Scl_LibertyReadGenlib() skipped cell "CLKGATE_X2" without logic function.
ABC: Scl_LibertyReadGenlib() skipped cell "CLKGATE_X4" without logic function.
ABC: Scl_LibertyReadGenlib() skipped cell "CLKGATE_X8" without logic function.
ABC: Scl_LibertyReadGenlib() skipped sequential cell "DFFRS_X1".
ABC: Scl_LibertyReadGenlib() skipped sequential cell "DFFRS_X2".
ABC: Scl_LibertyReadGenlib() skipped sequential cell "DFFR_X1".
ABC: Scl_LibertyReadGenlib() skipped sequential cell "DFFR_X2".
ABC: Scl_LibertyReadGenlib() skipped sequential cell "DFFS_X1".
ABC: Scl_LibertyReadGenlib() skipped sequential cell "DFFS_X2".
ABC: Scl_LibertyReadGenlib() skipped sequential cell "DFF_X1".
ABC: Scl_LibertyReadGenlib() skipped sequential cell "DFF_X2".
ABC: Scl_LibertyReadGenlib() skipped sequential cell "DLH_X1".
ABC: Scl_LibertyReadGenlib() skipped sequential cell "DLH_X2".
ABC: Scl_LibertyReadGenlib() skipped sequential cell "DLL_X1".
ABC: Scl_LibertyReadGenlib() skipped sequential cell "DLL_X2".
ABC: Scl_LibertyReadGenlib() skipped cell "FILLCELL_X1" due to dont_use attribute.
ABC: Scl_LibertyReadGenlib() skipped cell "TAPCELL_X1" due to dont_use attribute.
ABC: Scl_LibertyReadGenlib() skipped cell "FILLCELL_X2" due to dont_use attribute.
ABC: Scl_LibertyReadGenlib() skipped cell "FILLCELL_X4" due to dont_use attribute.
ABC: Scl_LibertyReadGenlib() skipped cell "FILLCELL_X8" due to dont_use attribute.
ABC: Scl_LibertyReadGenlib() skipped cell "FILLCELL_X16" due to dont_use attribute.
ABC: Scl_LibertyReadGenlib() skipped cell "FILLCELL_X32" due to dont_use attribute.
ABC: Scl_LibertyReadGenlib() skipped cell "LOGIC0_X1" due to dont_use attribute.
ABC: Scl_LibertyReadGenlib() skipped cell "LOGIC1_X1" due to dont_use attribute.
ABC: Scl_LibertyReadGenlib() skipped sequential cell "SDFFRS_X1".
ABC: Scl_LibertyReadGenlib() skipped sequential cell "SDFFRS_X2".
ABC: Scl_LibertyReadGenlib() skipped sequential cell "SDFFR_X1".
ABC: Scl_LibertyReadGenlib() skipped sequential cell "SDFFR_X2".
ABC: Scl_LibertyReadGenlib() skipped sequential cell "SDFFS_X1".
ABC: Scl_LibertyReadGenlib() skipped sequential cell "SDFFS_X2".
ABC: Scl_LibertyReadGenlib() skipped sequential cell "SDFF_X1".
ABC: Scl_LibertyReadGenlib() skipped sequential cell "SDFF_X2".
ABC: Scl_LibertyReadGenlib() skipped three-state cell "TBUF_X1".
ABC: Scl_LibertyReadGenlib() skipped three-state cell "TBUF_X2".
ABC: Scl_LibertyReadGenlib() skipped three-state cell "TBUF_X4".
ABC: Scl_LibertyReadGenlib() skipped three-state cell "TBUF_X8".
ABC: Scl_LibertyReadGenlib() skipped three-state cell "TBUF_X16".
ABC: Scl_LibertyReadGenlib() skipped three-state cell "TINV_X1".
ABC: Scl_LibertyReadGenlib() skipped sequential cell "TLAT_X1".
ABC: Library "NangateOpenCellLibrary" from "/home/kit/OpenROAD-flow-scripts/flow/platforms/nangate45/lib/NangateOpenCellLibrary_typical.lib" has 90 cells (35 skipped: 21 seq; 6 tri-state; 8 no func; 10 dont_use).  Time =     0.04 sec
ABC: Memory =   11.38 MB. Time =     0.04 sec
ABC: Warning: Detected 2 multi-output gates (for example, "FA_X1").
ABC: + source /home/kit/kimi-chip/experiments/x7/flow/abc_y3_close.script 
ABC: Current delay (1668.59 ps) does not exceed the target delay (2000.00 ps). Upsizing is not performed.
ABC: WireLoad = "none"  Gates =   3843 (  8.3 %)   Cap =  3.7 ff (  0.1 %)   Area =     4284.99 ( 99.2 %)   Delay =  1707.73 ps  (  9.3 %)               
ABC: + write_blif <abc-temp-dir>/output.blif 

24.2.2. Re-integrating ABC results.
ABC RESULTS:           NOR4_X1 cells:        1
ABC RESULTS:            OR3_X1 cells:        1
ABC RESULTS:         CLKBUF_X1 cells:        7
ABC RESULTS:            BUF_X1 cells:       29
ABC RESULTS:         AOI211_X1 cells:        8
ABC RESULTS:           MUX2_X1 cells:        8
ABC RESULTS:           AND3_X1 cells:       17
ABC RESULTS:            OR2_X1 cells:        6
ABC RESULTS:           NOR3_X1 cells:       67
ABC RESULTS:         OAI221_X1 cells:        2
ABC RESULTS:           AND4_X1 cells:        3
ABC RESULTS:          XNOR2_X1 cells:      707
ABC RESULTS:           XOR2_X1 cells:      596
ABC RESULTS:            OR4_X1 cells:        1
ABC RESULTS:           AND2_X1 cells:       79
ABC RESULTS:          NAND4_X1 cells:       16
ABC RESULTS:            INV_X1 cells:      283
ABC RESULTS:         OAI211_X1 cells:       22
ABC RESULTS:          NAND3_X1 cells:       74
ABC RESULTS:          OAI21_X1 cells:      160
ABC RESULTS:          NAND2_X1 cells:      826
ABC RESULTS:          AOI21_X1 cells:      388
ABC RESULTS:           NOR2_X1 cells:      542
ABC RESULTS:        internal signals:     9525
ABC RESULTS:           input signals:       90
ABC RESULTS:          output signals:       17
Removing temp directory.

24.3. Extracting gate netlist of module `\intermediate_sram' to `<abc-temp-dir>/input.blif'..
Extracted 4262 gates and 4783 wires to a netlist network with 519 inputs and 518 outputs.

24.3.1. Executing ABC.
Running ABC command: "<yosys-exe-dir>/yosys-abc" -s -f <abc-temp-dir>/abc.script 2>&1
ABC: ABC command line: "source <abc-temp-dir>/abc.script".
ABC: 
ABC: + read_blif <abc-temp-dir>/input.blif 
ABC: + read_lib -w /home/kit/OpenROAD-flow-scripts/flow/platforms/nangate45/lib/NangateOpenCellLibrary_typical.lib 
ABC: Parsing finished successfully.  Parsing time =     0.03 sec
ABC: Scl_LibertyReadGenlib() skipped cell "ANTENNA_X1" due to dont_use attribute.
ABC: Scl_LibertyReadGenlib() skipped cell "CLKGATETST_X1" without logic function.
ABC: Scl_LibertyReadGenlib() skipped cell "CLKGATETST_X2" without logic function.
ABC: Scl_LibertyReadGenlib() skipped cell "CLKGATETST_X4" without logic function.
ABC: Scl_LibertyReadGenlib() skipped cell "CLKGATETST_X8" without logic function.
ABC: Scl_LibertyReadGenlib() skipped cell "CLKGATE_X1" without logic function.
ABC: Scl_LibertyReadGenlib() skipped cell "CLKGATE_X2" without logic function.
ABC: Scl_LibertyReadGenlib() skipped cell "CLKGATE_X4" without logic function.
ABC: Scl_LibertyReadGenlib() skipped cell "CLKGATE_X8" without logic function.
ABC: Scl_LibertyReadGenlib() skipped sequential cell "DFFRS_X1".
ABC: Scl_LibertyReadGenlib() skipped sequential cell "DFFRS_X2".
ABC: Scl_LibertyReadGenlib() skipped sequential cell "DFFR_X1".
ABC: Scl_LibertyReadGenlib() skipped sequential cell "DFFR_X2".
ABC: Scl_LibertyReadGenlib() skipped sequential cell "DFFS_X1".
ABC: Scl_LibertyReadGenlib() skipped sequential cell "DFFS_X2".
ABC: Scl_LibertyReadGenlib() skipped sequential cell "DFF_X1".
ABC: Scl_LibertyReadGenlib() skipped sequential cell "DFF_X2".
ABC: Scl_LibertyReadGenlib() skipped sequential cell "DLH_X1".
ABC: Scl_LibertyReadGenlib() skipped sequential cell "DLH_X2".
ABC: Scl_LibertyReadGenlib() skipped sequential cell "DLL_X1".
ABC: Scl_LibertyReadGenlib() skipped sequential cell "DLL_X2".
ABC: Scl_LibertyReadGenlib() skipped cell "FILLCELL_X1" due to dont_use attribute.
ABC: Scl_LibertyReadGenlib() skipped cell "TAPCELL_X1" due to dont_use attribute.
ABC: Scl_LibertyReadGenlib() skipped cell "FILLCELL_X2" due to dont_use attribute.
ABC: Scl_LibertyReadGenlib() skipped cell "FILLCELL_X4" due to dont_use attribute.
ABC: Scl_LibertyReadGenlib() skipped cell "FILLCELL_X8" due to dont_use attribute.
ABC: Scl_LibertyReadGenlib() skipped cell "FILLCELL_X16" due to dont_use attribute.
ABC: Scl_LibertyReadGenlib() skipped cell "FILLCELL_X32" due to dont_use attribute.
ABC: Scl_LibertyReadGenlib() skipped cell "LOGIC0_X1" due to dont_use attribute.
ABC: Scl_LibertyReadGenlib() skipped cell "LOGIC1_X1" due to dont_use attribute.
ABC: Scl_LibertyReadGenlib() skipped sequential cell "SDFFRS_X1".
ABC: Scl_LibertyReadGenlib() skipped sequential cell "SDFFRS_X2".
ABC: Scl_LibertyReadGenlib() skipped sequential cell "SDFFR_X1".
ABC: Scl_LibertyReadGenlib() skipped sequential cell "SDFFR_X2".
ABC: Scl_LibertyReadGenlib() skipped sequential cell "SDFFS_X1".
ABC: Scl_LibertyReadGenlib() skipped sequential cell "SDFFS_X2".
ABC: Scl_LibertyReadGenlib() skipped sequential cell "SDFF_X1".
ABC: Scl_LibertyReadGenlib() skipped sequential cell "SDFF_X2".
ABC: Scl_LibertyReadGenlib() skipped three-state cell "TBUF_X1".
ABC: Scl_LibertyReadGenlib() skipped three-state cell "TBUF_X2".
ABC: Scl_LibertyReadGenlib() skipped three-state cell "TBUF_X4".
ABC: Scl_LibertyReadGenlib() skipped three-state cell "TBUF_X8".
ABC: Scl_LibertyReadGenlib() skipped three-state cell "TBUF_X16".
ABC: Scl_LibertyReadGenlib() skipped three-state cell "TINV_X1".
ABC: Scl_LibertyReadGenlib() skipped sequential cell "TLAT_X1".
ABC: Library "NangateOpenCellLibrary" from "/home/kit/OpenROAD-flow-scripts/flow/platforms/nangate45/lib/NangateOpenCellLibrary_typical.lib" has 90 cells (35 skipped: 21 seq; 6 tri-state; 8 no func; 10 dont_use).  Time =     0.04 sec
ABC: Memory =   11.38 MB. Time =     0.04 sec
ABC: Warning: Detected 2 multi-output gates (for example, "FA_X1").
ABC: + source /home/kit/kimi-chip/experiments/x7/flow/abc_y3_close.script 
ABC: Current delay (390.25 ps) does not exceed the target delay (2000.00 ps). Upsizing is not performed.
ABC: WireLoad = "none"  Gates =   1692 ( 21.0 %)   Cap =  2.7 ff (  0.7 %)   Area =     1547.59 ( 93.6 %)   Delay =   388.08 ps  (  2.7 %)               
ABC: + write_blif <abc-temp-dir>/output.blif 

24.3.2. Re-integrating ABC results.
ABC RESULTS:          NAND4_X1 cells:       56
ABC RESULTS:           NOR3_X1 cells:        8
ABC RESULTS:           MUX2_X1 cells:       32
ABC RESULTS:         CLKBUF_X1 cells:        1
ABC RESULTS:            BUF_X1 cells:      109
ABC RESULTS:           NOR2_X1 cells:        8
ABC RESULTS:          NAND2_X1 cells:      492
ABC RESULTS:            INV_X1 cells:      246
ABC RESULTS:          OAI21_X1 cells:      712
ABC RESULTS:          AOI21_X1 cells:       20
ABC RESULTS:            OR2_X1 cells:        8
ABC RESULTS:        internal signals:     3746
ABC RESULTS:           input signals:      519
ABC RESULTS:          output signals:      518
Removing temp directory.

24.4. Extracting gate netlist of module `\mac_array_16x16' to `<abc-temp-dir>/input.blif'..
Extracted 55302 gates and 56064 wires to a netlist network with 760 inputs and 172 outputs.

24.4.1. Executing ABC.
Running ABC command: "<yosys-exe-dir>/yosys-abc" -s -f <abc-temp-dir>/abc.script 2>&1
ABC: ABC command line: "source <abc-temp-dir>/abc.script".
ABC: 
ABC: + read_blif <abc-temp-dir>/input.blif 
ABC: + read_lib -w /home/kit/OpenROAD-flow-scripts/flow/platforms/nangate45/lib/NangateOpenCellLibrary_typical.lib 
ABC: Parsing finished successfully.  Parsing time =     0.02 sec
ABC: Scl_LibertyReadGenlib() skipped cell "ANTENNA_X1" due to dont_use attribute.
ABC: Scl_LibertyReadGenlib() skipped cell "CLKGATETST_X1" without logic function.
ABC: Scl_LibertyReadGenlib() skipped cell "CLKGATETST_X2" without logic function.
ABC: Scl_LibertyReadGenlib() skipped cell "CLKGATETST_X4" without logic function.
ABC: Scl_LibertyReadGenlib() skipped cell "CLKGATETST_X8" without logic function.
ABC: Scl_LibertyReadGenlib() skipped cell "CLKGATE_X1" without logic function.
ABC: Scl_LibertyReadGenlib() skipped cell "CLKGATE_X2" without logic function.
ABC: Scl_LibertyReadGenlib() skipped cell "CLKGATE_X4" without logic function.
ABC: Scl_LibertyReadGenlib() skipped cell "CLKGATE_X8" without logic function.
ABC: Scl_LibertyReadGenlib() skipped sequential cell "DFFRS_X1".
ABC: Scl_LibertyReadGenlib() skipped sequential cell "DFFRS_X2".
ABC: Scl_LibertyReadGenlib() skipped sequential cell "DFFR_X1".
ABC: Scl_LibertyReadGenlib() skipped sequential cell "DFFR_X2".
ABC: Scl_LibertyReadGenlib() skipped sequential cell "DFFS_X1".
ABC: Scl_LibertyReadGenlib() skipped sequential cell "DFFS_X2".
ABC: Scl_LibertyReadGenlib() skipped sequential cell "DFF_X1".
ABC: Scl_LibertyReadGenlib() skipped sequential cell "DFF_X2".
ABC: Scl_LibertyReadGenlib() skipped sequential cell "DLH_X1".
ABC: Scl_LibertyReadGenlib() skipped sequential cell "DLH_X2".
ABC: Scl_LibertyReadGenlib() skipped sequential cell "DLL_X1".
ABC: Scl_LibertyReadGenlib() skipped sequential cell "DLL_X2".
ABC: Scl_LibertyReadGenlib() skipped cell "FILLCELL_X1" due to dont_use attribute.
ABC: Scl_LibertyReadGenlib() skipped cell "TAPCELL_X1" due to dont_use attribute.
ABC: Scl_LibertyReadGenlib() skipped cell "FILLCELL_X2" due to dont_use attribute.
ABC: Scl_LibertyReadGenlib() skipped cell "FILLCELL_X4" due to dont_use attribute.
ABC: Scl_LibertyReadGenlib() skipped cell "FILLCELL_X8" due to dont_use attribute.
ABC: Scl_LibertyReadGenlib() skipped cell "FILLCELL_X16" due to dont_use attribute.
ABC: Scl_LibertyReadGenlib() skipped cell "FILLCELL_X32" due to dont_use attribute.
ABC: Scl_LibertyReadGenlib() skipped cell "LOGIC0_X1" due to dont_use attribute.
ABC: Scl_LibertyReadGenlib() skipped cell "LOGIC1_X1" due to dont_use attribute.
ABC: Scl_LibertyReadGenlib() skipped sequential cell "SDFFRS_X1".
ABC: Scl_LibertyReadGenlib() skipped sequential cell "SDFFRS_X2".
ABC: Scl_LibertyReadGenlib() skipped sequential cell "SDFFR_X1".
ABC: Scl_LibertyReadGenlib() skipped sequential cell "SDFFR_X2".
ABC: Scl_LibertyReadGenlib() skipped sequential cell "SDFFS_X1".
ABC: Scl_LibertyReadGenlib() skipped sequential cell "SDFFS_X2".
ABC: Scl_LibertyReadGenlib() skipped sequential cell "SDFF_X1".
ABC: Scl_LibertyReadGenlib() skipped sequential cell "SDFF_X2".
ABC: Scl_LibertyReadGenlib() skipped three-state cell "TBUF_X1".
ABC: Scl_LibertyReadGenlib() skipped three-state cell "TBUF_X2".
ABC: Scl_LibertyReadGenlib() skipped three-state cell "TBUF_X4".
ABC: Scl_LibertyReadGenlib() skipped three-state cell "TBUF_X8".
ABC: Scl_LibertyReadGenlib() skipped three-state cell "TBUF_X16".
ABC: Scl_LibertyReadGenlib() skipped three-state cell "TINV_X1".
ABC: Scl_LibertyReadGenlib() skipped sequential cell "TLAT_X1".
ABC: Library "NangateOpenCellLibrary" from "/home/kit/OpenROAD-flow-scripts/flow/platforms/nangate45/lib/NangateOpenCellLibrary_typical.lib" has 90 cells (35 skipped: 21 seq; 6 tri-state; 8 no func; 10 dont_use).  Time =     0.04 sec
ABC: Memory =   11.38 MB. Time =     0.04 sec
ABC: Warning: Detected 2 multi-output gates (for example, "FA_X1").
ABC: + source /home/kit/kimi-chip/experiments/x7/flow/abc_y3_close.script 
ABC: Current delay (1462.73 ps) does not exceed the target delay (2000.00 ps). Upsizing is not performed.
ABC: WireLoad = "none"  Gates =  21179 (  9.8 %)   Cap =  3.7 ff (  0.1 %)   Area =    23970.59 ( 99.3 %)   Delay =  1461.56 ps  ( 21.8 %)               
ABC: + write_blif <abc-temp-dir>/output.blif 

24.4.2. Re-integrating ABC results.
ABC RESULTS:         OAI221_X1 cells:        4
ABC RESULTS:         AOI211_X1 cells:        8
ABC RESULTS:            OR4_X1 cells:        1
ABC RESULTS:            BUF_X1 cells:      150
ABC RESULTS:         CLKBUF_X1 cells:       32
ABC RESULTS:            OR3_X1 cells:       32
ABC RESULTS:           NOR3_X1 cells:      259
ABC RESULTS:           AND4_X1 cells:       24
ABC RESULTS:            OR2_X1 cells:       31
ABC RESULTS:          NAND4_X1 cells:       74
ABC RESULTS:          NAND3_X1 cells:      189
ABC RESULTS:            INV_X1 cells:     1884
ABC RESULTS:         OAI211_X1 cells:      189
ABC RESULTS:          XNOR2_X1 cells:     4706
ABC RESULTS:           XOR2_X1 cells:     3232
ABC RESULTS:           NOR4_X1 cells:       15
ABC RESULTS:          OAI21_X1 cells:     1096
ABC RESULTS:          NAND2_X1 cells:     4325
ABC RESULTS:          AOI21_X1 cells:     1783
ABC RESULTS:           AND2_X1 cells:      483
ABC RESULTS:           NOR2_X1 cells:     2620
ABC RESULTS:           AND3_X1 cells:       42
ABC RESULTS:        internal signals:    55132
ABC RESULTS:           input signals:      760
ABC RESULTS:          output signals:      172
Removing temp directory.

24.5. Extracting gate netlist of module `\requant' to `<abc-temp-dir>/input.blif'..
Extracted 383 gates and 401 wires to a netlist network with 16 inputs and 8 outputs.

24.5.1. Executing ABC.
Running ABC command: "<yosys-exe-dir>/yosys-abc" -s -f <abc-temp-dir>/abc.script 2>&1
ABC: ABC command line: "source <abc-temp-dir>/abc.script".
ABC: 
ABC: + read_blif <abc-temp-dir>/input.blif 
ABC: + read_lib -w /home/kit/OpenROAD-flow-scripts/flow/platforms/nangate45/lib/NangateOpenCellLibrary_typical.lib 
ABC: Parsing finished successfully.  Parsing time =     0.03 sec
ABC: Scl_LibertyReadGenlib() skipped cell "ANTENNA_X1" due to dont_use attribute.
ABC: Scl_LibertyReadGenlib() skipped cell "CLKGATETST_X1" without logic function.
ABC: Scl_LibertyReadGenlib() skipped cell "CLKGATETST_X2" without logic function.
ABC: Scl_LibertyReadGenlib() skipped cell "CLKGATETST_X4" without logic function.
ABC: Scl_LibertyReadGenlib() skipped cell "CLKGATETST_X8" without logic function.
ABC: Scl_LibertyReadGenlib() skipped cell "CLKGATE_X1" without logic function.
ABC: Scl_LibertyReadGenlib() skipped cell "CLKGATE_X2" without logic function.
ABC: Scl_LibertyReadGenlib() skipped cell "CLKGATE_X4" without logic function.
ABC: Scl_LibertyReadGenlib() skipped cell "CLKGATE_X8" without logic function.
ABC: Scl_LibertyReadGenlib() skipped sequential cell "DFFRS_X1".
ABC: Scl_LibertyReadGenlib() skipped sequential cell "DFFRS_X2".
ABC: Scl_LibertyReadGenlib() skipped sequential cell "DFFR_X1".
ABC: Scl_LibertyReadGenlib() skipped sequential cell "DFFR_X2".
ABC: Scl_LibertyReadGenlib() skipped sequential cell "DFFS_X1".
ABC: Scl_LibertyReadGenlib() skipped sequential cell "DFFS_X2".
ABC: Scl_LibertyReadGenlib() skipped sequential cell "DFF_X1".
ABC: Scl_LibertyReadGenlib() skipped sequential cell "DFF_X2".
ABC: Scl_LibertyReadGenlib() skipped sequential cell "DLH_X1".
ABC: Scl_LibertyReadGenlib() skipped sequential cell "DLH_X2".
ABC: Scl_LibertyReadGenlib() skipped sequential cell "DLL_X1".
ABC: Scl_LibertyReadGenlib() skipped sequential cell "DLL_X2".
ABC: Scl_LibertyReadGenlib() skipped cell "FILLCELL_X1" due to dont_use attribute.
ABC: Scl_LibertyReadGenlib() skipped cell "TAPCELL_X1" due to dont_use attribute.
ABC: Scl_LibertyReadGenlib() skipped cell "FILLCELL_X2" due to dont_use attribute.
ABC: Scl_LibertyReadGenlib() skipped cell "FILLCELL_X4" due to dont_use attribute.
ABC: Scl_LibertyReadGenlib() skipped cell "FILLCELL_X8" due to dont_use attribute.
ABC: Scl_LibertyReadGenlib() skipped cell "FILLCELL_X16" due to dont_use attribute.
ABC: Scl_LibertyReadGenlib() skipped cell "FILLCELL_X32" due to dont_use attribute.
ABC: Scl_LibertyReadGenlib() skipped cell "LOGIC0_X1" due to dont_use attribute.
ABC: Scl_LibertyReadGenlib() skipped cell "LOGIC1_X1" due to dont_use attribute.
ABC: Scl_LibertyReadGenlib() skipped sequential cell "SDFFRS_X1".
ABC: Scl_LibertyReadGenlib() skipped sequential cell "SDFFRS_X2".
ABC: Scl_LibertyReadGenlib() skipped sequential cell "SDFFR_X1".
ABC: Scl_LibertyReadGenlib() skipped sequential cell "SDFFR_X2".
ABC: Scl_LibertyReadGenlib() skipped sequential cell "SDFFS_X1".
ABC: Scl_LibertyReadGenlib() skipped sequential cell "SDFFS_X2".
ABC: Scl_LibertyReadGenlib() skipped sequential cell "SDFF_X1".
ABC: Scl_LibertyReadGenlib() skipped sequential cell "SDFF_X2".
ABC: Scl_LibertyReadGenlib() skipped three-state cell "TBUF_X1".
ABC: Scl_LibertyReadGenlib() skipped three-state cell "TBUF_X2".
ABC: Scl_LibertyReadGenlib() skipped three-state cell "TBUF_X4".
ABC: Scl_LibertyReadGenlib() skipped three-state cell "TBUF_X8".
ABC: Scl_LibertyReadGenlib() skipped three-state cell "TBUF_X16".
ABC: Scl_LibertyReadGenlib() skipped three-state cell "TINV_X1".
ABC: Scl_LibertyReadGenlib() skipped sequential cell "TLAT_X1".
ABC: Library "NangateOpenCellLibrary" from "/home/kit/OpenROAD-flow-scripts/flow/platforms/nangate45/lib/NangateOpenCellLibrary_typical.lib" has 90 cells (35 skipped: 21 seq; 6 tri-state; 8 no func; 10 dont_use).  Time =     0.04 sec
ABC: Memory =   11.38 MB. Time =     0.04 sec
ABC: Warning: Detected 2 multi-output gates (for example, "FA_X1").
ABC: + source /home/kit/kimi-chip/experiments/x7/flow/abc_y3_close.script 
ABC: Current delay (254.17 ps) does not exceed the target delay (2000.00 ps). Upsizing is not performed.
ABC: WireLoad = "none"  Gates =     49 ( 38.8 %)   Cap =  2.7 ff (  0.0 %)   Area =       43.09 (100.0 %)   Delay =   254.17 ps  ( 32.7 %)               
ABC: + write_blif <abc-temp-dir>/output.blif 

24.5.2. Re-integrating ABC results.
ABC RESULTS:          NAND4_X1 cells:        3
ABC RESULTS:           NOR2_X1 cells:        3
ABC RESULTS:          NAND2_X1 cells:        4
ABC RESULTS:           NOR4_X1 cells:        6
ABC RESULTS:         OAI221_X1 cells:        1
ABC RESULTS:            INV_X1 cells:       19
ABC RESULTS:          OAI21_X1 cells:       10
ABC RESULTS:          AOI21_X1 cells:        3
ABC RESULTS:        internal signals:      377
ABC RESULTS:           input signals:       16
ABC RESULTS:          output signals:        8
Removing temp directory.

24.6. Extracting gate netlist of module `\state_sram' to `<abc-temp-dir>/input.blif'..
Extracted 1486 gates and 2357 wires to a netlist network with 869 inputs and 857 outputs.

24.6.1. Executing ABC.
Running ABC command: "<yosys-exe-dir>/yosys-abc" -s -f <abc-temp-dir>/abc.script 2>&1
ABC: ABC command line: "source <abc-temp-dir>/abc.script".
ABC: 
ABC: + read_blif <abc-temp-dir>/input.blif 
ABC: + read_lib -w /home/kit/OpenROAD-flow-scripts/flow/platforms/nangate45/lib/NangateOpenCellLibrary_typical.lib 
ABC: Parsing finished successfully.  Parsing time =     0.03 sec
ABC: Scl_LibertyReadGenlib() skipped cell "ANTENNA_X1" due to dont_use attribute.
ABC: Scl_LibertyReadGenlib() skipped cell "CLKGATETST_X1" without logic function.
ABC: Scl_LibertyReadGenlib() skipped cell "CLKGATETST_X2" without logic function.
ABC: Scl_LibertyReadGenlib() skipped cell "CLKGATETST_X4" without logic function.
ABC: Scl_LibertyReadGenlib() skipped cell "CLKGATETST_X8" without logic function.
ABC: Scl_LibertyReadGenlib() skipped cell "CLKGATE_X1" without logic function.
ABC: Scl_LibertyReadGenlib() skipped cell "CLKGATE_X2" without logic function.
ABC: Scl_LibertyReadGenlib() skipped cell "CLKGATE_X4" without logic function.
ABC: Scl_LibertyReadGenlib() skipped cell "CLKGATE_X8" without logic function.
ABC: Scl_LibertyReadGenlib() skipped sequential cell "DFFRS_X1".
ABC: Scl_LibertyReadGenlib() skipped sequential cell "DFFRS_X2".
ABC: Scl_LibertyReadGenlib() skipped sequential cell "DFFR_X1".
ABC: Scl_LibertyReadGenlib() skipped sequential cell "DFFR_X2".
ABC: Scl_LibertyReadGenlib() skipped sequential cell "DFFS_X1".
ABC: Scl_LibertyReadGenlib() skipped sequential cell "DFFS_X2".
ABC: Scl_LibertyReadGenlib() skipped sequential cell "DFF_X1".
ABC: Scl_LibertyReadGenlib() skipped sequential cell "DFF_X2".
ABC: Scl_LibertyReadGenlib() skipped sequential cell "DLH_X1".
ABC: Scl_LibertyReadGenlib() skipped sequential cell "DLH_X2".
ABC: Scl_LibertyReadGenlib() skipped sequential cell "DLL_X1".
ABC: Scl_LibertyReadGenlib() skipped sequential cell "DLL_X2".
ABC: Scl_LibertyReadGenlib() skipped cell "FILLCELL_X1" due to dont_use attribute.
ABC: Scl_LibertyReadGenlib() skipped cell "TAPCELL_X1" due to dont_use attribute.
ABC: Scl_LibertyReadGenlib() skipped cell "FILLCELL_X2" due to dont_use attribute.
ABC: Scl_LibertyReadGenlib() skipped cell "FILLCELL_X4" due to dont_use attribute.
ABC: Scl_LibertyReadGenlib() skipped cell "FILLCELL_X8" due to dont_use attribute.
ABC: Scl_LibertyReadGenlib() skipped cell "FILLCELL_X16" due to dont_use attribute.
ABC: Scl_LibertyReadGenlib() skipped cell "FILLCELL_X32" due to dont_use attribute.
ABC: Scl_LibertyReadGenlib() skipped cell "LOGIC0_X1" due to dont_use attribute.
ABC: Scl_LibertyReadGenlib() skipped cell "LOGIC1_X1" due to dont_use attribute.
ABC: Scl_LibertyReadGenlib() skipped sequential cell "SDFFRS_X1".
ABC: Scl_LibertyReadGenlib() skipped sequential cell "SDFFRS_X2".
ABC: Scl_LibertyReadGenlib() skipped sequential cell "SDFFR_X1".
ABC: Scl_LibertyReadGenlib() skipped sequential cell "SDFFR_X2".
ABC: Scl_LibertyReadGenlib() skipped sequential cell "SDFFS_X1".
ABC: Scl_LibertyReadGenlib() skipped sequential cell "SDFFS_X2".
ABC: Scl_LibertyReadGenlib() skipped sequential cell "SDFF_X1".
ABC: Scl_LibertyReadGenlib() skipped sequential cell "SDFF_X2".
ABC: Scl_LibertyReadGenlib() skipped three-state cell "TBUF_X1".
ABC: Scl_LibertyReadGenlib() skipped three-state cell "TBUF_X2".
ABC: Scl_LibertyReadGenlib() skipped three-state cell "TBUF_X4".
ABC: Scl_LibertyReadGenlib() skipped three-state cell "TBUF_X8".
ABC: Scl_LibertyReadGenlib() skipped three-state cell "TBUF_X16".
ABC: Scl_LibertyReadGenlib() skipped three-state cell "TINV_X1".
ABC: Scl_LibertyReadGenlib() skipped sequential cell "TLAT_X1".
ABC: Library "NangateOpenCellLibrary" from "/home/kit/OpenROAD-flow-scripts/flow/platforms/nangate45/lib/NangateOpenCellLibrary_typical.lib" has 90 cells (35 skipped: 21 seq; 6 tri-state; 8 no func; 10 dont_use).  Time =     0.04 sec
ABC: Memory =   11.38 MB. Time =     0.04 sec
ABC: Warning: Detected 2 multi-output gates (for example, "FA_X1").
ABC: + source /home/kit/kimi-chip/experiments/x7/flow/abc_y3_close.script 
ABC: Current delay (214.29 ps) does not exceed the target delay (2000.00 ps). Upsizing is not performed.
ABC: WireLoad = "none"  Gates =   1322 (  8.9 %)   Cap =  2.3 ff (  0.8 %)   Area =     1819.71 ( 92.6 %)   Delay =   222.32 ps  ( 13.8 %)               
ABC: + write_blif <abc-temp-dir>/output.blif 

24.6.2. Re-integrating ABC results.
ABC RESULTS:          AOI21_X1 cells:        9
ABC RESULTS:          OAI21_X1 cells:       46
ABC RESULTS:           MUX2_X1 cells:      612
ABC RESULTS:           NOR2_X1 cells:       15
ABC RESULTS:          AOI22_X1 cells:      192
ABC RESULTS:            INV_X1 cells:       20
ABC RESULTS:            BUF_X1 cells:       98
ABC RESULTS:          NAND2_X1 cells:      322
ABC RESULTS:          NAND3_X1 cells:        8
ABC RESULTS:        internal signals:      631
ABC RESULTS:           input signals:      869
ABC RESULTS:          output signals:      857
Removing temp directory.

24.7. Extracting gate netlist of module `\state_stream_controller' to `<abc-temp-dir>/input.blif'..
Extracted 48748 gates and 52628 wires to a netlist network with 3878 inputs and 2645 outputs.

24.7.1. Executing ABC.
Running ABC command: "<yosys-exe-dir>/yosys-abc" -s -f <abc-temp-dir>/abc.script 2>&1
ABC: ABC command line: "source <abc-temp-dir>/abc.script".
ABC: 
ABC: + read_blif <abc-temp-dir>/input.blif 
ABC: + read_lib -w /home/kit/OpenROAD-flow-scripts/flow/platforms/nangate45/lib/NangateOpenCellLibrary_typical.lib 
ABC: Parsing finished successfully.  Parsing time =     0.03 sec
ABC: Scl_LibertyReadGenlib() skipped cell "ANTENNA_X1" due to dont_use attribute.
ABC: Scl_LibertyReadGenlib() skipped cell "CLKGATETST_X1" without logic function.
ABC: Scl_LibertyReadGenlib() skipped cell "CLKGATETST_X2" without logic function.
ABC: Scl_LibertyReadGenlib() skipped cell "CLKGATETST_X4" without logic function.
ABC: Scl_LibertyReadGenlib() skipped cell "CLKGATETST_X8" without logic function.
ABC: Scl_LibertyReadGenlib() skipped cell "CLKGATE_X1" without logic function.
ABC: Scl_LibertyReadGenlib() skipped cell "CLKGATE_X2" without logic function.
ABC: Scl_LibertyReadGenlib() skipped cell "CLKGATE_X4" without logic function.
ABC: Scl_LibertyReadGenlib() skipped cell "CLKGATE_X8" without logic function.
ABC: Scl_LibertyReadGenlib() skipped sequential cell "DFFRS_X1".
ABC: Scl_LibertyReadGenlib() skipped sequential cell "DFFRS_X2".
ABC: Scl_LibertyReadGenlib() skipped sequential cell "DFFR_X1".
ABC: Scl_LibertyReadGenlib() skipped sequential cell "DFFR_X2".
ABC: Scl_LibertyReadGenlib() skipped sequential cell "DFFS_X1".
ABC: Scl_LibertyReadGenlib() skipped sequential cell "DFFS_X2".
ABC: Scl_LibertyReadGenlib() skipped sequential cell "DFF_X1".
ABC: Scl_LibertyReadGenlib() skipped sequential cell "DFF_X2".
ABC: Scl_LibertyReadGenlib() skipped sequential cell "DLH_X1".
ABC: Scl_LibertyReadGenlib() skipped sequential cell "DLH_X2".
ABC: Scl_LibertyReadGenlib() skipped sequential cell "DLL_X1".
ABC: Scl_LibertyReadGenlib() skipped sequential cell "DLL_X2".
ABC: Scl_LibertyReadGenlib() skipped cell "FILLCELL_X1" due to dont_use attribute.
ABC: Scl_LibertyReadGenlib() skipped cell "TAPCELL_X1" due to dont_use attribute.
ABC: Scl_LibertyReadGenlib() skipped cell "FILLCELL_X2" due to dont_use attribute.
ABC: Scl_LibertyReadGenlib() skipped cell "FILLCELL_X4" due to dont_use attribute.
ABC: Scl_LibertyReadGenlib() skipped cell "FILLCELL_X8" due to dont_use attribute.
ABC: Scl_LibertyReadGenlib() skipped cell "FILLCELL_X16" due to dont_use attribute.
ABC: Scl_LibertyReadGenlib() skipped cell "FILLCELL_X32" due to dont_use attribute.
ABC: Scl_LibertyReadGenlib() skipped cell "LOGIC0_X1" due to dont_use attribute.
ABC: Scl_LibertyReadGenlib() skipped cell "LOGIC1_X1" due to dont_use attribute.
ABC: Scl_LibertyReadGenlib() skipped sequential cell "SDFFRS_X1".
ABC: Scl_LibertyReadGenlib() skipped sequential cell "SDFFRS_X2".
ABC: Scl_LibertyReadGenlib() skipped sequential cell "SDFFR_X1".
ABC: Scl_LibertyReadGenlib() skipped sequential cell "SDFFR_X2".
ABC: Scl_LibertyReadGenlib() skipped sequential cell "SDFFS_X1".
ABC: Scl_LibertyReadGenlib() skipped sequential cell "SDFFS_X2".
ABC: Scl_LibertyReadGenlib() skipped sequential cell "SDFF_X1".
ABC: Scl_LibertyReadGenlib() skipped sequential cell "SDFF_X2".
ABC: Scl_LibertyReadGenlib() skipped three-state cell "TBUF_X1".
ABC: Scl_LibertyReadGenlib() skipped three-state cell "TBUF_X2".
ABC: Scl_LibertyReadGenlib() skipped three-state cell "TBUF_X4".
ABC: Scl_LibertyReadGenlib() skipped three-state cell "TBUF_X8".
ABC: Scl_LibertyReadGenlib() skipped three-state cell "TBUF_X16".
ABC: Scl_LibertyReadGenlib() skipped three-state cell "TINV_X1".
ABC: Scl_LibertyReadGenlib() skipped sequential cell "TLAT_X1".
ABC: Library "NangateOpenCellLibrary" from "/home/kit/OpenROAD-flow-scripts/flow/platforms/nangate45/lib/NangateOpenCellLibrary_typical.lib" has 90 cells (35 skipped: 21 seq; 6 tri-state; 8 no func; 10 dont_use).  Time =     0.04 sec
ABC: Memory =   11.38 MB. Time =     0.04 sec
ABC: Warning: Detected 2 multi-output gates (for example, "FA_X1").
ABC: + source /home/kit/kimi-chip/experiments/x7/flow/abc_y3_close.script 
ABC: Current delay (618.51 ps) does not exceed the target delay (2000.00 ps). Upsizing is not performed.
ABC: WireLoad = "none"  Gates =  15486 ( 20.6 %)   Cap =  2.9 ff (  0.5 %)   Area =    16240.36 ( 95.1 %)   Delay =   644.59 ps  (  0.4 %)               
ABC: + write_blif <abc-temp-dir>/output.blif 

24.7.2. Re-integrating ABC results.
ABC RESULTS:           AND4_X1 cells:        5
ABC RESULTS:          AOI22_X1 cells:        6
ABC RESULTS:           AND3_X1 cells:        2
ABC RESULTS:           XOR2_X1 cells:      513
ABC RESULTS:          XNOR2_X1 cells:     1446
ABC RESULTS:           NOR4_X1 cells:      165
ABC RESULTS:          NAND4_X1 cells:      185
ABC RESULTS:            OR4_X1 cells:       33
ABC RESULTS:            OR3_X1 cells:        3
ABC RESULTS:         OAI211_X1 cells:      212
ABC RESULTS:          NAND3_X1 cells:     1008
ABC RESULTS:           AND2_X1 cells:      210
ABC RESULTS:          OAI21_X1 cells:     2208
ABC RESULTS:           NOR3_X1 cells:      137
ABC RESULTS:         AOI211_X1 cells:       19
ABC RESULTS:            INV_X1 cells:     2355
ABC RESULTS:            OR2_X1 cells:       53
ABC RESULTS:          OAI22_X1 cells:        6
ABC RESULTS:            BUF_X1 cells:      752
ABC RESULTS:         CLKBUF_X1 cells:       83
ABC RESULTS:          NAND2_X1 cells:     2370
ABC RESULTS:         OAI221_X1 cells:      224
ABC RESULTS:           MUX2_X1 cells:     1045
ABC RESULTS:          AOI21_X1 cells:     1296
ABC RESULTS:           NOR2_X1 cells:     1150
ABC RESULTS:        internal signals:    46105
ABC RESULTS:           input signals:     3878
ABC RESULTS:          output signals:     2645
Removing temp directory.

24.8. Extracting gate netlist of module `\state_word_engine' to `<abc-temp-dir>/input.blif'..
Extracted 78898 gates and 80571 wires to a netlist network with 1671 inputs and 1292 outputs.

24.8.1. Executing ABC.
Running ABC command: "<yosys-exe-dir>/yosys-abc" -s -f <abc-temp-dir>/abc.script 2>&1
ABC: ABC command line: "source <abc-temp-dir>/abc.script".
ABC: 
ABC: + read_blif <abc-temp-dir>/input.blif 
ABC: + read_lib -w /home/kit/OpenROAD-flow-scripts/flow/platforms/nangate45/lib/NangateOpenCellLibrary_typical.lib 
ABC: Parsing finished successfully.  Parsing time =     0.02 sec
ABC: Scl_LibertyReadGenlib() skipped cell "ANTENNA_X1" due to dont_use attribute.
ABC: Scl_LibertyReadGenlib() skipped cell "CLKGATETST_X1" without logic function.
ABC: Scl_LibertyReadGenlib() skipped cell "CLKGATETST_X2" without logic function.
ABC: Scl_LibertyReadGenlib() skipped cell "CLKGATETST_X4" without logic function.
ABC: Scl_LibertyReadGenlib() skipped cell "CLKGATETST_X8" without logic function.
ABC: Scl_LibertyReadGenlib() skipped cell "CLKGATE_X1" without logic function.
ABC: Scl_LibertyReadGenlib() skipped cell "CLKGATE_X2" without logic function.
ABC: Scl_LibertyReadGenlib() skipped cell "CLKGATE_X4" without logic function.
ABC: Scl_LibertyReadGenlib() skipped cell "CLKGATE_X8" without logic function.
ABC: Scl_LibertyReadGenlib() skipped sequential cell "DFFRS_X1".
ABC: Scl_LibertyReadGenlib() skipped sequential cell "DFFRS_X2".
ABC: Scl_LibertyReadGenlib() skipped sequential cell "DFFR_X1".
ABC: Scl_LibertyReadGenlib() skipped sequential cell "DFFR_X2".
ABC: Scl_LibertyReadGenlib() skipped sequential cell "DFFS_X1".
ABC: Scl_LibertyReadGenlib() skipped sequential cell "DFFS_X2".
ABC: Scl_LibertyReadGenlib() skipped sequential cell "DFF_X1".
ABC: Scl_LibertyReadGenlib() skipped sequential cell "DFF_X2".
ABC: Scl_LibertyReadGenlib() skipped sequential cell "DLH_X1".
ABC: Scl_LibertyReadGenlib() skipped sequential cell "DLH_X2".
ABC: Scl_LibertyReadGenlib() skipped sequential cell "DLL_X1".
ABC: Scl_LibertyReadGenlib() skipped sequential cell "DLL_X2".
ABC: Scl_LibertyReadGenlib() skipped cell "FILLCELL_X1" due to dont_use attribute.
ABC: Scl_LibertyReadGenlib() skipped cell "TAPCELL_X1" due to dont_use attribute.
ABC: Scl_LibertyReadGenlib() skipped cell "FILLCELL_X2" due to dont_use attribute.
ABC: Scl_LibertyReadGenlib() skipped cell "FILLCELL_X4" due to dont_use attribute.
ABC: Scl_LibertyReadGenlib() skipped cell "FILLCELL_X8" due to dont_use attribute.
ABC: Scl_LibertyReadGenlib() skipped cell "FILLCELL_X16" due to dont_use attribute.
ABC: Scl_LibertyReadGenlib() skipped cell "FILLCELL_X32" due to dont_use attribute.
ABC: Scl_LibertyReadGenlib() skipped cell "LOGIC0_X1" due to dont_use attribute.
ABC: Scl_LibertyReadGenlib() skipped cell "LOGIC1_X1" due to dont_use attribute.
ABC: Scl_LibertyReadGenlib() skipped sequential cell "SDFFRS_X1".
ABC: Scl_LibertyReadGenlib() skipped sequential cell "SDFFRS_X2".
ABC: Scl_LibertyReadGenlib() skipped sequential cell "SDFFR_X1".
ABC: Scl_LibertyReadGenlib() skipped sequential cell "SDFFR_X2".
ABC: Scl_LibertyReadGenlib() skipped sequential cell "SDFFS_X1".
ABC: Scl_LibertyReadGenlib() skipped sequential cell "SDFFS_X2".
ABC: Scl_LibertyReadGenlib() skipped sequential cell "SDFF_X1".
ABC: Scl_LibertyReadGenlib() skipped sequential cell "SDFF_X2".
ABC: Scl_LibertyReadGenlib() skipped three-state cell "TBUF_X1".
ABC: Scl_LibertyReadGenlib() skipped three-state cell "TBUF_X2".
ABC: Scl_LibertyReadGenlib() skipped three-state cell "TBUF_X4".
ABC: Scl_LibertyReadGenlib() skipped three-state cell "TBUF_X8".
ABC: Scl_LibertyReadGenlib() skipped three-state cell "TBUF_X16".
ABC: Scl_LibertyReadGenlib() skipped three-state cell "TINV_X1".
ABC: Scl_LibertyReadGenlib() skipped sequential cell "TLAT_X1".
ABC: Library "NangateOpenCellLibrary" from "/home/kit/OpenROAD-flow-scripts/flow/platforms/nangate45/lib/NangateOpenCellLibrary_typical.lib" has 90 cells (35 skipped: 21 seq; 6 tri-state; 8 no func; 10 dont_use).  Time =     0.04 sec
ABC: Memory =   11.38 MB. Time =     0.04 sec
ABC: Warning: Detected 2 multi-output gates (for example, "FA_X1").
ABC: + source /home/kit/kimi-chip/experiments/x7/flow/abc_y3_close.script 
ABC: Current delay (1313.93 ps) does not exceed the target delay (2000.00 ps). Upsizing is not performed.
ABC: WireLoad = "none"  Gates =  24663 ( 11.2 %)   Cap =  3.5 ff (  0.2 %)   Area =    27695.12 ( 98.1 %)   Delay =  1341.46 ps  (  1.1 %)               
ABC: + write_blif <abc-temp-dir>/output.blif 

24.8.2. Re-integrating ABC results.
ABC RESULTS:           AND3_X1 cells:        8
ABC RESULTS:            OR4_X1 cells:        8
ABC RESULTS:          NAND4_X1 cells:       61
ABC RESULTS:           NOR4_X1 cells:       40
ABC RESULTS:         OAI221_X1 cells:        9
ABC RESULTS:         AOI211_X1 cells:        9
ABC RESULTS:            OR3_X1 cells:       25
ABC RESULTS:           NOR3_X1 cells:      198
ABC RESULTS:           MUX2_X1 cells:      364
ABC RESULTS:            BUF_X1 cells:      480
ABC RESULTS:         OAI211_X1 cells:      122
ABC RESULTS:          NAND3_X1 cells:      131
ABC RESULTS:         CLKBUF_X1 cells:      137
ABC RESULTS:           NOR2_X1 cells:     2902
ABC RESULTS:            INV_X1 cells:     2149
ABC RESULTS:            OR2_X1 cells:       49
ABC RESULTS:           XOR2_X1 cells:     3138
ABC RESULTS:          NAND2_X1 cells:     5025
ABC RESULTS:           AND2_X1 cells:      490
ABC RESULTS:          AOI21_X1 cells:     1758
ABC RESULTS:          XNOR2_X1 cells:     5320
ABC RESULTS:          OAI21_X1 cells:     2240
ABC RESULTS:        internal signals:    77608
ABC RESULTS:           input signals:     1671
ABC RESULTS:          output signals:     1292
Removing temp directory.

24.9. Extracting gate netlist of module `\streaming_norm' to `<abc-temp-dir>/input.blif'..
Extracted 76482 gates and 77873 wires to a netlist network with 1388 inputs and 913 outputs.

24.9.1. Executing ABC.
Running ABC command: "<yosys-exe-dir>/yosys-abc" -s -f <abc-temp-dir>/abc.script 2>&1
ABC: ABC command line: "source <abc-temp-dir>/abc.script".
ABC: 
ABC: + read_blif <abc-temp-dir>/input.blif 
ABC: + read_lib -w /home/kit/OpenROAD-flow-scripts/flow/platforms/nangate45/lib/NangateOpenCellLibrary_typical.lib 
ABC: Parsing finished successfully.  Parsing time =     0.02 sec
ABC: Scl_LibertyReadGenlib() skipped cell "ANTENNA_X1" due to dont_use attribute.
ABC: Scl_LibertyReadGenlib() skipped cell "CLKGATETST_X1" without logic function.
ABC: Scl_LibertyReadGenlib() skipped cell "CLKGATETST_X2" without logic function.
ABC: Scl_LibertyReadGenlib() skipped cell "CLKGATETST_X4" without logic function.
ABC: Scl_LibertyReadGenlib() skipped cell "CLKGATETST_X8" without logic function.
ABC: Scl_LibertyReadGenlib() skipped cell "CLKGATE_X1" without logic function.
ABC: Scl_LibertyReadGenlib() skipped cell "CLKGATE_X2" without logic function.
ABC: Scl_LibertyReadGenlib() skipped cell "CLKGATE_X4" without logic function.
ABC: Scl_LibertyReadGenlib() skipped cell "CLKGATE_X8" without logic function.
ABC: Scl_LibertyReadGenlib() skipped sequential cell "DFFRS_X1".
ABC: Scl_LibertyReadGenlib() skipped sequential cell "DFFRS_X2".
ABC: Scl_LibertyReadGenlib() skipped sequential cell "DFFR_X1".
ABC: Scl_LibertyReadGenlib() skipped sequential cell "DFFR_X2".
ABC: Scl_LibertyReadGenlib() skipped sequential cell "DFFS_X1".
ABC: Scl_LibertyReadGenlib() skipped sequential cell "DFFS_X2".
ABC: Scl_LibertyReadGenlib() skipped sequential cell "DFF_X1".
ABC: Scl_LibertyReadGenlib() skipped sequential cell "DFF_X2".
ABC: Scl_LibertyReadGenlib() skipped sequential cell "DLH_X1".
ABC: Scl_LibertyReadGenlib() skipped sequential cell "DLH_X2".
ABC: Scl_LibertyReadGenlib() skipped sequential cell "DLL_X1".
ABC: Scl_LibertyReadGenlib() skipped sequential cell "DLL_X2".
ABC: Scl_LibertyReadGenlib() skipped cell "FILLCELL_X1" due to dont_use attribute.
ABC: Scl_LibertyReadGenlib() skipped cell "TAPCELL_X1" due to dont_use attribute.
ABC: Scl_LibertyReadGenlib() skipped cell "FILLCELL_X2" due to dont_use attribute.
ABC: Scl_LibertyReadGenlib() skipped cell "FILLCELL_X4" due to dont_use attribute.
ABC: Scl_LibertyReadGenlib() skipped cell "FILLCELL_X8" due to dont_use attribute.
ABC: Scl_LibertyReadGenlib() skipped cell "FILLCELL_X16" due to dont_use attribute.
ABC: Scl_LibertyReadGenlib() skipped cell "FILLCELL_X32" due to dont_use attribute.
ABC: Scl_LibertyReadGenlib() skipped cell "LOGIC0_X1" due to dont_use attribute.
ABC: Scl_LibertyReadGenlib() skipped cell "LOGIC1_X1" due to dont_use attribute.
ABC: Scl_LibertyReadGenlib() skipped sequential cell "SDFFRS_X1".
ABC: Scl_LibertyReadGenlib() skipped sequential cell "SDFFRS_X2".
ABC: Scl_LibertyReadGenlib() skipped sequential cell "SDFFR_X1".
ABC: Scl_LibertyReadGenlib() skipped sequential cell "SDFFR_X2".
ABC: Scl_LibertyReadGenlib() skipped sequential cell "SDFFS_X1".
ABC: Scl_LibertyReadGenlib() skipped sequential cell "SDFFS_X2".
ABC: Scl_LibertyReadGenlib() skipped sequential cell "SDFF_X1".
ABC: Scl_LibertyReadGenlib() skipped sequential cell "SDFF_X2".
ABC: Scl_LibertyReadGenlib() skipped three-state cell "TBUF_X1".
ABC: Scl_LibertyReadGenlib() skipped three-state cell "TBUF_X2".
ABC: Scl_LibertyReadGenlib() skipped three-state cell "TBUF_X4".
ABC: Scl_LibertyReadGenlib() skipped three-state cell "TBUF_X8".
ABC: Scl_LibertyReadGenlib() skipped three-state cell "TBUF_X16".
ABC: Scl_LibertyReadGenlib() skipped three-state cell "TINV_X1".
ABC: Scl_LibertyReadGenlib() skipped sequential cell "TLAT_X1".
ABC: Library "NangateOpenCellLibrary" from "/home/kit/OpenROAD-flow-scripts/flow/platforms/nangate45/lib/NangateOpenCellLibrary_typical.lib" has 90 cells (35 skipped: 21 seq; 6 tri-state; 8 no func; 10 dont_use).  Time =     0.04 sec
ABC: Memory =   11.38 MB. Time =     0.04 sec
ABC: Warning: Detected 2 multi-output gates (for example, "FA_X1").
ABC: + source /home/kit/kimi-chip/experiments/x7/flow/abc_y3_close.script 
ABC: Current delay (1317.76 ps) does not exceed the target delay (2000.00 ps). Upsizing is not performed.
ABC: WireLoad = "none"  Gates =  19434 ( 12.2 %)   Cap =  3.5 ff (  0.2 %)   Area =    21613.83 ( 98.5 %)   Delay =  1331.09 ps  (  4.4 %)               
ABC: + write_blif <abc-temp-dir>/output.blif 

24.9.2. Re-integrating ABC results.
ABC RESULTS:          OAI22_X1 cells:        2
ABC RESULTS:         OAI221_X1 cells:        7
ABC RESULTS:            OR4_X1 cells:        2
ABC RESULTS:           AND4_X1 cells:        6
ABC RESULTS:         CLKBUF_X1 cells:       79
ABC RESULTS:            BUF_X1 cells:      296
ABC RESULTS:            OR3_X1 cells:       27
ABC RESULTS:         OAI211_X1 cells:       87
ABC RESULTS:           AND3_X1 cells:       22
ABC RESULTS:         AOI211_X1 cells:       23
ABC RESULTS:           XOR2_X1 cells:     2077
ABC RESULTS:          NAND4_X1 cells:      126
ABC RESULTS:          NAND3_X1 cells:      226
ABC RESULTS:            OR2_X1 cells:      128
ABC RESULTS:           AND2_X1 cells:      276
ABC RESULTS:           NOR4_X1 cells:       94
ABC RESULTS:          XNOR2_X1 cells:     4197
ABC RESULTS:           MUX2_X1 cells:      340
ABC RESULTS:          AOI22_X1 cells:       18
ABC RESULTS:           NOR3_X1 cells:      256
ABC RESULTS:            INV_X1 cells:     1992
ABC RESULTS:           NOR2_X1 cells:     2266
ABC RESULTS:          OAI21_X1 cells:     1733
ABC RESULTS:          NAND2_X1 cells:     3853
ABC RESULTS:          AOI21_X1 cells:     1301
ABC RESULTS:        internal signals:    75572
ABC RESULTS:           input signals:     1388
ABC RESULTS:          output signals:      913
Removing temp directory.

24.10. Extracting gate netlist of module `\weight_sram' to `<abc-temp-dir>/input.blif'..
Extracted 996 gates and 2563 wires to a netlist network with 1565 inputs and 946 outputs.

24.10.1. Executing ABC.
Running ABC command: "<yosys-exe-dir>/yosys-abc" -s -f <abc-temp-dir>/abc.script 2>&1
ABC: ABC command line: "source <abc-temp-dir>/abc.script".
ABC: 
ABC: + read_blif <abc-temp-dir>/input.blif 
ABC: + read_lib -w /home/kit/OpenROAD-flow-scripts/flow/platforms/nangate45/lib/NangateOpenCellLibrary_typical.lib 
ABC: Parsing finished successfully.  Parsing time =     0.03 sec
ABC: Scl_LibertyReadGenlib() skipped cell "ANTENNA_X1" due to dont_use attribute.
ABC: Scl_LibertyReadGenlib() skipped cell "CLKGATETST_X1" without logic function.
ABC: Scl_LibertyReadGenlib() skipped cell "CLKGATETST_X2" without logic function.
ABC: Scl_LibertyReadGenlib() skipped cell "CLKGATETST_X4" without logic function.
ABC: Scl_LibertyReadGenlib() skipped cell "CLKGATETST_X8" without logic function.
ABC: Scl_LibertyReadGenlib() skipped cell "CLKGATE_X1" without logic function.
ABC: Scl_LibertyReadGenlib() skipped cell "CLKGATE_X2" without logic function.
ABC: Scl_LibertyReadGenlib() skipped cell "CLKGATE_X4" without logic function.
ABC: Scl_LibertyReadGenlib() skipped cell "CLKGATE_X8" without logic function.
ABC: Scl_LibertyReadGenlib() skipped sequential cell "DFFRS_X1".
ABC: Scl_LibertyReadGenlib() skipped sequential cell "DFFRS_X2".
ABC: Scl_LibertyReadGenlib() skipped sequential cell "DFFR_X1".
ABC: Scl_LibertyReadGenlib() skipped sequential cell "DFFR_X2".
ABC: Scl_LibertyReadGenlib() skipped sequential cell "DFFS_X1".
ABC: Scl_LibertyReadGenlib() skipped sequential cell "DFFS_X2".
ABC: Scl_LibertyReadGenlib() skipped sequential cell "DFF_X1".
ABC: Scl_LibertyReadGenlib() skipped sequential cell "DFF_X2".
ABC: Scl_LibertyReadGenlib() skipped sequential cell "DLH_X1".
ABC: Scl_LibertyReadGenlib() skipped sequential cell "DLH_X2".
ABC: Scl_LibertyReadGenlib() skipped sequential cell "DLL_X1".
ABC: Scl_LibertyReadGenlib() skipped sequential cell "DLL_X2".
ABC: Scl_LibertyReadGenlib() skipped cell "FILLCELL_X1" due to dont_use attribute.
ABC: Scl_LibertyReadGenlib() skipped cell "TAPCELL_X1" due to dont_use attribute.
ABC: Scl_LibertyReadGenlib() skipped cell "FILLCELL_X2" due to dont_use attribute.
ABC: Scl_LibertyReadGenlib() skipped cell "FILLCELL_X4" due to dont_use attribute.
ABC: Scl_LibertyReadGenlib() skipped cell "FILLCELL_X8" due to dont_use attribute.
ABC: Scl_LibertyReadGenlib() skipped cell "FILLCELL_X16" due to dont_use attribute.
ABC: Scl_LibertyReadGenlib() skipped cell "FILLCELL_X32" due to dont_use attribute.
ABC: Scl_LibertyReadGenlib() skipped cell "LOGIC0_X1" due to dont_use attribute.
ABC: Scl_LibertyReadGenlib() skipped cell "LOGIC1_X1" due to dont_use attribute.
ABC: Scl_LibertyReadGenlib() skipped sequential cell "SDFFRS_X1".
ABC: Scl_LibertyReadGenlib() skipped sequential cell "SDFFRS_X2".
ABC: Scl_LibertyReadGenlib() skipped sequential cell "SDFFR_X1".
ABC: Scl_LibertyReadGenlib() skipped sequential cell "SDFFR_X2".
ABC: Scl_LibertyReadGenlib() skipped sequential cell "SDFFS_X1".
ABC: Scl_LibertyReadGenlib() skipped sequential cell "SDFFS_X2".
ABC: Scl_LibertyReadGenlib() skipped sequential cell "SDFF_X1".
ABC: Scl_LibertyReadGenlib() skipped sequential cell "SDFF_X2".
ABC: Scl_LibertyReadGenlib() skipped three-state cell "TBUF_X1".
ABC: Scl_LibertyReadGenlib() skipped three-state cell "TBUF_X2".
ABC: Scl_LibertyReadGenlib() skipped three-state cell "TBUF_X4".
ABC: Scl_LibertyReadGenlib() skipped three-state cell "TBUF_X8".
ABC: Scl_LibertyReadGenlib() skipped three-state cell "TBUF_X16".
ABC: Scl_LibertyReadGenlib() skipped three-state cell "TINV_X1".
ABC: Scl_LibertyReadGenlib() skipped sequential cell "TLAT_X1".
ABC: Library "NangateOpenCellLibrary" from "/home/kit/OpenROAD-flow-scripts/flow/platforms/nangate45/lib/NangateOpenCellLibrary_typical.lib" has 90 cells (35 skipped: 21 seq; 6 tri-state; 8 no func; 10 dont_use).  Time =     0.04 sec
ABC: Memory =   11.38 MB. Time =     0.04 sec
ABC: Warning: Detected 2 multi-output gates (for example, "FA_X1").
ABC: + source /home/kit/kimi-chip/experiments/x7/flow/abc_y3_close.script 
ABC: Current delay (212.04 ps) does not exceed the target delay (2000.00 ps). Upsizing is not performed.
ABC: WireLoad = "none"  Gates =    984 (  2.6 %)   Cap =  1.4 ff (  0.2 %)   Area =     1761.45 ( 98.4 %)   Delay =   230.76 ps  ( 12.3 %)               
ABC: + write_blif <abc-temp-dir>/output.blif 

24.10.2. Re-integrating ABC results.
ABC RESULTS:           NOR2_X1 cells:       20
ABC RESULTS:            BUF_X1 cells:       16
ABC RESULTS:           MUX2_X1 cells:      914
ABC RESULTS:            INV_X1 cells:       10
ABC RESULTS:          NAND3_X1 cells:        8
ABC RESULTS:          OAI21_X1 cells:       16
ABC RESULTS:        internal signals:       52
ABC RESULTS:           input signals:     1565
ABC RESULTS:          output signals:      946
Removing temp directory.

24.11. Extracting gate netlist of module `\x7_controller' to `<abc-temp-dir>/input.blif'..
Extracted 179 gates and 228 wires to a netlist network with 47 inputs and 23 outputs.

24.11.1. Executing ABC.
Running ABC command: "<yosys-exe-dir>/yosys-abc" -s -f <abc-temp-dir>/abc.script 2>&1
ABC: ABC command line: "source <abc-temp-dir>/abc.script".
ABC: 
ABC: + read_blif <abc-temp-dir>/input.blif 
ABC: + read_lib -w /home/kit/OpenROAD-flow-scripts/flow/platforms/nangate45/lib/NangateOpenCellLibrary_typical.lib 
ABC: Parsing finished successfully.  Parsing time =     0.03 sec
ABC: Scl_LibertyReadGenlib() skipped cell "ANTENNA_X1" due to dont_use attribute.
ABC: Scl_LibertyReadGenlib() skipped cell "CLKGATETST_X1" without logic function.
ABC: Scl_LibertyReadGenlib() skipped cell "CLKGATETST_X2" without logic function.
ABC: Scl_LibertyReadGenlib() skipped cell "CLKGATETST_X4" without logic function.
ABC: Scl_LibertyReadGenlib() skipped cell "CLKGATETST_X8" without logic function.
ABC: Scl_LibertyReadGenlib() skipped cell "CLKGATE_X1" without logic function.
ABC: Scl_LibertyReadGenlib() skipped cell "CLKGATE_X2" without logic function.
ABC: Scl_LibertyReadGenlib() skipped cell "CLKGATE_X4" without logic function.
ABC: Scl_LibertyReadGenlib() skipped cell "CLKGATE_X8" without logic function.
ABC: Scl_LibertyReadGenlib() skipped sequential cell "DFFRS_X1".
ABC: Scl_LibertyReadGenlib() skipped sequential cell "DFFRS_X2".
ABC: Scl_LibertyReadGenlib() skipped sequential cell "DFFR_X1".
ABC: Scl_LibertyReadGenlib() skipped sequential cell "DFFR_X2".
ABC: Scl_LibertyReadGenlib() skipped sequential cell "DFFS_X1".
ABC: Scl_LibertyReadGenlib() skipped sequential cell "DFFS_X2".
ABC: Scl_LibertyReadGenlib() skipped sequential cell "DFF_X1".
ABC: Scl_LibertyReadGenlib() skipped sequential cell "DFF_X2".
ABC: Scl_LibertyReadGenlib() skipped sequential cell "DLH_X1".
ABC: Scl_LibertyReadGenlib() skipped sequential cell "DLH_X2".
ABC: Scl_LibertyReadGenlib() skipped sequential cell "DLL_X1".
ABC: Scl_LibertyReadGenlib() skipped sequential cell "DLL_X2".
ABC: Scl_LibertyReadGenlib() skipped cell "FILLCELL_X1" due to dont_use attribute.
ABC: Scl_LibertyReadGenlib() skipped cell "TAPCELL_X1" due to dont_use attribute.
ABC: Scl_LibertyReadGenlib() skipped cell "FILLCELL_X2" due to dont_use attribute.
ABC: Scl_LibertyReadGenlib() skipped cell "FILLCELL_X4" due to dont_use attribute.
ABC: Scl_LibertyReadGenlib() skipped cell "FILLCELL_X8" due to dont_use attribute.
ABC: Scl_LibertyReadGenlib() skipped cell "FILLCELL_X16" due to dont_use attribute.
ABC: Scl_LibertyReadGenlib() skipped cell "FILLCELL_X32" due to dont_use attribute.
ABC: Scl_LibertyReadGenlib() skipped cell "LOGIC0_X1" due to dont_use attribute.
ABC: Scl_LibertyReadGenlib() skipped cell "LOGIC1_X1" due to dont_use attribute.
ABC: Scl_LibertyReadGenlib() skipped sequential cell "SDFFRS_X1".
ABC: Scl_LibertyReadGenlib() skipped sequential cell "SDFFRS_X2".
ABC: Scl_LibertyReadGenlib() skipped sequential cell "SDFFR_X1".
ABC: Scl_LibertyReadGenlib() skipped sequential cell "SDFFR_X2".
ABC: Scl_LibertyReadGenlib() skipped sequential cell "SDFFS_X1".
ABC: Scl_LibertyReadGenlib() skipped sequential cell "SDFFS_X2".
ABC: Scl_LibertyReadGenlib() skipped sequential cell "SDFF_X1".
ABC: Scl_LibertyReadGenlib() skipped sequential cell "SDFF_X2".
ABC: Scl_LibertyReadGenlib() skipped three-state cell "TBUF_X1".
ABC: Scl_LibertyReadGenlib() skipped three-state cell "TBUF_X2".
ABC: Scl_LibertyReadGenlib() skipped three-state cell "TBUF_X4".
ABC: Scl_LibertyReadGenlib() skipped three-state cell "TBUF_X8".
ABC: Scl_LibertyReadGenlib() skipped three-state cell "TBUF_X16".
ABC: Scl_LibertyReadGenlib() skipped three-state cell "TINV_X1".
ABC: Scl_LibertyReadGenlib() skipped sequential cell "TLAT_X1".
ABC: Library "NangateOpenCellLibrary" from "/home/kit/OpenROAD-flow-scripts/flow/platforms/nangate45/lib/NangateOpenCellLibrary_typical.lib" has 90 cells (35 skipped: 21 seq; 6 tri-state; 8 no func; 10 dont_use).  Time =     0.04 sec
ABC: Memory =   11.38 MB. Time =     0.04 sec
ABC: Warning: Detected 2 multi-output gates (for example, "FA_X1").
ABC: + source /home/kit/kimi-chip/experiments/x7/flow/abc_y3_close.script 
ABC: Current delay (272.78 ps) does not exceed the target delay (2000.00 ps). Upsizing is not performed.
ABC: WireLoad = "none"  Gates =    101 ( 15.8 %)   Cap =  2.3 ff (  0.2 %)   Area =       98.69 ( 98.0 %)   Delay =   277.66 ps  ( 31.7 %)               
ABC: + write_blif <abc-temp-dir>/output.blif 

24.11.2. Re-integrating ABC results.
ABC RESULTS:         CLKBUF_X1 cells:        1
ABC RESULTS:           AND2_X1 cells:        4
ABC RESULTS:           NOR4_X1 cells:        2
ABC RESULTS:            BUF_X1 cells:        2
ABC RESULTS:           NOR3_X1 cells:        1
ABC RESULTS:          NAND4_X1 cells:        2
ABC RESULTS:           AND4_X1 cells:        1
ABC RESULTS:           XOR2_X1 cells:        4
ABC RESULTS:          NAND3_X1 cells:        3
ABC RESULTS:            INV_X1 cells:       13
ABC RESULTS:          XNOR2_X1 cells:       14
ABC RESULTS:           NOR2_X1 cells:       26
ABC RESULTS:          NAND2_X1 cells:       20
ABC RESULTS:          AOI21_X1 cells:        8
ABC RESULTS:        internal signals:      158
ABC RESULTS:           input signals:       47
ABC RESULTS:          output signals:       23
Removing temp directory.

24.12. Extracting gate netlist of module `\x7_top' to `<abc-temp-dir>/input.blif'..
Extracted 11986 gates and 14285 wires to a netlist network with 2296 inputs and 1403 outputs.

24.12.1. Executing ABC.
Running ABC command: "<yosys-exe-dir>/yosys-abc" -s -f <abc-temp-dir>/abc.script 2>&1
ABC: ABC command line: "source <abc-temp-dir>/abc.script".
ABC: 
ABC: + read_blif <abc-temp-dir>/input.blif 
ABC: + read_lib -w /home/kit/OpenROAD-flow-scripts/flow/platforms/nangate45/lib/NangateOpenCellLibrary_typical.lib 
ABC: Parsing finished successfully.  Parsing time =     0.03 sec
ABC: Scl_LibertyReadGenlib() skipped cell "ANTENNA_X1" due to dont_use attribute.
ABC: Scl_LibertyReadGenlib() skipped cell "CLKGATETST_X1" without logic function.
ABC: Scl_LibertyReadGenlib() skipped cell "CLKGATETST_X2" without logic function.
ABC: Scl_LibertyReadGenlib() skipped cell "CLKGATETST_X4" without logic function.
ABC: Scl_LibertyReadGenlib() skipped cell "CLKGATETST_X8" without logic function.
ABC: Scl_LibertyReadGenlib() skipped cell "CLKGATE_X1" without logic function.
ABC: Scl_LibertyReadGenlib() skipped cell "CLKGATE_X2" without logic function.
ABC: Scl_LibertyReadGenlib() skipped cell "CLKGATE_X4" without logic function.
ABC: Scl_LibertyReadGenlib() skipped cell "CLKGATE_X8" without logic function.
ABC: Scl_LibertyReadGenlib() skipped sequential cell "DFFRS_X1".
ABC: Scl_LibertyReadGenlib() skipped sequential cell "DFFRS_X2".
ABC: Scl_LibertyReadGenlib() skipped sequential cell "DFFR_X1".
ABC: Scl_LibertyReadGenlib() skipped sequential cell "DFFR_X2".
ABC: Scl_LibertyReadGenlib() skipped sequential cell "DFFS_X1".
ABC: Scl_LibertyReadGenlib() skipped sequential cell "DFFS_X2".
ABC: Scl_LibertyReadGenlib() skipped sequential cell "DFF_X1".
ABC: Scl_LibertyReadGenlib() skipped sequential cell "DFF_X2".
ABC: Scl_LibertyReadGenlib() skipped sequential cell "DLH_X1".
ABC: Scl_LibertyReadGenlib() skipped sequential cell "DLH_X2".
ABC: Scl_LibertyReadGenlib() skipped sequential cell "DLL_X1".
ABC: Scl_LibertyReadGenlib() skipped sequential cell "DLL_X2".
ABC: Scl_LibertyReadGenlib() skipped cell "FILLCELL_X1" due to dont_use attribute.
ABC: Scl_LibertyReadGenlib() skipped cell "TAPCELL_X1" due to dont_use attribute.
ABC: Scl_LibertyReadGenlib() skipped cell "FILLCELL_X2" due to dont_use attribute.
ABC: Scl_LibertyReadGenlib() skipped cell "FILLCELL_X4" due to dont_use attribute.
ABC: Scl_LibertyReadGenlib() skipped cell "FILLCELL_X8" due to dont_use attribute.
ABC: Scl_LibertyReadGenlib() skipped cell "FILLCELL_X16" due to dont_use attribute.
ABC: Scl_LibertyReadGenlib() skipped cell "FILLCELL_X32" due to dont_use attribute.
ABC: Scl_LibertyReadGenlib() skipped cell "LOGIC0_X1" due to dont_use attribute.
ABC: Scl_LibertyReadGenlib() skipped cell "LOGIC1_X1" due to dont_use attribute.
ABC: Scl_LibertyReadGenlib() skipped sequential cell "SDFFRS_X1".
ABC: Scl_LibertyReadGenlib() skipped sequential cell "SDFFRS_X2".
ABC: Scl_LibertyReadGenlib() skipped sequential cell "SDFFR_X1".
ABC: Scl_LibertyReadGenlib() skipped sequential cell "SDFFR_X2".
ABC: Scl_LibertyReadGenlib() skipped sequential cell "SDFFS_X1".
ABC: Scl_LibertyReadGenlib() skipped sequential cell "SDFFS_X2".
ABC: Scl_LibertyReadGenlib() skipped sequential cell "SDFF_X1".
ABC: Scl_LibertyReadGenlib() skipped sequential cell "SDFF_X2".
ABC: Scl_LibertyReadGenlib() skipped three-state cell "TBUF_X1".
ABC: Scl_LibertyReadGenlib() skipped three-state cell "TBUF_X2".
ABC: Scl_LibertyReadGenlib() skipped three-state cell "TBUF_X4".
ABC: Scl_LibertyReadGenlib() skipped three-state cell "TBUF_X8".
ABC: Scl_LibertyReadGenlib() skipped three-state cell "TBUF_X16".
ABC: Scl_LibertyReadGenlib() skipped three-state cell "TINV_X1".
ABC: Scl_LibertyReadGenlib() skipped sequential cell "TLAT_X1".
ABC: Library "NangateOpenCellLibrary" from "/home/kit/OpenROAD-flow-scripts/flow/platforms/nangate45/lib/NangateOpenCellLibrary_typical.lib" has 90 cells (35 skipped: 21 seq; 6 tri-state; 8 no func; 10 dont_use).  Time =     0.04 sec
ABC: Memory =   11.38 MB. Time =     0.04 sec
ABC: Warning: Detected 2 multi-output gates (for example, "FA_X1").
ABC: + source /home/kit/kimi-chip/experiments/x7/flow/abc_y3_close.script 
ABC: Current delay (521.60 ps) does not exceed the target delay (2000.00 ps). Upsizing is not performed.
ABC: WireLoad = "none"  Gates =   4153 ( 20.4 %)   Cap =  2.3 ff (  0.8 %)   Area =     4837.21 ( 92.4 %)   Delay =   531.10 ps  (  0.5 %)               
ABC: + write_blif <abc-temp-dir>/output.blif 

24.12.2. Re-integrating ABC results.
ABC RESULTS:            OR4_X1 cells:        2
ABC RESULTS:            OR2_X1 cells:        3
ABC RESULTS:           MUX2_X1 cells:      920
ABC RESULTS:           AND4_X1 cells:       66
ABC RESULTS:         CLKBUF_X1 cells:       97
ABC RESULTS:           NOR4_X1 cells:        7
ABC RESULTS:            BUF_X1 cells:      315
ABC RESULTS:          OAI22_X1 cells:       66
ABC RESULTS:          AOI22_X1 cells:      137
ABC RESULTS:           NOR3_X1 cells:       60
ABC RESULTS:           AND3_X1 cells:       11
ABC RESULTS:         AOI211_X1 cells:        5
ABC RESULTS:          NAND2_X1 cells:      440
ABC RESULTS:           NOR2_X1 cells:       45
ABC RESULTS:           XOR2_X1 cells:        9
ABC RESULTS:          XNOR2_X1 cells:       19
ABC RESULTS:          NAND4_X1 cells:      149
ABC RESULTS:           AND2_X1 cells:      270
ABC RESULTS:         OAI211_X1 cells:       13
ABC RESULTS:          OAI21_X1 cells:      432
ABC RESULTS:            INV_X1 cells:      435
ABC RESULTS:          NAND3_X1 cells:      277
ABC RESULTS:          AOI21_X1 cells:      375
ABC RESULTS:        internal signals:    10586
ABC RESULTS:           input signals:     2296
ABC RESULTS:          output signals:     1403
Removing temp directory.

25. Executing OPT_CLEAN pass (remove unused cells and wires).
Finding unused cells or wires in module \activation_sram..
Finding unused cells or wires in module \conv_unit_serial..
Finding unused cells or wires in module \intermediate_sram..
Finding unused cells or wires in module \mac_array_16x16..
Finding unused cells or wires in module \requant..
Finding unused cells or wires in module \state_sram..
Finding unused cells or wires in module \state_stream_controller..
Finding unused cells or wires in module \state_word_engine..
Finding unused cells or wires in module \streaming_norm..
Finding unused cells or wires in module \weight_sram..
Finding unused cells or wires in module \x7_controller..
Finding unused cells or wires in module \x7_top..
Removed 0 unused cells and 72821 unused wires.
<suppressed ~145 debug messages>

26. Printing statistics.

=== activation_sram ===

   Number of wires:                689
   Number of wire bits:           1467
   Number of public wires:          19
   Number of public wire bits:     795
   Number of memories:               0
   Number of memory bits:            0
   Number of processes:              0
   Number of cells:                930
     AOI22_X1                      128
     BUF_X1                         54
     DFF_X1                          2
     INV_X1                         68
     MUX2_X1                       274
     NAND2_X1                      136
     NAND3_X1                        2
     OAI21_X1                      258
     OAI22_X1                        2
     OR2_X1                          2
     fakeram45_512x64                4

   Area for cell type \fakeram45_512x64 is unknown!

   Chip area for module '\activation_sram': 1158.696000

=== conv_unit_serial ===

   Number of wires:               3871
   Number of wire bits:           3988
   Number of public wires:          11
   Number of public wire bits:     128
   Number of memories:               0
   Number of memory bits:            0
   Number of processes:              0
   Number of cells:               3860
     AND2_X1                        79
     AND3_X1                        17
     AND4_X1                         3
     AOI211_X1                       8
     AOI21_X1                      388
     BUF_X1                         29
     CLKBUF_X1                       7
     DFF_X1                         17
     INV_X1                        283
     MUX2_X1                         8
     NAND2_X1                      826
     NAND3_X1                       74
     NAND4_X1                       16
     NOR2_X1                       542
     NOR3_X1                        67
     NOR4_X1                         1
     OAI211_X1                      22
     OAI21_X1                      160
     OAI221_X1                       2
     OR2_X1                          6
     OR3_X1                          1
     OR4_X1                          1
     XNOR2_X1                      707
     XOR2_X1                       596

   Chip area for module '\conv_unit_serial': 4361.868000

=== intermediate_sram ===

   Number of wires:               2196
   Number of wire bits:           3278
   Number of public wires:          22
   Number of public wire bits:    1096
   Number of memories:               0
   Number of memory bits:            0
   Number of processes:              0
   Number of cells:               2186
     AOI21_X1                       20
     BUF_X1                        109
     CLKBUF_X1                       1
     DFF_X1                        490
     INV_X1                        246
     MUX2_X1                        32
     NAND2_X1                      492
     NAND4_X1                       56
     NOR2_X1                         8
     NOR3_X1                         8
     OAI21_X1                      712
     OR2_X1                          8
     fakeram45_512x64                4

   Area for cell type \fakeram45_512x64 is unknown!

   Chip area for module '\intermediate_sram': 3763.368000

=== mac_array_16x16 ===

   Number of wires:              21372
   Number of wire bits:          22065
   Number of public wires:          21
   Number of public wire bits:     714
   Number of memories:               0
   Number of memory bits:            0
   Number of processes:              0
   Number of cells:              21351
     AND2_X1                       483
     AND3_X1                        42
     AND4_X1                        24
     AOI211_X1                       8
     AOI21_X1                     1783
     BUF_X1                        150
     CLKBUF_X1                      32
     DFF_X1                        172
     INV_X1                       1884
     NAND2_X1                     4325
     NAND3_X1                      189
     NAND4_X1                       74
     NOR2_X1                      2620
     NOR3_X1                       259
     NOR4_X1                        15
     OAI211_X1                     189
     OAI21_X1                     1096
     OAI221_X1                       4
     OR2_X1                         31
     OR3_X1                         32
     OR4_X1                          1
     XNOR2_X1                     4706
     XOR2_X1                      3232

   Chip area for module '\mac_array_16x16': 24748.374000

=== requant ===

   Number of wires:                 44
   Number of wire bits:             97
   Number of public wires:           3
   Number of public wire bits:      56
   Number of memories:               0
   Number of memory bits:            0
   Number of processes:              0
   Number of cells:                 49
     AOI21_X1                        3
     INV_X1                         19
     NAND2_X1                        4
     NAND4_X1                        3
     NOR2_X1                         3
     NOR4_X1                         6
     OAI21_X1                       10
     OAI221_X1                       1

   Chip area for module '\requant': 43.092000

=== state_sram ===

   Number of wires:                522
   Number of wire bits:           2193
   Number of public wires:          55
   Number of public wire bits:    1725
   Number of memories:               0
   Number of memory bits:            0
   Number of processes:              0
   Number of cells:               1331
     AOI21_X1                        9
     AOI22_X1                      192
     BUF_X1                         98
     DFF_X1                          1
     INV_X1                         20
     MUX2_X1                       612
     NAND2_X1                      322
     NAND3_X1                        8
     NOR2_X1                        15
     OAI21_X1                       46
     fakeram45_512x64                8

   Area for cell type \fakeram45_512x64 is unknown!

   Chip area for module '\state_sram': 1824.228000

=== state_stream_controller ===

   Number of wires:              17784
   Number of wire bits:          24440
   Number of public wires:         318
   Number of public wire bits:    6949
   Number of memories:               0
   Number of memory bits:            0
   Number of processes:              0
   Number of cells:              17799
     AND2_X1                       210
     AND3_X1                         2
     AND4_X1                         5
     AOI211_X1                      19
     AOI21_X1                     1296
     AOI22_X1                        6
     BUF_X1                        752
     CLKBUF_X1                      83
     DFFR_X1                      2311
     DFFS_X1                         1
     INV_X1                       2355
     MUX2_X1                      1045
     NAND2_X1                     2370
     NAND3_X1                     1008
     NAND4_X1                      185
     NOR2_X1                      1150
     NOR3_X1                       137
     NOR4_X1                       165
     OAI211_X1                     212
     OAI21_X1                     2208
     OAI221_X1                     224
     OAI22_X1                        6
     OR2_X1                         53
     OR3_X1                          3
     OR4_X1                         33
     XNOR2_X1                     1446
     XOR2_X1                       513
     state_word_engine               1

   Area for cell type \state_word_engine is unknown!

   Chip area for module '\state_stream_controller': 28540.204000

=== state_word_engine ===

   Number of wires:              26143
   Number of wire bits:          28535
   Number of public wires:         182
   Number of public wire bits:    2574
   Number of memories:               0
   Number of memory bits:            0
   Number of processes:              0
   Number of cells:              25961
     AND2_X1                       490
     AND3_X1                         8
     AOI211_X1                       9
     AOI21_X1                     1758
     BUF_X1                        480
     CLKBUF_X1                     137
     DFFR_X1                       262
     DFF_X1                       1036
     INV_X1                       2149
     MUX2_X1                       364
     NAND2_X1                     5025
     NAND3_X1                      131
     NAND4_X1                       61
     NOR2_X1                      2902
     NOR3_X1                       198
     NOR4_X1                        40
     OAI211_X1                     122
     OAI21_X1                     2240
     OAI221_X1                       9
     OR2_X1                         49
     OR3_X1                         25
     OR4_X1                          8
     XNOR2_X1                     5320
     XOR2_X1                      3138

   Chip area for module '\state_word_engine': 33773.754000

=== streaming_norm ===

   Number of wires:              20459
   Number of wire bits:          22395
   Number of public wires:         132
   Number of public wire bits:    2068
   Number of memories:               0
   Number of memory bits:            0
   Number of processes:              0
   Number of cells:              20337
     AND2_X1                       276
     AND3_X1                        22
     AND4_X1                         6
     AOI211_X1                      23
     AOI21_X1                     1301
     AOI22_X1                       18
     BUF_X1                        296
     CLKBUF_X1                      79
     DFFR_X1                       340
     DFFS_X1                         1
     DFF_X1                        562
     INV_X1                       1992
     MUX2_X1                       340
     NAND2_X1                     3853
     NAND3_X1                      226
     NAND4_X1                      126
     NOR2_X1                      2266
     NOR3_X1                       256
     NOR4_X1                        94
     OAI211_X1                      87
     OAI21_X1                     1733
     OAI221_X1                       7
     OAI22_X1                        2
     OR2_X1                        128
     OR3_X1                         27
     OR4_X1                          2
     XNOR2_X1                     4197
     XOR2_X1                      2077

   Chip area for module '\streaming_norm': 25969.314000

=== weight_sram ===

   Number of wires:               1020
   Number of wire bits:           3641
   Number of public wires:          46
   Number of public wire bits:    1902
   Number of memories:               0
   Number of memory bits:            0
   Number of processes:              0
   Number of cells:               1771
     BUF_X1                         16
     DFF_X1                        771
     INV_X1                         10
     MUX2_X1                       914
     NAND3_X1                        8
     NOR2_X1                        20
     OAI21_X1                       16
     fakeram45_512x64               16

   Area for cell type \fakeram45_512x64 is unknown!

   Chip area for module '\weight_sram': 5247.914000

=== x7_controller ===

   Number of wires:                129
   Number of wire bits:            156
   Number of public wires:           5
   Number of public wire bits:      32
   Number of memories:               0
   Number of memory bits:            0
   Number of processes:              0
   Number of cells:                124
     AND2_X1                         4
     AND4_X1                         1
     AOI21_X1                        8
     BUF_X1                          2
     CLKBUF_X1                       1
     DFF_X1                         23
     INV_X1                         13
     NAND2_X1                       20
     NAND3_X1                        3
     NAND4_X1                        2
     NOR2_X1                        26
     NOR3_X1                         1
     NOR4_X1                         2
     XNOR2_X1                       14
     XOR2_X1                         4

   Chip area for module '\x7_controller': 202.692000

=== x7_top ===

   Number of wires:               5066
   Number of wire bits:           8815
   Number of public wires:         119
   Number of public wire bits:    3864
   Number of memories:               0
   Number of memory bits:            0
   Number of processes:              0
   Number of cells:               5257
     AND2_X1                       270
     AND3_X1                        11
     AND4_X1                        66
     AOI211_X1                       5
     AOI21_X1                      375
     AOI22_X1                      137
     BUF_X1                        315
     CLKBUF_X1                      97
     DFFR_X1                       326
     DFFS_X1                         1
     DFF_X1                        768
     INV_X1                        435
     MUX2_X1                       920
     NAND2_X1                      440
     NAND3_X1                      277
     NAND4_X1                      149
     NOR2_X1                        45
     NOR3_X1                        60
     NOR4_X1                         7
     OAI211_X1                      13
     OAI21_X1                      432
     OAI22_X1                       66
     OR2_X1                          3
     OR4_X1                          2
     XNOR2_X1                       19
     XOR2_X1                         9
     activation_sram                 1
     conv_unit_serial                1
     intermediate_sram               1
     mac_array_16x16                 1
     requant                         1
     state_sram                      1
     state_stream_controller         1
     streaming_norm                  1
     weight_sram                     1

   Area for cell type \weight_sram is unknown!
   Area for cell type \state_sram is unknown!
   Area for cell type \activation_sram is unknown!
   Area for cell type \intermediate_sram is unknown!
   Area for cell type \requant is unknown!
   Area for cell type \mac_array_16x16 is unknown!
   Area for cell type \conv_unit_serial is unknown!
   Area for cell type \state_stream_controller is unknown!
   Area for cell type \streaming_norm is unknown!

   Chip area for module '\x7_top': 10049.746000

=== design hierarchy ===

   x7_top                            1
     activation_sram                 1
     conv_unit_serial                1
     intermediate_sram               1
     mac_array_16x16                 1
     requant                         1
     state_sram                      1
     state_stream_controller         1
       state_word_engine             1
     streaming_norm                  1
     weight_sram                     1

   Number of wires:              99166
   Number of wire bits:         120914
   Number of public wires:         928
   Number of public wire bits:   21871
   Number of memories:               0
   Number of memory bits:            0
   Number of processes:              0
   Number of cells:             100822
     AND2_X1                      1808
     AND3_X1                       102
     AND4_X1                       104
     AOI211_X1                      72
     AOI21_X1                     6933
     AOI22_X1                      481
     BUF_X1                       2299
     CLKBUF_X1                     436
     DFFR_X1                      3239
     DFFS_X1                         3
     DFF_X1                       3819
     INV_X1                       9461
     MUX2_X1                      4509
     NAND2_X1                    17793
     NAND3_X1                     1923
     NAND4_X1                      670
     NOR2_X1                      9571
     NOR3_X1                       985
     NOR4_X1                       328
     OAI211_X1                     645
     OAI21_X1                     8911
     OAI221_X1                     247
     OAI22_X1                       76
     OR2_X1                        280
     OR3_X1                         88
     OR4_X1                         47
     XNOR2_X1                    16395
     XOR2_X1                      9565
     fakeram45_512x64               32

   Area for cell type \fakeram45_512x64 is unknown!

   Chip area for top module '\x7_top': 139480.558000

27. Executing Verilog backend.

27.1. Executing BMUXMAP pass.

27.2. Executing DEMUXMAP pass.
Dumping module `\activation_sram'.
Dumping module `\conv_unit_serial'.
Dumping module `\intermediate_sram'.
Dumping module `\mac_array_16x16'.
Dumping module `\requant'.
Dumping module `\state_sram'.
Dumping module `\state_stream_controller'.
Dumping module `\state_word_engine'.
Dumping module `\streaming_norm'.
Dumping module `\weight_sram'.
Dumping module `\x7_controller'.
Dumping module `\x7_top'.

Warnings: 29 unique messages, 93 total
End of script. Logfile hash: 568dc64be2, CPU: user 18.33s system 0.74s, MEM: 767.62 MB peak
Yosys 0.33 (git sha1 2584903a060)
Time spent: 37% 1x abc (9 sec), 22% 23x opt_clean (5 sec), ...
