
 /----------------------------------------------------------------------------\
 |                                                                            |
 |  yosys -- Yosys Open SYnthesis Suite                                       |
 |                                                                            |
 |  Copyright (C) 2012 - 2020  Claire Xenia Wolf <claire@yosyshq.com>         |
 |                                                                            |
 |  Permission to use, copy, modify, and/or distribute this software for any  |
 |  purpose with or without fee is hereby granted, provided that the above    |
 |  copyright notice and this permission notice appear in all copies.         |
 |                                                                            |
 |  THE SOFTWARE IS PROVIDED "AS IS" AND THE AUTHOR DISCLAIMS ALL WARRANTIES  |
 |  WITH REGARD TO THIS SOFTWARE INCLUDING ALL IMPLIED WARRANTIES OF          |
 |  MERCHANTABILITY AND FITNESS. IN NO EVENT SHALL THE AUTHOR BE LIABLE FOR   |
 |  ANY SPECIAL, DIRECT, INDIRECT, OR CONSEQUENTIAL DAMAGES OR ANY DAMAGES    |
 |  WHATSOEVER RESULTING FROM LOSS OF USE, DATA OR PROFITS, WHETHER IN AN     |
 |  ACTION OF CONTRACT, NEGLIGENCE OR OTHER TORTIOUS ACTION, ARISING OUT OF   |
 |  OR IN CONNECTION WITH THE USE OR PERFORMANCE OF THIS SOFTWARE.            |
 |                                                                            |
 \----------------------------------------------------------------------------/

 Yosys 0.33 (git sha1 2584903a060)


-- Executing script file `flow/synth_y4.ys' --

1. Executing Verilog-2005 frontend: rtl/fakeram45_512x64.v
Parsing Verilog input from `rtl/fakeram45_512x64.v' to AST representation.
Generating RTLIL representation for module `\fakeram45_512x64'.
Successfully finished Verilog frontend.

2. Executing Verilog-2005 frontend: rtl/weight_sram.v
Parsing Verilog input from `rtl/weight_sram.v' to AST representation.
Generating RTLIL representation for module `\weight_sram'.
Successfully finished Verilog frontend.

3. Executing Verilog-2005 frontend: rtl/state_sram.v
Parsing Verilog input from `rtl/state_sram.v' to AST representation.
Generating RTLIL representation for module `\state_sram'.
Successfully finished Verilog frontend.

4. Executing Verilog-2005 frontend: rtl/activation_sram.v
Parsing Verilog input from `rtl/activation_sram.v' to AST representation.
Generating RTLIL representation for module `\activation_sram'.
Successfully finished Verilog frontend.

5. Executing Verilog-2005 frontend: rtl/intermediate_sram.v
Parsing Verilog input from `rtl/intermediate_sram.v' to AST representation.
Generating RTLIL representation for module `\intermediate_sram'.
Warning: Replacing memory \macro_wd with list of registers. See rtl/intermediate_sram.v:14
Warning: Replacing memory \pack with list of registers. See rtl/intermediate_sram.v:13
Successfully finished Verilog frontend.

6. Executing Verilog-2005 frontend: rtl/requant.v
Parsing Verilog input from `rtl/requant.v' to AST representation.
Generating RTLIL representation for module `\requant'.
Successfully finished Verilog frontend.

7. Executing Verilog-2005 frontend: rtl/mac_array_16x16.v
Parsing Verilog input from `rtl/mac_array_16x16.v' to AST representation.
Generating RTLIL representation for module `\mac_array_16x16'.
Warning: Replacing memory \s4 with list of registers. See rtl/mac_array_16x16.v:44
Warning: Replacing memory \s3 with list of registers. See rtl/mac_array_16x16.v:43
Warning: Replacing memory \s2 with list of registers. See rtl/mac_array_16x16.v:42
Warning: Replacing memory \s1 with list of registers. See rtl/mac_array_16x16.v:41
Warning: Replacing memory \p0 with list of registers. See rtl/mac_array_16x16.v:40
Successfully finished Verilog frontend.

8. Executing Verilog-2005 frontend: rtl/conv_unit_serial.v
Parsing Verilog input from `rtl/conv_unit_serial.v' to AST representation.
Generating RTLIL representation for module `\conv_unit_serial'.
Successfully finished Verilog frontend.

9. Executing Verilog-2005 frontend: rtl/state_word_engine.v
Parsing Verilog input from `rtl/state_word_engine.v' to AST representation.
Generating RTLIL representation for module `\state_word_engine'.
Warning: Replacing memory \coef4 with list of registers. See rtl/state_word_engine.v:66
Warning: Replacing memory \bkd3 with list of registers. See rtl/state_word_engine.v:62
Warning: Replacing memory \q3 with list of registers. See rtl/state_word_engine.v:62
Warning: Replacing memory \k3 with list of registers. See rtl/state_word_engine.v:62
Warning: Replacing memory \bkd_hi2 with list of registers. See rtl/state_word_engine.v:57
Warning: Replacing memory \bkd_lo2 with list of registers. See rtl/state_word_engine.v:56
Warning: Replacing memory \q2 with list of registers. See rtl/state_word_engine.v:54
Warning: Replacing memory \k2 with list of registers. See rtl/state_word_engine.v:54
Warning: Replacing memory \bk1 with list of registers. See rtl/state_word_engine.v:48
Warning: Replacing memory \sa1 with list of registers. See rtl/state_word_engine.v:47
Warning: Replacing memory \q1 with list of registers. See rtl/state_word_engine.v:46
Warning: Replacing memory \k1 with list of registers. See rtl/state_word_engine.v:46
Warning: Replacing memory \q0 with list of registers. See rtl/state_word_engine.v:41
Warning: Replacing memory \k0 with list of registers. See rtl/state_word_engine.v:41
Warning: Replacing memory \beta0 with list of registers. See rtl/state_word_engine.v:41
Warning: Replacing memory \alpha0 with list of registers. See rtl/state_word_engine.v:41
Successfully finished Verilog frontend.

10. Executing Verilog-2005 frontend: rtl/state_stream_controller.v
Parsing Verilog input from `rtl/state_stream_controller.v' to AST representation.
Generating RTLIL representation for module `\state_stream_controller'.
Warning: Replacing memory \acc with list of registers. See rtl/state_stream_controller.v:90
Successfully finished Verilog frontend.

11. Executing Verilog-2005 frontend: rtl/streaming_norm.v
Parsing Verilog input from `rtl/streaming_norm.v' to AST representation.
Generating RTLIL representation for module `\streaming_norm'.
Warning: Replacing memory \scale_r with list of registers. See rtl/streaming_norm.v:94
Successfully finished Verilog frontend.

12. Executing Verilog-2005 frontend: rtl/x7_controller.v
Parsing Verilog input from `rtl/x7_controller.v' to AST representation.
Generating RTLIL representation for module `\x7_controller'.
Successfully finished Verilog frontend.

13. Executing Verilog-2005 frontend: rtl/x7_top.v
Parsing Verilog input from `rtl/x7_top.v' to AST representation.
Generating RTLIL representation for module `\x7_top'.
Successfully finished Verilog frontend.

14. Executing HIERARCHY pass (managing design hierarchy).

14.1. Analyzing design hierarchy..
Top module:  \x7_top
Used module:     \streaming_norm
Used module:     \state_sram
Used module:     \state_stream_controller
Used module:         \state_word_engine
Used module:     \conv_unit_serial
Used module:     \intermediate_sram
Used module:     \requant
Used module:     \mac_array_16x16
Used module:     \weight_sram
Used module:     \activation_sram
Used module:     \x7_controller

14.2. Analyzing design hierarchy..
Top module:  \x7_top
Used module:     \streaming_norm
Used module:     \state_sram
Used module:     \state_stream_controller
Used module:         \state_word_engine
Used module:     \conv_unit_serial
Used module:     \intermediate_sram
Used module:     \requant
Used module:     \mac_array_16x16
Used module:     \weight_sram
Used module:     \activation_sram
Used module:     \x7_controller
Removed 0 unused modules.

15. Executing PROC pass (convert processes to netlists).

15.1. Executing PROC_CLEAN pass (remove empty switches from decision trees).
Found and cleaned up 1 empty switch in `\streaming_norm.$proc$rtl/streaming_norm.v:42$3035'.
Cleaned up 1 empty switch.

15.2. Executing PROC_RMDEAD pass (remove dead branches from decision trees).
Marked 14 switch rules as full_case in process $proc$rtl/x7_top.v:117$3641 in module x7_top.
Marked 13 switch rules as full_case in process $proc$rtl/x7_top.v:88$3621 in module x7_top.
Marked 2 switch rules as full_case in process $proc$rtl/x7_controller.v:6$3579 in module x7_controller.
Marked 91 switch rules as full_case in process $proc$rtl/streaming_norm.v:42$3035 in module streaming_norm.
Marked 1 switch rules as full_case in process $proc$rtl/streaming_norm.v:31$3034 in module streaming_norm.
Marked 212 switch rules as full_case in process $proc$rtl/state_stream_controller.v:86$1136 in module state_stream_controller.
Marked 10 switch rules as full_case in process $proc$rtl/state_stream_controller.v:61$1107 in module state_stream_controller.
Marked 1 switch rules as full_case in process $proc$rtl/state_stream_controller.v:43$1105 in module state_stream_controller.
Marked 46 switch rules as full_case in process $proc$rtl/state_word_engine.v:33$717 in module state_word_engine.
Marked 10 switch rules as full_case in process $proc$rtl/conv_unit_serial.v:24$646 in module conv_unit_serial.
Marked 9 switch rules as full_case in process $proc$rtl/mac_array_16x16.v:28$566 in module mac_array_16x16.
Marked 2 switch rules as full_case in process $proc$rtl/requant.v:4$554 in module requant.
Marked 4 switch rules as full_case in process $proc$rtl/intermediate_sram.v:10$460 in module intermediate_sram.
Removed 1 dead cases from process $proc$rtl/activation_sram.v:0$417 in module activation_sram.
Marked 1 switch rules as full_case in process $proc$rtl/activation_sram.v:0$417 in module activation_sram.
Removed 1 dead cases from process $proc$rtl/activation_sram.v:0$413 in module activation_sram.
Marked 1 switch rules as full_case in process $proc$rtl/activation_sram.v:0$413 in module activation_sram.
Removed 1 dead cases from process $proc$rtl/activation_sram.v:0$408 in module activation_sram.
Marked 1 switch rules as full_case in process $proc$rtl/activation_sram.v:0$408 in module activation_sram.
Removed 1 dead cases from process $proc$rtl/activation_sram.v:0$404 in module activation_sram.
Marked 1 switch rules as full_case in process $proc$rtl/activation_sram.v:0$404 in module activation_sram.
Removed 1 dead cases from process $proc$rtl/state_sram.v:0$321 in module state_sram.
Marked 1 switch rules as full_case in process $proc$rtl/state_sram.v:0$321 in module state_sram.
Removed 1 dead cases from process $proc$rtl/state_sram.v:0$316 in module state_sram.
Marked 1 switch rules as full_case in process $proc$rtl/state_sram.v:0$316 in module state_sram.
Removed 1 dead cases from process $proc$rtl/state_sram.v:0$311 in module state_sram.
Marked 1 switch rules as full_case in process $proc$rtl/state_sram.v:0$311 in module state_sram.
Removed 1 dead cases from process $proc$rtl/state_sram.v:0$306 in module state_sram.
Marked 1 switch rules as full_case in process $proc$rtl/state_sram.v:0$306 in module state_sram.
Marked 1 switch rules as full_case in process $proc$rtl/weight_sram.v:24$50 in module weight_sram.
Removed a total of 8 dead cases.

15.3. Executing PROC_PRUNE pass (remove redundant assignments in processes).
Removed 41 redundant assignments.
Promoted 573 assignments to connections.

15.4. Executing PROC_INIT pass (extract init attributes).

15.5. Executing PROC_ARST pass (detect async resets in processes).
Found async reset \rst_n in `\x7_top.$proc$rtl/x7_top.v:117$3641'.
Found async reset \rst_n in `\streaming_norm.$proc$rtl/streaming_norm.v:42$3035'.
Found async reset \rst_n in `\state_stream_controller.$proc$rtl/state_stream_controller.v:86$1136'.
Found async reset \rst_n in `\state_word_engine.$proc$rtl/state_word_engine.v:33$717'.
Found async reset \rst_n in `\conv_unit_serial.$proc$rtl/conv_unit_serial.v:24$646'.
Found async reset \rst_n in `\mac_array_16x16.$proc$rtl/mac_array_16x16.v:28$566'.

15.6. Executing PROC_ROM pass (convert switches to ROMs).
Converted 0 switches.
<suppressed ~462 debug messages>

15.7. Executing PROC_MUX pass (convert decision trees to multiplexers).
Creating decoders for process `\x7_top.$proc$rtl/x7_top.v:117$3641'.
     1/46: $4$lookahead\conv_gate_pack$3640[127:0]$3677
     2/46: $4$bitselwrite$data$rtl/x7_top.v:163$3584[127:0]$3675
     3/46: $4$bitselwrite$mask$rtl/x7_top.v:163$3583[127:0]$3674
     4/46: $4$bitselwrite$sel$rtl/x7_top.v:163$3585[31:0]$3676
     5/46: $3$lookahead\conv_gate_pack$3640[127:0]$3670
     6/46: $3$bitselwrite$sel$rtl/x7_top.v:163$3585[31:0]$3669
     7/46: $3$bitselwrite$data$rtl/x7_top.v:163$3584[127:0]$3668
     8/46: $3$bitselwrite$mask$rtl/x7_top.v:163$3583[127:0]$3667
     9/46: $2$lookahead\conv_gate_pack$3640[127:0]$3654
    10/46: $2$bitselwrite$sel$rtl/x7_top.v:163$3585[31:0]$3653
    11/46: $2$bitselwrite$data$rtl/x7_top.v:163$3584[127:0]$3652
    12/46: $2$bitselwrite$mask$rtl/x7_top.v:163$3583[127:0]$3651
    13/46: $1$lookahead\conv_gate_pack$3640[127:0]$3650
    14/46: $1$bitselwrite$sel$rtl/x7_top.v:163$3585[31:0]$3649
    15/46: $1$bitselwrite$data$rtl/x7_top.v:163$3584[127:0]$3648
    16/46: $1$bitselwrite$mask$rtl/x7_top.v:163$3583[127:0]$3647
    17/46: $0\norm_act_rd_valid[0:0]
    18/46: $0\norm_ivec_rd_valid_q2[0:0]
    19/46: $0\norm_ivec_rd_valid[0:0]
    20/46: $0\ss_ivec_rd_valid_q2[0:0]
    21/46: $0\ss_ivec_rd_valid[0:0]
    22/46: $0\ss_act_rd_valid[0:0]
    23/46: $0\ss_state_rd_valid[0:0]
    24/46: $0\out_index[2:0]
    25/46: $0\out_issue[3:0]
    26/46: $0\out_pending[0:0]
    27/46: $0\norm_started[0:0]
    28/46: $0\active_state[0:0]
    29/46: $0\norm_ivec_rdata_q[63:0]
    30/46: $0\norm_ivec_vec_q[1:0]
    31/46: $0\ss_ivec_rdata_q[63:0]
    32/46: $0\ss_ivec_vec_q[1:0]
    33/46: $0\conv_x_scalar[7:0]
    34/46: $0\conv_x_beat[127:0]
    35/46: $0\conv_channel[6:0]
    36/46: $0\conv_step[2:0]
    37/46: $0\proj_weight[255:0]
    38/46: $0\proj_window[255:0]
    39/46: $0\proj_low[127:0]
    40/46: $0\proj_results[7:0]
    41/46: $0\proj_index[8:0]
    42/46: $0\proj_sel[1:0]
    43/46: $0\proj_step[2:0]
    44/46: $0\input_beat[3:0]
    45/46: $0\fault[0:0]
    46/46: $0\phase[6:0]
Creating decoders for process `\x7_top.$proc$rtl/x7_top.v:88$3621'.
     1/50: $10\acta_addr[8:0]
     2/50: $4\acta_bank[0:0]
     3/50: $10\acta_en[0:0]
     4/50: $4\actb_wdata[127:0]
     5/50: $4\actb_addr[8:0]
     6/50: $4\actb_bank[0:0]
     7/50: $4\actb_we[0:0]
     8/50: $4\actb_en[0:0]
     9/50: $9\acta_addr[8:0]
    10/50: $3\acta_bank[0:0]
    11/50: $9\acta_en[0:0]
    12/50: $3\actb_wdata[127:0]
    13/50: $3\actb_addr[8:0]
    14/50: $3\actb_bank[0:0]
    15/50: $3\actb_we[0:0]
    16/50: $3\actb_en[0:0]
    17/50: $8\acta_addr[8:0]
    18/50: $2\acta_bank[0:0]
    19/50: $8\acta_en[0:0]
    20/50: $2\actb_wdata[127:0]
    21/50: $2\actb_addr[8:0]
    22/50: $2\actb_bank[0:0]
    23/50: $2\actb_we[0:0]
    24/50: $2\actb_en[0:0]
    25/50: $7\acta_addr[8:0]
    26/50: $7\acta_en[0:0]
    27/50: $6\acta_addr[8:0]
    28/50: $6\acta_en[0:0]
    29/50: $5\acta_addr[8:0]
    30/50: $5\acta_en[0:0]
    31/50: $4\acta_addr[8:0]
    32/50: $4\acta_en[0:0]
    33/50: $3\acta_wdata[127:0]
    34/50: $3\acta_addr[8:0]
    35/50: $3\acta_we[0:0]
    36/50: $3\acta_en[0:0]
    37/50: $2\acta_wdata[127:0]
    38/50: $2\acta_addr[8:0]
    39/50: $2\acta_we[0:0]
    40/50: $2\acta_en[0:0]
    41/50: $1\acta_wdata[127:0]
    42/50: $1\acta_addr[8:0]
    43/50: $1\acta_we[0:0]
    44/50: $1\acta_en[0:0]
    45/50: $1\actb_wdata[127:0]
    46/50: $1\actb_addr[8:0]
    47/50: $1\actb_bank[0:0]
    48/50: $1\actb_we[0:0]
    49/50: $1\actb_en[0:0]
    50/50: $1\acta_bank[0:0]
Creating decoders for process `\x7_controller.$proc$rtl/x7_controller.v:6$3579'.
     1/2: $0\phase_cycles[15:0]
     2/2: $0\phase_q[6:0]
Creating decoders for process `\streaming_norm.$proc$rtl/streaming_norm.v:42$3035'.
     1/396: $4\satadd8$func$rtl/streaming_norm.v:110$3033.$result[7:0]$3576
     2/396: $3\satadd8$func$rtl/streaming_norm.v:110$3033.$result[7:0]$3574
     3/396: $4\satadd8$func$rtl/streaming_norm.v:110$3032.$result[7:0]$3571
     4/396: $3\satadd8$func$rtl/streaming_norm.v:110$3032.$result[7:0]$3569
     5/396: $4\satadd8$func$rtl/streaming_norm.v:110$3031.$result[7:0]$3566
     6/396: $3\satadd8$func$rtl/streaming_norm.v:110$3031.$result[7:0]$3564
     7/396: $4\satadd8$func$rtl/streaming_norm.v:110$3030.$result[7:0]$3561
     8/396: $3\satadd8$func$rtl/streaming_norm.v:110$3030.$result[7:0]$3559
     9/396: $4\satadd8$func$rtl/streaming_norm.v:110$3029.$result[7:0]$3556
    10/396: $3\satadd8$func$rtl/streaming_norm.v:110$3029.$result[7:0]$3554
    11/396: $4\satadd8$func$rtl/streaming_norm.v:110$3028.$result[7:0]$3551
    12/396: $3\satadd8$func$rtl/streaming_norm.v:110$3028.$result[7:0]$3549
    13/396: $4\satadd8$func$rtl/streaming_norm.v:110$3027.$result[7:0]$3546
    14/396: $3\satadd8$func$rtl/streaming_norm.v:110$3027.$result[7:0]$3544
    15/396: $4\satadd8$func$rtl/streaming_norm.v:110$3026.$result[7:0]$3541
    16/396: $3\satadd8$func$rtl/streaming_norm.v:110$3026.$result[7:0]$3539
    17/396: $4\satadd8$func$rtl/streaming_norm.v:110$3025.$result[7:0]$3536
    18/396: $3\satadd8$func$rtl/streaming_norm.v:110$3025.$result[7:0]$3534
    19/396: $4\satadd8$func$rtl/streaming_norm.v:110$3024.$result[7:0]$3531
    20/396: $3\satadd8$func$rtl/streaming_norm.v:110$3024.$result[7:0]$3529
    21/396: $4\satadd8$func$rtl/streaming_norm.v:110$3023.$result[7:0]$3526
    22/396: $3\satadd8$func$rtl/streaming_norm.v:110$3023.$result[7:0]$3524
    23/396: $4\satadd8$func$rtl/streaming_norm.v:110$3022.$result[7:0]$3521
    24/396: $3\satadd8$func$rtl/streaming_norm.v:110$3022.$result[7:0]$3519
    25/396: $4\satadd8$func$rtl/streaming_norm.v:110$3021.$result[7:0]$3516
    26/396: $3\satadd8$func$rtl/streaming_norm.v:110$3021.$result[7:0]$3514
    27/396: $4\satadd8$func$rtl/streaming_norm.v:110$3020.$result[7:0]$3511
    28/396: $3\satadd8$func$rtl/streaming_norm.v:110$3020.$result[7:0]$3509
    29/396: $4\satadd8$func$rtl/streaming_norm.v:110$3019.$result[7:0]$3506
    30/396: $3\satadd8$func$rtl/streaming_norm.v:110$3019.$result[7:0]$3504
    31/396: $4\satadd8$func$rtl/streaming_norm.v:110$3018.$result[7:0]$3501
    32/396: $3\satadd8$func$rtl/streaming_norm.v:110$3018.$result[7:0]$3499
    33/396: $0\pending_write[127:0] [127:120]
    34/396: $0\pending_write[127:0] [119:112]
    35/396: $0\pending_write[127:0] [111:104]
    36/396: $0\pending_write[127:0] [103:96]
    37/396: $0\pending_write[127:0] [95:88]
    38/396: $0\pending_write[127:0] [87:80]
    39/396: $0\pending_write[127:0] [79:72]
    40/396: $0\pending_write[127:0] [71:64]
    41/396: $0\pending_write[127:0] [63:56]
    42/396: $0\pending_write[127:0] [55:48]
    43/396: $0\pending_write[127:0] [47:40]
    44/396: $0\pending_write[127:0] [39:32]
    45/396: $0\pending_write[127:0] [31:24]
    46/396: $0\pending_write[127:0] [23:16]
    47/396: $0\pending_write[127:0] [15:8]
    48/396: $0\pending_write[127:0] [7:0]
    49/396: $4\sat8$func$rtl/streaming_norm.v:105$3017.$result[7:0]$3494
    50/396: $19\o[7:0]
    51/396: $5\sat8$func$rtl/streaming_norm.v:105$3016.$result[7:0]$3490
    52/396: $4\sat8$func$rtl/streaming_norm.v:105$3016.$result[7:0]$3488
    53/396: $18\o[7:0]
    54/396: $5\sat8$func$rtl/streaming_norm.v:105$3015.$result[7:0]$3484
    55/396: $4\sat8$func$rtl/streaming_norm.v:105$3015.$result[7:0]$3482
    56/396: $17\o[7:0]
    57/396: $5\sat8$func$rtl/streaming_norm.v:105$3014.$result[7:0]$3478
    58/396: $4\sat8$func$rtl/streaming_norm.v:105$3014.$result[7:0]$3476
    59/396: $16\o[7:0]
    60/396: $5\sat8$func$rtl/streaming_norm.v:105$3013.$result[7:0]$3472
    61/396: $4\sat8$func$rtl/streaming_norm.v:105$3013.$result[7:0]$3470
    62/396: $15\o[7:0]
    63/396: $5\sat8$func$rtl/streaming_norm.v:105$3012.$result[7:0]$3466
    64/396: $4\sat8$func$rtl/streaming_norm.v:105$3012.$result[7:0]$3464
    65/396: $14\o[7:0]
    66/396: $5\sat8$func$rtl/streaming_norm.v:105$3011.$result[7:0]$3460
    67/396: $4\sat8$func$rtl/streaming_norm.v:105$3011.$result[7:0]$3458
    68/396: $13\o[7:0]
    69/396: $5\sat8$func$rtl/streaming_norm.v:105$3010.$result[7:0]$3454
    70/396: $4\sat8$func$rtl/streaming_norm.v:105$3010.$result[7:0]$3452
    71/396: $12\o[7:0]
    72/396: $5\sat8$func$rtl/streaming_norm.v:105$3009.$result[7:0]$3448
    73/396: $4\sat8$func$rtl/streaming_norm.v:105$3009.$result[7:0]$3446
    74/396: $11\o[7:0]
    75/396: $5\sat8$func$rtl/streaming_norm.v:105$3008.$result[7:0]$3442
    76/396: $4\sat8$func$rtl/streaming_norm.v:105$3008.$result[7:0]$3440
    77/396: $10\o[7:0]
    78/396: $5\sat8$func$rtl/streaming_norm.v:105$3007.$result[7:0]$3436
    79/396: $4\sat8$func$rtl/streaming_norm.v:105$3007.$result[7:0]$3434
    80/396: $9\o[7:0]
    81/396: $5\sat8$func$rtl/streaming_norm.v:105$3006.$result[7:0]$3430
    82/396: $4\sat8$func$rtl/streaming_norm.v:105$3006.$result[7:0]$3428
    83/396: $8\o[7:0]
    84/396: $5\sat8$func$rtl/streaming_norm.v:105$3005.$result[7:0]$3424
    85/396: $4\sat8$func$rtl/streaming_norm.v:105$3005.$result[7:0]$3422
    86/396: $7\o[7:0]
    87/396: $5\sat8$func$rtl/streaming_norm.v:105$3004.$result[7:0]$3418
    88/396: $4\sat8$func$rtl/streaming_norm.v:105$3004.$result[7:0]$3416
    89/396: $6\o[7:0]
    90/396: $5\sat8$func$rtl/streaming_norm.v:105$3003.$result[7:0]$3412
    91/396: $4\sat8$func$rtl/streaming_norm.v:105$3003.$result[7:0]$3410
    92/396: $5\o[7:0]
    93/396: $5\sat8$func$rtl/streaming_norm.v:105$3002.$result[7:0]$3406
    94/396: $4\sat8$func$rtl/streaming_norm.v:105$3002.$result[7:0]$3404
    95/396: $4\o[7:0]
    96/396: $3\i[31:0]
    97/396: $3\sat8$func$rtl/streaming_norm.v:105$3017.$result[7:0]$3399
    98/396: $3\sat8$func$rtl/streaming_norm.v:105$3017.z[11:0]$3400
    99/396: $3\scaled[22:0]
   100/396: $3\o[7:0]
   101/396: $0\scaled_cache[127:0] [127:120]
   102/396: $0\scaled_cache[127:0] [119:112]
   103/396: $3\sat8$func$rtl/streaming_norm.v:105$3016.z[11:0]$3398
   104/396: $3\sat8$func$rtl/streaming_norm.v:105$3016.$result[7:0]$3397
   105/396: $0\scaled_cache[127:0] [111:104]
   106/396: $3\sat8$func$rtl/streaming_norm.v:105$3015.z[11:0]$3396
   107/396: $3\sat8$func$rtl/streaming_norm.v:105$3015.$result[7:0]$3395
   108/396: $0\scaled_cache[127:0] [103:96]
   109/396: $3\sat8$func$rtl/streaming_norm.v:105$3014.z[11:0]$3394
   110/396: $3\sat8$func$rtl/streaming_norm.v:105$3014.$result[7:0]$3393
   111/396: $0\scaled_cache[127:0] [95:88]
   112/396: $3\sat8$func$rtl/streaming_norm.v:105$3013.z[11:0]$3392
   113/396: $3\sat8$func$rtl/streaming_norm.v:105$3013.$result[7:0]$3391
   114/396: $0\scaled_cache[127:0] [87:80]
   115/396: $3\sat8$func$rtl/streaming_norm.v:105$3012.z[11:0]$3390
   116/396: $3\sat8$func$rtl/streaming_norm.v:105$3012.$result[7:0]$3389
   117/396: $0\scaled_cache[127:0] [79:72]
   118/396: $3\sat8$func$rtl/streaming_norm.v:105$3011.z[11:0]$3388
   119/396: $3\sat8$func$rtl/streaming_norm.v:105$3011.$result[7:0]$3387
   120/396: $0\scaled_cache[127:0] [71:64]
   121/396: $3\sat8$func$rtl/streaming_norm.v:105$3010.z[11:0]$3386
   122/396: $3\sat8$func$rtl/streaming_norm.v:105$3010.$result[7:0]$3385
   123/396: $0\scaled_cache[127:0] [63:56]
   124/396: $3\sat8$func$rtl/streaming_norm.v:105$3009.z[11:0]$3384
   125/396: $3\sat8$func$rtl/streaming_norm.v:105$3009.$result[7:0]$3383
   126/396: $0\scaled_cache[127:0] [55:48]
   127/396: $3\sat8$func$rtl/streaming_norm.v:105$3008.z[11:0]$3382
   128/396: $3\sat8$func$rtl/streaming_norm.v:105$3008.$result[7:0]$3381
   129/396: $0\scaled_cache[127:0] [47:40]
   130/396: $3\sat8$func$rtl/streaming_norm.v:105$3007.z[11:0]$3380
   131/396: $3\sat8$func$rtl/streaming_norm.v:105$3007.$result[7:0]$3379
   132/396: $0\scaled_cache[127:0] [39:32]
   133/396: $3\sat8$func$rtl/streaming_norm.v:105$3006.z[11:0]$3378
   134/396: $3\sat8$func$rtl/streaming_norm.v:105$3006.$result[7:0]$3377
   135/396: $0\scaled_cache[127:0] [31:24]
   136/396: $3\sat8$func$rtl/streaming_norm.v:105$3005.z[11:0]$3376
   137/396: $3\sat8$func$rtl/streaming_norm.v:105$3005.$result[7:0]$3375
   138/396: $0\scaled_cache[127:0] [23:16]
   139/396: $3\sat8$func$rtl/streaming_norm.v:105$3004.z[11:0]$3374
   140/396: $3\sat8$func$rtl/streaming_norm.v:105$3004.$result[7:0]$3373
   141/396: $0\scaled_cache[127:0] [15:8]
   142/396: $3\sat8$func$rtl/streaming_norm.v:105$3003.z[11:0]$3372
   143/396: $3\sat8$func$rtl/streaming_norm.v:105$3003.$result[7:0]$3371
   144/396: $0\scaled_cache[127:0] [7:0]
   145/396: $3\sat8$func$rtl/streaming_norm.v:105$3002.z[11:0]$3370
   146/396: $2\satadd8$func$rtl/streaming_norm.v:110$3033.z[8:0]$3324
   147/396: $2\satadd8$func$rtl/streaming_norm.v:110$3033.b[7:0]$3323
   148/396: $2\satadd8$func$rtl/streaming_norm.v:110$3033.a[7:0]$3322
   149/396: $2\satadd8$func$rtl/streaming_norm.v:110$3033.$result[7:0]$3321
   150/396: $2\satadd8$func$rtl/streaming_norm.v:110$3032.z[8:0]$3320
   151/396: $2\satadd8$func$rtl/streaming_norm.v:110$3032.b[7:0]$3319
   152/396: $2\satadd8$func$rtl/streaming_norm.v:110$3032.a[7:0]$3318
   153/396: $2\satadd8$func$rtl/streaming_norm.v:110$3032.$result[7:0]$3317
   154/396: $2\satadd8$func$rtl/streaming_norm.v:110$3031.z[8:0]$3316
   155/396: $2\satadd8$func$rtl/streaming_norm.v:110$3031.b[7:0]$3315
   156/396: $2\satadd8$func$rtl/streaming_norm.v:110$3031.a[7:0]$3314
   157/396: $2\satadd8$func$rtl/streaming_norm.v:110$3031.$result[7:0]$3313
   158/396: $2\satadd8$func$rtl/streaming_norm.v:110$3030.z[8:0]$3312
   159/396: $2\satadd8$func$rtl/streaming_norm.v:110$3030.b[7:0]$3311
   160/396: $2\satadd8$func$rtl/streaming_norm.v:110$3030.a[7:0]$3310
   161/396: $2\satadd8$func$rtl/streaming_norm.v:110$3030.$result[7:0]$3309
   162/396: $2\satadd8$func$rtl/streaming_norm.v:110$3029.z[8:0]$3308
   163/396: $2\satadd8$func$rtl/streaming_norm.v:110$3029.b[7:0]$3307
   164/396: $2\satadd8$func$rtl/streaming_norm.v:110$3029.a[7:0]$3306
   165/396: $2\satadd8$func$rtl/streaming_norm.v:110$3029.$result[7:0]$3305
   166/396: $2\satadd8$func$rtl/streaming_norm.v:110$3028.z[8:0]$3304
   167/396: $2\satadd8$func$rtl/streaming_norm.v:110$3028.b[7:0]$3303
   168/396: $2\satadd8$func$rtl/streaming_norm.v:110$3028.a[7:0]$3302
   169/396: $2\satadd8$func$rtl/streaming_norm.v:110$3028.$result[7:0]$3301
   170/396: $2\satadd8$func$rtl/streaming_norm.v:110$3027.z[8:0]$3300
   171/396: $2\satadd8$func$rtl/streaming_norm.v:110$3027.b[7:0]$3299
   172/396: $2\satadd8$func$rtl/streaming_norm.v:110$3027.a[7:0]$3298
   173/396: $2\satadd8$func$rtl/streaming_norm.v:110$3027.$result[7:0]$3297
   174/396: $2\satadd8$func$rtl/streaming_norm.v:110$3026.z[8:0]$3296
   175/396: $2\satadd8$func$rtl/streaming_norm.v:110$3026.b[7:0]$3295
   176/396: $2\satadd8$func$rtl/streaming_norm.v:110$3026.a[7:0]$3294
   177/396: $2\satadd8$func$rtl/streaming_norm.v:110$3026.$result[7:0]$3293
   178/396: $2\satadd8$func$rtl/streaming_norm.v:110$3025.z[8:0]$3292
   179/396: $2\satadd8$func$rtl/streaming_norm.v:110$3025.b[7:0]$3291
   180/396: $2\satadd8$func$rtl/streaming_norm.v:110$3025.a[7:0]$3290
   181/396: $2\satadd8$func$rtl/streaming_norm.v:110$3025.$result[7:0]$3289
   182/396: $2\satadd8$func$rtl/streaming_norm.v:110$3024.z[8:0]$3288
   183/396: $2\satadd8$func$rtl/streaming_norm.v:110$3024.b[7:0]$3287
   184/396: $2\satadd8$func$rtl/streaming_norm.v:110$3024.a[7:0]$3286
   185/396: $2\satadd8$func$rtl/streaming_norm.v:110$3024.$result[7:0]$3285
   186/396: $2\satadd8$func$rtl/streaming_norm.v:110$3023.z[8:0]$3284
   187/396: $2\satadd8$func$rtl/streaming_norm.v:110$3023.b[7:0]$3283
   188/396: $2\satadd8$func$rtl/streaming_norm.v:110$3023.a[7:0]$3282
   189/396: $2\satadd8$func$rtl/streaming_norm.v:110$3023.$result[7:0]$3281
   190/396: $2\satadd8$func$rtl/streaming_norm.v:110$3022.z[8:0]$3280
   191/396: $2\satadd8$func$rtl/streaming_norm.v:110$3022.b[7:0]$3279
   192/396: $2\satadd8$func$rtl/streaming_norm.v:110$3022.a[7:0]$3278
   193/396: $2\satadd8$func$rtl/streaming_norm.v:110$3022.$result[7:0]$3277
   194/396: $2\satadd8$func$rtl/streaming_norm.v:110$3021.z[8:0]$3276
   195/396: $2\satadd8$func$rtl/streaming_norm.v:110$3021.b[7:0]$3275
   196/396: $2\satadd8$func$rtl/streaming_norm.v:110$3021.a[7:0]$3274
   197/396: $2\satadd8$func$rtl/streaming_norm.v:110$3021.$result[7:0]$3273
   198/396: $2\satadd8$func$rtl/streaming_norm.v:110$3020.z[8:0]$3272
   199/396: $2\satadd8$func$rtl/streaming_norm.v:110$3020.b[7:0]$3271
   200/396: $2\satadd8$func$rtl/streaming_norm.v:110$3020.a[7:0]$3270
   201/396: $2\satadd8$func$rtl/streaming_norm.v:110$3020.$result[7:0]$3269
   202/396: $2\satadd8$func$rtl/streaming_norm.v:110$3019.z[8:0]$3268
   203/396: $2\satadd8$func$rtl/streaming_norm.v:110$3019.b[7:0]$3267
   204/396: $2\satadd8$func$rtl/streaming_norm.v:110$3019.a[7:0]$3266
   205/396: $2\satadd8$func$rtl/streaming_norm.v:110$3019.$result[7:0]$3265
   206/396: $2\satadd8$func$rtl/streaming_norm.v:110$3018.z[8:0]$3264
   207/396: $2\satadd8$func$rtl/streaming_norm.v:110$3018.b[7:0]$3263
   208/396: $2\satadd8$func$rtl/streaming_norm.v:110$3018.a[7:0]$3262
   209/396: $2\satadd8$func$rtl/streaming_norm.v:110$3018.$result[7:0]$3261
   210/396: $2\sat8$func$rtl/streaming_norm.v:105$3017.z[11:0]$3260
   211/396: $2\sat8$func$rtl/streaming_norm.v:105$3017.$result[7:0]$3259
   212/396: $2\sat8$func$rtl/streaming_norm.v:105$3016.z[11:0]$3258
   213/396: $2\sat8$func$rtl/streaming_norm.v:105$3016.$result[7:0]$3257
   214/396: $2\sat8$func$rtl/streaming_norm.v:105$3015.z[11:0]$3256
   215/396: $2\sat8$func$rtl/streaming_norm.v:105$3015.$result[7:0]$3255
   216/396: $2\sat8$func$rtl/streaming_norm.v:105$3014.z[11:0]$3254
   217/396: $2\sat8$func$rtl/streaming_norm.v:105$3014.$result[7:0]$3253
   218/396: $2\sat8$func$rtl/streaming_norm.v:105$3013.z[11:0]$3252
   219/396: $2\sat8$func$rtl/streaming_norm.v:105$3013.$result[7:0]$3251
   220/396: $2\sat8$func$rtl/streaming_norm.v:105$3012.z[11:0]$3250
   221/396: $2\sat8$func$rtl/streaming_norm.v:105$3012.$result[7:0]$3249
   222/396: $2\sat8$func$rtl/streaming_norm.v:105$3011.z[11:0]$3248
   223/396: $2\sat8$func$rtl/streaming_norm.v:105$3011.$result[7:0]$3247
   224/396: $2\sat8$func$rtl/streaming_norm.v:105$3010.z[11:0]$3246
   225/396: $2\sat8$func$rtl/streaming_norm.v:105$3010.$result[7:0]$3245
   226/396: $2\sat8$func$rtl/streaming_norm.v:105$3009.z[11:0]$3244
   227/396: $2\sat8$func$rtl/streaming_norm.v:105$3009.$result[7:0]$3243
   228/396: $2\sat8$func$rtl/streaming_norm.v:105$3008.z[11:0]$3242
   229/396: $2\sat8$func$rtl/streaming_norm.v:105$3008.$result[7:0]$3241
   230/396: $2\sat8$func$rtl/streaming_norm.v:105$3007.z[11:0]$3240
   231/396: $2\sat8$func$rtl/streaming_norm.v:105$3007.$result[7:0]$3239
   232/396: $2\sat8$func$rtl/streaming_norm.v:105$3006.z[11:0]$3238
   233/396: $2\sat8$func$rtl/streaming_norm.v:105$3006.$result[7:0]$3237
   234/396: $2\sat8$func$rtl/streaming_norm.v:105$3005.z[11:0]$3236
   235/396: $2\sat8$func$rtl/streaming_norm.v:105$3005.$result[7:0]$3235
   236/396: $2\sat8$func$rtl/streaming_norm.v:105$3004.z[11:0]$3234
   237/396: $2\sat8$func$rtl/streaming_norm.v:105$3004.$result[7:0]$3233
   238/396: $2\sat8$func$rtl/streaming_norm.v:105$3003.z[11:0]$3232
   239/396: $2\sat8$func$rtl/streaming_norm.v:105$3003.$result[7:0]$3231
   240/396: $2\sat8$func$rtl/streaming_norm.v:105$3002.z[11:0]$3230
   241/396: $2\sat8$func$rtl/streaming_norm.v:105$3002.$result[7:0]$3229
   242/396: $2\scaled[22:0]
   243/396: $2\next_y[22:0]
   244/396: $2\xy2[22:0]
   245/396: $2\o[7:0]
   246/396: $2\i[31:0]
   247/396: $1\satadd8$func$rtl/streaming_norm.v:110$3033.z[8:0]$3228
   248/396: $1\satadd8$func$rtl/streaming_norm.v:110$3033.b[7:0]$3227
   249/396: $1\satadd8$func$rtl/streaming_norm.v:110$3033.a[7:0]$3226
   250/396: $1\satadd8$func$rtl/streaming_norm.v:110$3033.$result[7:0]$3225
   251/396: $1\satadd8$func$rtl/streaming_norm.v:110$3032.z[8:0]$3224
   252/396: $1\satadd8$func$rtl/streaming_norm.v:110$3032.b[7:0]$3223
   253/396: $1\satadd8$func$rtl/streaming_norm.v:110$3032.a[7:0]$3222
   254/396: $1\satadd8$func$rtl/streaming_norm.v:110$3032.$result[7:0]$3221
   255/396: $1\satadd8$func$rtl/streaming_norm.v:110$3031.z[8:0]$3220
   256/396: $1\satadd8$func$rtl/streaming_norm.v:110$3031.b[7:0]$3219
   257/396: $1\satadd8$func$rtl/streaming_norm.v:110$3031.a[7:0]$3218
   258/396: $1\satadd8$func$rtl/streaming_norm.v:110$3031.$result[7:0]$3217
   259/396: $1\satadd8$func$rtl/streaming_norm.v:110$3030.z[8:0]$3216
   260/396: $1\satadd8$func$rtl/streaming_norm.v:110$3030.b[7:0]$3215
   261/396: $1\satadd8$func$rtl/streaming_norm.v:110$3030.a[7:0]$3214
   262/396: $1\satadd8$func$rtl/streaming_norm.v:110$3030.$result[7:0]$3213
   263/396: $1\satadd8$func$rtl/streaming_norm.v:110$3029.z[8:0]$3212
   264/396: $1\satadd8$func$rtl/streaming_norm.v:110$3029.b[7:0]$3211
   265/396: $1\satadd8$func$rtl/streaming_norm.v:110$3029.a[7:0]$3210
   266/396: $1\satadd8$func$rtl/streaming_norm.v:110$3029.$result[7:0]$3209
   267/396: $1\satadd8$func$rtl/streaming_norm.v:110$3028.z[8:0]$3208
   268/396: $1\satadd8$func$rtl/streaming_norm.v:110$3028.b[7:0]$3207
   269/396: $1\satadd8$func$rtl/streaming_norm.v:110$3028.a[7:0]$3206
   270/396: $1\satadd8$func$rtl/streaming_norm.v:110$3028.$result[7:0]$3205
   271/396: $1\satadd8$func$rtl/streaming_norm.v:110$3027.z[8:0]$3204
   272/396: $1\satadd8$func$rtl/streaming_norm.v:110$3027.b[7:0]$3203
   273/396: $1\satadd8$func$rtl/streaming_norm.v:110$3027.a[7:0]$3202
   274/396: $1\satadd8$func$rtl/streaming_norm.v:110$3027.$result[7:0]$3201
   275/396: $1\satadd8$func$rtl/streaming_norm.v:110$3026.z[8:0]$3200
   276/396: $1\satadd8$func$rtl/streaming_norm.v:110$3026.b[7:0]$3199
   277/396: $1\satadd8$func$rtl/streaming_norm.v:110$3026.a[7:0]$3198
   278/396: $1\satadd8$func$rtl/streaming_norm.v:110$3026.$result[7:0]$3197
   279/396: $1\satadd8$func$rtl/streaming_norm.v:110$3025.z[8:0]$3196
   280/396: $1\satadd8$func$rtl/streaming_norm.v:110$3025.b[7:0]$3195
   281/396: $1\satadd8$func$rtl/streaming_norm.v:110$3025.a[7:0]$3194
   282/396: $1\satadd8$func$rtl/streaming_norm.v:110$3025.$result[7:0]$3193
   283/396: $1\satadd8$func$rtl/streaming_norm.v:110$3024.z[8:0]$3192
   284/396: $1\satadd8$func$rtl/streaming_norm.v:110$3024.b[7:0]$3191
   285/396: $1\satadd8$func$rtl/streaming_norm.v:110$3024.a[7:0]$3190
   286/396: $1\satadd8$func$rtl/streaming_norm.v:110$3024.$result[7:0]$3189
   287/396: $1\satadd8$func$rtl/streaming_norm.v:110$3023.z[8:0]$3188
   288/396: $1\satadd8$func$rtl/streaming_norm.v:110$3023.b[7:0]$3187
   289/396: $1\satadd8$func$rtl/streaming_norm.v:110$3023.a[7:0]$3186
   290/396: $1\satadd8$func$rtl/streaming_norm.v:110$3023.$result[7:0]$3185
   291/396: $1\satadd8$func$rtl/streaming_norm.v:110$3022.z[8:0]$3184
   292/396: $1\satadd8$func$rtl/streaming_norm.v:110$3022.b[7:0]$3183
   293/396: $1\satadd8$func$rtl/streaming_norm.v:110$3022.a[7:0]$3182
   294/396: $1\satadd8$func$rtl/streaming_norm.v:110$3022.$result[7:0]$3181
   295/396: $1\satadd8$func$rtl/streaming_norm.v:110$3021.z[8:0]$3180
   296/396: $1\satadd8$func$rtl/streaming_norm.v:110$3021.b[7:0]$3179
   297/396: $1\satadd8$func$rtl/streaming_norm.v:110$3021.a[7:0]$3178
   298/396: $1\satadd8$func$rtl/streaming_norm.v:110$3021.$result[7:0]$3177
   299/396: $1\satadd8$func$rtl/streaming_norm.v:110$3020.z[8:0]$3176
   300/396: $1\satadd8$func$rtl/streaming_norm.v:110$3020.b[7:0]$3175
   301/396: $1\satadd8$func$rtl/streaming_norm.v:110$3020.a[7:0]$3174
   302/396: $1\satadd8$func$rtl/streaming_norm.v:110$3020.$result[7:0]$3173
   303/396: $1\satadd8$func$rtl/streaming_norm.v:110$3019.z[8:0]$3172
   304/396: $1\satadd8$func$rtl/streaming_norm.v:110$3019.b[7:0]$3171
   305/396: $1\satadd8$func$rtl/streaming_norm.v:110$3019.a[7:0]$3170
   306/396: $1\satadd8$func$rtl/streaming_norm.v:110$3019.$result[7:0]$3169
   307/396: $1\satadd8$func$rtl/streaming_norm.v:110$3018.z[8:0]$3168
   308/396: $1\satadd8$func$rtl/streaming_norm.v:110$3018.b[7:0]$3167
   309/396: $1\satadd8$func$rtl/streaming_norm.v:110$3018.a[7:0]$3166
   310/396: $1\satadd8$func$rtl/streaming_norm.v:110$3018.$result[7:0]$3165
   311/396: $1\sat8$func$rtl/streaming_norm.v:105$3017.z[11:0]$3164
   312/396: $1\sat8$func$rtl/streaming_norm.v:105$3017.$result[7:0]$3163
   313/396: $1\sat8$func$rtl/streaming_norm.v:105$3016.z[11:0]$3162
   314/396: $1\sat8$func$rtl/streaming_norm.v:105$3016.$result[7:0]$3161
   315/396: $1\sat8$func$rtl/streaming_norm.v:105$3015.z[11:0]$3160
   316/396: $1\sat8$func$rtl/streaming_norm.v:105$3015.$result[7:0]$3159
   317/396: $1\sat8$func$rtl/streaming_norm.v:105$3014.z[11:0]$3158
   318/396: $1\sat8$func$rtl/streaming_norm.v:105$3014.$result[7:0]$3157
   319/396: $1\sat8$func$rtl/streaming_norm.v:105$3013.z[11:0]$3156
   320/396: $1\sat8$func$rtl/streaming_norm.v:105$3013.$result[7:0]$3155
   321/396: $1\sat8$func$rtl/streaming_norm.v:105$3012.z[11:0]$3154
   322/396: $1\sat8$func$rtl/streaming_norm.v:105$3012.$result[7:0]$3153
   323/396: $1\sat8$func$rtl/streaming_norm.v:105$3011.z[11:0]$3152
   324/396: $1\sat8$func$rtl/streaming_norm.v:105$3011.$result[7:0]$3151
   325/396: $1\sat8$func$rtl/streaming_norm.v:105$3010.z[11:0]$3150
   326/396: $1\sat8$func$rtl/streaming_norm.v:105$3010.$result[7:0]$3149
   327/396: $1\sat8$func$rtl/streaming_norm.v:105$3009.z[11:0]$3148
   328/396: $1\sat8$func$rtl/streaming_norm.v:105$3009.$result[7:0]$3147
   329/396: $1\sat8$func$rtl/streaming_norm.v:105$3008.z[11:0]$3146
   330/396: $1\sat8$func$rtl/streaming_norm.v:105$3008.$result[7:0]$3145
   331/396: $1\sat8$func$rtl/streaming_norm.v:105$3007.z[11:0]$3144
   332/396: $1\sat8$func$rtl/streaming_norm.v:105$3007.$result[7:0]$3143
   333/396: $1\sat8$func$rtl/streaming_norm.v:105$3006.z[11:0]$3142
   334/396: $1\sat8$func$rtl/streaming_norm.v:105$3006.$result[7:0]$3141
   335/396: $1\sat8$func$rtl/streaming_norm.v:105$3005.z[11:0]$3140
   336/396: $1\sat8$func$rtl/streaming_norm.v:105$3005.$result[7:0]$3139
   337/396: $1\sat8$func$rtl/streaming_norm.v:105$3004.z[11:0]$3138
   338/396: $1\sat8$func$rtl/streaming_norm.v:105$3004.$result[7:0]$3137
   339/396: $1\sat8$func$rtl/streaming_norm.v:105$3003.z[11:0]$3136
   340/396: $1\sat8$func$rtl/streaming_norm.v:105$3003.$result[7:0]$3135
   341/396: $1\sat8$func$rtl/streaming_norm.v:105$3002.z[11:0]$3134
   342/396: $1\sat8$func$rtl/streaming_norm.v:105$3002.$result[7:0]$3133
   343/396: $1\scaled[22:0]
   344/396: $1\next_y[22:0]
   345/396: $1\xy2[22:0]
   346/396: $1\o[7:0]
   347/396: $1\i[31:0]
   348/396: $0\done[0:0]
   349/396: $0\scale_r[15][8:0]
   350/396: $0\scale_r[14][8:0]
   351/396: $0\scale_r[13][8:0]
   352/396: $0\scale_r[12][8:0]
   353/396: $0\scale_r[11][8:0]
   354/396: $0\scale_r[10][8:0]
   355/396: $0\scale_r[9][8:0]
   356/396: $0\scale_r[8][8:0]
   357/396: $0\scale_r[7][8:0]
   358/396: $0\scale_r[6][8:0]
   359/396: $0\scale_r[5][8:0]
   360/396: $0\scale_r[4][8:0]
   361/396: $0\scale_r[3][8:0]
   362/396: $0\scale_r[2][8:0]
   363/396: $0\scale_r[1][8:0]
   364/396: $0\scale_r[0][8:0]
   365/396: $0\nr_hi_q[15:0]
   366/396: $0\nr_lo_q[16:0]
   367/396: $0\xy_hi_q[15:0]
   368/396: $0\xy_lo_q[15:0]
   369/396: $0\factor_q[13:0]
   370/396: $0\half1[17:0]
   371/396: $0\half0[17:0]
   372/396: $0\pair3[16:0]
   373/396: $0\pair2[16:0]
   374/396: $0\pair1[16:0]
   375/396: $0\pair0[16:0]
   376/396: $0\sq7[15:0]
   377/396: $0\sq6[15:0]
   378/396: $0\sq5[15:0]
   379/396: $0\sq4[15:0]
   380/396: $0\sq3[15:0]
   381/396: $0\sq2[15:0]
   382/396: $0\sq1[15:0]
   383/396: $0\sq0[15:0]
   384/396: $3\sat8$func$rtl/streaming_norm.v:105$3002.$result[7:0]$3369
   385/396: $0\x_cache[127:0]
   386/396: $5\sat8$func$rtl/streaming_norm.v:105$3017.$result[7:0]$3496
   387/396: $0\o_hi[63:0]
   388/396: $0\o_lo[63:0]
   389/396: $0\y2[8:0]
   390/396: $0\r[8:0]
   391/396: $0\mean[13:0]
   392/396: $0\sumsq[20:0]
   393/396: $0\nr[2:0]
   394/396: $0\beat[2:0]
   395/396: $0\word[3:0]
   396/396: $0\st[20:0]
Creating decoders for process `\streaming_norm.$proc$rtl/streaming_norm.v:31$3034'.
     1/6: $1\ivec_rd_addr[3:0]
     2/6: $1\ivec_rd_en[0:0]
     3/6: $1\act_wr_addr[8:0]
     4/6: $1\act_wr_en[0:0]
     5/6: $1\act_rd_addr[8:0]
     6/6: $1\act_rd_en[0:0]
Creating decoders for process `\state_stream_controller.$proc$rtl/state_stream_controller.v:86$1136'.
     1/1246: $8\i[31:0]
     2/1246: $5\rq8$func$rtl/state_stream_controller.v:157$1088.$result[7:0]$2996
     3/1246: $4\rq8$func$rtl/state_stream_controller.v:157$1088.$result[7:0]$2994
     4/1246: $5\rq8$func$rtl/state_stream_controller.v:157$1087.$result[7:0]$2991
     5/1246: $4\rq8$func$rtl/state_stream_controller.v:157$1087.$result[7:0]$2989
     6/1246: $5\rq8$func$rtl/state_stream_controller.v:157$1086.$result[7:0]$2986
     7/1246: $4\rq8$func$rtl/state_stream_controller.v:157$1086.$result[7:0]$2984
     8/1246: $5\rq8$func$rtl/state_stream_controller.v:157$1085.$result[7:0]$2981
     9/1246: $4\rq8$func$rtl/state_stream_controller.v:157$1085.$result[7:0]$2979
    10/1246: $5\rq8$func$rtl/state_stream_controller.v:157$1084.$result[7:0]$2976
    11/1246: $4\rq8$func$rtl/state_stream_controller.v:157$1084.$result[7:0]$2974
    12/1246: $5\rq8$func$rtl/state_stream_controller.v:157$1083.$result[7:0]$2971
    13/1246: $4\rq8$func$rtl/state_stream_controller.v:157$1083.$result[7:0]$2969
    14/1246: $5\rq8$func$rtl/state_stream_controller.v:157$1082.$result[7:0]$2966
    15/1246: $4\rq8$func$rtl/state_stream_controller.v:157$1082.$result[7:0]$2964
    16/1246: $5\rq8$func$rtl/state_stream_controller.v:157$1081.$result[7:0]$2961
    17/1246: $4\rq8$func$rtl/state_stream_controller.v:157$1081.$result[7:0]$2959
    18/1246: $5\rq8$func$rtl/state_stream_controller.v:157$1080.$result[7:0]$2956
    19/1246: $4\rq8$func$rtl/state_stream_controller.v:157$1080.$result[7:0]$2954
    20/1246: $5\rq8$func$rtl/state_stream_controller.v:157$1079.$result[7:0]$2951
    21/1246: $4\rq8$func$rtl/state_stream_controller.v:157$1079.$result[7:0]$2949
    22/1246: $5\rq8$func$rtl/state_stream_controller.v:157$1078.$result[7:0]$2946
    23/1246: $4\rq8$func$rtl/state_stream_controller.v:157$1078.$result[7:0]$2944
    24/1246: $5\rq8$func$rtl/state_stream_controller.v:157$1077.$result[7:0]$2941
    25/1246: $4\rq8$func$rtl/state_stream_controller.v:157$1077.$result[7:0]$2939
    26/1246: $5\rq8$func$rtl/state_stream_controller.v:157$1076.$result[7:0]$2936
    27/1246: $4\rq8$func$rtl/state_stream_controller.v:157$1076.$result[7:0]$2934
    28/1246: $5\rq8$func$rtl/state_stream_controller.v:157$1075.$result[7:0]$2931
    29/1246: $4\rq8$func$rtl/state_stream_controller.v:157$1075.$result[7:0]$2929
    30/1246: $5\rq8$func$rtl/state_stream_controller.v:157$1074.$result[7:0]$2926
    31/1246: $4\rq8$func$rtl/state_stream_controller.v:157$1074.$result[7:0]$2924
    32/1246: $5\rq8$func$rtl/state_stream_controller.v:157$1073.$result[7:0]$2921
    33/1246: $4\rq8$func$rtl/state_stream_controller.v:157$1073.$result[7:0]$2919
    34/1246: $5\rq8$func$rtl/state_stream_controller.v:156$1072.$result[7:0]$2916
    35/1246: $4\rq8$func$rtl/state_stream_controller.v:156$1072.$result[7:0]$2914
    36/1246: $5\rq8$func$rtl/state_stream_controller.v:156$1071.$result[7:0]$2911
    37/1246: $4\rq8$func$rtl/state_stream_controller.v:156$1071.$result[7:0]$2909
    38/1246: $5\rq8$func$rtl/state_stream_controller.v:156$1070.$result[7:0]$2906
    39/1246: $4\rq8$func$rtl/state_stream_controller.v:156$1070.$result[7:0]$2904
    40/1246: $5\rq8$func$rtl/state_stream_controller.v:156$1069.$result[7:0]$2901
    41/1246: $4\rq8$func$rtl/state_stream_controller.v:156$1069.$result[7:0]$2899
    42/1246: $5\rq8$func$rtl/state_stream_controller.v:156$1068.$result[7:0]$2896
    43/1246: $4\rq8$func$rtl/state_stream_controller.v:156$1068.$result[7:0]$2894
    44/1246: $5\rq8$func$rtl/state_stream_controller.v:156$1067.$result[7:0]$2891
    45/1246: $4\rq8$func$rtl/state_stream_controller.v:156$1067.$result[7:0]$2889
    46/1246: $5\rq8$func$rtl/state_stream_controller.v:156$1066.$result[7:0]$2886
    47/1246: $4\rq8$func$rtl/state_stream_controller.v:156$1066.$result[7:0]$2884
    48/1246: $5\rq8$func$rtl/state_stream_controller.v:156$1065.$result[7:0]$2881
    49/1246: $4\rq8$func$rtl/state_stream_controller.v:156$1065.$result[7:0]$2879
    50/1246: $5\rq8$func$rtl/state_stream_controller.v:156$1064.$result[7:0]$2876
    51/1246: $4\rq8$func$rtl/state_stream_controller.v:156$1064.$result[7:0]$2874
    52/1246: $5\rq8$func$rtl/state_stream_controller.v:156$1063.$result[7:0]$2871
    53/1246: $4\rq8$func$rtl/state_stream_controller.v:156$1063.$result[7:0]$2869
    54/1246: $5\rq8$func$rtl/state_stream_controller.v:156$1062.$result[7:0]$2866
    55/1246: $4\rq8$func$rtl/state_stream_controller.v:156$1062.$result[7:0]$2864
    56/1246: $5\rq8$func$rtl/state_stream_controller.v:156$1061.$result[7:0]$2861
    57/1246: $4\rq8$func$rtl/state_stream_controller.v:156$1061.$result[7:0]$2859
    58/1246: $5\rq8$func$rtl/state_stream_controller.v:156$1060.$result[7:0]$2856
    59/1246: $4\rq8$func$rtl/state_stream_controller.v:156$1060.$result[7:0]$2854
    60/1246: $5\rq8$func$rtl/state_stream_controller.v:156$1059.$result[7:0]$2851
    61/1246: $4\rq8$func$rtl/state_stream_controller.v:156$1059.$result[7:0]$2849
    62/1246: $5\rq8$func$rtl/state_stream_controller.v:156$1058.$result[7:0]$2846
    63/1246: $4\rq8$func$rtl/state_stream_controller.v:156$1058.$result[7:0]$2844
    64/1246: $5\rq8$func$rtl/state_stream_controller.v:156$1057.$result[7:0]$2841
    65/1246: $4\rq8$func$rtl/state_stream_controller.v:156$1057.$result[7:0]$2839
    66/1246: $7\i[31:0]
    67/1246: $3\rq8$func$rtl/state_stream_controller.v:156$1072.$result[7:0]$2786
    68/1246: $3\rq8$func$rtl/state_stream_controller.v:156$1072.x[14:0]$2788
    69/1246: $3\rq8$func$rtl/state_stream_controller.v:156$1072.a[23:0]$2787
    70/1246: $3\rq8$func$rtl/state_stream_controller.v:156$1071.$result[7:0]$2783
    71/1246: $3\rq8$func$rtl/state_stream_controller.v:156$1071.x[14:0]$2785
    72/1246: $3\rq8$func$rtl/state_stream_controller.v:156$1071.a[23:0]$2784
    73/1246: $3\rq8$func$rtl/state_stream_controller.v:156$1070.$result[7:0]$2780
    74/1246: $3\rq8$func$rtl/state_stream_controller.v:156$1070.x[14:0]$2782
    75/1246: $3\rq8$func$rtl/state_stream_controller.v:156$1070.a[23:0]$2781
    76/1246: $3\rq8$func$rtl/state_stream_controller.v:156$1069.$result[7:0]$2777
    77/1246: $3\rq8$func$rtl/state_stream_controller.v:156$1069.x[14:0]$2779
    78/1246: $3\rq8$func$rtl/state_stream_controller.v:156$1069.a[23:0]$2778
    79/1246: $3\rq8$func$rtl/state_stream_controller.v:156$1068.$result[7:0]$2774
    80/1246: $3\rq8$func$rtl/state_stream_controller.v:156$1068.x[14:0]$2776
    81/1246: $3\rq8$func$rtl/state_stream_controller.v:156$1068.a[23:0]$2775
    82/1246: $3\rq8$func$rtl/state_stream_controller.v:156$1067.$result[7:0]$2771
    83/1246: $3\rq8$func$rtl/state_stream_controller.v:156$1067.x[14:0]$2773
    84/1246: $3\rq8$func$rtl/state_stream_controller.v:156$1067.a[23:0]$2772
    85/1246: $3\rq8$func$rtl/state_stream_controller.v:156$1066.$result[7:0]$2768
    86/1246: $3\rq8$func$rtl/state_stream_controller.v:156$1066.x[14:0]$2770
    87/1246: $3\rq8$func$rtl/state_stream_controller.v:156$1066.a[23:0]$2769
    88/1246: $3\rq8$func$rtl/state_stream_controller.v:156$1065.$result[7:0]$2765
    89/1246: $3\rq8$func$rtl/state_stream_controller.v:156$1065.x[14:0]$2767
    90/1246: $3\rq8$func$rtl/state_stream_controller.v:156$1065.a[23:0]$2766
    91/1246: $3\rq8$func$rtl/state_stream_controller.v:156$1064.$result[7:0]$2762
    92/1246: $3\rq8$func$rtl/state_stream_controller.v:156$1064.x[14:0]$2764
    93/1246: $3\rq8$func$rtl/state_stream_controller.v:156$1064.a[23:0]$2763
    94/1246: $3\rq8$func$rtl/state_stream_controller.v:156$1063.$result[7:0]$2759
    95/1246: $3\rq8$func$rtl/state_stream_controller.v:156$1063.x[14:0]$2761
    96/1246: $3\rq8$func$rtl/state_stream_controller.v:156$1063.a[23:0]$2760
    97/1246: $3\rq8$func$rtl/state_stream_controller.v:156$1062.$result[7:0]$2756
    98/1246: $3\rq8$func$rtl/state_stream_controller.v:156$1062.x[14:0]$2758
    99/1246: $3\rq8$func$rtl/state_stream_controller.v:156$1062.a[23:0]$2757
   100/1246: $3\rq8$func$rtl/state_stream_controller.v:156$1061.$result[7:0]$2753
   101/1246: $3\rq8$func$rtl/state_stream_controller.v:156$1061.x[14:0]$2755
   102/1246: $3\rq8$func$rtl/state_stream_controller.v:156$1061.a[23:0]$2754
   103/1246: $3\rq8$func$rtl/state_stream_controller.v:156$1060.$result[7:0]$2750
   104/1246: $3\rq8$func$rtl/state_stream_controller.v:156$1060.x[14:0]$2752
   105/1246: $3\rq8$func$rtl/state_stream_controller.v:156$1060.a[23:0]$2751
   106/1246: $3\rq8$func$rtl/state_stream_controller.v:156$1059.$result[7:0]$2747
   107/1246: $3\rq8$func$rtl/state_stream_controller.v:156$1059.x[14:0]$2749
   108/1246: $3\rq8$func$rtl/state_stream_controller.v:156$1059.a[23:0]$2748
   109/1246: $3\rq8$func$rtl/state_stream_controller.v:156$1058.$result[7:0]$2744
   110/1246: $3\rq8$func$rtl/state_stream_controller.v:156$1058.x[14:0]$2746
   111/1246: $3\rq8$func$rtl/state_stream_controller.v:156$1058.a[23:0]$2745
   112/1246: $3\rq8$func$rtl/state_stream_controller.v:156$1057.$result[7:0]$2741
   113/1246: $3\rq8$func$rtl/state_stream_controller.v:156$1057.x[14:0]$2743
   114/1246: $3\rq8$func$rtl/state_stream_controller.v:156$1057.a[23:0]$2742
   115/1246: $3\rq8$func$rtl/state_stream_controller.v:157$1088.x[14:0]$2836
   116/1246: $3\rq8$func$rtl/state_stream_controller.v:157$1088.a[23:0]$2835
   117/1246: $3\rq8$func$rtl/state_stream_controller.v:157$1088.$result[7:0]$2834
   118/1246: $3\rq8$func$rtl/state_stream_controller.v:157$1087.x[14:0]$2833
   119/1246: $3\rq8$func$rtl/state_stream_controller.v:157$1087.a[23:0]$2832
   120/1246: $3\rq8$func$rtl/state_stream_controller.v:157$1087.$result[7:0]$2831
   121/1246: $3\rq8$func$rtl/state_stream_controller.v:157$1086.x[14:0]$2830
   122/1246: $3\rq8$func$rtl/state_stream_controller.v:157$1086.a[23:0]$2829
   123/1246: $3\rq8$func$rtl/state_stream_controller.v:157$1086.$result[7:0]$2828
   124/1246: $3\rq8$func$rtl/state_stream_controller.v:157$1085.x[14:0]$2827
   125/1246: $3\rq8$func$rtl/state_stream_controller.v:157$1085.a[23:0]$2826
   126/1246: $3\rq8$func$rtl/state_stream_controller.v:157$1085.$result[7:0]$2825
   127/1246: $3\rq8$func$rtl/state_stream_controller.v:157$1084.x[14:0]$2824
   128/1246: $3\rq8$func$rtl/state_stream_controller.v:157$1084.a[23:0]$2823
   129/1246: $3\rq8$func$rtl/state_stream_controller.v:157$1084.$result[7:0]$2822
   130/1246: $3\rq8$func$rtl/state_stream_controller.v:157$1083.x[14:0]$2821
   131/1246: $3\rq8$func$rtl/state_stream_controller.v:157$1083.a[23:0]$2820
   132/1246: $3\rq8$func$rtl/state_stream_controller.v:157$1083.$result[7:0]$2819
   133/1246: $3\rq8$func$rtl/state_stream_controller.v:157$1082.x[14:0]$2818
   134/1246: $3\rq8$func$rtl/state_stream_controller.v:157$1082.a[23:0]$2817
   135/1246: $3\rq8$func$rtl/state_stream_controller.v:157$1082.$result[7:0]$2816
   136/1246: $3\rq8$func$rtl/state_stream_controller.v:157$1081.x[14:0]$2815
   137/1246: $3\rq8$func$rtl/state_stream_controller.v:157$1081.a[23:0]$2814
   138/1246: $3\rq8$func$rtl/state_stream_controller.v:157$1081.$result[7:0]$2813
   139/1246: $3\rq8$func$rtl/state_stream_controller.v:157$1080.x[14:0]$2812
   140/1246: $3\rq8$func$rtl/state_stream_controller.v:157$1080.a[23:0]$2811
   141/1246: $3\rq8$func$rtl/state_stream_controller.v:157$1080.$result[7:0]$2810
   142/1246: $3\rq8$func$rtl/state_stream_controller.v:157$1079.x[14:0]$2809
   143/1246: $3\rq8$func$rtl/state_stream_controller.v:157$1079.a[23:0]$2808
   144/1246: $3\rq8$func$rtl/state_stream_controller.v:157$1079.$result[7:0]$2807
   145/1246: $3\rq8$func$rtl/state_stream_controller.v:157$1078.x[14:0]$2806
   146/1246: $3\rq8$func$rtl/state_stream_controller.v:157$1078.a[23:0]$2805
   147/1246: $3\rq8$func$rtl/state_stream_controller.v:157$1078.$result[7:0]$2804
   148/1246: $3\rq8$func$rtl/state_stream_controller.v:157$1077.x[14:0]$2803
   149/1246: $3\rq8$func$rtl/state_stream_controller.v:157$1077.a[23:0]$2802
   150/1246: $3\rq8$func$rtl/state_stream_controller.v:157$1077.$result[7:0]$2801
   151/1246: $3\rq8$func$rtl/state_stream_controller.v:157$1076.x[14:0]$2800
   152/1246: $3\rq8$func$rtl/state_stream_controller.v:157$1076.a[23:0]$2799
   153/1246: $3\rq8$func$rtl/state_stream_controller.v:157$1076.$result[7:0]$2798
   154/1246: $3\rq8$func$rtl/state_stream_controller.v:157$1075.x[14:0]$2797
   155/1246: $3\rq8$func$rtl/state_stream_controller.v:157$1075.a[23:0]$2796
   156/1246: $3\rq8$func$rtl/state_stream_controller.v:157$1075.$result[7:0]$2795
   157/1246: $3\rq8$func$rtl/state_stream_controller.v:157$1074.x[14:0]$2794
   158/1246: $3\rq8$func$rtl/state_stream_controller.v:157$1074.a[23:0]$2793
   159/1246: $3\rq8$func$rtl/state_stream_controller.v:157$1074.$result[7:0]$2792
   160/1246: $3\rq8$func$rtl/state_stream_controller.v:157$1073.x[14:0]$2791
   161/1246: $3\rq8$func$rtl/state_stream_controller.v:157$1073.a[23:0]$2790
   162/1246: $3\rq8$func$rtl/state_stream_controller.v:157$1073.$result[7:0]$2789
   163/1246: $0\state_build[255:0] [255:192]
   164/1246: $0\diff_cache[255:0] [127:0]
   165/1246: $5\make_diff8$func$rtl/state_stream_controller.v:129$1056.$result[7:0]$2701
   166/1246: $4\make_diff8$func$rtl/state_stream_controller.v:129$1056.$result[7:0]$2699
   167/1246: $5\make_diff8$func$rtl/state_stream_controller.v:129$1055.$result[7:0]$2696
   168/1246: $4\make_diff8$func$rtl/state_stream_controller.v:129$1055.$result[7:0]$2694
   169/1246: $5\make_diff8$func$rtl/state_stream_controller.v:129$1054.$result[7:0]$2691
   170/1246: $4\make_diff8$func$rtl/state_stream_controller.v:129$1054.$result[7:0]$2689
   171/1246: $5\make_diff8$func$rtl/state_stream_controller.v:129$1053.$result[7:0]$2686
   172/1246: $4\make_diff8$func$rtl/state_stream_controller.v:129$1053.$result[7:0]$2684
   173/1246: $5\make_diff8$func$rtl/state_stream_controller.v:129$1052.$result[7:0]$2681
   174/1246: $4\make_diff8$func$rtl/state_stream_controller.v:129$1052.$result[7:0]$2679
   175/1246: $5\make_diff8$func$rtl/state_stream_controller.v:129$1051.$result[7:0]$2676
   176/1246: $4\make_diff8$func$rtl/state_stream_controller.v:129$1051.$result[7:0]$2674
   177/1246: $5\make_diff8$func$rtl/state_stream_controller.v:129$1050.$result[7:0]$2671
   178/1246: $4\make_diff8$func$rtl/state_stream_controller.v:129$1050.$result[7:0]$2669
   179/1246: $5\make_diff8$func$rtl/state_stream_controller.v:129$1049.$result[7:0]$2666
   180/1246: $4\make_diff8$func$rtl/state_stream_controller.v:129$1049.$result[7:0]$2664
   181/1246: $5\make_diff8$func$rtl/state_stream_controller.v:129$1048.$result[7:0]$2661
   182/1246: $4\make_diff8$func$rtl/state_stream_controller.v:129$1048.$result[7:0]$2659
   183/1246: $5\make_diff8$func$rtl/state_stream_controller.v:129$1047.$result[7:0]$2656
   184/1246: $4\make_diff8$func$rtl/state_stream_controller.v:129$1047.$result[7:0]$2654
   185/1246: $5\make_diff8$func$rtl/state_stream_controller.v:129$1046.$result[7:0]$2651
   186/1246: $4\make_diff8$func$rtl/state_stream_controller.v:129$1046.$result[7:0]$2649
   187/1246: $5\make_diff8$func$rtl/state_stream_controller.v:129$1045.$result[7:0]$2646
   188/1246: $4\make_diff8$func$rtl/state_stream_controller.v:129$1045.$result[7:0]$2644
   189/1246: $5\make_diff8$func$rtl/state_stream_controller.v:129$1044.$result[7:0]$2641
   190/1246: $4\make_diff8$func$rtl/state_stream_controller.v:129$1044.$result[7:0]$2639
   191/1246: $5\make_diff8$func$rtl/state_stream_controller.v:129$1043.$result[7:0]$2636
   192/1246: $4\make_diff8$func$rtl/state_stream_controller.v:129$1043.$result[7:0]$2634
   193/1246: $5\make_diff8$func$rtl/state_stream_controller.v:129$1042.$result[7:0]$2631
   194/1246: $4\make_diff8$func$rtl/state_stream_controller.v:129$1042.$result[7:0]$2629
   195/1246: $5\make_diff8$func$rtl/state_stream_controller.v:129$1041.$result[7:0]$2626
   196/1246: $4\make_diff8$func$rtl/state_stream_controller.v:129$1041.$result[7:0]$2624
   197/1246: $5\make_diff8$func$rtl/state_stream_controller.v:128$1040.$result[7:0]$2621
   198/1246: $4\make_diff8$func$rtl/state_stream_controller.v:128$1040.$result[7:0]$2619
   199/1246: $5\make_diff8$func$rtl/state_stream_controller.v:128$1039.$result[7:0]$2616
   200/1246: $4\make_diff8$func$rtl/state_stream_controller.v:128$1039.$result[7:0]$2614
   201/1246: $5\make_diff8$func$rtl/state_stream_controller.v:128$1038.$result[7:0]$2611
   202/1246: $4\make_diff8$func$rtl/state_stream_controller.v:128$1038.$result[7:0]$2609
   203/1246: $5\make_diff8$func$rtl/state_stream_controller.v:128$1037.$result[7:0]$2606
   204/1246: $4\make_diff8$func$rtl/state_stream_controller.v:128$1037.$result[7:0]$2604
   205/1246: $5\make_diff8$func$rtl/state_stream_controller.v:128$1036.$result[7:0]$2601
   206/1246: $4\make_diff8$func$rtl/state_stream_controller.v:128$1036.$result[7:0]$2599
   207/1246: $5\make_diff8$func$rtl/state_stream_controller.v:128$1035.$result[7:0]$2596
   208/1246: $4\make_diff8$func$rtl/state_stream_controller.v:128$1035.$result[7:0]$2594
   209/1246: $5\make_diff8$func$rtl/state_stream_controller.v:128$1034.$result[7:0]$2591
   210/1246: $4\make_diff8$func$rtl/state_stream_controller.v:128$1034.$result[7:0]$2589
   211/1246: $5\make_diff8$func$rtl/state_stream_controller.v:128$1033.$result[7:0]$2586
   212/1246: $4\make_diff8$func$rtl/state_stream_controller.v:128$1033.$result[7:0]$2584
   213/1246: $5\make_diff8$func$rtl/state_stream_controller.v:128$1032.$result[7:0]$2581
   214/1246: $4\make_diff8$func$rtl/state_stream_controller.v:128$1032.$result[7:0]$2579
   215/1246: $5\make_diff8$func$rtl/state_stream_controller.v:128$1031.$result[7:0]$2576
   216/1246: $4\make_diff8$func$rtl/state_stream_controller.v:128$1031.$result[7:0]$2574
   217/1246: $5\make_diff8$func$rtl/state_stream_controller.v:128$1030.$result[7:0]$2571
   218/1246: $4\make_diff8$func$rtl/state_stream_controller.v:128$1030.$result[7:0]$2569
   219/1246: $5\make_diff8$func$rtl/state_stream_controller.v:128$1029.$result[7:0]$2566
   220/1246: $4\make_diff8$func$rtl/state_stream_controller.v:128$1029.$result[7:0]$2564
   221/1246: $5\make_diff8$func$rtl/state_stream_controller.v:128$1028.$result[7:0]$2561
   222/1246: $4\make_diff8$func$rtl/state_stream_controller.v:128$1028.$result[7:0]$2559
   223/1246: $5\make_diff8$func$rtl/state_stream_controller.v:128$1027.$result[7:0]$2556
   224/1246: $4\make_diff8$func$rtl/state_stream_controller.v:128$1027.$result[7:0]$2554
   225/1246: $5\make_diff8$func$rtl/state_stream_controller.v:128$1026.$result[7:0]$2551
   226/1246: $4\make_diff8$func$rtl/state_stream_controller.v:128$1026.$result[7:0]$2549
   227/1246: $5\make_diff8$func$rtl/state_stream_controller.v:128$1025.$result[7:0]$2546
   228/1246: $4\make_diff8$func$rtl/state_stream_controller.v:128$1025.$result[7:0]$2544
   229/1246: $5\i[31:0]
   230/1246: $3\make_diff8$func$rtl/state_stream_controller.v:128$1040.$result[7:0]$2474
   231/1246: $3\make_diff8$func$rtl/state_stream_controller.v:128$1040.x[8:0]$2477
   232/1246: $3\make_diff8$func$rtl/state_stream_controller.v:128$1040.u[7:0]$2476
   233/1246: $3\make_diff8$func$rtl/state_stream_controller.v:128$1040.v[7:0]$2475
   234/1246: $0\write_data_q[127:0] [127:120]
   235/1246: $0\write_data_q[127:0] [119:112]
   236/1246: $3\make_diff8$func$rtl/state_stream_controller.v:128$1039.x[8:0]$2473
   237/1246: $3\make_diff8$func$rtl/state_stream_controller.v:128$1039.u[7:0]$2472
   238/1246: $3\make_diff8$func$rtl/state_stream_controller.v:128$1039.v[7:0]$2471
   239/1246: $3\make_diff8$func$rtl/state_stream_controller.v:128$1039.$result[7:0]$2470
   240/1246: $0\write_data_q[127:0] [111:104]
   241/1246: $3\make_diff8$func$rtl/state_stream_controller.v:128$1038.x[8:0]$2469
   242/1246: $3\make_diff8$func$rtl/state_stream_controller.v:128$1038.u[7:0]$2468
   243/1246: $3\make_diff8$func$rtl/state_stream_controller.v:128$1038.v[7:0]$2467
   244/1246: $3\make_diff8$func$rtl/state_stream_controller.v:128$1038.$result[7:0]$2466
   245/1246: $0\write_data_q[127:0] [103:96]
   246/1246: $3\make_diff8$func$rtl/state_stream_controller.v:128$1037.x[8:0]$2465
   247/1246: $3\make_diff8$func$rtl/state_stream_controller.v:128$1037.u[7:0]$2464
   248/1246: $3\make_diff8$func$rtl/state_stream_controller.v:128$1037.v[7:0]$2463
   249/1246: $3\make_diff8$func$rtl/state_stream_controller.v:128$1037.$result[7:0]$2462
   250/1246: $0\write_data_q[127:0] [95:88]
   251/1246: $3\make_diff8$func$rtl/state_stream_controller.v:128$1036.x[8:0]$2461
   252/1246: $3\make_diff8$func$rtl/state_stream_controller.v:128$1036.u[7:0]$2460
   253/1246: $3\make_diff8$func$rtl/state_stream_controller.v:128$1036.v[7:0]$2459
   254/1246: $3\make_diff8$func$rtl/state_stream_controller.v:128$1036.$result[7:0]$2458
   255/1246: $0\write_data_q[127:0] [87:80]
   256/1246: $3\make_diff8$func$rtl/state_stream_controller.v:128$1035.x[8:0]$2457
   257/1246: $3\make_diff8$func$rtl/state_stream_controller.v:128$1035.u[7:0]$2456
   258/1246: $3\make_diff8$func$rtl/state_stream_controller.v:128$1035.v[7:0]$2455
   259/1246: $3\make_diff8$func$rtl/state_stream_controller.v:128$1035.$result[7:0]$2454
   260/1246: $0\write_data_q[127:0] [79:72]
   261/1246: $3\make_diff8$func$rtl/state_stream_controller.v:128$1034.x[8:0]$2453
   262/1246: $3\make_diff8$func$rtl/state_stream_controller.v:128$1034.u[7:0]$2452
   263/1246: $3\make_diff8$func$rtl/state_stream_controller.v:128$1034.v[7:0]$2451
   264/1246: $3\make_diff8$func$rtl/state_stream_controller.v:128$1034.$result[7:0]$2450
   265/1246: $0\write_data_q[127:0] [71:64]
   266/1246: $3\make_diff8$func$rtl/state_stream_controller.v:128$1033.x[8:0]$2449
   267/1246: $3\make_diff8$func$rtl/state_stream_controller.v:128$1033.u[7:0]$2448
   268/1246: $3\make_diff8$func$rtl/state_stream_controller.v:128$1033.v[7:0]$2447
   269/1246: $3\make_diff8$func$rtl/state_stream_controller.v:128$1033.$result[7:0]$2446
   270/1246: $0\write_data_q[127:0] [63:56]
   271/1246: $3\make_diff8$func$rtl/state_stream_controller.v:128$1032.x[8:0]$2445
   272/1246: $3\make_diff8$func$rtl/state_stream_controller.v:128$1032.u[7:0]$2444
   273/1246: $3\make_diff8$func$rtl/state_stream_controller.v:128$1032.v[7:0]$2443
   274/1246: $3\make_diff8$func$rtl/state_stream_controller.v:128$1032.$result[7:0]$2442
   275/1246: $0\write_data_q[127:0] [55:48]
   276/1246: $3\make_diff8$func$rtl/state_stream_controller.v:128$1031.x[8:0]$2441
   277/1246: $3\make_diff8$func$rtl/state_stream_controller.v:128$1031.u[7:0]$2440
   278/1246: $3\make_diff8$func$rtl/state_stream_controller.v:128$1031.v[7:0]$2439
   279/1246: $3\make_diff8$func$rtl/state_stream_controller.v:128$1031.$result[7:0]$2438
   280/1246: $0\write_data_q[127:0] [47:40]
   281/1246: $3\make_diff8$func$rtl/state_stream_controller.v:128$1030.x[8:0]$2437
   282/1246: $3\make_diff8$func$rtl/state_stream_controller.v:128$1030.u[7:0]$2436
   283/1246: $3\make_diff8$func$rtl/state_stream_controller.v:128$1030.v[7:0]$2435
   284/1246: $3\make_diff8$func$rtl/state_stream_controller.v:128$1030.$result[7:0]$2434
   285/1246: $0\write_data_q[127:0] [39:32]
   286/1246: $3\make_diff8$func$rtl/state_stream_controller.v:128$1029.x[8:0]$2433
   287/1246: $3\make_diff8$func$rtl/state_stream_controller.v:128$1029.u[7:0]$2432
   288/1246: $3\make_diff8$func$rtl/state_stream_controller.v:128$1029.v[7:0]$2431
   289/1246: $3\make_diff8$func$rtl/state_stream_controller.v:128$1029.$result[7:0]$2430
   290/1246: $0\write_data_q[127:0] [31:24]
   291/1246: $3\make_diff8$func$rtl/state_stream_controller.v:128$1028.x[8:0]$2429
   292/1246: $3\make_diff8$func$rtl/state_stream_controller.v:128$1028.u[7:0]$2428
   293/1246: $3\make_diff8$func$rtl/state_stream_controller.v:128$1028.v[7:0]$2427
   294/1246: $3\make_diff8$func$rtl/state_stream_controller.v:128$1028.$result[7:0]$2426
   295/1246: $0\write_data_q[127:0] [23:16]
   296/1246: $3\make_diff8$func$rtl/state_stream_controller.v:128$1027.x[8:0]$2425
   297/1246: $3\make_diff8$func$rtl/state_stream_controller.v:128$1027.u[7:0]$2424
   298/1246: $3\make_diff8$func$rtl/state_stream_controller.v:128$1027.v[7:0]$2423
   299/1246: $3\make_diff8$func$rtl/state_stream_controller.v:128$1027.$result[7:0]$2422
   300/1246: $0\write_data_q[127:0] [15:8]
   301/1246: $3\make_diff8$func$rtl/state_stream_controller.v:128$1026.x[8:0]$2421
   302/1246: $3\make_diff8$func$rtl/state_stream_controller.v:128$1026.u[7:0]$2420
   303/1246: $3\make_diff8$func$rtl/state_stream_controller.v:128$1026.v[7:0]$2419
   304/1246: $3\make_diff8$func$rtl/state_stream_controller.v:128$1026.$result[7:0]$2418
   305/1246: $0\write_data_q[127:0] [7:0]
   306/1246: $3\make_diff8$func$rtl/state_stream_controller.v:128$1025.x[8:0]$2417
   307/1246: $3\make_diff8$func$rtl/state_stream_controller.v:128$1025.u[7:0]$2416
   308/1246: $3\make_diff8$func$rtl/state_stream_controller.v:128$1025.v[7:0]$2415
   309/1246: $3\make_diff8$func$rtl/state_stream_controller.v:129$1056.x[8:0]$2541
   310/1246: $3\make_diff8$func$rtl/state_stream_controller.v:129$1056.u[7:0]$2540
   311/1246: $3\make_diff8$func$rtl/state_stream_controller.v:129$1056.v[7:0]$2539
   312/1246: $3\make_diff8$func$rtl/state_stream_controller.v:129$1056.$result[7:0]$2538
   313/1246: $3\make_diff8$func$rtl/state_stream_controller.v:129$1055.x[8:0]$2537
   314/1246: $3\make_diff8$func$rtl/state_stream_controller.v:129$1055.u[7:0]$2536
   315/1246: $3\make_diff8$func$rtl/state_stream_controller.v:129$1055.v[7:0]$2535
   316/1246: $3\make_diff8$func$rtl/state_stream_controller.v:129$1055.$result[7:0]$2534
   317/1246: $3\make_diff8$func$rtl/state_stream_controller.v:129$1054.x[8:0]$2533
   318/1246: $3\make_diff8$func$rtl/state_stream_controller.v:129$1054.u[7:0]$2532
   319/1246: $3\make_diff8$func$rtl/state_stream_controller.v:129$1054.v[7:0]$2531
   320/1246: $3\make_diff8$func$rtl/state_stream_controller.v:129$1054.$result[7:0]$2530
   321/1246: $3\make_diff8$func$rtl/state_stream_controller.v:129$1053.x[8:0]$2529
   322/1246: $3\make_diff8$func$rtl/state_stream_controller.v:129$1053.u[7:0]$2528
   323/1246: $3\make_diff8$func$rtl/state_stream_controller.v:129$1053.v[7:0]$2527
   324/1246: $3\make_diff8$func$rtl/state_stream_controller.v:129$1053.$result[7:0]$2526
   325/1246: $3\make_diff8$func$rtl/state_stream_controller.v:129$1052.x[8:0]$2525
   326/1246: $3\make_diff8$func$rtl/state_stream_controller.v:129$1052.u[7:0]$2524
   327/1246: $3\make_diff8$func$rtl/state_stream_controller.v:129$1052.v[7:0]$2523
   328/1246: $3\make_diff8$func$rtl/state_stream_controller.v:129$1052.$result[7:0]$2522
   329/1246: $3\make_diff8$func$rtl/state_stream_controller.v:129$1051.x[8:0]$2521
   330/1246: $3\make_diff8$func$rtl/state_stream_controller.v:129$1051.u[7:0]$2520
   331/1246: $3\make_diff8$func$rtl/state_stream_controller.v:129$1051.v[7:0]$2519
   332/1246: $3\make_diff8$func$rtl/state_stream_controller.v:129$1051.$result[7:0]$2518
   333/1246: $3\make_diff8$func$rtl/state_stream_controller.v:129$1050.x[8:0]$2517
   334/1246: $3\make_diff8$func$rtl/state_stream_controller.v:129$1050.u[7:0]$2516
   335/1246: $3\make_diff8$func$rtl/state_stream_controller.v:129$1050.v[7:0]$2515
   336/1246: $3\make_diff8$func$rtl/state_stream_controller.v:129$1050.$result[7:0]$2514
   337/1246: $3\make_diff8$func$rtl/state_stream_controller.v:129$1049.x[8:0]$2513
   338/1246: $3\make_diff8$func$rtl/state_stream_controller.v:129$1049.u[7:0]$2512
   339/1246: $3\make_diff8$func$rtl/state_stream_controller.v:129$1049.v[7:0]$2511
   340/1246: $3\make_diff8$func$rtl/state_stream_controller.v:129$1049.$result[7:0]$2510
   341/1246: $3\make_diff8$func$rtl/state_stream_controller.v:129$1048.x[8:0]$2509
   342/1246: $3\make_diff8$func$rtl/state_stream_controller.v:129$1048.u[7:0]$2508
   343/1246: $3\make_diff8$func$rtl/state_stream_controller.v:129$1048.v[7:0]$2507
   344/1246: $3\make_diff8$func$rtl/state_stream_controller.v:129$1048.$result[7:0]$2506
   345/1246: $3\make_diff8$func$rtl/state_stream_controller.v:129$1047.x[8:0]$2505
   346/1246: $3\make_diff8$func$rtl/state_stream_controller.v:129$1047.u[7:0]$2504
   347/1246: $3\make_diff8$func$rtl/state_stream_controller.v:129$1047.v[7:0]$2503
   348/1246: $3\make_diff8$func$rtl/state_stream_controller.v:129$1047.$result[7:0]$2502
   349/1246: $3\make_diff8$func$rtl/state_stream_controller.v:129$1046.x[8:0]$2501
   350/1246: $3\make_diff8$func$rtl/state_stream_controller.v:129$1046.u[7:0]$2500
   351/1246: $3\make_diff8$func$rtl/state_stream_controller.v:129$1046.v[7:0]$2499
   352/1246: $3\make_diff8$func$rtl/state_stream_controller.v:129$1046.$result[7:0]$2498
   353/1246: $3\make_diff8$func$rtl/state_stream_controller.v:129$1045.x[8:0]$2497
   354/1246: $3\make_diff8$func$rtl/state_stream_controller.v:129$1045.u[7:0]$2496
   355/1246: $3\make_diff8$func$rtl/state_stream_controller.v:129$1045.v[7:0]$2495
   356/1246: $3\make_diff8$func$rtl/state_stream_controller.v:129$1045.$result[7:0]$2494
   357/1246: $3\make_diff8$func$rtl/state_stream_controller.v:129$1044.x[8:0]$2493
   358/1246: $3\make_diff8$func$rtl/state_stream_controller.v:129$1044.u[7:0]$2492
   359/1246: $3\make_diff8$func$rtl/state_stream_controller.v:129$1044.v[7:0]$2491
   360/1246: $3\make_diff8$func$rtl/state_stream_controller.v:129$1044.$result[7:0]$2490
   361/1246: $3\make_diff8$func$rtl/state_stream_controller.v:129$1043.x[8:0]$2489
   362/1246: $3\make_diff8$func$rtl/state_stream_controller.v:129$1043.u[7:0]$2488
   363/1246: $3\make_diff8$func$rtl/state_stream_controller.v:129$1043.v[7:0]$2487
   364/1246: $3\make_diff8$func$rtl/state_stream_controller.v:129$1043.$result[7:0]$2486
   365/1246: $3\make_diff8$func$rtl/state_stream_controller.v:129$1042.x[8:0]$2485
   366/1246: $3\make_diff8$func$rtl/state_stream_controller.v:129$1042.u[7:0]$2484
   367/1246: $3\make_diff8$func$rtl/state_stream_controller.v:129$1042.v[7:0]$2483
   368/1246: $3\make_diff8$func$rtl/state_stream_controller.v:129$1042.$result[7:0]$2482
   369/1246: $3\make_diff8$func$rtl/state_stream_controller.v:129$1041.x[8:0]$2481
   370/1246: $3\make_diff8$func$rtl/state_stream_controller.v:129$1041.u[7:0]$2480
   371/1246: $3\make_diff8$func$rtl/state_stream_controller.v:129$1041.v[7:0]$2479
   372/1246: $3\make_diff8$func$rtl/state_stream_controller.v:129$1041.$result[7:0]$2478
   373/1246: $5\rq8$func$rtl/state_stream_controller.v:124$1024.$result[7:0]$2412
   374/1246: $4\rq8$func$rtl/state_stream_controller.v:124$1024.$result[7:0]$2410
   375/1246: $5\rq8$func$rtl/state_stream_controller.v:124$1023.$result[7:0]$2407
   376/1246: $4\rq8$func$rtl/state_stream_controller.v:124$1023.$result[7:0]$2405
   377/1246: $5\rq8$func$rtl/state_stream_controller.v:124$1022.$result[7:0]$2402
   378/1246: $4\rq8$func$rtl/state_stream_controller.v:124$1022.$result[7:0]$2400
   379/1246: $5\rq8$func$rtl/state_stream_controller.v:124$1021.$result[7:0]$2397
   380/1246: $4\rq8$func$rtl/state_stream_controller.v:124$1021.$result[7:0]$2395
   381/1246: $5\rq8$func$rtl/state_stream_controller.v:124$1020.$result[7:0]$2392
   382/1246: $4\rq8$func$rtl/state_stream_controller.v:124$1020.$result[7:0]$2390
   383/1246: $5\rq8$func$rtl/state_stream_controller.v:124$1019.$result[7:0]$2387
   384/1246: $4\rq8$func$rtl/state_stream_controller.v:124$1019.$result[7:0]$2385
   385/1246: $5\rq8$func$rtl/state_stream_controller.v:124$1018.$result[7:0]$2382
   386/1246: $4\rq8$func$rtl/state_stream_controller.v:124$1018.$result[7:0]$2380
   387/1246: $5\rq8$func$rtl/state_stream_controller.v:124$1017.$result[7:0]$2377
   388/1246: $4\rq8$func$rtl/state_stream_controller.v:124$1017.$result[7:0]$2375
   389/1246: $5\rq8$func$rtl/state_stream_controller.v:124$1016.$result[7:0]$2372
   390/1246: $4\rq8$func$rtl/state_stream_controller.v:124$1016.$result[7:0]$2370
   391/1246: $5\rq8$func$rtl/state_stream_controller.v:124$1015.$result[7:0]$2367
   392/1246: $4\rq8$func$rtl/state_stream_controller.v:124$1015.$result[7:0]$2365
   393/1246: $5\rq8$func$rtl/state_stream_controller.v:124$1014.$result[7:0]$2362
   394/1246: $4\rq8$func$rtl/state_stream_controller.v:124$1014.$result[7:0]$2360
   395/1246: $5\rq8$func$rtl/state_stream_controller.v:124$1013.$result[7:0]$2357
   396/1246: $4\rq8$func$rtl/state_stream_controller.v:124$1013.$result[7:0]$2355
   397/1246: $5\rq8$func$rtl/state_stream_controller.v:124$1012.$result[7:0]$2352
   398/1246: $4\rq8$func$rtl/state_stream_controller.v:124$1012.$result[7:0]$2350
   399/1246: $5\rq8$func$rtl/state_stream_controller.v:124$1011.$result[7:0]$2347
   400/1246: $4\rq8$func$rtl/state_stream_controller.v:124$1011.$result[7:0]$2345
   401/1246: $5\rq8$func$rtl/state_stream_controller.v:124$1010.$result[7:0]$2342
   402/1246: $4\rq8$func$rtl/state_stream_controller.v:124$1010.$result[7:0]$2340
   403/1246: $5\rq8$func$rtl/state_stream_controller.v:124$1009.$result[7:0]$2337
   404/1246: $4\rq8$func$rtl/state_stream_controller.v:124$1009.$result[7:0]$2335
   405/1246: $5\rq8$func$rtl/state_stream_controller.v:123$1008.$result[7:0]$2332
   406/1246: $4\rq8$func$rtl/state_stream_controller.v:123$1008.$result[7:0]$2330
   407/1246: $5\rq8$func$rtl/state_stream_controller.v:123$1007.$result[7:0]$2327
   408/1246: $4\rq8$func$rtl/state_stream_controller.v:123$1007.$result[7:0]$2325
   409/1246: $5\rq8$func$rtl/state_stream_controller.v:123$1006.$result[7:0]$2322
   410/1246: $4\rq8$func$rtl/state_stream_controller.v:123$1006.$result[7:0]$2320
   411/1246: $5\rq8$func$rtl/state_stream_controller.v:123$1005.$result[7:0]$2317
   412/1246: $4\rq8$func$rtl/state_stream_controller.v:123$1005.$result[7:0]$2315
   413/1246: $5\rq8$func$rtl/state_stream_controller.v:123$1004.$result[7:0]$2312
   414/1246: $4\rq8$func$rtl/state_stream_controller.v:123$1004.$result[7:0]$2310
   415/1246: $5\rq8$func$rtl/state_stream_controller.v:123$1003.$result[7:0]$2307
   416/1246: $4\rq8$func$rtl/state_stream_controller.v:123$1003.$result[7:0]$2305
   417/1246: $5\rq8$func$rtl/state_stream_controller.v:123$1002.$result[7:0]$2302
   418/1246: $4\rq8$func$rtl/state_stream_controller.v:123$1002.$result[7:0]$2300
   419/1246: $5\rq8$func$rtl/state_stream_controller.v:123$1001.$result[7:0]$2297
   420/1246: $4\rq8$func$rtl/state_stream_controller.v:123$1001.$result[7:0]$2295
   421/1246: $5\rq8$func$rtl/state_stream_controller.v:123$1000.$result[7:0]$2292
   422/1246: $4\rq8$func$rtl/state_stream_controller.v:123$1000.$result[7:0]$2290
   423/1246: $5\rq8$func$rtl/state_stream_controller.v:123$999.$result[7:0]$2287
   424/1246: $4\rq8$func$rtl/state_stream_controller.v:123$999.$result[7:0]$2285
   425/1246: $5\rq8$func$rtl/state_stream_controller.v:123$998.$result[7:0]$2282
   426/1246: $4\rq8$func$rtl/state_stream_controller.v:123$998.$result[7:0]$2280
   427/1246: $5\rq8$func$rtl/state_stream_controller.v:123$997.$result[7:0]$2277
   428/1246: $4\rq8$func$rtl/state_stream_controller.v:123$997.$result[7:0]$2275
   429/1246: $5\rq8$func$rtl/state_stream_controller.v:123$996.$result[7:0]$2272
   430/1246: $4\rq8$func$rtl/state_stream_controller.v:123$996.$result[7:0]$2270
   431/1246: $5\rq8$func$rtl/state_stream_controller.v:123$995.$result[7:0]$2267
   432/1246: $4\rq8$func$rtl/state_stream_controller.v:123$995.$result[7:0]$2265
   433/1246: $5\rq8$func$rtl/state_stream_controller.v:123$994.$result[7:0]$2262
   434/1246: $4\rq8$func$rtl/state_stream_controller.v:123$994.$result[7:0]$2260
   435/1246: $5\rq8$func$rtl/state_stream_controller.v:123$993.$result[7:0]$2257
   436/1246: $4\rq8$func$rtl/state_stream_controller.v:123$993.$result[7:0]$2255
   437/1246: $4\i[31:0]
   438/1246: $3\rq8$func$rtl/state_stream_controller.v:123$1008.$result[7:0]$2202
   439/1246: $3\rq8$func$rtl/state_stream_controller.v:123$1008.x[14:0]$2204
   440/1246: $3\rq8$func$rtl/state_stream_controller.v:123$1008.a[23:0]$2203
   441/1246: $0\rq_data_q[127:0] [127:120]
   442/1246: $0\rq_data_q[127:0] [119:112]
   443/1246: $3\rq8$func$rtl/state_stream_controller.v:123$1007.x[14:0]$2201
   444/1246: $3\rq8$func$rtl/state_stream_controller.v:123$1007.a[23:0]$2200
   445/1246: $3\rq8$func$rtl/state_stream_controller.v:123$1007.$result[7:0]$2199
   446/1246: $0\rq_data_q[127:0] [111:104]
   447/1246: $3\rq8$func$rtl/state_stream_controller.v:123$1006.x[14:0]$2198
   448/1246: $3\rq8$func$rtl/state_stream_controller.v:123$1006.a[23:0]$2197
   449/1246: $3\rq8$func$rtl/state_stream_controller.v:123$1006.$result[7:0]$2196
   450/1246: $0\rq_data_q[127:0] [103:96]
   451/1246: $3\rq8$func$rtl/state_stream_controller.v:123$1005.x[14:0]$2195
   452/1246: $3\rq8$func$rtl/state_stream_controller.v:123$1005.a[23:0]$2194
   453/1246: $3\rq8$func$rtl/state_stream_controller.v:123$1005.$result[7:0]$2193
   454/1246: $0\rq_data_q[127:0] [95:88]
   455/1246: $3\rq8$func$rtl/state_stream_controller.v:123$1004.x[14:0]$2192
   456/1246: $3\rq8$func$rtl/state_stream_controller.v:123$1004.a[23:0]$2191
   457/1246: $3\rq8$func$rtl/state_stream_controller.v:123$1004.$result[7:0]$2190
   458/1246: $0\rq_data_q[127:0] [87:80]
   459/1246: $3\rq8$func$rtl/state_stream_controller.v:123$1003.x[14:0]$2189
   460/1246: $3\rq8$func$rtl/state_stream_controller.v:123$1003.a[23:0]$2188
   461/1246: $3\rq8$func$rtl/state_stream_controller.v:123$1003.$result[7:0]$2187
   462/1246: $0\rq_data_q[127:0] [79:72]
   463/1246: $3\rq8$func$rtl/state_stream_controller.v:123$1002.x[14:0]$2186
   464/1246: $3\rq8$func$rtl/state_stream_controller.v:123$1002.a[23:0]$2185
   465/1246: $3\rq8$func$rtl/state_stream_controller.v:123$1002.$result[7:0]$2184
   466/1246: $0\rq_data_q[127:0] [71:64]
   467/1246: $3\rq8$func$rtl/state_stream_controller.v:123$1001.x[14:0]$2183
   468/1246: $3\rq8$func$rtl/state_stream_controller.v:123$1001.a[23:0]$2182
   469/1246: $3\rq8$func$rtl/state_stream_controller.v:123$1001.$result[7:0]$2181
   470/1246: $0\rq_data_q[127:0] [63:56]
   471/1246: $3\rq8$func$rtl/state_stream_controller.v:123$1000.x[14:0]$2180
   472/1246: $3\rq8$func$rtl/state_stream_controller.v:123$1000.a[23:0]$2179
   473/1246: $3\rq8$func$rtl/state_stream_controller.v:123$1000.$result[7:0]$2178
   474/1246: $0\rq_data_q[127:0] [55:48]
   475/1246: $3\rq8$func$rtl/state_stream_controller.v:123$999.x[14:0]$2177
   476/1246: $3\rq8$func$rtl/state_stream_controller.v:123$999.a[23:0]$2176
   477/1246: $3\rq8$func$rtl/state_stream_controller.v:123$999.$result[7:0]$2175
   478/1246: $0\rq_data_q[127:0] [47:40]
   479/1246: $3\rq8$func$rtl/state_stream_controller.v:123$998.x[14:0]$2174
   480/1246: $3\rq8$func$rtl/state_stream_controller.v:123$998.a[23:0]$2173
   481/1246: $3\rq8$func$rtl/state_stream_controller.v:123$998.$result[7:0]$2172
   482/1246: $0\rq_data_q[127:0] [39:32]
   483/1246: $3\rq8$func$rtl/state_stream_controller.v:123$997.x[14:0]$2171
   484/1246: $3\rq8$func$rtl/state_stream_controller.v:123$997.a[23:0]$2170
   485/1246: $3\rq8$func$rtl/state_stream_controller.v:123$997.$result[7:0]$2169
   486/1246: $0\rq_data_q[127:0] [31:24]
   487/1246: $3\rq8$func$rtl/state_stream_controller.v:123$996.x[14:0]$2168
   488/1246: $3\rq8$func$rtl/state_stream_controller.v:123$996.a[23:0]$2167
   489/1246: $3\rq8$func$rtl/state_stream_controller.v:123$996.$result[7:0]$2166
   490/1246: $0\rq_data_q[127:0] [23:16]
   491/1246: $3\rq8$func$rtl/state_stream_controller.v:123$995.x[14:0]$2165
   492/1246: $3\rq8$func$rtl/state_stream_controller.v:123$995.a[23:0]$2164
   493/1246: $3\rq8$func$rtl/state_stream_controller.v:123$995.$result[7:0]$2163
   494/1246: $0\rq_data_q[127:0] [15:8]
   495/1246: $3\rq8$func$rtl/state_stream_controller.v:123$994.x[14:0]$2162
   496/1246: $3\rq8$func$rtl/state_stream_controller.v:123$994.a[23:0]$2161
   497/1246: $3\rq8$func$rtl/state_stream_controller.v:123$994.$result[7:0]$2160
   498/1246: $0\rq_data_q[127:0] [7:0]
   499/1246: $3\rq8$func$rtl/state_stream_controller.v:123$993.x[14:0]$2159
   500/1246: $3\rq8$func$rtl/state_stream_controller.v:123$993.a[23:0]$2158
   501/1246: $3\rq8$func$rtl/state_stream_controller.v:124$1024.x[14:0]$2252
   502/1246: $3\rq8$func$rtl/state_stream_controller.v:124$1024.a[23:0]$2251
   503/1246: $3\rq8$func$rtl/state_stream_controller.v:124$1024.$result[7:0]$2250
   504/1246: $3\rq8$func$rtl/state_stream_controller.v:124$1023.x[14:0]$2249
   505/1246: $3\rq8$func$rtl/state_stream_controller.v:124$1023.a[23:0]$2248
   506/1246: $3\rq8$func$rtl/state_stream_controller.v:124$1023.$result[7:0]$2247
   507/1246: $3\rq8$func$rtl/state_stream_controller.v:124$1022.x[14:0]$2246
   508/1246: $3\rq8$func$rtl/state_stream_controller.v:124$1022.a[23:0]$2245
   509/1246: $3\rq8$func$rtl/state_stream_controller.v:124$1022.$result[7:0]$2244
   510/1246: $3\rq8$func$rtl/state_stream_controller.v:124$1021.x[14:0]$2243
   511/1246: $3\rq8$func$rtl/state_stream_controller.v:124$1021.a[23:0]$2242
   512/1246: $3\rq8$func$rtl/state_stream_controller.v:124$1021.$result[7:0]$2241
   513/1246: $3\rq8$func$rtl/state_stream_controller.v:124$1020.x[14:0]$2240
   514/1246: $3\rq8$func$rtl/state_stream_controller.v:124$1020.a[23:0]$2239
   515/1246: $3\rq8$func$rtl/state_stream_controller.v:124$1020.$result[7:0]$2238
   516/1246: $3\rq8$func$rtl/state_stream_controller.v:124$1019.x[14:0]$2237
   517/1246: $3\rq8$func$rtl/state_stream_controller.v:124$1019.a[23:0]$2236
   518/1246: $3\rq8$func$rtl/state_stream_controller.v:124$1019.$result[7:0]$2235
   519/1246: $3\rq8$func$rtl/state_stream_controller.v:124$1018.x[14:0]$2234
   520/1246: $3\rq8$func$rtl/state_stream_controller.v:124$1018.a[23:0]$2233
   521/1246: $3\rq8$func$rtl/state_stream_controller.v:124$1018.$result[7:0]$2232
   522/1246: $3\rq8$func$rtl/state_stream_controller.v:124$1017.x[14:0]$2231
   523/1246: $3\rq8$func$rtl/state_stream_controller.v:124$1017.a[23:0]$2230
   524/1246: $3\rq8$func$rtl/state_stream_controller.v:124$1017.$result[7:0]$2229
   525/1246: $3\rq8$func$rtl/state_stream_controller.v:124$1016.x[14:0]$2228
   526/1246: $3\rq8$func$rtl/state_stream_controller.v:124$1016.a[23:0]$2227
   527/1246: $3\rq8$func$rtl/state_stream_controller.v:124$1016.$result[7:0]$2226
   528/1246: $3\rq8$func$rtl/state_stream_controller.v:124$1015.x[14:0]$2225
   529/1246: $3\rq8$func$rtl/state_stream_controller.v:124$1015.a[23:0]$2224
   530/1246: $3\rq8$func$rtl/state_stream_controller.v:124$1015.$result[7:0]$2223
   531/1246: $3\rq8$func$rtl/state_stream_controller.v:124$1014.x[14:0]$2222
   532/1246: $3\rq8$func$rtl/state_stream_controller.v:124$1014.a[23:0]$2221
   533/1246: $3\rq8$func$rtl/state_stream_controller.v:124$1014.$result[7:0]$2220
   534/1246: $3\rq8$func$rtl/state_stream_controller.v:124$1013.x[14:0]$2219
   535/1246: $3\rq8$func$rtl/state_stream_controller.v:124$1013.a[23:0]$2218
   536/1246: $3\rq8$func$rtl/state_stream_controller.v:124$1013.$result[7:0]$2217
   537/1246: $3\rq8$func$rtl/state_stream_controller.v:124$1012.x[14:0]$2216
   538/1246: $3\rq8$func$rtl/state_stream_controller.v:124$1012.a[23:0]$2215
   539/1246: $3\rq8$func$rtl/state_stream_controller.v:124$1012.$result[7:0]$2214
   540/1246: $3\rq8$func$rtl/state_stream_controller.v:124$1011.x[14:0]$2213
   541/1246: $3\rq8$func$rtl/state_stream_controller.v:124$1011.a[23:0]$2212
   542/1246: $3\rq8$func$rtl/state_stream_controller.v:124$1011.$result[7:0]$2211
   543/1246: $3\rq8$func$rtl/state_stream_controller.v:124$1010.x[14:0]$2210
   544/1246: $3\rq8$func$rtl/state_stream_controller.v:124$1010.a[23:0]$2209
   545/1246: $3\rq8$func$rtl/state_stream_controller.v:124$1010.$result[7:0]$2208
   546/1246: $3\rq8$func$rtl/state_stream_controller.v:124$1009.x[14:0]$2207
   547/1246: $3\rq8$func$rtl/state_stream_controller.v:124$1009.a[23:0]$2206
   548/1246: $3\rq8$func$rtl/state_stream_controller.v:124$1009.$result[7:0]$2205
   549/1246: $0\v_cache[255:0] [255:192]
   550/1246: $0\v_cache[255:0] [191:128]
   551/1246: $0\v_cache[255:0] [127:64]
   552/1246: $0\v_cache[255:0] [63:0]
   553/1246: $0\state_build[255:0] [127:64]
   554/1246: $0\state_build[255:0] [63:0]
   555/1246: $0\diff_cache[255:0] [255:128]
   556/1246: $2\i[31:0]
   557/1246: $2\rq8$func$rtl/state_stream_controller.v:157$1088.x[14:0]$2117
   558/1246: $2\rq8$func$rtl/state_stream_controller.v:157$1088.a[23:0]$2116
   559/1246: $2\rq8$func$rtl/state_stream_controller.v:157$1088.$result[7:0]$2115
   560/1246: $2\rq8$func$rtl/state_stream_controller.v:157$1087.x[14:0]$2114
   561/1246: $2\rq8$func$rtl/state_stream_controller.v:157$1087.a[23:0]$2113
   562/1246: $2\rq8$func$rtl/state_stream_controller.v:157$1087.$result[7:0]$2112
   563/1246: $2\rq8$func$rtl/state_stream_controller.v:157$1086.x[14:0]$2111
   564/1246: $2\rq8$func$rtl/state_stream_controller.v:157$1086.a[23:0]$2110
   565/1246: $2\rq8$func$rtl/state_stream_controller.v:157$1086.$result[7:0]$2109
   566/1246: $2\rq8$func$rtl/state_stream_controller.v:157$1085.x[14:0]$2108
   567/1246: $2\rq8$func$rtl/state_stream_controller.v:157$1085.a[23:0]$2107
   568/1246: $2\rq8$func$rtl/state_stream_controller.v:157$1085.$result[7:0]$2106
   569/1246: $2\rq8$func$rtl/state_stream_controller.v:157$1084.x[14:0]$2105
   570/1246: $2\rq8$func$rtl/state_stream_controller.v:157$1084.a[23:0]$2104
   571/1246: $2\rq8$func$rtl/state_stream_controller.v:157$1084.$result[7:0]$2103
   572/1246: $2\rq8$func$rtl/state_stream_controller.v:157$1083.x[14:0]$2102
   573/1246: $2\rq8$func$rtl/state_stream_controller.v:157$1083.a[23:0]$2101
   574/1246: $2\rq8$func$rtl/state_stream_controller.v:157$1083.$result[7:0]$2100
   575/1246: $2\rq8$func$rtl/state_stream_controller.v:157$1082.x[14:0]$2099
   576/1246: $2\rq8$func$rtl/state_stream_controller.v:157$1082.a[23:0]$2098
   577/1246: $2\rq8$func$rtl/state_stream_controller.v:157$1082.$result[7:0]$2097
   578/1246: $2\rq8$func$rtl/state_stream_controller.v:157$1081.x[14:0]$2096
   579/1246: $2\rq8$func$rtl/state_stream_controller.v:157$1081.a[23:0]$2095
   580/1246: $2\rq8$func$rtl/state_stream_controller.v:157$1081.$result[7:0]$2094
   581/1246: $2\rq8$func$rtl/state_stream_controller.v:157$1080.x[14:0]$2093
   582/1246: $2\rq8$func$rtl/state_stream_controller.v:157$1080.a[23:0]$2092
   583/1246: $2\rq8$func$rtl/state_stream_controller.v:157$1080.$result[7:0]$2091
   584/1246: $2\rq8$func$rtl/state_stream_controller.v:157$1079.x[14:0]$2090
   585/1246: $2\rq8$func$rtl/state_stream_controller.v:157$1079.a[23:0]$2089
   586/1246: $2\rq8$func$rtl/state_stream_controller.v:157$1079.$result[7:0]$2088
   587/1246: $2\rq8$func$rtl/state_stream_controller.v:157$1078.x[14:0]$2087
   588/1246: $2\rq8$func$rtl/state_stream_controller.v:157$1078.a[23:0]$2086
   589/1246: $2\rq8$func$rtl/state_stream_controller.v:157$1078.$result[7:0]$2085
   590/1246: $2\rq8$func$rtl/state_stream_controller.v:157$1077.x[14:0]$2084
   591/1246: $2\rq8$func$rtl/state_stream_controller.v:157$1077.a[23:0]$2083
   592/1246: $2\rq8$func$rtl/state_stream_controller.v:157$1077.$result[7:0]$2082
   593/1246: $2\rq8$func$rtl/state_stream_controller.v:157$1076.x[14:0]$2081
   594/1246: $2\rq8$func$rtl/state_stream_controller.v:157$1076.a[23:0]$2080
   595/1246: $2\rq8$func$rtl/state_stream_controller.v:157$1076.$result[7:0]$2079
   596/1246: $2\rq8$func$rtl/state_stream_controller.v:157$1075.x[14:0]$2078
   597/1246: $2\rq8$func$rtl/state_stream_controller.v:157$1075.a[23:0]$2077
   598/1246: $2\rq8$func$rtl/state_stream_controller.v:157$1075.$result[7:0]$2076
   599/1246: $2\rq8$func$rtl/state_stream_controller.v:157$1074.x[14:0]$2075
   600/1246: $2\rq8$func$rtl/state_stream_controller.v:157$1074.a[23:0]$2074
   601/1246: $2\rq8$func$rtl/state_stream_controller.v:157$1074.$result[7:0]$2073
   602/1246: $2\rq8$func$rtl/state_stream_controller.v:157$1073.x[14:0]$2072
   603/1246: $2\rq8$func$rtl/state_stream_controller.v:157$1073.a[23:0]$2071
   604/1246: $2\rq8$func$rtl/state_stream_controller.v:157$1073.$result[7:0]$2070
   605/1246: $2\rq8$func$rtl/state_stream_controller.v:156$1072.x[14:0]$2069
   606/1246: $2\rq8$func$rtl/state_stream_controller.v:156$1072.a[23:0]$2068
   607/1246: $2\rq8$func$rtl/state_stream_controller.v:156$1072.$result[7:0]$2067
   608/1246: $2\rq8$func$rtl/state_stream_controller.v:156$1071.x[14:0]$2066
   609/1246: $2\rq8$func$rtl/state_stream_controller.v:156$1071.a[23:0]$2065
   610/1246: $2\rq8$func$rtl/state_stream_controller.v:156$1071.$result[7:0]$2064
   611/1246: $2\rq8$func$rtl/state_stream_controller.v:156$1070.x[14:0]$2063
   612/1246: $2\rq8$func$rtl/state_stream_controller.v:156$1070.a[23:0]$2062
   613/1246: $2\rq8$func$rtl/state_stream_controller.v:156$1070.$result[7:0]$2061
   614/1246: $2\rq8$func$rtl/state_stream_controller.v:156$1069.x[14:0]$2060
   615/1246: $2\rq8$func$rtl/state_stream_controller.v:156$1069.a[23:0]$2059
   616/1246: $2\rq8$func$rtl/state_stream_controller.v:156$1069.$result[7:0]$2058
   617/1246: $2\rq8$func$rtl/state_stream_controller.v:156$1068.x[14:0]$2057
   618/1246: $2\rq8$func$rtl/state_stream_controller.v:156$1068.a[23:0]$2056
   619/1246: $2\rq8$func$rtl/state_stream_controller.v:156$1068.$result[7:0]$2055
   620/1246: $2\rq8$func$rtl/state_stream_controller.v:156$1067.x[14:0]$2054
   621/1246: $2\rq8$func$rtl/state_stream_controller.v:156$1067.a[23:0]$2053
   622/1246: $2\rq8$func$rtl/state_stream_controller.v:156$1067.$result[7:0]$2052
   623/1246: $2\rq8$func$rtl/state_stream_controller.v:156$1066.x[14:0]$2051
   624/1246: $2\rq8$func$rtl/state_stream_controller.v:156$1066.a[23:0]$2050
   625/1246: $2\rq8$func$rtl/state_stream_controller.v:156$1066.$result[7:0]$2049
   626/1246: $2\rq8$func$rtl/state_stream_controller.v:156$1065.x[14:0]$2048
   627/1246: $2\rq8$func$rtl/state_stream_controller.v:156$1065.a[23:0]$2047
   628/1246: $2\rq8$func$rtl/state_stream_controller.v:156$1065.$result[7:0]$2046
   629/1246: $2\rq8$func$rtl/state_stream_controller.v:156$1064.x[14:0]$2045
   630/1246: $2\rq8$func$rtl/state_stream_controller.v:156$1064.a[23:0]$2044
   631/1246: $2\rq8$func$rtl/state_stream_controller.v:156$1064.$result[7:0]$2043
   632/1246: $2\rq8$func$rtl/state_stream_controller.v:156$1063.x[14:0]$2042
   633/1246: $2\rq8$func$rtl/state_stream_controller.v:156$1063.a[23:0]$2041
   634/1246: $2\rq8$func$rtl/state_stream_controller.v:156$1063.$result[7:0]$2040
   635/1246: $2\rq8$func$rtl/state_stream_controller.v:156$1062.x[14:0]$2039
   636/1246: $2\rq8$func$rtl/state_stream_controller.v:156$1062.a[23:0]$2038
   637/1246: $2\rq8$func$rtl/state_stream_controller.v:156$1062.$result[7:0]$2037
   638/1246: $2\rq8$func$rtl/state_stream_controller.v:156$1061.x[14:0]$2036
   639/1246: $2\rq8$func$rtl/state_stream_controller.v:156$1061.a[23:0]$2035
   640/1246: $2\rq8$func$rtl/state_stream_controller.v:156$1061.$result[7:0]$2034
   641/1246: $2\rq8$func$rtl/state_stream_controller.v:156$1060.x[14:0]$2033
   642/1246: $2\rq8$func$rtl/state_stream_controller.v:156$1060.a[23:0]$2032
   643/1246: $2\rq8$func$rtl/state_stream_controller.v:156$1060.$result[7:0]$2031
   644/1246: $2\rq8$func$rtl/state_stream_controller.v:156$1059.x[14:0]$2030
   645/1246: $2\rq8$func$rtl/state_stream_controller.v:156$1059.a[23:0]$2029
   646/1246: $2\rq8$func$rtl/state_stream_controller.v:156$1059.$result[7:0]$2028
   647/1246: $2\rq8$func$rtl/state_stream_controller.v:156$1058.x[14:0]$2027
   648/1246: $2\rq8$func$rtl/state_stream_controller.v:156$1058.a[23:0]$2026
   649/1246: $2\rq8$func$rtl/state_stream_controller.v:156$1058.$result[7:0]$2025
   650/1246: $2\rq8$func$rtl/state_stream_controller.v:156$1057.x[14:0]$2024
   651/1246: $2\rq8$func$rtl/state_stream_controller.v:156$1057.a[23:0]$2023
   652/1246: $2\rq8$func$rtl/state_stream_controller.v:156$1057.$result[7:0]$2022
   653/1246: $2\make_diff8$func$rtl/state_stream_controller.v:129$1056.x[8:0]$2021
   654/1246: $2\make_diff8$func$rtl/state_stream_controller.v:129$1056.u[7:0]$2020
   655/1246: $2\make_diff8$func$rtl/state_stream_controller.v:129$1056.v[7:0]$2019
   656/1246: $2\make_diff8$func$rtl/state_stream_controller.v:129$1056.$result[7:0]$2018
   657/1246: $2\make_diff8$func$rtl/state_stream_controller.v:129$1055.x[8:0]$2017
   658/1246: $2\make_diff8$func$rtl/state_stream_controller.v:129$1055.u[7:0]$2016
   659/1246: $2\make_diff8$func$rtl/state_stream_controller.v:129$1055.v[7:0]$2015
   660/1246: $2\make_diff8$func$rtl/state_stream_controller.v:129$1055.$result[7:0]$2014
   661/1246: $2\make_diff8$func$rtl/state_stream_controller.v:129$1054.x[8:0]$2013
   662/1246: $2\make_diff8$func$rtl/state_stream_controller.v:129$1054.u[7:0]$2012
   663/1246: $2\make_diff8$func$rtl/state_stream_controller.v:129$1054.v[7:0]$2011
   664/1246: $2\make_diff8$func$rtl/state_stream_controller.v:129$1054.$result[7:0]$2010
   665/1246: $2\make_diff8$func$rtl/state_stream_controller.v:129$1053.x[8:0]$2009
   666/1246: $2\make_diff8$func$rtl/state_stream_controller.v:129$1053.u[7:0]$2008
   667/1246: $2\make_diff8$func$rtl/state_stream_controller.v:129$1053.v[7:0]$2007
   668/1246: $2\make_diff8$func$rtl/state_stream_controller.v:129$1053.$result[7:0]$2006
   669/1246: $2\make_diff8$func$rtl/state_stream_controller.v:129$1052.x[8:0]$2005
   670/1246: $2\make_diff8$func$rtl/state_stream_controller.v:129$1052.u[7:0]$2004
   671/1246: $2\make_diff8$func$rtl/state_stream_controller.v:129$1052.v[7:0]$2003
   672/1246: $2\make_diff8$func$rtl/state_stream_controller.v:129$1052.$result[7:0]$2002
   673/1246: $2\make_diff8$func$rtl/state_stream_controller.v:129$1051.x[8:0]$2001
   674/1246: $2\make_diff8$func$rtl/state_stream_controller.v:129$1051.u[7:0]$2000
   675/1246: $2\make_diff8$func$rtl/state_stream_controller.v:129$1051.v[7:0]$1999
   676/1246: $2\make_diff8$func$rtl/state_stream_controller.v:129$1051.$result[7:0]$1998
   677/1246: $2\make_diff8$func$rtl/state_stream_controller.v:129$1050.x[8:0]$1997
   678/1246: $2\make_diff8$func$rtl/state_stream_controller.v:129$1050.u[7:0]$1996
   679/1246: $2\make_diff8$func$rtl/state_stream_controller.v:129$1050.v[7:0]$1995
   680/1246: $2\make_diff8$func$rtl/state_stream_controller.v:129$1050.$result[7:0]$1994
   681/1246: $2\make_diff8$func$rtl/state_stream_controller.v:129$1049.x[8:0]$1993
   682/1246: $2\make_diff8$func$rtl/state_stream_controller.v:129$1049.u[7:0]$1992
   683/1246: $2\make_diff8$func$rtl/state_stream_controller.v:129$1049.v[7:0]$1991
   684/1246: $2\make_diff8$func$rtl/state_stream_controller.v:129$1049.$result[7:0]$1990
   685/1246: $2\make_diff8$func$rtl/state_stream_controller.v:129$1048.x[8:0]$1989
   686/1246: $2\make_diff8$func$rtl/state_stream_controller.v:129$1048.u[7:0]$1988
   687/1246: $2\make_diff8$func$rtl/state_stream_controller.v:129$1048.v[7:0]$1987
   688/1246: $2\make_diff8$func$rtl/state_stream_controller.v:129$1048.$result[7:0]$1986
   689/1246: $2\make_diff8$func$rtl/state_stream_controller.v:129$1047.x[8:0]$1985
   690/1246: $2\make_diff8$func$rtl/state_stream_controller.v:129$1047.u[7:0]$1984
   691/1246: $2\make_diff8$func$rtl/state_stream_controller.v:129$1047.v[7:0]$1983
   692/1246: $2\make_diff8$func$rtl/state_stream_controller.v:129$1047.$result[7:0]$1982
   693/1246: $2\make_diff8$func$rtl/state_stream_controller.v:129$1046.x[8:0]$1981
   694/1246: $2\make_diff8$func$rtl/state_stream_controller.v:129$1046.u[7:0]$1980
   695/1246: $2\make_diff8$func$rtl/state_stream_controller.v:129$1046.v[7:0]$1979
   696/1246: $2\make_diff8$func$rtl/state_stream_controller.v:129$1046.$result[7:0]$1978
   697/1246: $2\make_diff8$func$rtl/state_stream_controller.v:129$1045.x[8:0]$1977
   698/1246: $2\make_diff8$func$rtl/state_stream_controller.v:129$1045.u[7:0]$1976
   699/1246: $2\make_diff8$func$rtl/state_stream_controller.v:129$1045.v[7:0]$1975
   700/1246: $2\make_diff8$func$rtl/state_stream_controller.v:129$1045.$result[7:0]$1974
   701/1246: $2\make_diff8$func$rtl/state_stream_controller.v:129$1044.x[8:0]$1973
   702/1246: $2\make_diff8$func$rtl/state_stream_controller.v:129$1044.u[7:0]$1972
   703/1246: $2\make_diff8$func$rtl/state_stream_controller.v:129$1044.v[7:0]$1971
   704/1246: $2\make_diff8$func$rtl/state_stream_controller.v:129$1044.$result[7:0]$1970
   705/1246: $2\make_diff8$func$rtl/state_stream_controller.v:129$1043.x[8:0]$1969
   706/1246: $2\make_diff8$func$rtl/state_stream_controller.v:129$1043.u[7:0]$1968
   707/1246: $2\make_diff8$func$rtl/state_stream_controller.v:129$1043.v[7:0]$1967
   708/1246: $2\make_diff8$func$rtl/state_stream_controller.v:129$1043.$result[7:0]$1966
   709/1246: $2\make_diff8$func$rtl/state_stream_controller.v:129$1042.x[8:0]$1965
   710/1246: $2\make_diff8$func$rtl/state_stream_controller.v:129$1042.u[7:0]$1964
   711/1246: $2\make_diff8$func$rtl/state_stream_controller.v:129$1042.v[7:0]$1963
   712/1246: $2\make_diff8$func$rtl/state_stream_controller.v:129$1042.$result[7:0]$1962
   713/1246: $2\make_diff8$func$rtl/state_stream_controller.v:129$1041.x[8:0]$1961
   714/1246: $2\make_diff8$func$rtl/state_stream_controller.v:129$1041.u[7:0]$1960
   715/1246: $2\make_diff8$func$rtl/state_stream_controller.v:129$1041.v[7:0]$1959
   716/1246: $2\make_diff8$func$rtl/state_stream_controller.v:129$1041.$result[7:0]$1958
   717/1246: $2\make_diff8$func$rtl/state_stream_controller.v:128$1040.x[8:0]$1957
   718/1246: $2\make_diff8$func$rtl/state_stream_controller.v:128$1040.u[7:0]$1956
   719/1246: $2\make_diff8$func$rtl/state_stream_controller.v:128$1040.v[7:0]$1955
   720/1246: $2\make_diff8$func$rtl/state_stream_controller.v:128$1040.$result[7:0]$1954
   721/1246: $2\make_diff8$func$rtl/state_stream_controller.v:128$1039.x[8:0]$1953
   722/1246: $2\make_diff8$func$rtl/state_stream_controller.v:128$1039.u[7:0]$1952
   723/1246: $2\make_diff8$func$rtl/state_stream_controller.v:128$1039.v[7:0]$1951
   724/1246: $2\make_diff8$func$rtl/state_stream_controller.v:128$1039.$result[7:0]$1950
   725/1246: $2\make_diff8$func$rtl/state_stream_controller.v:128$1038.x[8:0]$1949
   726/1246: $2\make_diff8$func$rtl/state_stream_controller.v:128$1038.u[7:0]$1948
   727/1246: $2\make_diff8$func$rtl/state_stream_controller.v:128$1038.v[7:0]$1947
   728/1246: $2\make_diff8$func$rtl/state_stream_controller.v:128$1038.$result[7:0]$1946
   729/1246: $2\make_diff8$func$rtl/state_stream_controller.v:128$1037.x[8:0]$1945
   730/1246: $2\make_diff8$func$rtl/state_stream_controller.v:128$1037.u[7:0]$1944
   731/1246: $2\make_diff8$func$rtl/state_stream_controller.v:128$1037.v[7:0]$1943
   732/1246: $2\make_diff8$func$rtl/state_stream_controller.v:128$1037.$result[7:0]$1942
   733/1246: $2\make_diff8$func$rtl/state_stream_controller.v:128$1036.x[8:0]$1941
   734/1246: $2\make_diff8$func$rtl/state_stream_controller.v:128$1036.u[7:0]$1940
   735/1246: $2\make_diff8$func$rtl/state_stream_controller.v:128$1036.v[7:0]$1939
   736/1246: $2\make_diff8$func$rtl/state_stream_controller.v:128$1036.$result[7:0]$1938
   737/1246: $2\make_diff8$func$rtl/state_stream_controller.v:128$1035.x[8:0]$1937
   738/1246: $2\make_diff8$func$rtl/state_stream_controller.v:128$1035.u[7:0]$1936
   739/1246: $2\make_diff8$func$rtl/state_stream_controller.v:128$1035.v[7:0]$1935
   740/1246: $2\make_diff8$func$rtl/state_stream_controller.v:128$1035.$result[7:0]$1934
   741/1246: $2\make_diff8$func$rtl/state_stream_controller.v:128$1034.x[8:0]$1933
   742/1246: $2\make_diff8$func$rtl/state_stream_controller.v:128$1034.u[7:0]$1932
   743/1246: $2\make_diff8$func$rtl/state_stream_controller.v:128$1034.v[7:0]$1931
   744/1246: $2\make_diff8$func$rtl/state_stream_controller.v:128$1034.$result[7:0]$1930
   745/1246: $2\make_diff8$func$rtl/state_stream_controller.v:128$1033.x[8:0]$1929
   746/1246: $2\make_diff8$func$rtl/state_stream_controller.v:128$1033.u[7:0]$1928
   747/1246: $2\make_diff8$func$rtl/state_stream_controller.v:128$1033.v[7:0]$1927
   748/1246: $2\make_diff8$func$rtl/state_stream_controller.v:128$1033.$result[7:0]$1926
   749/1246: $2\make_diff8$func$rtl/state_stream_controller.v:128$1032.x[8:0]$1925
   750/1246: $2\make_diff8$func$rtl/state_stream_controller.v:128$1032.u[7:0]$1924
   751/1246: $2\make_diff8$func$rtl/state_stream_controller.v:128$1032.v[7:0]$1923
   752/1246: $2\make_diff8$func$rtl/state_stream_controller.v:128$1032.$result[7:0]$1922
   753/1246: $2\make_diff8$func$rtl/state_stream_controller.v:128$1031.x[8:0]$1921
   754/1246: $2\make_diff8$func$rtl/state_stream_controller.v:128$1031.u[7:0]$1920
   755/1246: $2\make_diff8$func$rtl/state_stream_controller.v:128$1031.v[7:0]$1919
   756/1246: $2\make_diff8$func$rtl/state_stream_controller.v:128$1031.$result[7:0]$1918
   757/1246: $2\make_diff8$func$rtl/state_stream_controller.v:128$1030.x[8:0]$1917
   758/1246: $2\make_diff8$func$rtl/state_stream_controller.v:128$1030.u[7:0]$1916
   759/1246: $2\make_diff8$func$rtl/state_stream_controller.v:128$1030.v[7:0]$1915
   760/1246: $2\make_diff8$func$rtl/state_stream_controller.v:128$1030.$result[7:0]$1914
   761/1246: $2\make_diff8$func$rtl/state_stream_controller.v:128$1029.x[8:0]$1913
   762/1246: $2\make_diff8$func$rtl/state_stream_controller.v:128$1029.u[7:0]$1912
   763/1246: $2\make_diff8$func$rtl/state_stream_controller.v:128$1029.v[7:0]$1911
   764/1246: $2\make_diff8$func$rtl/state_stream_controller.v:128$1029.$result[7:0]$1910
   765/1246: $2\make_diff8$func$rtl/state_stream_controller.v:128$1028.x[8:0]$1909
   766/1246: $2\make_diff8$func$rtl/state_stream_controller.v:128$1028.u[7:0]$1908
   767/1246: $2\make_diff8$func$rtl/state_stream_controller.v:128$1028.v[7:0]$1907
   768/1246: $2\make_diff8$func$rtl/state_stream_controller.v:128$1028.$result[7:0]$1906
   769/1246: $2\make_diff8$func$rtl/state_stream_controller.v:128$1027.x[8:0]$1905
   770/1246: $2\make_diff8$func$rtl/state_stream_controller.v:128$1027.u[7:0]$1904
   771/1246: $2\make_diff8$func$rtl/state_stream_controller.v:128$1027.v[7:0]$1903
   772/1246: $2\make_diff8$func$rtl/state_stream_controller.v:128$1027.$result[7:0]$1902
   773/1246: $2\make_diff8$func$rtl/state_stream_controller.v:128$1026.x[8:0]$1901
   774/1246: $2\make_diff8$func$rtl/state_stream_controller.v:128$1026.u[7:0]$1900
   775/1246: $2\make_diff8$func$rtl/state_stream_controller.v:128$1026.v[7:0]$1899
   776/1246: $2\make_diff8$func$rtl/state_stream_controller.v:128$1026.$result[7:0]$1898
   777/1246: $2\make_diff8$func$rtl/state_stream_controller.v:128$1025.x[8:0]$1897
   778/1246: $2\make_diff8$func$rtl/state_stream_controller.v:128$1025.u[7:0]$1896
   779/1246: $2\make_diff8$func$rtl/state_stream_controller.v:128$1025.v[7:0]$1895
   780/1246: $2\make_diff8$func$rtl/state_stream_controller.v:128$1025.$result[7:0]$1894
   781/1246: $2\rq8$func$rtl/state_stream_controller.v:124$1024.x[14:0]$1893
   782/1246: $2\rq8$func$rtl/state_stream_controller.v:124$1024.a[23:0]$1892
   783/1246: $2\rq8$func$rtl/state_stream_controller.v:124$1024.$result[7:0]$1891
   784/1246: $2\rq8$func$rtl/state_stream_controller.v:124$1023.x[14:0]$1890
   785/1246: $2\rq8$func$rtl/state_stream_controller.v:124$1023.a[23:0]$1889
   786/1246: $2\rq8$func$rtl/state_stream_controller.v:124$1023.$result[7:0]$1888
   787/1246: $2\rq8$func$rtl/state_stream_controller.v:124$1022.x[14:0]$1887
   788/1246: $2\rq8$func$rtl/state_stream_controller.v:124$1022.a[23:0]$1886
   789/1246: $2\rq8$func$rtl/state_stream_controller.v:124$1022.$result[7:0]$1885
   790/1246: $2\rq8$func$rtl/state_stream_controller.v:124$1021.x[14:0]$1884
   791/1246: $2\rq8$func$rtl/state_stream_controller.v:124$1021.a[23:0]$1883
   792/1246: $2\rq8$func$rtl/state_stream_controller.v:124$1021.$result[7:0]$1882
   793/1246: $2\rq8$func$rtl/state_stream_controller.v:124$1020.x[14:0]$1881
   794/1246: $2\rq8$func$rtl/state_stream_controller.v:124$1020.a[23:0]$1880
   795/1246: $2\rq8$func$rtl/state_stream_controller.v:124$1020.$result[7:0]$1879
   796/1246: $2\rq8$func$rtl/state_stream_controller.v:124$1019.x[14:0]$1878
   797/1246: $2\rq8$func$rtl/state_stream_controller.v:124$1019.a[23:0]$1877
   798/1246: $2\rq8$func$rtl/state_stream_controller.v:124$1019.$result[7:0]$1876
   799/1246: $2\rq8$func$rtl/state_stream_controller.v:124$1018.x[14:0]$1875
   800/1246: $2\rq8$func$rtl/state_stream_controller.v:124$1018.a[23:0]$1874
   801/1246: $2\rq8$func$rtl/state_stream_controller.v:124$1018.$result[7:0]$1873
   802/1246: $2\rq8$func$rtl/state_stream_controller.v:124$1017.x[14:0]$1872
   803/1246: $2\rq8$func$rtl/state_stream_controller.v:124$1017.a[23:0]$1871
   804/1246: $2\rq8$func$rtl/state_stream_controller.v:124$1017.$result[7:0]$1870
   805/1246: $2\rq8$func$rtl/state_stream_controller.v:124$1016.x[14:0]$1869
   806/1246: $2\rq8$func$rtl/state_stream_controller.v:124$1016.a[23:0]$1868
   807/1246: $2\rq8$func$rtl/state_stream_controller.v:124$1016.$result[7:0]$1867
   808/1246: $2\rq8$func$rtl/state_stream_controller.v:124$1015.x[14:0]$1866
   809/1246: $2\rq8$func$rtl/state_stream_controller.v:124$1015.a[23:0]$1865
   810/1246: $2\rq8$func$rtl/state_stream_controller.v:124$1015.$result[7:0]$1864
   811/1246: $2\rq8$func$rtl/state_stream_controller.v:124$1014.x[14:0]$1863
   812/1246: $2\rq8$func$rtl/state_stream_controller.v:124$1014.a[23:0]$1862
   813/1246: $2\rq8$func$rtl/state_stream_controller.v:124$1014.$result[7:0]$1861
   814/1246: $2\rq8$func$rtl/state_stream_controller.v:124$1013.x[14:0]$1860
   815/1246: $2\rq8$func$rtl/state_stream_controller.v:124$1013.a[23:0]$1859
   816/1246: $2\rq8$func$rtl/state_stream_controller.v:124$1013.$result[7:0]$1858
   817/1246: $2\rq8$func$rtl/state_stream_controller.v:124$1012.x[14:0]$1857
   818/1246: $2\rq8$func$rtl/state_stream_controller.v:124$1012.a[23:0]$1856
   819/1246: $2\rq8$func$rtl/state_stream_controller.v:124$1012.$result[7:0]$1855
   820/1246: $2\rq8$func$rtl/state_stream_controller.v:124$1011.x[14:0]$1854
   821/1246: $2\rq8$func$rtl/state_stream_controller.v:124$1011.a[23:0]$1853
   822/1246: $2\rq8$func$rtl/state_stream_controller.v:124$1011.$result[7:0]$1852
   823/1246: $2\rq8$func$rtl/state_stream_controller.v:124$1010.x[14:0]$1851
   824/1246: $2\rq8$func$rtl/state_stream_controller.v:124$1010.a[23:0]$1850
   825/1246: $2\rq8$func$rtl/state_stream_controller.v:124$1010.$result[7:0]$1849
   826/1246: $2\rq8$func$rtl/state_stream_controller.v:124$1009.x[14:0]$1848
   827/1246: $2\rq8$func$rtl/state_stream_controller.v:124$1009.a[23:0]$1847
   828/1246: $2\rq8$func$rtl/state_stream_controller.v:124$1009.$result[7:0]$1846
   829/1246: $2\rq8$func$rtl/state_stream_controller.v:123$1008.x[14:0]$1845
   830/1246: $2\rq8$func$rtl/state_stream_controller.v:123$1008.a[23:0]$1844
   831/1246: $2\rq8$func$rtl/state_stream_controller.v:123$1008.$result[7:0]$1843
   832/1246: $2\rq8$func$rtl/state_stream_controller.v:123$1007.x[14:0]$1842
   833/1246: $2\rq8$func$rtl/state_stream_controller.v:123$1007.a[23:0]$1841
   834/1246: $2\rq8$func$rtl/state_stream_controller.v:123$1007.$result[7:0]$1840
   835/1246: $2\rq8$func$rtl/state_stream_controller.v:123$1006.x[14:0]$1839
   836/1246: $2\rq8$func$rtl/state_stream_controller.v:123$1006.a[23:0]$1838
   837/1246: $2\rq8$func$rtl/state_stream_controller.v:123$1006.$result[7:0]$1837
   838/1246: $2\rq8$func$rtl/state_stream_controller.v:123$1005.x[14:0]$1836
   839/1246: $2\rq8$func$rtl/state_stream_controller.v:123$1005.a[23:0]$1835
   840/1246: $2\rq8$func$rtl/state_stream_controller.v:123$1005.$result[7:0]$1834
   841/1246: $2\rq8$func$rtl/state_stream_controller.v:123$1004.x[14:0]$1833
   842/1246: $2\rq8$func$rtl/state_stream_controller.v:123$1004.a[23:0]$1832
   843/1246: $2\rq8$func$rtl/state_stream_controller.v:123$1004.$result[7:0]$1831
   844/1246: $2\rq8$func$rtl/state_stream_controller.v:123$1003.x[14:0]$1830
   845/1246: $2\rq8$func$rtl/state_stream_controller.v:123$1003.a[23:0]$1829
   846/1246: $2\rq8$func$rtl/state_stream_controller.v:123$1003.$result[7:0]$1828
   847/1246: $2\rq8$func$rtl/state_stream_controller.v:123$1002.x[14:0]$1827
   848/1246: $2\rq8$func$rtl/state_stream_controller.v:123$1002.a[23:0]$1826
   849/1246: $2\rq8$func$rtl/state_stream_controller.v:123$1002.$result[7:0]$1825
   850/1246: $2\rq8$func$rtl/state_stream_controller.v:123$1001.x[14:0]$1824
   851/1246: $2\rq8$func$rtl/state_stream_controller.v:123$1001.a[23:0]$1823
   852/1246: $2\rq8$func$rtl/state_stream_controller.v:123$1001.$result[7:0]$1822
   853/1246: $2\rq8$func$rtl/state_stream_controller.v:123$1000.x[14:0]$1821
   854/1246: $2\rq8$func$rtl/state_stream_controller.v:123$1000.a[23:0]$1820
   855/1246: $2\rq8$func$rtl/state_stream_controller.v:123$1000.$result[7:0]$1819
   856/1246: $2\rq8$func$rtl/state_stream_controller.v:123$999.x[14:0]$1818
   857/1246: $2\rq8$func$rtl/state_stream_controller.v:123$999.a[23:0]$1817
   858/1246: $2\rq8$func$rtl/state_stream_controller.v:123$999.$result[7:0]$1816
   859/1246: $2\rq8$func$rtl/state_stream_controller.v:123$998.x[14:0]$1815
   860/1246: $2\rq8$func$rtl/state_stream_controller.v:123$998.a[23:0]$1814
   861/1246: $2\rq8$func$rtl/state_stream_controller.v:123$998.$result[7:0]$1813
   862/1246: $2\rq8$func$rtl/state_stream_controller.v:123$997.x[14:0]$1812
   863/1246: $2\rq8$func$rtl/state_stream_controller.v:123$997.a[23:0]$1811
   864/1246: $2\rq8$func$rtl/state_stream_controller.v:123$997.$result[7:0]$1810
   865/1246: $2\rq8$func$rtl/state_stream_controller.v:123$996.x[14:0]$1809
   866/1246: $2\rq8$func$rtl/state_stream_controller.v:123$996.a[23:0]$1808
   867/1246: $2\rq8$func$rtl/state_stream_controller.v:123$996.$result[7:0]$1807
   868/1246: $2\rq8$func$rtl/state_stream_controller.v:123$995.x[14:0]$1806
   869/1246: $2\rq8$func$rtl/state_stream_controller.v:123$995.a[23:0]$1805
   870/1246: $2\rq8$func$rtl/state_stream_controller.v:123$995.$result[7:0]$1804
   871/1246: $2\rq8$func$rtl/state_stream_controller.v:123$994.x[14:0]$1803
   872/1246: $2\rq8$func$rtl/state_stream_controller.v:123$994.a[23:0]$1802
   873/1246: $2\rq8$func$rtl/state_stream_controller.v:123$994.$result[7:0]$1801
   874/1246: $2\rq8$func$rtl/state_stream_controller.v:123$993.x[14:0]$1800
   875/1246: $2\rq8$func$rtl/state_stream_controller.v:123$993.a[23:0]$1799
   876/1246: $2\rq8$func$rtl/state_stream_controller.v:123$993.$result[7:0]$1798
   877/1246: $1\rq8$func$rtl/state_stream_controller.v:157$1088.x[14:0]$1777
   878/1246: $1\rq8$func$rtl/state_stream_controller.v:157$1088.a[23:0]$1776
   879/1246: $1\rq8$func$rtl/state_stream_controller.v:157$1088.$result[7:0]$1775
   880/1246: $1\rq8$func$rtl/state_stream_controller.v:157$1087.x[14:0]$1774
   881/1246: $1\rq8$func$rtl/state_stream_controller.v:157$1087.a[23:0]$1773
   882/1246: $1\rq8$func$rtl/state_stream_controller.v:157$1087.$result[7:0]$1772
   883/1246: $1\rq8$func$rtl/state_stream_controller.v:157$1086.x[14:0]$1771
   884/1246: $1\rq8$func$rtl/state_stream_controller.v:157$1086.a[23:0]$1770
   885/1246: $1\rq8$func$rtl/state_stream_controller.v:157$1086.$result[7:0]$1769
   886/1246: $1\rq8$func$rtl/state_stream_controller.v:157$1085.x[14:0]$1768
   887/1246: $1\rq8$func$rtl/state_stream_controller.v:157$1085.a[23:0]$1767
   888/1246: $1\rq8$func$rtl/state_stream_controller.v:157$1085.$result[7:0]$1766
   889/1246: $1\rq8$func$rtl/state_stream_controller.v:157$1084.x[14:0]$1765
   890/1246: $1\rq8$func$rtl/state_stream_controller.v:157$1084.a[23:0]$1764
   891/1246: $1\rq8$func$rtl/state_stream_controller.v:157$1084.$result[7:0]$1763
   892/1246: $1\rq8$func$rtl/state_stream_controller.v:157$1083.x[14:0]$1762
   893/1246: $1\rq8$func$rtl/state_stream_controller.v:157$1083.a[23:0]$1761
   894/1246: $1\rq8$func$rtl/state_stream_controller.v:157$1083.$result[7:0]$1760
   895/1246: $1\rq8$func$rtl/state_stream_controller.v:157$1082.x[14:0]$1759
   896/1246: $1\rq8$func$rtl/state_stream_controller.v:157$1082.a[23:0]$1758
   897/1246: $1\rq8$func$rtl/state_stream_controller.v:157$1082.$result[7:0]$1757
   898/1246: $1\rq8$func$rtl/state_stream_controller.v:157$1081.x[14:0]$1756
   899/1246: $1\rq8$func$rtl/state_stream_controller.v:157$1081.a[23:0]$1755
   900/1246: $1\rq8$func$rtl/state_stream_controller.v:157$1081.$result[7:0]$1754
   901/1246: $1\rq8$func$rtl/state_stream_controller.v:157$1080.x[14:0]$1753
   902/1246: $1\rq8$func$rtl/state_stream_controller.v:157$1080.a[23:0]$1752
   903/1246: $1\rq8$func$rtl/state_stream_controller.v:157$1080.$result[7:0]$1751
   904/1246: $1\rq8$func$rtl/state_stream_controller.v:157$1079.x[14:0]$1750
   905/1246: $1\rq8$func$rtl/state_stream_controller.v:157$1079.a[23:0]$1749
   906/1246: $1\rq8$func$rtl/state_stream_controller.v:157$1079.$result[7:0]$1748
   907/1246: $1\rq8$func$rtl/state_stream_controller.v:157$1078.x[14:0]$1747
   908/1246: $1\rq8$func$rtl/state_stream_controller.v:157$1078.a[23:0]$1746
   909/1246: $1\rq8$func$rtl/state_stream_controller.v:157$1078.$result[7:0]$1745
   910/1246: $1\rq8$func$rtl/state_stream_controller.v:157$1077.x[14:0]$1744
   911/1246: $1\rq8$func$rtl/state_stream_controller.v:157$1077.a[23:0]$1743
   912/1246: $1\rq8$func$rtl/state_stream_controller.v:157$1077.$result[7:0]$1742
   913/1246: $1\rq8$func$rtl/state_stream_controller.v:157$1076.x[14:0]$1741
   914/1246: $1\rq8$func$rtl/state_stream_controller.v:157$1076.a[23:0]$1740
   915/1246: $1\rq8$func$rtl/state_stream_controller.v:157$1076.$result[7:0]$1739
   916/1246: $1\rq8$func$rtl/state_stream_controller.v:157$1075.x[14:0]$1738
   917/1246: $1\rq8$func$rtl/state_stream_controller.v:157$1075.a[23:0]$1737
   918/1246: $1\rq8$func$rtl/state_stream_controller.v:157$1075.$result[7:0]$1736
   919/1246: $1\rq8$func$rtl/state_stream_controller.v:157$1074.x[14:0]$1735
   920/1246: $1\rq8$func$rtl/state_stream_controller.v:157$1074.a[23:0]$1734
   921/1246: $1\rq8$func$rtl/state_stream_controller.v:157$1074.$result[7:0]$1733
   922/1246: $1\rq8$func$rtl/state_stream_controller.v:157$1073.x[14:0]$1732
   923/1246: $1\rq8$func$rtl/state_stream_controller.v:157$1073.a[23:0]$1731
   924/1246: $1\rq8$func$rtl/state_stream_controller.v:157$1073.$result[7:0]$1730
   925/1246: $1\rq8$func$rtl/state_stream_controller.v:156$1072.x[14:0]$1729
   926/1246: $1\rq8$func$rtl/state_stream_controller.v:156$1072.a[23:0]$1728
   927/1246: $1\rq8$func$rtl/state_stream_controller.v:156$1072.$result[7:0]$1727
   928/1246: $1\rq8$func$rtl/state_stream_controller.v:156$1071.x[14:0]$1726
   929/1246: $1\rq8$func$rtl/state_stream_controller.v:156$1071.a[23:0]$1725
   930/1246: $1\rq8$func$rtl/state_stream_controller.v:156$1071.$result[7:0]$1724
   931/1246: $1\rq8$func$rtl/state_stream_controller.v:156$1070.x[14:0]$1723
   932/1246: $1\rq8$func$rtl/state_stream_controller.v:156$1070.a[23:0]$1722
   933/1246: $1\rq8$func$rtl/state_stream_controller.v:156$1070.$result[7:0]$1721
   934/1246: $1\rq8$func$rtl/state_stream_controller.v:156$1069.x[14:0]$1720
   935/1246: $1\rq8$func$rtl/state_stream_controller.v:156$1069.a[23:0]$1719
   936/1246: $1\rq8$func$rtl/state_stream_controller.v:156$1069.$result[7:0]$1718
   937/1246: $1\rq8$func$rtl/state_stream_controller.v:156$1068.x[14:0]$1717
   938/1246: $1\rq8$func$rtl/state_stream_controller.v:156$1068.a[23:0]$1716
   939/1246: $1\rq8$func$rtl/state_stream_controller.v:156$1068.$result[7:0]$1715
   940/1246: $1\rq8$func$rtl/state_stream_controller.v:156$1067.x[14:0]$1714
   941/1246: $1\rq8$func$rtl/state_stream_controller.v:156$1067.a[23:0]$1713
   942/1246: $1\rq8$func$rtl/state_stream_controller.v:156$1067.$result[7:0]$1712
   943/1246: $1\rq8$func$rtl/state_stream_controller.v:156$1066.x[14:0]$1711
   944/1246: $1\rq8$func$rtl/state_stream_controller.v:156$1066.a[23:0]$1710
   945/1246: $1\rq8$func$rtl/state_stream_controller.v:156$1066.$result[7:0]$1709
   946/1246: $1\rq8$func$rtl/state_stream_controller.v:156$1065.x[14:0]$1708
   947/1246: $1\rq8$func$rtl/state_stream_controller.v:156$1065.a[23:0]$1707
   948/1246: $1\rq8$func$rtl/state_stream_controller.v:156$1065.$result[7:0]$1706
   949/1246: $1\rq8$func$rtl/state_stream_controller.v:156$1064.x[14:0]$1705
   950/1246: $1\rq8$func$rtl/state_stream_controller.v:156$1064.a[23:0]$1704
   951/1246: $1\rq8$func$rtl/state_stream_controller.v:156$1064.$result[7:0]$1703
   952/1246: $1\rq8$func$rtl/state_stream_controller.v:156$1063.x[14:0]$1702
   953/1246: $1\rq8$func$rtl/state_stream_controller.v:156$1063.a[23:0]$1701
   954/1246: $1\rq8$func$rtl/state_stream_controller.v:156$1063.$result[7:0]$1700
   955/1246: $1\rq8$func$rtl/state_stream_controller.v:156$1062.x[14:0]$1699
   956/1246: $1\rq8$func$rtl/state_stream_controller.v:156$1062.a[23:0]$1698
   957/1246: $1\rq8$func$rtl/state_stream_controller.v:156$1062.$result[7:0]$1697
   958/1246: $1\rq8$func$rtl/state_stream_controller.v:156$1061.x[14:0]$1696
   959/1246: $1\rq8$func$rtl/state_stream_controller.v:156$1061.a[23:0]$1695
   960/1246: $1\rq8$func$rtl/state_stream_controller.v:156$1061.$result[7:0]$1694
   961/1246: $1\rq8$func$rtl/state_stream_controller.v:156$1060.x[14:0]$1693
   962/1246: $1\rq8$func$rtl/state_stream_controller.v:156$1060.a[23:0]$1692
   963/1246: $1\rq8$func$rtl/state_stream_controller.v:156$1060.$result[7:0]$1691
   964/1246: $1\rq8$func$rtl/state_stream_controller.v:156$1059.x[14:0]$1690
   965/1246: $1\rq8$func$rtl/state_stream_controller.v:156$1059.a[23:0]$1689
   966/1246: $1\rq8$func$rtl/state_stream_controller.v:156$1059.$result[7:0]$1688
   967/1246: $1\rq8$func$rtl/state_stream_controller.v:156$1058.x[14:0]$1687
   968/1246: $1\rq8$func$rtl/state_stream_controller.v:156$1058.a[23:0]$1686
   969/1246: $1\rq8$func$rtl/state_stream_controller.v:156$1058.$result[7:0]$1685
   970/1246: $1\rq8$func$rtl/state_stream_controller.v:156$1057.x[14:0]$1684
   971/1246: $1\rq8$func$rtl/state_stream_controller.v:156$1057.a[23:0]$1683
   972/1246: $1\rq8$func$rtl/state_stream_controller.v:156$1057.$result[7:0]$1682
   973/1246: $1\make_diff8$func$rtl/state_stream_controller.v:129$1056.x[8:0]$1681
   974/1246: $1\make_diff8$func$rtl/state_stream_controller.v:129$1056.u[7:0]$1680
   975/1246: $1\make_diff8$func$rtl/state_stream_controller.v:129$1056.v[7:0]$1679
   976/1246: $1\make_diff8$func$rtl/state_stream_controller.v:129$1056.$result[7:0]$1678
   977/1246: $1\make_diff8$func$rtl/state_stream_controller.v:129$1055.x[8:0]$1677
   978/1246: $1\make_diff8$func$rtl/state_stream_controller.v:129$1055.u[7:0]$1676
   979/1246: $1\make_diff8$func$rtl/state_stream_controller.v:129$1055.v[7:0]$1675
   980/1246: $1\make_diff8$func$rtl/state_stream_controller.v:129$1055.$result[7:0]$1674
   981/1246: $1\make_diff8$func$rtl/state_stream_controller.v:129$1054.x[8:0]$1673
   982/1246: $1\make_diff8$func$rtl/state_stream_controller.v:129$1054.u[7:0]$1672
   983/1246: $1\make_diff8$func$rtl/state_stream_controller.v:129$1054.v[7:0]$1671
   984/1246: $1\make_diff8$func$rtl/state_stream_controller.v:129$1054.$result[7:0]$1670
   985/1246: $1\make_diff8$func$rtl/state_stream_controller.v:129$1053.x[8:0]$1669
   986/1246: $1\make_diff8$func$rtl/state_stream_controller.v:129$1053.u[7:0]$1668
   987/1246: $1\make_diff8$func$rtl/state_stream_controller.v:129$1053.v[7:0]$1667
   988/1246: $1\make_diff8$func$rtl/state_stream_controller.v:129$1053.$result[7:0]$1666
   989/1246: $1\make_diff8$func$rtl/state_stream_controller.v:129$1052.x[8:0]$1665
   990/1246: $1\make_diff8$func$rtl/state_stream_controller.v:129$1052.u[7:0]$1664
   991/1246: $1\make_diff8$func$rtl/state_stream_controller.v:129$1052.v[7:0]$1663
   992/1246: $1\make_diff8$func$rtl/state_stream_controller.v:129$1052.$result[7:0]$1662
   993/1246: $1\make_diff8$func$rtl/state_stream_controller.v:129$1051.x[8:0]$1661
   994/1246: $1\make_diff8$func$rtl/state_stream_controller.v:129$1051.u[7:0]$1660
   995/1246: $1\make_diff8$func$rtl/state_stream_controller.v:129$1051.v[7:0]$1659
   996/1246: $1\make_diff8$func$rtl/state_stream_controller.v:129$1051.$result[7:0]$1658
   997/1246: $1\make_diff8$func$rtl/state_stream_controller.v:129$1050.x[8:0]$1657
   998/1246: $1\make_diff8$func$rtl/state_stream_controller.v:129$1050.u[7:0]$1656
   999/1246: $1\make_diff8$func$rtl/state_stream_controller.v:129$1050.v[7:0]$1655
  1000/1246: $1\make_diff8$func$rtl/state_stream_controller.v:129$1050.$result[7:0]$1654
  1001/1246: $1\make_diff8$func$rtl/state_stream_controller.v:129$1049.x[8:0]$1653
  1002/1246: $1\make_diff8$func$rtl/state_stream_controller.v:129$1049.u[7:0]$1652
  1003/1246: $1\make_diff8$func$rtl/state_stream_controller.v:129$1049.v[7:0]$1651
  1004/1246: $1\make_diff8$func$rtl/state_stream_controller.v:129$1049.$result[7:0]$1650
  1005/1246: $1\make_diff8$func$rtl/state_stream_controller.v:129$1048.x[8:0]$1649
  1006/1246: $1\make_diff8$func$rtl/state_stream_controller.v:129$1048.u[7:0]$1648
  1007/1246: $1\make_diff8$func$rtl/state_stream_controller.v:129$1048.v[7:0]$1647
  1008/1246: $1\make_diff8$func$rtl/state_stream_controller.v:129$1048.$result[7:0]$1646
  1009/1246: $1\make_diff8$func$rtl/state_stream_controller.v:129$1047.x[8:0]$1645
  1010/1246: $1\make_diff8$func$rtl/state_stream_controller.v:129$1047.u[7:0]$1644
  1011/1246: $1\make_diff8$func$rtl/state_stream_controller.v:129$1047.v[7:0]$1643
  1012/1246: $1\make_diff8$func$rtl/state_stream_controller.v:129$1047.$result[7:0]$1642
  1013/1246: $1\make_diff8$func$rtl/state_stream_controller.v:129$1046.x[8:0]$1641
  1014/1246: $1\make_diff8$func$rtl/state_stream_controller.v:129$1046.u[7:0]$1640
  1015/1246: $1\make_diff8$func$rtl/state_stream_controller.v:129$1046.v[7:0]$1639
  1016/1246: $1\make_diff8$func$rtl/state_stream_controller.v:129$1046.$result[7:0]$1638
  1017/1246: $1\make_diff8$func$rtl/state_stream_controller.v:129$1045.x[8:0]$1637
  1018/1246: $1\make_diff8$func$rtl/state_stream_controller.v:129$1045.u[7:0]$1636
  1019/1246: $1\make_diff8$func$rtl/state_stream_controller.v:129$1045.v[7:0]$1635
  1020/1246: $1\make_diff8$func$rtl/state_stream_controller.v:129$1045.$result[7:0]$1634
  1021/1246: $1\make_diff8$func$rtl/state_stream_controller.v:129$1044.x[8:0]$1633
  1022/1246: $1\make_diff8$func$rtl/state_stream_controller.v:129$1044.u[7:0]$1632
  1023/1246: $1\make_diff8$func$rtl/state_stream_controller.v:129$1044.v[7:0]$1631
  1024/1246: $1\make_diff8$func$rtl/state_stream_controller.v:129$1044.$result[7:0]$1630
  1025/1246: $1\make_diff8$func$rtl/state_stream_controller.v:129$1043.x[8:0]$1629
  1026/1246: $1\make_diff8$func$rtl/state_stream_controller.v:129$1043.u[7:0]$1628
  1027/1246: $1\make_diff8$func$rtl/state_stream_controller.v:129$1043.v[7:0]$1627
  1028/1246: $1\make_diff8$func$rtl/state_stream_controller.v:129$1043.$result[7:0]$1626
  1029/1246: $1\make_diff8$func$rtl/state_stream_controller.v:129$1042.x[8:0]$1625
  1030/1246: $1\make_diff8$func$rtl/state_stream_controller.v:129$1042.u[7:0]$1624
  1031/1246: $1\make_diff8$func$rtl/state_stream_controller.v:129$1042.v[7:0]$1623
  1032/1246: $1\make_diff8$func$rtl/state_stream_controller.v:129$1042.$result[7:0]$1622
  1033/1246: $1\make_diff8$func$rtl/state_stream_controller.v:129$1041.x[8:0]$1621
  1034/1246: $1\make_diff8$func$rtl/state_stream_controller.v:129$1041.u[7:0]$1620
  1035/1246: $1\make_diff8$func$rtl/state_stream_controller.v:129$1041.v[7:0]$1619
  1036/1246: $1\make_diff8$func$rtl/state_stream_controller.v:129$1041.$result[7:0]$1618
  1037/1246: $1\make_diff8$func$rtl/state_stream_controller.v:128$1040.x[8:0]$1617
  1038/1246: $1\make_diff8$func$rtl/state_stream_controller.v:128$1040.u[7:0]$1616
  1039/1246: $1\make_diff8$func$rtl/state_stream_controller.v:128$1040.v[7:0]$1615
  1040/1246: $1\make_diff8$func$rtl/state_stream_controller.v:128$1040.$result[7:0]$1614
  1041/1246: $1\make_diff8$func$rtl/state_stream_controller.v:128$1039.x[8:0]$1613
  1042/1246: $1\make_diff8$func$rtl/state_stream_controller.v:128$1039.u[7:0]$1612
  1043/1246: $1\make_diff8$func$rtl/state_stream_controller.v:128$1039.v[7:0]$1611
  1044/1246: $1\make_diff8$func$rtl/state_stream_controller.v:128$1039.$result[7:0]$1610
  1045/1246: $1\make_diff8$func$rtl/state_stream_controller.v:128$1038.x[8:0]$1609
  1046/1246: $1\make_diff8$func$rtl/state_stream_controller.v:128$1038.u[7:0]$1608
  1047/1246: $1\make_diff8$func$rtl/state_stream_controller.v:128$1038.v[7:0]$1607
  1048/1246: $1\make_diff8$func$rtl/state_stream_controller.v:128$1038.$result[7:0]$1606
  1049/1246: $1\make_diff8$func$rtl/state_stream_controller.v:128$1037.x[8:0]$1605
  1050/1246: $1\make_diff8$func$rtl/state_stream_controller.v:128$1037.u[7:0]$1604
  1051/1246: $1\make_diff8$func$rtl/state_stream_controller.v:128$1037.v[7:0]$1603
  1052/1246: $1\make_diff8$func$rtl/state_stream_controller.v:128$1037.$result[7:0]$1602
  1053/1246: $1\make_diff8$func$rtl/state_stream_controller.v:128$1036.x[8:0]$1601
  1054/1246: $1\make_diff8$func$rtl/state_stream_controller.v:128$1036.u[7:0]$1600
  1055/1246: $1\make_diff8$func$rtl/state_stream_controller.v:128$1036.v[7:0]$1599
  1056/1246: $1\make_diff8$func$rtl/state_stream_controller.v:128$1036.$result[7:0]$1598
  1057/1246: $1\make_diff8$func$rtl/state_stream_controller.v:128$1035.x[8:0]$1597
  1058/1246: $1\make_diff8$func$rtl/state_stream_controller.v:128$1035.u[7:0]$1596
  1059/1246: $1\make_diff8$func$rtl/state_stream_controller.v:128$1035.v[7:0]$1595
  1060/1246: $1\make_diff8$func$rtl/state_stream_controller.v:128$1035.$result[7:0]$1594
  1061/1246: $1\make_diff8$func$rtl/state_stream_controller.v:128$1034.x[8:0]$1593
  1062/1246: $1\make_diff8$func$rtl/state_stream_controller.v:128$1034.u[7:0]$1592
  1063/1246: $1\make_diff8$func$rtl/state_stream_controller.v:128$1034.v[7:0]$1591
  1064/1246: $1\make_diff8$func$rtl/state_stream_controller.v:128$1034.$result[7:0]$1590
  1065/1246: $1\make_diff8$func$rtl/state_stream_controller.v:128$1033.x[8:0]$1589
  1066/1246: $1\make_diff8$func$rtl/state_stream_controller.v:128$1033.u[7:0]$1588
  1067/1246: $1\make_diff8$func$rtl/state_stream_controller.v:128$1033.v[7:0]$1587
  1068/1246: $1\make_diff8$func$rtl/state_stream_controller.v:128$1033.$result[7:0]$1586
  1069/1246: $1\make_diff8$func$rtl/state_stream_controller.v:128$1032.x[8:0]$1585
  1070/1246: $1\make_diff8$func$rtl/state_stream_controller.v:128$1032.u[7:0]$1584
  1071/1246: $1\make_diff8$func$rtl/state_stream_controller.v:128$1032.v[7:0]$1583
  1072/1246: $1\make_diff8$func$rtl/state_stream_controller.v:128$1032.$result[7:0]$1582
  1073/1246: $1\make_diff8$func$rtl/state_stream_controller.v:128$1031.x[8:0]$1581
  1074/1246: $1\make_diff8$func$rtl/state_stream_controller.v:128$1031.u[7:0]$1580
  1075/1246: $1\make_diff8$func$rtl/state_stream_controller.v:128$1031.v[7:0]$1579
  1076/1246: $1\make_diff8$func$rtl/state_stream_controller.v:128$1031.$result[7:0]$1578
  1077/1246: $1\make_diff8$func$rtl/state_stream_controller.v:128$1030.x[8:0]$1577
  1078/1246: $1\make_diff8$func$rtl/state_stream_controller.v:128$1030.u[7:0]$1576
  1079/1246: $1\make_diff8$func$rtl/state_stream_controller.v:128$1030.v[7:0]$1575
  1080/1246: $1\make_diff8$func$rtl/state_stream_controller.v:128$1030.$result[7:0]$1574
  1081/1246: $1\make_diff8$func$rtl/state_stream_controller.v:128$1029.x[8:0]$1573
  1082/1246: $1\make_diff8$func$rtl/state_stream_controller.v:128$1029.u[7:0]$1572
  1083/1246: $1\make_diff8$func$rtl/state_stream_controller.v:128$1029.v[7:0]$1571
  1084/1246: $1\make_diff8$func$rtl/state_stream_controller.v:128$1029.$result[7:0]$1570
  1085/1246: $1\make_diff8$func$rtl/state_stream_controller.v:128$1028.x[8:0]$1569
  1086/1246: $1\make_diff8$func$rtl/state_stream_controller.v:128$1028.u[7:0]$1568
  1087/1246: $1\make_diff8$func$rtl/state_stream_controller.v:128$1028.v[7:0]$1567
  1088/1246: $1\make_diff8$func$rtl/state_stream_controller.v:128$1028.$result[7:0]$1566
  1089/1246: $1\make_diff8$func$rtl/state_stream_controller.v:128$1027.x[8:0]$1565
  1090/1246: $1\make_diff8$func$rtl/state_stream_controller.v:128$1027.u[7:0]$1564
  1091/1246: $1\make_diff8$func$rtl/state_stream_controller.v:128$1027.v[7:0]$1563
  1092/1246: $1\make_diff8$func$rtl/state_stream_controller.v:128$1027.$result[7:0]$1562
  1093/1246: $1\make_diff8$func$rtl/state_stream_controller.v:128$1026.x[8:0]$1561
  1094/1246: $1\make_diff8$func$rtl/state_stream_controller.v:128$1026.u[7:0]$1560
  1095/1246: $1\make_diff8$func$rtl/state_stream_controller.v:128$1026.v[7:0]$1559
  1096/1246: $1\make_diff8$func$rtl/state_stream_controller.v:128$1026.$result[7:0]$1558
  1097/1246: $1\make_diff8$func$rtl/state_stream_controller.v:128$1025.x[8:0]$1557
  1098/1246: $1\make_diff8$func$rtl/state_stream_controller.v:128$1025.u[7:0]$1556
  1099/1246: $1\make_diff8$func$rtl/state_stream_controller.v:128$1025.v[7:0]$1555
  1100/1246: $1\make_diff8$func$rtl/state_stream_controller.v:128$1025.$result[7:0]$1554
  1101/1246: $1\rq8$func$rtl/state_stream_controller.v:124$1024.x[14:0]$1553
  1102/1246: $1\rq8$func$rtl/state_stream_controller.v:124$1024.a[23:0]$1552
  1103/1246: $1\rq8$func$rtl/state_stream_controller.v:124$1024.$result[7:0]$1551
  1104/1246: $1\rq8$func$rtl/state_stream_controller.v:124$1023.x[14:0]$1550
  1105/1246: $1\rq8$func$rtl/state_stream_controller.v:124$1023.a[23:0]$1549
  1106/1246: $1\rq8$func$rtl/state_stream_controller.v:124$1023.$result[7:0]$1548
  1107/1246: $1\rq8$func$rtl/state_stream_controller.v:124$1022.x[14:0]$1547
  1108/1246: $1\rq8$func$rtl/state_stream_controller.v:124$1022.a[23:0]$1546
  1109/1246: $1\rq8$func$rtl/state_stream_controller.v:124$1022.$result[7:0]$1545
  1110/1246: $1\rq8$func$rtl/state_stream_controller.v:124$1021.x[14:0]$1544
  1111/1246: $1\rq8$func$rtl/state_stream_controller.v:124$1021.a[23:0]$1543
  1112/1246: $1\rq8$func$rtl/state_stream_controller.v:124$1021.$result[7:0]$1542
  1113/1246: $1\rq8$func$rtl/state_stream_controller.v:124$1020.x[14:0]$1541
  1114/1246: $1\rq8$func$rtl/state_stream_controller.v:124$1020.a[23:0]$1540
  1115/1246: $1\rq8$func$rtl/state_stream_controller.v:124$1020.$result[7:0]$1539
  1116/1246: $1\rq8$func$rtl/state_stream_controller.v:124$1019.x[14:0]$1538
  1117/1246: $1\rq8$func$rtl/state_stream_controller.v:124$1019.a[23:0]$1537
  1118/1246: $1\rq8$func$rtl/state_stream_controller.v:124$1019.$result[7:0]$1536
  1119/1246: $1\rq8$func$rtl/state_stream_controller.v:124$1018.x[14:0]$1535
  1120/1246: $1\rq8$func$rtl/state_stream_controller.v:124$1018.a[23:0]$1534
  1121/1246: $1\rq8$func$rtl/state_stream_controller.v:124$1018.$result[7:0]$1533
  1122/1246: $1\rq8$func$rtl/state_stream_controller.v:124$1017.x[14:0]$1532
  1123/1246: $1\rq8$func$rtl/state_stream_controller.v:124$1017.a[23:0]$1531
  1124/1246: $1\rq8$func$rtl/state_stream_controller.v:124$1017.$result[7:0]$1530
  1125/1246: $1\rq8$func$rtl/state_stream_controller.v:124$1016.x[14:0]$1529
  1126/1246: $1\rq8$func$rtl/state_stream_controller.v:124$1016.a[23:0]$1528
  1127/1246: $1\rq8$func$rtl/state_stream_controller.v:124$1016.$result[7:0]$1527
  1128/1246: $1\rq8$func$rtl/state_stream_controller.v:124$1015.x[14:0]$1526
  1129/1246: $1\rq8$func$rtl/state_stream_controller.v:124$1015.a[23:0]$1525
  1130/1246: $1\rq8$func$rtl/state_stream_controller.v:124$1015.$result[7:0]$1524
  1131/1246: $1\rq8$func$rtl/state_stream_controller.v:124$1014.x[14:0]$1523
  1132/1246: $1\rq8$func$rtl/state_stream_controller.v:124$1014.a[23:0]$1522
  1133/1246: $1\rq8$func$rtl/state_stream_controller.v:124$1014.$result[7:0]$1521
  1134/1246: $1\rq8$func$rtl/state_stream_controller.v:124$1013.x[14:0]$1520
  1135/1246: $1\rq8$func$rtl/state_stream_controller.v:124$1013.a[23:0]$1519
  1136/1246: $1\rq8$func$rtl/state_stream_controller.v:124$1013.$result[7:0]$1518
  1137/1246: $1\rq8$func$rtl/state_stream_controller.v:124$1012.x[14:0]$1517
  1138/1246: $1\rq8$func$rtl/state_stream_controller.v:124$1012.a[23:0]$1516
  1139/1246: $1\rq8$func$rtl/state_stream_controller.v:124$1012.$result[7:0]$1515
  1140/1246: $1\rq8$func$rtl/state_stream_controller.v:124$1011.x[14:0]$1514
  1141/1246: $1\rq8$func$rtl/state_stream_controller.v:124$1011.a[23:0]$1513
  1142/1246: $1\rq8$func$rtl/state_stream_controller.v:124$1011.$result[7:0]$1512
  1143/1246: $1\rq8$func$rtl/state_stream_controller.v:124$1010.x[14:0]$1511
  1144/1246: $1\rq8$func$rtl/state_stream_controller.v:124$1010.a[23:0]$1510
  1145/1246: $1\rq8$func$rtl/state_stream_controller.v:124$1010.$result[7:0]$1509
  1146/1246: $1\rq8$func$rtl/state_stream_controller.v:124$1009.x[14:0]$1508
  1147/1246: $1\rq8$func$rtl/state_stream_controller.v:124$1009.a[23:0]$1507
  1148/1246: $1\rq8$func$rtl/state_stream_controller.v:124$1009.$result[7:0]$1506
  1149/1246: $1\rq8$func$rtl/state_stream_controller.v:123$1008.x[14:0]$1505
  1150/1246: $1\rq8$func$rtl/state_stream_controller.v:123$1008.a[23:0]$1504
  1151/1246: $1\rq8$func$rtl/state_stream_controller.v:123$1008.$result[7:0]$1503
  1152/1246: $1\rq8$func$rtl/state_stream_controller.v:123$1007.x[14:0]$1502
  1153/1246: $1\rq8$func$rtl/state_stream_controller.v:123$1007.a[23:0]$1501
  1154/1246: $1\rq8$func$rtl/state_stream_controller.v:123$1007.$result[7:0]$1500
  1155/1246: $1\rq8$func$rtl/state_stream_controller.v:123$1006.x[14:0]$1499
  1156/1246: $1\rq8$func$rtl/state_stream_controller.v:123$1006.a[23:0]$1498
  1157/1246: $1\rq8$func$rtl/state_stream_controller.v:123$1006.$result[7:0]$1497
  1158/1246: $1\rq8$func$rtl/state_stream_controller.v:123$1005.x[14:0]$1496
  1159/1246: $1\rq8$func$rtl/state_stream_controller.v:123$1005.a[23:0]$1495
  1160/1246: $1\rq8$func$rtl/state_stream_controller.v:123$1005.$result[7:0]$1494
  1161/1246: $1\rq8$func$rtl/state_stream_controller.v:123$1004.x[14:0]$1493
  1162/1246: $1\rq8$func$rtl/state_stream_controller.v:123$1004.a[23:0]$1492
  1163/1246: $1\rq8$func$rtl/state_stream_controller.v:123$1004.$result[7:0]$1491
  1164/1246: $1\rq8$func$rtl/state_stream_controller.v:123$1003.x[14:0]$1490
  1165/1246: $1\rq8$func$rtl/state_stream_controller.v:123$1003.a[23:0]$1489
  1166/1246: $1\rq8$func$rtl/state_stream_controller.v:123$1003.$result[7:0]$1488
  1167/1246: $1\rq8$func$rtl/state_stream_controller.v:123$1002.x[14:0]$1487
  1168/1246: $1\rq8$func$rtl/state_stream_controller.v:123$1002.a[23:0]$1486
  1169/1246: $1\rq8$func$rtl/state_stream_controller.v:123$1002.$result[7:0]$1485
  1170/1246: $1\rq8$func$rtl/state_stream_controller.v:123$1001.x[14:0]$1484
  1171/1246: $1\rq8$func$rtl/state_stream_controller.v:123$1001.a[23:0]$1483
  1172/1246: $1\rq8$func$rtl/state_stream_controller.v:123$1001.$result[7:0]$1482
  1173/1246: $1\rq8$func$rtl/state_stream_controller.v:123$1000.x[14:0]$1481
  1174/1246: $1\rq8$func$rtl/state_stream_controller.v:123$1000.a[23:0]$1480
  1175/1246: $1\rq8$func$rtl/state_stream_controller.v:123$1000.$result[7:0]$1479
  1176/1246: $1\rq8$func$rtl/state_stream_controller.v:123$999.x[14:0]$1478
  1177/1246: $1\rq8$func$rtl/state_stream_controller.v:123$999.a[23:0]$1477
  1178/1246: $1\rq8$func$rtl/state_stream_controller.v:123$999.$result[7:0]$1476
  1179/1246: $1\rq8$func$rtl/state_stream_controller.v:123$998.x[14:0]$1475
  1180/1246: $1\rq8$func$rtl/state_stream_controller.v:123$998.a[23:0]$1474
  1181/1246: $1\rq8$func$rtl/state_stream_controller.v:123$998.$result[7:0]$1473
  1182/1246: $1\rq8$func$rtl/state_stream_controller.v:123$997.x[14:0]$1472
  1183/1246: $1\rq8$func$rtl/state_stream_controller.v:123$997.a[23:0]$1471
  1184/1246: $1\rq8$func$rtl/state_stream_controller.v:123$997.$result[7:0]$1470
  1185/1246: $1\rq8$func$rtl/state_stream_controller.v:123$996.x[14:0]$1469
  1186/1246: $1\rq8$func$rtl/state_stream_controller.v:123$996.a[23:0]$1468
  1187/1246: $1\rq8$func$rtl/state_stream_controller.v:123$996.$result[7:0]$1467
  1188/1246: $1\rq8$func$rtl/state_stream_controller.v:123$995.x[14:0]$1466
  1189/1246: $1\rq8$func$rtl/state_stream_controller.v:123$995.a[23:0]$1465
  1190/1246: $1\rq8$func$rtl/state_stream_controller.v:123$995.$result[7:0]$1464
  1191/1246: $1\rq8$func$rtl/state_stream_controller.v:123$994.x[14:0]$1463
  1192/1246: $1\rq8$func$rtl/state_stream_controller.v:123$994.a[23:0]$1462
  1193/1246: $1\rq8$func$rtl/state_stream_controller.v:123$994.$result[7:0]$1461
  1194/1246: $1\rq8$func$rtl/state_stream_controller.v:123$993.x[14:0]$1460
  1195/1246: $1\rq8$func$rtl/state_stream_controller.v:123$993.a[23:0]$1459
  1196/1246: $1\rq8$func$rtl/state_stream_controller.v:123$993.$result[7:0]$1458
  1197/1246: $1\i[31:0]
  1198/1246: $0\done[0:0]
  1199/1246: $0\acc[31][23:0]
  1200/1246: $0\acc[30][23:0]
  1201/1246: $0\acc[29][23:0]
  1202/1246: $0\acc[28][23:0]
  1203/1246: $0\acc[27][23:0]
  1204/1246: $0\acc[26][23:0]
  1205/1246: $0\acc[25][23:0]
  1206/1246: $0\acc[24][23:0]
  1207/1246: $0\acc[23][23:0]
  1208/1246: $0\acc[22][23:0]
  1209/1246: $0\acc[21][23:0]
  1210/1246: $0\acc[20][23:0]
  1211/1246: $0\acc[19][23:0]
  1212/1246: $0\acc[18][23:0]
  1213/1246: $0\acc[17][23:0]
  1214/1246: $0\acc[16][23:0]
  1215/1246: $0\acc[15][23:0]
  1216/1246: $0\acc[14][23:0]
  1217/1246: $0\acc[13][23:0]
  1218/1246: $0\acc[12][23:0]
  1219/1246: $0\acc[11][23:0]
  1220/1246: $0\acc[10][23:0]
  1221/1246: $0\acc[9][23:0]
  1222/1246: $0\acc[8][23:0]
  1223/1246: $0\acc[7][23:0]
  1224/1246: $0\acc[6][23:0]
  1225/1246: $0\acc[5][23:0]
  1226/1246: $0\acc[4][23:0]
  1227/1246: $0\acc[3][23:0]
  1228/1246: $0\acc[2][23:0]
  1229/1246: $0\acc[1][23:0]
  1230/1246: $0\acc[0][23:0]
  1231/1246: $3\rq8$func$rtl/state_stream_controller.v:123$993.$result[7:0]$2157
  1232/1246: $3\make_diff8$func$rtl/state_stream_controller.v:128$1025.$result[7:0]$2414
  1233/1246: $0\state_build[255:0] [191:128]
  1234/1246: $6\i[31:0]
  1235/1246: $3\i[31:0]
  1236/1246: $0\state_word[255:0]
  1237/1246: $0\q_cache[63:0]
  1238/1246: $0\k_cache[63:0]
  1239/1246: $0\gate_cache[127:0]
  1240/1246: $0\vword[1:0]
  1241/1246: $0\read_issued[0:0]
  1242/1246: $0\diff_half[0:0]
  1243/1246: $0\row[6:0]
  1244/1246: $0\group[1:0]
  1245/1246: $0\chunk[1:0]
  1246/1246: $0\fsm[23:0]
Creating decoders for process `\state_stream_controller.$proc$rtl/state_stream_controller.v:61$1107'.
     1/43: $3\state_rd_addr[8:0]
     2/43: $3\state_rd_bank[0:0]
     3/43: $3\state_rd_en[0:0]
     4/43: $5\ivec_rd_word_addr[3:0]
     5/43: $5\ivec_rd_vector_sel[1:0]
     6/43: $5\ivec_rd_en[0:0]
     7/43: $4\ivec_rd_word_addr[3:0]
     8/43: $4\ivec_rd_vector_sel[1:0]
     9/43: $4\ivec_rd_en[0:0]
    10/43: $4\act_rd_addr[8:0]
    11/43: $4\act_rd_bank[0:0]
    12/43: $4\act_rd_en[0:0]
    13/43: $3\act_rd_addr[8:0]
    14/43: $3\act_rd_bank[0:0]
    15/43: $3\act_rd_en[0:0]
    16/43: $3\ivec_rd_word_addr[3:0]
    17/43: $3\ivec_rd_vector_sel[1:0]
    18/43: $3\ivec_rd_en[0:0]
    19/43: $2\state_rd_addr[8:0]
    20/43: $2\state_rd_bank[0:0]
    21/43: $2\state_rd_en[0:0]
    22/43: $2\ivec_rd_word_addr[3:0]
    23/43: $2\ivec_rd_vector_sel[1:0]
    24/43: $2\ivec_rd_en[0:0]
    25/43: $2\act_rd_addr[8:0]
    26/43: $2\act_rd_bank[0:0]
    27/43: $2\act_rd_en[0:0]
    28/43: $1\act_rd_addr[8:0]
    29/43: $1\act_rd_bank[0:0]
    30/43: $1\act_rd_en[0:0]
    31/43: $1\ivec_rd_word_addr[3:0]
    32/43: $1\ivec_rd_vector_sel[1:0]
    33/43: $1\ivec_rd_en[0:0]
    34/43: $1\act_wr_data[127:0]
    35/43: $1\act_wr_addr[8:0]
    36/43: $1\act_wr_bank[0:0]
    37/43: $1\act_wr_en[0:0]
    38/43: $1\state_wr_addr[8:0]
    39/43: $1\state_wr_bank[0:0]
    40/43: $1\state_wr_en[0:0]
    41/43: $1\state_rd_addr[8:0]
    42/43: $1\state_rd_bank[0:0]
    43/43: $1\state_rd_en[0:0]
Creating decoders for process `\state_stream_controller.$proc$rtl/state_stream_controller.v:43$1105'.
     1/2: $1\engine_diff_slice[63:0]
     2/2: $1\engine_state_slice[63:0]
Creating decoders for process `\state_word_engine.$proc$rtl/state_word_engine.v:33$717'.
     1/288: $5\sat10$func$rtl/state_word_engine.v:67$716.$result[7:0]$974
     2/288: $4\sat10$func$rtl/state_word_engine.v:67$716.$result[7:0]$972
     3/288: $3\sat10$func$rtl/state_word_engine.v:67$716.$result[7:0]$967
     4/288: $3\sat10$func$rtl/state_word_engine.v:67$716.z[9:0]$968
     5/288: $5\sat10$func$rtl/state_word_engine.v:67$715.$result[7:0]$965
     6/288: $4\sat10$func$rtl/state_word_engine.v:67$715.$result[7:0]$963
     7/288: $0\n4[63:0] [63:56]
     8/288: $0\n4[63:0] [55:48]
     9/288: $3\sat10$func$rtl/state_word_engine.v:67$715.z[9:0]$959
    10/288: $5\sat10$func$rtl/state_word_engine.v:67$714.$result[7:0]$956
    11/288: $4\sat10$func$rtl/state_word_engine.v:67$714.$result[7:0]$954
    12/288: $3\sat10$func$rtl/state_word_engine.v:67$715.$result[7:0]$958
    13/288: $0\n4[63:0] [47:40]
    14/288: $3\sat10$func$rtl/state_word_engine.v:67$714.z[9:0]$950
    15/288: $5\sat10$func$rtl/state_word_engine.v:67$713.$result[7:0]$947
    16/288: $4\sat10$func$rtl/state_word_engine.v:67$713.$result[7:0]$945
    17/288: $3\sat10$func$rtl/state_word_engine.v:67$714.$result[7:0]$949
    18/288: $0\n4[63:0] [39:32]
    19/288: $3\sat10$func$rtl/state_word_engine.v:67$713.z[9:0]$941
    20/288: $5\sat10$func$rtl/state_word_engine.v:67$712.$result[7:0]$938
    21/288: $4\sat10$func$rtl/state_word_engine.v:67$712.$result[7:0]$936
    22/288: $3\sat10$func$rtl/state_word_engine.v:67$713.$result[7:0]$940
    23/288: $0\n4[63:0] [31:24]
    24/288: $3\sat10$func$rtl/state_word_engine.v:67$712.z[9:0]$932
    25/288: $5\sat10$func$rtl/state_word_engine.v:67$711.$result[7:0]$929
    26/288: $4\sat10$func$rtl/state_word_engine.v:67$711.$result[7:0]$927
    27/288: $3\sat10$func$rtl/state_word_engine.v:67$712.$result[7:0]$931
    28/288: $0\n4[63:0] [23:16]
    29/288: $3\sat10$func$rtl/state_word_engine.v:67$711.z[9:0]$923
    30/288: $5\sat10$func$rtl/state_word_engine.v:67$710.$result[7:0]$920
    31/288: $4\sat10$func$rtl/state_word_engine.v:67$710.$result[7:0]$918
    32/288: $3\sat10$func$rtl/state_word_engine.v:67$711.$result[7:0]$922
    33/288: $0\n4[63:0] [15:8]
    34/288: $3\sat10$func$rtl/state_word_engine.v:67$710.z[9:0]$914
    35/288: $5\sat10$func$rtl/state_word_engine.v:67$709.$result[7:0]$911
    36/288: $4\sat10$func$rtl/state_word_engine.v:67$709.$result[7:0]$909
    37/288: $3\sat10$func$rtl/state_word_engine.v:67$710.$result[7:0]$913
    38/288: $0\n4[63:0] [7:0]
    39/288: $3\sat10$func$rtl/state_word_engine.v:67$709.z[9:0]$905
    40/288: $6\i[31:0]
    41/288: $2\sat10$func$rtl/state_word_engine.v:67$716.z[9:0]$902
    42/288: $2\sat10$func$rtl/state_word_engine.v:67$716.$result[7:0]$901
    43/288: $2\sat10$func$rtl/state_word_engine.v:67$715.z[9:0]$900
    44/288: $2\sat10$func$rtl/state_word_engine.v:67$715.$result[7:0]$899
    45/288: $2\sat10$func$rtl/state_word_engine.v:67$714.z[9:0]$898
    46/288: $2\sat10$func$rtl/state_word_engine.v:67$714.$result[7:0]$897
    47/288: $2\sat10$func$rtl/state_word_engine.v:67$713.z[9:0]$896
    48/288: $2\sat10$func$rtl/state_word_engine.v:67$713.$result[7:0]$895
    49/288: $2\sat10$func$rtl/state_word_engine.v:67$712.z[9:0]$894
    50/288: $2\sat10$func$rtl/state_word_engine.v:67$712.$result[7:0]$893
    51/288: $2\sat10$func$rtl/state_word_engine.v:67$711.z[9:0]$892
    52/288: $2\sat10$func$rtl/state_word_engine.v:67$711.$result[7:0]$891
    53/288: $2\sat10$func$rtl/state_word_engine.v:67$710.z[9:0]$890
    54/288: $2\sat10$func$rtl/state_word_engine.v:67$710.$result[7:0]$889
    55/288: $2\sat10$func$rtl/state_word_engine.v:67$709.z[9:0]$888
    56/288: $2\sat10$func$rtl/state_word_engine.v:67$709.$result[7:0]$887
    57/288: $5\i[31:0]
    58/288: $4\sat9$func$rtl/state_word_engine.v:55$708.$result[7:0]$868
    59/288: $3\sat9$func$rtl/state_word_engine.v:55$708.$result[7:0]$866
    60/288: $4\sat9$func$rtl/state_word_engine.v:55$707.$result[7:0]$861
    61/288: $3\sat9$func$rtl/state_word_engine.v:55$707.$result[7:0]$859
    62/288: $4\sat9$func$rtl/state_word_engine.v:55$706.$result[7:0]$854
    63/288: $3\sat9$func$rtl/state_word_engine.v:55$706.$result[7:0]$852
    64/288: $4\sat9$func$rtl/state_word_engine.v:55$705.$result[7:0]$847
    65/288: $3\sat9$func$rtl/state_word_engine.v:55$705.$result[7:0]$845
    66/288: $4\sat9$func$rtl/state_word_engine.v:55$704.$result[7:0]$840
    67/288: $3\sat9$func$rtl/state_word_engine.v:55$704.$result[7:0]$838
    68/288: $4\sat9$func$rtl/state_word_engine.v:55$703.$result[7:0]$833
    69/288: $3\sat9$func$rtl/state_word_engine.v:55$703.$result[7:0]$831
    70/288: $4\sat9$func$rtl/state_word_engine.v:55$702.$result[7:0]$826
    71/288: $3\sat9$func$rtl/state_word_engine.v:55$702.$result[7:0]$824
    72/288: $4\sat9$func$rtl/state_word_engine.v:55$701.$result[7:0]$819
    73/288: $3\sat9$func$rtl/state_word_engine.v:55$701.$result[7:0]$817
    74/288: $4\i[31:0]
    75/288: $2\sat9$func$rtl/state_word_engine.v:55$708.$result[7:0]$813
    76/288: $2\sat9$func$rtl/state_word_engine.v:55$708.z[8:0]$814
    77/288: $0\n2[63:0] [63:56]
    78/288: $0\n2[63:0] [55:48]
    79/288: $2\sat9$func$rtl/state_word_engine.v:55$707.z[8:0]$812
    80/288: $2\sat9$func$rtl/state_word_engine.v:55$707.$result[7:0]$811
    81/288: $0\n2[63:0] [47:40]
    82/288: $2\sat9$func$rtl/state_word_engine.v:55$706.z[8:0]$810
    83/288: $2\sat9$func$rtl/state_word_engine.v:55$706.$result[7:0]$809
    84/288: $0\n2[63:0] [39:32]
    85/288: $2\sat9$func$rtl/state_word_engine.v:55$705.z[8:0]$808
    86/288: $2\sat9$func$rtl/state_word_engine.v:55$705.$result[7:0]$807
    87/288: $0\n2[63:0] [31:24]
    88/288: $2\sat9$func$rtl/state_word_engine.v:55$704.z[8:0]$806
    89/288: $2\sat9$func$rtl/state_word_engine.v:55$704.$result[7:0]$805
    90/288: $0\n2[63:0] [23:16]
    91/288: $2\sat9$func$rtl/state_word_engine.v:55$703.z[8:0]$804
    92/288: $2\sat9$func$rtl/state_word_engine.v:55$703.$result[7:0]$803
    93/288: $0\n2[63:0] [15:8]
    94/288: $2\sat9$func$rtl/state_word_engine.v:55$702.z[8:0]$802
    95/288: $2\sat9$func$rtl/state_word_engine.v:55$702.$result[7:0]$801
    96/288: $0\n2[63:0] [7:0]
    97/288: $2\sat9$func$rtl/state_word_engine.v:55$701.z[8:0]$800
    98/288: $3\i[31:0]
    99/288: $2\i[31:0]
   100/288: $1\sat10$func$rtl/state_word_engine.v:67$716.z[9:0]$782
   101/288: $1\sat10$func$rtl/state_word_engine.v:67$716.$result[7:0]$781
   102/288: $1\sat10$func$rtl/state_word_engine.v:67$715.z[9:0]$780
   103/288: $1\sat10$func$rtl/state_word_engine.v:67$715.$result[7:0]$779
   104/288: $1\sat10$func$rtl/state_word_engine.v:67$714.z[9:0]$778
   105/288: $1\sat10$func$rtl/state_word_engine.v:67$714.$result[7:0]$777
   106/288: $1\sat10$func$rtl/state_word_engine.v:67$713.z[9:0]$776
   107/288: $1\sat10$func$rtl/state_word_engine.v:67$713.$result[7:0]$775
   108/288: $1\sat10$func$rtl/state_word_engine.v:67$712.z[9:0]$774
   109/288: $1\sat10$func$rtl/state_word_engine.v:67$712.$result[7:0]$773
   110/288: $1\sat10$func$rtl/state_word_engine.v:67$711.z[9:0]$772
   111/288: $1\sat10$func$rtl/state_word_engine.v:67$711.$result[7:0]$771
   112/288: $1\sat10$func$rtl/state_word_engine.v:67$710.z[9:0]$770
   113/288: $1\sat10$func$rtl/state_word_engine.v:67$710.$result[7:0]$769
   114/288: $1\sat10$func$rtl/state_word_engine.v:67$709.z[9:0]$768
   115/288: $1\sat10$func$rtl/state_word_engine.v:67$709.$result[7:0]$767
   116/288: $1\i[31:0]
   117/288: $1\sat9$func$rtl/state_word_engine.v:55$708.z[8:0]$766
   118/288: $1\sat9$func$rtl/state_word_engine.v:55$708.$result[7:0]$765
   119/288: $1\sat9$func$rtl/state_word_engine.v:55$707.z[8:0]$764
   120/288: $1\sat9$func$rtl/state_word_engine.v:55$707.$result[7:0]$763
   121/288: $1\sat9$func$rtl/state_word_engine.v:55$706.z[8:0]$762
   122/288: $1\sat9$func$rtl/state_word_engine.v:55$706.$result[7:0]$761
   123/288: $1\sat9$func$rtl/state_word_engine.v:55$705.z[8:0]$760
   124/288: $1\sat9$func$rtl/state_word_engine.v:55$705.$result[7:0]$759
   125/288: $1\sat9$func$rtl/state_word_engine.v:55$704.z[8:0]$758
   126/288: $1\sat9$func$rtl/state_word_engine.v:55$704.$result[7:0]$757
   127/288: $1\sat9$func$rtl/state_word_engine.v:55$703.z[8:0]$756
   128/288: $1\sat9$func$rtl/state_word_engine.v:55$703.$result[7:0]$755
   129/288: $1\sat9$func$rtl/state_word_engine.v:55$702.z[8:0]$754
   130/288: $1\sat9$func$rtl/state_word_engine.v:55$702.$result[7:0]$753
   131/288: $1\sat9$func$rtl/state_word_engine.v:55$701.z[8:0]$752
   132/288: $1\sat9$func$rtl/state_word_engine.v:55$701.$result[7:0]$751
   133/288: $0\out_valid[0:0]
   134/288: $0\v4[0:0]
   135/288: $0\v3[0:0]
   136/288: $0\v2[0:0]
   137/288: $0\v1[0:0]
   138/288: $0\v0[0:0]
   139/288: $0\coef4[7][7:0]
   140/288: $0\coef4[6][7:0]
   141/288: $0\coef4[5][7:0]
   142/288: $0\coef4[4][7:0]
   143/288: $0\coef4[3][7:0]
   144/288: $0\coef4[2][7:0]
   145/288: $0\coef4[1][7:0]
   146/288: $0\coef4[0][7:0]
   147/288: $0\bkd3[7][23:0]
   148/288: $0\bkd3[6][23:0]
   149/288: $0\bkd3[5][23:0]
   150/288: $0\bkd3[4][23:0]
   151/288: $0\bkd3[3][23:0]
   152/288: $0\bkd3[2][23:0]
   153/288: $0\bkd3[1][23:0]
   154/288: $0\bkd3[0][23:0]
   155/288: $0\q3[7][7:0]
   156/288: $0\q3[6][7:0]
   157/288: $0\q3[5][7:0]
   158/288: $0\q3[4][7:0]
   159/288: $0\q3[3][7:0]
   160/288: $0\q3[2][7:0]
   161/288: $0\q3[1][7:0]
   162/288: $0\q3[0][7:0]
   163/288: $0\k3[7][7:0]
   164/288: $0\k3[6][7:0]
   165/288: $0\k3[5][7:0]
   166/288: $0\k3[4][7:0]
   167/288: $0\k3[3][7:0]
   168/288: $0\k3[2][7:0]
   169/288: $0\k3[1][7:0]
   170/288: $0\k3[0][7:0]
   171/288: $0\bkd_hi2[7][15:0]
   172/288: $0\bkd_hi2[6][15:0]
   173/288: $0\bkd_hi2[5][15:0]
   174/288: $0\bkd_hi2[4][15:0]
   175/288: $0\bkd_hi2[3][15:0]
   176/288: $0\bkd_hi2[2][15:0]
   177/288: $0\bkd_hi2[1][15:0]
   178/288: $0\bkd_hi2[0][15:0]
   179/288: $0\bkd_lo2[7][16:0]
   180/288: $0\bkd_lo2[6][16:0]
   181/288: $0\bkd_lo2[5][16:0]
   182/288: $0\bkd_lo2[4][16:0]
   183/288: $0\bkd_lo2[3][16:0]
   184/288: $0\bkd_lo2[2][16:0]
   185/288: $0\bkd_lo2[1][16:0]
   186/288: $0\bkd_lo2[0][16:0]
   187/288: $0\q2[7][7:0]
   188/288: $0\q2[6][7:0]
   189/288: $0\q2[5][7:0]
   190/288: $0\q2[4][7:0]
   191/288: $0\q2[3][7:0]
   192/288: $0\q2[2][7:0]
   193/288: $0\q2[1][7:0]
   194/288: $0\q2[0][7:0]
   195/288: $0\k2[7][7:0]
   196/288: $0\k2[6][7:0]
   197/288: $0\k2[5][7:0]
   198/288: $0\k2[4][7:0]
   199/288: $0\k2[3][7:0]
   200/288: $0\k2[2][7:0]
   201/288: $0\k2[1][7:0]
   202/288: $0\k2[0][7:0]
   203/288: $0\bk1[7][15:0]
   204/288: $0\bk1[6][15:0]
   205/288: $0\bk1[5][15:0]
   206/288: $0\bk1[4][15:0]
   207/288: $0\bk1[3][15:0]
   208/288: $0\bk1[2][15:0]
   209/288: $0\bk1[1][15:0]
   210/288: $0\bk1[0][15:0]
   211/288: $0\sa1[7][15:0]
   212/288: $0\sa1[6][15:0]
   213/288: $0\sa1[5][15:0]
   214/288: $0\sa1[4][15:0]
   215/288: $0\sa1[3][15:0]
   216/288: $0\sa1[2][15:0]
   217/288: $0\sa1[1][15:0]
   218/288: $0\sa1[0][15:0]
   219/288: $0\q1[7][7:0]
   220/288: $0\q1[6][7:0]
   221/288: $0\q1[5][7:0]
   222/288: $0\q1[4][7:0]
   223/288: $0\q1[3][7:0]
   224/288: $0\q1[2][7:0]
   225/288: $0\q1[1][7:0]
   226/288: $0\q1[0][7:0]
   227/288: $0\k1[7][7:0]
   228/288: $0\k1[6][7:0]
   229/288: $0\k1[5][7:0]
   230/288: $0\k1[4][7:0]
   231/288: $0\k1[3][7:0]
   232/288: $0\k1[2][7:0]
   233/288: $0\k1[1][7:0]
   234/288: $0\k1[0][7:0]
   235/288: $0\q0[7][7:0]
   236/288: $0\q0[6][7:0]
   237/288: $0\q0[5][7:0]
   238/288: $0\q0[4][7:0]
   239/288: $0\q0[3][7:0]
   240/288: $0\q0[2][7:0]
   241/288: $0\q0[1][7:0]
   242/288: $0\q0[0][7:0]
   243/288: $0\k0[7][7:0]
   244/288: $0\k0[6][7:0]
   245/288: $0\k0[5][7:0]
   246/288: $0\k0[4][7:0]
   247/288: $0\k0[3][7:0]
   248/288: $0\k0[2][7:0]
   249/288: $0\k0[1][7:0]
   250/288: $0\k0[0][7:0]
   251/288: $0\beta0[7][7:0]
   252/288: $0\beta0[6][7:0]
   253/288: $0\beta0[5][7:0]
   254/288: $0\beta0[4][7:0]
   255/288: $0\beta0[3][7:0]
   256/288: $0\beta0[2][7:0]
   257/288: $0\beta0[1][7:0]
   258/288: $0\beta0[0][7:0]
   259/288: $0\alpha0[7][7:0]
   260/288: $0\alpha0[6][7:0]
   261/288: $0\alpha0[5][7:0]
   262/288: $0\alpha0[4][7:0]
   263/288: $0\alpha0[3][7:0]
   264/288: $0\alpha0[2][7:0]
   265/288: $0\alpha0[1][7:0]
   266/288: $0\alpha0[0][7:0]
   267/288: $3\sat10$func$rtl/state_word_engine.v:67$709.$result[7:0]$904
   268/288: $0\n3[63:0]
   269/288: $2\sat9$func$rtl/state_word_engine.v:55$701.$result[7:0]$799
   270/288: $0\s3[63:0]
   271/288: $0\s2[63:0]
   272/288: $0\d1[63:0]
   273/288: $0\s1[63:0]
   274/288: $0\d0[63:0]
   275/288: $0\s0[63:0]
   276/288: $0\p3[0:0]
   277/288: $0\p2[0:0]
   278/288: $0\p1[0:0]
   279/288: $0\p0[0:0]
   280/288: $0\term7[23:0]
   281/288: $0\term6[23:0]
   282/288: $0\term5[23:0]
   283/288: $0\term4[23:0]
   284/288: $0\term3[23:0]
   285/288: $0\term2[23:0]
   286/288: $0\term1[23:0]
   287/288: $0\term0[23:0]
   288/288: $0\updated_slice[63:0]
Creating decoders for process `\conv_unit_serial.$proc$rtl/conv_unit_serial.v:24$646'.
     1/40: $4\satq$func$rtl/conv_unit_serial.v:40$645.$result[7:0]$689
     2/40: $3\satq$func$rtl/conv_unit_serial.v:40$645.$result[7:0]$687
     3/40: $4\satq$func$rtl/conv_unit_serial.v:40$644.$result[7:0]$684
     4/40: $3\satq$func$rtl/conv_unit_serial.v:40$644.$result[7:0]$682
     5/40: $2\rb[7:0]
     6/40: $2\satq$func$rtl/conv_unit_serial.v:40$645.$result[7:0]$677
     7/40: $2\satq$func$rtl/conv_unit_serial.v:40$645.shifted[9:0]$679
     8/40: $2\satq$func$rtl/conv_unit_serial.v:40$645.z[17:0]$678
     9/40: $2\ra[7:0]
    10/40: $2\satq$func$rtl/conv_unit_serial.v:40$644.$result[7:0]$674
    11/40: $2\satq$func$rtl/conv_unit_serial.v:40$644.shifted[9:0]$676
    12/40: $2\satq$func$rtl/conv_unit_serial.v:40$644.z[17:0]$675
    13/40: $1\satq$func$rtl/conv_unit_serial.v:40$645.shifted[9:0]$659
    14/40: $1\satq$func$rtl/conv_unit_serial.v:40$645.z[17:0]$658
    15/40: $1\satq$func$rtl/conv_unit_serial.v:40$645.$result[7:0]$657
    16/40: $1\satq$func$rtl/conv_unit_serial.v:40$644.shifted[9:0]$656
    17/40: $1\satq$func$rtl/conv_unit_serial.v:40$644.z[17:0]$655
    18/40: $1\satq$func$rtl/conv_unit_serial.v:40$644.$result[7:0]$654
    19/40: $1\rb[7:0]
    20/40: $1\ra[7:0]
    21/40: $0\out_valid[0:0]
    22/40: $0\v2[0:0]
    23/40: $0\v1[0:0]
    24/40: $0\v0[0:0]
    25/40: $0\sb[17:0]
    26/40: $0\sa[17:0]
    27/40: $0\bb1[16:0]
    28/40: $0\bb0[16:0]
    29/40: $0\aa1[16:0]
    30/40: $0\aa0[16:0]
    31/40: $0\bp3[15:0]
    32/40: $0\bp2[15:0]
    33/40: $0\bp1[15:0]
    34/40: $0\bp0[15:0]
    35/40: $0\ap3[15:0]
    36/40: $0\ap2[15:0]
    37/40: $0\ap1[15:0]
    38/40: $0\ap0[15:0]
    39/40: $0\beta[7:0]
    40/40: $0\alpha[7:0]
Creating decoders for process `\mac_array_16x16.$proc$rtl/mac_array_16x16.v:28$566'.
     1/95: $4\sat24$func$rtl/mac_array_16x16.v:46$563.$result[23:0]$643
     2/95: $3\sat24$func$rtl/mac_array_16x16.v:46$563.$result[23:0]$641
     3/95: $2\sat24$func$rtl/mac_array_16x16.v:46$563.$result[23:0]$638
     4/95: $2\sat24$func$rtl/mac_array_16x16.v:46$563.x[24:0]$639
     5/95: $6\i[31:0]
     6/95: $5\i[31:0]
     7/95: $4\i[31:0]
     8/95: $3\i[31:0]
     9/95: $2\i[31:0]
    10/95: $1\sat24$func$rtl/mac_array_16x16.v:46$563.x[24:0]$571
    11/95: $1\sat24$func$rtl/mac_array_16x16.v:46$563.$result[23:0]$570
    12/95: $1\i[31:0]
    13/95: $0\result_valid[0:0]
    14/95: $0\l5[0:0]
    15/95: $0\l4[0:0]
    16/95: $0\l3[0:0]
    17/95: $0\l2[0:0]
    18/95: $0\l1[0:0]
    19/95: $0\l0[0:0]
    20/95: $0\c5[0:0]
    21/95: $0\c4[0:0]
    22/95: $0\c3[0:0]
    23/95: $0\c2[0:0]
    24/95: $0\c1[0:0]
    25/95: $0\c0[0:0]
    26/95: $0\v5[0:0]
    27/95: $0\v4[0:0]
    28/95: $0\v3[0:0]
    29/95: $0\v2[0:0]
    30/95: $0\v1[0:0]
    31/95: $0\v0[0:0]
    32/95: $0\s4[1][19:0]
    33/95: $0\s4[0][19:0]
    34/95: $0\s3[3][18:0]
    35/95: $0\s3[2][18:0]
    36/95: $0\s3[1][18:0]
    37/95: $0\s3[0][18:0]
    38/95: $0\s2[7][17:0]
    39/95: $0\s2[6][17:0]
    40/95: $0\s2[5][17:0]
    41/95: $0\s2[4][17:0]
    42/95: $0\s2[3][17:0]
    43/95: $0\s2[2][17:0]
    44/95: $0\s2[1][17:0]
    45/95: $0\s2[0][17:0]
    46/95: $0\s1[15][16:0]
    47/95: $0\s1[14][16:0]
    48/95: $0\s1[13][16:0]
    49/95: $0\s1[12][16:0]
    50/95: $0\s1[11][16:0]
    51/95: $0\s1[10][16:0]
    52/95: $0\s1[9][16:0]
    53/95: $0\s1[8][16:0]
    54/95: $0\s1[7][16:0]
    55/95: $0\s1[6][16:0]
    56/95: $0\s1[5][16:0]
    57/95: $0\s1[4][16:0]
    58/95: $0\s1[3][16:0]
    59/95: $0\s1[2][16:0]
    60/95: $0\s1[1][16:0]
    61/95: $0\s1[0][16:0]
    62/95: $0\p0[31][15:0]
    63/95: $0\p0[30][15:0]
    64/95: $0\p0[29][15:0]
    65/95: $0\p0[28][15:0]
    66/95: $0\p0[27][15:0]
    67/95: $0\p0[26][15:0]
    68/95: $0\p0[25][15:0]
    69/95: $0\p0[24][15:0]
    70/95: $0\p0[23][15:0]
    71/95: $0\p0[22][15:0]
    72/95: $0\p0[21][15:0]
    73/95: $0\p0[20][15:0]
    74/95: $0\p0[19][15:0]
    75/95: $0\p0[18][15:0]
    76/95: $0\p0[17][15:0]
    77/95: $0\p0[16][15:0]
    78/95: $0\p0[15][15:0]
    79/95: $0\p0[14][15:0]
    80/95: $0\p0[13][15:0]
    81/95: $0\p0[12][15:0]
    82/95: $0\p0[11][15:0]
    83/95: $0\p0[10][15:0]
    84/95: $0\p0[9][15:0]
    85/95: $0\p0[8][15:0]
    86/95: $0\p0[7][15:0]
    87/95: $0\p0[6][15:0]
    88/95: $0\p0[5][15:0]
    89/95: $0\p0[4][15:0]
    90/95: $0\p0[3][15:0]
    91/95: $0\p0[2][15:0]
    92/95: $0\p0[1][15:0]
    93/95: $0\p0[0][15:0]
    94/95: $0\sum_q[20:0]
    95/95: $0\result[23:0]
Creating decoders for process `\requant.$proc$rtl/requant.v:4$554'.
     1/2: $2\out_data[7:0]
     2/2: $1\out_data[7:0]
Creating decoders for process `\intermediate_sram.$proc$rtl/intermediate_sram.v:0$553'.
Creating decoders for process `\intermediate_sram.$proc$rtl/intermediate_sram.v:10$460'.
     1/25: $1$lookahead\pack[3]$459[63:0]$531
     2/25: $1$bitselwrite$data$rtl/intermediate_sram.v:13$454[63:0]$529
     3/25: $1$bitselwrite$mask$rtl/intermediate_sram.v:13$453[63:0]$528
     4/25: $1$bitselwrite$sel$rtl/intermediate_sram.v:13$455[31:0]$530
     5/25: $0\macro_we[3:0] [3]
     6/25: $0\macro_we[3:0] [2]
     7/25: $1$bitselwrite$data$rtl/intermediate_sram.v:13$451[63:0]$512
     8/25: $1$bitselwrite$mask$rtl/intermediate_sram.v:13$450[63:0]$511
     9/25: $1$bitselwrite$sel$rtl/intermediate_sram.v:13$452[31:0]$513
    10/25: $1$lookahead\pack[2]$458[63:0]$514
    11/25: $0\macro_we[3:0] [1]
    12/25: $1$bitselwrite$data$rtl/intermediate_sram.v:13$448[63:0]$495
    13/25: $1$bitselwrite$mask$rtl/intermediate_sram.v:13$447[63:0]$494
    14/25: $1$bitselwrite$sel$rtl/intermediate_sram.v:13$449[31:0]$496
    15/25: $1$lookahead\pack[1]$457[63:0]$497
    16/25: $0\macro_we[3:0] [0]
    17/25: $1$bitselwrite$data$rtl/intermediate_sram.v:13$445[63:0]$478
    18/25: $1$bitselwrite$mask$rtl/intermediate_sram.v:13$444[63:0]$477
    19/25: $1$bitselwrite$sel$rtl/intermediate_sram.v:13$446[31:0]$479
    20/25: $1$lookahead\pack[0]$456[63:0]$480
    21/25: $0\macro_wd[3][63:0]
    22/25: $0\macro_wd[2][63:0]
    23/25: $0\macro_wd[1][63:0]
    24/25: $0\macro_wd[0][63:0]
    25/25: $0\macro_wa[5:0]
Creating decoders for process `\activation_sram.$proc$rtl/activation_sram.v:0$422'.
Creating decoders for process `\activation_sram.$proc$rtl/activation_sram.v:0$417'.
     1/1: $1$mem2reg_rd$\qa$rtl/activation_sram.v:33$350_DATA[63:0]$419
Creating decoders for process `\activation_sram.$proc$rtl/activation_sram.v:0$413'.
     1/1: $1$mem2reg_rd$\qa$rtl/activation_sram.v:33$349_DATA[63:0]$415
Creating decoders for process `\activation_sram.$proc$rtl/activation_sram.v:0$408'.
     1/1: $1$mem2reg_rd$\qa$rtl/activation_sram.v:32$348_DATA[63:0]$410
Creating decoders for process `\activation_sram.$proc$rtl/activation_sram.v:0$404'.
     1/1: $1$mem2reg_rd$\qa$rtl/activation_sram.v:32$347_DATA[63:0]$406
Creating decoders for process `\activation_sram.$proc$rtl/activation_sram.v:15$351'.
     1/2: $0\rd_sel_b[0:0]
     2/2: $0\rd_sel_a[0:0]
Creating decoders for process `\state_sram.$proc$rtl/state_sram.v:0$326'.
Creating decoders for process `\state_sram.$proc$rtl/state_sram.v:0$321'.
     1/1: $1$mem2reg_rd$\q$rtl/state_sram.v:28$192_DATA[63:0]$323
Creating decoders for process `\state_sram.$proc$rtl/state_sram.v:0$316'.
     1/1: $1$mem2reg_rd$\q$rtl/state_sram.v:28$191_DATA[63:0]$318
Creating decoders for process `\state_sram.$proc$rtl/state_sram.v:0$311'.
     1/1: $1$mem2reg_rd$\q$rtl/state_sram.v:28$190_DATA[63:0]$313
Creating decoders for process `\state_sram.$proc$rtl/state_sram.v:0$306'.
     1/1: $1$mem2reg_rd$\q$rtl/state_sram.v:28$189_DATA[63:0]$308
Creating decoders for process `\state_sram.$proc$rtl/state_sram.v:14$193'.
     1/1: $0\rd_bank_q[0:0]
Creating decoders for process `\weight_sram.$proc$rtl/weight_sram.v:0$180'.
Creating decoders for process `\weight_sram.$proc$rtl/weight_sram.v:24$50'.
     1/3: $0\rd_hi_q[255:0]
     2/3: $0\rd_lo_q[255:0]
     3/3: $0\rd_matrix_q[1:0]

15.8. Executing PROC_DLATCH pass (convert process syncs to latches).
No latch inferred for signal `\x7_top.\acta_en' from process `\x7_top.$proc$rtl/x7_top.v:88$3621'.
No latch inferred for signal `\x7_top.\acta_we' from process `\x7_top.$proc$rtl/x7_top.v:88$3621'.
No latch inferred for signal `\x7_top.\acta_bank' from process `\x7_top.$proc$rtl/x7_top.v:88$3621'.
No latch inferred for signal `\x7_top.\acta_addr' from process `\x7_top.$proc$rtl/x7_top.v:88$3621'.
No latch inferred for signal `\x7_top.\acta_wdata' from process `\x7_top.$proc$rtl/x7_top.v:88$3621'.
No latch inferred for signal `\x7_top.\actb_en' from process `\x7_top.$proc$rtl/x7_top.v:88$3621'.
No latch inferred for signal `\x7_top.\actb_we' from process `\x7_top.$proc$rtl/x7_top.v:88$3621'.
No latch inferred for signal `\x7_top.\actb_bank' from process `\x7_top.$proc$rtl/x7_top.v:88$3621'.
No latch inferred for signal `\x7_top.\actb_addr' from process `\x7_top.$proc$rtl/x7_top.v:88$3621'.
No latch inferred for signal `\x7_top.\actb_wdata' from process `\x7_top.$proc$rtl/x7_top.v:88$3621'.
No latch inferred for signal `\streaming_norm.\act_rd_en' from process `\streaming_norm.$proc$rtl/streaming_norm.v:31$3034'.
No latch inferred for signal `\streaming_norm.\act_rd_addr' from process `\streaming_norm.$proc$rtl/streaming_norm.v:31$3034'.
No latch inferred for signal `\streaming_norm.\act_wr_en' from process `\streaming_norm.$proc$rtl/streaming_norm.v:31$3034'.
No latch inferred for signal `\streaming_norm.\act_wr_addr' from process `\streaming_norm.$proc$rtl/streaming_norm.v:31$3034'.
No latch inferred for signal `\streaming_norm.\act_wr_data' from process `\streaming_norm.$proc$rtl/streaming_norm.v:31$3034'.
No latch inferred for signal `\streaming_norm.\ivec_rd_en' from process `\streaming_norm.$proc$rtl/streaming_norm.v:31$3034'.
No latch inferred for signal `\streaming_norm.\ivec_rd_addr' from process `\streaming_norm.$proc$rtl/streaming_norm.v:31$3034'.
No latch inferred for signal `\state_stream_controller.\active_bank_out' from process `\state_stream_controller.$proc$rtl/state_stream_controller.v:61$1107'.
No latch inferred for signal `\state_stream_controller.\state_rd_en' from process `\state_stream_controller.$proc$rtl/state_stream_controller.v:61$1107'.
No latch inferred for signal `\state_stream_controller.\state_rd_bank' from process `\state_stream_controller.$proc$rtl/state_stream_controller.v:61$1107'.
No latch inferred for signal `\state_stream_controller.\state_rd_addr' from process `\state_stream_controller.$proc$rtl/state_stream_controller.v:61$1107'.
No latch inferred for signal `\state_stream_controller.\state_wr_en' from process `\state_stream_controller.$proc$rtl/state_stream_controller.v:61$1107'.
No latch inferred for signal `\state_stream_controller.\state_wr_bank' from process `\state_stream_controller.$proc$rtl/state_stream_controller.v:61$1107'.
No latch inferred for signal `\state_stream_controller.\state_wr_addr' from process `\state_stream_controller.$proc$rtl/state_stream_controller.v:61$1107'.
No latch inferred for signal `\state_stream_controller.\state_wr_data' from process `\state_stream_controller.$proc$rtl/state_stream_controller.v:61$1107'.
No latch inferred for signal `\state_stream_controller.\act_rd_en' from process `\state_stream_controller.$proc$rtl/state_stream_controller.v:61$1107'.
No latch inferred for signal `\state_stream_controller.\act_rd_bank' from process `\state_stream_controller.$proc$rtl/state_stream_controller.v:61$1107'.
No latch inferred for signal `\state_stream_controller.\act_rd_addr' from process `\state_stream_controller.$proc$rtl/state_stream_controller.v:61$1107'.
No latch inferred for signal `\state_stream_controller.\act_wr_en' from process `\state_stream_controller.$proc$rtl/state_stream_controller.v:61$1107'.
No latch inferred for signal `\state_stream_controller.\act_wr_bank' from process `\state_stream_controller.$proc$rtl/state_stream_controller.v:61$1107'.
No latch inferred for signal `\state_stream_controller.\act_wr_addr' from process `\state_stream_controller.$proc$rtl/state_stream_controller.v:61$1107'.
No latch inferred for signal `\state_stream_controller.\act_wr_data' from process `\state_stream_controller.$proc$rtl/state_stream_controller.v:61$1107'.
No latch inferred for signal `\state_stream_controller.\ivec_rd_en' from process `\state_stream_controller.$proc$rtl/state_stream_controller.v:61$1107'.
No latch inferred for signal `\state_stream_controller.\ivec_rd_vector_sel' from process `\state_stream_controller.$proc$rtl/state_stream_controller.v:61$1107'.
No latch inferred for signal `\state_stream_controller.\ivec_rd_word_addr' from process `\state_stream_controller.$proc$rtl/state_stream_controller.v:61$1107'.
No latch inferred for signal `\state_stream_controller.\engine_state_slice' from process `\state_stream_controller.$proc$rtl/state_stream_controller.v:43$1105'.
No latch inferred for signal `\state_stream_controller.\engine_diff_slice' from process `\state_stream_controller.$proc$rtl/state_stream_controller.v:43$1105'.
No latch inferred for signal `\requant.\out_data' from process `\requant.$proc$rtl/requant.v:4$554'.
No latch inferred for signal `\requant.\shifted' from process `\requant.$proc$rtl/requant.v:4$554'.
No latch inferred for signal `\intermediate_sram.\q[0]' from process `\intermediate_sram.$proc$rtl/intermediate_sram.v:0$553'.
No latch inferred for signal `\intermediate_sram.\q[1]' from process `\intermediate_sram.$proc$rtl/intermediate_sram.v:0$553'.
No latch inferred for signal `\intermediate_sram.\q[2]' from process `\intermediate_sram.$proc$rtl/intermediate_sram.v:0$553'.
No latch inferred for signal `\intermediate_sram.\q[3]' from process `\intermediate_sram.$proc$rtl/intermediate_sram.v:0$553'.
No latch inferred for signal `\activation_sram.\qa[0]' from process `\activation_sram.$proc$rtl/activation_sram.v:0$422'.
No latch inferred for signal `\activation_sram.\qa[1]' from process `\activation_sram.$proc$rtl/activation_sram.v:0$422'.
No latch inferred for signal `\activation_sram.\qa[2]' from process `\activation_sram.$proc$rtl/activation_sram.v:0$422'.
No latch inferred for signal `\activation_sram.\qa[3]' from process `\activation_sram.$proc$rtl/activation_sram.v:0$422'.
No latch inferred for signal `\activation_sram.$mem2reg_rd$\qa$rtl/activation_sram.v:33$350_DATA' from process `\activation_sram.$proc$rtl/activation_sram.v:0$417'.
No latch inferred for signal `\activation_sram.$mem2reg_rd$\qa$rtl/activation_sram.v:33$349_DATA' from process `\activation_sram.$proc$rtl/activation_sram.v:0$413'.
No latch inferred for signal `\activation_sram.$mem2reg_rd$\qa$rtl/activation_sram.v:32$348_DATA' from process `\activation_sram.$proc$rtl/activation_sram.v:0$408'.
No latch inferred for signal `\activation_sram.$mem2reg_rd$\qa$rtl/activation_sram.v:32$347_DATA' from process `\activation_sram.$proc$rtl/activation_sram.v:0$404'.
No latch inferred for signal `\state_sram.\q[0]' from process `\state_sram.$proc$rtl/state_sram.v:0$326'.
No latch inferred for signal `\state_sram.\q[1]' from process `\state_sram.$proc$rtl/state_sram.v:0$326'.
No latch inferred for signal `\state_sram.\q[2]' from process `\state_sram.$proc$rtl/state_sram.v:0$326'.
No latch inferred for signal `\state_sram.\q[3]' from process `\state_sram.$proc$rtl/state_sram.v:0$326'.
No latch inferred for signal `\state_sram.\q[4]' from process `\state_sram.$proc$rtl/state_sram.v:0$326'.
No latch inferred for signal `\state_sram.\q[5]' from process `\state_sram.$proc$rtl/state_sram.v:0$326'.
No latch inferred for signal `\state_sram.\q[6]' from process `\state_sram.$proc$rtl/state_sram.v:0$326'.
No latch inferred for signal `\state_sram.\q[7]' from process `\state_sram.$proc$rtl/state_sram.v:0$326'.
No latch inferred for signal `\state_sram.$mem2reg_rd$\q$rtl/state_sram.v:28$192_DATA' from process `\state_sram.$proc$rtl/state_sram.v:0$321'.
No latch inferred for signal `\state_sram.$mem2reg_rd$\q$rtl/state_sram.v:28$191_DATA' from process `\state_sram.$proc$rtl/state_sram.v:0$316'.
No latch inferred for signal `\state_sram.$mem2reg_rd$\q$rtl/state_sram.v:28$190_DATA' from process `\state_sram.$proc$rtl/state_sram.v:0$311'.
No latch inferred for signal `\state_sram.$mem2reg_rd$\q$rtl/state_sram.v:28$189_DATA' from process `\state_sram.$proc$rtl/state_sram.v:0$306'.
No latch inferred for signal `\weight_sram.\q[0]' from process `\weight_sram.$proc$rtl/weight_sram.v:0$180'.
No latch inferred for signal `\weight_sram.\q[1]' from process `\weight_sram.$proc$rtl/weight_sram.v:0$180'.
No latch inferred for signal `\weight_sram.\q[2]' from process `\weight_sram.$proc$rtl/weight_sram.v:0$180'.
No latch inferred for signal `\weight_sram.\q[3]' from process `\weight_sram.$proc$rtl/weight_sram.v:0$180'.
No latch inferred for signal `\weight_sram.\q[4]' from process `\weight_sram.$proc$rtl/weight_sram.v:0$180'.
No latch inferred for signal `\weight_sram.\q[5]' from process `\weight_sram.$proc$rtl/weight_sram.v:0$180'.
No latch inferred for signal `\weight_sram.\q[6]' from process `\weight_sram.$proc$rtl/weight_sram.v:0$180'.
No latch inferred for signal `\weight_sram.\q[7]' from process `\weight_sram.$proc$rtl/weight_sram.v:0$180'.
No latch inferred for signal `\weight_sram.\q[8]' from process `\weight_sram.$proc$rtl/weight_sram.v:0$180'.
No latch inferred for signal `\weight_sram.\q[9]' from process `\weight_sram.$proc$rtl/weight_sram.v:0$180'.
No latch inferred for signal `\weight_sram.\q[10]' from process `\weight_sram.$proc$rtl/weight_sram.v:0$180'.
No latch inferred for signal `\weight_sram.\q[11]' from process `\weight_sram.$proc$rtl/weight_sram.v:0$180'.
No latch inferred for signal `\weight_sram.\q[12]' from process `\weight_sram.$proc$rtl/weight_sram.v:0$180'.
No latch inferred for signal `\weight_sram.\q[13]' from process `\weight_sram.$proc$rtl/weight_sram.v:0$180'.
No latch inferred for signal `\weight_sram.\q[14]' from process `\weight_sram.$proc$rtl/weight_sram.v:0$180'.
No latch inferred for signal `\weight_sram.\q[15]' from process `\weight_sram.$proc$rtl/weight_sram.v:0$180'.

15.9. Executing PROC_DFF pass (convert process syncs to FFs).
Creating register for signal `\x7_top.\phase' using process `\x7_top.$proc$rtl/x7_top.v:117$3641'.
  created $adff cell `$procdff$24143' with positive edge clock and negative level reset.
Creating register for signal `\x7_top.\fault' using process `\x7_top.$proc$rtl/x7_top.v:117$3641'.
  created $adff cell `$procdff$24144' with positive edge clock and negative level reset.
Creating register for signal `\x7_top.\input_beat' using process `\x7_top.$proc$rtl/x7_top.v:117$3641'.
  created $adff cell `$procdff$24145' with positive edge clock and negative level reset.
Creating register for signal `\x7_top.\proj_step' using process `\x7_top.$proc$rtl/x7_top.v:117$3641'.
  created $adff cell `$procdff$24146' with positive edge clock and negative level reset.
Creating register for signal `\x7_top.\proj_sel' using process `\x7_top.$proc$rtl/x7_top.v:117$3641'.
  created $adff cell `$procdff$24147' with positive edge clock and negative level reset.
Creating register for signal `\x7_top.\proj_index' using process `\x7_top.$proc$rtl/x7_top.v:117$3641'.
  created $adff cell `$procdff$24148' with positive edge clock and negative level reset.
Creating register for signal `\x7_top.\proj_results' using process `\x7_top.$proc$rtl/x7_top.v:117$3641'.
  created $adff cell `$procdff$24149' with positive edge clock and negative level reset.
Creating register for signal `\x7_top.\proj_low' using process `\x7_top.$proc$rtl/x7_top.v:117$3641'.
  created $dff cell `$procdff$24152' with positive edge clock.
Creating register for signal `\x7_top.\proj_window' using process `\x7_top.$proc$rtl/x7_top.v:117$3641'.
  created $dff cell `$procdff$24155' with positive edge clock.
Creating register for signal `\x7_top.\proj_weight' using process `\x7_top.$proc$rtl/x7_top.v:117$3641'.
  created $dff cell `$procdff$24158' with positive edge clock.
Creating register for signal `\x7_top.\conv_step' using process `\x7_top.$proc$rtl/x7_top.v:117$3641'.
  created $adff cell `$procdff$24159' with positive edge clock and negative level reset.
Creating register for signal `\x7_top.\conv_channel' using process `\x7_top.$proc$rtl/x7_top.v:117$3641'.
  created $adff cell `$procdff$24160' with positive edge clock and negative level reset.
Creating register for signal `\x7_top.\conv_x_beat' using process `\x7_top.$proc$rtl/x7_top.v:117$3641'.
  created $dff cell `$procdff$24163' with positive edge clock.
Creating register for signal `\x7_top.\conv_gate_pack' using process `\x7_top.$proc$rtl/x7_top.v:117$3641'.
  created $adff cell `$procdff$24164' with positive edge clock and negative level reset.
Creating register for signal `\x7_top.\conv_x_scalar' using process `\x7_top.$proc$rtl/x7_top.v:117$3641'.
  created $adff cell `$procdff$24165' with positive edge clock and negative level reset.
Creating register for signal `\x7_top.\ss_state_rd_valid' using process `\x7_top.$proc$rtl/x7_top.v:117$3641'.
  created $adff cell `$procdff$24166' with positive edge clock and negative level reset.
Creating register for signal `\x7_top.\ss_act_rd_valid' using process `\x7_top.$proc$rtl/x7_top.v:117$3641'.
  created $adff cell `$procdff$24167' with positive edge clock and negative level reset.
Creating register for signal `\x7_top.\ss_ivec_rd_valid' using process `\x7_top.$proc$rtl/x7_top.v:117$3641'.
  created $adff cell `$procdff$24168' with positive edge clock and negative level reset.
Creating register for signal `\x7_top.\ss_ivec_rd_valid_q2' using process `\x7_top.$proc$rtl/x7_top.v:117$3641'.
  created $adff cell `$procdff$24169' with positive edge clock and negative level reset.
Creating register for signal `\x7_top.\ss_ivec_vec_q' using process `\x7_top.$proc$rtl/x7_top.v:117$3641'.
  created $adff cell `$procdff$24170' with positive edge clock and negative level reset.
Creating register for signal `\x7_top.\ss_ivec_rdata_q' using process `\x7_top.$proc$rtl/x7_top.v:117$3641'.
  created $adff cell `$procdff$24171' with positive edge clock and negative level reset.
Creating register for signal `\x7_top.\norm_ivec_rd_valid' using process `\x7_top.$proc$rtl/x7_top.v:117$3641'.
  created $adff cell `$procdff$24172' with positive edge clock and negative level reset.
Creating register for signal `\x7_top.\norm_ivec_rd_valid_q2' using process `\x7_top.$proc$rtl/x7_top.v:117$3641'.
  created $adff cell `$procdff$24173' with positive edge clock and negative level reset.
Creating register for signal `\x7_top.\norm_act_rd_valid' using process `\x7_top.$proc$rtl/x7_top.v:117$3641'.
  created $adff cell `$procdff$24174' with positive edge clock and negative level reset.
Creating register for signal `\x7_top.\norm_ivec_vec_q' using process `\x7_top.$proc$rtl/x7_top.v:117$3641'.
  created $adff cell `$procdff$24175' with positive edge clock and negative level reset.
Creating register for signal `\x7_top.\norm_ivec_rdata_q' using process `\x7_top.$proc$rtl/x7_top.v:117$3641'.
  created $adff cell `$procdff$24176' with positive edge clock and negative level reset.
Creating register for signal `\x7_top.\active_state' using process `\x7_top.$proc$rtl/x7_top.v:117$3641'.
  created $adff cell `$procdff$24177' with positive edge clock and negative level reset.
Creating register for signal `\x7_top.\norm_started' using process `\x7_top.$proc$rtl/x7_top.v:117$3641'.
  created $adff cell `$procdff$24178' with positive edge clock and negative level reset.
Creating register for signal `\x7_top.\out_pending' using process `\x7_top.$proc$rtl/x7_top.v:117$3641'.
  created $adff cell `$procdff$24179' with positive edge clock and negative level reset.
Creating register for signal `\x7_top.\out_issue' using process `\x7_top.$proc$rtl/x7_top.v:117$3641'.
  created $adff cell `$procdff$24180' with positive edge clock and negative level reset.
Creating register for signal `\x7_top.\out_index' using process `\x7_top.$proc$rtl/x7_top.v:117$3641'.
  created $adff cell `$procdff$24181' with positive edge clock and negative level reset.
Creating register for signal `\x7_top.$bitselwrite$mask$rtl/x7_top.v:163$3583' using process `\x7_top.$proc$rtl/x7_top.v:117$3641'.
  created $adff cell `$procdff$24182' with positive edge clock and negative level reset.
Creating register for signal `\x7_top.$bitselwrite$data$rtl/x7_top.v:163$3584' using process `\x7_top.$proc$rtl/x7_top.v:117$3641'.
  created $adff cell `$procdff$24183' with positive edge clock and negative level reset.
Creating register for signal `\x7_top.$bitselwrite$sel$rtl/x7_top.v:163$3585' using process `\x7_top.$proc$rtl/x7_top.v:117$3641'.
  created $adff cell `$procdff$24184' with positive edge clock and negative level reset.
Creating register for signal `\x7_top.$lookahead\conv_gate_pack$3640' using process `\x7_top.$proc$rtl/x7_top.v:117$3641'.
  created $adff cell `$procdff$24185' with positive edge clock and negative level reset.
Creating register for signal `\x7_controller.\phase_cycles' using process `\x7_controller.$proc$rtl/x7_controller.v:6$3579'.
  created $dff cell `$procdff$24186' with positive edge clock.
Creating register for signal `\x7_controller.\phase_q' using process `\x7_controller.$proc$rtl/x7_controller.v:6$3579'.
  created $dff cell `$procdff$24187' with positive edge clock.
Creating register for signal `\streaming_norm.\i' using process `\streaming_norm.$proc$rtl/streaming_norm.v:42$3035'.
  created $dff cell `$procdff$24190' with positive edge clock.
Creating register for signal `\streaming_norm.\done' using process `\streaming_norm.$proc$rtl/streaming_norm.v:42$3035'.
  created $adff cell `$procdff$24191' with positive edge clock and negative level reset.
Creating register for signal `\streaming_norm.\st' using process `\streaming_norm.$proc$rtl/streaming_norm.v:42$3035'.
  created $adff cell `$procdff$24192' with positive edge clock and negative level reset.
Creating register for signal `\streaming_norm.\word' using process `\streaming_norm.$proc$rtl/streaming_norm.v:42$3035'.
  created $adff cell `$procdff$24193' with positive edge clock and negative level reset.
Creating register for signal `\streaming_norm.\beat' using process `\streaming_norm.$proc$rtl/streaming_norm.v:42$3035'.
  created $adff cell `$procdff$24194' with positive edge clock and negative level reset.
Creating register for signal `\streaming_norm.\nr' using process `\streaming_norm.$proc$rtl/streaming_norm.v:42$3035'.
  created $adff cell `$procdff$24195' with positive edge clock and negative level reset.
Creating register for signal `\streaming_norm.\sumsq' using process `\streaming_norm.$proc$rtl/streaming_norm.v:42$3035'.
  created $adff cell `$procdff$24196' with positive edge clock and negative level reset.
Creating register for signal `\streaming_norm.\mean' using process `\streaming_norm.$proc$rtl/streaming_norm.v:42$3035'.
  created $adff cell `$procdff$24197' with positive edge clock and negative level reset.
Creating register for signal `\streaming_norm.\r' using process `\streaming_norm.$proc$rtl/streaming_norm.v:42$3035'.
  created $adff cell `$procdff$24198' with positive edge clock and negative level reset.
Creating register for signal `\streaming_norm.\y2' using process `\streaming_norm.$proc$rtl/streaming_norm.v:42$3035'.
  created $adff cell `$procdff$24199' with positive edge clock and negative level reset.
Creating register for signal `\streaming_norm.\o_lo' using process `\streaming_norm.$proc$rtl/streaming_norm.v:42$3035'.
  created $adff cell `$procdff$24200' with positive edge clock and negative level reset.
Creating register for signal `\streaming_norm.\o_hi' using process `\streaming_norm.$proc$rtl/streaming_norm.v:42$3035'.
  created $adff cell `$procdff$24201' with positive edge clock and negative level reset.
Creating register for signal `\streaming_norm.\pending_write' using process `\streaming_norm.$proc$rtl/streaming_norm.v:42$3035'.
  created $adff cell `$procdff$24202' with positive edge clock and negative level reset.
Creating register for signal `\streaming_norm.\x_cache' using process `\streaming_norm.$proc$rtl/streaming_norm.v:42$3035'.
  created $dff cell `$procdff$24205' with positive edge clock.
Creating register for signal `\streaming_norm.\scaled_cache' using process `\streaming_norm.$proc$rtl/streaming_norm.v:42$3035'.
  created $dff cell `$procdff$24208' with positive edge clock.
Creating register for signal `\streaming_norm.\sq0' using process `\streaming_norm.$proc$rtl/streaming_norm.v:42$3035'.
  created $dff cell `$procdff$24211' with positive edge clock.
Creating register for signal `\streaming_norm.\sq1' using process `\streaming_norm.$proc$rtl/streaming_norm.v:42$3035'.
  created $dff cell `$procdff$24214' with positive edge clock.
Creating register for signal `\streaming_norm.\sq2' using process `\streaming_norm.$proc$rtl/streaming_norm.v:42$3035'.
  created $dff cell `$procdff$24217' with positive edge clock.
Creating register for signal `\streaming_norm.\sq3' using process `\streaming_norm.$proc$rtl/streaming_norm.v:42$3035'.
  created $dff cell `$procdff$24220' with positive edge clock.
Creating register for signal `\streaming_norm.\sq4' using process `\streaming_norm.$proc$rtl/streaming_norm.v:42$3035'.
  created $dff cell `$procdff$24223' with positive edge clock.
Creating register for signal `\streaming_norm.\sq5' using process `\streaming_norm.$proc$rtl/streaming_norm.v:42$3035'.
  created $dff cell `$procdff$24226' with positive edge clock.
Creating register for signal `\streaming_norm.\sq6' using process `\streaming_norm.$proc$rtl/streaming_norm.v:42$3035'.
  created $dff cell `$procdff$24229' with positive edge clock.
Creating register for signal `\streaming_norm.\sq7' using process `\streaming_norm.$proc$rtl/streaming_norm.v:42$3035'.
  created $dff cell `$procdff$24232' with positive edge clock.
Creating register for signal `\streaming_norm.\pair0' using process `\streaming_norm.$proc$rtl/streaming_norm.v:42$3035'.
  created $dff cell `$procdff$24235' with positive edge clock.
Creating register for signal `\streaming_norm.\pair1' using process `\streaming_norm.$proc$rtl/streaming_norm.v:42$3035'.
  created $dff cell `$procdff$24238' with positive edge clock.
Creating register for signal `\streaming_norm.\pair2' using process `\streaming_norm.$proc$rtl/streaming_norm.v:42$3035'.
  created $dff cell `$procdff$24241' with positive edge clock.
Creating register for signal `\streaming_norm.\pair3' using process `\streaming_norm.$proc$rtl/streaming_norm.v:42$3035'.
  created $dff cell `$procdff$24244' with positive edge clock.
Creating register for signal `\streaming_norm.\half0' using process `\streaming_norm.$proc$rtl/streaming_norm.v:42$3035'.
  created $dff cell `$procdff$24247' with positive edge clock.
Creating register for signal `\streaming_norm.\half1' using process `\streaming_norm.$proc$rtl/streaming_norm.v:42$3035'.
  created $dff cell `$procdff$24250' with positive edge clock.
Creating register for signal `\streaming_norm.\o' using process `\streaming_norm.$proc$rtl/streaming_norm.v:42$3035'.
  created $dff cell `$procdff$24253' with positive edge clock.
Creating register for signal `\streaming_norm.\xy2' using process `\streaming_norm.$proc$rtl/streaming_norm.v:42$3035'.
  created $dff cell `$procdff$24256' with positive edge clock.
Creating register for signal `\streaming_norm.\next_y' using process `\streaming_norm.$proc$rtl/streaming_norm.v:42$3035'.
  created $dff cell `$procdff$24259' with positive edge clock.
Creating register for signal `\streaming_norm.\scaled' using process `\streaming_norm.$proc$rtl/streaming_norm.v:42$3035'.
  created $dff cell `$procdff$24262' with positive edge clock.
Creating register for signal `\streaming_norm.\factor_q' using process `\streaming_norm.$proc$rtl/streaming_norm.v:42$3035'.
  created $dff cell `$procdff$24265' with positive edge clock.
Creating register for signal `\streaming_norm.\xy_lo_q' using process `\streaming_norm.$proc$rtl/streaming_norm.v:42$3035'.
  created $dff cell `$procdff$24268' with positive edge clock.
Creating register for signal `\streaming_norm.\xy_hi_q' using process `\streaming_norm.$proc$rtl/streaming_norm.v:42$3035'.
  created $dff cell `$procdff$24271' with positive edge clock.
Creating register for signal `\streaming_norm.\nr_lo_q' using process `\streaming_norm.$proc$rtl/streaming_norm.v:42$3035'.
  created $dff cell `$procdff$24274' with positive edge clock.
Creating register for signal `\streaming_norm.\nr_hi_q' using process `\streaming_norm.$proc$rtl/streaming_norm.v:42$3035'.
  created $dff cell `$procdff$24277' with positive edge clock.
Creating register for signal `\streaming_norm.\sat8$func$rtl/streaming_norm.v:105$3002.$result' using process `\streaming_norm.$proc$rtl/streaming_norm.v:42$3035'.
  created $adff cell `$procdff$24278' with positive edge clock and negative level reset.
Creating register for signal `\streaming_norm.\sat8$func$rtl/streaming_norm.v:105$3002.z' using process `\streaming_norm.$proc$rtl/streaming_norm.v:42$3035'.
  created $adff cell `$procdff$24279' with positive edge clock and negative level reset.
Creating register for signal `\streaming_norm.\sat8$func$rtl/streaming_norm.v:105$3003.$result' using process `\streaming_norm.$proc$rtl/streaming_norm.v:42$3035'.
  created $adff cell `$procdff$24280' with positive edge clock and negative level reset.
Creating register for signal `\streaming_norm.\sat8$func$rtl/streaming_norm.v:105$3003.z' using process `\streaming_norm.$proc$rtl/streaming_norm.v:42$3035'.
  created $adff cell `$procdff$24281' with positive edge clock and negative level reset.
Creating register for signal `\streaming_norm.\sat8$func$rtl/streaming_norm.v:105$3004.$result' using process `\streaming_norm.$proc$rtl/streaming_norm.v:42$3035'.
  created $adff cell `$procdff$24282' with positive edge clock and negative level reset.
Creating register for signal `\streaming_norm.\sat8$func$rtl/streaming_norm.v:105$3004.z' using process `\streaming_norm.$proc$rtl/streaming_norm.v:42$3035'.
  created $adff cell `$procdff$24283' with positive edge clock and negative level reset.
Creating register for signal `\streaming_norm.\sat8$func$rtl/streaming_norm.v:105$3005.$result' using process `\streaming_norm.$proc$rtl/streaming_norm.v:42$3035'.
  created $adff cell `$procdff$24284' with positive edge clock and negative level reset.
Creating register for signal `\streaming_norm.\sat8$func$rtl/streaming_norm.v:105$3005.z' using process `\streaming_norm.$proc$rtl/streaming_norm.v:42$3035'.
  created $adff cell `$procdff$24285' with positive edge clock and negative level reset.
Creating register for signal `\streaming_norm.\sat8$func$rtl/streaming_norm.v:105$3006.$result' using process `\streaming_norm.$proc$rtl/streaming_norm.v:42$3035'.
  created $adff cell `$procdff$24286' with positive edge clock and negative level reset.
Creating register for signal `\streaming_norm.\sat8$func$rtl/streaming_norm.v:105$3006.z' using process `\streaming_norm.$proc$rtl/streaming_norm.v:42$3035'.
  created $adff cell `$procdff$24287' with positive edge clock and negative level reset.
Creating register for signal `\streaming_norm.\sat8$func$rtl/streaming_norm.v:105$3007.$result' using process `\streaming_norm.$proc$rtl/streaming_norm.v:42$3035'.
  created $adff cell `$procdff$24288' with positive edge clock and negative level reset.
Creating register for signal `\streaming_norm.\sat8$func$rtl/streaming_norm.v:105$3007.z' using process `\streaming_norm.$proc$rtl/streaming_norm.v:42$3035'.
  created $adff cell `$procdff$24289' with positive edge clock and negative level reset.
Creating register for signal `\streaming_norm.\sat8$func$rtl/streaming_norm.v:105$3008.$result' using process `\streaming_norm.$proc$rtl/streaming_norm.v:42$3035'.
  created $adff cell `$procdff$24290' with positive edge clock and negative level reset.
Creating register for signal `\streaming_norm.\sat8$func$rtl/streaming_norm.v:105$3008.z' using process `\streaming_norm.$proc$rtl/streaming_norm.v:42$3035'.
  created $adff cell `$procdff$24291' with positive edge clock and negative level reset.
Creating register for signal `\streaming_norm.\sat8$func$rtl/streaming_norm.v:105$3009.$result' using process `\streaming_norm.$proc$rtl/streaming_norm.v:42$3035'.
  created $adff cell `$procdff$24292' with positive edge clock and negative level reset.
Creating register for signal `\streaming_norm.\sat8$func$rtl/streaming_norm.v:105$3009.z' using process `\streaming_norm.$proc$rtl/streaming_norm.v:42$3035'.
  created $adff cell `$procdff$24293' with positive edge clock and negative level reset.
Creating register for signal `\streaming_norm.\sat8$func$rtl/streaming_norm.v:105$3010.$result' using process `\streaming_norm.$proc$rtl/streaming_norm.v:42$3035'.
  created $adff cell `$procdff$24294' with positive edge clock and negative level reset.
Creating register for signal `\streaming_norm.\sat8$func$rtl/streaming_norm.v:105$3010.z' using process `\streaming_norm.$proc$rtl/streaming_norm.v:42$3035'.
  created $adff cell `$procdff$24295' with positive edge clock and negative level reset.
Creating register for signal `\streaming_norm.\sat8$func$rtl/streaming_norm.v:105$3011.$result' using process `\streaming_norm.$proc$rtl/streaming_norm.v:42$3035'.
  created $adff cell `$procdff$24296' with positive edge clock and negative level reset.
Creating register for signal `\streaming_norm.\sat8$func$rtl/streaming_norm.v:105$3011.z' using process `\streaming_norm.$proc$rtl/streaming_norm.v:42$3035'.
  created $adff cell `$procdff$24297' with positive edge clock and negative level reset.
Creating register for signal `\streaming_norm.\sat8$func$rtl/streaming_norm.v:105$3012.$result' using process `\streaming_norm.$proc$rtl/streaming_norm.v:42$3035'.
  created $adff cell `$procdff$24298' with positive edge clock and negative level reset.
Creating register for signal `\streaming_norm.\sat8$func$rtl/streaming_norm.v:105$3012.z' using process `\streaming_norm.$proc$rtl/streaming_norm.v:42$3035'.
  created $adff cell `$procdff$24299' with positive edge clock and negative level reset.
Creating register for signal `\streaming_norm.\sat8$func$rtl/streaming_norm.v:105$3013.$result' using process `\streaming_norm.$proc$rtl/streaming_norm.v:42$3035'.
  created $adff cell `$procdff$24300' with positive edge clock and negative level reset.
Creating register for signal `\streaming_norm.\sat8$func$rtl/streaming_norm.v:105$3013.z' using process `\streaming_norm.$proc$rtl/streaming_norm.v:42$3035'.
  created $adff cell `$procdff$24301' with positive edge clock and negative level reset.
Creating register for signal `\streaming_norm.\sat8$func$rtl/streaming_norm.v:105$3014.$result' using process `\streaming_norm.$proc$rtl/streaming_norm.v:42$3035'.
  created $adff cell `$procdff$24302' with positive edge clock and negative level reset.
Creating register for signal `\streaming_norm.\sat8$func$rtl/streaming_norm.v:105$3014.z' using process `\streaming_norm.$proc$rtl/streaming_norm.v:42$3035'.
  created $adff cell `$procdff$24303' with positive edge clock and negative level reset.
Creating register for signal `\streaming_norm.\sat8$func$rtl/streaming_norm.v:105$3015.$result' using process `\streaming_norm.$proc$rtl/streaming_norm.v:42$3035'.
  created $adff cell `$procdff$24304' with positive edge clock and negative level reset.
Creating register for signal `\streaming_norm.\sat8$func$rtl/streaming_norm.v:105$3015.z' using process `\streaming_norm.$proc$rtl/streaming_norm.v:42$3035'.
  created $adff cell `$procdff$24305' with positive edge clock and negative level reset.
Creating register for signal `\streaming_norm.\sat8$func$rtl/streaming_norm.v:105$3016.$result' using process `\streaming_norm.$proc$rtl/streaming_norm.v:42$3035'.
  created $adff cell `$procdff$24306' with positive edge clock and negative level reset.
Creating register for signal `\streaming_norm.\sat8$func$rtl/streaming_norm.v:105$3016.z' using process `\streaming_norm.$proc$rtl/streaming_norm.v:42$3035'.
  created $adff cell `$procdff$24307' with positive edge clock and negative level reset.
Creating register for signal `\streaming_norm.\sat8$func$rtl/streaming_norm.v:105$3017.$result' using process `\streaming_norm.$proc$rtl/streaming_norm.v:42$3035'.
  created $adff cell `$procdff$24308' with positive edge clock and negative level reset.
Creating register for signal `\streaming_norm.\sat8$func$rtl/streaming_norm.v:105$3017.z' using process `\streaming_norm.$proc$rtl/streaming_norm.v:42$3035'.
  created $adff cell `$procdff$24309' with positive edge clock and negative level reset.
Creating register for signal `\streaming_norm.\satadd8$func$rtl/streaming_norm.v:110$3018.$result' using process `\streaming_norm.$proc$rtl/streaming_norm.v:42$3035'.
  created $adff cell `$procdff$24310' with positive edge clock and negative level reset.
Creating register for signal `\streaming_norm.\satadd8$func$rtl/streaming_norm.v:110$3018.a' using process `\streaming_norm.$proc$rtl/streaming_norm.v:42$3035'.
  created $adff cell `$procdff$24311' with positive edge clock and negative level reset.
Creating register for signal `\streaming_norm.\satadd8$func$rtl/streaming_norm.v:110$3018.b' using process `\streaming_norm.$proc$rtl/streaming_norm.v:42$3035'.
  created $adff cell `$procdff$24312' with positive edge clock and negative level reset.
Creating register for signal `\streaming_norm.\satadd8$func$rtl/streaming_norm.v:110$3018.z' using process `\streaming_norm.$proc$rtl/streaming_norm.v:42$3035'.
  created $adff cell `$procdff$24313' with positive edge clock and negative level reset.
Creating register for signal `\streaming_norm.\satadd8$func$rtl/streaming_norm.v:110$3019.$result' using process `\streaming_norm.$proc$rtl/streaming_norm.v:42$3035'.
  created $adff cell `$procdff$24314' with positive edge clock and negative level reset.
Creating register for signal `\streaming_norm.\satadd8$func$rtl/streaming_norm.v:110$3019.a' using process `\streaming_norm.$proc$rtl/streaming_norm.v:42$3035'.
  created $adff cell `$procdff$24315' with positive edge clock and negative level reset.
Creating register for signal `\streaming_norm.\satadd8$func$rtl/streaming_norm.v:110$3019.b' using process `\streaming_norm.$proc$rtl/streaming_norm.v:42$3035'.
  created $adff cell `$procdff$24316' with positive edge clock and negative level reset.
Creating register for signal `\streaming_norm.\satadd8$func$rtl/streaming_norm.v:110$3019.z' using process `\streaming_norm.$proc$rtl/streaming_norm.v:42$3035'.
  created $adff cell `$procdff$24317' with positive edge clock and negative level reset.
Creating register for signal `\streaming_norm.\satadd8$func$rtl/streaming_norm.v:110$3020.$result' using process `\streaming_norm.$proc$rtl/streaming_norm.v:42$3035'.
  created $adff cell `$procdff$24318' with positive edge clock and negative level reset.
Creating register for signal `\streaming_norm.\satadd8$func$rtl/streaming_norm.v:110$3020.a' using process `\streaming_norm.$proc$rtl/streaming_norm.v:42$3035'.
  created $adff cell `$procdff$24319' with positive edge clock and negative level reset.
Creating register for signal `\streaming_norm.\satadd8$func$rtl/streaming_norm.v:110$3020.b' using process `\streaming_norm.$proc$rtl/streaming_norm.v:42$3035'.
  created $adff cell `$procdff$24320' with positive edge clock and negative level reset.
Creating register for signal `\streaming_norm.\satadd8$func$rtl/streaming_norm.v:110$3020.z' using process `\streaming_norm.$proc$rtl/streaming_norm.v:42$3035'.
  created $adff cell `$procdff$24321' with positive edge clock and negative level reset.
Creating register for signal `\streaming_norm.\satadd8$func$rtl/streaming_norm.v:110$3021.$result' using process `\streaming_norm.$proc$rtl/streaming_norm.v:42$3035'.
  created $adff cell `$procdff$24322' with positive edge clock and negative level reset.
Creating register for signal `\streaming_norm.\satadd8$func$rtl/streaming_norm.v:110$3021.a' using process `\streaming_norm.$proc$rtl/streaming_norm.v:42$3035'.
  created $adff cell `$procdff$24323' with positive edge clock and negative level reset.
Creating register for signal `\streaming_norm.\satadd8$func$rtl/streaming_norm.v:110$3021.b' using process `\streaming_norm.$proc$rtl/streaming_norm.v:42$3035'.
  created $adff cell `$procdff$24324' with positive edge clock and negative level reset.
Creating register for signal `\streaming_norm.\satadd8$func$rtl/streaming_norm.v:110$3021.z' using process `\streaming_norm.$proc$rtl/streaming_norm.v:42$3035'.
  created $adff cell `$procdff$24325' with positive edge clock and negative level reset.
Creating register for signal `\streaming_norm.\satadd8$func$rtl/streaming_norm.v:110$3022.$result' using process `\streaming_norm.$proc$rtl/streaming_norm.v:42$3035'.
  created $adff cell `$procdff$24326' with positive edge clock and negative level reset.
Creating register for signal `\streaming_norm.\satadd8$func$rtl/streaming_norm.v:110$3022.a' using process `\streaming_norm.$proc$rtl/streaming_norm.v:42$3035'.
  created $adff cell `$procdff$24327' with positive edge clock and negative level reset.
Creating register for signal `\streaming_norm.\satadd8$func$rtl/streaming_norm.v:110$3022.b' using process `\streaming_norm.$proc$rtl/streaming_norm.v:42$3035'.
  created $adff cell `$procdff$24328' with positive edge clock and negative level reset.
Creating register for signal `\streaming_norm.\satadd8$func$rtl/streaming_norm.v:110$3022.z' using process `\streaming_norm.$proc$rtl/streaming_norm.v:42$3035'.
  created $adff cell `$procdff$24329' with positive edge clock and negative level reset.
Creating register for signal `\streaming_norm.\satadd8$func$rtl/streaming_norm.v:110$3023.$result' using process `\streaming_norm.$proc$rtl/streaming_norm.v:42$3035'.
  created $adff cell `$procdff$24330' with positive edge clock and negative level reset.
Creating register for signal `\streaming_norm.\satadd8$func$rtl/streaming_norm.v:110$3023.a' using process `\streaming_norm.$proc$rtl/streaming_norm.v:42$3035'.
  created $adff cell `$procdff$24331' with positive edge clock and negative level reset.
Creating register for signal `\streaming_norm.\satadd8$func$rtl/streaming_norm.v:110$3023.b' using process `\streaming_norm.$proc$rtl/streaming_norm.v:42$3035'.
  created $adff cell `$procdff$24332' with positive edge clock and negative level reset.
Creating register for signal `\streaming_norm.\satadd8$func$rtl/streaming_norm.v:110$3023.z' using process `\streaming_norm.$proc$rtl/streaming_norm.v:42$3035'.
  created $adff cell `$procdff$24333' with positive edge clock and negative level reset.
Creating register for signal `\streaming_norm.\satadd8$func$rtl/streaming_norm.v:110$3024.$result' using process `\streaming_norm.$proc$rtl/streaming_norm.v:42$3035'.
  created $adff cell `$procdff$24334' with positive edge clock and negative level reset.
Creating register for signal `\streaming_norm.\satadd8$func$rtl/streaming_norm.v:110$3024.a' using process `\streaming_norm.$proc$rtl/streaming_norm.v:42$3035'.
  created $adff cell `$procdff$24335' with positive edge clock and negative level reset.
Creating register for signal `\streaming_norm.\satadd8$func$rtl/streaming_norm.v:110$3024.b' using process `\streaming_norm.$proc$rtl/streaming_norm.v:42$3035'.
  created $adff cell `$procdff$24336' with positive edge clock and negative level reset.
Creating register for signal `\streaming_norm.\satadd8$func$rtl/streaming_norm.v:110$3024.z' using process `\streaming_norm.$proc$rtl/streaming_norm.v:42$3035'.
  created $adff cell `$procdff$24337' with positive edge clock and negative level reset.
Creating register for signal `\streaming_norm.\satadd8$func$rtl/streaming_norm.v:110$3025.$result' using process `\streaming_norm.$proc$rtl/streaming_norm.v:42$3035'.
  created $adff cell `$procdff$24338' with positive edge clock and negative level reset.
Creating register for signal `\streaming_norm.\satadd8$func$rtl/streaming_norm.v:110$3025.a' using process `\streaming_norm.$proc$rtl/streaming_norm.v:42$3035'.
  created $adff cell `$procdff$24339' with positive edge clock and negative level reset.
Creating register for signal `\streaming_norm.\satadd8$func$rtl/streaming_norm.v:110$3025.b' using process `\streaming_norm.$proc$rtl/streaming_norm.v:42$3035'.
  created $adff cell `$procdff$24340' with positive edge clock and negative level reset.
Creating register for signal `\streaming_norm.\satadd8$func$rtl/streaming_norm.v:110$3025.z' using process `\streaming_norm.$proc$rtl/streaming_norm.v:42$3035'.
  created $adff cell `$procdff$24341' with positive edge clock and negative level reset.
Creating register for signal `\streaming_norm.\satadd8$func$rtl/streaming_norm.v:110$3026.$result' using process `\streaming_norm.$proc$rtl/streaming_norm.v:42$3035'.
  created $adff cell `$procdff$24342' with positive edge clock and negative level reset.
Creating register for signal `\streaming_norm.\satadd8$func$rtl/streaming_norm.v:110$3026.a' using process `\streaming_norm.$proc$rtl/streaming_norm.v:42$3035'.
  created $adff cell `$procdff$24343' with positive edge clock and negative level reset.
Creating register for signal `\streaming_norm.\satadd8$func$rtl/streaming_norm.v:110$3026.b' using process `\streaming_norm.$proc$rtl/streaming_norm.v:42$3035'.
  created $adff cell `$procdff$24344' with positive edge clock and negative level reset.
Creating register for signal `\streaming_norm.\satadd8$func$rtl/streaming_norm.v:110$3026.z' using process `\streaming_norm.$proc$rtl/streaming_norm.v:42$3035'.
  created $adff cell `$procdff$24345' with positive edge clock and negative level reset.
Creating register for signal `\streaming_norm.\satadd8$func$rtl/streaming_norm.v:110$3027.$result' using process `\streaming_norm.$proc$rtl/streaming_norm.v:42$3035'.
  created $adff cell `$procdff$24346' with positive edge clock and negative level reset.
Creating register for signal `\streaming_norm.\satadd8$func$rtl/streaming_norm.v:110$3027.a' using process `\streaming_norm.$proc$rtl/streaming_norm.v:42$3035'.
  created $adff cell `$procdff$24347' with positive edge clock and negative level reset.
Creating register for signal `\streaming_norm.\satadd8$func$rtl/streaming_norm.v:110$3027.b' using process `\streaming_norm.$proc$rtl/streaming_norm.v:42$3035'.
  created $adff cell `$procdff$24348' with positive edge clock and negative level reset.
Creating register for signal `\streaming_norm.\satadd8$func$rtl/streaming_norm.v:110$3027.z' using process `\streaming_norm.$proc$rtl/streaming_norm.v:42$3035'.
  created $adff cell `$procdff$24349' with positive edge clock and negative level reset.
Creating register for signal `\streaming_norm.\satadd8$func$rtl/streaming_norm.v:110$3028.$result' using process `\streaming_norm.$proc$rtl/streaming_norm.v:42$3035'.
  created $adff cell `$procdff$24350' with positive edge clock and negative level reset.
Creating register for signal `\streaming_norm.\satadd8$func$rtl/streaming_norm.v:110$3028.a' using process `\streaming_norm.$proc$rtl/streaming_norm.v:42$3035'.
  created $adff cell `$procdff$24351' with positive edge clock and negative level reset.
Creating register for signal `\streaming_norm.\satadd8$func$rtl/streaming_norm.v:110$3028.b' using process `\streaming_norm.$proc$rtl/streaming_norm.v:42$3035'.
  created $adff cell `$procdff$24352' with positive edge clock and negative level reset.
Creating register for signal `\streaming_norm.\satadd8$func$rtl/streaming_norm.v:110$3028.z' using process `\streaming_norm.$proc$rtl/streaming_norm.v:42$3035'.
  created $adff cell `$procdff$24353' with positive edge clock and negative level reset.
Creating register for signal `\streaming_norm.\satadd8$func$rtl/streaming_norm.v:110$3029.$result' using process `\streaming_norm.$proc$rtl/streaming_norm.v:42$3035'.
  created $adff cell `$procdff$24354' with positive edge clock and negative level reset.
Creating register for signal `\streaming_norm.\satadd8$func$rtl/streaming_norm.v:110$3029.a' using process `\streaming_norm.$proc$rtl/streaming_norm.v:42$3035'.
  created $adff cell `$procdff$24355' with positive edge clock and negative level reset.
Creating register for signal `\streaming_norm.\satadd8$func$rtl/streaming_norm.v:110$3029.b' using process `\streaming_norm.$proc$rtl/streaming_norm.v:42$3035'.
  created $adff cell `$procdff$24356' with positive edge clock and negative level reset.
Creating register for signal `\streaming_norm.\satadd8$func$rtl/streaming_norm.v:110$3029.z' using process `\streaming_norm.$proc$rtl/streaming_norm.v:42$3035'.
  created $adff cell `$procdff$24357' with positive edge clock and negative level reset.
Creating register for signal `\streaming_norm.\satadd8$func$rtl/streaming_norm.v:110$3030.$result' using process `\streaming_norm.$proc$rtl/streaming_norm.v:42$3035'.
  created $adff cell `$procdff$24358' with positive edge clock and negative level reset.
Creating register for signal `\streaming_norm.\satadd8$func$rtl/streaming_norm.v:110$3030.a' using process `\streaming_norm.$proc$rtl/streaming_norm.v:42$3035'.
  created $adff cell `$procdff$24359' with positive edge clock and negative level reset.
Creating register for signal `\streaming_norm.\satadd8$func$rtl/streaming_norm.v:110$3030.b' using process `\streaming_norm.$proc$rtl/streaming_norm.v:42$3035'.
  created $adff cell `$procdff$24360' with positive edge clock and negative level reset.
Creating register for signal `\streaming_norm.\satadd8$func$rtl/streaming_norm.v:110$3030.z' using process `\streaming_norm.$proc$rtl/streaming_norm.v:42$3035'.
  created $adff cell `$procdff$24361' with positive edge clock and negative level reset.
Creating register for signal `\streaming_norm.\satadd8$func$rtl/streaming_norm.v:110$3031.$result' using process `\streaming_norm.$proc$rtl/streaming_norm.v:42$3035'.
  created $adff cell `$procdff$24362' with positive edge clock and negative level reset.
Creating register for signal `\streaming_norm.\satadd8$func$rtl/streaming_norm.v:110$3031.a' using process `\streaming_norm.$proc$rtl/streaming_norm.v:42$3035'.
  created $adff cell `$procdff$24363' with positive edge clock and negative level reset.
Creating register for signal `\streaming_norm.\satadd8$func$rtl/streaming_norm.v:110$3031.b' using process `\streaming_norm.$proc$rtl/streaming_norm.v:42$3035'.
  created $adff cell `$procdff$24364' with positive edge clock and negative level reset.
Creating register for signal `\streaming_norm.\satadd8$func$rtl/streaming_norm.v:110$3031.z' using process `\streaming_norm.$proc$rtl/streaming_norm.v:42$3035'.
  created $adff cell `$procdff$24365' with positive edge clock and negative level reset.
Creating register for signal `\streaming_norm.\satadd8$func$rtl/streaming_norm.v:110$3032.$result' using process `\streaming_norm.$proc$rtl/streaming_norm.v:42$3035'.
  created $adff cell `$procdff$24366' with positive edge clock and negative level reset.
Creating register for signal `\streaming_norm.\satadd8$func$rtl/streaming_norm.v:110$3032.a' using process `\streaming_norm.$proc$rtl/streaming_norm.v:42$3035'.
  created $adff cell `$procdff$24367' with positive edge clock and negative level reset.
Creating register for signal `\streaming_norm.\satadd8$func$rtl/streaming_norm.v:110$3032.b' using process `\streaming_norm.$proc$rtl/streaming_norm.v:42$3035'.
  created $adff cell `$procdff$24368' with positive edge clock and negative level reset.
Creating register for signal `\streaming_norm.\satadd8$func$rtl/streaming_norm.v:110$3032.z' using process `\streaming_norm.$proc$rtl/streaming_norm.v:42$3035'.
  created $adff cell `$procdff$24369' with positive edge clock and negative level reset.
Creating register for signal `\streaming_norm.\satadd8$func$rtl/streaming_norm.v:110$3033.$result' using process `\streaming_norm.$proc$rtl/streaming_norm.v:42$3035'.
  created $adff cell `$procdff$24370' with positive edge clock and negative level reset.
Creating register for signal `\streaming_norm.\satadd8$func$rtl/streaming_norm.v:110$3033.a' using process `\streaming_norm.$proc$rtl/streaming_norm.v:42$3035'.
  created $adff cell `$procdff$24371' with positive edge clock and negative level reset.
Creating register for signal `\streaming_norm.\satadd8$func$rtl/streaming_norm.v:110$3033.b' using process `\streaming_norm.$proc$rtl/streaming_norm.v:42$3035'.
  created $adff cell `$procdff$24372' with positive edge clock and negative level reset.
Creating register for signal `\streaming_norm.\satadd8$func$rtl/streaming_norm.v:110$3033.z' using process `\streaming_norm.$proc$rtl/streaming_norm.v:42$3035'.
  created $adff cell `$procdff$24373' with positive edge clock and negative level reset.
Creating register for signal `\streaming_norm.\scale_r[0]' using process `\streaming_norm.$proc$rtl/streaming_norm.v:42$3035'.
  created $dff cell `$procdff$24376' with positive edge clock.
Creating register for signal `\streaming_norm.\scale_r[1]' using process `\streaming_norm.$proc$rtl/streaming_norm.v:42$3035'.
  created $dff cell `$procdff$24379' with positive edge clock.
Creating register for signal `\streaming_norm.\scale_r[2]' using process `\streaming_norm.$proc$rtl/streaming_norm.v:42$3035'.
  created $dff cell `$procdff$24382' with positive edge clock.
Creating register for signal `\streaming_norm.\scale_r[3]' using process `\streaming_norm.$proc$rtl/streaming_norm.v:42$3035'.
  created $dff cell `$procdff$24385' with positive edge clock.
Creating register for signal `\streaming_norm.\scale_r[4]' using process `\streaming_norm.$proc$rtl/streaming_norm.v:42$3035'.
  created $dff cell `$procdff$24388' with positive edge clock.
Creating register for signal `\streaming_norm.\scale_r[5]' using process `\streaming_norm.$proc$rtl/streaming_norm.v:42$3035'.
  created $dff cell `$procdff$24391' with positive edge clock.
Creating register for signal `\streaming_norm.\scale_r[6]' using process `\streaming_norm.$proc$rtl/streaming_norm.v:42$3035'.
  created $dff cell `$procdff$24394' with positive edge clock.
Creating register for signal `\streaming_norm.\scale_r[7]' using process `\streaming_norm.$proc$rtl/streaming_norm.v:42$3035'.
  created $dff cell `$procdff$24397' with positive edge clock.
Creating register for signal `\streaming_norm.\scale_r[8]' using process `\streaming_norm.$proc$rtl/streaming_norm.v:42$3035'.
  created $dff cell `$procdff$24400' with positive edge clock.
Creating register for signal `\streaming_norm.\scale_r[9]' using process `\streaming_norm.$proc$rtl/streaming_norm.v:42$3035'.
  created $dff cell `$procdff$24403' with positive edge clock.
Creating register for signal `\streaming_norm.\scale_r[10]' using process `\streaming_norm.$proc$rtl/streaming_norm.v:42$3035'.
  created $dff cell `$procdff$24406' with positive edge clock.
Creating register for signal `\streaming_norm.\scale_r[11]' using process `\streaming_norm.$proc$rtl/streaming_norm.v:42$3035'.
  created $dff cell `$procdff$24409' with positive edge clock.
Creating register for signal `\streaming_norm.\scale_r[12]' using process `\streaming_norm.$proc$rtl/streaming_norm.v:42$3035'.
  created $dff cell `$procdff$24412' with positive edge clock.
Creating register for signal `\streaming_norm.\scale_r[13]' using process `\streaming_norm.$proc$rtl/streaming_norm.v:42$3035'.
  created $dff cell `$procdff$24415' with positive edge clock.
Creating register for signal `\streaming_norm.\scale_r[14]' using process `\streaming_norm.$proc$rtl/streaming_norm.v:42$3035'.
  created $dff cell `$procdff$24418' with positive edge clock.
Creating register for signal `\streaming_norm.\scale_r[15]' using process `\streaming_norm.$proc$rtl/streaming_norm.v:42$3035'.
  created $dff cell `$procdff$24421' with positive edge clock.
Creating register for signal `\state_stream_controller.\i' using process `\state_stream_controller.$proc$rtl/state_stream_controller.v:86$1136'.
  created $adff cell `$procdff$24422' with positive edge clock and negative level reset.
Creating register for signal `\state_stream_controller.\done' using process `\state_stream_controller.$proc$rtl/state_stream_controller.v:86$1136'.
  created $adff cell `$procdff$24423' with positive edge clock and negative level reset.
Creating register for signal `\state_stream_controller.\fsm' using process `\state_stream_controller.$proc$rtl/state_stream_controller.v:86$1136'.
  created $adff cell `$procdff$24424' with positive edge clock and negative level reset.
Creating register for signal `\state_stream_controller.\chunk' using process `\state_stream_controller.$proc$rtl/state_stream_controller.v:86$1136'.
  created $adff cell `$procdff$24425' with positive edge clock and negative level reset.
Creating register for signal `\state_stream_controller.\group' using process `\state_stream_controller.$proc$rtl/state_stream_controller.v:86$1136'.
  created $adff cell `$procdff$24426' with positive edge clock and negative level reset.
Creating register for signal `\state_stream_controller.\row' using process `\state_stream_controller.$proc$rtl/state_stream_controller.v:86$1136'.
  created $adff cell `$procdff$24427' with positive edge clock and negative level reset.
Creating register for signal `\state_stream_controller.\diff_half' using process `\state_stream_controller.$proc$rtl/state_stream_controller.v:86$1136'.
  created $adff cell `$procdff$24428' with positive edge clock and negative level reset.
Creating register for signal `\state_stream_controller.\read_issued' using process `\state_stream_controller.$proc$rtl/state_stream_controller.v:86$1136'.
  created $adff cell `$procdff$24429' with positive edge clock and negative level reset.
Creating register for signal `\state_stream_controller.\vword' using process `\state_stream_controller.$proc$rtl/state_stream_controller.v:86$1136'.
  created $adff cell `$procdff$24430' with positive edge clock and negative level reset.
Creating register for signal `\state_stream_controller.\gate_cache' using process `\state_stream_controller.$proc$rtl/state_stream_controller.v:86$1136'.
  created $adff cell `$procdff$24431' with positive edge clock and negative level reset.
Creating register for signal `\state_stream_controller.\k_cache' using process `\state_stream_controller.$proc$rtl/state_stream_controller.v:86$1136'.
  created $adff cell `$procdff$24432' with positive edge clock and negative level reset.
Creating register for signal `\state_stream_controller.\q_cache' using process `\state_stream_controller.$proc$rtl/state_stream_controller.v:86$1136'.
  created $adff cell `$procdff$24433' with positive edge clock and negative level reset.
Creating register for signal `\state_stream_controller.\state_word' using process `\state_stream_controller.$proc$rtl/state_stream_controller.v:86$1136'.
  created $adff cell `$procdff$24434' with positive edge clock and negative level reset.
Creating register for signal `\state_stream_controller.\state_build' using process `\state_stream_controller.$proc$rtl/state_stream_controller.v:86$1136'.
  created $adff cell `$procdff$24435' with positive edge clock and negative level reset.
Creating register for signal `\state_stream_controller.\diff_cache' using process `\state_stream_controller.$proc$rtl/state_stream_controller.v:86$1136'.
  created $adff cell `$procdff$24436' with positive edge clock and negative level reset.
Creating register for signal `\state_stream_controller.\v_cache' using process `\state_stream_controller.$proc$rtl/state_stream_controller.v:86$1136'.
  created $adff cell `$procdff$24437' with positive edge clock and negative level reset.
Creating register for signal `\state_stream_controller.\write_data_q' using process `\state_stream_controller.$proc$rtl/state_stream_controller.v:86$1136'.
  created $adff cell `$procdff$24438' with positive edge clock and negative level reset.
Creating register for signal `\state_stream_controller.\rq_data_q' using process `\state_stream_controller.$proc$rtl/state_stream_controller.v:86$1136'.
  created $adff cell `$procdff$24439' with positive edge clock and negative level reset.
Creating register for signal `\state_stream_controller.\rq8$func$rtl/state_stream_controller.v:123$993.$result' using process `\state_stream_controller.$proc$rtl/state_stream_controller.v:86$1136'.
  created $adff cell `$procdff$24440' with positive edge clock and negative level reset.
Creating register for signal `\state_stream_controller.\rq8$func$rtl/state_stream_controller.v:123$993.a' using process `\state_stream_controller.$proc$rtl/state_stream_controller.v:86$1136'.
  created $adff cell `$procdff$24441' with positive edge clock and negative level reset.
Creating register for signal `\state_stream_controller.\rq8$func$rtl/state_stream_controller.v:123$993.x' using process `\state_stream_controller.$proc$rtl/state_stream_controller.v:86$1136'.
  created $adff cell `$procdff$24442' with positive edge clock and negative level reset.
Creating register for signal `\state_stream_controller.\rq8$func$rtl/state_stream_controller.v:123$994.$result' using process `\state_stream_controller.$proc$rtl/state_stream_controller.v:86$1136'.
  created $adff cell `$procdff$24443' with positive edge clock and negative level reset.
Creating register for signal `\state_stream_controller.\rq8$func$rtl/state_stream_controller.v:123$994.a' using process `\state_stream_controller.$proc$rtl/state_stream_controller.v:86$1136'.
  created $adff cell `$procdff$24444' with positive edge clock and negative level reset.
Creating register for signal `\state_stream_controller.\rq8$func$rtl/state_stream_controller.v:123$994.x' using process `\state_stream_controller.$proc$rtl/state_stream_controller.v:86$1136'.
  created $adff cell `$procdff$24445' with positive edge clock and negative level reset.
Creating register for signal `\state_stream_controller.\rq8$func$rtl/state_stream_controller.v:123$995.$result' using process `\state_stream_controller.$proc$rtl/state_stream_controller.v:86$1136'.
  created $adff cell `$procdff$24446' with positive edge clock and negative level reset.
Creating register for signal `\state_stream_controller.\rq8$func$rtl/state_stream_controller.v:123$995.a' using process `\state_stream_controller.$proc$rtl/state_stream_controller.v:86$1136'.
  created $adff cell `$procdff$24447' with positive edge clock and negative level reset.
Creating register for signal `\state_stream_controller.\rq8$func$rtl/state_stream_controller.v:123$995.x' using process `\state_stream_controller.$proc$rtl/state_stream_controller.v:86$1136'.
  created $adff cell `$procdff$24448' with positive edge clock and negative level reset.
Creating register for signal `\state_stream_controller.\rq8$func$rtl/state_stream_controller.v:123$996.$result' using process `\state_stream_controller.$proc$rtl/state_stream_controller.v:86$1136'.
  created $adff cell `$procdff$24449' with positive edge clock and negative level reset.
Creating register for signal `\state_stream_controller.\rq8$func$rtl/state_stream_controller.v:123$996.a' using process `\state_stream_controller.$proc$rtl/state_stream_controller.v:86$1136'.
  created $adff cell `$procdff$24450' with positive edge clock and negative level reset.
Creating register for signal `\state_stream_controller.\rq8$func$rtl/state_stream_controller.v:123$996.x' using process `\state_stream_controller.$proc$rtl/state_stream_controller.v:86$1136'.
  created $adff cell `$procdff$24451' with positive edge clock and negative level reset.
Creating register for signal `\state_stream_controller.\rq8$func$rtl/state_stream_controller.v:123$997.$result' using process `\state_stream_controller.$proc$rtl/state_stream_controller.v:86$1136'.
  created $adff cell `$procdff$24452' with positive edge clock and negative level reset.
Creating register for signal `\state_stream_controller.\rq8$func$rtl/state_stream_controller.v:123$997.a' using process `\state_stream_controller.$proc$rtl/state_stream_controller.v:86$1136'.
  created $adff cell `$procdff$24453' with positive edge clock and negative level reset.
Creating register for signal `\state_stream_controller.\rq8$func$rtl/state_stream_controller.v:123$997.x' using process `\state_stream_controller.$proc$rtl/state_stream_controller.v:86$1136'.
  created $adff cell `$procdff$24454' with positive edge clock and negative level reset.
Creating register for signal `\state_stream_controller.\rq8$func$rtl/state_stream_controller.v:123$998.$result' using process `\state_stream_controller.$proc$rtl/state_stream_controller.v:86$1136'.
  created $adff cell `$procdff$24455' with positive edge clock and negative level reset.
Creating register for signal `\state_stream_controller.\rq8$func$rtl/state_stream_controller.v:123$998.a' using process `\state_stream_controller.$proc$rtl/state_stream_controller.v:86$1136'.
  created $adff cell `$procdff$24456' with positive edge clock and negative level reset.
Creating register for signal `\state_stream_controller.\rq8$func$rtl/state_stream_controller.v:123$998.x' using process `\state_stream_controller.$proc$rtl/state_stream_controller.v:86$1136'.
  created $adff cell `$procdff$24457' with positive edge clock and negative level reset.
Creating register for signal `\state_stream_controller.\rq8$func$rtl/state_stream_controller.v:123$999.$result' using process `\state_stream_controller.$proc$rtl/state_stream_controller.v:86$1136'.
  created $adff cell `$procdff$24458' with positive edge clock and negative level reset.
Creating register for signal `\state_stream_controller.\rq8$func$rtl/state_stream_controller.v:123$999.a' using process `\state_stream_controller.$proc$rtl/state_stream_controller.v:86$1136'.
  created $adff cell `$procdff$24459' with positive edge clock and negative level reset.
Creating register for signal `\state_stream_controller.\rq8$func$rtl/state_stream_controller.v:123$999.x' using process `\state_stream_controller.$proc$rtl/state_stream_controller.v:86$1136'.
  created $adff cell `$procdff$24460' with positive edge clock and negative level reset.
Creating register for signal `\state_stream_controller.\rq8$func$rtl/state_stream_controller.v:123$1000.$result' using process `\state_stream_controller.$proc$rtl/state_stream_controller.v:86$1136'.
  created $adff cell `$procdff$24461' with positive edge clock and negative level reset.
Creating register for signal `\state_stream_controller.\rq8$func$rtl/state_stream_controller.v:123$1000.a' using process `\state_stream_controller.$proc$rtl/state_stream_controller.v:86$1136'.
  created $adff cell `$procdff$24462' with positive edge clock and negative level reset.
Creating register for signal `\state_stream_controller.\rq8$func$rtl/state_stream_controller.v:123$1000.x' using process `\state_stream_controller.$proc$rtl/state_stream_controller.v:86$1136'.
  created $adff cell `$procdff$24463' with positive edge clock and negative level reset.
Creating register for signal `\state_stream_controller.\rq8$func$rtl/state_stream_controller.v:123$1001.$result' using process `\state_stream_controller.$proc$rtl/state_stream_controller.v:86$1136'.
  created $adff cell `$procdff$24464' with positive edge clock and negative level reset.
Creating register for signal `\state_stream_controller.\rq8$func$rtl/state_stream_controller.v:123$1001.a' using process `\state_stream_controller.$proc$rtl/state_stream_controller.v:86$1136'.
  created $adff cell `$procdff$24465' with positive edge clock and negative level reset.
Creating register for signal `\state_stream_controller.\rq8$func$rtl/state_stream_controller.v:123$1001.x' using process `\state_stream_controller.$proc$rtl/state_stream_controller.v:86$1136'.
  created $adff cell `$procdff$24466' with positive edge clock and negative level reset.
Creating register for signal `\state_stream_controller.\rq8$func$rtl/state_stream_controller.v:123$1002.$result' using process `\state_stream_controller.$proc$rtl/state_stream_controller.v:86$1136'.
  created $adff cell `$procdff$24467' with positive edge clock and negative level reset.
Creating register for signal `\state_stream_controller.\rq8$func$rtl/state_stream_controller.v:123$1002.a' using process `\state_stream_controller.$proc$rtl/state_stream_controller.v:86$1136'.
  created $adff cell `$procdff$24468' with positive edge clock and negative level reset.
Creating register for signal `\state_stream_controller.\rq8$func$rtl/state_stream_controller.v:123$1002.x' using process `\state_stream_controller.$proc$rtl/state_stream_controller.v:86$1136'.
  created $adff cell `$procdff$24469' with positive edge clock and negative level reset.
Creating register for signal `\state_stream_controller.\rq8$func$rtl/state_stream_controller.v:123$1003.$result' using process `\state_stream_controller.$proc$rtl/state_stream_controller.v:86$1136'.
  created $adff cell `$procdff$24470' with positive edge clock and negative level reset.
Creating register for signal `\state_stream_controller.\rq8$func$rtl/state_stream_controller.v:123$1003.a' using process `\state_stream_controller.$proc$rtl/state_stream_controller.v:86$1136'.
  created $adff cell `$procdff$24471' with positive edge clock and negative level reset.
Creating register for signal `\state_stream_controller.\rq8$func$rtl/state_stream_controller.v:123$1003.x' using process `\state_stream_controller.$proc$rtl/state_stream_controller.v:86$1136'.
  created $adff cell `$procdff$24472' with positive edge clock and negative level reset.
Creating register for signal `\state_stream_controller.\rq8$func$rtl/state_stream_controller.v:123$1004.$result' using process `\state_stream_controller.$proc$rtl/state_stream_controller.v:86$1136'.
  created $adff cell `$procdff$24473' with positive edge clock and negative level reset.
Creating register for signal `\state_stream_controller.\rq8$func$rtl/state_stream_controller.v:123$1004.a' using process `\state_stream_controller.$proc$rtl/state_stream_controller.v:86$1136'.
  created $adff cell `$procdff$24474' with positive edge clock and negative level reset.
Creating register for signal `\state_stream_controller.\rq8$func$rtl/state_stream_controller.v:123$1004.x' using process `\state_stream_controller.$proc$rtl/state_stream_controller.v:86$1136'.
  created $adff cell `$procdff$24475' with positive edge clock and negative level reset.
Creating register for signal `\state_stream_controller.\rq8$func$rtl/state_stream_controller.v:123$1005.$result' using process `\state_stream_controller.$proc$rtl/state_stream_controller.v:86$1136'.
  created $adff cell `$procdff$24476' with positive edge clock and negative level reset.
Creating register for signal `\state_stream_controller.\rq8$func$rtl/state_stream_controller.v:123$1005.a' using process `\state_stream_controller.$proc$rtl/state_stream_controller.v:86$1136'.
  created $adff cell `$procdff$24477' with positive edge clock and negative level reset.
Creating register for signal `\state_stream_controller.\rq8$func$rtl/state_stream_controller.v:123$1005.x' using process `\state_stream_controller.$proc$rtl/state_stream_controller.v:86$1136'.
  created $adff cell `$procdff$24478' with positive edge clock and negative level reset.
Creating register for signal `\state_stream_controller.\rq8$func$rtl/state_stream_controller.v:123$1006.$result' using process `\state_stream_controller.$proc$rtl/state_stream_controller.v:86$1136'.
  created $adff cell `$procdff$24479' with positive edge clock and negative level reset.
Creating register for signal `\state_stream_controller.\rq8$func$rtl/state_stream_controller.v:123$1006.a' using process `\state_stream_controller.$proc$rtl/state_stream_controller.v:86$1136'.
  created $adff cell `$procdff$24480' with positive edge clock and negative level reset.
Creating register for signal `\state_stream_controller.\rq8$func$rtl/state_stream_controller.v:123$1006.x' using process `\state_stream_controller.$proc$rtl/state_stream_controller.v:86$1136'.
  created $adff cell `$procdff$24481' with positive edge clock and negative level reset.
Creating register for signal `\state_stream_controller.\rq8$func$rtl/state_stream_controller.v:123$1007.$result' using process `\state_stream_controller.$proc$rtl/state_stream_controller.v:86$1136'.
  created $adff cell `$procdff$24482' with positive edge clock and negative level reset.
Creating register for signal `\state_stream_controller.\rq8$func$rtl/state_stream_controller.v:123$1007.a' using process `\state_stream_controller.$proc$rtl/state_stream_controller.v:86$1136'.
  created $adff cell `$procdff$24483' with positive edge clock and negative level reset.
Creating register for signal `\state_stream_controller.\rq8$func$rtl/state_stream_controller.v:123$1007.x' using process `\state_stream_controller.$proc$rtl/state_stream_controller.v:86$1136'.
  created $adff cell `$procdff$24484' with positive edge clock and negative level reset.
Creating register for signal `\state_stream_controller.\rq8$func$rtl/state_stream_controller.v:123$1008.$result' using process `\state_stream_controller.$proc$rtl/state_stream_controller.v:86$1136'.
  created $adff cell `$procdff$24485' with positive edge clock and negative level reset.
Creating register for signal `\state_stream_controller.\rq8$func$rtl/state_stream_controller.v:123$1008.a' using process `\state_stream_controller.$proc$rtl/state_stream_controller.v:86$1136'.
  created $adff cell `$procdff$24486' with positive edge clock and negative level reset.
Creating register for signal `\state_stream_controller.\rq8$func$rtl/state_stream_controller.v:123$1008.x' using process `\state_stream_controller.$proc$rtl/state_stream_controller.v:86$1136'.
  created $adff cell `$procdff$24487' with positive edge clock and negative level reset.
Creating register for signal `\state_stream_controller.\rq8$func$rtl/state_stream_controller.v:124$1009.$result' using process `\state_stream_controller.$proc$rtl/state_stream_controller.v:86$1136'.
  created $adff cell `$procdff$24488' with positive edge clock and negative level reset.
Creating register for signal `\state_stream_controller.\rq8$func$rtl/state_stream_controller.v:124$1009.a' using process `\state_stream_controller.$proc$rtl/state_stream_controller.v:86$1136'.
  created $adff cell `$procdff$24489' with positive edge clock and negative level reset.
Creating register for signal `\state_stream_controller.\rq8$func$rtl/state_stream_controller.v:124$1009.x' using process `\state_stream_controller.$proc$rtl/state_stream_controller.v:86$1136'.
  created $adff cell `$procdff$24490' with positive edge clock and negative level reset.
Creating register for signal `\state_stream_controller.\rq8$func$rtl/state_stream_controller.v:124$1010.$result' using process `\state_stream_controller.$proc$rtl/state_stream_controller.v:86$1136'.
  created $adff cell `$procdff$24491' with positive edge clock and negative level reset.
Creating register for signal `\state_stream_controller.\rq8$func$rtl/state_stream_controller.v:124$1010.a' using process `\state_stream_controller.$proc$rtl/state_stream_controller.v:86$1136'.
  created $adff cell `$procdff$24492' with positive edge clock and negative level reset.
Creating register for signal `\state_stream_controller.\rq8$func$rtl/state_stream_controller.v:124$1010.x' using process `\state_stream_controller.$proc$rtl/state_stream_controller.v:86$1136'.
  created $adff cell `$procdff$24493' with positive edge clock and negative level reset.
Creating register for signal `\state_stream_controller.\rq8$func$rtl/state_stream_controller.v:124$1011.$result' using process `\state_stream_controller.$proc$rtl/state_stream_controller.v:86$1136'.
  created $adff cell `$procdff$24494' with positive edge clock and negative level reset.
Creating register for signal `\state_stream_controller.\rq8$func$rtl/state_stream_controller.v:124$1011.a' using process `\state_stream_controller.$proc$rtl/state_stream_controller.v:86$1136'.
  created $adff cell `$procdff$24495' with positive edge clock and negative level reset.
Creating register for signal `\state_stream_controller.\rq8$func$rtl/state_stream_controller.v:124$1011.x' using process `\state_stream_controller.$proc$rtl/state_stream_controller.v:86$1136'.
  created $adff cell `$procdff$24496' with positive edge clock and negative level reset.
Creating register for signal `\state_stream_controller.\rq8$func$rtl/state_stream_controller.v:124$1012.$result' using process `\state_stream_controller.$proc$rtl/state_stream_controller.v:86$1136'.
  created $adff cell `$procdff$24497' with positive edge clock and negative level reset.
Creating register for signal `\state_stream_controller.\rq8$func$rtl/state_stream_controller.v:124$1012.a' using process `\state_stream_controller.$proc$rtl/state_stream_controller.v:86$1136'.
  created $adff cell `$procdff$24498' with positive edge clock and negative level reset.
Creating register for signal `\state_stream_controller.\rq8$func$rtl/state_stream_controller.v:124$1012.x' using process `\state_stream_controller.$proc$rtl/state_stream_controller.v:86$1136'.
  created $adff cell `$procdff$24499' with positive edge clock and negative level reset.
Creating register for signal `\state_stream_controller.\rq8$func$rtl/state_stream_controller.v:124$1013.$result' using process `\state_stream_controller.$proc$rtl/state_stream_controller.v:86$1136'.
  created $adff cell `$procdff$24500' with positive edge clock and negative level reset.
Creating register for signal `\state_stream_controller.\rq8$func$rtl/state_stream_controller.v:124$1013.a' using process `\state_stream_controller.$proc$rtl/state_stream_controller.v:86$1136'.
  created $adff cell `$procdff$24501' with positive edge clock and negative level reset.
Creating register for signal `\state_stream_controller.\rq8$func$rtl/state_stream_controller.v:124$1013.x' using process `\state_stream_controller.$proc$rtl/state_stream_controller.v:86$1136'.
  created $adff cell `$procdff$24502' with positive edge clock and negative level reset.
Creating register for signal `\state_stream_controller.\rq8$func$rtl/state_stream_controller.v:124$1014.$result' using process `\state_stream_controller.$proc$rtl/state_stream_controller.v:86$1136'.
  created $adff cell `$procdff$24503' with positive edge clock and negative level reset.
Creating register for signal `\state_stream_controller.\rq8$func$rtl/state_stream_controller.v:124$1014.a' using process `\state_stream_controller.$proc$rtl/state_stream_controller.v:86$1136'.
  created $adff cell `$procdff$24504' with positive edge clock and negative level reset.
Creating register for signal `\state_stream_controller.\rq8$func$rtl/state_stream_controller.v:124$1014.x' using process `\state_stream_controller.$proc$rtl/state_stream_controller.v:86$1136'.
  created $adff cell `$procdff$24505' with positive edge clock and negative level reset.
Creating register for signal `\state_stream_controller.\rq8$func$rtl/state_stream_controller.v:124$1015.$result' using process `\state_stream_controller.$proc$rtl/state_stream_controller.v:86$1136'.
  created $adff cell `$procdff$24506' with positive edge clock and negative level reset.
Creating register for signal `\state_stream_controller.\rq8$func$rtl/state_stream_controller.v:124$1015.a' using process `\state_stream_controller.$proc$rtl/state_stream_controller.v:86$1136'.
  created $adff cell `$procdff$24507' with positive edge clock and negative level reset.
Creating register for signal `\state_stream_controller.\rq8$func$rtl/state_stream_controller.v:124$1015.x' using process `\state_stream_controller.$proc$rtl/state_stream_controller.v:86$1136'.
  created $adff cell `$procdff$24508' with positive edge clock and negative level reset.
Creating register for signal `\state_stream_controller.\rq8$func$rtl/state_stream_controller.v:124$1016.$result' using process `\state_stream_controller.$proc$rtl/state_stream_controller.v:86$1136'.
  created $adff cell `$procdff$24509' with positive edge clock and negative level reset.
Creating register for signal `\state_stream_controller.\rq8$func$rtl/state_stream_controller.v:124$1016.a' using process `\state_stream_controller.$proc$rtl/state_stream_controller.v:86$1136'.
  created $adff cell `$procdff$24510' with positive edge clock and negative level reset.
Creating register for signal `\state_stream_controller.\rq8$func$rtl/state_stream_controller.v:124$1016.x' using process `\state_stream_controller.$proc$rtl/state_stream_controller.v:86$1136'.
  created $adff cell `$procdff$24511' with positive edge clock and negative level reset.
Creating register for signal `\state_stream_controller.\rq8$func$rtl/state_stream_controller.v:124$1017.$result' using process `\state_stream_controller.$proc$rtl/state_stream_controller.v:86$1136'.
  created $adff cell `$procdff$24512' with positive edge clock and negative level reset.
Creating register for signal `\state_stream_controller.\rq8$func$rtl/state_stream_controller.v:124$1017.a' using process `\state_stream_controller.$proc$rtl/state_stream_controller.v:86$1136'.
  created $adff cell `$procdff$24513' with positive edge clock and negative level reset.
Creating register for signal `\state_stream_controller.\rq8$func$rtl/state_stream_controller.v:124$1017.x' using process `\state_stream_controller.$proc$rtl/state_stream_controller.v:86$1136'.
  created $adff cell `$procdff$24514' with positive edge clock and negative level reset.
Creating register for signal `\state_stream_controller.\rq8$func$rtl/state_stream_controller.v:124$1018.$result' using process `\state_stream_controller.$proc$rtl/state_stream_controller.v:86$1136'.
  created $adff cell `$procdff$24515' with positive edge clock and negative level reset.
Creating register for signal `\state_stream_controller.\rq8$func$rtl/state_stream_controller.v:124$1018.a' using process `\state_stream_controller.$proc$rtl/state_stream_controller.v:86$1136'.
  created $adff cell `$procdff$24516' with positive edge clock and negative level reset.
Creating register for signal `\state_stream_controller.\rq8$func$rtl/state_stream_controller.v:124$1018.x' using process `\state_stream_controller.$proc$rtl/state_stream_controller.v:86$1136'.
  created $adff cell `$procdff$24517' with positive edge clock and negative level reset.
Creating register for signal `\state_stream_controller.\rq8$func$rtl/state_stream_controller.v:124$1019.$result' using process `\state_stream_controller.$proc$rtl/state_stream_controller.v:86$1136'.
  created $adff cell `$procdff$24518' with positive edge clock and negative level reset.
Creating register for signal `\state_stream_controller.\rq8$func$rtl/state_stream_controller.v:124$1019.a' using process `\state_stream_controller.$proc$rtl/state_stream_controller.v:86$1136'.
  created $adff cell `$procdff$24519' with positive edge clock and negative level reset.
Creating register for signal `\state_stream_controller.\rq8$func$rtl/state_stream_controller.v:124$1019.x' using process `\state_stream_controller.$proc$rtl/state_stream_controller.v:86$1136'.
  created $adff cell `$procdff$24520' with positive edge clock and negative level reset.
Creating register for signal `\state_stream_controller.\rq8$func$rtl/state_stream_controller.v:124$1020.$result' using process `\state_stream_controller.$proc$rtl/state_stream_controller.v:86$1136'.
  created $adff cell `$procdff$24521' with positive edge clock and negative level reset.
Creating register for signal `\state_stream_controller.\rq8$func$rtl/state_stream_controller.v:124$1020.a' using process `\state_stream_controller.$proc$rtl/state_stream_controller.v:86$1136'.
  created $adff cell `$procdff$24522' with positive edge clock and negative level reset.
Creating register for signal `\state_stream_controller.\rq8$func$rtl/state_stream_controller.v:124$1020.x' using process `\state_stream_controller.$proc$rtl/state_stream_controller.v:86$1136'.
  created $adff cell `$procdff$24523' with positive edge clock and negative level reset.
Creating register for signal `\state_stream_controller.\rq8$func$rtl/state_stream_controller.v:124$1021.$result' using process `\state_stream_controller.$proc$rtl/state_stream_controller.v:86$1136'.
  created $adff cell `$procdff$24524' with positive edge clock and negative level reset.
Creating register for signal `\state_stream_controller.\rq8$func$rtl/state_stream_controller.v:124$1021.a' using process `\state_stream_controller.$proc$rtl/state_stream_controller.v:86$1136'.
  created $adff cell `$procdff$24525' with positive edge clock and negative level reset.
Creating register for signal `\state_stream_controller.\rq8$func$rtl/state_stream_controller.v:124$1021.x' using process `\state_stream_controller.$proc$rtl/state_stream_controller.v:86$1136'.
  created $adff cell `$procdff$24526' with positive edge clock and negative level reset.
Creating register for signal `\state_stream_controller.\rq8$func$rtl/state_stream_controller.v:124$1022.$result' using process `\state_stream_controller.$proc$rtl/state_stream_controller.v:86$1136'.
  created $adff cell `$procdff$24527' with positive edge clock and negative level reset.
Creating register for signal `\state_stream_controller.\rq8$func$rtl/state_stream_controller.v:124$1022.a' using process `\state_stream_controller.$proc$rtl/state_stream_controller.v:86$1136'.
  created $adff cell `$procdff$24528' with positive edge clock and negative level reset.
Creating register for signal `\state_stream_controller.\rq8$func$rtl/state_stream_controller.v:124$1022.x' using process `\state_stream_controller.$proc$rtl/state_stream_controller.v:86$1136'.
  created $adff cell `$procdff$24529' with positive edge clock and negative level reset.
Creating register for signal `\state_stream_controller.\rq8$func$rtl/state_stream_controller.v:124$1023.$result' using process `\state_stream_controller.$proc$rtl/state_stream_controller.v:86$1136'.
  created $adff cell `$procdff$24530' with positive edge clock and negative level reset.
Creating register for signal `\state_stream_controller.\rq8$func$rtl/state_stream_controller.v:124$1023.a' using process `\state_stream_controller.$proc$rtl/state_stream_controller.v:86$1136'.
  created $adff cell `$procdff$24531' with positive edge clock and negative level reset.
Creating register for signal `\state_stream_controller.\rq8$func$rtl/state_stream_controller.v:124$1023.x' using process `\state_stream_controller.$proc$rtl/state_stream_controller.v:86$1136'.
  created $adff cell `$procdff$24532' with positive edge clock and negative level reset.
Creating register for signal `\state_stream_controller.\rq8$func$rtl/state_stream_controller.v:124$1024.$result' using process `\state_stream_controller.$proc$rtl/state_stream_controller.v:86$1136'.
  created $adff cell `$procdff$24533' with positive edge clock and negative level reset.
Creating register for signal `\state_stream_controller.\rq8$func$rtl/state_stream_controller.v:124$1024.a' using process `\state_stream_controller.$proc$rtl/state_stream_controller.v:86$1136'.
  created $adff cell `$procdff$24534' with positive edge clock and negative level reset.
Creating register for signal `\state_stream_controller.\rq8$func$rtl/state_stream_controller.v:124$1024.x' using process `\state_stream_controller.$proc$rtl/state_stream_controller.v:86$1136'.
  created $adff cell `$procdff$24535' with positive edge clock and negative level reset.
Creating register for signal `\state_stream_controller.\make_diff8$func$rtl/state_stream_controller.v:128$1025.$result' using process `\state_stream_controller.$proc$rtl/state_stream_controller.v:86$1136'.
  created $adff cell `$procdff$24536' with positive edge clock and negative level reset.
Creating register for signal `\state_stream_controller.\make_diff8$func$rtl/state_stream_controller.v:128$1025.v' using process `\state_stream_controller.$proc$rtl/state_stream_controller.v:86$1136'.
  created $adff cell `$procdff$24537' with positive edge clock and negative level reset.
Creating register for signal `\state_stream_controller.\make_diff8$func$rtl/state_stream_controller.v:128$1025.u' using process `\state_stream_controller.$proc$rtl/state_stream_controller.v:86$1136'.
  created $adff cell `$procdff$24538' with positive edge clock and negative level reset.
Creating register for signal `\state_stream_controller.\make_diff8$func$rtl/state_stream_controller.v:128$1025.x' using process `\state_stream_controller.$proc$rtl/state_stream_controller.v:86$1136'.
  created $adff cell `$procdff$24539' with positive edge clock and negative level reset.
Creating register for signal `\state_stream_controller.\make_diff8$func$rtl/state_stream_controller.v:128$1026.$result' using process `\state_stream_controller.$proc$rtl/state_stream_controller.v:86$1136'.
  created $adff cell `$procdff$24540' with positive edge clock and negative level reset.
Creating register for signal `\state_stream_controller.\make_diff8$func$rtl/state_stream_controller.v:128$1026.v' using process `\state_stream_controller.$proc$rtl/state_stream_controller.v:86$1136'.
  created $adff cell `$procdff$24541' with positive edge clock and negative level reset.
Creating register for signal `\state_stream_controller.\make_diff8$func$rtl/state_stream_controller.v:128$1026.u' using process `\state_stream_controller.$proc$rtl/state_stream_controller.v:86$1136'.
  created $adff cell `$procdff$24542' with positive edge clock and negative level reset.
Creating register for signal `\state_stream_controller.\make_diff8$func$rtl/state_stream_controller.v:128$1026.x' using process `\state_stream_controller.$proc$rtl/state_stream_controller.v:86$1136'.
  created $adff cell `$procdff$24543' with positive edge clock and negative level reset.
Creating register for signal `\state_stream_controller.\make_diff8$func$rtl/state_stream_controller.v:128$1027.$result' using process `\state_stream_controller.$proc$rtl/state_stream_controller.v:86$1136'.
  created $adff cell `$procdff$24544' with positive edge clock and negative level reset.
Creating register for signal `\state_stream_controller.\make_diff8$func$rtl/state_stream_controller.v:128$1027.v' using process `\state_stream_controller.$proc$rtl/state_stream_controller.v:86$1136'.
  created $adff cell `$procdff$24545' with positive edge clock and negative level reset.
Creating register for signal `\state_stream_controller.\make_diff8$func$rtl/state_stream_controller.v:128$1027.u' using process `\state_stream_controller.$proc$rtl/state_stream_controller.v:86$1136'.
  created $adff cell `$procdff$24546' with positive edge clock and negative level reset.
Creating register for signal `\state_stream_controller.\make_diff8$func$rtl/state_stream_controller.v:128$1027.x' using process `\state_stream_controller.$proc$rtl/state_stream_controller.v:86$1136'.
  created $adff cell `$procdff$24547' with positive edge clock and negative level reset.
Creating register for signal `\state_stream_controller.\make_diff8$func$rtl/state_stream_controller.v:128$1028.$result' using process `\state_stream_controller.$proc$rtl/state_stream_controller.v:86$1136'.
  created $adff cell `$procdff$24548' with positive edge clock and negative level reset.
Creating register for signal `\state_stream_controller.\make_diff8$func$rtl/state_stream_controller.v:128$1028.v' using process `\state_stream_controller.$proc$rtl/state_stream_controller.v:86$1136'.
  created $adff cell `$procdff$24549' with positive edge clock and negative level reset.
Creating register for signal `\state_stream_controller.\make_diff8$func$rtl/state_stream_controller.v:128$1028.u' using process `\state_stream_controller.$proc$rtl/state_stream_controller.v:86$1136'.
  created $adff cell `$procdff$24550' with positive edge clock and negative level reset.
Creating register for signal `\state_stream_controller.\make_diff8$func$rtl/state_stream_controller.v:128$1028.x' using process `\state_stream_controller.$proc$rtl/state_stream_controller.v:86$1136'.
  created $adff cell `$procdff$24551' with positive edge clock and negative level reset.
Creating register for signal `\state_stream_controller.\make_diff8$func$rtl/state_stream_controller.v:128$1029.$result' using process `\state_stream_controller.$proc$rtl/state_stream_controller.v:86$1136'.
  created $adff cell `$procdff$24552' with positive edge clock and negative level reset.
Creating register for signal `\state_stream_controller.\make_diff8$func$rtl/state_stream_controller.v:128$1029.v' using process `\state_stream_controller.$proc$rtl/state_stream_controller.v:86$1136'.
  created $adff cell `$procdff$24553' with positive edge clock and negative level reset.
Creating register for signal `\state_stream_controller.\make_diff8$func$rtl/state_stream_controller.v:128$1029.u' using process `\state_stream_controller.$proc$rtl/state_stream_controller.v:86$1136'.
  created $adff cell `$procdff$24554' with positive edge clock and negative level reset.
Creating register for signal `\state_stream_controller.\make_diff8$func$rtl/state_stream_controller.v:128$1029.x' using process `\state_stream_controller.$proc$rtl/state_stream_controller.v:86$1136'.
  created $adff cell `$procdff$24555' with positive edge clock and negative level reset.
Creating register for signal `\state_stream_controller.\make_diff8$func$rtl/state_stream_controller.v:128$1030.$result' using process `\state_stream_controller.$proc$rtl/state_stream_controller.v:86$1136'.
  created $adff cell `$procdff$24556' with positive edge clock and negative level reset.
Creating register for signal `\state_stream_controller.\make_diff8$func$rtl/state_stream_controller.v:128$1030.v' using process `\state_stream_controller.$proc$rtl/state_stream_controller.v:86$1136'.
  created $adff cell `$procdff$24557' with positive edge clock and negative level reset.
Creating register for signal `\state_stream_controller.\make_diff8$func$rtl/state_stream_controller.v:128$1030.u' using process `\state_stream_controller.$proc$rtl/state_stream_controller.v:86$1136'.
  created $adff cell `$procdff$24558' with positive edge clock and negative level reset.
Creating register for signal `\state_stream_controller.\make_diff8$func$rtl/state_stream_controller.v:128$1030.x' using process `\state_stream_controller.$proc$rtl/state_stream_controller.v:86$1136'.
  created $adff cell `$procdff$24559' with positive edge clock and negative level reset.
Creating register for signal `\state_stream_controller.\make_diff8$func$rtl/state_stream_controller.v:128$1031.$result' using process `\state_stream_controller.$proc$rtl/state_stream_controller.v:86$1136'.
  created $adff cell `$procdff$24560' with positive edge clock and negative level reset.
Creating register for signal `\state_stream_controller.\make_diff8$func$rtl/state_stream_controller.v:128$1031.v' using process `\state_stream_controller.$proc$rtl/state_stream_controller.v:86$1136'.
  created $adff cell `$procdff$24561' with positive edge clock and negative level reset.
Creating register for signal `\state_stream_controller.\make_diff8$func$rtl/state_stream_controller.v:128$1031.u' using process `\state_stream_controller.$proc$rtl/state_stream_controller.v:86$1136'.
  created $adff cell `$procdff$24562' with positive edge clock and negative level reset.
Creating register for signal `\state_stream_controller.\make_diff8$func$rtl/state_stream_controller.v:128$1031.x' using process `\state_stream_controller.$proc$rtl/state_stream_controller.v:86$1136'.
  created $adff cell `$procdff$24563' with positive edge clock and negative level reset.
Creating register for signal `\state_stream_controller.\make_diff8$func$rtl/state_stream_controller.v:128$1032.$result' using process `\state_stream_controller.$proc$rtl/state_stream_controller.v:86$1136'.
  created $adff cell `$procdff$24564' with positive edge clock and negative level reset.
Creating register for signal `\state_stream_controller.\make_diff8$func$rtl/state_stream_controller.v:128$1032.v' using process `\state_stream_controller.$proc$rtl/state_stream_controller.v:86$1136'.
  created $adff cell `$procdff$24565' with positive edge clock and negative level reset.
Creating register for signal `\state_stream_controller.\make_diff8$func$rtl/state_stream_controller.v:128$1032.u' using process `\state_stream_controller.$proc$rtl/state_stream_controller.v:86$1136'.
  created $adff cell `$procdff$24566' with positive edge clock and negative level reset.
Creating register for signal `\state_stream_controller.\make_diff8$func$rtl/state_stream_controller.v:128$1032.x' using process `\state_stream_controller.$proc$rtl/state_stream_controller.v:86$1136'.
  created $adff cell `$procdff$24567' with positive edge clock and negative level reset.
Creating register for signal `\state_stream_controller.\make_diff8$func$rtl/state_stream_controller.v:128$1033.$result' using process `\state_stream_controller.$proc$rtl/state_stream_controller.v:86$1136'.
  created $adff cell `$procdff$24568' with positive edge clock and negative level reset.
Creating register for signal `\state_stream_controller.\make_diff8$func$rtl/state_stream_controller.v:128$1033.v' using process `\state_stream_controller.$proc$rtl/state_stream_controller.v:86$1136'.
  created $adff cell `$procdff$24569' with positive edge clock and negative level reset.
Creating register for signal `\state_stream_controller.\make_diff8$func$rtl/state_stream_controller.v:128$1033.u' using process `\state_stream_controller.$proc$rtl/state_stream_controller.v:86$1136'.
  created $adff cell `$procdff$24570' with positive edge clock and negative level reset.
Creating register for signal `\state_stream_controller.\make_diff8$func$rtl/state_stream_controller.v:128$1033.x' using process `\state_stream_controller.$proc$rtl/state_stream_controller.v:86$1136'.
  created $adff cell `$procdff$24571' with positive edge clock and negative level reset.
Creating register for signal `\state_stream_controller.\make_diff8$func$rtl/state_stream_controller.v:128$1034.$result' using process `\state_stream_controller.$proc$rtl/state_stream_controller.v:86$1136'.
  created $adff cell `$procdff$24572' with positive edge clock and negative level reset.
Creating register for signal `\state_stream_controller.\make_diff8$func$rtl/state_stream_controller.v:128$1034.v' using process `\state_stream_controller.$proc$rtl/state_stream_controller.v:86$1136'.
  created $adff cell `$procdff$24573' with positive edge clock and negative level reset.
Creating register for signal `\state_stream_controller.\make_diff8$func$rtl/state_stream_controller.v:128$1034.u' using process `\state_stream_controller.$proc$rtl/state_stream_controller.v:86$1136'.
  created $adff cell `$procdff$24574' with positive edge clock and negative level reset.
Creating register for signal `\state_stream_controller.\make_diff8$func$rtl/state_stream_controller.v:128$1034.x' using process `\state_stream_controller.$proc$rtl/state_stream_controller.v:86$1136'.
  created $adff cell `$procdff$24575' with positive edge clock and negative level reset.
Creating register for signal `\state_stream_controller.\make_diff8$func$rtl/state_stream_controller.v:128$1035.$result' using process `\state_stream_controller.$proc$rtl/state_stream_controller.v:86$1136'.
  created $adff cell `$procdff$24576' with positive edge clock and negative level reset.
Creating register for signal `\state_stream_controller.\make_diff8$func$rtl/state_stream_controller.v:128$1035.v' using process `\state_stream_controller.$proc$rtl/state_stream_controller.v:86$1136'.
  created $adff cell `$procdff$24577' with positive edge clock and negative level reset.
Creating register for signal `\state_stream_controller.\make_diff8$func$rtl/state_stream_controller.v:128$1035.u' using process `\state_stream_controller.$proc$rtl/state_stream_controller.v:86$1136'.
  created $adff cell `$procdff$24578' with positive edge clock and negative level reset.
Creating register for signal `\state_stream_controller.\make_diff8$func$rtl/state_stream_controller.v:128$1035.x' using process `\state_stream_controller.$proc$rtl/state_stream_controller.v:86$1136'.
  created $adff cell `$procdff$24579' with positive edge clock and negative level reset.
Creating register for signal `\state_stream_controller.\make_diff8$func$rtl/state_stream_controller.v:128$1036.$result' using process `\state_stream_controller.$proc$rtl/state_stream_controller.v:86$1136'.
  created $adff cell `$procdff$24580' with positive edge clock and negative level reset.
Creating register for signal `\state_stream_controller.\make_diff8$func$rtl/state_stream_controller.v:128$1036.v' using process `\state_stream_controller.$proc$rtl/state_stream_controller.v:86$1136'.
  created $adff cell `$procdff$24581' with positive edge clock and negative level reset.
Creating register for signal `\state_stream_controller.\make_diff8$func$rtl/state_stream_controller.v:128$1036.u' using process `\state_stream_controller.$proc$rtl/state_stream_controller.v:86$1136'.
  created $adff cell `$procdff$24582' with positive edge clock and negative level reset.
Creating register for signal `\state_stream_controller.\make_diff8$func$rtl/state_stream_controller.v:128$1036.x' using process `\state_stream_controller.$proc$rtl/state_stream_controller.v:86$1136'.
  created $adff cell `$procdff$24583' with positive edge clock and negative level reset.
Creating register for signal `\state_stream_controller.\make_diff8$func$rtl/state_stream_controller.v:128$1037.$result' using process `\state_stream_controller.$proc$rtl/state_stream_controller.v:86$1136'.
  created $adff cell `$procdff$24584' with positive edge clock and negative level reset.
Creating register for signal `\state_stream_controller.\make_diff8$func$rtl/state_stream_controller.v:128$1037.v' using process `\state_stream_controller.$proc$rtl/state_stream_controller.v:86$1136'.
  created $adff cell `$procdff$24585' with positive edge clock and negative level reset.
Creating register for signal `\state_stream_controller.\make_diff8$func$rtl/state_stream_controller.v:128$1037.u' using process `\state_stream_controller.$proc$rtl/state_stream_controller.v:86$1136'.
  created $adff cell `$procdff$24586' with positive edge clock and negative level reset.
Creating register for signal `\state_stream_controller.\make_diff8$func$rtl/state_stream_controller.v:128$1037.x' using process `\state_stream_controller.$proc$rtl/state_stream_controller.v:86$1136'.
  created $adff cell `$procdff$24587' with positive edge clock and negative level reset.
Creating register for signal `\state_stream_controller.\make_diff8$func$rtl/state_stream_controller.v:128$1038.$result' using process `\state_stream_controller.$proc$rtl/state_stream_controller.v:86$1136'.
  created $adff cell `$procdff$24588' with positive edge clock and negative level reset.
Creating register for signal `\state_stream_controller.\make_diff8$func$rtl/state_stream_controller.v:128$1038.v' using process `\state_stream_controller.$proc$rtl/state_stream_controller.v:86$1136'.
  created $adff cell `$procdff$24589' with positive edge clock and negative level reset.
Creating register for signal `\state_stream_controller.\make_diff8$func$rtl/state_stream_controller.v:128$1038.u' using process `\state_stream_controller.$proc$rtl/state_stream_controller.v:86$1136'.
  created $adff cell `$procdff$24590' with positive edge clock and negative level reset.
Creating register for signal `\state_stream_controller.\make_diff8$func$rtl/state_stream_controller.v:128$1038.x' using process `\state_stream_controller.$proc$rtl/state_stream_controller.v:86$1136'.
  created $adff cell `$procdff$24591' with positive edge clock and negative level reset.
Creating register for signal `\state_stream_controller.\make_diff8$func$rtl/state_stream_controller.v:128$1039.$result' using process `\state_stream_controller.$proc$rtl/state_stream_controller.v:86$1136'.
  created $adff cell `$procdff$24592' with positive edge clock and negative level reset.
Creating register for signal `\state_stream_controller.\make_diff8$func$rtl/state_stream_controller.v:128$1039.v' using process `\state_stream_controller.$proc$rtl/state_stream_controller.v:86$1136'.
  created $adff cell `$procdff$24593' with positive edge clock and negative level reset.
Creating register for signal `\state_stream_controller.\make_diff8$func$rtl/state_stream_controller.v:128$1039.u' using process `\state_stream_controller.$proc$rtl/state_stream_controller.v:86$1136'.
  created $adff cell `$procdff$24594' with positive edge clock and negative level reset.
Creating register for signal `\state_stream_controller.\make_diff8$func$rtl/state_stream_controller.v:128$1039.x' using process `\state_stream_controller.$proc$rtl/state_stream_controller.v:86$1136'.
  created $adff cell `$procdff$24595' with positive edge clock and negative level reset.
Creating register for signal `\state_stream_controller.\make_diff8$func$rtl/state_stream_controller.v:128$1040.$result' using process `\state_stream_controller.$proc$rtl/state_stream_controller.v:86$1136'.
  created $adff cell `$procdff$24596' with positive edge clock and negative level reset.
Creating register for signal `\state_stream_controller.\make_diff8$func$rtl/state_stream_controller.v:128$1040.v' using process `\state_stream_controller.$proc$rtl/state_stream_controller.v:86$1136'.
  created $adff cell `$procdff$24597' with positive edge clock and negative level reset.
Creating register for signal `\state_stream_controller.\make_diff8$func$rtl/state_stream_controller.v:128$1040.u' using process `\state_stream_controller.$proc$rtl/state_stream_controller.v:86$1136'.
  created $adff cell `$procdff$24598' with positive edge clock and negative level reset.
Creating register for signal `\state_stream_controller.\make_diff8$func$rtl/state_stream_controller.v:128$1040.x' using process `\state_stream_controller.$proc$rtl/state_stream_controller.v:86$1136'.
  created $adff cell `$procdff$24599' with positive edge clock and negative level reset.
Creating register for signal `\state_stream_controller.\make_diff8$func$rtl/state_stream_controller.v:129$1041.$result' using process `\state_stream_controller.$proc$rtl/state_stream_controller.v:86$1136'.
  created $adff cell `$procdff$24600' with positive edge clock and negative level reset.
Creating register for signal `\state_stream_controller.\make_diff8$func$rtl/state_stream_controller.v:129$1041.v' using process `\state_stream_controller.$proc$rtl/state_stream_controller.v:86$1136'.
  created $adff cell `$procdff$24601' with positive edge clock and negative level reset.
Creating register for signal `\state_stream_controller.\make_diff8$func$rtl/state_stream_controller.v:129$1041.u' using process `\state_stream_controller.$proc$rtl/state_stream_controller.v:86$1136'.
  created $adff cell `$procdff$24602' with positive edge clock and negative level reset.
Creating register for signal `\state_stream_controller.\make_diff8$func$rtl/state_stream_controller.v:129$1041.x' using process `\state_stream_controller.$proc$rtl/state_stream_controller.v:86$1136'.
  created $adff cell `$procdff$24603' with positive edge clock and negative level reset.
Creating register for signal `\state_stream_controller.\make_diff8$func$rtl/state_stream_controller.v:129$1042.$result' using process `\state_stream_controller.$proc$rtl/state_stream_controller.v:86$1136'.
  created $adff cell `$procdff$24604' with positive edge clock and negative level reset.
Creating register for signal `\state_stream_controller.\make_diff8$func$rtl/state_stream_controller.v:129$1042.v' using process `\state_stream_controller.$proc$rtl/state_stream_controller.v:86$1136'.
  created $adff cell `$procdff$24605' with positive edge clock and negative level reset.
Creating register for signal `\state_stream_controller.\make_diff8$func$rtl/state_stream_controller.v:129$1042.u' using process `\state_stream_controller.$proc$rtl/state_stream_controller.v:86$1136'.
  created $adff cell `$procdff$24606' with positive edge clock and negative level reset.
Creating register for signal `\state_stream_controller.\make_diff8$func$rtl/state_stream_controller.v:129$1042.x' using process `\state_stream_controller.$proc$rtl/state_stream_controller.v:86$1136'.
  created $adff cell `$procdff$24607' with positive edge clock and negative level reset.
Creating register for signal `\state_stream_controller.\make_diff8$func$rtl/state_stream_controller.v:129$1043.$result' using process `\state_stream_controller.$proc$rtl/state_stream_controller.v:86$1136'.
  created $adff cell `$procdff$24608' with positive edge clock and negative level reset.
Creating register for signal `\state_stream_controller.\make_diff8$func$rtl/state_stream_controller.v:129$1043.v' using process `\state_stream_controller.$proc$rtl/state_stream_controller.v:86$1136'.
  created $adff cell `$procdff$24609' with positive edge clock and negative level reset.
Creating register for signal `\state_stream_controller.\make_diff8$func$rtl/state_stream_controller.v:129$1043.u' using process `\state_stream_controller.$proc$rtl/state_stream_controller.v:86$1136'.
  created $adff cell `$procdff$24610' with positive edge clock and negative level reset.
Creating register for signal `\state_stream_controller.\make_diff8$func$rtl/state_stream_controller.v:129$1043.x' using process `\state_stream_controller.$proc$rtl/state_stream_controller.v:86$1136'.
  created $adff cell `$procdff$24611' with positive edge clock and negative level reset.
Creating register for signal `\state_stream_controller.\make_diff8$func$rtl/state_stream_controller.v:129$1044.$result' using process `\state_stream_controller.$proc$rtl/state_stream_controller.v:86$1136'.
  created $adff cell `$procdff$24612' with positive edge clock and negative level reset.
Creating register for signal `\state_stream_controller.\make_diff8$func$rtl/state_stream_controller.v:129$1044.v' using process `\state_stream_controller.$proc$rtl/state_stream_controller.v:86$1136'.
  created $adff cell `$procdff$24613' with positive edge clock and negative level reset.
Creating register for signal `\state_stream_controller.\make_diff8$func$rtl/state_stream_controller.v:129$1044.u' using process `\state_stream_controller.$proc$rtl/state_stream_controller.v:86$1136'.
  created $adff cell `$procdff$24614' with positive edge clock and negative level reset.
Creating register for signal `\state_stream_controller.\make_diff8$func$rtl/state_stream_controller.v:129$1044.x' using process `\state_stream_controller.$proc$rtl/state_stream_controller.v:86$1136'.
  created $adff cell `$procdff$24615' with positive edge clock and negative level reset.
Creating register for signal `\state_stream_controller.\make_diff8$func$rtl/state_stream_controller.v:129$1045.$result' using process `\state_stream_controller.$proc$rtl/state_stream_controller.v:86$1136'.
  created $adff cell `$procdff$24616' with positive edge clock and negative level reset.
Creating register for signal `\state_stream_controller.\make_diff8$func$rtl/state_stream_controller.v:129$1045.v' using process `\state_stream_controller.$proc$rtl/state_stream_controller.v:86$1136'.
  created $adff cell `$procdff$24617' with positive edge clock and negative level reset.
Creating register for signal `\state_stream_controller.\make_diff8$func$rtl/state_stream_controller.v:129$1045.u' using process `\state_stream_controller.$proc$rtl/state_stream_controller.v:86$1136'.
  created $adff cell `$procdff$24618' with positive edge clock and negative level reset.
Creating register for signal `\state_stream_controller.\make_diff8$func$rtl/state_stream_controller.v:129$1045.x' using process `\state_stream_controller.$proc$rtl/state_stream_controller.v:86$1136'.
  created $adff cell `$procdff$24619' with positive edge clock and negative level reset.
Creating register for signal `\state_stream_controller.\make_diff8$func$rtl/state_stream_controller.v:129$1046.$result' using process `\state_stream_controller.$proc$rtl/state_stream_controller.v:86$1136'.
  created $adff cell `$procdff$24620' with positive edge clock and negative level reset.
Creating register for signal `\state_stream_controller.\make_diff8$func$rtl/state_stream_controller.v:129$1046.v' using process `\state_stream_controller.$proc$rtl/state_stream_controller.v:86$1136'.
  created $adff cell `$procdff$24621' with positive edge clock and negative level reset.
Creating register for signal `\state_stream_controller.\make_diff8$func$rtl/state_stream_controller.v:129$1046.u' using process `\state_stream_controller.$proc$rtl/state_stream_controller.v:86$1136'.
  created $adff cell `$procdff$24622' with positive edge clock and negative level reset.
Creating register for signal `\state_stream_controller.\make_diff8$func$rtl/state_stream_controller.v:129$1046.x' using process `\state_stream_controller.$proc$rtl/state_stream_controller.v:86$1136'.
  created $adff cell `$procdff$24623' with positive edge clock and negative level reset.
Creating register for signal `\state_stream_controller.\make_diff8$func$rtl/state_stream_controller.v:129$1047.$result' using process `\state_stream_controller.$proc$rtl/state_stream_controller.v:86$1136'.
  created $adff cell `$procdff$24624' with positive edge clock and negative level reset.
Creating register for signal `\state_stream_controller.\make_diff8$func$rtl/state_stream_controller.v:129$1047.v' using process `\state_stream_controller.$proc$rtl/state_stream_controller.v:86$1136'.
  created $adff cell `$procdff$24625' with positive edge clock and negative level reset.
Creating register for signal `\state_stream_controller.\make_diff8$func$rtl/state_stream_controller.v:129$1047.u' using process `\state_stream_controller.$proc$rtl/state_stream_controller.v:86$1136'.
  created $adff cell `$procdff$24626' with positive edge clock and negative level reset.
Creating register for signal `\state_stream_controller.\make_diff8$func$rtl/state_stream_controller.v:129$1047.x' using process `\state_stream_controller.$proc$rtl/state_stream_controller.v:86$1136'.
  created $adff cell `$procdff$24627' with positive edge clock and negative level reset.
Creating register for signal `\state_stream_controller.\make_diff8$func$rtl/state_stream_controller.v:129$1048.$result' using process `\state_stream_controller.$proc$rtl/state_stream_controller.v:86$1136'.
  created $adff cell `$procdff$24628' with positive edge clock and negative level reset.
Creating register for signal `\state_stream_controller.\make_diff8$func$rtl/state_stream_controller.v:129$1048.v' using process `\state_stream_controller.$proc$rtl/state_stream_controller.v:86$1136'.
  created $adff cell `$procdff$24629' with positive edge clock and negative level reset.
Creating register for signal `\state_stream_controller.\make_diff8$func$rtl/state_stream_controller.v:129$1048.u' using process `\state_stream_controller.$proc$rtl/state_stream_controller.v:86$1136'.
  created $adff cell `$procdff$24630' with positive edge clock and negative level reset.
Creating register for signal `\state_stream_controller.\make_diff8$func$rtl/state_stream_controller.v:129$1048.x' using process `\state_stream_controller.$proc$rtl/state_stream_controller.v:86$1136'.
  created $adff cell `$procdff$24631' with positive edge clock and negative level reset.
Creating register for signal `\state_stream_controller.\make_diff8$func$rtl/state_stream_controller.v:129$1049.$result' using process `\state_stream_controller.$proc$rtl/state_stream_controller.v:86$1136'.
  created $adff cell `$procdff$24632' with positive edge clock and negative level reset.
Creating register for signal `\state_stream_controller.\make_diff8$func$rtl/state_stream_controller.v:129$1049.v' using process `\state_stream_controller.$proc$rtl/state_stream_controller.v:86$1136'.
  created $adff cell `$procdff$24633' with positive edge clock and negative level reset.
Creating register for signal `\state_stream_controller.\make_diff8$func$rtl/state_stream_controller.v:129$1049.u' using process `\state_stream_controller.$proc$rtl/state_stream_controller.v:86$1136'.
  created $adff cell `$procdff$24634' with positive edge clock and negative level reset.
Creating register for signal `\state_stream_controller.\make_diff8$func$rtl/state_stream_controller.v:129$1049.x' using process `\state_stream_controller.$proc$rtl/state_stream_controller.v:86$1136'.
  created $adff cell `$procdff$24635' with positive edge clock and negative level reset.
Creating register for signal `\state_stream_controller.\make_diff8$func$rtl/state_stream_controller.v:129$1050.$result' using process `\state_stream_controller.$proc$rtl/state_stream_controller.v:86$1136'.
  created $adff cell `$procdff$24636' with positive edge clock and negative level reset.
Creating register for signal `\state_stream_controller.\make_diff8$func$rtl/state_stream_controller.v:129$1050.v' using process `\state_stream_controller.$proc$rtl/state_stream_controller.v:86$1136'.
  created $adff cell `$procdff$24637' with positive edge clock and negative level reset.
Creating register for signal `\state_stream_controller.\make_diff8$func$rtl/state_stream_controller.v:129$1050.u' using process `\state_stream_controller.$proc$rtl/state_stream_controller.v:86$1136'.
  created $adff cell `$procdff$24638' with positive edge clock and negative level reset.
Creating register for signal `\state_stream_controller.\make_diff8$func$rtl/state_stream_controller.v:129$1050.x' using process `\state_stream_controller.$proc$rtl/state_stream_controller.v:86$1136'.
  created $adff cell `$procdff$24639' with positive edge clock and negative level reset.
Creating register for signal `\state_stream_controller.\make_diff8$func$rtl/state_stream_controller.v:129$1051.$result' using process `\state_stream_controller.$proc$rtl/state_stream_controller.v:86$1136'.
  created $adff cell `$procdff$24640' with positive edge clock and negative level reset.
Creating register for signal `\state_stream_controller.\make_diff8$func$rtl/state_stream_controller.v:129$1051.v' using process `\state_stream_controller.$proc$rtl/state_stream_controller.v:86$1136'.
  created $adff cell `$procdff$24641' with positive edge clock and negative level reset.
Creating register for signal `\state_stream_controller.\make_diff8$func$rtl/state_stream_controller.v:129$1051.u' using process `\state_stream_controller.$proc$rtl/state_stream_controller.v:86$1136'.
  created $adff cell `$procdff$24642' with positive edge clock and negative level reset.
Creating register for signal `\state_stream_controller.\make_diff8$func$rtl/state_stream_controller.v:129$1051.x' using process `\state_stream_controller.$proc$rtl/state_stream_controller.v:86$1136'.
  created $adff cell `$procdff$24643' with positive edge clock and negative level reset.
Creating register for signal `\state_stream_controller.\make_diff8$func$rtl/state_stream_controller.v:129$1052.$result' using process `\state_stream_controller.$proc$rtl/state_stream_controller.v:86$1136'.
  created $adff cell `$procdff$24644' with positive edge clock and negative level reset.
Creating register for signal `\state_stream_controller.\make_diff8$func$rtl/state_stream_controller.v:129$1052.v' using process `\state_stream_controller.$proc$rtl/state_stream_controller.v:86$1136'.
  created $adff cell `$procdff$24645' with positive edge clock and negative level reset.
Creating register for signal `\state_stream_controller.\make_diff8$func$rtl/state_stream_controller.v:129$1052.u' using process `\state_stream_controller.$proc$rtl/state_stream_controller.v:86$1136'.
  created $adff cell `$procdff$24646' with positive edge clock and negative level reset.
Creating register for signal `\state_stream_controller.\make_diff8$func$rtl/state_stream_controller.v:129$1052.x' using process `\state_stream_controller.$proc$rtl/state_stream_controller.v:86$1136'.
  created $adff cell `$procdff$24647' with positive edge clock and negative level reset.
Creating register for signal `\state_stream_controller.\make_diff8$func$rtl/state_stream_controller.v:129$1053.$result' using process `\state_stream_controller.$proc$rtl/state_stream_controller.v:86$1136'.
  created $adff cell `$procdff$24648' with positive edge clock and negative level reset.
Creating register for signal `\state_stream_controller.\make_diff8$func$rtl/state_stream_controller.v:129$1053.v' using process `\state_stream_controller.$proc$rtl/state_stream_controller.v:86$1136'.
  created $adff cell `$procdff$24649' with positive edge clock and negative level reset.
Creating register for signal `\state_stream_controller.\make_diff8$func$rtl/state_stream_controller.v:129$1053.u' using process `\state_stream_controller.$proc$rtl/state_stream_controller.v:86$1136'.
  created $adff cell `$procdff$24650' with positive edge clock and negative level reset.
Creating register for signal `\state_stream_controller.\make_diff8$func$rtl/state_stream_controller.v:129$1053.x' using process `\state_stream_controller.$proc$rtl/state_stream_controller.v:86$1136'.
  created $adff cell `$procdff$24651' with positive edge clock and negative level reset.
Creating register for signal `\state_stream_controller.\make_diff8$func$rtl/state_stream_controller.v:129$1054.$result' using process `\state_stream_controller.$proc$rtl/state_stream_controller.v:86$1136'.
  created $adff cell `$procdff$24652' with positive edge clock and negative level reset.
Creating register for signal `\state_stream_controller.\make_diff8$func$rtl/state_stream_controller.v:129$1054.v' using process `\state_stream_controller.$proc$rtl/state_stream_controller.v:86$1136'.
  created $adff cell `$procdff$24653' with positive edge clock and negative level reset.
Creating register for signal `\state_stream_controller.\make_diff8$func$rtl/state_stream_controller.v:129$1054.u' using process `\state_stream_controller.$proc$rtl/state_stream_controller.v:86$1136'.
  created $adff cell `$procdff$24654' with positive edge clock and negative level reset.
Creating register for signal `\state_stream_controller.\make_diff8$func$rtl/state_stream_controller.v:129$1054.x' using process `\state_stream_controller.$proc$rtl/state_stream_controller.v:86$1136'.
  created $adff cell `$procdff$24655' with positive edge clock and negative level reset.
Creating register for signal `\state_stream_controller.\make_diff8$func$rtl/state_stream_controller.v:129$1055.$result' using process `\state_stream_controller.$proc$rtl/state_stream_controller.v:86$1136'.
  created $adff cell `$procdff$24656' with positive edge clock and negative level reset.
Creating register for signal `\state_stream_controller.\make_diff8$func$rtl/state_stream_controller.v:129$1055.v' using process `\state_stream_controller.$proc$rtl/state_stream_controller.v:86$1136'.
  created $adff cell `$procdff$24657' with positive edge clock and negative level reset.
Creating register for signal `\state_stream_controller.\make_diff8$func$rtl/state_stream_controller.v:129$1055.u' using process `\state_stream_controller.$proc$rtl/state_stream_controller.v:86$1136'.
  created $adff cell `$procdff$24658' with positive edge clock and negative level reset.
Creating register for signal `\state_stream_controller.\make_diff8$func$rtl/state_stream_controller.v:129$1055.x' using process `\state_stream_controller.$proc$rtl/state_stream_controller.v:86$1136'.
  created $adff cell `$procdff$24659' with positive edge clock and negative level reset.
Creating register for signal `\state_stream_controller.\make_diff8$func$rtl/state_stream_controller.v:129$1056.$result' using process `\state_stream_controller.$proc$rtl/state_stream_controller.v:86$1136'.
  created $adff cell `$procdff$24660' with positive edge clock and negative level reset.
Creating register for signal `\state_stream_controller.\make_diff8$func$rtl/state_stream_controller.v:129$1056.v' using process `\state_stream_controller.$proc$rtl/state_stream_controller.v:86$1136'.
  created $adff cell `$procdff$24661' with positive edge clock and negative level reset.
Creating register for signal `\state_stream_controller.\make_diff8$func$rtl/state_stream_controller.v:129$1056.u' using process `\state_stream_controller.$proc$rtl/state_stream_controller.v:86$1136'.
  created $adff cell `$procdff$24662' with positive edge clock and negative level reset.
Creating register for signal `\state_stream_controller.\make_diff8$func$rtl/state_stream_controller.v:129$1056.x' using process `\state_stream_controller.$proc$rtl/state_stream_controller.v:86$1136'.
  created $adff cell `$procdff$24663' with positive edge clock and negative level reset.
Creating register for signal `\state_stream_controller.\rq8$func$rtl/state_stream_controller.v:156$1057.$result' using process `\state_stream_controller.$proc$rtl/state_stream_controller.v:86$1136'.
  created $adff cell `$procdff$24664' with positive edge clock and negative level reset.
Creating register for signal `\state_stream_controller.\rq8$func$rtl/state_stream_controller.v:156$1057.a' using process `\state_stream_controller.$proc$rtl/state_stream_controller.v:86$1136'.
  created $adff cell `$procdff$24665' with positive edge clock and negative level reset.
Creating register for signal `\state_stream_controller.\rq8$func$rtl/state_stream_controller.v:156$1057.x' using process `\state_stream_controller.$proc$rtl/state_stream_controller.v:86$1136'.
  created $adff cell `$procdff$24666' with positive edge clock and negative level reset.
Creating register for signal `\state_stream_controller.\rq8$func$rtl/state_stream_controller.v:156$1058.$result' using process `\state_stream_controller.$proc$rtl/state_stream_controller.v:86$1136'.
  created $adff cell `$procdff$24667' with positive edge clock and negative level reset.
Creating register for signal `\state_stream_controller.\rq8$func$rtl/state_stream_controller.v:156$1058.a' using process `\state_stream_controller.$proc$rtl/state_stream_controller.v:86$1136'.
  created $adff cell `$procdff$24668' with positive edge clock and negative level reset.
Creating register for signal `\state_stream_controller.\rq8$func$rtl/state_stream_controller.v:156$1058.x' using process `\state_stream_controller.$proc$rtl/state_stream_controller.v:86$1136'.
  created $adff cell `$procdff$24669' with positive edge clock and negative level reset.
Creating register for signal `\state_stream_controller.\rq8$func$rtl/state_stream_controller.v:156$1059.$result' using process `\state_stream_controller.$proc$rtl/state_stream_controller.v:86$1136'.
  created $adff cell `$procdff$24670' with positive edge clock and negative level reset.
Creating register for signal `\state_stream_controller.\rq8$func$rtl/state_stream_controller.v:156$1059.a' using process `\state_stream_controller.$proc$rtl/state_stream_controller.v:86$1136'.
  created $adff cell `$procdff$24671' with positive edge clock and negative level reset.
Creating register for signal `\state_stream_controller.\rq8$func$rtl/state_stream_controller.v:156$1059.x' using process `\state_stream_controller.$proc$rtl/state_stream_controller.v:86$1136'.
  created $adff cell `$procdff$24672' with positive edge clock and negative level reset.
Creating register for signal `\state_stream_controller.\rq8$func$rtl/state_stream_controller.v:156$1060.$result' using process `\state_stream_controller.$proc$rtl/state_stream_controller.v:86$1136'.
  created $adff cell `$procdff$24673' with positive edge clock and negative level reset.
Creating register for signal `\state_stream_controller.\rq8$func$rtl/state_stream_controller.v:156$1060.a' using process `\state_stream_controller.$proc$rtl/state_stream_controller.v:86$1136'.
  created $adff cell `$procdff$24674' with positive edge clock and negative level reset.
Creating register for signal `\state_stream_controller.\rq8$func$rtl/state_stream_controller.v:156$1060.x' using process `\state_stream_controller.$proc$rtl/state_stream_controller.v:86$1136'.
  created $adff cell `$procdff$24675' with positive edge clock and negative level reset.
Creating register for signal `\state_stream_controller.\rq8$func$rtl/state_stream_controller.v:156$1061.$result' using process `\state_stream_controller.$proc$rtl/state_stream_controller.v:86$1136'.
  created $adff cell `$procdff$24676' with positive edge clock and negative level reset.
Creating register for signal `\state_stream_controller.\rq8$func$rtl/state_stream_controller.v:156$1061.a' using process `\state_stream_controller.$proc$rtl/state_stream_controller.v:86$1136'.
  created $adff cell `$procdff$24677' with positive edge clock and negative level reset.
Creating register for signal `\state_stream_controller.\rq8$func$rtl/state_stream_controller.v:156$1061.x' using process `\state_stream_controller.$proc$rtl/state_stream_controller.v:86$1136'.
  created $adff cell `$procdff$24678' with positive edge clock and negative level reset.
Creating register for signal `\state_stream_controller.\rq8$func$rtl/state_stream_controller.v:156$1062.$result' using process `\state_stream_controller.$proc$rtl/state_stream_controller.v:86$1136'.
  created $adff cell `$procdff$24679' with positive edge clock and negative level reset.
Creating register for signal `\state_stream_controller.\rq8$func$rtl/state_stream_controller.v:156$1062.a' using process `\state_stream_controller.$proc$rtl/state_stream_controller.v:86$1136'.
  created $adff cell `$procdff$24680' with positive edge clock and negative level reset.
Creating register for signal `\state_stream_controller.\rq8$func$rtl/state_stream_controller.v:156$1062.x' using process `\state_stream_controller.$proc$rtl/state_stream_controller.v:86$1136'.
  created $adff cell `$procdff$24681' with positive edge clock and negative level reset.
Creating register for signal `\state_stream_controller.\rq8$func$rtl/state_stream_controller.v:156$1063.$result' using process `\state_stream_controller.$proc$rtl/state_stream_controller.v:86$1136'.
  created $adff cell `$procdff$24682' with positive edge clock and negative level reset.
Creating register for signal `\state_stream_controller.\rq8$func$rtl/state_stream_controller.v:156$1063.a' using process `\state_stream_controller.$proc$rtl/state_stream_controller.v:86$1136'.
  created $adff cell `$procdff$24683' with positive edge clock and negative level reset.
Creating register for signal `\state_stream_controller.\rq8$func$rtl/state_stream_controller.v:156$1063.x' using process `\state_stream_controller.$proc$rtl/state_stream_controller.v:86$1136'.
  created $adff cell `$procdff$24684' with positive edge clock and negative level reset.
Creating register for signal `\state_stream_controller.\rq8$func$rtl/state_stream_controller.v:156$1064.$result' using process `\state_stream_controller.$proc$rtl/state_stream_controller.v:86$1136'.
  created $adff cell `$procdff$24685' with positive edge clock and negative level reset.
Creating register for signal `\state_stream_controller.\rq8$func$rtl/state_stream_controller.v:156$1064.a' using process `\state_stream_controller.$proc$rtl/state_stream_controller.v:86$1136'.
  created $adff cell `$procdff$24686' with positive edge clock and negative level reset.
Creating register for signal `\state_stream_controller.\rq8$func$rtl/state_stream_controller.v:156$1064.x' using process `\state_stream_controller.$proc$rtl/state_stream_controller.v:86$1136'.
  created $adff cell `$procdff$24687' with positive edge clock and negative level reset.
Creating register for signal `\state_stream_controller.\rq8$func$rtl/state_stream_controller.v:156$1065.$result' using process `\state_stream_controller.$proc$rtl/state_stream_controller.v:86$1136'.
  created $adff cell `$procdff$24688' with positive edge clock and negative level reset.
Creating register for signal `\state_stream_controller.\rq8$func$rtl/state_stream_controller.v:156$1065.a' using process `\state_stream_controller.$proc$rtl/state_stream_controller.v:86$1136'.
  created $adff cell `$procdff$24689' with positive edge clock and negative level reset.
Creating register for signal `\state_stream_controller.\rq8$func$rtl/state_stream_controller.v:156$1065.x' using process `\state_stream_controller.$proc$rtl/state_stream_controller.v:86$1136'.
  created $adff cell `$procdff$24690' with positive edge clock and negative level reset.
Creating register for signal `\state_stream_controller.\rq8$func$rtl/state_stream_controller.v:156$1066.$result' using process `\state_stream_controller.$proc$rtl/state_stream_controller.v:86$1136'.
  created $adff cell `$procdff$24691' with positive edge clock and negative level reset.
Creating register for signal `\state_stream_controller.\rq8$func$rtl/state_stream_controller.v:156$1066.a' using process `\state_stream_controller.$proc$rtl/state_stream_controller.v:86$1136'.
  created $adff cell `$procdff$24692' with positive edge clock and negative level reset.
Creating register for signal `\state_stream_controller.\rq8$func$rtl/state_stream_controller.v:156$1066.x' using process `\state_stream_controller.$proc$rtl/state_stream_controller.v:86$1136'.
  created $adff cell `$procdff$24693' with positive edge clock and negative level reset.
Creating register for signal `\state_stream_controller.\rq8$func$rtl/state_stream_controller.v:156$1067.$result' using process `\state_stream_controller.$proc$rtl/state_stream_controller.v:86$1136'.
  created $adff cell `$procdff$24694' with positive edge clock and negative level reset.
Creating register for signal `\state_stream_controller.\rq8$func$rtl/state_stream_controller.v:156$1067.a' using process `\state_stream_controller.$proc$rtl/state_stream_controller.v:86$1136'.
  created $adff cell `$procdff$24695' with positive edge clock and negative level reset.
Creating register for signal `\state_stream_controller.\rq8$func$rtl/state_stream_controller.v:156$1067.x' using process `\state_stream_controller.$proc$rtl/state_stream_controller.v:86$1136'.
  created $adff cell `$procdff$24696' with positive edge clock and negative level reset.
Creating register for signal `\state_stream_controller.\rq8$func$rtl/state_stream_controller.v:156$1068.$result' using process `\state_stream_controller.$proc$rtl/state_stream_controller.v:86$1136'.
  created $adff cell `$procdff$24697' with positive edge clock and negative level reset.
Creating register for signal `\state_stream_controller.\rq8$func$rtl/state_stream_controller.v:156$1068.a' using process `\state_stream_controller.$proc$rtl/state_stream_controller.v:86$1136'.
  created $adff cell `$procdff$24698' with positive edge clock and negative level reset.
Creating register for signal `\state_stream_controller.\rq8$func$rtl/state_stream_controller.v:156$1068.x' using process `\state_stream_controller.$proc$rtl/state_stream_controller.v:86$1136'.
  created $adff cell `$procdff$24699' with positive edge clock and negative level reset.
Creating register for signal `\state_stream_controller.\rq8$func$rtl/state_stream_controller.v:156$1069.$result' using process `\state_stream_controller.$proc$rtl/state_stream_controller.v:86$1136'.
  created $adff cell `$procdff$24700' with positive edge clock and negative level reset.
Creating register for signal `\state_stream_controller.\rq8$func$rtl/state_stream_controller.v:156$1069.a' using process `\state_stream_controller.$proc$rtl/state_stream_controller.v:86$1136'.
  created $adff cell `$procdff$24701' with positive edge clock and negative level reset.
Creating register for signal `\state_stream_controller.\rq8$func$rtl/state_stream_controller.v:156$1069.x' using process `\state_stream_controller.$proc$rtl/state_stream_controller.v:86$1136'.
  created $adff cell `$procdff$24702' with positive edge clock and negative level reset.
Creating register for signal `\state_stream_controller.\rq8$func$rtl/state_stream_controller.v:156$1070.$result' using process `\state_stream_controller.$proc$rtl/state_stream_controller.v:86$1136'.
  created $adff cell `$procdff$24703' with positive edge clock and negative level reset.
Creating register for signal `\state_stream_controller.\rq8$func$rtl/state_stream_controller.v:156$1070.a' using process `\state_stream_controller.$proc$rtl/state_stream_controller.v:86$1136'.
  created $adff cell `$procdff$24704' with positive edge clock and negative level reset.
Creating register for signal `\state_stream_controller.\rq8$func$rtl/state_stream_controller.v:156$1070.x' using process `\state_stream_controller.$proc$rtl/state_stream_controller.v:86$1136'.
  created $adff cell `$procdff$24705' with positive edge clock and negative level reset.
Creating register for signal `\state_stream_controller.\rq8$func$rtl/state_stream_controller.v:156$1071.$result' using process `\state_stream_controller.$proc$rtl/state_stream_controller.v:86$1136'.
  created $adff cell `$procdff$24706' with positive edge clock and negative level reset.
Creating register for signal `\state_stream_controller.\rq8$func$rtl/state_stream_controller.v:156$1071.a' using process `\state_stream_controller.$proc$rtl/state_stream_controller.v:86$1136'.
  created $adff cell `$procdff$24707' with positive edge clock and negative level reset.
Creating register for signal `\state_stream_controller.\rq8$func$rtl/state_stream_controller.v:156$1071.x' using process `\state_stream_controller.$proc$rtl/state_stream_controller.v:86$1136'.
  created $adff cell `$procdff$24708' with positive edge clock and negative level reset.
Creating register for signal `\state_stream_controller.\rq8$func$rtl/state_stream_controller.v:156$1072.$result' using process `\state_stream_controller.$proc$rtl/state_stream_controller.v:86$1136'.
  created $adff cell `$procdff$24709' with positive edge clock and negative level reset.
Creating register for signal `\state_stream_controller.\rq8$func$rtl/state_stream_controller.v:156$1072.a' using process `\state_stream_controller.$proc$rtl/state_stream_controller.v:86$1136'.
  created $adff cell `$procdff$24710' with positive edge clock and negative level reset.
Creating register for signal `\state_stream_controller.\rq8$func$rtl/state_stream_controller.v:156$1072.x' using process `\state_stream_controller.$proc$rtl/state_stream_controller.v:86$1136'.
  created $adff cell `$procdff$24711' with positive edge clock and negative level reset.
Creating register for signal `\state_stream_controller.\rq8$func$rtl/state_stream_controller.v:157$1073.$result' using process `\state_stream_controller.$proc$rtl/state_stream_controller.v:86$1136'.
  created $adff cell `$procdff$24712' with positive edge clock and negative level reset.
Creating register for signal `\state_stream_controller.\rq8$func$rtl/state_stream_controller.v:157$1073.a' using process `\state_stream_controller.$proc$rtl/state_stream_controller.v:86$1136'.
  created $adff cell `$procdff$24713' with positive edge clock and negative level reset.
Creating register for signal `\state_stream_controller.\rq8$func$rtl/state_stream_controller.v:157$1073.x' using process `\state_stream_controller.$proc$rtl/state_stream_controller.v:86$1136'.
  created $adff cell `$procdff$24714' with positive edge clock and negative level reset.
Creating register for signal `\state_stream_controller.\rq8$func$rtl/state_stream_controller.v:157$1074.$result' using process `\state_stream_controller.$proc$rtl/state_stream_controller.v:86$1136'.
  created $adff cell `$procdff$24715' with positive edge clock and negative level reset.
Creating register for signal `\state_stream_controller.\rq8$func$rtl/state_stream_controller.v:157$1074.a' using process `\state_stream_controller.$proc$rtl/state_stream_controller.v:86$1136'.
  created $adff cell `$procdff$24716' with positive edge clock and negative level reset.
Creating register for signal `\state_stream_controller.\rq8$func$rtl/state_stream_controller.v:157$1074.x' using process `\state_stream_controller.$proc$rtl/state_stream_controller.v:86$1136'.
  created $adff cell `$procdff$24717' with positive edge clock and negative level reset.
Creating register for signal `\state_stream_controller.\rq8$func$rtl/state_stream_controller.v:157$1075.$result' using process `\state_stream_controller.$proc$rtl/state_stream_controller.v:86$1136'.
  created $adff cell `$procdff$24718' with positive edge clock and negative level reset.
Creating register for signal `\state_stream_controller.\rq8$func$rtl/state_stream_controller.v:157$1075.a' using process `\state_stream_controller.$proc$rtl/state_stream_controller.v:86$1136'.
  created $adff cell `$procdff$24719' with positive edge clock and negative level reset.
Creating register for signal `\state_stream_controller.\rq8$func$rtl/state_stream_controller.v:157$1075.x' using process `\state_stream_controller.$proc$rtl/state_stream_controller.v:86$1136'.
  created $adff cell `$procdff$24720' with positive edge clock and negative level reset.
Creating register for signal `\state_stream_controller.\rq8$func$rtl/state_stream_controller.v:157$1076.$result' using process `\state_stream_controller.$proc$rtl/state_stream_controller.v:86$1136'.
  created $adff cell `$procdff$24721' with positive edge clock and negative level reset.
Creating register for signal `\state_stream_controller.\rq8$func$rtl/state_stream_controller.v:157$1076.a' using process `\state_stream_controller.$proc$rtl/state_stream_controller.v:86$1136'.
  created $adff cell `$procdff$24722' with positive edge clock and negative level reset.
Creating register for signal `\state_stream_controller.\rq8$func$rtl/state_stream_controller.v:157$1076.x' using process `\state_stream_controller.$proc$rtl/state_stream_controller.v:86$1136'.
  created $adff cell `$procdff$24723' with positive edge clock and negative level reset.
Creating register for signal `\state_stream_controller.\rq8$func$rtl/state_stream_controller.v:157$1077.$result' using process `\state_stream_controller.$proc$rtl/state_stream_controller.v:86$1136'.
  created $adff cell `$procdff$24724' with positive edge clock and negative level reset.
Creating register for signal `\state_stream_controller.\rq8$func$rtl/state_stream_controller.v:157$1077.a' using process `\state_stream_controller.$proc$rtl/state_stream_controller.v:86$1136'.
  created $adff cell `$procdff$24725' with positive edge clock and negative level reset.
Creating register for signal `\state_stream_controller.\rq8$func$rtl/state_stream_controller.v:157$1077.x' using process `\state_stream_controller.$proc$rtl/state_stream_controller.v:86$1136'.
  created $adff cell `$procdff$24726' with positive edge clock and negative level reset.
Creating register for signal `\state_stream_controller.\rq8$func$rtl/state_stream_controller.v:157$1078.$result' using process `\state_stream_controller.$proc$rtl/state_stream_controller.v:86$1136'.
  created $adff cell `$procdff$24727' with positive edge clock and negative level reset.
Creating register for signal `\state_stream_controller.\rq8$func$rtl/state_stream_controller.v:157$1078.a' using process `\state_stream_controller.$proc$rtl/state_stream_controller.v:86$1136'.
  created $adff cell `$procdff$24728' with positive edge clock and negative level reset.
Creating register for signal `\state_stream_controller.\rq8$func$rtl/state_stream_controller.v:157$1078.x' using process `\state_stream_controller.$proc$rtl/state_stream_controller.v:86$1136'.
  created $adff cell `$procdff$24729' with positive edge clock and negative level reset.
Creating register for signal `\state_stream_controller.\rq8$func$rtl/state_stream_controller.v:157$1079.$result' using process `\state_stream_controller.$proc$rtl/state_stream_controller.v:86$1136'.
  created $adff cell `$procdff$24730' with positive edge clock and negative level reset.
Creating register for signal `\state_stream_controller.\rq8$func$rtl/state_stream_controller.v:157$1079.a' using process `\state_stream_controller.$proc$rtl/state_stream_controller.v:86$1136'.
  created $adff cell `$procdff$24731' with positive edge clock and negative level reset.
Creating register for signal `\state_stream_controller.\rq8$func$rtl/state_stream_controller.v:157$1079.x' using process `\state_stream_controller.$proc$rtl/state_stream_controller.v:86$1136'.
  created $adff cell `$procdff$24732' with positive edge clock and negative level reset.
Creating register for signal `\state_stream_controller.\rq8$func$rtl/state_stream_controller.v:157$1080.$result' using process `\state_stream_controller.$proc$rtl/state_stream_controller.v:86$1136'.
  created $adff cell `$procdff$24733' with positive edge clock and negative level reset.
Creating register for signal `\state_stream_controller.\rq8$func$rtl/state_stream_controller.v:157$1080.a' using process `\state_stream_controller.$proc$rtl/state_stream_controller.v:86$1136'.
  created $adff cell `$procdff$24734' with positive edge clock and negative level reset.
Creating register for signal `\state_stream_controller.\rq8$func$rtl/state_stream_controller.v:157$1080.x' using process `\state_stream_controller.$proc$rtl/state_stream_controller.v:86$1136'.
  created $adff cell `$procdff$24735' with positive edge clock and negative level reset.
Creating register for signal `\state_stream_controller.\rq8$func$rtl/state_stream_controller.v:157$1081.$result' using process `\state_stream_controller.$proc$rtl/state_stream_controller.v:86$1136'.
  created $adff cell `$procdff$24736' with positive edge clock and negative level reset.
Creating register for signal `\state_stream_controller.\rq8$func$rtl/state_stream_controller.v:157$1081.a' using process `\state_stream_controller.$proc$rtl/state_stream_controller.v:86$1136'.
  created $adff cell `$procdff$24737' with positive edge clock and negative level reset.
Creating register for signal `\state_stream_controller.\rq8$func$rtl/state_stream_controller.v:157$1081.x' using process `\state_stream_controller.$proc$rtl/state_stream_controller.v:86$1136'.
  created $adff cell `$procdff$24738' with positive edge clock and negative level reset.
Creating register for signal `\state_stream_controller.\rq8$func$rtl/state_stream_controller.v:157$1082.$result' using process `\state_stream_controller.$proc$rtl/state_stream_controller.v:86$1136'.
  created $adff cell `$procdff$24739' with positive edge clock and negative level reset.
Creating register for signal `\state_stream_controller.\rq8$func$rtl/state_stream_controller.v:157$1082.a' using process `\state_stream_controller.$proc$rtl/state_stream_controller.v:86$1136'.
  created $adff cell `$procdff$24740' with positive edge clock and negative level reset.
Creating register for signal `\state_stream_controller.\rq8$func$rtl/state_stream_controller.v:157$1082.x' using process `\state_stream_controller.$proc$rtl/state_stream_controller.v:86$1136'.
  created $adff cell `$procdff$24741' with positive edge clock and negative level reset.
Creating register for signal `\state_stream_controller.\rq8$func$rtl/state_stream_controller.v:157$1083.$result' using process `\state_stream_controller.$proc$rtl/state_stream_controller.v:86$1136'.
  created $adff cell `$procdff$24742' with positive edge clock and negative level reset.
Creating register for signal `\state_stream_controller.\rq8$func$rtl/state_stream_controller.v:157$1083.a' using process `\state_stream_controller.$proc$rtl/state_stream_controller.v:86$1136'.
  created $adff cell `$procdff$24743' with positive edge clock and negative level reset.
Creating register for signal `\state_stream_controller.\rq8$func$rtl/state_stream_controller.v:157$1083.x' using process `\state_stream_controller.$proc$rtl/state_stream_controller.v:86$1136'.
  created $adff cell `$procdff$24744' with positive edge clock and negative level reset.
Creating register for signal `\state_stream_controller.\rq8$func$rtl/state_stream_controller.v:157$1084.$result' using process `\state_stream_controller.$proc$rtl/state_stream_controller.v:86$1136'.
  created $adff cell `$procdff$24745' with positive edge clock and negative level reset.
Creating register for signal `\state_stream_controller.\rq8$func$rtl/state_stream_controller.v:157$1084.a' using process `\state_stream_controller.$proc$rtl/state_stream_controller.v:86$1136'.
  created $adff cell `$procdff$24746' with positive edge clock and negative level reset.
Creating register for signal `\state_stream_controller.\rq8$func$rtl/state_stream_controller.v:157$1084.x' using process `\state_stream_controller.$proc$rtl/state_stream_controller.v:86$1136'.
  created $adff cell `$procdff$24747' with positive edge clock and negative level reset.
Creating register for signal `\state_stream_controller.\rq8$func$rtl/state_stream_controller.v:157$1085.$result' using process `\state_stream_controller.$proc$rtl/state_stream_controller.v:86$1136'.
  created $adff cell `$procdff$24748' with positive edge clock and negative level reset.
Creating register for signal `\state_stream_controller.\rq8$func$rtl/state_stream_controller.v:157$1085.a' using process `\state_stream_controller.$proc$rtl/state_stream_controller.v:86$1136'.
  created $adff cell `$procdff$24749' with positive edge clock and negative level reset.
Creating register for signal `\state_stream_controller.\rq8$func$rtl/state_stream_controller.v:157$1085.x' using process `\state_stream_controller.$proc$rtl/state_stream_controller.v:86$1136'.
  created $adff cell `$procdff$24750' with positive edge clock and negative level reset.
Creating register for signal `\state_stream_controller.\rq8$func$rtl/state_stream_controller.v:157$1086.$result' using process `\state_stream_controller.$proc$rtl/state_stream_controller.v:86$1136'.
  created $adff cell `$procdff$24751' with positive edge clock and negative level reset.
Creating register for signal `\state_stream_controller.\rq8$func$rtl/state_stream_controller.v:157$1086.a' using process `\state_stream_controller.$proc$rtl/state_stream_controller.v:86$1136'.
  created $adff cell `$procdff$24752' with positive edge clock and negative level reset.
Creating register for signal `\state_stream_controller.\rq8$func$rtl/state_stream_controller.v:157$1086.x' using process `\state_stream_controller.$proc$rtl/state_stream_controller.v:86$1136'.
  created $adff cell `$procdff$24753' with positive edge clock and negative level reset.
Creating register for signal `\state_stream_controller.\rq8$func$rtl/state_stream_controller.v:157$1087.$result' using process `\state_stream_controller.$proc$rtl/state_stream_controller.v:86$1136'.
  created $adff cell `$procdff$24754' with positive edge clock and negative level reset.
Creating register for signal `\state_stream_controller.\rq8$func$rtl/state_stream_controller.v:157$1087.a' using process `\state_stream_controller.$proc$rtl/state_stream_controller.v:86$1136'.
  created $adff cell `$procdff$24755' with positive edge clock and negative level reset.
Creating register for signal `\state_stream_controller.\rq8$func$rtl/state_stream_controller.v:157$1087.x' using process `\state_stream_controller.$proc$rtl/state_stream_controller.v:86$1136'.
  created $adff cell `$procdff$24756' with positive edge clock and negative level reset.
Creating register for signal `\state_stream_controller.\rq8$func$rtl/state_stream_controller.v:157$1088.$result' using process `\state_stream_controller.$proc$rtl/state_stream_controller.v:86$1136'.
  created $adff cell `$procdff$24757' with positive edge clock and negative level reset.
Creating register for signal `\state_stream_controller.\rq8$func$rtl/state_stream_controller.v:157$1088.a' using process `\state_stream_controller.$proc$rtl/state_stream_controller.v:86$1136'.
  created $adff cell `$procdff$24758' with positive edge clock and negative level reset.
Creating register for signal `\state_stream_controller.\rq8$func$rtl/state_stream_controller.v:157$1088.x' using process `\state_stream_controller.$proc$rtl/state_stream_controller.v:86$1136'.
  created $adff cell `$procdff$24759' with positive edge clock and negative level reset.
Creating register for signal `\state_stream_controller.\acc[0]' using process `\state_stream_controller.$proc$rtl/state_stream_controller.v:86$1136'.
  created $adff cell `$procdff$24760' with positive edge clock and negative level reset.
Creating register for signal `\state_stream_controller.\acc[1]' using process `\state_stream_controller.$proc$rtl/state_stream_controller.v:86$1136'.
  created $adff cell `$procdff$24761' with positive edge clock and negative level reset.
Creating register for signal `\state_stream_controller.\acc[2]' using process `\state_stream_controller.$proc$rtl/state_stream_controller.v:86$1136'.
  created $adff cell `$procdff$24762' with positive edge clock and negative level reset.
Creating register for signal `\state_stream_controller.\acc[3]' using process `\state_stream_controller.$proc$rtl/state_stream_controller.v:86$1136'.
  created $adff cell `$procdff$24763' with positive edge clock and negative level reset.
Creating register for signal `\state_stream_controller.\acc[4]' using process `\state_stream_controller.$proc$rtl/state_stream_controller.v:86$1136'.
  created $adff cell `$procdff$24764' with positive edge clock and negative level reset.
Creating register for signal `\state_stream_controller.\acc[5]' using process `\state_stream_controller.$proc$rtl/state_stream_controller.v:86$1136'.
  created $adff cell `$procdff$24765' with positive edge clock and negative level reset.
Creating register for signal `\state_stream_controller.\acc[6]' using process `\state_stream_controller.$proc$rtl/state_stream_controller.v:86$1136'.
  created $adff cell `$procdff$24766' with positive edge clock and negative level reset.
Creating register for signal `\state_stream_controller.\acc[7]' using process `\state_stream_controller.$proc$rtl/state_stream_controller.v:86$1136'.
  created $adff cell `$procdff$24767' with positive edge clock and negative level reset.
Creating register for signal `\state_stream_controller.\acc[8]' using process `\state_stream_controller.$proc$rtl/state_stream_controller.v:86$1136'.
  created $adff cell `$procdff$24768' with positive edge clock and negative level reset.
Creating register for signal `\state_stream_controller.\acc[9]' using process `\state_stream_controller.$proc$rtl/state_stream_controller.v:86$1136'.
  created $adff cell `$procdff$24769' with positive edge clock and negative level reset.
Creating register for signal `\state_stream_controller.\acc[10]' using process `\state_stream_controller.$proc$rtl/state_stream_controller.v:86$1136'.
  created $adff cell `$procdff$24770' with positive edge clock and negative level reset.
Creating register for signal `\state_stream_controller.\acc[11]' using process `\state_stream_controller.$proc$rtl/state_stream_controller.v:86$1136'.
  created $adff cell `$procdff$24771' with positive edge clock and negative level reset.
Creating register for signal `\state_stream_controller.\acc[12]' using process `\state_stream_controller.$proc$rtl/state_stream_controller.v:86$1136'.
  created $adff cell `$procdff$24772' with positive edge clock and negative level reset.
Creating register for signal `\state_stream_controller.\acc[13]' using process `\state_stream_controller.$proc$rtl/state_stream_controller.v:86$1136'.
  created $adff cell `$procdff$24773' with positive edge clock and negative level reset.
Creating register for signal `\state_stream_controller.\acc[14]' using process `\state_stream_controller.$proc$rtl/state_stream_controller.v:86$1136'.
  created $adff cell `$procdff$24774' with positive edge clock and negative level reset.
Creating register for signal `\state_stream_controller.\acc[15]' using process `\state_stream_controller.$proc$rtl/state_stream_controller.v:86$1136'.
  created $adff cell `$procdff$24775' with positive edge clock and negative level reset.
Creating register for signal `\state_stream_controller.\acc[16]' using process `\state_stream_controller.$proc$rtl/state_stream_controller.v:86$1136'.
  created $adff cell `$procdff$24776' with positive edge clock and negative level reset.
Creating register for signal `\state_stream_controller.\acc[17]' using process `\state_stream_controller.$proc$rtl/state_stream_controller.v:86$1136'.
  created $adff cell `$procdff$24777' with positive edge clock and negative level reset.
Creating register for signal `\state_stream_controller.\acc[18]' using process `\state_stream_controller.$proc$rtl/state_stream_controller.v:86$1136'.
  created $adff cell `$procdff$24778' with positive edge clock and negative level reset.
Creating register for signal `\state_stream_controller.\acc[19]' using process `\state_stream_controller.$proc$rtl/state_stream_controller.v:86$1136'.
  created $adff cell `$procdff$24779' with positive edge clock and negative level reset.
Creating register for signal `\state_stream_controller.\acc[20]' using process `\state_stream_controller.$proc$rtl/state_stream_controller.v:86$1136'.
  created $adff cell `$procdff$24780' with positive edge clock and negative level reset.
Creating register for signal `\state_stream_controller.\acc[21]' using process `\state_stream_controller.$proc$rtl/state_stream_controller.v:86$1136'.
  created $adff cell `$procdff$24781' with positive edge clock and negative level reset.
Creating register for signal `\state_stream_controller.\acc[22]' using process `\state_stream_controller.$proc$rtl/state_stream_controller.v:86$1136'.
  created $adff cell `$procdff$24782' with positive edge clock and negative level reset.
Creating register for signal `\state_stream_controller.\acc[23]' using process `\state_stream_controller.$proc$rtl/state_stream_controller.v:86$1136'.
  created $adff cell `$procdff$24783' with positive edge clock and negative level reset.
Creating register for signal `\state_stream_controller.\acc[24]' using process `\state_stream_controller.$proc$rtl/state_stream_controller.v:86$1136'.
  created $adff cell `$procdff$24784' with positive edge clock and negative level reset.
Creating register for signal `\state_stream_controller.\acc[25]' using process `\state_stream_controller.$proc$rtl/state_stream_controller.v:86$1136'.
  created $adff cell `$procdff$24785' with positive edge clock and negative level reset.
Creating register for signal `\state_stream_controller.\acc[26]' using process `\state_stream_controller.$proc$rtl/state_stream_controller.v:86$1136'.
  created $adff cell `$procdff$24786' with positive edge clock and negative level reset.
Creating register for signal `\state_stream_controller.\acc[27]' using process `\state_stream_controller.$proc$rtl/state_stream_controller.v:86$1136'.
  created $adff cell `$procdff$24787' with positive edge clock and negative level reset.
Creating register for signal `\state_stream_controller.\acc[28]' using process `\state_stream_controller.$proc$rtl/state_stream_controller.v:86$1136'.
  created $adff cell `$procdff$24788' with positive edge clock and negative level reset.
Creating register for signal `\state_stream_controller.\acc[29]' using process `\state_stream_controller.$proc$rtl/state_stream_controller.v:86$1136'.
  created $adff cell `$procdff$24789' with positive edge clock and negative level reset.
Creating register for signal `\state_stream_controller.\acc[30]' using process `\state_stream_controller.$proc$rtl/state_stream_controller.v:86$1136'.
  created $adff cell `$procdff$24790' with positive edge clock and negative level reset.
Creating register for signal `\state_stream_controller.\acc[31]' using process `\state_stream_controller.$proc$rtl/state_stream_controller.v:86$1136'.
  created $adff cell `$procdff$24791' with positive edge clock and negative level reset.
Creating register for signal `\state_word_engine.\i' using process `\state_word_engine.$proc$rtl/state_word_engine.v:33$717'.
  created $dff cell `$procdff$24794' with positive edge clock.
Creating register for signal `\state_word_engine.\v0' using process `\state_word_engine.$proc$rtl/state_word_engine.v:33$717'.
  created $adff cell `$procdff$24795' with positive edge clock and negative level reset.
Creating register for signal `\state_word_engine.\v1' using process `\state_word_engine.$proc$rtl/state_word_engine.v:33$717'.
  created $adff cell `$procdff$24796' with positive edge clock and negative level reset.
Creating register for signal `\state_word_engine.\v2' using process `\state_word_engine.$proc$rtl/state_word_engine.v:33$717'.
  created $adff cell `$procdff$24797' with positive edge clock and negative level reset.
Creating register for signal `\state_word_engine.\v3' using process `\state_word_engine.$proc$rtl/state_word_engine.v:33$717'.
  created $adff cell `$procdff$24798' with positive edge clock and negative level reset.
Creating register for signal `\state_word_engine.\v4' using process `\state_word_engine.$proc$rtl/state_word_engine.v:33$717'.
  created $adff cell `$procdff$24799' with positive edge clock and negative level reset.
Creating register for signal `\state_word_engine.\out_valid' using process `\state_word_engine.$proc$rtl/state_word_engine.v:33$717'.
  created $adff cell `$procdff$24800' with positive edge clock and negative level reset.
Creating register for signal `\state_word_engine.\updated_slice' using process `\state_word_engine.$proc$rtl/state_word_engine.v:33$717'.
  created $adff cell `$procdff$24801' with positive edge clock and negative level reset.
Creating register for signal `\state_word_engine.\term0' using process `\state_word_engine.$proc$rtl/state_word_engine.v:33$717'.
  created $adff cell `$procdff$24802' with positive edge clock and negative level reset.
Creating register for signal `\state_word_engine.\term1' using process `\state_word_engine.$proc$rtl/state_word_engine.v:33$717'.
  created $adff cell `$procdff$24803' with positive edge clock and negative level reset.
Creating register for signal `\state_word_engine.\term2' using process `\state_word_engine.$proc$rtl/state_word_engine.v:33$717'.
  created $adff cell `$procdff$24804' with positive edge clock and negative level reset.
Creating register for signal `\state_word_engine.\term3' using process `\state_word_engine.$proc$rtl/state_word_engine.v:33$717'.
  created $adff cell `$procdff$24805' with positive edge clock and negative level reset.
Creating register for signal `\state_word_engine.\term4' using process `\state_word_engine.$proc$rtl/state_word_engine.v:33$717'.
  created $adff cell `$procdff$24806' with positive edge clock and negative level reset.
Creating register for signal `\state_word_engine.\term5' using process `\state_word_engine.$proc$rtl/state_word_engine.v:33$717'.
  created $adff cell `$procdff$24807' with positive edge clock and negative level reset.
Creating register for signal `\state_word_engine.\term6' using process `\state_word_engine.$proc$rtl/state_word_engine.v:33$717'.
  created $adff cell `$procdff$24808' with positive edge clock and negative level reset.
Creating register for signal `\state_word_engine.\term7' using process `\state_word_engine.$proc$rtl/state_word_engine.v:33$717'.
  created $adff cell `$procdff$24809' with positive edge clock and negative level reset.
Creating register for signal `\state_word_engine.\p0' using process `\state_word_engine.$proc$rtl/state_word_engine.v:33$717'.
  created $dff cell `$procdff$24812' with positive edge clock.
Creating register for signal `\state_word_engine.\p1' using process `\state_word_engine.$proc$rtl/state_word_engine.v:33$717'.
  created $dff cell `$procdff$24815' with positive edge clock.
Creating register for signal `\state_word_engine.\p2' using process `\state_word_engine.$proc$rtl/state_word_engine.v:33$717'.
  created $dff cell `$procdff$24818' with positive edge clock.
Creating register for signal `\state_word_engine.\p3' using process `\state_word_engine.$proc$rtl/state_word_engine.v:33$717'.
  created $dff cell `$procdff$24821' with positive edge clock.
Creating register for signal `\state_word_engine.\s0' using process `\state_word_engine.$proc$rtl/state_word_engine.v:33$717'.
  created $dff cell `$procdff$24824' with positive edge clock.
Creating register for signal `\state_word_engine.\d0' using process `\state_word_engine.$proc$rtl/state_word_engine.v:33$717'.
  created $dff cell `$procdff$24827' with positive edge clock.
Creating register for signal `\state_word_engine.\s1' using process `\state_word_engine.$proc$rtl/state_word_engine.v:33$717'.
  created $dff cell `$procdff$24830' with positive edge clock.
Creating register for signal `\state_word_engine.\d1' using process `\state_word_engine.$proc$rtl/state_word_engine.v:33$717'.
  created $dff cell `$procdff$24833' with positive edge clock.
Creating register for signal `\state_word_engine.\s2' using process `\state_word_engine.$proc$rtl/state_word_engine.v:33$717'.
  created $dff cell `$procdff$24836' with positive edge clock.
Creating register for signal `\state_word_engine.\s3' using process `\state_word_engine.$proc$rtl/state_word_engine.v:33$717'.
  created $dff cell `$procdff$24839' with positive edge clock.
Creating register for signal `\state_word_engine.\n2' using process `\state_word_engine.$proc$rtl/state_word_engine.v:33$717'.
  created $dff cell `$procdff$24842' with positive edge clock.
Creating register for signal `\state_word_engine.\n3' using process `\state_word_engine.$proc$rtl/state_word_engine.v:33$717'.
  created $dff cell `$procdff$24845' with positive edge clock.
Creating register for signal `\state_word_engine.\n4' using process `\state_word_engine.$proc$rtl/state_word_engine.v:33$717'.
  created $dff cell `$procdff$24848' with positive edge clock.
Creating register for signal `\state_word_engine.\sat9$func$rtl/state_word_engine.v:55$701.$result' using process `\state_word_engine.$proc$rtl/state_word_engine.v:33$717'.
  created $adff cell `$procdff$24849' with positive edge clock and negative level reset.
Creating register for signal `\state_word_engine.\sat9$func$rtl/state_word_engine.v:55$701.z' using process `\state_word_engine.$proc$rtl/state_word_engine.v:33$717'.
  created $adff cell `$procdff$24850' with positive edge clock and negative level reset.
Creating register for signal `\state_word_engine.\sat9$func$rtl/state_word_engine.v:55$702.$result' using process `\state_word_engine.$proc$rtl/state_word_engine.v:33$717'.
  created $adff cell `$procdff$24851' with positive edge clock and negative level reset.
Creating register for signal `\state_word_engine.\sat9$func$rtl/state_word_engine.v:55$702.z' using process `\state_word_engine.$proc$rtl/state_word_engine.v:33$717'.
  created $adff cell `$procdff$24852' with positive edge clock and negative level reset.
Creating register for signal `\state_word_engine.\sat9$func$rtl/state_word_engine.v:55$703.$result' using process `\state_word_engine.$proc$rtl/state_word_engine.v:33$717'.
  created $adff cell `$procdff$24853' with positive edge clock and negative level reset.
Creating register for signal `\state_word_engine.\sat9$func$rtl/state_word_engine.v:55$703.z' using process `\state_word_engine.$proc$rtl/state_word_engine.v:33$717'.
  created $adff cell `$procdff$24854' with positive edge clock and negative level reset.
Creating register for signal `\state_word_engine.\sat9$func$rtl/state_word_engine.v:55$704.$result' using process `\state_word_engine.$proc$rtl/state_word_engine.v:33$717'.
  created $adff cell `$procdff$24855' with positive edge clock and negative level reset.
Creating register for signal `\state_word_engine.\sat9$func$rtl/state_word_engine.v:55$704.z' using process `\state_word_engine.$proc$rtl/state_word_engine.v:33$717'.
  created $adff cell `$procdff$24856' with positive edge clock and negative level reset.
Creating register for signal `\state_word_engine.\sat9$func$rtl/state_word_engine.v:55$705.$result' using process `\state_word_engine.$proc$rtl/state_word_engine.v:33$717'.
  created $adff cell `$procdff$24857' with positive edge clock and negative level reset.
Creating register for signal `\state_word_engine.\sat9$func$rtl/state_word_engine.v:55$705.z' using process `\state_word_engine.$proc$rtl/state_word_engine.v:33$717'.
  created $adff cell `$procdff$24858' with positive edge clock and negative level reset.
Creating register for signal `\state_word_engine.\sat9$func$rtl/state_word_engine.v:55$706.$result' using process `\state_word_engine.$proc$rtl/state_word_engine.v:33$717'.
  created $adff cell `$procdff$24859' with positive edge clock and negative level reset.
Creating register for signal `\state_word_engine.\sat9$func$rtl/state_word_engine.v:55$706.z' using process `\state_word_engine.$proc$rtl/state_word_engine.v:33$717'.
  created $adff cell `$procdff$24860' with positive edge clock and negative level reset.
Creating register for signal `\state_word_engine.\sat9$func$rtl/state_word_engine.v:55$707.$result' using process `\state_word_engine.$proc$rtl/state_word_engine.v:33$717'.
  created $adff cell `$procdff$24861' with positive edge clock and negative level reset.
Creating register for signal `\state_word_engine.\sat9$func$rtl/state_word_engine.v:55$707.z' using process `\state_word_engine.$proc$rtl/state_word_engine.v:33$717'.
  created $adff cell `$procdff$24862' with positive edge clock and negative level reset.
Creating register for signal `\state_word_engine.\sat9$func$rtl/state_word_engine.v:55$708.$result' using process `\state_word_engine.$proc$rtl/state_word_engine.v:33$717'.
  created $adff cell `$procdff$24863' with positive edge clock and negative level reset.
Creating register for signal `\state_word_engine.\sat9$func$rtl/state_word_engine.v:55$708.z' using process `\state_word_engine.$proc$rtl/state_word_engine.v:33$717'.
  created $adff cell `$procdff$24864' with positive edge clock and negative level reset.
Creating register for signal `\state_word_engine.\sat10$func$rtl/state_word_engine.v:67$709.$result' using process `\state_word_engine.$proc$rtl/state_word_engine.v:33$717'.
  created $adff cell `$procdff$24865' with positive edge clock and negative level reset.
Creating register for signal `\state_word_engine.\sat10$func$rtl/state_word_engine.v:67$709.z' using process `\state_word_engine.$proc$rtl/state_word_engine.v:33$717'.
  created $adff cell `$procdff$24866' with positive edge clock and negative level reset.
Creating register for signal `\state_word_engine.\sat10$func$rtl/state_word_engine.v:67$710.$result' using process `\state_word_engine.$proc$rtl/state_word_engine.v:33$717'.
  created $adff cell `$procdff$24867' with positive edge clock and negative level reset.
Creating register for signal `\state_word_engine.\sat10$func$rtl/state_word_engine.v:67$710.z' using process `\state_word_engine.$proc$rtl/state_word_engine.v:33$717'.
  created $adff cell `$procdff$24868' with positive edge clock and negative level reset.
Creating register for signal `\state_word_engine.\sat10$func$rtl/state_word_engine.v:67$711.$result' using process `\state_word_engine.$proc$rtl/state_word_engine.v:33$717'.
  created $adff cell `$procdff$24869' with positive edge clock and negative level reset.
Creating register for signal `\state_word_engine.\sat10$func$rtl/state_word_engine.v:67$711.z' using process `\state_word_engine.$proc$rtl/state_word_engine.v:33$717'.
  created $adff cell `$procdff$24870' with positive edge clock and negative level reset.
Creating register for signal `\state_word_engine.\sat10$func$rtl/state_word_engine.v:67$712.$result' using process `\state_word_engine.$proc$rtl/state_word_engine.v:33$717'.
  created $adff cell `$procdff$24871' with positive edge clock and negative level reset.
Creating register for signal `\state_word_engine.\sat10$func$rtl/state_word_engine.v:67$712.z' using process `\state_word_engine.$proc$rtl/state_word_engine.v:33$717'.
  created $adff cell `$procdff$24872' with positive edge clock and negative level reset.
Creating register for signal `\state_word_engine.\sat10$func$rtl/state_word_engine.v:67$713.$result' using process `\state_word_engine.$proc$rtl/state_word_engine.v:33$717'.
  created $adff cell `$procdff$24873' with positive edge clock and negative level reset.
Creating register for signal `\state_word_engine.\sat10$func$rtl/state_word_engine.v:67$713.z' using process `\state_word_engine.$proc$rtl/state_word_engine.v:33$717'.
  created $adff cell `$procdff$24874' with positive edge clock and negative level reset.
Creating register for signal `\state_word_engine.\sat10$func$rtl/state_word_engine.v:67$714.$result' using process `\state_word_engine.$proc$rtl/state_word_engine.v:33$717'.
  created $adff cell `$procdff$24875' with positive edge clock and negative level reset.
Creating register for signal `\state_word_engine.\sat10$func$rtl/state_word_engine.v:67$714.z' using process `\state_word_engine.$proc$rtl/state_word_engine.v:33$717'.
  created $adff cell `$procdff$24876' with positive edge clock and negative level reset.
Creating register for signal `\state_word_engine.\sat10$func$rtl/state_word_engine.v:67$715.$result' using process `\state_word_engine.$proc$rtl/state_word_engine.v:33$717'.
  created $adff cell `$procdff$24877' with positive edge clock and negative level reset.
Creating register for signal `\state_word_engine.\sat10$func$rtl/state_word_engine.v:67$715.z' using process `\state_word_engine.$proc$rtl/state_word_engine.v:33$717'.
  created $adff cell `$procdff$24878' with positive edge clock and negative level reset.
Creating register for signal `\state_word_engine.\sat10$func$rtl/state_word_engine.v:67$716.$result' using process `\state_word_engine.$proc$rtl/state_word_engine.v:33$717'.
  created $adff cell `$procdff$24879' with positive edge clock and negative level reset.
Creating register for signal `\state_word_engine.\sat10$func$rtl/state_word_engine.v:67$716.z' using process `\state_word_engine.$proc$rtl/state_word_engine.v:33$717'.
  created $adff cell `$procdff$24880' with positive edge clock and negative level reset.
Creating register for signal `\state_word_engine.\alpha0[0]' using process `\state_word_engine.$proc$rtl/state_word_engine.v:33$717'.
  created $dff cell `$procdff$24883' with positive edge clock.
Creating register for signal `\state_word_engine.\alpha0[1]' using process `\state_word_engine.$proc$rtl/state_word_engine.v:33$717'.
  created $dff cell `$procdff$24886' with positive edge clock.
Creating register for signal `\state_word_engine.\alpha0[2]' using process `\state_word_engine.$proc$rtl/state_word_engine.v:33$717'.
  created $dff cell `$procdff$24889' with positive edge clock.
Creating register for signal `\state_word_engine.\alpha0[3]' using process `\state_word_engine.$proc$rtl/state_word_engine.v:33$717'.
  created $dff cell `$procdff$24892' with positive edge clock.
Creating register for signal `\state_word_engine.\alpha0[4]' using process `\state_word_engine.$proc$rtl/state_word_engine.v:33$717'.
  created $dff cell `$procdff$24895' with positive edge clock.
Creating register for signal `\state_word_engine.\alpha0[5]' using process `\state_word_engine.$proc$rtl/state_word_engine.v:33$717'.
  created $dff cell `$procdff$24898' with positive edge clock.
Creating register for signal `\state_word_engine.\alpha0[6]' using process `\state_word_engine.$proc$rtl/state_word_engine.v:33$717'.
  created $dff cell `$procdff$24901' with positive edge clock.
Creating register for signal `\state_word_engine.\alpha0[7]' using process `\state_word_engine.$proc$rtl/state_word_engine.v:33$717'.
  created $dff cell `$procdff$24904' with positive edge clock.
Creating register for signal `\state_word_engine.\beta0[0]' using process `\state_word_engine.$proc$rtl/state_word_engine.v:33$717'.
  created $dff cell `$procdff$24907' with positive edge clock.
Creating register for signal `\state_word_engine.\beta0[1]' using process `\state_word_engine.$proc$rtl/state_word_engine.v:33$717'.
  created $dff cell `$procdff$24910' with positive edge clock.
Creating register for signal `\state_word_engine.\beta0[2]' using process `\state_word_engine.$proc$rtl/state_word_engine.v:33$717'.
  created $dff cell `$procdff$24913' with positive edge clock.
Creating register for signal `\state_word_engine.\beta0[3]' using process `\state_word_engine.$proc$rtl/state_word_engine.v:33$717'.
  created $dff cell `$procdff$24916' with positive edge clock.
Creating register for signal `\state_word_engine.\beta0[4]' using process `\state_word_engine.$proc$rtl/state_word_engine.v:33$717'.
  created $dff cell `$procdff$24919' with positive edge clock.
Creating register for signal `\state_word_engine.\beta0[5]' using process `\state_word_engine.$proc$rtl/state_word_engine.v:33$717'.
  created $dff cell `$procdff$24922' with positive edge clock.
Creating register for signal `\state_word_engine.\beta0[6]' using process `\state_word_engine.$proc$rtl/state_word_engine.v:33$717'.
  created $dff cell `$procdff$24925' with positive edge clock.
Creating register for signal `\state_word_engine.\beta0[7]' using process `\state_word_engine.$proc$rtl/state_word_engine.v:33$717'.
  created $dff cell `$procdff$24928' with positive edge clock.
Creating register for signal `\state_word_engine.\k0[0]' using process `\state_word_engine.$proc$rtl/state_word_engine.v:33$717'.
  created $dff cell `$procdff$24931' with positive edge clock.
Creating register for signal `\state_word_engine.\k0[1]' using process `\state_word_engine.$proc$rtl/state_word_engine.v:33$717'.
  created $dff cell `$procdff$24934' with positive edge clock.
Creating register for signal `\state_word_engine.\k0[2]' using process `\state_word_engine.$proc$rtl/state_word_engine.v:33$717'.
  created $dff cell `$procdff$24937' with positive edge clock.
Creating register for signal `\state_word_engine.\k0[3]' using process `\state_word_engine.$proc$rtl/state_word_engine.v:33$717'.
  created $dff cell `$procdff$24940' with positive edge clock.
Creating register for signal `\state_word_engine.\k0[4]' using process `\state_word_engine.$proc$rtl/state_word_engine.v:33$717'.
  created $dff cell `$procdff$24943' with positive edge clock.
Creating register for signal `\state_word_engine.\k0[5]' using process `\state_word_engine.$proc$rtl/state_word_engine.v:33$717'.
  created $dff cell `$procdff$24946' with positive edge clock.
Creating register for signal `\state_word_engine.\k0[6]' using process `\state_word_engine.$proc$rtl/state_word_engine.v:33$717'.
  created $dff cell `$procdff$24949' with positive edge clock.
Creating register for signal `\state_word_engine.\k0[7]' using process `\state_word_engine.$proc$rtl/state_word_engine.v:33$717'.
  created $dff cell `$procdff$24952' with positive edge clock.
Creating register for signal `\state_word_engine.\q0[0]' using process `\state_word_engine.$proc$rtl/state_word_engine.v:33$717'.
  created $dff cell `$procdff$24955' with positive edge clock.
Creating register for signal `\state_word_engine.\q0[1]' using process `\state_word_engine.$proc$rtl/state_word_engine.v:33$717'.
  created $dff cell `$procdff$24958' with positive edge clock.
Creating register for signal `\state_word_engine.\q0[2]' using process `\state_word_engine.$proc$rtl/state_word_engine.v:33$717'.
  created $dff cell `$procdff$24961' with positive edge clock.
Creating register for signal `\state_word_engine.\q0[3]' using process `\state_word_engine.$proc$rtl/state_word_engine.v:33$717'.
  created $dff cell `$procdff$24964' with positive edge clock.
Creating register for signal `\state_word_engine.\q0[4]' using process `\state_word_engine.$proc$rtl/state_word_engine.v:33$717'.
  created $dff cell `$procdff$24967' with positive edge clock.
Creating register for signal `\state_word_engine.\q0[5]' using process `\state_word_engine.$proc$rtl/state_word_engine.v:33$717'.
  created $dff cell `$procdff$24970' with positive edge clock.
Creating register for signal `\state_word_engine.\q0[6]' using process `\state_word_engine.$proc$rtl/state_word_engine.v:33$717'.
  created $dff cell `$procdff$24973' with positive edge clock.
Creating register for signal `\state_word_engine.\q0[7]' using process `\state_word_engine.$proc$rtl/state_word_engine.v:33$717'.
  created $dff cell `$procdff$24976' with positive edge clock.
Creating register for signal `\state_word_engine.\k1[0]' using process `\state_word_engine.$proc$rtl/state_word_engine.v:33$717'.
  created $dff cell `$procdff$24979' with positive edge clock.
Creating register for signal `\state_word_engine.\k1[1]' using process `\state_word_engine.$proc$rtl/state_word_engine.v:33$717'.
  created $dff cell `$procdff$24982' with positive edge clock.
Creating register for signal `\state_word_engine.\k1[2]' using process `\state_word_engine.$proc$rtl/state_word_engine.v:33$717'.
  created $dff cell `$procdff$24985' with positive edge clock.
Creating register for signal `\state_word_engine.\k1[3]' using process `\state_word_engine.$proc$rtl/state_word_engine.v:33$717'.
  created $dff cell `$procdff$24988' with positive edge clock.
Creating register for signal `\state_word_engine.\k1[4]' using process `\state_word_engine.$proc$rtl/state_word_engine.v:33$717'.
  created $dff cell `$procdff$24991' with positive edge clock.
Creating register for signal `\state_word_engine.\k1[5]' using process `\state_word_engine.$proc$rtl/state_word_engine.v:33$717'.
  created $dff cell `$procdff$24994' with positive edge clock.
Creating register for signal `\state_word_engine.\k1[6]' using process `\state_word_engine.$proc$rtl/state_word_engine.v:33$717'.
  created $dff cell `$procdff$24997' with positive edge clock.
Creating register for signal `\state_word_engine.\k1[7]' using process `\state_word_engine.$proc$rtl/state_word_engine.v:33$717'.
  created $dff cell `$procdff$25000' with positive edge clock.
Creating register for signal `\state_word_engine.\q1[0]' using process `\state_word_engine.$proc$rtl/state_word_engine.v:33$717'.
  created $dff cell `$procdff$25003' with positive edge clock.
Creating register for signal `\state_word_engine.\q1[1]' using process `\state_word_engine.$proc$rtl/state_word_engine.v:33$717'.
  created $dff cell `$procdff$25006' with positive edge clock.
Creating register for signal `\state_word_engine.\q1[2]' using process `\state_word_engine.$proc$rtl/state_word_engine.v:33$717'.
  created $dff cell `$procdff$25009' with positive edge clock.
Creating register for signal `\state_word_engine.\q1[3]' using process `\state_word_engine.$proc$rtl/state_word_engine.v:33$717'.
  created $dff cell `$procdff$25012' with positive edge clock.
Creating register for signal `\state_word_engine.\q1[4]' using process `\state_word_engine.$proc$rtl/state_word_engine.v:33$717'.
  created $dff cell `$procdff$25015' with positive edge clock.
Creating register for signal `\state_word_engine.\q1[5]' using process `\state_word_engine.$proc$rtl/state_word_engine.v:33$717'.
  created $dff cell `$procdff$25018' with positive edge clock.
Creating register for signal `\state_word_engine.\q1[6]' using process `\state_word_engine.$proc$rtl/state_word_engine.v:33$717'.
  created $dff cell `$procdff$25021' with positive edge clock.
Creating register for signal `\state_word_engine.\q1[7]' using process `\state_word_engine.$proc$rtl/state_word_engine.v:33$717'.
  created $dff cell `$procdff$25024' with positive edge clock.
Creating register for signal `\state_word_engine.\sa1[0]' using process `\state_word_engine.$proc$rtl/state_word_engine.v:33$717'.
  created $dff cell `$procdff$25027' with positive edge clock.
Creating register for signal `\state_word_engine.\sa1[1]' using process `\state_word_engine.$proc$rtl/state_word_engine.v:33$717'.
  created $dff cell `$procdff$25030' with positive edge clock.
Creating register for signal `\state_word_engine.\sa1[2]' using process `\state_word_engine.$proc$rtl/state_word_engine.v:33$717'.
  created $dff cell `$procdff$25033' with positive edge clock.
Creating register for signal `\state_word_engine.\sa1[3]' using process `\state_word_engine.$proc$rtl/state_word_engine.v:33$717'.
  created $dff cell `$procdff$25036' with positive edge clock.
Creating register for signal `\state_word_engine.\sa1[4]' using process `\state_word_engine.$proc$rtl/state_word_engine.v:33$717'.
  created $dff cell `$procdff$25039' with positive edge clock.
Creating register for signal `\state_word_engine.\sa1[5]' using process `\state_word_engine.$proc$rtl/state_word_engine.v:33$717'.
  created $dff cell `$procdff$25042' with positive edge clock.
Creating register for signal `\state_word_engine.\sa1[6]' using process `\state_word_engine.$proc$rtl/state_word_engine.v:33$717'.
  created $dff cell `$procdff$25045' with positive edge clock.
Creating register for signal `\state_word_engine.\sa1[7]' using process `\state_word_engine.$proc$rtl/state_word_engine.v:33$717'.
  created $dff cell `$procdff$25048' with positive edge clock.
Creating register for signal `\state_word_engine.\bk1[0]' using process `\state_word_engine.$proc$rtl/state_word_engine.v:33$717'.
  created $dff cell `$procdff$25051' with positive edge clock.
Creating register for signal `\state_word_engine.\bk1[1]' using process `\state_word_engine.$proc$rtl/state_word_engine.v:33$717'.
  created $dff cell `$procdff$25054' with positive edge clock.
Creating register for signal `\state_word_engine.\bk1[2]' using process `\state_word_engine.$proc$rtl/state_word_engine.v:33$717'.
  created $dff cell `$procdff$25057' with positive edge clock.
Creating register for signal `\state_word_engine.\bk1[3]' using process `\state_word_engine.$proc$rtl/state_word_engine.v:33$717'.
  created $dff cell `$procdff$25060' with positive edge clock.
Creating register for signal `\state_word_engine.\bk1[4]' using process `\state_word_engine.$proc$rtl/state_word_engine.v:33$717'.
  created $dff cell `$procdff$25063' with positive edge clock.
Creating register for signal `\state_word_engine.\bk1[5]' using process `\state_word_engine.$proc$rtl/state_word_engine.v:33$717'.
  created $dff cell `$procdff$25066' with positive edge clock.
Creating register for signal `\state_word_engine.\bk1[6]' using process `\state_word_engine.$proc$rtl/state_word_engine.v:33$717'.
  created $dff cell `$procdff$25069' with positive edge clock.
Creating register for signal `\state_word_engine.\bk1[7]' using process `\state_word_engine.$proc$rtl/state_word_engine.v:33$717'.
  created $dff cell `$procdff$25072' with positive edge clock.
Creating register for signal `\state_word_engine.\k2[0]' using process `\state_word_engine.$proc$rtl/state_word_engine.v:33$717'.
  created $dff cell `$procdff$25075' with positive edge clock.
Creating register for signal `\state_word_engine.\k2[1]' using process `\state_word_engine.$proc$rtl/state_word_engine.v:33$717'.
  created $dff cell `$procdff$25078' with positive edge clock.
Creating register for signal `\state_word_engine.\k2[2]' using process `\state_word_engine.$proc$rtl/state_word_engine.v:33$717'.
  created $dff cell `$procdff$25081' with positive edge clock.
Creating register for signal `\state_word_engine.\k2[3]' using process `\state_word_engine.$proc$rtl/state_word_engine.v:33$717'.
  created $dff cell `$procdff$25084' with positive edge clock.
Creating register for signal `\state_word_engine.\k2[4]' using process `\state_word_engine.$proc$rtl/state_word_engine.v:33$717'.
  created $dff cell `$procdff$25087' with positive edge clock.
Creating register for signal `\state_word_engine.\k2[5]' using process `\state_word_engine.$proc$rtl/state_word_engine.v:33$717'.
  created $dff cell `$procdff$25090' with positive edge clock.
Creating register for signal `\state_word_engine.\k2[6]' using process `\state_word_engine.$proc$rtl/state_word_engine.v:33$717'.
  created $dff cell `$procdff$25093' with positive edge clock.
Creating register for signal `\state_word_engine.\k2[7]' using process `\state_word_engine.$proc$rtl/state_word_engine.v:33$717'.
  created $dff cell `$procdff$25096' with positive edge clock.
Creating register for signal `\state_word_engine.\q2[0]' using process `\state_word_engine.$proc$rtl/state_word_engine.v:33$717'.
  created $dff cell `$procdff$25099' with positive edge clock.
Creating register for signal `\state_word_engine.\q2[1]' using process `\state_word_engine.$proc$rtl/state_word_engine.v:33$717'.
  created $dff cell `$procdff$25102' with positive edge clock.
Creating register for signal `\state_word_engine.\q2[2]' using process `\state_word_engine.$proc$rtl/state_word_engine.v:33$717'.
  created $dff cell `$procdff$25105' with positive edge clock.
Creating register for signal `\state_word_engine.\q2[3]' using process `\state_word_engine.$proc$rtl/state_word_engine.v:33$717'.
  created $dff cell `$procdff$25108' with positive edge clock.
Creating register for signal `\state_word_engine.\q2[4]' using process `\state_word_engine.$proc$rtl/state_word_engine.v:33$717'.
  created $dff cell `$procdff$25111' with positive edge clock.
Creating register for signal `\state_word_engine.\q2[5]' using process `\state_word_engine.$proc$rtl/state_word_engine.v:33$717'.
  created $dff cell `$procdff$25114' with positive edge clock.
Creating register for signal `\state_word_engine.\q2[6]' using process `\state_word_engine.$proc$rtl/state_word_engine.v:33$717'.
  created $dff cell `$procdff$25117' with positive edge clock.
Creating register for signal `\state_word_engine.\q2[7]' using process `\state_word_engine.$proc$rtl/state_word_engine.v:33$717'.
  created $dff cell `$procdff$25120' with positive edge clock.
Creating register for signal `\state_word_engine.\bkd_lo2[0]' using process `\state_word_engine.$proc$rtl/state_word_engine.v:33$717'.
  created $dff cell `$procdff$25123' with positive edge clock.
Creating register for signal `\state_word_engine.\bkd_lo2[1]' using process `\state_word_engine.$proc$rtl/state_word_engine.v:33$717'.
  created $dff cell `$procdff$25126' with positive edge clock.
Creating register for signal `\state_word_engine.\bkd_lo2[2]' using process `\state_word_engine.$proc$rtl/state_word_engine.v:33$717'.
  created $dff cell `$procdff$25129' with positive edge clock.
Creating register for signal `\state_word_engine.\bkd_lo2[3]' using process `\state_word_engine.$proc$rtl/state_word_engine.v:33$717'.
  created $dff cell `$procdff$25132' with positive edge clock.
Creating register for signal `\state_word_engine.\bkd_lo2[4]' using process `\state_word_engine.$proc$rtl/state_word_engine.v:33$717'.
  created $dff cell `$procdff$25135' with positive edge clock.
Creating register for signal `\state_word_engine.\bkd_lo2[5]' using process `\state_word_engine.$proc$rtl/state_word_engine.v:33$717'.
  created $dff cell `$procdff$25138' with positive edge clock.
Creating register for signal `\state_word_engine.\bkd_lo2[6]' using process `\state_word_engine.$proc$rtl/state_word_engine.v:33$717'.
  created $dff cell `$procdff$25141' with positive edge clock.
Creating register for signal `\state_word_engine.\bkd_lo2[7]' using process `\state_word_engine.$proc$rtl/state_word_engine.v:33$717'.
  created $dff cell `$procdff$25144' with positive edge clock.
Creating register for signal `\state_word_engine.\bkd_hi2[0]' using process `\state_word_engine.$proc$rtl/state_word_engine.v:33$717'.
  created $dff cell `$procdff$25147' with positive edge clock.
Creating register for signal `\state_word_engine.\bkd_hi2[1]' using process `\state_word_engine.$proc$rtl/state_word_engine.v:33$717'.
  created $dff cell `$procdff$25150' with positive edge clock.
Creating register for signal `\state_word_engine.\bkd_hi2[2]' using process `\state_word_engine.$proc$rtl/state_word_engine.v:33$717'.
  created $dff cell `$procdff$25153' with positive edge clock.
Creating register for signal `\state_word_engine.\bkd_hi2[3]' using process `\state_word_engine.$proc$rtl/state_word_engine.v:33$717'.
  created $dff cell `$procdff$25156' with positive edge clock.
Creating register for signal `\state_word_engine.\bkd_hi2[4]' using process `\state_word_engine.$proc$rtl/state_word_engine.v:33$717'.
  created $dff cell `$procdff$25159' with positive edge clock.
Creating register for signal `\state_word_engine.\bkd_hi2[5]' using process `\state_word_engine.$proc$rtl/state_word_engine.v:33$717'.
  created $dff cell `$procdff$25162' with positive edge clock.
Creating register for signal `\state_word_engine.\bkd_hi2[6]' using process `\state_word_engine.$proc$rtl/state_word_engine.v:33$717'.
  created $dff cell `$procdff$25165' with positive edge clock.
Creating register for signal `\state_word_engine.\bkd_hi2[7]' using process `\state_word_engine.$proc$rtl/state_word_engine.v:33$717'.
  created $dff cell `$procdff$25168' with positive edge clock.
Creating register for signal `\state_word_engine.\k3[0]' using process `\state_word_engine.$proc$rtl/state_word_engine.v:33$717'.
  created $dff cell `$procdff$25171' with positive edge clock.
Creating register for signal `\state_word_engine.\k3[1]' using process `\state_word_engine.$proc$rtl/state_word_engine.v:33$717'.
  created $dff cell `$procdff$25174' with positive edge clock.
Creating register for signal `\state_word_engine.\k3[2]' using process `\state_word_engine.$proc$rtl/state_word_engine.v:33$717'.
  created $dff cell `$procdff$25177' with positive edge clock.
Creating register for signal `\state_word_engine.\k3[3]' using process `\state_word_engine.$proc$rtl/state_word_engine.v:33$717'.
  created $dff cell `$procdff$25180' with positive edge clock.
Creating register for signal `\state_word_engine.\k3[4]' using process `\state_word_engine.$proc$rtl/state_word_engine.v:33$717'.
  created $dff cell `$procdff$25183' with positive edge clock.
Creating register for signal `\state_word_engine.\k3[5]' using process `\state_word_engine.$proc$rtl/state_word_engine.v:33$717'.
  created $dff cell `$procdff$25186' with positive edge clock.
Creating register for signal `\state_word_engine.\k3[6]' using process `\state_word_engine.$proc$rtl/state_word_engine.v:33$717'.
  created $dff cell `$procdff$25189' with positive edge clock.
Creating register for signal `\state_word_engine.\k3[7]' using process `\state_word_engine.$proc$rtl/state_word_engine.v:33$717'.
  created $dff cell `$procdff$25192' with positive edge clock.
Creating register for signal `\state_word_engine.\q3[0]' using process `\state_word_engine.$proc$rtl/state_word_engine.v:33$717'.
  created $dff cell `$procdff$25195' with positive edge clock.
Creating register for signal `\state_word_engine.\q3[1]' using process `\state_word_engine.$proc$rtl/state_word_engine.v:33$717'.
  created $dff cell `$procdff$25198' with positive edge clock.
Creating register for signal `\state_word_engine.\q3[2]' using process `\state_word_engine.$proc$rtl/state_word_engine.v:33$717'.
  created $dff cell `$procdff$25201' with positive edge clock.
Creating register for signal `\state_word_engine.\q3[3]' using process `\state_word_engine.$proc$rtl/state_word_engine.v:33$717'.
  created $dff cell `$procdff$25204' with positive edge clock.
Creating register for signal `\state_word_engine.\q3[4]' using process `\state_word_engine.$proc$rtl/state_word_engine.v:33$717'.
  created $dff cell `$procdff$25207' with positive edge clock.
Creating register for signal `\state_word_engine.\q3[5]' using process `\state_word_engine.$proc$rtl/state_word_engine.v:33$717'.
  created $dff cell `$procdff$25210' with positive edge clock.
Creating register for signal `\state_word_engine.\q3[6]' using process `\state_word_engine.$proc$rtl/state_word_engine.v:33$717'.
  created $dff cell `$procdff$25213' with positive edge clock.
Creating register for signal `\state_word_engine.\q3[7]' using process `\state_word_engine.$proc$rtl/state_word_engine.v:33$717'.
  created $dff cell `$procdff$25216' with positive edge clock.
Creating register for signal `\state_word_engine.\bkd3[0]' using process `\state_word_engine.$proc$rtl/state_word_engine.v:33$717'.
  created $dff cell `$procdff$25219' with positive edge clock.
Creating register for signal `\state_word_engine.\bkd3[1]' using process `\state_word_engine.$proc$rtl/state_word_engine.v:33$717'.
  created $dff cell `$procdff$25222' with positive edge clock.
Creating register for signal `\state_word_engine.\bkd3[2]' using process `\state_word_engine.$proc$rtl/state_word_engine.v:33$717'.
  created $dff cell `$procdff$25225' with positive edge clock.
Creating register for signal `\state_word_engine.\bkd3[3]' using process `\state_word_engine.$proc$rtl/state_word_engine.v:33$717'.
  created $dff cell `$procdff$25228' with positive edge clock.
Creating register for signal `\state_word_engine.\bkd3[4]' using process `\state_word_engine.$proc$rtl/state_word_engine.v:33$717'.
  created $dff cell `$procdff$25231' with positive edge clock.
Creating register for signal `\state_word_engine.\bkd3[5]' using process `\state_word_engine.$proc$rtl/state_word_engine.v:33$717'.
  created $dff cell `$procdff$25234' with positive edge clock.
Creating register for signal `\state_word_engine.\bkd3[6]' using process `\state_word_engine.$proc$rtl/state_word_engine.v:33$717'.
  created $dff cell `$procdff$25237' with positive edge clock.
Creating register for signal `\state_word_engine.\bkd3[7]' using process `\state_word_engine.$proc$rtl/state_word_engine.v:33$717'.
  created $dff cell `$procdff$25240' with positive edge clock.
Creating register for signal `\state_word_engine.\coef4[0]' using process `\state_word_engine.$proc$rtl/state_word_engine.v:33$717'.
  created $dff cell `$procdff$25243' with positive edge clock.
Creating register for signal `\state_word_engine.\coef4[1]' using process `\state_word_engine.$proc$rtl/state_word_engine.v:33$717'.
  created $dff cell `$procdff$25246' with positive edge clock.
Creating register for signal `\state_word_engine.\coef4[2]' using process `\state_word_engine.$proc$rtl/state_word_engine.v:33$717'.
  created $dff cell `$procdff$25249' with positive edge clock.
Creating register for signal `\state_word_engine.\coef4[3]' using process `\state_word_engine.$proc$rtl/state_word_engine.v:33$717'.
  created $dff cell `$procdff$25252' with positive edge clock.
Creating register for signal `\state_word_engine.\coef4[4]' using process `\state_word_engine.$proc$rtl/state_word_engine.v:33$717'.
  created $dff cell `$procdff$25255' with positive edge clock.
Creating register for signal `\state_word_engine.\coef4[5]' using process `\state_word_engine.$proc$rtl/state_word_engine.v:33$717'.
  created $dff cell `$procdff$25258' with positive edge clock.
Creating register for signal `\state_word_engine.\coef4[6]' using process `\state_word_engine.$proc$rtl/state_word_engine.v:33$717'.
  created $dff cell `$procdff$25261' with positive edge clock.
Creating register for signal `\state_word_engine.\coef4[7]' using process `\state_word_engine.$proc$rtl/state_word_engine.v:33$717'.
  created $dff cell `$procdff$25264' with positive edge clock.
Creating register for signal `\conv_unit_serial.\v0' using process `\conv_unit_serial.$proc$rtl/conv_unit_serial.v:24$646'.
  created $adff cell `$procdff$25265' with positive edge clock and negative level reset.
Creating register for signal `\conv_unit_serial.\v1' using process `\conv_unit_serial.$proc$rtl/conv_unit_serial.v:24$646'.
  created $adff cell `$procdff$25266' with positive edge clock and negative level reset.
Creating register for signal `\conv_unit_serial.\v2' using process `\conv_unit_serial.$proc$rtl/conv_unit_serial.v:24$646'.
  created $adff cell `$procdff$25267' with positive edge clock and negative level reset.
Creating register for signal `\conv_unit_serial.\out_valid' using process `\conv_unit_serial.$proc$rtl/conv_unit_serial.v:24$646'.
  created $adff cell `$procdff$25268' with positive edge clock and negative level reset.
Creating register for signal `\conv_unit_serial.\alpha' using process `\conv_unit_serial.$proc$rtl/conv_unit_serial.v:24$646'.
  created $adff cell `$procdff$25269' with positive edge clock and negative level reset.
Creating register for signal `\conv_unit_serial.\beta' using process `\conv_unit_serial.$proc$rtl/conv_unit_serial.v:24$646'.
  created $adff cell `$procdff$25270' with positive edge clock and negative level reset.
Creating register for signal `\conv_unit_serial.\ap0' using process `\conv_unit_serial.$proc$rtl/conv_unit_serial.v:24$646'.
  created $dff cell `$procdff$25273' with positive edge clock.
Creating register for signal `\conv_unit_serial.\ap1' using process `\conv_unit_serial.$proc$rtl/conv_unit_serial.v:24$646'.
  created $dff cell `$procdff$25276' with positive edge clock.
Creating register for signal `\conv_unit_serial.\ap2' using process `\conv_unit_serial.$proc$rtl/conv_unit_serial.v:24$646'.
  created $dff cell `$procdff$25279' with positive edge clock.
Creating register for signal `\conv_unit_serial.\ap3' using process `\conv_unit_serial.$proc$rtl/conv_unit_serial.v:24$646'.
  created $dff cell `$procdff$25282' with positive edge clock.
Creating register for signal `\conv_unit_serial.\bp0' using process `\conv_unit_serial.$proc$rtl/conv_unit_serial.v:24$646'.
  created $dff cell `$procdff$25285' with positive edge clock.
Creating register for signal `\conv_unit_serial.\bp1' using process `\conv_unit_serial.$proc$rtl/conv_unit_serial.v:24$646'.
  created $dff cell `$procdff$25288' with positive edge clock.
Creating register for signal `\conv_unit_serial.\bp2' using process `\conv_unit_serial.$proc$rtl/conv_unit_serial.v:24$646'.
  created $dff cell `$procdff$25291' with positive edge clock.
Creating register for signal `\conv_unit_serial.\bp3' using process `\conv_unit_serial.$proc$rtl/conv_unit_serial.v:24$646'.
  created $dff cell `$procdff$25294' with positive edge clock.
Creating register for signal `\conv_unit_serial.\aa0' using process `\conv_unit_serial.$proc$rtl/conv_unit_serial.v:24$646'.
  created $dff cell `$procdff$25297' with positive edge clock.
Creating register for signal `\conv_unit_serial.\aa1' using process `\conv_unit_serial.$proc$rtl/conv_unit_serial.v:24$646'.
  created $dff cell `$procdff$25300' with positive edge clock.
Creating register for signal `\conv_unit_serial.\bb0' using process `\conv_unit_serial.$proc$rtl/conv_unit_serial.v:24$646'.
  created $dff cell `$procdff$25303' with positive edge clock.
Creating register for signal `\conv_unit_serial.\bb1' using process `\conv_unit_serial.$proc$rtl/conv_unit_serial.v:24$646'.
  created $dff cell `$procdff$25306' with positive edge clock.
Creating register for signal `\conv_unit_serial.\sa' using process `\conv_unit_serial.$proc$rtl/conv_unit_serial.v:24$646'.
  created $dff cell `$procdff$25309' with positive edge clock.
Creating register for signal `\conv_unit_serial.\sb' using process `\conv_unit_serial.$proc$rtl/conv_unit_serial.v:24$646'.
  created $dff cell `$procdff$25312' with positive edge clock.
Creating register for signal `\conv_unit_serial.\ra' using process `\conv_unit_serial.$proc$rtl/conv_unit_serial.v:24$646'.
  created $dff cell `$procdff$25315' with positive edge clock.
Creating register for signal `\conv_unit_serial.\rb' using process `\conv_unit_serial.$proc$rtl/conv_unit_serial.v:24$646'.
  created $dff cell `$procdff$25318' with positive edge clock.
Creating register for signal `\conv_unit_serial.\satq$func$rtl/conv_unit_serial.v:40$644.$result' using process `\conv_unit_serial.$proc$rtl/conv_unit_serial.v:24$646'.
  created $adff cell `$procdff$25319' with positive edge clock and negative level reset.
Creating register for signal `\conv_unit_serial.\satq$func$rtl/conv_unit_serial.v:40$644.z' using process `\conv_unit_serial.$proc$rtl/conv_unit_serial.v:24$646'.
  created $adff cell `$procdff$25320' with positive edge clock and negative level reset.
Creating register for signal `\conv_unit_serial.\satq$func$rtl/conv_unit_serial.v:40$644.shifted' using process `\conv_unit_serial.$proc$rtl/conv_unit_serial.v:24$646'.
  created $adff cell `$procdff$25321' with positive edge clock and negative level reset.
Creating register for signal `\conv_unit_serial.\satq$func$rtl/conv_unit_serial.v:40$645.$result' using process `\conv_unit_serial.$proc$rtl/conv_unit_serial.v:24$646'.
  created $adff cell `$procdff$25322' with positive edge clock and negative level reset.
Creating register for signal `\conv_unit_serial.\satq$func$rtl/conv_unit_serial.v:40$645.z' using process `\conv_unit_serial.$proc$rtl/conv_unit_serial.v:24$646'.
  created $adff cell `$procdff$25323' with positive edge clock and negative level reset.
Creating register for signal `\conv_unit_serial.\satq$func$rtl/conv_unit_serial.v:40$645.shifted' using process `\conv_unit_serial.$proc$rtl/conv_unit_serial.v:24$646'.
  created $adff cell `$procdff$25324' with positive edge clock and negative level reset.
Creating register for signal `\mac_array_16x16.\i' using process `\mac_array_16x16.$proc$rtl/mac_array_16x16.v:28$566'.
  created $dff cell `$procdff$25327' with positive edge clock.
Creating register for signal `\mac_array_16x16.\result_valid' using process `\mac_array_16x16.$proc$rtl/mac_array_16x16.v:28$566'.
  created $adff cell `$procdff$25328' with positive edge clock and negative level reset.
Creating register for signal `\mac_array_16x16.\result' using process `\mac_array_16x16.$proc$rtl/mac_array_16x16.v:28$566'.
  created $adff cell `$procdff$25329' with positive edge clock and negative level reset.
Creating register for signal `\mac_array_16x16.\sum_q' using process `\mac_array_16x16.$proc$rtl/mac_array_16x16.v:28$566'.
  created $dff cell `$procdff$25332' with positive edge clock.
Creating register for signal `\mac_array_16x16.\v0' using process `\mac_array_16x16.$proc$rtl/mac_array_16x16.v:28$566'.
  created $adff cell `$procdff$25333' with positive edge clock and negative level reset.
Creating register for signal `\mac_array_16x16.\v1' using process `\mac_array_16x16.$proc$rtl/mac_array_16x16.v:28$566'.
  created $adff cell `$procdff$25334' with positive edge clock and negative level reset.
Creating register for signal `\mac_array_16x16.\v2' using process `\mac_array_16x16.$proc$rtl/mac_array_16x16.v:28$566'.
  created $adff cell `$procdff$25335' with positive edge clock and negative level reset.
Creating register for signal `\mac_array_16x16.\v3' using process `\mac_array_16x16.$proc$rtl/mac_array_16x16.v:28$566'.
  created $adff cell `$procdff$25336' with positive edge clock and negative level reset.
Creating register for signal `\mac_array_16x16.\v4' using process `\mac_array_16x16.$proc$rtl/mac_array_16x16.v:28$566'.
  created $adff cell `$procdff$25337' with positive edge clock and negative level reset.
Creating register for signal `\mac_array_16x16.\v5' using process `\mac_array_16x16.$proc$rtl/mac_array_16x16.v:28$566'.
  created $adff cell `$procdff$25338' with positive edge clock and negative level reset.
Creating register for signal `\mac_array_16x16.\c0' using process `\mac_array_16x16.$proc$rtl/mac_array_16x16.v:28$566'.
  created $adff cell `$procdff$25339' with positive edge clock and negative level reset.
Creating register for signal `\mac_array_16x16.\c1' using process `\mac_array_16x16.$proc$rtl/mac_array_16x16.v:28$566'.
  created $adff cell `$procdff$25340' with positive edge clock and negative level reset.
Creating register for signal `\mac_array_16x16.\c2' using process `\mac_array_16x16.$proc$rtl/mac_array_16x16.v:28$566'.
  created $adff cell `$procdff$25341' with positive edge clock and negative level reset.
Creating register for signal `\mac_array_16x16.\c3' using process `\mac_array_16x16.$proc$rtl/mac_array_16x16.v:28$566'.
  created $adff cell `$procdff$25342' with positive edge clock and negative level reset.
Creating register for signal `\mac_array_16x16.\c4' using process `\mac_array_16x16.$proc$rtl/mac_array_16x16.v:28$566'.
  created $adff cell `$procdff$25343' with positive edge clock and negative level reset.
Creating register for signal `\mac_array_16x16.\c5' using process `\mac_array_16x16.$proc$rtl/mac_array_16x16.v:28$566'.
  created $adff cell `$procdff$25344' with positive edge clock and negative level reset.
Creating register for signal `\mac_array_16x16.\l0' using process `\mac_array_16x16.$proc$rtl/mac_array_16x16.v:28$566'.
  created $adff cell `$procdff$25345' with positive edge clock and negative level reset.
Creating register for signal `\mac_array_16x16.\l1' using process `\mac_array_16x16.$proc$rtl/mac_array_16x16.v:28$566'.
  created $adff cell `$procdff$25346' with positive edge clock and negative level reset.
Creating register for signal `\mac_array_16x16.\l2' using process `\mac_array_16x16.$proc$rtl/mac_array_16x16.v:28$566'.
  created $adff cell `$procdff$25347' with positive edge clock and negative level reset.
Creating register for signal `\mac_array_16x16.\l3' using process `\mac_array_16x16.$proc$rtl/mac_array_16x16.v:28$566'.
  created $adff cell `$procdff$25348' with positive edge clock and negative level reset.
Creating register for signal `\mac_array_16x16.\l4' using process `\mac_array_16x16.$proc$rtl/mac_array_16x16.v:28$566'.
  created $adff cell `$procdff$25349' with positive edge clock and negative level reset.
Creating register for signal `\mac_array_16x16.\l5' using process `\mac_array_16x16.$proc$rtl/mac_array_16x16.v:28$566'.
  created $adff cell `$procdff$25350' with positive edge clock and negative level reset.
Creating register for signal `\mac_array_16x16.\sat24$func$rtl/mac_array_16x16.v:46$563.$result' using process `\mac_array_16x16.$proc$rtl/mac_array_16x16.v:28$566'.
  created $adff cell `$procdff$25351' with positive edge clock and negative level reset.
Creating register for signal `\mac_array_16x16.\sat24$func$rtl/mac_array_16x16.v:46$563.x' using process `\mac_array_16x16.$proc$rtl/mac_array_16x16.v:28$566'.
  created $adff cell `$procdff$25352' with positive edge clock and negative level reset.
Creating register for signal `\mac_array_16x16.\p0[0]' using process `\mac_array_16x16.$proc$rtl/mac_array_16x16.v:28$566'.
  created $dff cell `$procdff$25355' with positive edge clock.
Creating register for signal `\mac_array_16x16.\p0[1]' using process `\mac_array_16x16.$proc$rtl/mac_array_16x16.v:28$566'.
  created $dff cell `$procdff$25358' with positive edge clock.
Creating register for signal `\mac_array_16x16.\p0[2]' using process `\mac_array_16x16.$proc$rtl/mac_array_16x16.v:28$566'.
  created $dff cell `$procdff$25361' with positive edge clock.
Creating register for signal `\mac_array_16x16.\p0[3]' using process `\mac_array_16x16.$proc$rtl/mac_array_16x16.v:28$566'.
  created $dff cell `$procdff$25364' with positive edge clock.
Creating register for signal `\mac_array_16x16.\p0[4]' using process `\mac_array_16x16.$proc$rtl/mac_array_16x16.v:28$566'.
  created $dff cell `$procdff$25367' with positive edge clock.
Creating register for signal `\mac_array_16x16.\p0[5]' using process `\mac_array_16x16.$proc$rtl/mac_array_16x16.v:28$566'.
  created $dff cell `$procdff$25370' with positive edge clock.
Creating register for signal `\mac_array_16x16.\p0[6]' using process `\mac_array_16x16.$proc$rtl/mac_array_16x16.v:28$566'.
  created $dff cell `$procdff$25373' with positive edge clock.
Creating register for signal `\mac_array_16x16.\p0[7]' using process `\mac_array_16x16.$proc$rtl/mac_array_16x16.v:28$566'.
  created $dff cell `$procdff$25376' with positive edge clock.
Creating register for signal `\mac_array_16x16.\p0[8]' using process `\mac_array_16x16.$proc$rtl/mac_array_16x16.v:28$566'.
  created $dff cell `$procdff$25379' with positive edge clock.
Creating register for signal `\mac_array_16x16.\p0[9]' using process `\mac_array_16x16.$proc$rtl/mac_array_16x16.v:28$566'.
  created $dff cell `$procdff$25382' with positive edge clock.
Creating register for signal `\mac_array_16x16.\p0[10]' using process `\mac_array_16x16.$proc$rtl/mac_array_16x16.v:28$566'.
  created $dff cell `$procdff$25385' with positive edge clock.
Creating register for signal `\mac_array_16x16.\p0[11]' using process `\mac_array_16x16.$proc$rtl/mac_array_16x16.v:28$566'.
  created $dff cell `$procdff$25388' with positive edge clock.
Creating register for signal `\mac_array_16x16.\p0[12]' using process `\mac_array_16x16.$proc$rtl/mac_array_16x16.v:28$566'.
  created $dff cell `$procdff$25391' with positive edge clock.
Creating register for signal `\mac_array_16x16.\p0[13]' using process `\mac_array_16x16.$proc$rtl/mac_array_16x16.v:28$566'.
  created $dff cell `$procdff$25394' with positive edge clock.
Creating register for signal `\mac_array_16x16.\p0[14]' using process `\mac_array_16x16.$proc$rtl/mac_array_16x16.v:28$566'.
  created $dff cell `$procdff$25397' with positive edge clock.
Creating register for signal `\mac_array_16x16.\p0[15]' using process `\mac_array_16x16.$proc$rtl/mac_array_16x16.v:28$566'.
  created $dff cell `$procdff$25400' with positive edge clock.
Creating register for signal `\mac_array_16x16.\p0[16]' using process `\mac_array_16x16.$proc$rtl/mac_array_16x16.v:28$566'.
  created $dff cell `$procdff$25403' with positive edge clock.
Creating register for signal `\mac_array_16x16.\p0[17]' using process `\mac_array_16x16.$proc$rtl/mac_array_16x16.v:28$566'.
  created $dff cell `$procdff$25406' with positive edge clock.
Creating register for signal `\mac_array_16x16.\p0[18]' using process `\mac_array_16x16.$proc$rtl/mac_array_16x16.v:28$566'.
  created $dff cell `$procdff$25409' with positive edge clock.
Creating register for signal `\mac_array_16x16.\p0[19]' using process `\mac_array_16x16.$proc$rtl/mac_array_16x16.v:28$566'.
  created $dff cell `$procdff$25412' with positive edge clock.
Creating register for signal `\mac_array_16x16.\p0[20]' using process `\mac_array_16x16.$proc$rtl/mac_array_16x16.v:28$566'.
  created $dff cell `$procdff$25415' with positive edge clock.
Creating register for signal `\mac_array_16x16.\p0[21]' using process `\mac_array_16x16.$proc$rtl/mac_array_16x16.v:28$566'.
  created $dff cell `$procdff$25418' with positive edge clock.
Creating register for signal `\mac_array_16x16.\p0[22]' using process `\mac_array_16x16.$proc$rtl/mac_array_16x16.v:28$566'.
  created $dff cell `$procdff$25421' with positive edge clock.
Creating register for signal `\mac_array_16x16.\p0[23]' using process `\mac_array_16x16.$proc$rtl/mac_array_16x16.v:28$566'.
  created $dff cell `$procdff$25424' with positive edge clock.
Creating register for signal `\mac_array_16x16.\p0[24]' using process `\mac_array_16x16.$proc$rtl/mac_array_16x16.v:28$566'.
  created $dff cell `$procdff$25427' with positive edge clock.
Creating register for signal `\mac_array_16x16.\p0[25]' using process `\mac_array_16x16.$proc$rtl/mac_array_16x16.v:28$566'.
  created $dff cell `$procdff$25430' with positive edge clock.
Creating register for signal `\mac_array_16x16.\p0[26]' using process `\mac_array_16x16.$proc$rtl/mac_array_16x16.v:28$566'.
  created $dff cell `$procdff$25433' with positive edge clock.
Creating register for signal `\mac_array_16x16.\p0[27]' using process `\mac_array_16x16.$proc$rtl/mac_array_16x16.v:28$566'.
  created $dff cell `$procdff$25436' with positive edge clock.
Creating register for signal `\mac_array_16x16.\p0[28]' using process `\mac_array_16x16.$proc$rtl/mac_array_16x16.v:28$566'.
  created $dff cell `$procdff$25439' with positive edge clock.
Creating register for signal `\mac_array_16x16.\p0[29]' using process `\mac_array_16x16.$proc$rtl/mac_array_16x16.v:28$566'.
  created $dff cell `$procdff$25442' with positive edge clock.
Creating register for signal `\mac_array_16x16.\p0[30]' using process `\mac_array_16x16.$proc$rtl/mac_array_16x16.v:28$566'.
  created $dff cell `$procdff$25445' with positive edge clock.
Creating register for signal `\mac_array_16x16.\p0[31]' using process `\mac_array_16x16.$proc$rtl/mac_array_16x16.v:28$566'.
  created $dff cell `$procdff$25448' with positive edge clock.
Creating register for signal `\mac_array_16x16.\s1[0]' using process `\mac_array_16x16.$proc$rtl/mac_array_16x16.v:28$566'.
  created $dff cell `$procdff$25451' with positive edge clock.
Creating register for signal `\mac_array_16x16.\s1[1]' using process `\mac_array_16x16.$proc$rtl/mac_array_16x16.v:28$566'.
  created $dff cell `$procdff$25454' with positive edge clock.
Creating register for signal `\mac_array_16x16.\s1[2]' using process `\mac_array_16x16.$proc$rtl/mac_array_16x16.v:28$566'.
  created $dff cell `$procdff$25457' with positive edge clock.
Creating register for signal `\mac_array_16x16.\s1[3]' using process `\mac_array_16x16.$proc$rtl/mac_array_16x16.v:28$566'.
  created $dff cell `$procdff$25460' with positive edge clock.
Creating register for signal `\mac_array_16x16.\s1[4]' using process `\mac_array_16x16.$proc$rtl/mac_array_16x16.v:28$566'.
  created $dff cell `$procdff$25463' with positive edge clock.
Creating register for signal `\mac_array_16x16.\s1[5]' using process `\mac_array_16x16.$proc$rtl/mac_array_16x16.v:28$566'.
  created $dff cell `$procdff$25466' with positive edge clock.
Creating register for signal `\mac_array_16x16.\s1[6]' using process `\mac_array_16x16.$proc$rtl/mac_array_16x16.v:28$566'.
  created $dff cell `$procdff$25469' with positive edge clock.
Creating register for signal `\mac_array_16x16.\s1[7]' using process `\mac_array_16x16.$proc$rtl/mac_array_16x16.v:28$566'.
  created $dff cell `$procdff$25472' with positive edge clock.
Creating register for signal `\mac_array_16x16.\s1[8]' using process `\mac_array_16x16.$proc$rtl/mac_array_16x16.v:28$566'.
  created $dff cell `$procdff$25475' with positive edge clock.
Creating register for signal `\mac_array_16x16.\s1[9]' using process `\mac_array_16x16.$proc$rtl/mac_array_16x16.v:28$566'.
  created $dff cell `$procdff$25478' with positive edge clock.
Creating register for signal `\mac_array_16x16.\s1[10]' using process `\mac_array_16x16.$proc$rtl/mac_array_16x16.v:28$566'.
  created $dff cell `$procdff$25481' with positive edge clock.
Creating register for signal `\mac_array_16x16.\s1[11]' using process `\mac_array_16x16.$proc$rtl/mac_array_16x16.v:28$566'.
  created $dff cell `$procdff$25484' with positive edge clock.
Creating register for signal `\mac_array_16x16.\s1[12]' using process `\mac_array_16x16.$proc$rtl/mac_array_16x16.v:28$566'.
  created $dff cell `$procdff$25487' with positive edge clock.
Creating register for signal `\mac_array_16x16.\s1[13]' using process `\mac_array_16x16.$proc$rtl/mac_array_16x16.v:28$566'.
  created $dff cell `$procdff$25490' with positive edge clock.
Creating register for signal `\mac_array_16x16.\s1[14]' using process `\mac_array_16x16.$proc$rtl/mac_array_16x16.v:28$566'.
  created $dff cell `$procdff$25493' with positive edge clock.
Creating register for signal `\mac_array_16x16.\s1[15]' using process `\mac_array_16x16.$proc$rtl/mac_array_16x16.v:28$566'.
  created $dff cell `$procdff$25496' with positive edge clock.
Creating register for signal `\mac_array_16x16.\s2[0]' using process `\mac_array_16x16.$proc$rtl/mac_array_16x16.v:28$566'.
  created $dff cell `$procdff$25499' with positive edge clock.
Creating register for signal `\mac_array_16x16.\s2[1]' using process `\mac_array_16x16.$proc$rtl/mac_array_16x16.v:28$566'.
  created $dff cell `$procdff$25502' with positive edge clock.
Creating register for signal `\mac_array_16x16.\s2[2]' using process `\mac_array_16x16.$proc$rtl/mac_array_16x16.v:28$566'.
  created $dff cell `$procdff$25505' with positive edge clock.
Creating register for signal `\mac_array_16x16.\s2[3]' using process `\mac_array_16x16.$proc$rtl/mac_array_16x16.v:28$566'.
  created $dff cell `$procdff$25508' with positive edge clock.
Creating register for signal `\mac_array_16x16.\s2[4]' using process `\mac_array_16x16.$proc$rtl/mac_array_16x16.v:28$566'.
  created $dff cell `$procdff$25511' with positive edge clock.
Creating register for signal `\mac_array_16x16.\s2[5]' using process `\mac_array_16x16.$proc$rtl/mac_array_16x16.v:28$566'.
  created $dff cell `$procdff$25514' with positive edge clock.
Creating register for signal `\mac_array_16x16.\s2[6]' using process `\mac_array_16x16.$proc$rtl/mac_array_16x16.v:28$566'.
  created $dff cell `$procdff$25517' with positive edge clock.
Creating register for signal `\mac_array_16x16.\s2[7]' using process `\mac_array_16x16.$proc$rtl/mac_array_16x16.v:28$566'.
  created $dff cell `$procdff$25520' with positive edge clock.
Creating register for signal `\mac_array_16x16.\s3[0]' using process `\mac_array_16x16.$proc$rtl/mac_array_16x16.v:28$566'.
  created $dff cell `$procdff$25523' with positive edge clock.
Creating register for signal `\mac_array_16x16.\s3[1]' using process `\mac_array_16x16.$proc$rtl/mac_array_16x16.v:28$566'.
  created $dff cell `$procdff$25526' with positive edge clock.
Creating register for signal `\mac_array_16x16.\s3[2]' using process `\mac_array_16x16.$proc$rtl/mac_array_16x16.v:28$566'.
  created $dff cell `$procdff$25529' with positive edge clock.
Creating register for signal `\mac_array_16x16.\s3[3]' using process `\mac_array_16x16.$proc$rtl/mac_array_16x16.v:28$566'.
  created $dff cell `$procdff$25532' with positive edge clock.
Creating register for signal `\mac_array_16x16.\s4[0]' using process `\mac_array_16x16.$proc$rtl/mac_array_16x16.v:28$566'.
  created $dff cell `$procdff$25535' with positive edge clock.
Creating register for signal `\mac_array_16x16.\s4[1]' using process `\mac_array_16x16.$proc$rtl/mac_array_16x16.v:28$566'.
  created $dff cell `$procdff$25538' with positive edge clock.
Creating register for signal `\intermediate_sram.\macro_we' using process `\intermediate_sram.$proc$rtl/intermediate_sram.v:10$460'.
  created $dff cell `$procdff$25539' with positive edge clock.
Creating register for signal `\intermediate_sram.\macro_wa' using process `\intermediate_sram.$proc$rtl/intermediate_sram.v:10$460'.
  created $dff cell `$procdff$25540' with positive edge clock.
Creating register for signal `\intermediate_sram.\i' using process `\intermediate_sram.$proc$rtl/intermediate_sram.v:10$460'.
  created $dff cell `$procdff$25541' with positive edge clock.
Creating register for signal `\intermediate_sram.\pack[0]' using process `\intermediate_sram.$proc$rtl/intermediate_sram.v:10$460'.
  created $dff cell `$procdff$25542' with positive edge clock.
Creating register for signal `\intermediate_sram.\pack[1]' using process `\intermediate_sram.$proc$rtl/intermediate_sram.v:10$460'.
  created $dff cell `$procdff$25543' with positive edge clock.
Creating register for signal `\intermediate_sram.\pack[2]' using process `\intermediate_sram.$proc$rtl/intermediate_sram.v:10$460'.
  created $dff cell `$procdff$25544' with positive edge clock.
Creating register for signal `\intermediate_sram.\pack[3]' using process `\intermediate_sram.$proc$rtl/intermediate_sram.v:10$460'.
  created $dff cell `$procdff$25545' with positive edge clock.
Creating register for signal `\intermediate_sram.\macro_wd[0]' using process `\intermediate_sram.$proc$rtl/intermediate_sram.v:10$460'.
  created $dff cell `$procdff$25546' with positive edge clock.
Creating register for signal `\intermediate_sram.\macro_wd[1]' using process `\intermediate_sram.$proc$rtl/intermediate_sram.v:10$460'.
  created $dff cell `$procdff$25547' with positive edge clock.
Creating register for signal `\intermediate_sram.\macro_wd[2]' using process `\intermediate_sram.$proc$rtl/intermediate_sram.v:10$460'.
  created $dff cell `$procdff$25548' with positive edge clock.
Creating register for signal `\intermediate_sram.\macro_wd[3]' using process `\intermediate_sram.$proc$rtl/intermediate_sram.v:10$460'.
  created $dff cell `$procdff$25549' with positive edge clock.
Creating register for signal `\intermediate_sram.$bitselwrite$mask$rtl/intermediate_sram.v:13$444' using process `\intermediate_sram.$proc$rtl/intermediate_sram.v:10$460'.
  created $dff cell `$procdff$25550' with positive edge clock.
Creating register for signal `\intermediate_sram.$bitselwrite$data$rtl/intermediate_sram.v:13$445' using process `\intermediate_sram.$proc$rtl/intermediate_sram.v:10$460'.
  created $dff cell `$procdff$25551' with positive edge clock.
Creating register for signal `\intermediate_sram.$bitselwrite$sel$rtl/intermediate_sram.v:13$446' using process `\intermediate_sram.$proc$rtl/intermediate_sram.v:10$460'.
  created $dff cell `$procdff$25552' with positive edge clock.
Creating register for signal `\intermediate_sram.$bitselwrite$mask$rtl/intermediate_sram.v:13$447' using process `\intermediate_sram.$proc$rtl/intermediate_sram.v:10$460'.
  created $dff cell `$procdff$25553' with positive edge clock.
Creating register for signal `\intermediate_sram.$bitselwrite$data$rtl/intermediate_sram.v:13$448' using process `\intermediate_sram.$proc$rtl/intermediate_sram.v:10$460'.
  created $dff cell `$procdff$25554' with positive edge clock.
Creating register for signal `\intermediate_sram.$bitselwrite$sel$rtl/intermediate_sram.v:13$449' using process `\intermediate_sram.$proc$rtl/intermediate_sram.v:10$460'.
  created $dff cell `$procdff$25555' with positive edge clock.
Creating register for signal `\intermediate_sram.$bitselwrite$mask$rtl/intermediate_sram.v:13$450' using process `\intermediate_sram.$proc$rtl/intermediate_sram.v:10$460'.
  created $dff cell `$procdff$25556' with positive edge clock.
Creating register for signal `\intermediate_sram.$bitselwrite$data$rtl/intermediate_sram.v:13$451' using process `\intermediate_sram.$proc$rtl/intermediate_sram.v:10$460'.
  created $dff cell `$procdff$25557' with positive edge clock.
Creating register for signal `\intermediate_sram.$bitselwrite$sel$rtl/intermediate_sram.v:13$452' using process `\intermediate_sram.$proc$rtl/intermediate_sram.v:10$460'.
  created $dff cell `$procdff$25558' with positive edge clock.
Creating register for signal `\intermediate_sram.$bitselwrite$mask$rtl/intermediate_sram.v:13$453' using process `\intermediate_sram.$proc$rtl/intermediate_sram.v:10$460'.
  created $dff cell `$procdff$25559' with positive edge clock.
Creating register for signal `\intermediate_sram.$bitselwrite$data$rtl/intermediate_sram.v:13$454' using process `\intermediate_sram.$proc$rtl/intermediate_sram.v:10$460'.
  created $dff cell `$procdff$25560' with positive edge clock.
Creating register for signal `\intermediate_sram.$bitselwrite$sel$rtl/intermediate_sram.v:13$455' using process `\intermediate_sram.$proc$rtl/intermediate_sram.v:10$460'.
  created $dff cell `$procdff$25561' with positive edge clock.
Creating register for signal `\intermediate_sram.$lookahead\pack[0]$456' using process `\intermediate_sram.$proc$rtl/intermediate_sram.v:10$460'.
  created $dff cell `$procdff$25562' with positive edge clock.
Creating register for signal `\intermediate_sram.$lookahead\pack[1]$457' using process `\intermediate_sram.$proc$rtl/intermediate_sram.v:10$460'.
  created $dff cell `$procdff$25563' with positive edge clock.
Creating register for signal `\intermediate_sram.$lookahead\pack[2]$458' using process `\intermediate_sram.$proc$rtl/intermediate_sram.v:10$460'.
  created $dff cell `$procdff$25564' with positive edge clock.
Creating register for signal `\intermediate_sram.$lookahead\pack[3]$459' using process `\intermediate_sram.$proc$rtl/intermediate_sram.v:10$460'.
  created $dff cell `$procdff$25565' with positive edge clock.
Creating register for signal `\activation_sram.\rd_sel_a' using process `\activation_sram.$proc$rtl/activation_sram.v:15$351'.
  created $dff cell `$procdff$25566' with positive edge clock.
Creating register for signal `\activation_sram.\rd_sel_b' using process `\activation_sram.$proc$rtl/activation_sram.v:15$351'.
  created $dff cell `$procdff$25567' with positive edge clock.
Creating register for signal `\state_sram.\rd_bank_q' using process `\state_sram.$proc$rtl/state_sram.v:14$193'.
  created $dff cell `$procdff$25568' with positive edge clock.
Creating register for signal `\weight_sram.\rd_data' using process `\weight_sram.$proc$rtl/weight_sram.v:24$50'.
  created $dff cell `$procdff$25569' with positive edge clock.
Creating register for signal `\weight_sram.\rd_matrix_q' using process `\weight_sram.$proc$rtl/weight_sram.v:24$50'.
  created $dff cell `$procdff$25570' with positive edge clock.
Creating register for signal `\weight_sram.\rd_matrix_hi_q' using process `\weight_sram.$proc$rtl/weight_sram.v:24$50'.
  created $dff cell `$procdff$25571' with positive edge clock.
Creating register for signal `\weight_sram.\rd_lo_q' using process `\weight_sram.$proc$rtl/weight_sram.v:24$50'.
  created $dff cell `$procdff$25572' with positive edge clock.
Creating register for signal `\weight_sram.\rd_hi_q' using process `\weight_sram.$proc$rtl/weight_sram.v:24$50'.
  created $dff cell `$procdff$25573' with positive edge clock.

15.10. Executing PROC_MEMWR pass (convert process memory writes to cells).

15.11. Executing PROC_CLEAN pass (remove empty switches from decision trees).
Found and cleaned up 25 empty switches in `\x7_top.$proc$rtl/x7_top.v:117$3641'.
Removing empty process `x7_top.$proc$rtl/x7_top.v:117$3641'.
Found and cleaned up 13 empty switches in `\x7_top.$proc$rtl/x7_top.v:88$3621'.
Removing empty process `x7_top.$proc$rtl/x7_top.v:88$3621'.
Found and cleaned up 2 empty switches in `\x7_controller.$proc$rtl/x7_controller.v:6$3579'.
Removing empty process `x7_controller.$proc$rtl/x7_controller.v:6$3579'.
Found and cleaned up 94 empty switches in `\streaming_norm.$proc$rtl/streaming_norm.v:42$3035'.
Removing empty process `streaming_norm.$proc$rtl/streaming_norm.v:42$3035'.
Found and cleaned up 1 empty switch in `\streaming_norm.$proc$rtl/streaming_norm.v:31$3034'.
Removing empty process `streaming_norm.$proc$rtl/streaming_norm.v:31$3034'.
Found and cleaned up 225 empty switches in `\state_stream_controller.$proc$rtl/state_stream_controller.v:86$1136'.
Removing empty process `state_stream_controller.$proc$rtl/state_stream_controller.v:86$1136'.
Found and cleaned up 10 empty switches in `\state_stream_controller.$proc$rtl/state_stream_controller.v:61$1107'.
Removing empty process `state_stream_controller.$proc$rtl/state_stream_controller.v:61$1107'.
Found and cleaned up 1 empty switch in `\state_stream_controller.$proc$rtl/state_stream_controller.v:43$1105'.
Removing empty process `state_stream_controller.$proc$rtl/state_stream_controller.v:43$1105'.
Found and cleaned up 46 empty switches in `\state_word_engine.$proc$rtl/state_word_engine.v:33$717'.
Removing empty process `state_word_engine.$proc$rtl/state_word_engine.v:33$717'.
Found and cleaned up 12 empty switches in `\conv_unit_serial.$proc$rtl/conv_unit_serial.v:24$646'.
Removing empty process `conv_unit_serial.$proc$rtl/conv_unit_serial.v:24$646'.
Found and cleaned up 10 empty switches in `\mac_array_16x16.$proc$rtl/mac_array_16x16.v:28$566'.
Removing empty process `mac_array_16x16.$proc$rtl/mac_array_16x16.v:28$566'.
Found and cleaned up 2 empty switches in `\requant.$proc$rtl/requant.v:4$554'.
Removing empty process `requant.$proc$rtl/requant.v:4$554'.
Removing empty process `intermediate_sram.$proc$rtl/intermediate_sram.v:0$553'.
Found and cleaned up 8 empty switches in `\intermediate_sram.$proc$rtl/intermediate_sram.v:10$460'.
Removing empty process `intermediate_sram.$proc$rtl/intermediate_sram.v:10$460'.
Removing empty process `activation_sram.$proc$rtl/activation_sram.v:0$422'.
Found and cleaned up 1 empty switch in `\activation_sram.$proc$rtl/activation_sram.v:0$417'.
Removing empty process `activation_sram.$proc$rtl/activation_sram.v:0$417'.
Found and cleaned up 1 empty switch in `\activation_sram.$proc$rtl/activation_sram.v:0$413'.
Removing empty process `activation_sram.$proc$rtl/activation_sram.v:0$413'.
Found and cleaned up 1 empty switch in `\activation_sram.$proc$rtl/activation_sram.v:0$408'.
Removing empty process `activation_sram.$proc$rtl/activation_sram.v:0$408'.
Found and cleaned up 1 empty switch in `\activation_sram.$proc$rtl/activation_sram.v:0$404'.
Removing empty process `activation_sram.$proc$rtl/activation_sram.v:0$404'.
Found and cleaned up 2 empty switches in `\activation_sram.$proc$rtl/activation_sram.v:15$351'.
Removing empty process `activation_sram.$proc$rtl/activation_sram.v:15$351'.
Removing empty process `state_sram.$proc$rtl/state_sram.v:0$326'.
Found and cleaned up 1 empty switch in `\state_sram.$proc$rtl/state_sram.v:0$321'.
Removing empty process `state_sram.$proc$rtl/state_sram.v:0$321'.
Found and cleaned up 1 empty switch in `\state_sram.$proc$rtl/state_sram.v:0$316'.
Removing empty process `state_sram.$proc$rtl/state_sram.v:0$316'.
Found and cleaned up 1 empty switch in `\state_sram.$proc$rtl/state_sram.v:0$311'.
Removing empty process `state_sram.$proc$rtl/state_sram.v:0$311'.
Found and cleaned up 1 empty switch in `\state_sram.$proc$rtl/state_sram.v:0$306'.
Removing empty process `state_sram.$proc$rtl/state_sram.v:0$306'.
Found and cleaned up 1 empty switch in `\state_sram.$proc$rtl/state_sram.v:14$193'.
Removing empty process `state_sram.$proc$rtl/state_sram.v:14$193'.
Removing empty process `weight_sram.$proc$rtl/weight_sram.v:0$180'.
Found and cleaned up 2 empty switches in `\weight_sram.$proc$rtl/weight_sram.v:24$50'.
Removing empty process `weight_sram.$proc$rtl/weight_sram.v:24$50'.
Cleaned up 462 empty switches.

15.12. Executing OPT_EXPR pass (perform const folding).
Optimizing module x7_top.
<suppressed ~7 debug messages>
Optimizing module x7_controller.
<suppressed ~2 debug messages>
Optimizing module streaming_norm.
<suppressed ~27 debug messages>
Optimizing module state_stream_controller.
<suppressed ~694 debug messages>
Optimizing module state_word_engine.
<suppressed ~24 debug messages>
Optimizing module conv_unit_serial.
<suppressed ~3 debug messages>
Optimizing module mac_array_16x16.
Optimizing module requant.
<suppressed ~1 debug messages>
Optimizing module intermediate_sram.
<suppressed ~4 debug messages>
Optimizing module activation_sram.
<suppressed ~12 debug messages>
Optimizing module state_sram.
<suppressed ~30 debug messages>
Optimizing module weight_sram.
<suppressed ~12 debug messages>

16. Executing MEMORY_COLLECT pass (generating $mem cells).

17. Executing OPT pass (performing simple optimizations).

17.1. Executing OPT_EXPR pass (perform const folding).
Optimizing module x7_top.
<suppressed ~132 debug messages>
Optimizing module x7_controller.
Optimizing module streaming_norm.
<suppressed ~272 debug messages>
Optimizing module state_stream_controller.
<suppressed ~918 debug messages>
Optimizing module state_word_engine.
<suppressed ~88 debug messages>
Optimizing module conv_unit_serial.
<suppressed ~6 debug messages>
Optimizing module mac_array_16x16.
<suppressed ~3 debug messages>
Optimizing module requant.
<suppressed ~1 debug messages>
Optimizing module intermediate_sram.
<suppressed ~40 debug messages>
Optimizing module activation_sram.
<suppressed ~28 debug messages>
Optimizing module state_sram.
<suppressed ~54 debug messages>
Optimizing module weight_sram.

17.2. Executing OPT_MERGE pass (detect identical cells).
Finding identical cells in module `\x7_top'.
<suppressed ~513 debug messages>
Finding identical cells in module `\x7_controller'.
Finding identical cells in module `\streaming_norm'.
<suppressed ~1215 debug messages>
Finding identical cells in module `\state_stream_controller'.
<suppressed ~5286 debug messages>
Finding identical cells in module `\state_word_engine'.
<suppressed ~87 debug messages>
Finding identical cells in module `\conv_unit_serial'.
<suppressed ~9 debug messages>
Finding identical cells in module `\mac_array_16x16'.
Finding identical cells in module `\requant'.
Finding identical cells in module `\intermediate_sram'.
<suppressed ~99 debug messages>
Finding identical cells in module `\activation_sram'.
<suppressed ~54 debug messages>
Finding identical cells in module `\state_sram'.
<suppressed ~117 debug messages>
Finding identical cells in module `\weight_sram'.
<suppressed ~180 debug messages>
Removed a total of 2520 cells.

17.3. Executing OPT_MUXTREE pass (detect dead branches in mux trees).
Running muxtree optimizer on module \x7_top..
  Creating internal representation of mux trees.
  Evaluating internal representation of mux trees.
      Replacing known input bits on port B of cell $procmux$3838: \out_issue -> { 1'1 \out_issue [2:0] }
  Analyzing evaluation results.
    dead port 1/2 on $mux $procmux$3826.
    dead port 2/2 on $mux $procmux$3826.
    dead port 1/2 on $mux $procmux$3819.
    dead port 2/2 on $mux $procmux$3819.
    dead port 1/2 on $mux $procmux$3812.
    dead port 2/2 on $mux $procmux$3812.
    dead port 1/2 on $mux $procmux$3796.
    dead port 2/2 on $mux $procmux$3796.
    dead port 1/2 on $mux $procmux$3785.
    dead port 2/2 on $mux $procmux$3785.
    dead port 1/2 on $mux $procmux$3774.
    dead port 2/2 on $mux $procmux$3774.
    dead port 1/2 on $mux $procmux$3750.
    dead port 2/2 on $mux $procmux$3750.
    dead port 1/2 on $mux $procmux$3736.
    dead port 2/2 on $mux $procmux$3736.
    dead port 1/2 on $mux $procmux$3722.
    dead port 2/2 on $mux $procmux$3722.
Running muxtree optimizer on module \x7_controller..
  Creating internal representation of mux trees.
  Evaluating internal representation of mux trees.
  Analyzing evaluation results.
Running muxtree optimizer on module \streaming_norm..
  Creating internal representation of mux trees.
  Evaluating internal representation of mux trees.
      Replacing known input bits on port B of cell $procmux$7079: \nr -> { \nr [2:1] 1'1 }
  Analyzing evaluation results.
    dead port 1/2 on $mux $procmux$5771.
    dead port 2/2 on $mux $procmux$5771.
    dead port 1/2 on $mux $procmux$6285.
    dead port 2/2 on $mux $procmux$6285.
    dead port 1/2 on $mux $procmux$5763.
    dead port 2/2 on $mux $procmux$5763.
    dead port 1/2 on $mux $procmux$6280.
    dead port 2/2 on $mux $procmux$6280.
    dead port 1/2 on $mux $procmux$5747.
    dead port 2/2 on $mux $procmux$5747.
    dead port 1/2 on $mux $procmux$6275.
    dead port 2/2 on $mux $procmux$6275.
    dead port 1/2 on $mux $procmux$6933.
    dead port 2/2 on $mux $procmux$6933.
    dead port 1/2 on $mux $procmux$5739.
    dead port 2/2 on $mux $procmux$5739.
    dead port 1/2 on $mux $procmux$6270.
    dead port 2/2 on $mux $procmux$6270.
    dead port 1/2 on $mux $procmux$5723.
    dead port 2/2 on $mux $procmux$5723.
    dead port 1/2 on $mux $procmux$6265.
    dead port 2/2 on $mux $procmux$6265.
    dead port 1/2 on $mux $procmux$5715.
    dead port 2/2 on $mux $procmux$5715.
    dead port 1/2 on $mux $procmux$6260.
    dead port 2/2 on $mux $procmux$6260.
    dead port 1/2 on $mux $procmux$6255.
    dead port 2/2 on $mux $procmux$6255.
    dead port 1/2 on $mux $procmux$5699.
    dead port 2/2 on $mux $procmux$5699.
    dead port 1/2 on $mux $procmux$6250.
    dead port 2/2 on $mux $procmux$6250.
    dead port 1/2 on $mux $procmux$5691.
    dead port 2/2 on $mux $procmux$5691.
    dead port 1/2 on $mux $procmux$6245.
    dead port 2/2 on $mux $procmux$6245.
    dead port 1/2 on $mux $procmux$5675.
    dead port 2/2 on $mux $procmux$5675.
    dead port 1/2 on $mux $procmux$6240.
    dead port 2/2 on $mux $procmux$6240.
    dead port 1/2 on $mux $procmux$5667.
    dead port 2/2 on $mux $procmux$5667.
    dead port 1/2 on $mux $procmux$6235.
    dead port 2/2 on $mux $procmux$6235.
    dead port 1/2 on $mux $procmux$5651.
    dead port 2/2 on $mux $procmux$5651.
    dead port 1/2 on $mux $procmux$6230.
    dead port 2/2 on $mux $procmux$6230.
    dead port 1/2 on $mux $procmux$5643.
    dead port 2/2 on $mux $procmux$5643.
    dead port 1/2 on $mux $procmux$6225.
    dead port 2/2 on $mux $procmux$6225.
    dead port 1/2 on $mux $procmux$5627.
    dead port 2/2 on $mux $procmux$5627.
    dead port 1/2 on $mux $procmux$6220.
    dead port 2/2 on $mux $procmux$6220.
    dead port 1/2 on $mux $procmux$5619.
    dead port 2/2 on $mux $procmux$5619.
    dead port 1/2 on $mux $procmux$6215.
    dead port 2/2 on $mux $procmux$6215.
    dead port 1/2 on $mux $procmux$5603.
    dead port 2/2 on $mux $procmux$5603.
    dead port 1/2 on $mux $procmux$5595.
    dead port 2/2 on $mux $procmux$5595.
    dead port 1/2 on $mux $procmux$6210.
    dead port 2/2 on $mux $procmux$6210.
    dead port 1/2 on $mux $procmux$5579.
    dead port 2/2 on $mux $procmux$5579.
    dead port 1/2 on $mux $procmux$6205.
    dead port 2/2 on $mux $procmux$6205.
    dead port 1/2 on $mux $procmux$5571.
    dead port 2/2 on $mux $procmux$5571.
    dead port 1/2 on $mux $procmux$6200.
    dead port 2/2 on $mux $procmux$6200.
    dead port 1/2 on $mux $procmux$6195.
    dead port 2/2 on $mux $procmux$6195.
    dead port 1/2 on $mux $procmux$5531.
    dead port 2/2 on $mux $procmux$5531.
    dead port 1/2 on $mux $procmux$6190.
    dead port 2/2 on $mux $procmux$6190.
    dead port 1/2 on $mux $procmux$5523.
    dead port 2/2 on $mux $procmux$5523.
    dead port 1/2 on $mux $procmux$6185.
    dead port 2/2 on $mux $procmux$6185.
    dead port 1/2 on $mux $procmux$6180.
    dead port 2/2 on $mux $procmux$6180.
    dead port 1/2 on $mux $procmux$6175.
    dead port 2/2 on $mux $procmux$6175.
    dead port 1/2 on $mux $procmux$6170.
    dead port 2/2 on $mux $procmux$6170.
    dead port 1/2 on $mux $procmux$6165.
    dead port 2/2 on $mux $procmux$6165.
    dead port 1/2 on $mux $procmux$6161.
    dead port 2/2 on $mux $procmux$6161.
    dead port 1/2 on $mux $procmux$6157.
    dead port 2/2 on $mux $procmux$6157.
    dead port 1/2 on $mux $procmux$6153.
    dead port 2/2 on $mux $procmux$6153.
    dead port 1/2 on $mux $procmux$6149.
    dead port 2/2 on $mux $procmux$6149.
    dead port 1/2 on $mux $procmux$6145.
    dead port 2/2 on $mux $procmux$6145.
    dead port 1/2 on $mux $procmux$6141.
    dead port 2/2 on $mux $procmux$6141.
    dead port 1/2 on $mux $procmux$6137.
    dead port 2/2 on $mux $procmux$6137.
    dead port 1/2 on $mux $procmux$6133.
    dead port 2/2 on $mux $procmux$6133.
    dead port 1/2 on $mux $procmux$6129.
    dead port 2/2 on $mux $procmux$6129.
    dead port 1/2 on $mux $procmux$6125.
    dead port 2/2 on $mux $procmux$6125.
    dead port 1/2 on $mux $procmux$6121.
    dead port 2/2 on $mux $procmux$6121.
    dead port 1/2 on $mux $procmux$6117.
    dead port 2/2 on $mux $procmux$6117.
    dead port 1/2 on $mux $procmux$6113.
    dead port 2/2 on $mux $procmux$6113.
    dead port 1/2 on $mux $procmux$6109.
    dead port 2/2 on $mux $procmux$6109.
    dead port 1/2 on $mux $procmux$6105.
    dead port 2/2 on $mux $procmux$6105.
    dead port 1/2 on $mux $procmux$6101.
    dead port 2/2 on $mux $procmux$6101.
    dead port 1/2 on $mux $procmux$6097.
    dead port 2/2 on $mux $procmux$6097.
    dead port 1/2 on $mux $procmux$6093.
    dead port 2/2 on $mux $procmux$6093.
    dead port 1/2 on $mux $procmux$6089.
    dead port 2/2 on $mux $procmux$6089.
    dead port 1/2 on $mux $procmux$6085.
    dead port 2/2 on $mux $procmux$6085.
    dead port 1/2 on $mux $procmux$6081.
    dead port 2/2 on $mux $procmux$6081.
    dead port 1/2 on $mux $procmux$6077.
    dead port 2/2 on $mux $procmux$6077.
    dead port 1/2 on $mux $procmux$6073.
    dead port 2/2 on $mux $procmux$6073.
    dead port 1/2 on $mux $procmux$6069.
    dead port 2/2 on $mux $procmux$6069.
    dead port 1/2 on $mux $procmux$6065.
    dead port 2/2 on $mux $procmux$6065.
    dead port 1/2 on $mux $procmux$6061.
    dead port 2/2 on $mux $procmux$6061.
    dead port 1/2 on $mux $procmux$6057.
    dead port 2/2 on $mux $procmux$6057.
    dead port 1/2 on $mux $procmux$6053.
    dead port 2/2 on $mux $procmux$6053.
    dead port 1/2 on $mux $procmux$6049.
    dead port 2/2 on $mux $procmux$6049.
    dead port 1/2 on $mux $procmux$6045.
    dead port 2/2 on $mux $procmux$6045.
    dead port 1/2 on $mux $procmux$6041.
    dead port 2/2 on $mux $procmux$6041.
    dead port 1/2 on $mux $procmux$6037.
    dead port 2/2 on $mux $procmux$6037.
    dead port 1/2 on $mux $procmux$6033.
    dead port 2/2 on $mux $procmux$6033.
    dead port 1/2 on $mux $procmux$6029.
    dead port 2/2 on $mux $procmux$6029.
    dead port 1/2 on $mux $procmux$6025.
    dead port 2/2 on $mux $procmux$6025.
    dead port 1/2 on $mux $procmux$6021.
    dead port 2/2 on $mux $procmux$6021.
    dead port 1/2 on $mux $procmux$6017.
    dead port 2/2 on $mux $procmux$6017.
    dead port 1/2 on $mux $procmux$6013.
    dead port 2/2 on $mux $procmux$6013.
    dead port 1/2 on $mux $procmux$6009.
    dead port 2/2 on $mux $procmux$6009.
    dead port 1/2 on $mux $procmux$6005.
    dead port 2/2 on $mux $procmux$6005.
    dead port 1/2 on $mux $procmux$6001.
    dead port 2/2 on $mux $procmux$6001.
    dead port 1/2 on $mux $procmux$5997.
    dead port 2/2 on $mux $procmux$5997.
    dead port 1/2 on $mux $procmux$5993.
    dead port 2/2 on $mux $procmux$5993.
    dead port 1/2 on $mux $procmux$5989.
    dead port 2/2 on $mux $procmux$5989.
    dead port 1/2 on $mux $procmux$5985.
    dead port 2/2 on $mux $procmux$5985.
    dead port 1/2 on $mux $procmux$5981.
    dead port 2/2 on $mux $procmux$5981.
    dead port 1/2 on $mux $procmux$5977.
    dead port 2/2 on $mux $procmux$5977.
    dead port 1/2 on $mux $procmux$5973.
    dead port 2/2 on $mux $procmux$5973.
    dead port 1/2 on $mux $procmux$5969.
    dead port 2/2 on $mux $procmux$5969.
    dead port 1/2 on $mux $procmux$5965.
    dead port 2/2 on $mux $procmux$5965.
    dead port 1/2 on $mux $procmux$5961.
    dead port 2/2 on $mux $procmux$5961.
    dead port 1/2 on $mux $procmux$5957.
    dead port 2/2 on $mux $procmux$5957.
    dead port 1/2 on $mux $procmux$5953.
    dead port 2/2 on $mux $procmux$5953.
    dead port 1/2 on $mux $procmux$5949.
    dead port 2/2 on $mux $procmux$5949.
    dead port 1/2 on $mux $procmux$5945.
    dead port 2/2 on $mux $procmux$5945.
    dead port 1/2 on $mux $procmux$5941.
    dead port 2/2 on $mux $procmux$5941.
    dead port 1/2 on $mux $procmux$5937.
    dead port 2/2 on $mux $procmux$5937.
    dead port 1/2 on $mux $procmux$5933.
    dead port 2/2 on $mux $procmux$5933.
    dead port 1/2 on $mux $procmux$5929.
    dead port 2/2 on $mux $procmux$5929.
    dead port 1/2 on $mux $procmux$5925.
    dead port 2/2 on $mux $procmux$5925.
    dead port 1/2 on $mux $procmux$5921.
    dead port 2/2 on $mux $procmux$5921.
    dead port 1/2 on $mux $procmux$5917.
    dead port 2/2 on $mux $procmux$5917.
    dead port 1/2 on $mux $procmux$5913.
    dead port 2/2 on $mux $procmux$5913.
    dead port 1/2 on $mux $procmux$5907.
    dead port 2/2 on $mux $procmux$5907.
    dead port 1/2 on $mux $procmux$5891.
    dead port 2/2 on $mux $procmux$5891.
    dead port 1/2 on $mux $procmux$5883.
    dead port 2/2 on $mux $procmux$5883.
    dead port 1/2 on $mux $procmux$5867.
    dead port 2/2 on $mux $procmux$5867.
    dead port 1/2 on $mux $procmux$6325.
    dead port 2/2 on $mux $procmux$6325.
    dead port 1/2 on $mux $procmux$5859.
    dead port 2/2 on $mux $procmux$5859.
    dead port 1/2 on $mux $procmux$6320.
    dead port 2/2 on $mux $procmux$6320.
    dead port 1/2 on $mux $procmux$5843.
    dead port 2/2 on $mux $procmux$5843.
    dead port 1/2 on $mux $procmux$6315.
    dead port 2/2 on $mux $procmux$6315.
    dead port 1/2 on $mux $procmux$5835.
    dead port 2/2 on $mux $procmux$5835.
    dead port 1/2 on $mux $procmux$6310.
    dead port 2/2 on $mux $procmux$6310.
    dead port 1/2 on $mux $procmux$5819.
    dead port 2/2 on $mux $procmux$5819.
    dead port 1/2 on $mux $procmux$5811.
    dead port 2/2 on $mux $procmux$5811.
    dead port 1/2 on $mux $procmux$6305.
    dead port 2/2 on $mux $procmux$6305.
    dead port 1/2 on $mux $procmux$6300.
    dead port 2/2 on $mux $procmux$6300.
    dead port 1/2 on $mux $procmux$5795.
    dead port 2/2 on $mux $procmux$5795.
    dead port 1/2 on $mux $procmux$6295.
    dead port 2/2 on $mux $procmux$6295.
    dead port 1/2 on $mux $procmux$5787.
    dead port 2/2 on $mux $procmux$5787.
    dead port 1/2 on $mux $procmux$6290.
    dead port 2/2 on $mux $procmux$6290.
Running muxtree optimizer on module \state_stream_controller..
  Creating internal representation of mux trees.
  Evaluating internal representation of mux trees.
      Replacing known input bits on port B of cell $procmux$21928: \read_issued -> 1'1
      Replacing known input bits on port B of cell $procmux$21987: \diff_half -> 1'1
      Replacing known input bits on port B of cell $procmux$21996: \diff_half -> 1'1
  Analyzing evaluation results.
    dead port 1/2 on $mux $procmux$11812.
    dead port 2/2 on $mux $procmux$11812.
    dead port 1/2 on $mux $procmux$16929.
    dead port 2/2 on $mux $procmux$16929.
    dead port 1/2 on $mux $procmux$11793.
    dead port 2/2 on $mux $procmux$11793.
    dead port 1/2 on $mux $procmux$16925.
    dead port 2/2 on $mux $procmux$16925.
    dead port 1/2 on $mux $procmux$11774.
    dead port 2/2 on $mux $procmux$11774.
    dead port 1/2 on $mux $procmux$19738.
    dead port 2/2 on $mux $procmux$19738.
    dead port 1/2 on $mux $procmux$16921.
    dead port 2/2 on $mux $procmux$16921.
    dead port 1/2 on $mux $procmux$11755.
    dead port 2/2 on $mux $procmux$11755.
    dead port 1/2 on $mux $procmux$11736.
    dead port 2/2 on $mux $procmux$11736.
    dead port 1/2 on $mux $procmux$16917.
    dead port 2/2 on $mux $procmux$16917.
    dead port 1/2 on $mux $procmux$11717.
    dead port 2/2 on $mux $procmux$11717.
    dead port 1/2 on $mux $procmux$19721.
    dead port 2/2 on $mux $procmux$19721.
    dead port 1/2 on $mux $procmux$11698.
    dead port 2/2 on $mux $procmux$11698.
    dead port 1/2 on $mux $procmux$16913.
    dead port 2/2 on $mux $procmux$16913.
    dead port 1/2 on $mux $procmux$11679.
    dead port 2/2 on $mux $procmux$11679.
    dead port 1/2 on $mux $procmux$16909.
    dead port 2/2 on $mux $procmux$16909.
    dead port 1/2 on $mux $procmux$11660.
    dead port 2/2 on $mux $procmux$11660.
    dead port 1/2 on $mux $procmux$19704.
    dead port 2/2 on $mux $procmux$19704.
    dead port 1/2 on $mux $procmux$11641.
    dead port 2/2 on $mux $procmux$11641.
    dead port 1/2 on $mux $procmux$16905.
    dead port 2/2 on $mux $procmux$16905.
    dead port 1/2 on $mux $procmux$11622.
    dead port 2/2 on $mux $procmux$11622.
    dead port 1/2 on $mux $procmux$16901.
    dead port 2/2 on $mux $procmux$16901.
    dead port 1/2 on $mux $procmux$11603.
    dead port 2/2 on $mux $procmux$11603.
    dead port 1/2 on $mux $procmux$19687.
    dead port 2/2 on $mux $procmux$19687.
    dead port 1/2 on $mux $procmux$16897.
    dead port 2/2 on $mux $procmux$16897.
    dead port 1/2 on $mux $procmux$11584.
    dead port 2/2 on $mux $procmux$11584.
    dead port 1/2 on $mux $procmux$11565.
    dead port 2/2 on $mux $procmux$11565.
    dead port 1/2 on $mux $procmux$16893.
    dead port 2/2 on $mux $procmux$16893.
    dead port 1/2 on $mux $procmux$19670.
    dead port 2/2 on $mux $procmux$19670.
    dead port 1/2 on $mux $procmux$11546.
    dead port 2/2 on $mux $procmux$11546.
    dead port 1/2 on $mux $procmux$16889.
    dead port 2/2 on $mux $procmux$16889.
    dead port 1/2 on $mux $procmux$11527.
    dead port 2/2 on $mux $procmux$11527.
    dead port 1/2 on $mux $procmux$16885.
    dead port 2/2 on $mux $procmux$16885.
    dead port 1/2 on $mux $procmux$11508.
    dead port 2/2 on $mux $procmux$11508.
    dead port 1/2 on $mux $procmux$19653.
    dead port 2/2 on $mux $procmux$19653.
    dead port 1/2 on $mux $procmux$16881.
    dead port 2/2 on $mux $procmux$16881.
    dead port 1/2 on $mux $procmux$11478.
    dead port 2/2 on $mux $procmux$11478.
    dead port 1/2 on $mux $procmux$16877.
    dead port 2/2 on $mux $procmux$16877.
    dead port 1/2 on $mux $procmux$19636.
    dead port 2/2 on $mux $procmux$19636.
    dead port 1/2 on $mux $procmux$11459.
    dead port 2/2 on $mux $procmux$11459.
    dead port 1/2 on $mux $procmux$16873.
    dead port 2/2 on $mux $procmux$16873.
    dead port 1/2 on $mux $procmux$11440.
    dead port 2/2 on $mux $procmux$11440.
    dead port 1/2 on $mux $procmux$16869.
    dead port 2/2 on $mux $procmux$16869.
    dead port 1/2 on $mux $procmux$11421.
    dead port 2/2 on $mux $procmux$11421.
    dead port 1/2 on $mux $procmux$19619.
    dead port 2/2 on $mux $procmux$19619.
    dead port 1/2 on $mux $procmux$16865.
    dead port 2/2 on $mux $procmux$16865.
    dead port 1/2 on $mux $procmux$11391.
    dead port 2/2 on $mux $procmux$11391.
    dead port 1/2 on $mux $procmux$16861.
    dead port 2/2 on $mux $procmux$16861.
    dead port 1/2 on $mux $procmux$11372.
    dead port 2/2 on $mux $procmux$11372.
    dead port 1/2 on $mux $procmux$19602.
    dead port 2/2 on $mux $procmux$19602.
    dead port 1/2 on $mux $procmux$16857.
    dead port 2/2 on $mux $procmux$16857.
    dead port 1/2 on $mux $procmux$11353.
    dead port 2/2 on $mux $procmux$11353.
    dead port 1/2 on $mux $procmux$16853.
    dead port 2/2 on $mux $procmux$16853.
    dead port 1/2 on $mux $procmux$11334.
    dead port 2/2 on $mux $procmux$11334.
    dead port 1/2 on $mux $procmux$19585.
    dead port 2/2 on $mux $procmux$19585.
    dead port 1/2 on $mux $procmux$16849.
    dead port 2/2 on $mux $procmux$16849.
    dead port 1/2 on $mux $procmux$16845.
    dead port 2/2 on $mux $procmux$16845.
    dead port 1/2 on $mux $procmux$11304.
    dead port 2/2 on $mux $procmux$11304.
    dead port 1/2 on $mux $procmux$19568.
    dead port 2/2 on $mux $procmux$19568.
    dead port 1/2 on $mux $procmux$11285.
    dead port 2/2 on $mux $procmux$11285.
    dead port 1/2 on $mux $procmux$16841.
    dead port 2/2 on $mux $procmux$16841.
    dead port 1/2 on $mux $procmux$11266.
    dead port 2/2 on $mux $procmux$11266.
    dead port 1/2 on $mux $procmux$16837.
    dead port 2/2 on $mux $procmux$16837.
    dead port 1/2 on $mux $procmux$11247.
    dead port 2/2 on $mux $procmux$11247.
    dead port 1/2 on $mux $procmux$19551.
    dead port 2/2 on $mux $procmux$19551.
    dead port 1/2 on $mux $procmux$16833.
    dead port 2/2 on $mux $procmux$16833.
    dead port 1/2 on $mux $procmux$11217.
    dead port 2/2 on $mux $procmux$11217.
    dead port 1/2 on $mux $procmux$16829.
    dead port 2/2 on $mux $procmux$16829.
    dead port 1/2 on $mux $procmux$19534.
    dead port 2/2 on $mux $procmux$19534.
    dead port 1/2 on $mux $procmux$11198.
    dead port 2/2 on $mux $procmux$11198.
    dead port 1/2 on $mux $procmux$16825.
    dead port 2/2 on $mux $procmux$16825.
    dead port 1/2 on $mux $procmux$11179.
    dead port 2/2 on $mux $procmux$11179.
    dead port 1/2 on $mux $procmux$11160.
    dead port 2/2 on $mux $procmux$11160.
    dead port 1/2 on $mux $procmux$16821.
    dead port 2/2 on $mux $procmux$16821.
    dead port 1/2 on $mux $procmux$19517.
    dead port 2/2 on $mux $procmux$19517.
    dead port 1/2 on $mux $procmux$16817.
    dead port 2/2 on $mux $procmux$16817.
    dead port 1/2 on $mux $procmux$11130.
    dead port 2/2 on $mux $procmux$11130.
    dead port 1/2 on $mux $procmux$16813.
    dead port 2/2 on $mux $procmux$16813.
    dead port 1/2 on $mux $procmux$11111.
    dead port 2/2 on $mux $procmux$11111.
    dead port 1/2 on $mux $procmux$19500.
    dead port 2/2 on $mux $procmux$19500.
    dead port 1/2 on $mux $procmux$11092.
    dead port 2/2 on $mux $procmux$11092.
    dead port 1/2 on $mux $procmux$16809.
    dead port 2/2 on $mux $procmux$16809.
    dead port 1/2 on $mux $procmux$11073.
    dead port 2/2 on $mux $procmux$11073.
    dead port 1/2 on $mux $procmux$16805.
    dead port 2/2 on $mux $procmux$16805.
    dead port 1/2 on $mux $procmux$19483.
    dead port 2/2 on $mux $procmux$19483.
    dead port 1/2 on $mux $procmux$16801.
    dead port 2/2 on $mux $procmux$16801.
    dead port 1/2 on $mux $procmux$11043.
    dead port 2/2 on $mux $procmux$11043.
    dead port 1/2 on $mux $procmux$11024.
    dead port 2/2 on $mux $procmux$11024.
    dead port 1/2 on $mux $procmux$16797.
    dead port 2/2 on $mux $procmux$16797.
    dead port 1/2 on $mux $procmux$19466.
    dead port 2/2 on $mux $procmux$19466.
    dead port 1/2 on $mux $procmux$11005.
    dead port 2/2 on $mux $procmux$11005.
    dead port 1/2 on $mux $procmux$16793.
    dead port 2/2 on $mux $procmux$16793.
    dead port 1/2 on $mux $procmux$10986.
    dead port 2/2 on $mux $procmux$10986.
    dead port 1/2 on $mux $procmux$16789.
    dead port 2/2 on $mux $procmux$16789.
    dead port 1/2 on $mux $procmux$19449.
    dead port 2/2 on $mux $procmux$19449.
    dead port 1/2 on $mux $procmux$16785.
    dead port 2/2 on $mux $procmux$16785.
    dead port 1/2 on $mux $procmux$10956.
    dead port 2/2 on $mux $procmux$10956.
    dead port 1/2 on $mux $procmux$10937.
    dead port 2/2 on $mux $procmux$10937.
    dead port 1/2 on $mux $procmux$16781.
    dead port 2/2 on $mux $procmux$16781.
    dead port 1/2 on $mux $procmux$19432.
    dead port 2/2 on $mux $procmux$19432.
    dead port 1/2 on $mux $procmux$10918.
    dead port 2/2 on $mux $procmux$10918.
    dead port 1/2 on $mux $procmux$16777.
    dead port 2/2 on $mux $procmux$16777.
    dead port 1/2 on $mux $procmux$10899.
    dead port 2/2 on $mux $procmux$10899.
    dead port 1/2 on $mux $procmux$16773.
    dead port 2/2 on $mux $procmux$16773.
    dead port 1/2 on $mux $procmux$19415.
    dead port 2/2 on $mux $procmux$19415.
    dead port 1/2 on $mux $procmux$16769.
    dead port 2/2 on $mux $procmux$16769.
    dead port 1/2 on $mux $procmux$10869.
    dead port 2/2 on $mux $procmux$10869.
    dead port 1/2 on $mux $procmux$16765.
    dead port 2/2 on $mux $procmux$16765.
    dead port 1/2 on $mux $procmux$10850.
    dead port 2/2 on $mux $procmux$10850.
    dead port 1/2 on $mux $procmux$19398.
    dead port 2/2 on $mux $procmux$19398.
    dead port 1/2 on $mux $procmux$10831.
    dead port 2/2 on $mux $procmux$10831.
    dead port 1/2 on $mux $procmux$16761.
    dead port 2/2 on $mux $procmux$16761.
    dead port 1/2 on $mux $procmux$10812.
    dead port 2/2 on $mux $procmux$10812.
    dead port 1/2 on $mux $procmux$16757.
    dead port 2/2 on $mux $procmux$16757.
    dead port 1/2 on $mux $procmux$19381.
    dead port 2/2 on $mux $procmux$19381.
    dead port 1/2 on $mux $procmux$16753.
    dead port 2/2 on $mux $procmux$16753.
    dead port 1/2 on $mux $procmux$10782.
    dead port 2/2 on $mux $procmux$10782.
    dead port 1/2 on $mux $procmux$16749.
    dead port 2/2 on $mux $procmux$16749.
    dead port 1/2 on $mux $procmux$10763.
    dead port 2/2 on $mux $procmux$10763.
    dead port 1/2 on $mux $procmux$19364.
    dead port 2/2 on $mux $procmux$19364.
    dead port 1/2 on $mux $procmux$10744.
    dead port 2/2 on $mux $procmux$10744.
    dead port 1/2 on $mux $procmux$19347.
    dead port 2/2 on $mux $procmux$19347.
    dead port 1/2 on $mux $procmux$10725.
    dead port 2/2 on $mux $procmux$10725.
    dead port 1/2 on $mux $procmux$19330.
    dead port 2/2 on $mux $procmux$19330.
    dead port 1/2 on $mux $procmux$10695.
    dead port 2/2 on $mux $procmux$10695.
    dead port 1/2 on $mux $procmux$19313.
    dead port 2/2 on $mux $procmux$19313.
    dead port 1/2 on $mux $procmux$10676.
    dead port 2/2 on $mux $procmux$10676.
    dead port 1/2 on $mux $procmux$10657.
    dead port 2/2 on $mux $procmux$10657.
    dead port 1/2 on $mux $procmux$10638.
    dead port 2/2 on $mux $procmux$10638.
    dead port 1/2 on $mux $procmux$10608.
    dead port 2/2 on $mux $procmux$10608.
    dead port 1/2 on $mux $procmux$10589.
    dead port 2/2 on $mux $procmux$10589.
    dead port 1/2 on $mux $procmux$19296.
    dead port 2/2 on $mux $procmux$19296.
    dead port 1/2 on $mux $procmux$10570.
    dead port 2/2 on $mux $procmux$10570.
    dead port 1/2 on $mux $procmux$10551.
    dead port 2/2 on $mux $procmux$10551.
    dead port 1/2 on $mux $procmux$10521.
    dead port 2/2 on $mux $procmux$10521.
    dead port 1/2 on $mux $procmux$19279.
    dead port 2/2 on $mux $procmux$19279.
    dead port 1/2 on $mux $procmux$10502.
    dead port 2/2 on $mux $procmux$10502.
    dead port 1/2 on $mux $procmux$10483.
    dead port 2/2 on $mux $procmux$10483.
    dead port 1/2 on $mux $procmux$19262.
    dead port 2/2 on $mux $procmux$19262.
    dead port 1/2 on $mux $procmux$10464.
    dead port 2/2 on $mux $procmux$10464.
    dead port 1/2 on $mux $procmux$19245.
    dead port 2/2 on $mux $procmux$19245.
    dead port 1/2 on $mux $procmux$10434.
    dead port 2/2 on $mux $procmux$10434.
    dead port 1/2 on $mux $procmux$10415.
    dead port 2/2 on $mux $procmux$10415.
    dead port 1/2 on $mux $procmux$10396.
    dead port 2/2 on $mux $procmux$10396.
    dead port 1/2 on $mux $procmux$19228.
    dead port 2/2 on $mux $procmux$19228.
    dead port 1/2 on $mux $procmux$10377.
    dead port 2/2 on $mux $procmux$10377.
    dead port 1/2 on $mux $procmux$10347.
    dead port 2/2 on $mux $procmux$10347.
    dead port 1/2 on $mux $procmux$10328.
    dead port 2/2 on $mux $procmux$10328.
    dead port 1/2 on $mux $procmux$10309.
    dead port 2/2 on $mux $procmux$10309.
    dead port 1/2 on $mux $procmux$10290.
    dead port 2/2 on $mux $procmux$10290.
    dead port 1/2 on $mux $procmux$19211.
    dead port 2/2 on $mux $procmux$19211.
    dead port 1/2 on $mux $procmux$10249.
    dead port 2/2 on $mux $procmux$10249.
    dead port 1/2 on $mux $procmux$10230.
    dead port 2/2 on $mux $procmux$10230.
    dead port 1/2 on $mux $procmux$10211.
    dead port 2/2 on $mux $procmux$10211.
    dead port 1/2 on $mux $procmux$19194.
    dead port 2/2 on $mux $procmux$19194.
    dead port 1/2 on $mux $procmux$10192.
    dead port 2/2 on $mux $procmux$10192.
    dead port 1/2 on $mux $procmux$19177.
    dead port 2/2 on $mux $procmux$19177.
    dead port 1/2 on $mux $procmux$16569.
    dead port 2/2 on $mux $procmux$16569.
    dead port 1/2 on $mux $procmux$19161.
    dead port 2/2 on $mux $procmux$19161.
    dead port 1/2 on $mux $procmux$16549.
    dead port 2/2 on $mux $procmux$16549.
    dead port 1/2 on $mux $procmux$19145.
    dead port 2/2 on $mux $procmux$19145.
    dead port 1/2 on $mux $procmux$16529.
    dead port 2/2 on $mux $procmux$16529.
    dead port 1/2 on $mux $procmux$19129.
    dead port 2/2 on $mux $procmux$19129.
    dead port 1/2 on $mux $procmux$16509.
    dead port 2/2 on $mux $procmux$16509.
    dead port 1/2 on $mux $procmux$16489.
    dead port 2/2 on $mux $procmux$16489.
    dead port 1/2 on $mux $procmux$19113.
    dead port 2/2 on $mux $procmux$19113.
    dead port 1/2 on $mux $procmux$16469.
    dead port 2/2 on $mux $procmux$16469.
    dead port 1/2 on $mux $procmux$19097.
    dead port 2/2 on $mux $procmux$19097.
    dead port 1/2 on $mux $procmux$16449.
    dead port 2/2 on $mux $procmux$16449.
    dead port 1/2 on $mux $procmux$16429.
    dead port 2/2 on $mux $procmux$16429.
    dead port 1/2 on $mux $procmux$19081.
    dead port 2/2 on $mux $procmux$19081.
    dead port 1/2 on $mux $procmux$16409.
    dead port 2/2 on $mux $procmux$16409.
    dead port 1/2 on $mux $procmux$19065.
    dead port 2/2 on $mux $procmux$19065.
    dead port 1/2 on $mux $procmux$16389.
    dead port 2/2 on $mux $procmux$16389.
    dead port 1/2 on $mux $procmux$19049.
    dead port 2/2 on $mux $procmux$19049.
    dead port 1/2 on $mux $procmux$16369.
    dead port 2/2 on $mux $procmux$16369.
    dead port 1/2 on $mux $procmux$16349.
    dead port 2/2 on $mux $procmux$16349.
    dead port 1/2 on $mux $procmux$19033.
    dead port 2/2 on $mux $procmux$19033.
    dead port 1/2 on $mux $procmux$16329.
    dead port 2/2 on $mux $procmux$16329.
    dead port 1/2 on $mux $procmux$19017.
    dead port 2/2 on $mux $procmux$19017.
    dead port 1/2 on $mux $procmux$16309.
    dead port 2/2 on $mux $procmux$16309.
    dead port 1/2 on $mux $procmux$19001.
    dead port 2/2 on $mux $procmux$19001.
    dead port 1/2 on $mux $procmux$16289.
    dead port 2/2 on $mux $procmux$16289.
    dead port 1/2 on $mux $procmux$16269.
    dead port 2/2 on $mux $procmux$16269.
    dead port 1/2 on $mux $procmux$18985.
    dead port 2/2 on $mux $procmux$18985.
    dead port 1/2 on $mux $procmux$16249.
    dead port 2/2 on $mux $procmux$16249.
    dead port 1/2 on $mux $procmux$18969.
    dead port 2/2 on $mux $procmux$18969.
    dead port 1/2 on $mux $procmux$16229.
    dead port 2/2 on $mux $procmux$16229.
    dead port 1/2 on $mux $procmux$18953.
    dead port 2/2 on $mux $procmux$18953.
    dead port 1/2 on $mux $procmux$16209.
    dead port 2/2 on $mux $procmux$16209.
    dead port 1/2 on $mux $procmux$16189.
    dead port 2/2 on $mux $procmux$16189.
    dead port 1/2 on $mux $procmux$18937.
    dead port 2/2 on $mux $procmux$18937.
    dead port 1/2 on $mux $procmux$16169.
    dead port 2/2 on $mux $procmux$16169.
    dead port 1/2 on $mux $procmux$18921.
    dead port 2/2 on $mux $procmux$18921.
    dead port 1/2 on $mux $procmux$16149.
    dead port 2/2 on $mux $procmux$16149.
    dead port 1/2 on $mux $procmux$16129.
    dead port 2/2 on $mux $procmux$16129.
    dead port 1/2 on $mux $procmux$18905.
    dead port 2/2 on $mux $procmux$18905.
    dead port 1/2 on $mux $procmux$16109.
    dead port 2/2 on $mux $procmux$16109.
    dead port 1/2 on $mux $procmux$18889.
    dead port 2/2 on $mux $procmux$18889.
    dead port 1/2 on $mux $procmux$16089.
    dead port 2/2 on $mux $procmux$16089.
    dead port 1/2 on $mux $procmux$18873.
    dead port 2/2 on $mux $procmux$18873.
    dead port 1/2 on $mux $procmux$16069.
    dead port 2/2 on $mux $procmux$16069.
    dead port 1/2 on $mux $procmux$16049.
    dead port 2/2 on $mux $procmux$16049.
    dead port 1/2 on $mux $procmux$18857.
    dead port 2/2 on $mux $procmux$18857.
    dead port 1/2 on $mux $procmux$16029.
    dead port 2/2 on $mux $procmux$16029.
    dead port 1/2 on $mux $procmux$18841.
    dead port 2/2 on $mux $procmux$18841.
    dead port 1/2 on $mux $procmux$16009.
    dead port 2/2 on $mux $procmux$16009.
    dead port 1/2 on $mux $procmux$18825.
    dead port 2/2 on $mux $procmux$18825.
    dead port 1/2 on $mux $procmux$15989.
    dead port 2/2 on $mux $procmux$15989.
    dead port 1/2 on $mux $procmux$15969.
    dead port 2/2 on $mux $procmux$15969.
    dead port 1/2 on $mux $procmux$18809.
    dead port 2/2 on $mux $procmux$18809.
    dead port 1/2 on $mux $procmux$15949.
    dead port 2/2 on $mux $procmux$15949.
    dead port 1/2 on $mux $procmux$18793.
    dead port 2/2 on $mux $procmux$18793.
    dead port 1/2 on $mux $procmux$15929.
    dead port 2/2 on $mux $procmux$15929.
    dead port 1/2 on $mux $procmux$18777.
    dead port 2/2 on $mux $procmux$18777.
    dead port 1/2 on $mux $procmux$15909.
    dead port 2/2 on $mux $procmux$15909.
    dead port 1/2 on $mux $procmux$15889.
    dead port 2/2 on $mux $procmux$15889.
    dead port 1/2 on $mux $procmux$18761.
    dead port 2/2 on $mux $procmux$18761.
    dead port 1/2 on $mux $procmux$15869.
    dead port 2/2 on $mux $procmux$15869.
    dead port 1/2 on $mux $procmux$18745.
    dead port 2/2 on $mux $procmux$18745.
    dead port 1/2 on $mux $procmux$15849.
    dead port 2/2 on $mux $procmux$15849.
    dead port 1/2 on $mux $procmux$15829.
    dead port 2/2 on $mux $procmux$15829.
    dead port 1/2 on $mux $procmux$18729.
    dead port 2/2 on $mux $procmux$18729.
    dead port 1/2 on $mux $procmux$15809.
    dead port 2/2 on $mux $procmux$15809.
    dead port 1/2 on $mux $procmux$18713.
    dead port 2/2 on $mux $procmux$18713.
    dead port 1/2 on $mux $procmux$15789.
    dead port 2/2 on $mux $procmux$15789.
    dead port 1/2 on $mux $procmux$18697.
    dead port 2/2 on $mux $procmux$18697.
    dead port 1/2 on $mux $procmux$15769.
    dead port 2/2 on $mux $procmux$15769.
    dead port 1/2 on $mux $procmux$15749.
    dead port 2/2 on $mux $procmux$15749.
    dead port 1/2 on $mux $procmux$18681.
    dead port 2/2 on $mux $procmux$18681.
    dead port 1/2 on $mux $procmux$15729.
    dead port 2/2 on $mux $procmux$15729.
    dead port 1/2 on $mux $procmux$18665.
    dead port 2/2 on $mux $procmux$18665.
    dead port 1/2 on $mux $procmux$15709.
    dead port 2/2 on $mux $procmux$15709.
    dead port 1/2 on $mux $procmux$18649.
    dead port 2/2 on $mux $procmux$18649.
    dead port 1/2 on $mux $procmux$15689.
    dead port 2/2 on $mux $procmux$15689.
    dead port 1/2 on $mux $procmux$15669.
    dead port 2/2 on $mux $procmux$15669.
    dead port 1/2 on $mux $procmux$18633.
    dead port 2/2 on $mux $procmux$18633.
    dead port 1/2 on $mux $procmux$15649.
    dead port 2/2 on $mux $procmux$15649.
    dead port 1/2 on $mux $procmux$18617.
    dead port 2/2 on $mux $procmux$18617.
    dead port 1/2 on $mux $procmux$15629.
    dead port 2/2 on $mux $procmux$15629.
    dead port 1/2 on $mux $procmux$18601.
    dead port 2/2 on $mux $procmux$18601.
    dead port 1/2 on $mux $procmux$15609.
    dead port 2/2 on $mux $procmux$15609.
    dead port 1/2 on $mux $procmux$15589.
    dead port 2/2 on $mux $procmux$15589.
    dead port 1/2 on $mux $procmux$18585.
    dead port 2/2 on $mux $procmux$18585.
    dead port 1/2 on $mux $procmux$15549.
    dead port 2/2 on $mux $procmux$15549.
    dead port 1/2 on $mux $procmux$18569.
    dead port 2/2 on $mux $procmux$18569.
    dead port 1/2 on $mux $procmux$15529.
    dead port 2/2 on $mux $procmux$15529.
    dead port 1/2 on $mux $procmux$18553.
    dead port 2/2 on $mux $procmux$18553.
    dead port 1/2 on $mux $procmux$15509.
    dead port 2/2 on $mux $procmux$15509.
    dead port 1/2 on $mux $procmux$18537.
    dead port 2/2 on $mux $procmux$18537.
    dead port 1/2 on $mux $procmux$15469.
    dead port 2/2 on $mux $procmux$15469.
    dead port 1/2 on $mux $procmux$18521.
    dead port 2/2 on $mux $procmux$18521.
    dead port 1/2 on $mux $procmux$15449.
    dead port 2/2 on $mux $procmux$15449.
    dead port 1/2 on $mux $procmux$18505.
    dead port 2/2 on $mux $procmux$18505.
    dead port 1/2 on $mux $procmux$15429.
    dead port 2/2 on $mux $procmux$15429.
    dead port 1/2 on $mux $procmux$18489.
    dead port 2/2 on $mux $procmux$18489.
    dead port 1/2 on $mux $procmux$15389.
    dead port 2/2 on $mux $procmux$15389.
    dead port 1/2 on $mux $procmux$18473.
    dead port 2/2 on $mux $procmux$18473.
    dead port 1/2 on $mux $procmux$8607.
    dead port 2/2 on $mux $procmux$8607.
    dead port 1/2 on $mux $procmux$15369.
    dead port 2/2 on $mux $procmux$15369.
    dead port 1/2 on $mux $procmux$8600.
    dead port 2/2 on $mux $procmux$8600.
    dead port 1/2 on $mux $procmux$15349.
    dead port 2/2 on $mux $procmux$15349.
    dead port 1/2 on $mux $procmux$8593.
    dead port 2/2 on $mux $procmux$8593.
    dead port 1/2 on $mux $procmux$18457.
    dead port 2/2 on $mux $procmux$18457.
    dead port 1/2 on $mux $procmux$8586.
    dead port 2/2 on $mux $procmux$8586.
    dead port 1/2 on $mux $procmux$8579.
    dead port 2/2 on $mux $procmux$8579.
    dead port 1/2 on $mux $procmux$18441.
    dead port 2/2 on $mux $procmux$18441.
    dead port 1/2 on $mux $procmux$15309.
    dead port 2/2 on $mux $procmux$15309.
    dead port 1/2 on $mux $procmux$8572.
    dead port 2/2 on $mux $procmux$8572.
    dead port 1/2 on $mux $procmux$8565.
    dead port 2/2 on $mux $procmux$8565.
    dead port 1/2 on $mux $procmux$15289.
    dead port 2/2 on $mux $procmux$15289.
    dead port 1/2 on $mux $procmux$18425.
    dead port 2/2 on $mux $procmux$18425.
    dead port 1/2 on $mux $procmux$8558.
    dead port 2/2 on $mux $procmux$8558.
    dead port 1/2 on $mux $procmux$15269.
    dead port 2/2 on $mux $procmux$15269.
    dead port 1/2 on $mux $procmux$8551.
    dead port 2/2 on $mux $procmux$8551.
    dead port 1/2 on $mux $procmux$18409.
    dead port 2/2 on $mux $procmux$18409.
    dead port 1/2 on $mux $procmux$8544.
    dead port 2/2 on $mux $procmux$8544.
    dead port 1/2 on $mux $procmux$8537.
    dead port 2/2 on $mux $procmux$8537.
    dead port 1/2 on $mux $procmux$15229.
    dead port 2/2 on $mux $procmux$15229.
    dead port 1/2 on $mux $procmux$8530.
    dead port 2/2 on $mux $procmux$8530.
    dead port 1/2 on $mux $procmux$18393.
    dead port 2/2 on $mux $procmux$18393.
    dead port 1/2 on $mux $procmux$8523.
    dead port 2/2 on $mux $procmux$8523.
    dead port 1/2 on $mux $procmux$15209.
    dead port 2/2 on $mux $procmux$15209.
    dead port 1/2 on $mux $procmux$8516.
    dead port 2/2 on $mux $procmux$8516.
    dead port 1/2 on $mux $procmux$18377.
    dead port 2/2 on $mux $procmux$18377.
    dead port 1/2 on $mux $procmux$15189.
    dead port 2/2 on $mux $procmux$15189.
    dead port 1/2 on $mux $procmux$8509.
    dead port 2/2 on $mux $procmux$8509.
    dead port 1/2 on $mux $procmux$8502.
    dead port 2/2 on $mux $procmux$8502.
    dead port 1/2 on $mux $procmux$8495.
    dead port 2/2 on $mux $procmux$8495.
    dead port 1/2 on $mux $procmux$18361.
    dead port 2/2 on $mux $procmux$18361.
    dead port 1/2 on $mux $procmux$15149.
    dead port 2/2 on $mux $procmux$15149.
    dead port 1/2 on $mux $procmux$8488.
    dead port 2/2 on $mux $procmux$8488.
    dead port 1/2 on $mux $procmux$18345.
    dead port 2/2 on $mux $procmux$18345.
    dead port 1/2 on $mux $procmux$8481.
    dead port 2/2 on $mux $procmux$8481.
    dead port 1/2 on $mux $procmux$15129.
    dead port 2/2 on $mux $procmux$15129.
    dead port 1/2 on $mux $procmux$8474.
    dead port 2/2 on $mux $procmux$8474.
    dead port 1/2 on $mux $procmux$20809.
    dead port 2/2 on $mux $procmux$20809.
    dead port 1/2 on $mux $procmux$15109.
    dead port 2/2 on $mux $procmux$15109.
    dead port 1/2 on $mux $procmux$8467.
    dead port 2/2 on $mux $procmux$8467.
    dead port 1/2 on $mux $procmux$18329.
    dead port 2/2 on $mux $procmux$18329.
    dead port 1/2 on $mux $procmux$8460.
    dead port 2/2 on $mux $procmux$8460.
    dead port 1/2 on $mux $procmux$8453.
    dead port 2/2 on $mux $procmux$8453.
    dead port 1/2 on $mux $procmux$18313.
    dead port 2/2 on $mux $procmux$18313.
    dead port 1/2 on $mux $procmux$15069.
    dead port 2/2 on $mux $procmux$15069.
    dead port 1/2 on $mux $procmux$8446.
    dead port 2/2 on $mux $procmux$8446.
    dead port 1/2 on $mux $procmux$20792.
    dead port 2/2 on $mux $procmux$20792.
    dead port 1/2 on $mux $procmux$18297.
    dead port 2/2 on $mux $procmux$18297.
    dead port 1/2 on $mux $procmux$8439.
    dead port 2/2 on $mux $procmux$8439.
    dead port 1/2 on $mux $procmux$15049.
    dead port 2/2 on $mux $procmux$15049.
    dead port 1/2 on $mux $procmux$8432.
    dead port 2/2 on $mux $procmux$8432.
    dead port 1/2 on $mux $procmux$15029.
    dead port 2/2 on $mux $procmux$15029.
    dead port 1/2 on $mux $procmux$8425.
    dead port 2/2 on $mux $procmux$8425.
    dead port 1/2 on $mux $procmux$18281.
    dead port 2/2 on $mux $procmux$18281.
    dead port 1/2 on $mux $procmux$8418.
    dead port 2/2 on $mux $procmux$8418.
    dead port 1/2 on $mux $procmux$8411.
    dead port 2/2 on $mux $procmux$8411.
    dead port 1/2 on $mux $procmux$20775.
    dead port 2/2 on $mux $procmux$20775.
    dead port 1/2 on $mux $procmux$14989.
    dead port 2/2 on $mux $procmux$14989.
    dead port 1/2 on $mux $procmux$8404.
    dead port 2/2 on $mux $procmux$8404.
    dead port 1/2 on $mux $procmux$18265.
    dead port 2/2 on $mux $procmux$18265.
    dead port 1/2 on $mux $procmux$8397.
    dead port 2/2 on $mux $procmux$8397.
    dead port 1/2 on $mux $procmux$14969.
    dead port 2/2 on $mux $procmux$14969.
    dead port 1/2 on $mux $procmux$8390.
    dead port 2/2 on $mux $procmux$8390.
    dead port 1/2 on $mux $procmux$18249.
    dead port 2/2 on $mux $procmux$18249.
    dead port 1/2 on $mux $procmux$14949.
    dead port 2/2 on $mux $procmux$14949.
    dead port 1/2 on $mux $procmux$8383.
    dead port 2/2 on $mux $procmux$8383.
    dead port 1/2 on $mux $procmux$20758.
    dead port 2/2 on $mux $procmux$20758.
    dead port 1/2 on $mux $procmux$8376.
    dead port 2/2 on $mux $procmux$8376.
    dead port 1/2 on $mux $procmux$18233.
    dead port 2/2 on $mux $procmux$18233.
    dead port 1/2 on $mux $procmux$8369.
    dead port 2/2 on $mux $procmux$8369.
    dead port 1/2 on $mux $procmux$14909.
    dead port 2/2 on $mux $procmux$14909.
    dead port 1/2 on $mux $procmux$8362.
    dead port 2/2 on $mux $procmux$8362.
    dead port 1/2 on $mux $procmux$18217.
    dead port 2/2 on $mux $procmux$18217.
    dead port 1/2 on $mux $procmux$8355.
    dead port 2/2 on $mux $procmux$8355.
    dead port 1/2 on $mux $procmux$14889.
    dead port 2/2 on $mux $procmux$14889.
    dead port 1/2 on $mux $procmux$20741.
    dead port 2/2 on $mux $procmux$20741.
    dead port 1/2 on $mux $procmux$8348.
    dead port 2/2 on $mux $procmux$8348.
    dead port 1/2 on $mux $procmux$18201.
    dead port 2/2 on $mux $procmux$18201.
    dead port 1/2 on $mux $procmux$14869.
    dead port 2/2 on $mux $procmux$14869.
    dead port 1/2 on $mux $procmux$8341.
    dead port 2/2 on $mux $procmux$8341.
    dead port 1/2 on $mux $procmux$8334.
    dead port 2/2 on $mux $procmux$8334.
    dead port 1/2 on $mux $procmux$8327.
    dead port 2/2 on $mux $procmux$8327.
    dead port 1/2 on $mux $procmux$18185.
    dead port 2/2 on $mux $procmux$18185.
    dead port 1/2 on $mux $procmux$14829.
    dead port 2/2 on $mux $procmux$14829.
    dead port 1/2 on $mux $procmux$8320.
    dead port 2/2 on $mux $procmux$8320.
    dead port 1/2 on $mux $procmux$20724.
    dead port 2/2 on $mux $procmux$20724.
    dead port 1/2 on $mux $procmux$18169.
    dead port 2/2 on $mux $procmux$18169.
    dead port 1/2 on $mux $procmux$8313.
    dead port 2/2 on $mux $procmux$8313.
    dead port 1/2 on $mux $procmux$14809.
    dead port 2/2 on $mux $procmux$14809.
    dead port 1/2 on $mux $procmux$8306.
    dead port 2/2 on $mux $procmux$8306.
    dead port 1/2 on $mux $procmux$14789.
    dead port 2/2 on $mux $procmux$14789.
    dead port 1/2 on $mux $procmux$8299.
    dead port 2/2 on $mux $procmux$8299.
    dead port 1/2 on $mux $procmux$18153.
    dead port 2/2 on $mux $procmux$18153.
    dead port 1/2 on $mux $procmux$8292.
    dead port 2/2 on $mux $procmux$8292.
    dead port 1/2 on $mux $procmux$8285.
    dead port 2/2 on $mux $procmux$8285.
    dead port 1/2 on $mux $procmux$20707.
    dead port 2/2 on $mux $procmux$20707.
    dead port 1/2 on $mux $procmux$14749.
    dead port 2/2 on $mux $procmux$14749.
    dead port 1/2 on $mux $procmux$8278.
    dead port 2/2 on $mux $procmux$8278.
    dead port 1/2 on $mux $procmux$18137.
    dead port 2/2 on $mux $procmux$18137.
    dead port 1/2 on $mux $procmux$8271.
    dead port 2/2 on $mux $procmux$8271.
    dead port 1/2 on $mux $procmux$14729.
    dead port 2/2 on $mux $procmux$14729.
    dead port 1/2 on $mux $procmux$8264.
    dead port 2/2 on $mux $procmux$8264.
    dead port 1/2 on $mux $procmux$18121.
    dead port 2/2 on $mux $procmux$18121.
    dead port 1/2 on $mux $procmux$14709.
    dead port 2/2 on $mux $procmux$14709.
    dead port 1/2 on $mux $procmux$8257.
    dead port 2/2 on $mux $procmux$8257.
    dead port 1/2 on $mux $procmux$20690.
    dead port 2/2 on $mux $procmux$20690.
    dead port 1/2 on $mux $procmux$8250.
    dead port 2/2 on $mux $procmux$8250.
    dead port 1/2 on $mux $procmux$18105.
    dead port 2/2 on $mux $procmux$18105.
    dead port 1/2 on $mux $procmux$8243.
    dead port 2/2 on $mux $procmux$8243.
    dead port 1/2 on $mux $procmux$14669.
    dead port 2/2 on $mux $procmux$14669.
    dead port 1/2 on $mux $procmux$8236.
    dead port 2/2 on $mux $procmux$8236.
    dead port 1/2 on $mux $procmux$18089.
    dead port 2/2 on $mux $procmux$18089.
    dead port 1/2 on $mux $procmux$20673.
    dead port 2/2 on $mux $procmux$20673.
    dead port 1/2 on $mux $procmux$8229.
    dead port 2/2 on $mux $procmux$8229.
    dead port 1/2 on $mux $procmux$14649.
    dead port 2/2 on $mux $procmux$14649.
    dead port 1/2 on $mux $procmux$8222.
    dead port 2/2 on $mux $procmux$8222.
    dead port 1/2 on $mux $procmux$18073.
    dead port 2/2 on $mux $procmux$18073.
    dead port 1/2 on $mux $procmux$14629.
    dead port 2/2 on $mux $procmux$14629.
    dead port 1/2 on $mux $procmux$8215.
    dead port 2/2 on $mux $procmux$8215.
    dead port 1/2 on $mux $procmux$8208.
    dead port 2/2 on $mux $procmux$8208.
    dead port 1/2 on $mux $procmux$8201.
    dead port 2/2 on $mux $procmux$8201.
    dead port 1/2 on $mux $procmux$18057.
    dead port 2/2 on $mux $procmux$18057.
    dead port 1/2 on $mux $procmux$14589.
    dead port 2/2 on $mux $procmux$14589.
    dead port 1/2 on $mux $procmux$8194.
    dead port 2/2 on $mux $procmux$8194.
    dead port 1/2 on $mux $procmux$20656.
    dead port 2/2 on $mux $procmux$20656.
    dead port 1/2 on $mux $procmux$18041.
    dead port 2/2 on $mux $procmux$18041.
    dead port 1/2 on $mux $procmux$8187.
    dead port 2/2 on $mux $procmux$8187.
    dead port 1/2 on $mux $procmux$14569.
    dead port 2/2 on $mux $procmux$14569.
    dead port 1/2 on $mux $procmux$8180.
    dead port 2/2 on $mux $procmux$8180.
    dead port 1/2 on $mux $procmux$14549.
    dead port 2/2 on $mux $procmux$14549.
    dead port 1/2 on $mux $procmux$8173.
    dead port 2/2 on $mux $procmux$8173.
    dead port 1/2 on $mux $procmux$18025.
    dead port 2/2 on $mux $procmux$18025.
    dead port 1/2 on $mux $procmux$8166.
    dead port 2/2 on $mux $procmux$8166.
    dead port 1/2 on $mux $procmux$20639.
    dead port 2/2 on $mux $procmux$20639.
    dead port 1/2 on $mux $procmux$8159.
    dead port 2/2 on $mux $procmux$8159.
    dead port 1/2 on $mux $procmux$18009.
    dead port 2/2 on $mux $procmux$18009.
    dead port 1/2 on $mux $procmux$14509.
    dead port 2/2 on $mux $procmux$14509.
    dead port 1/2 on $mux $procmux$8152.
    dead port 2/2 on $mux $procmux$8152.
    dead port 1/2 on $mux $procmux$8145.
    dead port 2/2 on $mux $procmux$8145.
    dead port 1/2 on $mux $procmux$14489.
    dead port 2/2 on $mux $procmux$14489.
    dead port 1/2 on $mux $procmux$17993.
    dead port 2/2 on $mux $procmux$17993.
    dead port 1/2 on $mux $procmux$8138.
    dead port 2/2 on $mux $procmux$8138.
    dead port 1/2 on $mux $procmux$20622.
    dead port 2/2 on $mux $procmux$20622.
    dead port 1/2 on $mux $procmux$14469.
    dead port 2/2 on $mux $procmux$14469.
    dead port 1/2 on $mux $procmux$8131.
    dead port 2/2 on $mux $procmux$8131.
    dead port 1/2 on $mux $procmux$17977.
    dead port 2/2 on $mux $procmux$17977.
    dead port 1/2 on $mux $procmux$8124.
    dead port 2/2 on $mux $procmux$8124.
    dead port 1/2 on $mux $procmux$8117.
    dead port 2/2 on $mux $procmux$8117.
    dead port 1/2 on $mux $procmux$8110.
    dead port 2/2 on $mux $procmux$8110.
    dead port 1/2 on $mux $procmux$17961.
    dead port 2/2 on $mux $procmux$17961.
    dead port 1/2 on $mux $procmux$8103.
    dead port 2/2 on $mux $procmux$8103.
    dead port 1/2 on $mux $procmux$14409.
    dead port 2/2 on $mux $procmux$14409.
    dead port 1/2 on $mux $procmux$20605.
    dead port 2/2 on $mux $procmux$20605.
    dead port 1/2 on $mux $procmux$8096.
    dead port 2/2 on $mux $procmux$8096.
    dead port 1/2 on $mux $procmux$17945.
    dead port 2/2 on $mux $procmux$17945.
    dead port 1/2 on $mux $procmux$14389.
    dead port 2/2 on $mux $procmux$14389.
    dead port 1/2 on $mux $procmux$8089.
    dead port 2/2 on $mux $procmux$8089.
    dead port 1/2 on $mux $procmux$8082.
    dead port 2/2 on $mux $procmux$8082.
    dead port 1/2 on $mux $procmux$14369.
    dead port 2/2 on $mux $procmux$14369.
    dead port 1/2 on $mux $procmux$8075.
    dead port 2/2 on $mux $procmux$8075.
    dead port 1/2 on $mux $procmux$17929.
    dead port 2/2 on $mux $procmux$17929.
    dead port 1/2 on $mux $procmux$20588.
    dead port 2/2 on $mux $procmux$20588.
    dead port 1/2 on $mux $procmux$8068.
    dead port 2/2 on $mux $procmux$8068.
    dead port 1/2 on $mux $procmux$17913.
    dead port 2/2 on $mux $procmux$17913.
    dead port 1/2 on $mux $procmux$8061.
    dead port 2/2 on $mux $procmux$8061.
    dead port 1/2 on $mux $procmux$8054.
    dead port 2/2 on $mux $procmux$8054.
    dead port 1/2 on $mux $procmux$17897.
    dead port 2/2 on $mux $procmux$17897.
    dead port 1/2 on $mux $procmux$8047.
    dead port 2/2 on $mux $procmux$8047.
    dead port 1/2 on $mux $procmux$20571.
    dead port 2/2 on $mux $procmux$20571.
    dead port 1/2 on $mux $procmux$8040.
    dead port 2/2 on $mux $procmux$8040.
    dead port 1/2 on $mux $procmux$8033.
    dead port 2/2 on $mux $procmux$8033.
    dead port 1/2 on $mux $procmux$17881.
    dead port 2/2 on $mux $procmux$17881.
    dead port 1/2 on $mux $procmux$8026.
    dead port 2/2 on $mux $procmux$8026.
    dead port 1/2 on $mux $procmux$8019.
    dead port 2/2 on $mux $procmux$8019.
    dead port 1/2 on $mux $procmux$17865.
    dead port 2/2 on $mux $procmux$17865.
    dead port 1/2 on $mux $procmux$20554.
    dead port 2/2 on $mux $procmux$20554.
    dead port 1/2 on $mux $procmux$8012.
    dead port 2/2 on $mux $procmux$8012.
    dead port 1/2 on $mux $procmux$8005.
    dead port 2/2 on $mux $procmux$8005.
    dead port 1/2 on $mux $procmux$17849.
    dead port 2/2 on $mux $procmux$17849.
    dead port 1/2 on $mux $procmux$7998.
    dead port 2/2 on $mux $procmux$7998.
    dead port 1/2 on $mux $procmux$7991.
    dead port 2/2 on $mux $procmux$7991.
    dead port 1/2 on $mux $procmux$17833.
    dead port 2/2 on $mux $procmux$17833.
    dead port 1/2 on $mux $procmux$20537.
    dead port 2/2 on $mux $procmux$20537.
    dead port 1/2 on $mux $procmux$7984.
    dead port 2/2 on $mux $procmux$7984.
    dead port 1/2 on $mux $procmux$7977.
    dead port 2/2 on $mux $procmux$7977.
    dead port 1/2 on $mux $procmux$17817.
    dead port 2/2 on $mux $procmux$17817.
    dead port 1/2 on $mux $procmux$7970.
    dead port 2/2 on $mux $procmux$7970.
    dead port 1/2 on $mux $procmux$7963.
    dead port 2/2 on $mux $procmux$7963.
    dead port 1/2 on $mux $procmux$17801.
    dead port 2/2 on $mux $procmux$17801.
    dead port 1/2 on $mux $procmux$7956.
    dead port 2/2 on $mux $procmux$7956.
    dead port 1/2 on $mux $procmux$20520.
    dead port 2/2 on $mux $procmux$20520.
    dead port 1/2 on $mux $procmux$17785.
    dead port 2/2 on $mux $procmux$17785.
    dead port 1/2 on $mux $procmux$7949.
    dead port 2/2 on $mux $procmux$7949.
    dead port 1/2 on $mux $procmux$7942.
    dead port 2/2 on $mux $procmux$7942.
    dead port 1/2 on $mux $procmux$17769.
    dead port 2/2 on $mux $procmux$17769.
    dead port 1/2 on $mux $procmux$20503.
    dead port 2/2 on $mux $procmux$20503.
    dead port 1/2 on $mux $procmux$17753.
    dead port 2/2 on $mux $procmux$17753.
    dead port 1/2 on $mux $procmux$17737.
    dead port 2/2 on $mux $procmux$17737.
    dead port 1/2 on $mux $procmux$20486.
    dead port 2/2 on $mux $procmux$20486.
    dead port 1/2 on $mux $procmux$17721.
    dead port 2/2 on $mux $procmux$17721.
    dead port 1/2 on $mux $procmux$17705.
    dead port 2/2 on $mux $procmux$17705.
    dead port 1/2 on $mux $procmux$20469.
    dead port 2/2 on $mux $procmux$20469.
    dead port 1/2 on $mux $procmux$17689.
    dead port 2/2 on $mux $procmux$17689.
    dead port 1/2 on $mux $procmux$17673.
    dead port 2/2 on $mux $procmux$17673.
    dead port 1/2 on $mux $procmux$20452.
    dead port 2/2 on $mux $procmux$20452.
    dead port 1/2 on $mux $procmux$17657.
    dead port 2/2 on $mux $procmux$17657.
    dead port 1/2 on $mux $procmux$17641.
    dead port 2/2 on $mux $procmux$17641.
    dead port 1/2 on $mux $procmux$20435.
    dead port 2/2 on $mux $procmux$20435.
    dead port 1/2 on $mux $procmux$17625.
    dead port 2/2 on $mux $procmux$17625.
    dead port 1/2 on $mux $procmux$17609.
    dead port 2/2 on $mux $procmux$17609.
    dead port 1/2 on $mux $procmux$20418.
    dead port 2/2 on $mux $procmux$20418.
    dead port 1/2 on $mux $procmux$17593.
    dead port 2/2 on $mux $procmux$17593.
    dead port 1/2 on $mux $procmux$17577.
    dead port 2/2 on $mux $procmux$17577.
    dead port 1/2 on $mux $procmux$20401.
    dead port 2/2 on $mux $procmux$20401.
    dead port 1/2 on $mux $procmux$17561.
    dead port 2/2 on $mux $procmux$17561.
    dead port 1/2 on $mux $procmux$17545.
    dead port 2/2 on $mux $procmux$17545.
    dead port 1/2 on $mux $procmux$20384.
    dead port 2/2 on $mux $procmux$20384.
    dead port 1/2 on $mux $procmux$17529.
    dead port 2/2 on $mux $procmux$17529.
    dead port 1/2 on $mux $procmux$17513.
    dead port 2/2 on $mux $procmux$17513.
    dead port 1/2 on $mux $procmux$20367.
    dead port 2/2 on $mux $procmux$20367.
    dead port 1/2 on $mux $procmux$17497.
    dead port 2/2 on $mux $procmux$17497.
    dead port 1/2 on $mux $procmux$17481.
    dead port 2/2 on $mux $procmux$17481.
    dead port 1/2 on $mux $procmux$20350.
    dead port 2/2 on $mux $procmux$20350.
    dead port 1/2 on $mux $procmux$17465.
    dead port 2/2 on $mux $procmux$17465.
    dead port 1/2 on $mux $procmux$17449.
    dead port 2/2 on $mux $procmux$17449.
    dead port 1/2 on $mux $procmux$20333.
    dead port 2/2 on $mux $procmux$20333.
    dead port 1/2 on $mux $procmux$17433.
    dead port 2/2 on $mux $procmux$17433.
    dead port 1/2 on $mux $procmux$17417.
    dead port 2/2 on $mux $procmux$17417.
    dead port 1/2 on $mux $procmux$20316.
    dead port 2/2 on $mux $procmux$20316.
    dead port 1/2 on $mux $procmux$17401.
    dead port 2/2 on $mux $procmux$17401.
    dead port 1/2 on $mux $procmux$17385.
    dead port 2/2 on $mux $procmux$17385.
    dead port 1/2 on $mux $procmux$20299.
    dead port 2/2 on $mux $procmux$20299.
    dead port 1/2 on $mux $procmux$17369.
    dead port 2/2 on $mux $procmux$17369.
    dead port 1/2 on $mux $procmux$17353.
    dead port 2/2 on $mux $procmux$17353.
    dead port 1/2 on $mux $procmux$20282.
    dead port 2/2 on $mux $procmux$20282.
    dead port 1/2 on $mux $procmux$17337.
    dead port 2/2 on $mux $procmux$17337.
    dead port 1/2 on $mux $procmux$21748.
    dead port 2/2 on $mux $procmux$21748.
    dead port 1/2 on $mux $procmux$17321.
    dead port 2/2 on $mux $procmux$17321.
    dead port 1/2 on $mux $procmux$21767.
    dead port 2/2 on $mux $procmux$21767.
    dead port 1/2 on $mux $procmux$20265.
    dead port 2/2 on $mux $procmux$20265.
    dead port 1/2 on $mux $procmux$17305.
    dead port 2/2 on $mux $procmux$17305.
    dead port 1/2 on $mux $procmux$17289.
    dead port 2/2 on $mux $procmux$17289.
    dead port 1/2 on $mux $procmux$20248.
    dead port 2/2 on $mux $procmux$20248.
    dead port 1/2 on $mux $procmux$17273.
    dead port 2/2 on $mux $procmux$17273.
    dead port 1/2 on $mux $procmux$17257.
    dead port 2/2 on $mux $procmux$17257.
    dead port 1/2 on $mux $procmux$20231.
    dead port 2/2 on $mux $procmux$20231.
    dead port 1/2 on $mux $procmux$17241.
    dead port 2/2 on $mux $procmux$17241.
    dead port 1/2 on $mux $procmux$17225.
    dead port 2/2 on $mux $procmux$17225.
    dead port 1/2 on $mux $procmux$20214.
    dead port 2/2 on $mux $procmux$20214.
    dead port 1/2 on $mux $procmux$17209.
    dead port 2/2 on $mux $procmux$17209.
    dead port 1/2 on $mux $procmux$17193.
    dead port 2/2 on $mux $procmux$17193.
    dead port 1/2 on $mux $procmux$20197.
    dead port 2/2 on $mux $procmux$20197.
    dead port 1/2 on $mux $procmux$17177.
    dead port 2/2 on $mux $procmux$17177.
    dead port 1/2 on $mux $procmux$17161.
    dead port 2/2 on $mux $procmux$17161.
    dead port 1/2 on $mux $procmux$20180.
    dead port 2/2 on $mux $procmux$20180.
    dead port 1/2 on $mux $procmux$17145.
    dead port 2/2 on $mux $procmux$17145.
    dead port 1/2 on $mux $procmux$17129.
    dead port 2/2 on $mux $procmux$17129.
    dead port 1/2 on $mux $procmux$17125.
    dead port 2/2 on $mux $procmux$17125.
    dead port 1/2 on $mux $procmux$20163.
    dead port 2/2 on $mux $procmux$20163.
    dead port 1/2 on $mux $procmux$17121.
    dead port 2/2 on $mux $procmux$17121.
    dead port 1/2 on $mux $procmux$17117.
    dead port 2/2 on $mux $procmux$17117.
    dead port 1/2 on $mux $procmux$20146.
    dead port 2/2 on $mux $procmux$20146.
    dead port 1/2 on $mux $procmux$17113.
    dead port 2/2 on $mux $procmux$17113.
    dead port 1/2 on $mux $procmux$17109.
    dead port 2/2 on $mux $procmux$17109.
    dead port 1/2 on $mux $procmux$20129.
    dead port 2/2 on $mux $procmux$20129.
    dead port 1/2 on $mux $procmux$17105.
    dead port 2/2 on $mux $procmux$17105.
    dead port 1/2 on $mux $procmux$17101.
    dead port 2/2 on $mux $procmux$17101.
    dead port 1/2 on $mux $procmux$20112.
    dead port 2/2 on $mux $procmux$20112.
    dead port 1/2 on $mux $procmux$17097.
    dead port 2/2 on $mux $procmux$17097.
    dead port 1/2 on $mux $procmux$17093.
    dead port 2/2 on $mux $procmux$17093.
    dead port 1/2 on $mux $procmux$20095.
    dead port 2/2 on $mux $procmux$20095.
    dead port 1/2 on $mux $procmux$17089.
    dead port 2/2 on $mux $procmux$17089.
    dead port 1/2 on $mux $procmux$17085.
    dead port 2/2 on $mux $procmux$17085.
    dead port 1/2 on $mux $procmux$20078.
    dead port 2/2 on $mux $procmux$20078.
    dead port 1/2 on $mux $procmux$17081.
    dead port 2/2 on $mux $procmux$17081.
    dead port 1/2 on $mux $procmux$17077.
    dead port 2/2 on $mux $procmux$17077.
    dead port 1/2 on $mux $procmux$20061.
    dead port 2/2 on $mux $procmux$20061.
    dead port 1/2 on $mux $procmux$17073.
    dead port 2/2 on $mux $procmux$17073.
    dead port 1/2 on $mux $procmux$17069.
    dead port 2/2 on $mux $procmux$17069.
    dead port 1/2 on $mux $procmux$12762.
    dead port 2/2 on $mux $procmux$12762.
    dead port 1/2 on $mux $procmux$20044.
    dead port 2/2 on $mux $procmux$20044.
    dead port 1/2 on $mux $procmux$12743.
    dead port 2/2 on $mux $procmux$12743.
    dead port 1/2 on $mux $procmux$17065.
    dead port 2/2 on $mux $procmux$17065.
    dead port 1/2 on $mux $procmux$12724.
    dead port 2/2 on $mux $procmux$12724.
    dead port 1/2 on $mux $procmux$17061.
    dead port 2/2 on $mux $procmux$17061.
    dead port 1/2 on $mux $procmux$12705.
    dead port 2/2 on $mux $procmux$12705.
    dead port 1/2 on $mux $procmux$20027.
    dead port 2/2 on $mux $procmux$20027.
    dead port 1/2 on $mux $procmux$17057.
    dead port 2/2 on $mux $procmux$17057.
    dead port 1/2 on $mux $procmux$12686.
    dead port 2/2 on $mux $procmux$12686.
    dead port 1/2 on $mux $procmux$12667.
    dead port 2/2 on $mux $procmux$12667.
    dead port 1/2 on $mux $procmux$17053.
    dead port 2/2 on $mux $procmux$17053.
    dead port 1/2 on $mux $procmux$12648.
    dead port 2/2 on $mux $procmux$12648.
    dead port 1/2 on $mux $procmux$20010.
    dead port 2/2 on $mux $procmux$20010.
    dead port 1/2 on $mux $procmux$17049.
    dead port 2/2 on $mux $procmux$17049.
    dead port 1/2 on $mux $procmux$12629.
    dead port 2/2 on $mux $procmux$12629.
    dead port 1/2 on $mux $procmux$12610.
    dead port 2/2 on $mux $procmux$12610.
    dead port 1/2 on $mux $procmux$17045.
    dead port 2/2 on $mux $procmux$17045.
    dead port 1/2 on $mux $procmux$19993.
    dead port 2/2 on $mux $procmux$19993.
    dead port 1/2 on $mux $procmux$12591.
    dead port 2/2 on $mux $procmux$12591.
    dead port 1/2 on $mux $procmux$17041.
    dead port 2/2 on $mux $procmux$17041.
    dead port 1/2 on $mux $procmux$12572.
    dead port 2/2 on $mux $procmux$12572.
    dead port 1/2 on $mux $procmux$12553.
    dead port 2/2 on $mux $procmux$12553.
    dead port 1/2 on $mux $procmux$17037.
    dead port 2/2 on $mux $procmux$17037.
    dead port 1/2 on $mux $procmux$19976.
    dead port 2/2 on $mux $procmux$19976.
    dead port 1/2 on $mux $procmux$12534.
    dead port 2/2 on $mux $procmux$12534.
    dead port 1/2 on $mux $procmux$17033.
    dead port 2/2 on $mux $procmux$17033.
    dead port 1/2 on $mux $procmux$12515.
    dead port 2/2 on $mux $procmux$12515.
    dead port 1/2 on $mux $procmux$12496.
    dead port 2/2 on $mux $procmux$12496.
    dead port 1/2 on $mux $procmux$17029.
    dead port 2/2 on $mux $procmux$17029.
    dead port 1/2 on $mux $procmux$19959.
    dead port 2/2 on $mux $procmux$19959.
    dead port 1/2 on $mux $procmux$12477.
    dead port 2/2 on $mux $procmux$12477.
    dead port 1/2 on $mux $procmux$17025.
    dead port 2/2 on $mux $procmux$17025.
    dead port 1/2 on $mux $procmux$12458.
    dead port 2/2 on $mux $procmux$12458.
    dead port 1/2 on $mux $procmux$12439.
    dead port 2/2 on $mux $procmux$12439.
    dead port 1/2 on $mux $procmux$17021.
    dead port 2/2 on $mux $procmux$17021.
    dead port 1/2 on $mux $procmux$19942.
    dead port 2/2 on $mux $procmux$19942.
    dead port 1/2 on $mux $procmux$12420.
    dead port 2/2 on $mux $procmux$12420.
    dead port 1/2 on $mux $procmux$17017.
    dead port 2/2 on $mux $procmux$17017.
    dead port 1/2 on $mux $procmux$12401.
    dead port 2/2 on $mux $procmux$12401.
    dead port 1/2 on $mux $procmux$17013.
    dead port 2/2 on $mux $procmux$17013.
    dead port 1/2 on $mux $procmux$12382.
    dead port 2/2 on $mux $procmux$12382.
    dead port 1/2 on $mux $procmux$19925.
    dead port 2/2 on $mux $procmux$19925.
    dead port 1/2 on $mux $procmux$12363.
    dead port 2/2 on $mux $procmux$12363.
    dead port 1/2 on $mux $procmux$17009.
    dead port 2/2 on $mux $procmux$17009.
    dead port 1/2 on $mux $procmux$12344.
    dead port 2/2 on $mux $procmux$12344.
    dead port 1/2 on $mux $procmux$17005.
    dead port 2/2 on $mux $procmux$17005.
    dead port 1/2 on $mux $procmux$12325.
    dead port 2/2 on $mux $procmux$12325.
    dead port 1/2 on $mux $procmux$19908.
    dead port 2/2 on $mux $procmux$19908.
    dead port 1/2 on $mux $procmux$17001.
    dead port 2/2 on $mux $procmux$17001.
    dead port 1/2 on $mux $procmux$12306.
    dead port 2/2 on $mux $procmux$12306.
    dead port 1/2 on $mux $procmux$12287.
    dead port 2/2 on $mux $procmux$12287.
    dead port 1/2 on $mux $procmux$16997.
    dead port 2/2 on $mux $procmux$16997.
    dead port 1/2 on $mux $procmux$12268.
    dead port 2/2 on $mux $procmux$12268.
    dead port 1/2 on $mux $procmux$19891.
    dead port 2/2 on $mux $procmux$19891.
    dead port 1/2 on $mux $procmux$16993.
    dead port 2/2 on $mux $procmux$16993.
    dead port 1/2 on $mux $procmux$12249.
    dead port 2/2 on $mux $procmux$12249.
    dead port 1/2 on $mux $procmux$12230.
    dead port 2/2 on $mux $procmux$12230.
    dead port 1/2 on $mux $procmux$16989.
    dead port 2/2 on $mux $procmux$16989.
    dead port 1/2 on $mux $procmux$12211.
    dead port 2/2 on $mux $procmux$12211.
    dead port 1/2 on $mux $procmux$19874.
    dead port 2/2 on $mux $procmux$19874.
    dead port 1/2 on $mux $procmux$16985.
    dead port 2/2 on $mux $procmux$16985.
    dead port 1/2 on $mux $procmux$12192.
    dead port 2/2 on $mux $procmux$12192.
    dead port 1/2 on $mux $procmux$12173.
    dead port 2/2 on $mux $procmux$12173.
    dead port 1/2 on $mux $procmux$16981.
    dead port 2/2 on $mux $procmux$16981.
    dead port 1/2 on $mux $procmux$12154.
    dead port 2/2 on $mux $procmux$12154.
    dead port 1/2 on $mux $procmux$19857.
    dead port 2/2 on $mux $procmux$19857.
    dead port 1/2 on $mux $procmux$16977.
    dead port 2/2 on $mux $procmux$16977.
    dead port 1/2 on $mux $procmux$12135.
    dead port 2/2 on $mux $procmux$12135.
    dead port 1/2 on $mux $procmux$12116.
    dead port 2/2 on $mux $procmux$12116.
    dead port 1/2 on $mux $procmux$16973.
    dead port 2/2 on $mux $procmux$16973.
    dead port 1/2 on $mux $procmux$19840.
    dead port 2/2 on $mux $procmux$19840.
    dead port 1/2 on $mux $procmux$12097.
    dead port 2/2 on $mux $procmux$12097.
    dead port 1/2 on $mux $procmux$16969.
    dead port 2/2 on $mux $procmux$16969.
    dead port 1/2 on $mux $procmux$12078.
    dead port 2/2 on $mux $procmux$12078.
    dead port 1/2 on $mux $procmux$16965.
    dead port 2/2 on $mux $procmux$16965.
    dead port 1/2 on $mux $procmux$12059.
    dead port 2/2 on $mux $procmux$12059.
    dead port 1/2 on $mux $procmux$19823.
    dead port 2/2 on $mux $procmux$19823.
    dead port 1/2 on $mux $procmux$12040.
    dead port 2/2 on $mux $procmux$12040.
    dead port 1/2 on $mux $procmux$16961.
    dead port 2/2 on $mux $procmux$16961.
    dead port 1/2 on $mux $procmux$12021.
    dead port 2/2 on $mux $procmux$12021.
    dead port 1/2 on $mux $procmux$16957.
    dead port 2/2 on $mux $procmux$16957.
    dead port 1/2 on $mux $procmux$12002.
    dead port 2/2 on $mux $procmux$12002.
    dead port 1/2 on $mux $procmux$19806.
    dead port 2/2 on $mux $procmux$19806.
    dead port 1/2 on $mux $procmux$11983.
    dead port 2/2 on $mux $procmux$11983.
    dead port 1/2 on $mux $procmux$16953.
    dead port 2/2 on $mux $procmux$16953.
    dead port 1/2 on $mux $procmux$11964.
    dead port 2/2 on $mux $procmux$11964.
    dead port 1/2 on $mux $procmux$11945.
    dead port 2/2 on $mux $procmux$11945.
    dead port 1/2 on $mux $procmux$16949.
    dead port 2/2 on $mux $procmux$16949.
    dead port 1/2 on $mux $procmux$19789.
    dead port 2/2 on $mux $procmux$19789.
    dead port 1/2 on $mux $procmux$11926.
    dead port 2/2 on $mux $procmux$11926.
    dead port 1/2 on $mux $procmux$16945.
    dead port 2/2 on $mux $procmux$16945.
    dead port 1/2 on $mux $procmux$11907.
    dead port 2/2 on $mux $procmux$11907.
    dead port 1/2 on $mux $procmux$16941.
    dead port 2/2 on $mux $procmux$16941.
    dead port 1/2 on $mux $procmux$11888.
    dead port 2/2 on $mux $procmux$11888.
    dead port 1/2 on $mux $procmux$19772.
    dead port 2/2 on $mux $procmux$19772.
    dead port 1/2 on $mux $procmux$11869.
    dead port 2/2 on $mux $procmux$11869.
    dead port 1/2 on $mux $procmux$16937.
    dead port 2/2 on $mux $procmux$16937.
    dead port 1/2 on $mux $procmux$11850.
    dead port 2/2 on $mux $procmux$11850.
    dead port 1/2 on $mux $procmux$16933.
    dead port 2/2 on $mux $procmux$16933.
    dead port 1/2 on $mux $procmux$11831.
    dead port 2/2 on $mux $procmux$11831.
    dead port 1/2 on $mux $procmux$19755.
    dead port 2/2 on $mux $procmux$19755.
Running muxtree optimizer on module \state_word_engine..
  Creating internal representation of mux trees.
  Evaluating internal representation of mux trees.
  Analyzing evaluation results.
    dead port 1/2 on $mux $procmux$23577.
    dead port 2/2 on $mux $procmux$23577.
    dead port 1/2 on $mux $procmux$23569.
    dead port 2/2 on $mux $procmux$23569.
    dead port 1/2 on $mux $procmux$23175.
    dead port 2/2 on $mux $procmux$23175.
    dead port 1/2 on $mux $procmux$23169.
    dead port 2/2 on $mux $procmux$23169.
    dead port 1/2 on $mux $procmux$23166.
    dead port 2/2 on $mux $procmux$23166.
    dead port 1/2 on $mux $procmux$23160.
    dead port 2/2 on $mux $procmux$23160.
    dead port 1/2 on $mux $procmux$23157.
    dead port 2/2 on $mux $procmux$23157.
    dead port 1/2 on $mux $procmux$23151.
    dead port 2/2 on $mux $procmux$23151.
    dead port 1/2 on $mux $procmux$23148.
    dead port 2/2 on $mux $procmux$23148.
    dead port 1/2 on $mux $procmux$23142.
    dead port 2/2 on $mux $procmux$23142.
    dead port 1/2 on $mux $procmux$23139.
    dead port 2/2 on $mux $procmux$23139.
    dead port 1/2 on $mux $procmux$23133.
    dead port 2/2 on $mux $procmux$23133.
    dead port 1/2 on $mux $procmux$23130.
    dead port 2/2 on $mux $procmux$23130.
    dead port 1/2 on $mux $procmux$23124.
    dead port 2/2 on $mux $procmux$23124.
    dead port 1/2 on $mux $procmux$23121.
    dead port 2/2 on $mux $procmux$23121.
    dead port 1/2 on $mux $procmux$23112.
    dead port 2/2 on $mux $procmux$23112.
    dead port 1/2 on $mux $procmux$23109.
    dead port 2/2 on $mux $procmux$23109.
    dead port 1/2 on $mux $procmux$22980.
    dead port 2/2 on $mux $procmux$22980.
    dead port 1/2 on $mux $procmux$22977.
    dead port 2/2 on $mux $procmux$22977.
    dead port 1/2 on $mux $procmux$22974.
    dead port 2/2 on $mux $procmux$22974.
    dead port 1/2 on $mux $procmux$22971.
    dead port 2/2 on $mux $procmux$22971.
    dead port 1/2 on $mux $procmux$22968.
    dead port 2/2 on $mux $procmux$22968.
    dead port 1/2 on $mux $procmux$22965.
    dead port 2/2 on $mux $procmux$22965.
    dead port 1/2 on $mux $procmux$22962.
    dead port 2/2 on $mux $procmux$22962.
    dead port 1/2 on $mux $procmux$22959.
    dead port 2/2 on $mux $procmux$22959.
    dead port 1/2 on $mux $procmux$22956.
    dead port 2/2 on $mux $procmux$22956.
    dead port 1/2 on $mux $procmux$22953.
    dead port 2/2 on $mux $procmux$22953.
    dead port 1/2 on $mux $procmux$22950.
    dead port 2/2 on $mux $procmux$22950.
    dead port 1/2 on $mux $procmux$22947.
    dead port 2/2 on $mux $procmux$22947.
    dead port 1/2 on $mux $procmux$22944.
    dead port 2/2 on $mux $procmux$22944.
    dead port 1/2 on $mux $procmux$22941.
    dead port 2/2 on $mux $procmux$22941.
    dead port 1/2 on $mux $procmux$22938.
    dead port 2/2 on $mux $procmux$22938.
    dead port 1/2 on $mux $procmux$22935.
    dead port 2/2 on $mux $procmux$22935.
    dead port 1/2 on $mux $procmux$22927.
    dead port 2/2 on $mux $procmux$22927.
    dead port 1/2 on $mux $procmux$22915.
    dead port 2/2 on $mux $procmux$22915.
    dead port 1/2 on $mux $procmux$22888.
    dead port 2/2 on $mux $procmux$22888.
    dead port 1/2 on $mux $procmux$22876.
    dead port 2/2 on $mux $procmux$22876.
    dead port 1/2 on $mux $procmux$22849.
    dead port 2/2 on $mux $procmux$22849.
    dead port 1/2 on $mux $procmux$22837.
    dead port 2/2 on $mux $procmux$22837.
    dead port 1/2 on $mux $procmux$22810.
    dead port 2/2 on $mux $procmux$22810.
    dead port 1/2 on $mux $procmux$22798.
    dead port 2/2 on $mux $procmux$22798.
    dead port 1/2 on $mux $procmux$22771.
    dead port 2/2 on $mux $procmux$22771.
    dead port 1/2 on $mux $procmux$22759.
    dead port 2/2 on $mux $procmux$22759.
    dead port 1/2 on $mux $procmux$22732.
    dead port 2/2 on $mux $procmux$22732.
    dead port 1/2 on $mux $procmux$22720.
    dead port 2/2 on $mux $procmux$22720.
    dead port 1/2 on $mux $procmux$22693.
    dead port 2/2 on $mux $procmux$22693.
    dead port 1/2 on $mux $procmux$22654.
    dead port 2/2 on $mux $procmux$22654.
    dead port 1/2 on $mux $procmux$22648.
    dead port 2/2 on $mux $procmux$22648.
Running muxtree optimizer on module \conv_unit_serial..
  Creating internal representation of mux trees.
  Evaluating internal representation of mux trees.
  Analyzing evaluation results.
    dead port 1/2 on $mux $procmux$23679.
    dead port 2/2 on $mux $procmux$23679.
    dead port 1/2 on $mux $procmux$23676.
    dead port 2/2 on $mux $procmux$23676.
    dead port 1/2 on $mux $procmux$23673.
    dead port 2/2 on $mux $procmux$23673.
    dead port 1/2 on $mux $procmux$23667.
    dead port 2/2 on $mux $procmux$23667.
    dead port 1/2 on $mux $procmux$23664.
    dead port 2/2 on $mux $procmux$23664.
    dead port 1/2 on $mux $procmux$23661.
    dead port 2/2 on $mux $procmux$23661.
Running muxtree optimizer on module \mac_array_16x16..
  Creating internal representation of mux trees.
  Evaluating internal representation of mux trees.
  Analyzing evaluation results.
    dead port 1/2 on $mux $procmux$23746.
    dead port 2/2 on $mux $procmux$23746.
    dead port 1/2 on $mux $procmux$23743.
    dead port 2/2 on $mux $procmux$23743.
Running muxtree optimizer on module \requant..
  Creating internal representation of mux trees.
  Evaluating internal representation of mux trees.
  Analyzing evaluation results.
Running muxtree optimizer on module \intermediate_sram..
  Creating internal representation of mux trees.
  Evaluating internal representation of mux trees.
  Analyzing evaluation results.
    dead port 1/2 on $mux $procmux$23991.
    dead port 2/2 on $mux $procmux$23991.
    dead port 1/2 on $mux $procmux$23988.
    dead port 2/2 on $mux $procmux$23988.
    dead port 1/2 on $mux $procmux$23975.
    dead port 2/2 on $mux $procmux$23975.
    dead port 1/2 on $mux $procmux$23972.
    dead port 2/2 on $mux $procmux$23972.
    dead port 1/2 on $mux $procmux$23969.
    dead port 2/2 on $mux $procmux$23969.
    dead port 1/2 on $mux $procmux$24011.
    dead port 2/2 on $mux $procmux$24011.
    dead port 1/2 on $mux $procmux$24008.
    dead port 2/2 on $mux $procmux$24008.
    dead port 1/2 on $mux $procmux$23994.
    dead port 2/2 on $mux $procmux$23994.
    dead port 1/2 on $mux $procmux$24005.
    dead port 2/2 on $mux $procmux$24005.
    dead port 1/2 on $mux $procmux$24028.
    dead port 2/2 on $mux $procmux$24028.
    dead port 1/2 on $mux $procmux$24025.
    dead port 2/2 on $mux $procmux$24025.
    dead port 1/2 on $mux $procmux$24022.
    dead port 2/2 on $mux $procmux$24022.
Running muxtree optimizer on module \activation_sram..
  Creating internal representation of mux trees.
  Evaluating internal representation of mux trees.
  Analyzing evaluation results.
    dead port 2/4 on $pmux $procmux$24073.
    dead port 2/4 on $pmux $procmux$24083.
    dead port 1/4 on $pmux $procmux$24078.
    dead port 3/4 on $pmux $procmux$24078.
    dead port 1/4 on $pmux $procmux$24088.
    dead port 3/4 on $pmux $procmux$24088.
Running muxtree optimizer on module \state_sram..
  Creating internal representation of mux trees.
  Evaluating internal representation of mux trees.
  Analyzing evaluation results.
    dead port 1/8 on $pmux $procmux$24106.
    dead port 3/8 on $pmux $procmux$24106.
    dead port 4/8 on $pmux $procmux$24106.
    dead port 5/8 on $pmux $procmux$24106.
    dead port 7/8 on $pmux $procmux$24106.
    dead port 1/8 on $pmux $procmux$24115.
    dead port 2/8 on $pmux $procmux$24115.
    dead port 4/8 on $pmux $procmux$24115.
    dead port 5/8 on $pmux $procmux$24115.
    dead port 6/8 on $pmux $procmux$24115.
    dead port 2/8 on $pmux $procmux$24097.
    dead port 3/8 on $pmux $procmux$24097.
    dead port 4/8 on $pmux $procmux$24097.
    dead port 6/8 on $pmux $procmux$24097.
    dead port 7/8 on $pmux $procmux$24097.
    dead port 1/8 on $pmux $procmux$24124.
    dead port 2/8 on $pmux $procmux$24124.
    dead port 3/8 on $pmux $procmux$24124.
    dead port 5/8 on $pmux $procmux$24124.
    dead port 6/8 on $pmux $procmux$24124.
    dead port 7/8 on $pmux $procmux$24124.
Running muxtree optimizer on module \weight_sram..
  Creating internal representation of mux trees.
  Evaluating internal representation of mux trees.
  Analyzing evaluation results.
Removed 1717 multiplexer ports.
<suppressed ~672 debug messages>

17.4. Executing OPT_REDUCE pass (consolidate $*mux and $reduce_* inputs).
  Optimizing cells in module \x7_top.
    Consolidated identical input bits for $mux cell $procmux$3970:
      Old ports: A=3'000, B=3'101, Y=$procmux$3970_Y
      New ports: A=1'0, B=1'1, Y=$procmux$3970_Y [0]
      New connections: $procmux$3970_Y [2:1] = { $procmux$3970_Y [0] 1'0 }
    Consolidated identical input bits for $mux cell $procmux$4541:
      Old ports: A=9'000000000, B={ 5'00000 \input_beat }, Y=$procmux$4541_Y
      New ports: A=4'0000, B=\input_beat, Y=$procmux$4541_Y [3:0]
      New connections: $procmux$4541_Y [8:4] = 5'00000
    Consolidated identical input bits for $mux cell $procmux$4360:
      Old ports: A=9'000000000, B=$add$rtl/x7_top.v:103$3635_Y, Y=$procmux$4360_Y
      New ports: A=5'00000, B={ 1'1 \conv_channel [6:3] }, Y=$procmux$4360_Y [4:0]
      New connections: $procmux$4360_Y [8:5] = 4'0000
    New ctrl vector for $pmux cell $procmux$4630: { $procmux$4579_CMP $procmux$4593_CMP }
    Consolidated identical input bits for $mux cell $procmux$4211:
      Old ports: A=9'000000000, B={ 5'00000 \out_issue }, Y=$procmux$4211_Y
      New ports: A=4'0000, B=\out_issue, Y=$procmux$4211_Y [3:0]
      New connections: $procmux$4211_Y [8:4] = 5'00000
    Consolidated identical input bits for $mux cell $ternary$rtl/x7_top.v:98$3629:
      Old ports: A=9'000000000, B=9'010100000, Y=$ternary$rtl/x7_top.v:98$3629_Y
      New ports: A=1'0, B=1'1, Y=$ternary$rtl/x7_top.v:98$3629_Y [5]
      New connections: { $ternary$rtl/x7_top.v:98$3629_Y [8:6] $ternary$rtl/x7_top.v:98$3629_Y [4:0] } = { 1'0 $ternary$rtl/x7_top.v:98$3629_Y [5] 6'000000 }
    Consolidated identical input bits for $mux cell $ternary$rtl/x7_top.v:97$3625:
      Old ports: A=9'000000000, B=9'010100000, Y=$ternary$rtl/x7_top.v:97$3625_Y
      New ports: A=1'0, B=1'1, Y=$ternary$rtl/x7_top.v:97$3625_Y [5]
      New connections: { $ternary$rtl/x7_top.v:97$3625_Y [8:6] $ternary$rtl/x7_top.v:97$3625_Y [4:0] } = { 1'0 $ternary$rtl/x7_top.v:97$3625_Y [5] 6'000000 }
    Consolidated identical input bits for $mux cell $ternary$rtl/x7_top.v:48$3605:
      Old ports: A={ 2'00 \norm_ivec_rd_addr }, B={ 2'00 \ss_ivec_addr }, Y=$ternary$rtl/x7_top.v:48$3605_Y
      New ports: A=\norm_ivec_rd_addr, B=\ss_ivec_addr, Y=$ternary$rtl/x7_top.v:48$3605_Y [3:0]
      New connections: $ternary$rtl/x7_top.v:48$3605_Y [5:4] = 2'00
    Consolidated identical input bits for $mux cell $ternary$rtl/x7_top.v:48$3603:
      Old ports: A=4'0000, B=4'1000, Y=$ternary$rtl/x7_top.v:48$3603_Y
      New ports: A=1'0, B=1'1, Y=$ternary$rtl/x7_top.v:48$3603_Y [3]
      New connections: $ternary$rtl/x7_top.v:48$3603_Y [2:0] = 3'000
    Consolidated identical input bits for $mux cell $procmux$4122:
      Old ports: A=3'000, B=3'111, Y=$procmux$4122_Y
      New ports: A=1'0, B=1'1, Y=$procmux$4122_Y [0]
      New connections: $procmux$4122_Y [2:1] = { $procmux$4122_Y [0] $procmux$4122_Y [0] }
  Optimizing cells in module \x7_top.
  Optimizing cells in module \x7_controller.
  Optimizing cells in module \streaming_norm.
    Consolidated identical input bits for $mux cell $procmux$7136:
      Old ports: A=21'000000000000000100000, B=21'100000000000000000000, Y=$procmux$7136_Y
      New ports: A=2'01, B=2'10, Y={ $procmux$7136_Y [20] $procmux$7136_Y [5] }
      New connections: { $procmux$7136_Y [19:6] $procmux$7136_Y [4:0] } = 19'0000000000000000000
    New ctrl vector for $pmux cell $procmux$7170: $auto$opt_reduce.cc:134:opt_pmux$25593
    Consolidated identical input bits for $mux cell $procmux$7116:
      Old ports: A=21'000000000000001000000, B=21'000000000000000000001, Y=$procmux$7116_Y
      New ports: A=2'10, B=2'01, Y={ $procmux$7116_Y [6] $procmux$7116_Y [0] }
      New connections: { $procmux$7116_Y [20:7] $procmux$7116_Y [5:1] } = 19'0000000000000000000
    Consolidated identical input bits for $mux cell $procmux$7016:
      Old ports: A=9'000000100, B=9'000010000, Y=$procmux$7016_Y
      New ports: A=2'01, B=2'10, Y={ $procmux$7016_Y [4] $procmux$7016_Y [2] }
      New connections: { $procmux$7016_Y [8:5] $procmux$7016_Y [3] $procmux$7016_Y [1:0] } = 7'0000000
    New ctrl vector for $pmux cell $procmux$6365: { $procmux$7124_CMP $auto$opt_reduce.cc:134:opt_pmux$25595 }
    Consolidated identical input bits for $mux cell $procmux$7148:
      Old ports: A=21'000000000000000000010, B=21'000000000000000001000, Y=$procmux$7148_Y
      New ports: A=2'01, B=2'10, Y={ $procmux$7148_Y [3] $procmux$7148_Y [1] }
      New connections: { $procmux$7148_Y [20:4] $procmux$7148_Y [2] $procmux$7148_Y [0] } = 19'0000000000000000000
    Consolidated identical input bits for $mux cell $procmux$7185:
      Old ports: A=9'000000000, B={ 6'000000 \beat }, Y=$procmux$7185_Y
      New ports: A=3'000, B=\beat, Y=$procmux$7185_Y [2:0]
      New connections: $procmux$7185_Y [8:3] = 6'000000
    Consolidated identical input bits for $mux cell $ternary$rtl/streaming_norm.v:66$3346:
      Old ports: A=$shr$rtl/streaming_norm.v:66$3345_Y, B=1, Y=$ternary$rtl/streaming_norm.v:66$3346_Y
      New ports: A=\sumsq [20:7], B=14'00000000000001, Y=$ternary$rtl/streaming_norm.v:66$3346_Y [13:0]
      New connections: $ternary$rtl/streaming_norm.v:66$3346_Y [31:14] = 18'000000000000000000
  Optimizing cells in module \streaming_norm.
    Consolidated identical input bits for $mux cell $procmux$7019:
      Old ports: A=$procmux$7016_Y, B=9'001000000, Y=$procmux$7019_Y
      New ports: A={ 1'0 $procmux$7016_Y [4] $procmux$7016_Y [2] }, B=3'100, Y={ $procmux$7019_Y [6] $procmux$7019_Y [4] $procmux$7019_Y [2] }
      New connections: { $procmux$7019_Y [8:7] $procmux$7019_Y [5] $procmux$7019_Y [3] $procmux$7019_Y [1:0] } = 6'000000
  Optimizing cells in module \streaming_norm.
    Consolidated identical input bits for $mux cell $procmux$7022:
      Old ports: A=$procmux$7019_Y, B=9'010000000, Y=$procmux$7022_Y
      New ports: A={ 1'0 $procmux$7019_Y [6] $procmux$7019_Y [4] $procmux$7019_Y [2] }, B=4'1000, Y={ $procmux$7022_Y [7:6] $procmux$7022_Y [4] $procmux$7022_Y [2] }
      New connections: { $procmux$7022_Y [8] $procmux$7022_Y [5] $procmux$7022_Y [3] $procmux$7022_Y [1:0] } = 5'00000
  Optimizing cells in module \streaming_norm.
  Optimizing cells in module \state_stream_controller.
    Consolidated identical input bits for $mux cell $procmux$22247:
      Old ports: A=$add$rtl/state_stream_controller.v:76$1126_Y [8:0], B=9'000000000, Y=$procmux$22247_Y
      New ports: A={ \chunk 1'1 }, B=3'000, Y=$procmux$22247_Y [2:0]
      New connections: $procmux$22247_Y [8:3] = { 3'000 $procmux$22247_Y [0] 2'00 }
    New ctrl vector for $pmux cell $procmux$16590: $auto$opt_reduce.cc:134:opt_pmux$25597
    Consolidated identical input bits for $mux cell $procmux$22281:
      Old ports: A=$add$rtl/state_stream_controller.v:75$1123_Y [8:0], B=9'000000000, Y=$procmux$22281_Y
      New ports: A={ 1'1 \chunk }, B=3'000, Y={ $procmux$22281_Y [5] $procmux$22281_Y [2:1] }
      New connections: { $procmux$22281_Y [8:6] $procmux$22281_Y [4:3] $procmux$22281_Y [0] } = 6'000000
    Consolidated identical input bits for $mux cell $procmux$22091:
      Old ports: A=24'000000000001000000000000, B=24'010000000000000000000000, Y=$procmux$22091_Y
      New ports: A=2'01, B=2'10, Y={ $procmux$22091_Y [22] $procmux$22091_Y [12] }
      New connections: { $procmux$22091_Y [23] $procmux$22091_Y [21:13] $procmux$22091_Y [11:0] } = 22'0000000000000000000000
    New ctrl vector for $pmux cell $procmux$20929: $auto$opt_reduce.cc:134:opt_pmux$25599
    Consolidated identical input bits for $mux cell $procmux$22096:
      Old ports: A=24'000000010000000000000000, B=24'000001000000000000000000, Y=$procmux$22096_Y
      New ports: A=2'01, B=2'10, Y={ $procmux$22096_Y [18] $procmux$22096_Y [16] }
      New connections: { $procmux$22096_Y [23:19] $procmux$22096_Y [17] $procmux$22096_Y [15:0] } = 22'0000000000000000000000
    Consolidated identical input bits for $mux cell $procmux$22333:
      Old ports: A=2'01, B=2'00, Y=$procmux$22333_Y
      New ports: A=1'1, B=1'0, Y=$procmux$22333_Y [0]
      New connections: $procmux$22333_Y [1] = 1'0
    New ctrl vector for $pmux cell $procmux$20917: $auto$opt_reduce.cc:134:opt_pmux$25601
    New ctrl vector for $pmux cell $procmux$21037: $auto$opt_reduce.cc:134:opt_pmux$25603
    New ctrl vector for $pmux cell $procmux$20887: $auto$opt_reduce.cc:134:opt_pmux$25605
    Consolidated identical input bits for $mux cell $procmux$22136:
      Old ports: A=24'000000000000000000000010, B=24'000000000000000100000000, Y=$procmux$22136_Y
      New ports: A=2'01, B=2'10, Y={ $procmux$22136_Y [8] $procmux$22136_Y [1] }
      New connections: { $procmux$22136_Y [23:9] $procmux$22136_Y [7:2] $procmux$22136_Y [0] } = 22'0000000000000000000000
    Consolidated identical input bits for $mux cell $procmux$22463:
      Old ports: A=$add$rtl/state_stream_controller.v:67$1110_Y, B=9'000000000, Y=$procmux$22463_Y
      New ports: A={ 1'1 \row [6:3] }, B=5'00000, Y=$procmux$22463_Y [4:0]
      New connections: $procmux$22463_Y [8:5] = 4'0000
    Consolidated identical input bits for $mux cell $procmux$22122:
      Old ports: A=24'000000000000000000000010, B=24'000000000000010000000000, Y=$procmux$22122_Y
      New ports: A=2'01, B=2'10, Y={ $procmux$22122_Y [10] $procmux$22122_Y [1] }
      New connections: { $procmux$22122_Y [23:11] $procmux$22122_Y [9:2] $procmux$22122_Y [0] } = 22'0000000000000000000000
    Consolidated identical input bits for $mux cell $procmux$22141:
      Old ports: A=24'000000000000000000010000, B=24'000000000000000001000000, Y=$procmux$22141_Y
      New ports: A=2'01, B=2'10, Y={ $procmux$22141_Y [6] $procmux$22141_Y [4] }
      New connections: { $procmux$22141_Y [23:7] $procmux$22141_Y [5] $procmux$22141_Y [3:0] } = 22'0000000000000000000000
    New ctrl vector for $pmux cell $procmux$22519: $auto$opt_reduce.cc:134:opt_pmux$25607
    New ctrl vector for $pmux cell $procmux$20869: $auto$opt_reduce.cc:134:opt_pmux$25609
    New ctrl vector for $pmux cell $procmux$22529: $auto$opt_reduce.cc:134:opt_pmux$25611
    New ctrl vector for $pmux cell $procmux$21019: $auto$opt_reduce.cc:134:opt_pmux$25613
    New ctrl vector for $pmux cell $procmux$22546: { $procmux$16669_CMP $procmux$21867_CMP }
    New ctrl vector for $pmux cell $procmux$20947: $auto$opt_reduce.cc:134:opt_pmux$25615
    New ctrl vector for $pmux cell $procmux$22555: $auto$opt_reduce.cc:134:opt_pmux$25617
    New ctrl vector for $pmux cell $procmux$16740: { $procmux$21267_CMP $procmux$21284_CMP $auto$opt_reduce.cc:134:opt_pmux$25619 $procmux$21273_CMP }
    New ctrl vector for $pmux cell $procmux$22561: $auto$opt_reduce.cc:134:opt_pmux$25621
    New ctrl vector for $pmux cell $procmux$20857: $auto$opt_reduce.cc:134:opt_pmux$25623
    Consolidated identical input bits for $pmux cell $procmux$22565:
      Old ports: A=9'000000000, B={ $add$rtl/state_stream_controller.v:73$1120_Y [8:0] $add$rtl/state_stream_controller.v:82$1135_Y [8:0] }, Y=$procmux$22565_Y
      New ports: A=5'00000, B={ 2'01 $auto$opt_expr.cc:205:group_cell_inputs$25588 \diff_half 2'11 $auto$opt_expr.cc:205:group_cell_inputs$25588 \diff_half }, Y={ $procmux$22565_Y [7] $procmux$22565_Y [5] $procmux$22565_Y [2:0] }
      New connections: { $procmux$22565_Y [8] $procmux$22565_Y [6] $procmux$22565_Y [4:3] } = 4'0000
    New ctrl vector for $pmux cell $procmux$21007: $auto$opt_reduce.cc:134:opt_pmux$25625
    Consolidated identical input bits for $mux cell $procmux$22198:
      Old ports: A=2'10, B=2'00, Y=$procmux$22198_Y
      New ports: A=1'1, B=1'0, Y=$procmux$22198_Y [1]
      New connections: $procmux$22198_Y [0] = 1'0
    New ctrl vector for $pmux cell $procmux$22579: $auto$opt_reduce.cc:134:opt_pmux$25627
    New ctrl vector for $pmux cell $procmux$22584: $auto$opt_reduce.cc:134:opt_pmux$25629
    New ctrl vector for $pmux cell $procmux$22594: $auto$opt_reduce.cc:134:opt_pmux$25631
    New ctrl vector for $pmux cell $procmux$20989: $auto$opt_reduce.cc:134:opt_pmux$25633
    New ctrl vector for $pmux cell $procmux$22612: $auto$opt_reduce.cc:134:opt_pmux$25635
    Consolidated identical input bits for $mux cell $procmux$21928:
      Old ports: A=1'1, B=1'1, Y=$procmux$21928_Y
      New connections: $procmux$21928_Y = 1'1
    New ctrl vector for $pmux cell $procmux$20977: $auto$opt_reduce.cc:134:opt_pmux$25637
    Consolidated identical input bits for $mux cell $procmux$21987:
      Old ports: A=1'1, B=1'1, Y=$procmux$21987_Y
      New connections: $procmux$21987_Y = 1'1
    Consolidated identical input bits for $mux cell $procmux$21996:
      Old ports: A=1'1, B=1'1, Y=$procmux$21996_Y
      New connections: $procmux$21996_Y = 1'1
    New ctrl vector for $pmux cell $procmux$20839: $auto$opt_reduce.cc:134:opt_pmux$25639
    New ctrl vector for $pmux cell $procmux$20959: $auto$opt_reduce.cc:134:opt_pmux$25641
    New ctrl vector for $pmux cell $procmux$8629: $auto$opt_reduce.cc:134:opt_pmux$25643
    New ctrl vector for $pmux cell $procmux$21049: $auto$opt_reduce.cc:134:opt_pmux$25645
    New ctrl vector for $pmux cell $procmux$8617: $auto$opt_reduce.cc:134:opt_pmux$25647
    New ctrl vector for $pmux cell $procmux$20827: $auto$opt_reduce.cc:134:opt_pmux$25649
    New ctrl vector for $pmux cell $procmux$20899: $auto$opt_reduce.cc:134:opt_pmux$25651
    Consolidated identical input bits for $mux cell $procmux$22083:
      Old ports: A=24'000000000000010000000000, B=24'000000000000000000000001, Y=$procmux$22083_Y
      New ports: A=2'10, B=2'01, Y={ $procmux$22083_Y [10] $procmux$22083_Y [0] }
      New connections: { $procmux$22083_Y [23:11] $procmux$22083_Y [9:1] } = 22'0000000000000000000000
    New input vector for $reduce_or cell $auto$opt_reduce.cc:128:opt_pmux$25606: { $procmux$21959_CMP $procmux$21900_CMP $procmux$21897_CMP $procmux$16738_CMP }
    New input vector for $reduce_or cell $auto$opt_reduce.cc:128:opt_pmux$25610: { $procmux$21959_CMP $procmux$21900_CMP $procmux$21897_CMP $procmux$16738_CMP }
  Optimizing cells in module \state_stream_controller.
    Consolidated identical input bits for $pmux cell $procmux$22509:
      Old ports: A=9'000000000, B={ $2\act_rd_addr[8:0] $3\act_rd_addr[8:0] $4\act_rd_addr[8:0] }, Y=$procmux$22509_Y
      New ports: A=6'000000, B={ 1'0 $procmux$22463_Y [4:0] $procmux$22281_Y [5] 2'00 $procmux$22281_Y [2:1] 1'0 $procmux$22247_Y [0] 2'00 $procmux$22247_Y [2:0] }, Y=$procmux$22509_Y [5:0]
      New connections: $procmux$22509_Y [8:6] = 3'000
    Consolidated identical input bits for $mux cell $procmux$22124:
      Old ports: A=24'100000000000000000000000, B=$procmux$22122_Y, Y=$procmux$22124_Y
      New ports: A=3'100, B={ 1'0 $procmux$22122_Y [10] $procmux$22122_Y [1] }, Y={ $procmux$22124_Y [23] $procmux$22124_Y [10] $procmux$22124_Y [1] }
      New connections: { $procmux$22124_Y [22:11] $procmux$22124_Y [9:2] $procmux$22124_Y [0] } = 21'000000000000000000000
    New ctrl vector for $pmux cell $procmux$21989: { $procmux$16669_CMP $procmux$21944_CMP $auto$opt_reduce.cc:134:opt_pmux$25653 }
    Consolidated identical input bits for $mux cell $procmux$22085:
      Old ports: A=24'010000000000000000000000, B=$procmux$22083_Y, Y=$procmux$22085_Y
      New ports: A=3'100, B={ 1'0 $procmux$22083_Y [10] $procmux$22083_Y [0] }, Y={ $procmux$22085_Y [22] $procmux$22085_Y [10] $procmux$22085_Y [0] }
      New connections: { $procmux$22085_Y [23] $procmux$22085_Y [21:11] $procmux$22085_Y [9:1] } = 21'000000000000000000000
  Optimizing cells in module \state_stream_controller.
  Optimizing cells in module \state_word_engine.
  Optimizing cells in module \conv_unit_serial.
  Optimizing cells in module \mac_array_16x16.
    Consolidated identical input bits for $mux cell $ternary$rtl/mac_array_16x16.v:18$564:
      Old ports: A={ \result [23] \result }, B=25'0000000000000000000000000, Y=$ternary$rtl/mac_array_16x16.v:18$564_Y
      New ports: A=\result, B=24'000000000000000000000000, Y=$ternary$rtl/mac_array_16x16.v:18$564_Y [23:0]
      New connections: $ternary$rtl/mac_array_16x16.v:18$564_Y [24] = $ternary$rtl/mac_array_16x16.v:18$564_Y [23]
  Optimizing cells in module \mac_array_16x16.
  Optimizing cells in module \requant.
  Optimizing cells in module \intermediate_sram.
    Consolidated identical input bits for $mux cell $ternary$rtl/intermediate_sram.v:19$550:
      Old ports: A={ 3'000 \rd_word_addr }, B={ 3'000 \macro_wa }, Y=$ternary$rtl/intermediate_sram.v:19$550_Y
      New ports: A=\rd_word_addr, B=\macro_wa, Y=$ternary$rtl/intermediate_sram.v:19$550_Y [5:0]
      New connections: $ternary$rtl/intermediate_sram.v:19$550_Y [8:6] = 3'000
    Consolidated identical input bits for $mux cell $ternary$rtl/intermediate_sram.v:19$548:
      Old ports: A={ 3'000 \rd_word_addr }, B={ 3'000 \macro_wa }, Y=$ternary$rtl/intermediate_sram.v:19$548_Y
      New ports: A=\rd_word_addr, B=\macro_wa, Y=$ternary$rtl/intermediate_sram.v:19$548_Y [5:0]
      New connections: $ternary$rtl/intermediate_sram.v:19$548_Y [8:6] = 3'000
    Consolidated identical input bits for $mux cell $ternary$rtl/intermediate_sram.v:19$546:
      Old ports: A={ 3'000 \rd_word_addr }, B={ 3'000 \macro_wa }, Y=$ternary$rtl/intermediate_sram.v:19$546_Y
      New ports: A=\rd_word_addr, B=\macro_wa, Y=$ternary$rtl/intermediate_sram.v:19$546_Y [5:0]
      New connections: $ternary$rtl/intermediate_sram.v:19$546_Y [8:6] = 3'000
    Consolidated identical input bits for $mux cell $ternary$rtl/intermediate_sram.v:19$552:
      Old ports: A={ 3'000 \rd_word_addr }, B={ 3'000 \macro_wa }, Y=$ternary$rtl/intermediate_sram.v:19$552_Y
      New ports: A=\rd_word_addr, B=\macro_wa, Y=$ternary$rtl/intermediate_sram.v:19$552_Y [5:0]
      New connections: $ternary$rtl/intermediate_sram.v:19$552_Y [8:6] = 3'000
  Optimizing cells in module \intermediate_sram.
  Optimizing cells in module \activation_sram.
  Optimizing cells in module \state_sram.
  Optimizing cells in module \weight_sram.
Performed a total of 75 changes.

17.5. Executing OPT_MERGE pass (detect identical cells).
Finding identical cells in module `\x7_top'.
<suppressed ~6 debug messages>
Finding identical cells in module `\x7_controller'.
Finding identical cells in module `\streaming_norm'.
Finding identical cells in module `\state_stream_controller'.
<suppressed ~687 debug messages>
Finding identical cells in module `\state_word_engine'.
Finding identical cells in module `\conv_unit_serial'.
Finding identical cells in module `\mac_array_16x16'.
Finding identical cells in module `\requant'.
Finding identical cells in module `\intermediate_sram'.
Finding identical cells in module `\activation_sram'.
<suppressed ~6 debug messages>
Finding identical cells in module `\state_sram'.
<suppressed ~18 debug messages>
Finding identical cells in module `\weight_sram'.
Removed a total of 239 cells.

17.6. Executing OPT_SHARE pass.

17.7. Executing OPT_DFF pass (perform DFF optimizations).
Adding EN signal on $procdff$24181 ($adff) from module x7_top (D = \out_issue [2:0], Q = \out_index).
Adding EN signal on $procdff$24180 ($adff) from module x7_top (D = $procmux$3842_Y [2:0], Q = \out_issue [2:0]).
Adding EN signal on $procdff$24180 ($adff) from module x7_top (D = $procmux$3842_Y [3], Q = \out_issue [3]).
Adding EN signal on $procdff$24179 ($adff) from module x7_top (D = $procmux$3855_Y, Q = \out_pending).
Adding EN signal on $procdff$24178 ($adff) from module x7_top (D = $procmux$3863_Y, Q = \norm_started).
Adding EN signal on $procdff$24177 ($adff) from module x7_top (D = \ss_active_out, Q = \active_state).
Adding EN signal on $procdff$24176 ($adff) from module x7_top (D = \ivec_rd_words [255:192], Q = \norm_ivec_rdata_q).
Adding EN signal on $procdff$24175 ($adff) from module x7_top (D = 2'11, Q = \norm_ivec_vec_q).
Adding EN signal on $procdff$24171 ($adff) from module x7_top (D = $procmux$3891_Y, Q = \ss_ivec_rdata_q).
Adding EN signal on $procdff$24170 ($adff) from module x7_top (D = \ss_ivec_vec, Q = \ss_ivec_vec_q).
Adding EN signal on $procdff$24165 ($adff) from module x7_top (D = $shiftx$rtl/x7_top.v:0$3673_Y, Q = \conv_x_scalar).
Adding EN signal on $procdff$24164 ($adff) from module x7_top (D = $3$lookahead\conv_gate_pack$3640[127:0]$3670, Q = \conv_gate_pack).
Adding EN signal on $procdff$24163 ($dff) from module x7_top (D = \acta_rdata, Q = \conv_x_beat).
Adding EN signal on $procdff$24160 ($adff) from module x7_top (D = $procmux$3944_Y, Q = \conv_channel).
Adding EN signal on $procdff$24159 ($adff) from module x7_top (D = $procmux$3979_Y, Q = \conv_step).
Adding EN signal on $procdff$24158 ($dff) from module x7_top (D = \weight_rd_data, Q = \proj_weight).
Adding EN signal on $procdff$24155 ($dff) from module x7_top (D = { \acta_rdata \proj_low }, Q = \proj_window).
Adding EN signal on $procdff$24152 ($dff) from module x7_top (D = \acta_rdata, Q = \proj_low).
Adding EN signal on $procdff$24149 ($adff) from module x7_top (D = $procmux$4040_Y, Q = \proj_results).
Adding EN signal on $procdff$24148 ($adff) from module x7_top (D = $procmux$4061_Y, Q = \proj_index).
Adding EN signal on $procdff$24147 ($adff) from module x7_top (D = $procmux$4086_Y, Q = \proj_sel).
Adding EN signal on $procdff$24146 ($adff) from module x7_top (D = $procmux$4113_Y, Q = \proj_step).
Adding EN signal on $procdff$24145 ($adff) from module x7_top (D = $procmux$4146_Y, Q = \input_beat).
Adding EN signal on $procdff$24144 ($adff) from module x7_top (D = $procmux$4159_Y, Q = \fault).
Adding EN signal on $procdff$24143 ($adff) from module x7_top (D = $procmux$4173_Y, Q = \phase).
Setting constant 1-bit at position 0 on $auto$ff.cc:266:slice$25705 ($adffe) from module x7_top.
Setting constant 1-bit at position 1 on $auto$ff.cc:266:slice$25705 ($adffe) from module x7_top.
Setting constant 1-bit at position 0 on $procdff$24185 ($adff) from module x7_top.
Setting constant 1-bit at position 1 on $procdff$24185 ($adff) from module x7_top.
Setting constant 1-bit at position 2 on $procdff$24185 ($adff) from module x7_top.
Setting constant 1-bit at position 3 on $procdff$24185 ($adff) from module x7_top.
Setting constant 1-bit at position 4 on $procdff$24185 ($adff) from module x7_top.
Setting constant 1-bit at position 5 on $procdff$24185 ($adff) from module x7_top.
Setting constant 1-bit at position 6 on $procdff$24185 ($adff) from module x7_top.
Setting constant 1-bit at position 7 on $procdff$24185 ($adff) from module x7_top.
Setting constant 1-bit at position 8 on $procdff$24185 ($adff) from module x7_top.
Setting constant 1-bit at position 9 on $procdff$24185 ($adff) from module x7_top.
Setting constant 1-bit at position 10 on $procdff$24185 ($adff) from module x7_top.
Setting constant 1-bit at position 11 on $procdff$24185 ($adff) from module x7_top.
Setting constant 1-bit at position 12 on $procdff$24185 ($adff) from module x7_top.
Setting constant 1-bit at position 13 on $procdff$24185 ($adff) from module x7_top.
Setting constant 1-bit at position 14 on $procdff$24185 ($adff) from module x7_top.
Setting constant 1-bit at position 15 on $procdff$24185 ($adff) from module x7_top.
Setting constant 1-bit at position 16 on $procdff$24185 ($adff) from module x7_top.
Setting constant 1-bit at position 17 on $procdff$24185 ($adff) from module x7_top.
Setting constant 1-bit at position 18 on $procdff$24185 ($adff) from module x7_top.
Setting constant 1-bit at position 19 on $procdff$24185 ($adff) from module x7_top.
Setting constant 1-bit at position 20 on $procdff$24185 ($adff) from module x7_top.
Setting constant 1-bit at position 21 on $procdff$24185 ($adff) from module x7_top.
Setting constant 1-bit at position 22 on $procdff$24185 ($adff) from module x7_top.
Setting constant 1-bit at position 23 on $procdff$24185 ($adff) from module x7_top.
Setting constant 1-bit at position 24 on $procdff$24185 ($adff) from module x7_top.
Setting constant 1-bit at position 25 on $procdff$24185 ($adff) from module x7_top.
Setting constant 1-bit at position 26 on $procdff$24185 ($adff) from module x7_top.
Setting constant 1-bit at position 27 on $procdff$24185 ($adff) from module x7_top.
Setting constant 1-bit at position 28 on $procdff$24185 ($adff) from module x7_top.
Setting constant 1-bit at position 29 on $procdff$24185 ($adff) from module x7_top.
Setting constant 1-bit at position 30 on $procdff$24185 ($adff) from module x7_top.
Setting constant 1-bit at position 31 on $procdff$24185 ($adff) from module x7_top.
Setting constant 1-bit at position 32 on $procdff$24185 ($adff) from module x7_top.
Setting constant 1-bit at position 33 on $procdff$24185 ($adff) from module x7_top.
Setting constant 1-bit at position 34 on $procdff$24185 ($adff) from module x7_top.
Setting constant 1-bit at position 35 on $procdff$24185 ($adff) from module x7_top.
Setting constant 1-bit at position 36 on $procdff$24185 ($adff) from module x7_top.
Setting constant 1-bit at position 37 on $procdff$24185 ($adff) from module x7_top.
Setting constant 1-bit at position 38 on $procdff$24185 ($adff) from module x7_top.
Setting constant 1-bit at position 39 on $procdff$24185 ($adff) from module x7_top.
Setting constant 1-bit at position 40 on $procdff$24185 ($adff) from module x7_top.
Setting constant 1-bit at position 41 on $procdff$24185 ($adff) from module x7_top.
Setting constant 1-bit at position 42 on $procdff$24185 ($adff) from module x7_top.
Setting constant 1-bit at position 43 on $procdff$24185 ($adff) from module x7_top.
Setting constant 1-bit at position 44 on $procdff$24185 ($adff) from module x7_top.
Setting constant 1-bit at position 45 on $procdff$24185 ($adff) from module x7_top.
Setting constant 1-bit at position 46 on $procdff$24185 ($adff) from module x7_top.
Setting constant 1-bit at position 47 on $procdff$24185 ($adff) from module x7_top.
Setting constant 1-bit at position 48 on $procdff$24185 ($adff) from module x7_top.
Setting constant 1-bit at position 49 on $procdff$24185 ($adff) from module x7_top.
Setting constant 1-bit at position 50 on $procdff$24185 ($adff) from module x7_top.
Setting constant 1-bit at position 51 on $procdff$24185 ($adff) from module x7_top.
Setting constant 1-bit at position 52 on $procdff$24185 ($adff) from module x7_top.
Setting constant 1-bit at position 53 on $procdff$24185 ($adff) from module x7_top.
Setting constant 1-bit at position 54 on $procdff$24185 ($adff) from module x7_top.
Setting constant 1-bit at position 55 on $procdff$24185 ($adff) from module x7_top.
Setting constant 1-bit at position 56 on $procdff$24185 ($adff) from module x7_top.
Setting constant 1-bit at position 57 on $procdff$24185 ($adff) from module x7_top.
Setting constant 1-bit at position 58 on $procdff$24185 ($adff) from module x7_top.
Setting constant 1-bit at position 59 on $procdff$24185 ($adff) from module x7_top.
Setting constant 1-bit at position 60 on $procdff$24185 ($adff) from module x7_top.
Setting constant 1-bit at position 61 on $procdff$24185 ($adff) from module x7_top.
Setting constant 1-bit at position 62 on $procdff$24185 ($adff) from module x7_top.
Setting constant 1-bit at position 63 on $procdff$24185 ($adff) from module x7_top.
Setting constant 1-bit at position 64 on $procdff$24185 ($adff) from module x7_top.
Setting constant 1-bit at position 65 on $procdff$24185 ($adff) from module x7_top.
Setting constant 1-bit at position 66 on $procdff$24185 ($adff) from module x7_top.
Setting constant 1-bit at position 67 on $procdff$24185 ($adff) from module x7_top.
Setting constant 1-bit at position 68 on $procdff$24185 ($adff) from module x7_top.
Setting constant 1-bit at position 69 on $procdff$24185 ($adff) from module x7_top.
Setting constant 1-bit at position 70 on $procdff$24185 ($adff) from module x7_top.
Setting constant 1-bit at position 71 on $procdff$24185 ($adff) from module x7_top.
Setting constant 1-bit at position 72 on $procdff$24185 ($adff) from module x7_top.
Setting constant 1-bit at position 73 on $procdff$24185 ($adff) from module x7_top.
Setting constant 1-bit at position 74 on $procdff$24185 ($adff) from module x7_top.
Setting constant 1-bit at position 75 on $procdff$24185 ($adff) from module x7_top.
Setting constant 1-bit at position 76 on $procdff$24185 ($adff) from module x7_top.
Setting constant 1-bit at position 77 on $procdff$24185 ($adff) from module x7_top.
Setting constant 1-bit at position 78 on $procdff$24185 ($adff) from module x7_top.
Setting constant 1-bit at position 79 on $procdff$24185 ($adff) from module x7_top.
Setting constant 1-bit at position 80 on $procdff$24185 ($adff) from module x7_top.
Setting constant 1-bit at position 81 on $procdff$24185 ($adff) from module x7_top.
Setting constant 1-bit at position 82 on $procdff$24185 ($adff) from module x7_top.
Setting constant 1-bit at position 83 on $procdff$24185 ($adff) from module x7_top.
Setting constant 1-bit at position 84 on $procdff$24185 ($adff) from module x7_top.
Setting constant 1-bit at position 85 on $procdff$24185 ($adff) from module x7_top.
Setting constant 1-bit at position 86 on $procdff$24185 ($adff) from module x7_top.
Setting constant 1-bit at position 87 on $procdff$24185 ($adff) from module x7_top.
Setting constant 1-bit at position 88 on $procdff$24185 ($adff) from module x7_top.
Setting constant 1-bit at position 89 on $procdff$24185 ($adff) from module x7_top.
Setting constant 1-bit at position 90 on $procdff$24185 ($adff) from module x7_top.
Setting constant 1-bit at position 91 on $procdff$24185 ($adff) from module x7_top.
Setting constant 1-bit at position 92 on $procdff$24185 ($adff) from module x7_top.
Setting constant 1-bit at position 93 on $procdff$24185 ($adff) from module x7_top.
Setting constant 1-bit at position 94 on $procdff$24185 ($adff) from module x7_top.
Setting constant 1-bit at position 95 on $procdff$24185 ($adff) from module x7_top.
Setting constant 1-bit at position 96 on $procdff$24185 ($adff) from module x7_top.
Setting constant 1-bit at position 97 on $procdff$24185 ($adff) from module x7_top.
Setting constant 1-bit at position 98 on $procdff$24185 ($adff) from module x7_top.
Setting constant 1-bit at position 99 on $procdff$24185 ($adff) from module x7_top.
Setting constant 1-bit at position 100 on $procdff$24185 ($adff) from module x7_top.
Setting constant 1-bit at position 101 on $procdff$24185 ($adff) from module x7_top.
Setting constant 1-bit at position 102 on $procdff$24185 ($adff) from module x7_top.
Setting constant 1-bit at position 103 on $procdff$24185 ($adff) from module x7_top.
Setting constant 1-bit at position 104 on $procdff$24185 ($adff) from module x7_top.
Setting constant 1-bit at position 105 on $procdff$24185 ($adff) from module x7_top.
Setting constant 1-bit at position 106 on $procdff$24185 ($adff) from module x7_top.
Setting constant 1-bit at position 107 on $procdff$24185 ($adff) from module x7_top.
Setting constant 1-bit at position 108 on $procdff$24185 ($adff) from module x7_top.
Setting constant 1-bit at position 109 on $procdff$24185 ($adff) from module x7_top.
Setting constant 1-bit at position 110 on $procdff$24185 ($adff) from module x7_top.
Setting constant 1-bit at position 111 on $procdff$24185 ($adff) from module x7_top.
Setting constant 1-bit at position 112 on $procdff$24185 ($adff) from module x7_top.
Setting constant 1-bit at position 113 on $procdff$24185 ($adff) from module x7_top.
Setting constant 1-bit at position 114 on $procdff$24185 ($adff) from module x7_top.
Setting constant 1-bit at position 115 on $procdff$24185 ($adff) from module x7_top.
Setting constant 1-bit at position 116 on $procdff$24185 ($adff) from module x7_top.
Setting constant 1-bit at position 117 on $procdff$24185 ($adff) from module x7_top.
Setting constant 1-bit at position 118 on $procdff$24185 ($adff) from module x7_top.
Setting constant 1-bit at position 119 on $procdff$24185 ($adff) from module x7_top.
Setting constant 1-bit at position 120 on $procdff$24185 ($adff) from module x7_top.
Setting constant 1-bit at position 121 on $procdff$24185 ($adff) from module x7_top.
Setting constant 1-bit at position 122 on $procdff$24185 ($adff) from module x7_top.
Setting constant 1-bit at position 123 on $procdff$24185 ($adff) from module x7_top.
Setting constant 1-bit at position 124 on $procdff$24185 ($adff) from module x7_top.
Setting constant 1-bit at position 125 on $procdff$24185 ($adff) from module x7_top.
Setting constant 1-bit at position 126 on $procdff$24185 ($adff) from module x7_top.
Setting constant 1-bit at position 127 on $procdff$24185 ($adff) from module x7_top.
Setting constant 1-bit at position 0 on $procdff$24184 ($adff) from module x7_top.
Setting constant 1-bit at position 1 on $procdff$24184 ($adff) from module x7_top.
Setting constant 1-bit at position 2 on $procdff$24184 ($adff) from module x7_top.
Setting constant 1-bit at position 3 on $procdff$24184 ($adff) from module x7_top.
Setting constant 1-bit at position 4 on $procdff$24184 ($adff) from module x7_top.
Setting constant 1-bit at position 5 on $procdff$24184 ($adff) from module x7_top.
Setting constant 1-bit at position 6 on $procdff$24184 ($adff) from module x7_top.
Setting constant 1-bit at position 7 on $procdff$24184 ($adff) from module x7_top.
Setting constant 1-bit at position 8 on $procdff$24184 ($adff) from module x7_top.
Setting constant 1-bit at position 9 on $procdff$24184 ($adff) from module x7_top.
Setting constant 1-bit at position 10 on $procdff$24184 ($adff) from module x7_top.
Setting constant 1-bit at position 11 on $procdff$24184 ($adff) from module x7_top.
Setting constant 1-bit at position 12 on $procdff$24184 ($adff) from module x7_top.
Setting constant 1-bit at position 13 on $procdff$24184 ($adff) from module x7_top.
Setting constant 1-bit at position 14 on $procdff$24184 ($adff) from module x7_top.
Setting constant 1-bit at position 15 on $procdff$24184 ($adff) from module x7_top.
Setting constant 1-bit at position 16 on $procdff$24184 ($adff) from module x7_top.
Setting constant 1-bit at position 17 on $procdff$24184 ($adff) from module x7_top.
Setting constant 1-bit at position 18 on $procdff$24184 ($adff) from module x7_top.
Setting constant 1-bit at position 19 on $procdff$24184 ($adff) from module x7_top.
Setting constant 1-bit at position 20 on $procdff$24184 ($adff) from module x7_top.
Setting constant 1-bit at position 21 on $procdff$24184 ($adff) from module x7_top.
Setting constant 1-bit at position 22 on $procdff$24184 ($adff) from module x7_top.
Setting constant 1-bit at position 23 on $procdff$24184 ($adff) from module x7_top.
Setting constant 1-bit at position 24 on $procdff$24184 ($adff) from module x7_top.
Setting constant 1-bit at position 25 on $procdff$24184 ($adff) from module x7_top.
Setting constant 1-bit at position 26 on $procdff$24184 ($adff) from module x7_top.
Setting constant 1-bit at position 27 on $procdff$24184 ($adff) from module x7_top.
Setting constant 1-bit at position 28 on $procdff$24184 ($adff) from module x7_top.
Setting constant 1-bit at position 29 on $procdff$24184 ($adff) from module x7_top.
Setting constant 1-bit at position 30 on $procdff$24184 ($adff) from module x7_top.
Setting constant 1-bit at position 31 on $procdff$24184 ($adff) from module x7_top.
Adding SRST signal on $procdff$24186 ($dff) from module x7_controller (D = $procmux$4635_Y [0], Q = \phase_cycles [0], rval = 1'0).
Adding SRST signal on $procdff$24186 ($dff) from module x7_controller (D = $add$rtl/x7_controller.v:9$3582_Y [15:1], Q = \phase_cycles [15:1], rval = 15'000000000000000).
Adding SRST signal on $procdff$24187 ($dff) from module x7_controller (D = $procmux$4641_Y, Q = \phase_q, rval = 7'0000000).
Adding EN signal on $auto$ff.cc:266:slice$25875 ($sdff) from module x7_controller (D = \phase, Q = \phase_q).
Adding EN signal on $procdff$24421 ($dff) from module streaming_norm (D = \r, Q = \scale_r[15]).
Adding EN signal on $procdff$24418 ($dff) from module streaming_norm (D = \r, Q = \scale_r[14]).
Adding EN signal on $procdff$24415 ($dff) from module streaming_norm (D = \r, Q = \scale_r[13]).
Adding EN signal on $procdff$24412 ($dff) from module streaming_norm (D = \r, Q = \scale_r[12]).
Adding EN signal on $procdff$24409 ($dff) from module streaming_norm (D = \r, Q = \scale_r[11]).
Adding EN signal on $procdff$24406 ($dff) from module streaming_norm (D = \r, Q = \scale_r[10]).
Adding EN signal on $procdff$24403 ($dff) from module streaming_norm (D = \r, Q = \scale_r[9]).
Adding EN signal on $procdff$24400 ($dff) from module streaming_norm (D = \r, Q = \scale_r[8]).
Adding EN signal on $procdff$24397 ($dff) from module streaming_norm (D = \r, Q = \scale_r[7]).
Adding EN signal on $procdff$24394 ($dff) from module streaming_norm (D = \r, Q = \scale_r[6]).
Adding EN signal on $procdff$24391 ($dff) from module streaming_norm (D = \r, Q = \scale_r[5]).
Adding EN signal on $procdff$24214 ($dff) from module streaming_norm (D = $mul$rtl/streaming_norm.v:51$3326_Y, Q = \sq1).
Adding EN signal on $procdff$24382 ($dff) from module streaming_norm (D = \r, Q = \scale_r[2]).
Adding EN signal on $procdff$24211 ($dff) from module streaming_norm (D = $mul$rtl/streaming_norm.v:50$3325_Y, Q = \sq0).
Adding EN signal on $procdff$24208 ($dff) from module streaming_norm (D = $4\sat8$func$rtl/streaming_norm.v:105$3017.$result[7:0]$3494, Q = \scaled_cache [127:120]).
Adding EN signal on $procdff$24208 ($dff) from module streaming_norm (D = $4\sat8$func$rtl/streaming_norm.v:105$3016.$result[7:0]$3488, Q = \scaled_cache [119:112]).
Adding EN signal on $procdff$24208 ($dff) from module streaming_norm (D = $4\sat8$func$rtl/streaming_norm.v:105$3015.$result[7:0]$3482, Q = \scaled_cache [111:104]).
Adding EN signal on $procdff$24208 ($dff) from module streaming_norm (D = $4\sat8$func$rtl/streaming_norm.v:105$3014.$result[7:0]$3476, Q = \scaled_cache [103:96]).
Adding EN signal on $procdff$24208 ($dff) from module streaming_norm (D = $4\sat8$func$rtl/streaming_norm.v:105$3013.$result[7:0]$3470, Q = \scaled_cache [95:88]).
Adding EN signal on $procdff$24208 ($dff) from module streaming_norm (D = $4\sat8$func$rtl/streaming_norm.v:105$3012.$result[7:0]$3464, Q = \scaled_cache [87:80]).
Adding EN signal on $procdff$24208 ($dff) from module streaming_norm (D = $4\sat8$func$rtl/streaming_norm.v:105$3011.$result[7:0]$3458, Q = \scaled_cache [79:72]).
Adding EN signal on $procdff$24208 ($dff) from module streaming_norm (D = $4\sat8$func$rtl/streaming_norm.v:105$3010.$result[7:0]$3452, Q = \scaled_cache [71:64]).
Adding EN signal on $procdff$24208 ($dff) from module streaming_norm (D = $4\sat8$func$rtl/streaming_norm.v:105$3009.$result[7:0]$3446, Q = \scaled_cache [63:56]).
Adding EN signal on $procdff$24208 ($dff) from module streaming_norm (D = $4\sat8$func$rtl/streaming_norm.v:105$3008.$result[7:0]$3440, Q = \scaled_cache [55:48]).
Adding EN signal on $procdff$24208 ($dff) from module streaming_norm (D = $4\sat8$func$rtl/streaming_norm.v:105$3007.$result[7:0]$3434, Q = \scaled_cache [47:40]).
Adding EN signal on $procdff$24208 ($dff) from module streaming_norm (D = $4\sat8$func$rtl/streaming_norm.v:105$3006.$result[7:0]$3428, Q = \scaled_cache [39:32]).
Adding EN signal on $procdff$24208 ($dff) from module streaming_norm (D = $4\sat8$func$rtl/streaming_norm.v:105$3005.$result[7:0]$3422, Q = \scaled_cache [31:24]).
Adding EN signal on $procdff$24208 ($dff) from module streaming_norm (D = $4\sat8$func$rtl/streaming_norm.v:105$3004.$result[7:0]$3416, Q = \scaled_cache [23:16]).
Adding EN signal on $procdff$24208 ($dff) from module streaming_norm (D = $4\sat8$func$rtl/streaming_norm.v:105$3003.$result[7:0]$3410, Q = \scaled_cache [15:8]).
Adding EN signal on $procdff$24208 ($dff) from module streaming_norm (D = $4\sat8$func$rtl/streaming_norm.v:105$3002.$result[7:0]$3404, Q = \scaled_cache [7:0]).
Adding EN signal on $procdff$24205 ($dff) from module streaming_norm (D = \act_rd_data, Q = \x_cache).
Adding EN signal on $procdff$24385 ($dff) from module streaming_norm (D = \r, Q = \scale_r[3]).
Adding EN signal on $procdff$24202 ($adff) from module streaming_norm (D = $3\satadd8$func$rtl/streaming_norm.v:110$3033.$result[7:0]$3574, Q = \pending_write [127:120]).
Adding EN signal on $procdff$24202 ($adff) from module streaming_norm (D = $3\satadd8$func$rtl/streaming_norm.v:110$3032.$result[7:0]$3569, Q = \pending_write [119:112]).
Adding EN signal on $procdff$24202 ($adff) from module streaming_norm (D = $3\satadd8$func$rtl/streaming_norm.v:110$3031.$result[7:0]$3564, Q = \pending_write [111:104]).
Adding EN signal on $procdff$24202 ($adff) from module streaming_norm (D = $3\satadd8$func$rtl/streaming_norm.v:110$3030.$result[7:0]$3559, Q = \pending_write [103:96]).
Adding EN signal on $procdff$24202 ($adff) from module streaming_norm (D = $3\satadd8$func$rtl/streaming_norm.v:110$3029.$result[7:0]$3554, Q = \pending_write [95:88]).
Adding EN signal on $procdff$24202 ($adff) from module streaming_norm (D = $3\satadd8$func$rtl/streaming_norm.v:110$3028.$result[7:0]$3549, Q = \pending_write [87:80]).
Adding EN signal on $procdff$24202 ($adff) from module streaming_norm (D = $3\satadd8$func$rtl/streaming_norm.v:110$3027.$result[7:0]$3544, Q = \pending_write [79:72]).
Adding EN signal on $procdff$24202 ($adff) from module streaming_norm (D = $3\satadd8$func$rtl/streaming_norm.v:110$3026.$result[7:0]$3539, Q = \pending_write [71:64]).
Adding EN signal on $procdff$24202 ($adff) from module streaming_norm (D = $3\satadd8$func$rtl/streaming_norm.v:110$3025.$result[7:0]$3534, Q = \pending_write [63:56]).
Adding EN signal on $procdff$24202 ($adff) from module streaming_norm (D = $3\satadd8$func$rtl/streaming_norm.v:110$3024.$result[7:0]$3529, Q = \pending_write [55:48]).
Adding EN signal on $procdff$24202 ($adff) from module streaming_norm (D = $3\satadd8$func$rtl/streaming_norm.v:110$3023.$result[7:0]$3524, Q = \pending_write [47:40]).
Adding EN signal on $procdff$24202 ($adff) from module streaming_norm (D = $3\satadd8$func$rtl/streaming_norm.v:110$3022.$result[7:0]$3519, Q = \pending_write [39:32]).
Adding EN signal on $procdff$24202 ($adff) from module streaming_norm (D = $3\satadd8$func$rtl/streaming_norm.v:110$3021.$result[7:0]$3514, Q = \pending_write [31:24]).
Adding EN signal on $procdff$24202 ($adff) from module streaming_norm (D = $3\satadd8$func$rtl/streaming_norm.v:110$3020.$result[7:0]$3509, Q = \pending_write [23:16]).
Adding EN signal on $procdff$24202 ($adff) from module streaming_norm (D = $3\satadd8$func$rtl/streaming_norm.v:110$3019.$result[7:0]$3504, Q = \pending_write [15:8]).
Adding EN signal on $procdff$24202 ($adff) from module streaming_norm (D = $3\satadd8$func$rtl/streaming_norm.v:110$3018.$result[7:0]$3499, Q = \pending_write [7:0]).
Adding EN signal on $procdff$24201 ($adff) from module streaming_norm (D = \ivec_rd_data, Q = \o_hi).
Adding EN signal on $procdff$24200 ($adff) from module streaming_norm (D = \ivec_rd_data, Q = \o_lo).
Adding EN signal on $procdff$24199 ($adff) from module streaming_norm (D = $sshr$rtl/streaming_norm.v:72$3352_Y, Q = \y2).
Adding EN signal on $procdff$24388 ($dff) from module streaming_norm (D = \r, Q = \scale_r[4]).
Adding EN signal on $procdff$24198 ($adff) from module streaming_norm (D = $procmux$7013_Y, Q = \r).
Adding EN signal on $procdff$24197 ($adff) from module streaming_norm (D = $ternary$rtl/streaming_norm.v:66$3346_Y [13:0], Q = \mean).
Adding EN signal on $procdff$24196 ($adff) from module streaming_norm (D = $procmux$7058_Y, Q = \sumsq).
Adding EN signal on $procdff$24195 ($adff) from module streaming_norm (D = $procmux$7076_Y [2:1], Q = \nr [2:1]).
Adding EN signal on $procdff$24195 ($adff) from module streaming_norm (D = $procmux$7076_Y [0], Q = \nr [0]).
Adding EN signal on $procdff$24194 ($adff) from module streaming_norm (D = $procmux$7087_Y, Q = \beat).
Adding EN signal on $procdff$24193 ($adff) from module streaming_norm (D = $procmux$7109_Y, Q = \word).
Adding EN signal on $procdff$24192 ($adff) from module streaming_norm (D = $procmux$7118_Y, Q = \st).
Adding EN signal on $procdff$24277 ($dff) from module streaming_norm (D = $mul$rtl/streaming_norm.v:86$3362_Y, Q = \nr_hi_q).
Adding EN signal on $procdff$24274 ($dff) from module streaming_norm (D = $mul$rtl/streaming_norm.v:85$3361_Y, Q = \nr_lo_q).
Adding EN signal on $procdff$24190 ($dff) from module streaming_norm (D = $procmux$6365_Y, Q = \i).
Adding EN signal on $procdff$24271 ($dff) from module streaming_norm (D = $mul$rtl/streaming_norm.v:75$3355_Y, Q = \xy_hi_q).
Adding EN signal on $procdff$24268 ($dff) from module streaming_norm (D = $mul$rtl/streaming_norm.v:74$3354_Y, Q = \xy_lo_q).
Adding EN signal on $procdff$24265 ($dff) from module streaming_norm (D = $sshr$rtl/streaming_norm.v:81$3360_Y [13:0], Q = \factor_q).
Adding EN signal on $procdff$24262 ($dff) from module streaming_norm (D = $3\scaled[22:0], Q = \scaled).
Adding EN signal on $procdff$24259 ($dff) from module streaming_norm (D = $add$rtl/streaming_norm.v:90$3364_Y, Q = \next_y).
Adding EN signal on $procdff$24256 ($dff) from module streaming_norm (D = $shr$rtl/streaming_norm.v:80$3358_Y [22:0], Q = \xy2).
Adding EN signal on $procdff$24253 ($dff) from module streaming_norm (D = $3\o[7:0], Q = \o).
Adding EN signal on $procdff$24250 ($dff) from module streaming_norm (D = $add$rtl/streaming_norm.v:61$3338_Y, Q = \half1).
Adding EN signal on $procdff$24247 ($dff) from module streaming_norm (D = $add$rtl/streaming_norm.v:61$3337_Y, Q = \half0).
Adding EN signal on $procdff$24244 ($dff) from module streaming_norm (D = $add$rtl/streaming_norm.v:60$3336_Y, Q = \pair3).
Adding EN signal on $procdff$24241 ($dff) from module streaming_norm (D = $add$rtl/streaming_norm.v:60$3335_Y, Q = \pair2).
Adding EN signal on $procdff$24238 ($dff) from module streaming_norm (D = $add$rtl/streaming_norm.v:60$3334_Y, Q = \pair1).
Adding EN signal on $procdff$24235 ($dff) from module streaming_norm (D = $add$rtl/streaming_norm.v:60$3333_Y, Q = \pair0).
Adding EN signal on $procdff$24232 ($dff) from module streaming_norm (D = $mul$rtl/streaming_norm.v:57$3332_Y, Q = \sq7).
Adding EN signal on $procdff$24229 ($dff) from module streaming_norm (D = $mul$rtl/streaming_norm.v:56$3331_Y, Q = \sq6).
Adding EN signal on $procdff$24376 ($dff) from module streaming_norm (D = \r, Q = \scale_r[0]).
Adding EN signal on $procdff$24226 ($dff) from module streaming_norm (D = $mul$rtl/streaming_norm.v:55$3330_Y, Q = \sq5).
Adding EN signal on $procdff$24223 ($dff) from module streaming_norm (D = $mul$rtl/streaming_norm.v:54$3329_Y, Q = \sq4).
Adding EN signal on $procdff$24220 ($dff) from module streaming_norm (D = $mul$rtl/streaming_norm.v:53$3328_Y, Q = \sq3).
Adding EN signal on $procdff$24379 ($dff) from module streaming_norm (D = \r, Q = \scale_r[1]).
Adding EN signal on $procdff$24217 ($dff) from module streaming_norm (D = $mul$rtl/streaming_norm.v:52$3327_Y, Q = \sq2).
Setting constant 1-bit at position 0 on $procdff$24373 ($adff) from module streaming_norm.
Setting constant 1-bit at position 1 on $procdff$24373 ($adff) from module streaming_norm.
Setting constant 1-bit at position 2 on $procdff$24373 ($adff) from module streaming_norm.
Setting constant 1-bit at position 3 on $procdff$24373 ($adff) from module streaming_norm.
Setting constant 1-bit at position 4 on $procdff$24373 ($adff) from module streaming_norm.
Setting constant 1-bit at position 5 on $procdff$24373 ($adff) from module streaming_norm.
Setting constant 1-bit at position 6 on $procdff$24373 ($adff) from module streaming_norm.
Setting constant 1-bit at position 7 on $procdff$24373 ($adff) from module streaming_norm.
Setting constant 1-bit at position 8 on $procdff$24373 ($adff) from module streaming_norm.
Setting constant 1-bit at position 0 on $procdff$24301 ($adff) from module streaming_norm.
Setting constant 1-bit at position 1 on $procdff$24301 ($adff) from module streaming_norm.
Setting constant 1-bit at position 2 on $procdff$24301 ($adff) from module streaming_norm.
Setting constant 1-bit at position 3 on $procdff$24301 ($adff) from module streaming_norm.
Setting constant 1-bit at position 4 on $procdff$24301 ($adff) from module streaming_norm.
Setting constant 1-bit at position 5 on $procdff$24301 ($adff) from module streaming_norm.
Setting constant 1-bit at position 6 on $procdff$24301 ($adff) from module streaming_norm.
Setting constant 1-bit at position 7 on $procdff$24301 ($adff) from module streaming_norm.
Setting constant 1-bit at position 8 on $procdff$24301 ($adff) from module streaming_norm.
Setting constant 1-bit at position 9 on $procdff$24301 ($adff) from module streaming_norm.
Setting constant 1-bit at position 10 on $procdff$24301 ($adff) from module streaming_norm.
Setting constant 1-bit at position 11 on $procdff$24301 ($adff) from module streaming_norm.
Setting constant 1-bit at position 0 on $procdff$24302 ($adff) from module streaming_norm.
Setting constant 1-bit at position 1 on $procdff$24302 ($adff) from module streaming_norm.
Setting constant 1-bit at position 2 on $procdff$24302 ($adff) from module streaming_norm.
Setting constant 1-bit at position 3 on $procdff$24302 ($adff) from module streaming_norm.
Setting constant 1-bit at position 4 on $procdff$24302 ($adff) from module streaming_norm.
Setting constant 1-bit at position 5 on $procdff$24302 ($adff) from module streaming_norm.
Setting constant 1-bit at position 6 on $procdff$24302 ($adff) from module streaming_norm.
Setting constant 1-bit at position 7 on $procdff$24302 ($adff) from module streaming_norm.
Adding EN signal on $procdff$24791 ($adff) from module state_stream_controller (D = $procmux$20824_Y, Q = \acc[31]).
Adding EN signal on $procdff$24790 ($adff) from module state_stream_controller (D = $procmux$20854_Y, Q = \acc[30]).
Adding EN signal on $procdff$24789 ($adff) from module state_stream_controller (D = $procmux$20884_Y, Q = \acc[29]).
Adding EN signal on $procdff$24788 ($adff) from module state_stream_controller (D = $procmux$20914_Y, Q = \acc[28]).
Adding EN signal on $procdff$24787 ($adff) from module state_stream_controller (D = $procmux$20944_Y, Q = \acc[27]).
Adding EN signal on $procdff$24786 ($adff) from module state_stream_controller (D = $procmux$20974_Y, Q = \acc[26]).
Adding EN signal on $procdff$24785 ($adff) from module state_stream_controller (D = $procmux$21004_Y, Q = \acc[25]).
Adding EN signal on $procdff$24784 ($adff) from module state_stream_controller (D = $procmux$21034_Y, Q = \acc[24]).
Adding EN signal on $procdff$24783 ($adff) from module state_stream_controller (D = $procmux$21064_Y, Q = \acc[23]).
Adding EN signal on $procdff$24782 ($adff) from module state_stream_controller (D = $procmux$21090_Y, Q = \acc[22]).
Adding EN signal on $procdff$24781 ($adff) from module state_stream_controller (D = $procmux$21116_Y, Q = \acc[21]).
Adding EN signal on $procdff$24780 ($adff) from module state_stream_controller (D = $procmux$21142_Y, Q = \acc[20]).
Adding EN signal on $procdff$24779 ($adff) from module state_stream_controller (D = $procmux$21168_Y, Q = \acc[19]).
Adding EN signal on $procdff$24778 ($adff) from module state_stream_controller (D = $procmux$21194_Y, Q = \acc[18]).
Adding EN signal on $procdff$24777 ($adff) from module state_stream_controller (D = $procmux$21220_Y, Q = \acc[17]).
Adding EN signal on $procdff$24776 ($adff) from module state_stream_controller (D = $procmux$21246_Y, Q = \acc[16]).
Adding EN signal on $procdff$24775 ($adff) from module state_stream_controller (D = $procmux$21272_Y, Q = \acc[15]).
Adding EN signal on $procdff$24774 ($adff) from module state_stream_controller (D = $procmux$21300_Y, Q = \acc[14]).
Adding EN signal on $procdff$24773 ($adff) from module state_stream_controller (D = $procmux$21328_Y, Q = \acc[13]).
Adding EN signal on $procdff$24772 ($adff) from module state_stream_controller (D = $procmux$21356_Y, Q = \acc[12]).
Adding EN signal on $procdff$24771 ($adff) from module state_stream_controller (D = $procmux$21384_Y, Q = \acc[11]).
Adding EN signal on $procdff$24770 ($adff) from module state_stream_controller (D = $procmux$21412_Y, Q = \acc[10]).
Adding EN signal on $procdff$24769 ($adff) from module state_stream_controller (D = $procmux$21440_Y, Q = \acc[9]).
Adding EN signal on $procdff$24768 ($adff) from module state_stream_controller (D = $procmux$21468_Y, Q = \acc[8]).
Adding EN signal on $procdff$24767 ($adff) from module state_stream_controller (D = $procmux$21496_Y, Q = \acc[7]).
Adding EN signal on $procdff$24766 ($adff) from module state_stream_controller (D = $procmux$21526_Y, Q = \acc[6]).
Adding EN signal on $procdff$24439 ($adff) from module state_stream_controller (D = $procmux$14429_Y, Q = \rq_data_q [127:120]).
Adding EN signal on $procdff$24439 ($adff) from module state_stream_controller (D = $procmux$14449_Y, Q = \rq_data_q [119:112]).
Adding EN signal on $procdff$24439 ($adff) from module state_stream_controller (D = $procmux$14529_Y, Q = \rq_data_q [111:104]).
Adding EN signal on $procdff$24439 ($adff) from module state_stream_controller (D = $procmux$14609_Y, Q = \rq_data_q [103:96]).
Adding EN signal on $procdff$24439 ($adff) from module state_stream_controller (D = $procmux$14689_Y, Q = \rq_data_q [95:88]).
Adding EN signal on $procdff$24439 ($adff) from module state_stream_controller (D = $procmux$14769_Y, Q = \rq_data_q [87:80]).
Adding EN signal on $procdff$24439 ($adff) from module state_stream_controller (D = $procmux$14849_Y, Q = \rq_data_q [79:72]).
Adding EN signal on $procdff$24439 ($adff) from module state_stream_controller (D = $procmux$14929_Y, Q = \rq_data_q [71:64]).
Adding EN signal on $procdff$24439 ($adff) from module state_stream_controller (D = $procmux$15009_Y, Q = \rq_data_q [63:56]).
Adding EN signal on $procdff$24439 ($adff) from module state_stream_controller (D = $procmux$15089_Y, Q = \rq_data_q [55:48]).
Adding EN signal on $procdff$24439 ($adff) from module state_stream_controller (D = $procmux$15169_Y, Q = \rq_data_q [47:40]).
Adding EN signal on $procdff$24439 ($adff) from module state_stream_controller (D = $procmux$15249_Y, Q = \rq_data_q [39:32]).
Adding EN signal on $procdff$24439 ($adff) from module state_stream_controller (D = $procmux$15329_Y, Q = \rq_data_q [31:24]).
Adding EN signal on $procdff$24439 ($adff) from module state_stream_controller (D = $procmux$15409_Y, Q = \rq_data_q [23:16]).
Adding EN signal on $procdff$24439 ($adff) from module state_stream_controller (D = $procmux$15489_Y, Q = \rq_data_q [15:8]).
Adding EN signal on $procdff$24439 ($adff) from module state_stream_controller (D = $procmux$15569_Y, Q = \rq_data_q [7:0]).
Adding EN signal on $procdff$24765 ($adff) from module state_stream_controller (D = $procmux$21556_Y, Q = \acc[5]).
Adding EN signal on $procdff$24764 ($adff) from module state_stream_controller (D = $procmux$21586_Y, Q = \acc[4]).
Adding EN signal on $procdff$24438 ($adff) from module state_stream_controller (D = { $procmux$10258_Y $procmux$10269_Y $procmux$10356_Y $procmux$10443_Y $procmux$10530_Y $procmux$10617_Y $procmux$10704_Y $procmux$10791_Y $procmux$10878_Y $procmux$10965_Y $procmux$11052_Y $procmux$11139_Y $procmux$11226_Y $procmux$11313_Y $procmux$11400_Y $procmux$11487_Y }, Q = \write_data_q).
Adding EN signal on $procdff$24763 ($adff) from module state_stream_controller (D = $procmux$21616_Y, Q = \acc[3]).
Adding EN signal on $procdff$24762 ($adff) from module state_stream_controller (D = $procmux$21646_Y, Q = \acc[2]).
Adding EN signal on $procdff$24437 ($adff) from module state_stream_controller (D = \ivec_rd_data, Q = \v_cache [255:192]).
Adding EN signal on $procdff$24437 ($adff) from module state_stream_controller (D = \ivec_rd_data, Q = \v_cache [191:128]).
Adding EN signal on $procdff$24437 ($adff) from module state_stream_controller (D = \ivec_rd_data, Q = \v_cache [127:64]).
Adding EN signal on $procdff$24437 ($adff) from module state_stream_controller (D = \ivec_rd_data, Q = \v_cache [63:0]).
Adding EN signal on $procdff$24761 ($adff) from module state_stream_controller (D = $procmux$21676_Y, Q = \acc[1]).
Adding EN signal on $procdff$24436 ($adff) from module state_stream_controller (D = \act_rd_data, Q = \diff_cache [127:0]).
Adding EN signal on $procdff$24436 ($adff) from module state_stream_controller (D = \act_rd_data, Q = \diff_cache [255:128]).
Adding EN signal on $procdff$24760 ($adff) from module state_stream_controller (D = $procmux$21706_Y, Q = \acc[0]).
Adding EN signal on $procdff$24435 ($adff) from module state_stream_controller (D = { $procmux$8623_Y $procmux$21781_Y $procmux$16681_Y $procmux$16708_Y }, Q = \state_build).
Adding EN signal on $procdff$24434 ($adff) from module state_stream_controller (D = $procmux$21851_Y, Q = \state_word).
Adding EN signal on $procdff$24433 ($adff) from module state_stream_controller (D = \ivec_rd_data, Q = \q_cache).
Adding EN signal on $procdff$24432 ($adff) from module state_stream_controller (D = $procmux$21879_Y, Q = \k_cache).
Adding EN signal on $procdff$24431 ($adff) from module state_stream_controller (D = $procmux$21896_Y, Q = \gate_cache).
Adding EN signal on $procdff$24430 ($adff) from module state_stream_controller (D = $procmux$21922_Y, Q = \vword).
Adding EN signal on $procdff$24428 ($adff) from module state_stream_controller (D = $procmux$21989_Y, Q = \diff_half).
Adding EN signal on $procdff$24427 ($adff) from module state_stream_controller (D = $procmux$22012_Y, Q = \row).
Adding EN signal on $procdff$24426 ($adff) from module state_stream_controller (D = $procmux$22042_Y, Q = \group).
Adding EN signal on $procdff$24425 ($adff) from module state_stream_controller (D = $procmux$22067_Y, Q = \chunk).
Adding EN signal on $procdff$24424 ($adff) from module state_stream_controller (D = $procmux$22087_Y, Q = \fsm).
Adding EN signal on $procdff$24422 ($adff) from module state_stream_controller (D = $procmux$16740_Y, Q = \i).
Setting constant 1-bit at position 0 on $procdff$24539 ($adff) from module state_stream_controller.
Setting constant 1-bit at position 1 on $procdff$24539 ($adff) from module state_stream_controller.
Setting constant 1-bit at position 2 on $procdff$24539 ($adff) from module state_stream_controller.
Setting constant 1-bit at position 3 on $procdff$24539 ($adff) from module state_stream_controller.
Setting constant 1-bit at position 4 on $procdff$24539 ($adff) from module state_stream_controller.
Setting constant 1-bit at position 5 on $procdff$24539 ($adff) from module state_stream_controller.
Setting constant 1-bit at position 6 on $procdff$24539 ($adff) from module state_stream_controller.
Setting constant 1-bit at position 7 on $procdff$24539 ($adff) from module state_stream_controller.
Setting constant 1-bit at position 8 on $procdff$24539 ($adff) from module state_stream_controller.
Setting constant 1-bit at position 0 on $procdff$24440 ($adff) from module state_stream_controller.
Setting constant 1-bit at position 1 on $procdff$24440 ($adff) from module state_stream_controller.
Setting constant 1-bit at position 2 on $procdff$24440 ($adff) from module state_stream_controller.
Setting constant 1-bit at position 3 on $procdff$24440 ($adff) from module state_stream_controller.
Setting constant 1-bit at position 4 on $procdff$24440 ($adff) from module state_stream_controller.
Setting constant 1-bit at position 5 on $procdff$24440 ($adff) from module state_stream_controller.
Setting constant 1-bit at position 6 on $procdff$24440 ($adff) from module state_stream_controller.
Setting constant 1-bit at position 7 on $procdff$24440 ($adff) from module state_stream_controller.
Setting constant 1-bit at position 0 on $procdff$24441 ($adff) from module state_stream_controller.
Setting constant 1-bit at position 1 on $procdff$24441 ($adff) from module state_stream_controller.
Setting constant 1-bit at position 2 on $procdff$24441 ($adff) from module state_stream_controller.
Setting constant 1-bit at position 3 on $procdff$24441 ($adff) from module state_stream_controller.
Setting constant 1-bit at position 4 on $procdff$24441 ($adff) from module state_stream_controller.
Setting constant 1-bit at position 5 on $procdff$24441 ($adff) from module state_stream_controller.
Setting constant 1-bit at position 6 on $procdff$24441 ($adff) from module state_stream_controller.
Setting constant 1-bit at position 7 on $procdff$24441 ($adff) from module state_stream_controller.
Setting constant 1-bit at position 8 on $procdff$24441 ($adff) from module state_stream_controller.
Setting constant 1-bit at position 9 on $procdff$24441 ($adff) from module state_stream_controller.
Setting constant 1-bit at position 10 on $procdff$24441 ($adff) from module state_stream_controller.
Setting constant 1-bit at position 11 on $procdff$24441 ($adff) from module state_stream_controller.
Setting constant 1-bit at position 12 on $procdff$24441 ($adff) from module state_stream_controller.
Setting constant 1-bit at position 13 on $procdff$24441 ($adff) from module state_stream_controller.
Setting constant 1-bit at position 14 on $procdff$24441 ($adff) from module state_stream_controller.
Setting constant 1-bit at position 15 on $procdff$24441 ($adff) from module state_stream_controller.
Setting constant 1-bit at position 16 on $procdff$24441 ($adff) from module state_stream_controller.
Setting constant 1-bit at position 17 on $procdff$24441 ($adff) from module state_stream_controller.
Setting constant 1-bit at position 18 on $procdff$24441 ($adff) from module state_stream_controller.
Setting constant 1-bit at position 19 on $procdff$24441 ($adff) from module state_stream_controller.
Setting constant 1-bit at position 20 on $procdff$24441 ($adff) from module state_stream_controller.
Setting constant 1-bit at position 21 on $procdff$24441 ($adff) from module state_stream_controller.
Setting constant 1-bit at position 22 on $procdff$24441 ($adff) from module state_stream_controller.
Setting constant 1-bit at position 23 on $procdff$24441 ($adff) from module state_stream_controller.
Setting constant 1-bit at position 0 on $procdff$24442 ($adff) from module state_stream_controller.
Setting constant 1-bit at position 1 on $procdff$24442 ($adff) from module state_stream_controller.
Setting constant 1-bit at position 2 on $procdff$24442 ($adff) from module state_stream_controller.
Setting constant 1-bit at position 3 on $procdff$24442 ($adff) from module state_stream_controller.
Setting constant 1-bit at position 4 on $procdff$24442 ($adff) from module state_stream_controller.
Setting constant 1-bit at position 5 on $procdff$24442 ($adff) from module state_stream_controller.
Setting constant 1-bit at position 6 on $procdff$24442 ($adff) from module state_stream_controller.
Setting constant 1-bit at position 7 on $procdff$24442 ($adff) from module state_stream_controller.
Setting constant 1-bit at position 8 on $procdff$24442 ($adff) from module state_stream_controller.
Setting constant 1-bit at position 9 on $procdff$24442 ($adff) from module state_stream_controller.
Setting constant 1-bit at position 10 on $procdff$24442 ($adff) from module state_stream_controller.
Setting constant 1-bit at position 11 on $procdff$24442 ($adff) from module state_stream_controller.
Setting constant 1-bit at position 12 on $procdff$24442 ($adff) from module state_stream_controller.
Setting constant 1-bit at position 13 on $procdff$24442 ($adff) from module state_stream_controller.
Setting constant 1-bit at position 14 on $procdff$24442 ($adff) from module state_stream_controller.
Adding EN signal on $procdff$25264 ($dff) from module state_word_engine (D = $ternary$rtl/state_word_engine.v:66$966_Y, Q = \coef4[7]).
Adding EN signal on $procdff$25261 ($dff) from module state_word_engine (D = $ternary$rtl/state_word_engine.v:66$957_Y, Q = \coef4[6]).
Adding EN signal on $procdff$25258 ($dff) from module state_word_engine (D = $ternary$rtl/state_word_engine.v:66$948_Y, Q = \coef4[5]).
Adding EN signal on $procdff$25255 ($dff) from module state_word_engine (D = $ternary$rtl/state_word_engine.v:66$939_Y, Q = \coef4[4]).
Adding EN signal on $procdff$25252 ($dff) from module state_word_engine (D = $ternary$rtl/state_word_engine.v:66$930_Y, Q = \coef4[3]).
Adding EN signal on $procdff$25249 ($dff) from module state_word_engine (D = $ternary$rtl/state_word_engine.v:66$921_Y, Q = \coef4[2]).
Adding EN signal on $procdff$25246 ($dff) from module state_word_engine (D = $ternary$rtl/state_word_engine.v:66$912_Y, Q = \coef4[1]).
Adding EN signal on $procdff$25243 ($dff) from module state_word_engine (D = $ternary$rtl/state_word_engine.v:66$903_Y, Q = \coef4[0]).
Adding EN signal on $procdff$25240 ($dff) from module state_word_engine (D = $add$rtl/state_word_engine.v:62$886_Y, Q = \bkd3[7]).
Adding EN signal on $procdff$25237 ($dff) from module state_word_engine (D = $add$rtl/state_word_engine.v:62$884_Y, Q = \bkd3[6]).
Adding EN signal on $procdff$25234 ($dff) from module state_word_engine (D = $add$rtl/state_word_engine.v:62$882_Y, Q = \bkd3[5]).
Adding EN signal on $procdff$25231 ($dff) from module state_word_engine (D = $add$rtl/state_word_engine.v:62$880_Y, Q = \bkd3[4]).
Adding EN signal on $procdff$25228 ($dff) from module state_word_engine (D = $add$rtl/state_word_engine.v:62$878_Y, Q = \bkd3[3]).
Adding EN signal on $procdff$25225 ($dff) from module state_word_engine (D = $add$rtl/state_word_engine.v:62$876_Y, Q = \bkd3[2]).
Adding EN signal on $procdff$25222 ($dff) from module state_word_engine (D = $add$rtl/state_word_engine.v:62$874_Y, Q = \bkd3[1]).
Adding EN signal on $procdff$24994 ($dff) from module state_word_engine (D = \k0[5], Q = \k1[5]).
Adding EN signal on $procdff$25219 ($dff) from module state_word_engine (D = $add$rtl/state_word_engine.v:62$872_Y, Q = \bkd3[0]).
Adding EN signal on $procdff$25216 ($dff) from module state_word_engine (D = \q2[7], Q = \q3[7]).
Adding EN signal on $procdff$25213 ($dff) from module state_word_engine (D = \q2[6], Q = \q3[6]).
Adding EN signal on $procdff$24997 ($dff) from module state_word_engine (D = \k0[6], Q = \k1[6]).
Adding EN signal on $procdff$25210 ($dff) from module state_word_engine (D = \q2[5], Q = \q3[5]).
Adding EN signal on $procdff$25207 ($dff) from module state_word_engine (D = \q2[4], Q = \q3[4]).
Adding EN signal on $procdff$25204 ($dff) from module state_word_engine (D = \q2[3], Q = \q3[3]).
Adding EN signal on $procdff$25201 ($dff) from module state_word_engine (D = \q2[2], Q = \q3[2]).
Adding EN signal on $procdff$25000 ($dff) from module state_word_engine (D = \k0[7], Q = \k1[7]).
Adding EN signal on $procdff$25198 ($dff) from module state_word_engine (D = \q2[1], Q = \q3[1]).
Adding EN signal on $procdff$25195 ($dff) from module state_word_engine (D = \q2[0], Q = \q3[0]).
Adding EN signal on $procdff$25192 ($dff) from module state_word_engine (D = \k2[7], Q = \k3[7]).
Adding EN signal on $procdff$25003 ($dff) from module state_word_engine (D = \q0[0], Q = \q1[0]).
Adding EN signal on $procdff$25189 ($dff) from module state_word_engine (D = \k2[6], Q = \k3[6]).
Adding EN signal on $procdff$25186 ($dff) from module state_word_engine (D = \k2[5], Q = \k3[5]).
Adding EN signal on $procdff$25183 ($dff) from module state_word_engine (D = \k2[4], Q = \k3[4]).
Adding EN signal on $procdff$25180 ($dff) from module state_word_engine (D = \k2[3], Q = \k3[3]).
Adding EN signal on $procdff$25006 ($dff) from module state_word_engine (D = \q0[1], Q = \q1[1]).
Adding EN signal on $procdff$25177 ($dff) from module state_word_engine (D = \k2[2], Q = \k3[2]).
Adding EN signal on $procdff$25174 ($dff) from module state_word_engine (D = \k2[1], Q = \k3[1]).
Adding EN signal on $procdff$25171 ($dff) from module state_word_engine (D = \k2[0], Q = \k3[0]).
Adding EN signal on $procdff$25009 ($dff) from module state_word_engine (D = \q0[2], Q = \q1[2]).
Adding EN signal on $procdff$25168 ($dff) from module state_word_engine (D = $mul$rtl/state_word_engine.v:57$870_Y, Q = \bkd_hi2[7]).
Adding EN signal on $procdff$25165 ($dff) from module state_word_engine (D = $mul$rtl/state_word_engine.v:57$863_Y, Q = \bkd_hi2[6]).
Adding EN signal on $procdff$25162 ($dff) from module state_word_engine (D = $mul$rtl/state_word_engine.v:57$856_Y, Q = \bkd_hi2[5]).
Adding EN signal on $procdff$25159 ($dff) from module state_word_engine (D = $mul$rtl/state_word_engine.v:57$849_Y, Q = \bkd_hi2[4]).
Adding EN signal on $procdff$25012 ($dff) from module state_word_engine (D = \q0[3], Q = \q1[3]).
Adding EN signal on $procdff$25156 ($dff) from module state_word_engine (D = $mul$rtl/state_word_engine.v:57$842_Y, Q = \bkd_hi2[3]).
Adding EN signal on $procdff$25153 ($dff) from module state_word_engine (D = $mul$rtl/state_word_engine.v:57$835_Y, Q = \bkd_hi2[2]).
Adding EN signal on $procdff$25150 ($dff) from module state_word_engine (D = $mul$rtl/state_word_engine.v:57$828_Y, Q = \bkd_hi2[1]).
Adding EN signal on $procdff$25015 ($dff) from module state_word_engine (D = \q0[4], Q = \q1[4]).
Adding EN signal on $procdff$25147 ($dff) from module state_word_engine (D = $mul$rtl/state_word_engine.v:57$821_Y, Q = \bkd_hi2[0]).
Adding EN signal on $procdff$25018 ($dff) from module state_word_engine (D = \q0[5], Q = \q1[5]).
Adding EN signal on $procdff$25021 ($dff) from module state_word_engine (D = \q0[6], Q = \q1[6]).
Adding EN signal on $procdff$25024 ($dff) from module state_word_engine (D = \q0[7], Q = \q1[7]).
Adding EN signal on $procdff$25027 ($dff) from module state_word_engine (D = $mul$rtl/state_word_engine.v:47$783_Y, Q = \sa1[0]).
Adding EN signal on $procdff$25030 ($dff) from module state_word_engine (D = $mul$rtl/state_word_engine.v:47$785_Y, Q = \sa1[1]).
Adding EN signal on $procdff$25033 ($dff) from module state_word_engine (D = $mul$rtl/state_word_engine.v:47$787_Y, Q = \sa1[2]).
Adding EN signal on $procdff$25036 ($dff) from module state_word_engine (D = $mul$rtl/state_word_engine.v:47$789_Y, Q = \sa1[3]).
Adding EN signal on $procdff$25039 ($dff) from module state_word_engine (D = $mul$rtl/state_word_engine.v:47$791_Y, Q = \sa1[4]).
Adding EN signal on $procdff$25144 ($dff) from module state_word_engine (D = $mul$rtl/state_word_engine.v:56$869_Y, Q = \bkd_lo2[7]).
Adding EN signal on $procdff$25141 ($dff) from module state_word_engine (D = $mul$rtl/state_word_engine.v:56$862_Y, Q = \bkd_lo2[6]).
Adding EN signal on $procdff$25138 ($dff) from module state_word_engine (D = $mul$rtl/state_word_engine.v:56$855_Y, Q = \bkd_lo2[5]).
Adding EN signal on $procdff$25135 ($dff) from module state_word_engine (D = $mul$rtl/state_word_engine.v:56$848_Y, Q = \bkd_lo2[4]).
Adding EN signal on $procdff$25132 ($dff) from module state_word_engine (D = $mul$rtl/state_word_engine.v:56$841_Y, Q = \bkd_lo2[3]).
Adding EN signal on $procdff$25129 ($dff) from module state_word_engine (D = $mul$rtl/state_word_engine.v:56$834_Y, Q = \bkd_lo2[2]).
Adding EN signal on $procdff$25126 ($dff) from module state_word_engine (D = $mul$rtl/state_word_engine.v:56$827_Y, Q = \bkd_lo2[1]).
Adding EN signal on $procdff$25123 ($dff) from module state_word_engine (D = $mul$rtl/state_word_engine.v:56$820_Y, Q = \bkd_lo2[0]).
Adding EN signal on $procdff$25120 ($dff) from module state_word_engine (D = \q1[7], Q = \q2[7]).
Adding EN signal on $procdff$25117 ($dff) from module state_word_engine (D = \q1[6], Q = \q2[6]).
Adding EN signal on $procdff$25114 ($dff) from module state_word_engine (D = \q1[5], Q = \q2[5]).
Adding EN signal on $procdff$25111 ($dff) from module state_word_engine (D = \q1[4], Q = \q2[4]).
Adding EN signal on $procdff$25042 ($dff) from module state_word_engine (D = $mul$rtl/state_word_engine.v:47$793_Y, Q = \sa1[5]).
Adding EN signal on $procdff$25045 ($dff) from module state_word_engine (D = $mul$rtl/state_word_engine.v:47$795_Y, Q = \sa1[6]).
Adding EN signal on $procdff$25048 ($dff) from module state_word_engine (D = $mul$rtl/state_word_engine.v:47$797_Y, Q = \sa1[7]).
Adding EN signal on $procdff$25051 ($dff) from module state_word_engine (D = $mul$rtl/state_word_engine.v:48$784_Y, Q = \bk1[0]).
Adding EN signal on $procdff$25054 ($dff) from module state_word_engine (D = $mul$rtl/state_word_engine.v:48$786_Y, Q = \bk1[1]).
Adding EN signal on $procdff$25057 ($dff) from module state_word_engine (D = $mul$rtl/state_word_engine.v:48$788_Y, Q = \bk1[2]).
Adding EN signal on $procdff$25060 ($dff) from module state_word_engine (D = $mul$rtl/state_word_engine.v:48$790_Y, Q = \bk1[3]).
Adding EN signal on $procdff$25063 ($dff) from module state_word_engine (D = $mul$rtl/state_word_engine.v:48$792_Y, Q = \bk1[4]).
Adding EN signal on $procdff$24794 ($dff) from module state_word_engine (D = $procmux$22932_Y, Q = \i).
Adding SRST signal on $auto$ff.cc:266:slice$26740 ($dffe) from module state_word_engine (D = $5\i[31:0], Q = \i, rval = 8).
Adding EN signal on $procdff$24801 ($adff) from module state_word_engine (D = \n4, Q = \updated_slice).
Adding EN signal on $procdff$24802 ($adff) from module state_word_engine (D = $mul$rtl/state_word_engine.v:73$975_Y, Q = \term0).
Adding EN signal on $procdff$24803 ($adff) from module state_word_engine (D = $mul$rtl/state_word_engine.v:73$976_Y, Q = \term1).
Adding EN signal on $procdff$24804 ($adff) from module state_word_engine (D = $mul$rtl/state_word_engine.v:74$977_Y, Q = \term2).
Adding EN signal on $procdff$24805 ($adff) from module state_word_engine (D = $mul$rtl/state_word_engine.v:74$978_Y, Q = \term3).
Adding EN signal on $procdff$24806 ($adff) from module state_word_engine (D = $mul$rtl/state_word_engine.v:75$979_Y, Q = \term4).
Adding EN signal on $procdff$24807 ($adff) from module state_word_engine (D = $mul$rtl/state_word_engine.v:75$980_Y, Q = \term5).
Adding EN signal on $procdff$24808 ($adff) from module state_word_engine (D = $mul$rtl/state_word_engine.v:76$981_Y, Q = \term6).
Adding EN signal on $procdff$24809 ($adff) from module state_word_engine (D = $mul$rtl/state_word_engine.v:76$982_Y, Q = \term7).
Adding EN signal on $procdff$24812 ($dff) from module state_word_engine (D = \pass2, Q = \p0).
Adding EN signal on $procdff$24815 ($dff) from module state_word_engine (D = \p0, Q = \p1).
Adding EN signal on $procdff$24818 ($dff) from module state_word_engine (D = \p1, Q = \p2).
Adding EN signal on $procdff$24821 ($dff) from module state_word_engine (D = \p2, Q = \p3).
Adding EN signal on $procdff$24824 ($dff) from module state_word_engine (D = \state_slice, Q = \s0).
Adding EN signal on $procdff$24827 ($dff) from module state_word_engine (D = \diff_slice, Q = \d0).
Adding EN signal on $procdff$24830 ($dff) from module state_word_engine (D = \s0, Q = \s1).
Adding EN signal on $procdff$24833 ($dff) from module state_word_engine (D = \d0, Q = \d1).
Adding EN signal on $procdff$24836 ($dff) from module state_word_engine (D = \s1, Q = \s2).
Adding EN signal on $procdff$24839 ($dff) from module state_word_engine (D = \s2, Q = \s3).
Adding EN signal on $procdff$24842 ($dff) from module state_word_engine (D = $3\sat9$func$rtl/state_word_engine.v:55$708.$result[7:0]$866, Q = \n2 [63:56]).
Adding EN signal on $procdff$24842 ($dff) from module state_word_engine (D = $3\sat9$func$rtl/state_word_engine.v:55$707.$result[7:0]$859, Q = \n2 [55:48]).
Adding EN signal on $procdff$24842 ($dff) from module state_word_engine (D = $3\sat9$func$rtl/state_word_engine.v:55$706.$result[7:0]$852, Q = \n2 [47:40]).
Adding EN signal on $procdff$24842 ($dff) from module state_word_engine (D = $3\sat9$func$rtl/state_word_engine.v:55$705.$result[7:0]$845, Q = \n2 [39:32]).
Adding EN signal on $procdff$24842 ($dff) from module state_word_engine (D = $3\sat9$func$rtl/state_word_engine.v:55$704.$result[7:0]$838, Q = \n2 [31:24]).
Adding EN signal on $procdff$24842 ($dff) from module state_word_engine (D = $3\sat9$func$rtl/state_word_engine.v:55$703.$result[7:0]$831, Q = \n2 [23:16]).
Adding EN signal on $procdff$24842 ($dff) from module state_word_engine (D = $3\sat9$func$rtl/state_word_engine.v:55$702.$result[7:0]$824, Q = \n2 [15:8]).
Adding EN signal on $procdff$24842 ($dff) from module state_word_engine (D = $3\sat9$func$rtl/state_word_engine.v:55$701.$result[7:0]$817, Q = \n2 [7:0]).
Adding EN signal on $procdff$24845 ($dff) from module state_word_engine (D = \n2, Q = \n3).
Adding EN signal on $procdff$24848 ($dff) from module state_word_engine (D = $procmux$22681_Y, Q = \n4 [63:56]).
Adding EN signal on $procdff$24848 ($dff) from module state_word_engine (D = $procmux$22687_Y, Q = \n4 [55:48]).
Adding EN signal on $procdff$24848 ($dff) from module state_word_engine (D = $procmux$22726_Y, Q = \n4 [47:40]).
Adding EN signal on $procdff$24848 ($dff) from module state_word_engine (D = $procmux$22765_Y, Q = \n4 [39:32]).
Adding EN signal on $procdff$24848 ($dff) from module state_word_engine (D = $procmux$22804_Y, Q = \n4 [31:24]).
Adding EN signal on $procdff$24848 ($dff) from module state_word_engine (D = $procmux$22843_Y, Q = \n4 [23:16]).
Adding EN signal on $procdff$24848 ($dff) from module state_word_engine (D = $procmux$22882_Y, Q = \n4 [15:8]).
Adding EN signal on $procdff$24848 ($dff) from module state_word_engine (D = $procmux$22921_Y, Q = \n4 [7:0]).
Adding EN signal on $procdff$25066 ($dff) from module state_word_engine (D = $mul$rtl/state_word_engine.v:48$794_Y, Q = \bk1[5]).
Adding EN signal on $procdff$25069 ($dff) from module state_word_engine (D = $mul$rtl/state_word_engine.v:48$796_Y, Q = \bk1[6]).
Adding EN signal on $procdff$25072 ($dff) from module state_word_engine (D = $mul$rtl/state_word_engine.v:48$798_Y, Q = \bk1[7]).
Adding EN signal on $procdff$25075 ($dff) from module state_word_engine (D = \k1[0], Q = \k2[0]).
Adding EN signal on $procdff$25078 ($dff) from module state_word_engine (D = \k1[1], Q = \k2[1]).
Adding EN signal on $procdff$25081 ($dff) from module state_word_engine (D = \k1[2], Q = \k2[2]).
Adding EN signal on $procdff$25084 ($dff) from module state_word_engine (D = \k1[3], Q = \k2[3]).
Adding EN signal on $procdff$25087 ($dff) from module state_word_engine (D = \k1[4], Q = \k2[4]).
Adding EN signal on $procdff$25090 ($dff) from module state_word_engine (D = \k1[5], Q = \k2[5]).
Adding EN signal on $procdff$25093 ($dff) from module state_word_engine (D = \k1[6], Q = \k2[6]).
Adding EN signal on $procdff$25096 ($dff) from module state_word_engine (D = \k1[7], Q = \k2[7]).
Adding EN signal on $procdff$25099 ($dff) from module state_word_engine (D = \q1[0], Q = \q2[0]).
Adding EN signal on $procdff$25102 ($dff) from module state_word_engine (D = \q1[1], Q = \q2[1]).
Adding EN signal on $procdff$25105 ($dff) from module state_word_engine (D = \q1[2], Q = \q2[2]).
Adding EN signal on $procdff$25108 ($dff) from module state_word_engine (D = \q1[3], Q = \q2[3]).
Adding EN signal on $procdff$24883 ($dff) from module state_word_engine (D = \alpha, Q = \alpha0[0]).
Adding EN signal on $procdff$24886 ($dff) from module state_word_engine (D = \alpha, Q = \alpha0[1]).
Adding EN signal on $procdff$24889 ($dff) from module state_word_engine (D = \alpha, Q = \alpha0[2]).
Adding EN signal on $procdff$24892 ($dff) from module state_word_engine (D = \alpha, Q = \alpha0[3]).
Adding EN signal on $procdff$24895 ($dff) from module state_word_engine (D = \alpha, Q = \alpha0[4]).
Adding EN signal on $procdff$24898 ($dff) from module state_word_engine (D = \alpha, Q = \alpha0[5]).
Adding EN signal on $procdff$24901 ($dff) from module state_word_engine (D = \alpha, Q = \alpha0[6]).
Adding EN signal on $procdff$24904 ($dff) from module state_word_engine (D = \alpha, Q = \alpha0[7]).
Adding EN signal on $procdff$24907 ($dff) from module state_word_engine (D = \beta, Q = \beta0[0]).
Adding EN signal on $procdff$24910 ($dff) from module state_word_engine (D = \beta, Q = \beta0[1]).
Adding EN signal on $procdff$24913 ($dff) from module state_word_engine (D = \beta, Q = \beta0[2]).
Adding EN signal on $procdff$24916 ($dff) from module state_word_engine (D = \beta, Q = \beta0[3]).
Adding EN signal on $procdff$24919 ($dff) from module state_word_engine (D = \beta, Q = \beta0[4]).
Adding EN signal on $procdff$24922 ($dff) from module state_word_engine (D = \beta, Q = \beta0[5]).
Adding EN signal on $procdff$24925 ($dff) from module state_word_engine (D = \beta, Q = \beta0[6]).
Adding EN signal on $procdff$24928 ($dff) from module state_word_engine (D = \beta, Q = \beta0[7]).
Adding EN signal on $procdff$24931 ($dff) from module state_word_engine (D = \k, Q = \k0[0]).
Adding EN signal on $procdff$24934 ($dff) from module state_word_engine (D = \k, Q = \k0[1]).
Adding EN signal on $procdff$24937 ($dff) from module state_word_engine (D = \k, Q = \k0[2]).
Adding EN signal on $procdff$24940 ($dff) from module state_word_engine (D = \k, Q = \k0[3]).
Adding EN signal on $procdff$24943 ($dff) from module state_word_engine (D = \k, Q = \k0[4]).
Adding EN signal on $procdff$24946 ($dff) from module state_word_engine (D = \k, Q = \k0[5]).
Adding EN signal on $procdff$24949 ($dff) from module state_word_engine (D = \k, Q = \k0[6]).
Adding EN signal on $procdff$24952 ($dff) from module state_word_engine (D = \k, Q = \k0[7]).
Adding EN signal on $procdff$24955 ($dff) from module state_word_engine (D = \q, Q = \q0[0]).
Adding EN signal on $procdff$24958 ($dff) from module state_word_engine (D = \q, Q = \q0[1]).
Adding EN signal on $procdff$24961 ($dff) from module state_word_engine (D = \q, Q = \q0[2]).
Adding EN signal on $procdff$24964 ($dff) from module state_word_engine (D = \q, Q = \q0[3]).
Adding EN signal on $procdff$24967 ($dff) from module state_word_engine (D = \q, Q = \q0[4]).
Adding EN signal on $procdff$24970 ($dff) from module state_word_engine (D = \q, Q = \q0[5]).
Adding EN signal on $procdff$24973 ($dff) from module state_word_engine (D = \q, Q = \q0[6]).
Adding EN signal on $procdff$24976 ($dff) from module state_word_engine (D = \q, Q = \q0[7]).
Adding EN signal on $procdff$24979 ($dff) from module state_word_engine (D = \k0[0], Q = \k1[0]).
Adding EN signal on $procdff$24982 ($dff) from module state_word_engine (D = \k0[1], Q = \k1[1]).
Adding EN signal on $procdff$24985 ($dff) from module state_word_engine (D = \k0[2], Q = \k1[2]).
Adding EN signal on $procdff$24988 ($dff) from module state_word_engine (D = \k0[3], Q = \k1[3]).
Adding EN signal on $procdff$24991 ($dff) from module state_word_engine (D = \k0[4], Q = \k1[4]).
Setting constant 1-bit at position 0 on $procdff$24880 ($adff) from module state_word_engine.
Setting constant 1-bit at position 1 on $procdff$24880 ($adff) from module state_word_engine.
Setting constant 1-bit at position 2 on $procdff$24880 ($adff) from module state_word_engine.
Setting constant 1-bit at position 3 on $procdff$24880 ($adff) from module state_word_engine.
Setting constant 1-bit at position 4 on $procdff$24880 ($adff) from module state_word_engine.
Setting constant 1-bit at position 5 on $procdff$24880 ($adff) from module state_word_engine.
Setting constant 1-bit at position 6 on $procdff$24880 ($adff) from module state_word_engine.
Setting constant 1-bit at position 7 on $procdff$24880 ($adff) from module state_word_engine.
Setting constant 1-bit at position 8 on $procdff$24880 ($adff) from module state_word_engine.
Setting constant 1-bit at position 9 on $procdff$24880 ($adff) from module state_word_engine.
Setting constant 1-bit at position 0 on $procdff$24879 ($adff) from module state_word_engine.
Setting constant 1-bit at position 1 on $procdff$24879 ($adff) from module state_word_engine.
Setting constant 1-bit at position 2 on $procdff$24879 ($adff) from module state_word_engine.
Setting constant 1-bit at position 3 on $procdff$24879 ($adff) from module state_word_engine.
Setting constant 1-bit at position 4 on $procdff$24879 ($adff) from module state_word_engine.
Setting constant 1-bit at position 5 on $procdff$24879 ($adff) from module state_word_engine.
Setting constant 1-bit at position 6 on $procdff$24879 ($adff) from module state_word_engine.
Setting constant 1-bit at position 7 on $procdff$24879 ($adff) from module state_word_engine.
Setting constant 1-bit at position 0 on $procdff$24864 ($adff) from module state_word_engine.
Setting constant 1-bit at position 1 on $procdff$24864 ($adff) from module state_word_engine.
Setting constant 1-bit at position 2 on $procdff$24864 ($adff) from module state_word_engine.
Setting constant 1-bit at position 3 on $procdff$24864 ($adff) from module state_word_engine.
Setting constant 1-bit at position 4 on $procdff$24864 ($adff) from module state_word_engine.
Setting constant 1-bit at position 5 on $procdff$24864 ($adff) from module state_word_engine.
Setting constant 1-bit at position 6 on $procdff$24864 ($adff) from module state_word_engine.
Setting constant 1-bit at position 7 on $procdff$24864 ($adff) from module state_word_engine.
Setting constant 1-bit at position 8 on $procdff$24864 ($adff) from module state_word_engine.
Adding EN signal on $procdff$25312 ($dff) from module conv_unit_serial (D = $add$rtl/conv_unit_serial.v:38$673_Y, Q = \sb).
Adding EN signal on $procdff$25318 ($dff) from module conv_unit_serial (D = $3\satq$func$rtl/conv_unit_serial.v:40$645.$result[7:0]$687, Q = \rb).
Adding EN signal on $procdff$25315 ($dff) from module conv_unit_serial (D = $3\satq$func$rtl/conv_unit_serial.v:40$644.$result[7:0]$682, Q = \ra).
Adding EN signal on $procdff$25303 ($dff) from module conv_unit_serial (D = $add$rtl/conv_unit_serial.v:36$670_Y, Q = \bb0).
Adding EN signal on $procdff$25306 ($dff) from module conv_unit_serial (D = $add$rtl/conv_unit_serial.v:36$671_Y, Q = \bb1).
Adding EN signal on $procdff$25309 ($dff) from module conv_unit_serial (D = $add$rtl/conv_unit_serial.v:38$672_Y, Q = \sa).
Adding EN signal on $procdff$25269 ($adff) from module conv_unit_serial (D = $procmux$23723_Y, Q = \alpha).
Adding EN signal on $procdff$25270 ($adff) from module conv_unit_serial (D = $procmux$23714_Y, Q = \beta).
Adding EN signal on $procdff$25273 ($dff) from module conv_unit_serial (D = $mul$rtl/conv_unit_serial.v:30$660_Y, Q = \ap0).
Adding EN signal on $procdff$25276 ($dff) from module conv_unit_serial (D = $mul$rtl/conv_unit_serial.v:30$661_Y, Q = \ap1).
Adding EN signal on $procdff$25279 ($dff) from module conv_unit_serial (D = $mul$rtl/conv_unit_serial.v:31$662_Y, Q = \ap2).
Adding EN signal on $procdff$25282 ($dff) from module conv_unit_serial (D = $mul$rtl/conv_unit_serial.v:31$663_Y, Q = \ap3).
Adding EN signal on $procdff$25285 ($dff) from module conv_unit_serial (D = $mul$rtl/conv_unit_serial.v:32$664_Y, Q = \bp0).
Adding EN signal on $procdff$25288 ($dff) from module conv_unit_serial (D = $mul$rtl/conv_unit_serial.v:32$665_Y, Q = \bp1).
Adding EN signal on $procdff$25291 ($dff) from module conv_unit_serial (D = $mul$rtl/conv_unit_serial.v:33$666_Y, Q = \bp2).
Adding EN signal on $procdff$25294 ($dff) from module conv_unit_serial (D = $mul$rtl/conv_unit_serial.v:33$667_Y, Q = \bp3).
Adding EN signal on $procdff$25297 ($dff) from module conv_unit_serial (D = $add$rtl/conv_unit_serial.v:36$668_Y, Q = \aa0).
Adding EN signal on $procdff$25300 ($dff) from module conv_unit_serial (D = $add$rtl/conv_unit_serial.v:36$669_Y, Q = \aa1).
Setting constant 1-bit at position 0 on $procdff$25319 ($adff) from module conv_unit_serial.
Setting constant 1-bit at position 1 on $procdff$25319 ($adff) from module conv_unit_serial.
Setting constant 1-bit at position 2 on $procdff$25319 ($adff) from module conv_unit_serial.
Setting constant 1-bit at position 3 on $procdff$25319 ($adff) from module conv_unit_serial.
Setting constant 1-bit at position 4 on $procdff$25319 ($adff) from module conv_unit_serial.
Setting constant 1-bit at position 5 on $procdff$25319 ($adff) from module conv_unit_serial.
Setting constant 1-bit at position 6 on $procdff$25319 ($adff) from module conv_unit_serial.
Setting constant 1-bit at position 7 on $procdff$25319 ($adff) from module conv_unit_serial.
Setting constant 1-bit at position 0 on $procdff$25320 ($adff) from module conv_unit_serial.
Setting constant 1-bit at position 1 on $procdff$25320 ($adff) from module conv_unit_serial.
Setting constant 1-bit at position 2 on $procdff$25320 ($adff) from module conv_unit_serial.
Setting constant 1-bit at position 3 on $procdff$25320 ($adff) from module conv_unit_serial.
Setting constant 1-bit at position 4 on $procdff$25320 ($adff) from module conv_unit_serial.
Setting constant 1-bit at position 5 on $procdff$25320 ($adff) from module conv_unit_serial.
Setting constant 1-bit at position 6 on $procdff$25320 ($adff) from module conv_unit_serial.
Setting constant 1-bit at position 7 on $procdff$25320 ($adff) from module conv_unit_serial.
Setting constant 1-bit at position 8 on $procdff$25320 ($adff) from module conv_unit_serial.
Setting constant 1-bit at position 9 on $procdff$25320 ($adff) from module conv_unit_serial.
Setting constant 1-bit at position 10 on $procdff$25320 ($adff) from module conv_unit_serial.
Setting constant 1-bit at position 11 on $procdff$25320 ($adff) from module conv_unit_serial.
Setting constant 1-bit at position 12 on $procdff$25320 ($adff) from module conv_unit_serial.
Setting constant 1-bit at position 13 on $procdff$25320 ($adff) from module conv_unit_serial.
Setting constant 1-bit at position 14 on $procdff$25320 ($adff) from module conv_unit_serial.
Setting constant 1-bit at position 15 on $procdff$25320 ($adff) from module conv_unit_serial.
Setting constant 1-bit at position 16 on $procdff$25320 ($adff) from module conv_unit_serial.
Setting constant 1-bit at position 17 on $procdff$25320 ($adff) from module conv_unit_serial.
Setting constant 1-bit at position 0 on $procdff$25321 ($adff) from module conv_unit_serial.
Setting constant 1-bit at position 1 on $procdff$25321 ($adff) from module conv_unit_serial.
Setting constant 1-bit at position 2 on $procdff$25321 ($adff) from module conv_unit_serial.
Setting constant 1-bit at position 3 on $procdff$25321 ($adff) from module conv_unit_serial.
Setting constant 1-bit at position 4 on $procdff$25321 ($adff) from module conv_unit_serial.
Setting constant 1-bit at position 5 on $procdff$25321 ($adff) from module conv_unit_serial.
Setting constant 1-bit at position 6 on $procdff$25321 ($adff) from module conv_unit_serial.
Setting constant 1-bit at position 7 on $procdff$25321 ($adff) from module conv_unit_serial.
Setting constant 1-bit at position 8 on $procdff$25321 ($adff) from module conv_unit_serial.
Setting constant 1-bit at position 9 on $procdff$25321 ($adff) from module conv_unit_serial.
Adding EN signal on $procdff$25538 ($dff) from module mac_array_16x16 (D = $add$rtl/mac_array_16x16.v:44$636_Y, Q = \s4[1]).
Adding EN signal on $procdff$25535 ($dff) from module mac_array_16x16 (D = $add$rtl/mac_array_16x16.v:44$635_Y, Q = \s4[0]).
Adding EN signal on $procdff$25532 ($dff) from module mac_array_16x16 (D = $add$rtl/mac_array_16x16.v:43$634_Y, Q = \s3[3]).
Adding EN signal on $procdff$25327 ($dff) from module mac_array_16x16 (D = $procmux$23749_Y, Q = \i).
Adding SRST signal on $auto$ff.cc:266:slice$27051 ($dffe) from module mac_array_16x16 (D = $5\i[31:0], Q = \i, rval = 2).
Adding EN signal on $procdff$25329 ($adff) from module mac_array_16x16 (D = $procmux$23954_Y, Q = \result).
Adding EN signal on $procdff$25332 ($dff) from module mac_array_16x16 (D = $add$rtl/mac_array_16x16.v:45$637_Y, Q = \sum_q).
Adding EN signal on $procdff$25355 ($dff) from module mac_array_16x16 (D = $mul$rtl/mac_array_16x16.v:40$575_Y, Q = \p0[0]).
Adding EN signal on $procdff$25358 ($dff) from module mac_array_16x16 (D = $mul$rtl/mac_array_16x16.v:40$576_Y, Q = \p0[1]).
Adding EN signal on $procdff$25361 ($dff) from module mac_array_16x16 (D = $mul$rtl/mac_array_16x16.v:40$577_Y, Q = \p0[2]).
Adding EN signal on $procdff$25364 ($dff) from module mac_array_16x16 (D = $mul$rtl/mac_array_16x16.v:40$578_Y, Q = \p0[3]).
Adding EN signal on $procdff$25367 ($dff) from module mac_array_16x16 (D = $mul$rtl/mac_array_16x16.v:40$579_Y, Q = \p0[4]).
Adding EN signal on $procdff$25370 ($dff) from module mac_array_16x16 (D = $mul$rtl/mac_array_16x16.v:40$580_Y, Q = \p0[5]).
Adding EN signal on $procdff$25373 ($dff) from module mac_array_16x16 (D = $mul$rtl/mac_array_16x16.v:40$581_Y, Q = \p0[6]).
Adding EN signal on $procdff$25376 ($dff) from module mac_array_16x16 (D = $mul$rtl/mac_array_16x16.v:40$582_Y, Q = \p0[7]).
Adding EN signal on $procdff$25379 ($dff) from module mac_array_16x16 (D = $mul$rtl/mac_array_16x16.v:40$583_Y, Q = \p0[8]).
Adding EN signal on $procdff$25382 ($dff) from module mac_array_16x16 (D = $mul$rtl/mac_array_16x16.v:40$584_Y, Q = \p0[9]).
Adding EN signal on $procdff$25385 ($dff) from module mac_array_16x16 (D = $mul$rtl/mac_array_16x16.v:40$585_Y, Q = \p0[10]).
Adding EN signal on $procdff$25388 ($dff) from module mac_array_16x16 (D = $mul$rtl/mac_array_16x16.v:40$586_Y, Q = \p0[11]).
Adding EN signal on $procdff$25391 ($dff) from module mac_array_16x16 (D = $mul$rtl/mac_array_16x16.v:40$587_Y, Q = \p0[12]).
Adding EN signal on $procdff$25394 ($dff) from module mac_array_16x16 (D = $mul$rtl/mac_array_16x16.v:40$588_Y, Q = \p0[13]).
Adding EN signal on $procdff$25397 ($dff) from module mac_array_16x16 (D = $mul$rtl/mac_array_16x16.v:40$589_Y, Q = \p0[14]).
Adding EN signal on $procdff$25400 ($dff) from module mac_array_16x16 (D = $mul$rtl/mac_array_16x16.v:40$590_Y, Q = \p0[15]).
Adding EN signal on $procdff$25403 ($dff) from module mac_array_16x16 (D = $mul$rtl/mac_array_16x16.v:40$591_Y, Q = \p0[16]).
Adding EN signal on $procdff$25406 ($dff) from module mac_array_16x16 (D = $mul$rtl/mac_array_16x16.v:40$592_Y, Q = \p0[17]).
Adding EN signal on $procdff$25409 ($dff) from module mac_array_16x16 (D = $mul$rtl/mac_array_16x16.v:40$593_Y, Q = \p0[18]).
Adding EN signal on $procdff$25412 ($dff) from module mac_array_16x16 (D = $mul$rtl/mac_array_16x16.v:40$594_Y, Q = \p0[19]).
Adding EN signal on $procdff$25415 ($dff) from module mac_array_16x16 (D = $mul$rtl/mac_array_16x16.v:40$595_Y, Q = \p0[20]).
Adding EN signal on $procdff$25418 ($dff) from module mac_array_16x16 (D = $mul$rtl/mac_array_16x16.v:40$596_Y, Q = \p0[21]).
Adding EN signal on $procdff$25421 ($dff) from module mac_array_16x16 (D = $mul$rtl/mac_array_16x16.v:40$597_Y, Q = \p0[22]).
Adding EN signal on $procdff$25424 ($dff) from module mac_array_16x16 (D = $mul$rtl/mac_array_16x16.v:40$598_Y, Q = \p0[23]).
Adding EN signal on $procdff$25427 ($dff) from module mac_array_16x16 (D = $mul$rtl/mac_array_16x16.v:40$599_Y, Q = \p0[24]).
Adding EN signal on $procdff$25430 ($dff) from module mac_array_16x16 (D = $mul$rtl/mac_array_16x16.v:40$600_Y, Q = \p0[25]).
Adding EN signal on $procdff$25433 ($dff) from module mac_array_16x16 (D = $mul$rtl/mac_array_16x16.v:40$601_Y, Q = \p0[26]).
Adding EN signal on $procdff$25436 ($dff) from module mac_array_16x16 (D = $mul$rtl/mac_array_16x16.v:40$602_Y, Q = \p0[27]).
Adding EN signal on $procdff$25439 ($dff) from module mac_array_16x16 (D = $mul$rtl/mac_array_16x16.v:40$603_Y, Q = \p0[28]).
Adding EN signal on $procdff$25442 ($dff) from module mac_array_16x16 (D = $mul$rtl/mac_array_16x16.v:40$604_Y, Q = \p0[29]).
Adding EN signal on $procdff$25445 ($dff) from module mac_array_16x16 (D = $mul$rtl/mac_array_16x16.v:40$605_Y, Q = \p0[30]).
Adding EN signal on $procdff$25448 ($dff) from module mac_array_16x16 (D = $mul$rtl/mac_array_16x16.v:40$606_Y, Q = \p0[31]).
Adding EN signal on $procdff$25451 ($dff) from module mac_array_16x16 (D = $add$rtl/mac_array_16x16.v:41$607_Y, Q = \s1[0]).
Adding EN signal on $procdff$25454 ($dff) from module mac_array_16x16 (D = $add$rtl/mac_array_16x16.v:41$608_Y, Q = \s1[1]).
Adding EN signal on $procdff$25457 ($dff) from module mac_array_16x16 (D = $add$rtl/mac_array_16x16.v:41$609_Y, Q = \s1[2]).
Adding EN signal on $procdff$25460 ($dff) from module mac_array_16x16 (D = $add$rtl/mac_array_16x16.v:41$610_Y, Q = \s1[3]).
Adding EN signal on $procdff$25463 ($dff) from module mac_array_16x16 (D = $add$rtl/mac_array_16x16.v:41$611_Y, Q = \s1[4]).
Adding EN signal on $procdff$25466 ($dff) from module mac_array_16x16 (D = $add$rtl/mac_array_16x16.v:41$612_Y, Q = \s1[5]).
Adding EN signal on $procdff$25469 ($dff) from module mac_array_16x16 (D = $add$rtl/mac_array_16x16.v:41$613_Y, Q = \s1[6]).
Adding EN signal on $procdff$25472 ($dff) from module mac_array_16x16 (D = $add$rtl/mac_array_16x16.v:41$614_Y, Q = \s1[7]).
Adding EN signal on $procdff$25475 ($dff) from module mac_array_16x16 (D = $add$rtl/mac_array_16x16.v:41$615_Y, Q = \s1[8]).
Adding EN signal on $procdff$25478 ($dff) from module mac_array_16x16 (D = $add$rtl/mac_array_16x16.v:41$616_Y, Q = \s1[9]).
Adding EN signal on $procdff$25481 ($dff) from module mac_array_16x16 (D = $add$rtl/mac_array_16x16.v:41$617_Y, Q = \s1[10]).
Adding EN signal on $procdff$25484 ($dff) from module mac_array_16x16 (D = $add$rtl/mac_array_16x16.v:41$618_Y, Q = \s1[11]).
Adding EN signal on $procdff$25487 ($dff) from module mac_array_16x16 (D = $add$rtl/mac_array_16x16.v:41$619_Y, Q = \s1[12]).
Adding EN signal on $procdff$25490 ($dff) from module mac_array_16x16 (D = $add$rtl/mac_array_16x16.v:41$620_Y, Q = \s1[13]).
Adding EN signal on $procdff$25493 ($dff) from module mac_array_16x16 (D = $add$rtl/mac_array_16x16.v:41$621_Y, Q = \s1[14]).
Adding EN signal on $procdff$25496 ($dff) from module mac_array_16x16 (D = $add$rtl/mac_array_16x16.v:41$622_Y, Q = \s1[15]).
Adding EN signal on $procdff$25499 ($dff) from module mac_array_16x16 (D = $add$rtl/mac_array_16x16.v:42$623_Y, Q = \s2[0]).
Adding EN signal on $procdff$25502 ($dff) from module mac_array_16x16 (D = $add$rtl/mac_array_16x16.v:42$624_Y, Q = \s2[1]).
Adding EN signal on $procdff$25505 ($dff) from module mac_array_16x16 (D = $add$rtl/mac_array_16x16.v:42$625_Y, Q = \s2[2]).
Adding EN signal on $procdff$25508 ($dff) from module mac_array_16x16 (D = $add$rtl/mac_array_16x16.v:42$626_Y, Q = \s2[3]).
Adding EN signal on $procdff$25511 ($dff) from module mac_array_16x16 (D = $add$rtl/mac_array_16x16.v:42$627_Y, Q = \s2[4]).
Adding EN signal on $procdff$25514 ($dff) from module mac_array_16x16 (D = $add$rtl/mac_array_16x16.v:42$628_Y, Q = \s2[5]).
Adding EN signal on $procdff$25517 ($dff) from module mac_array_16x16 (D = $add$rtl/mac_array_16x16.v:42$629_Y, Q = \s2[6]).
Adding EN signal on $procdff$25520 ($dff) from module mac_array_16x16 (D = $add$rtl/mac_array_16x16.v:42$630_Y, Q = \s2[7]).
Adding EN signal on $procdff$25523 ($dff) from module mac_array_16x16 (D = $add$rtl/mac_array_16x16.v:43$631_Y, Q = \s3[0]).
Adding EN signal on $procdff$25526 ($dff) from module mac_array_16x16 (D = $add$rtl/mac_array_16x16.v:43$632_Y, Q = \s3[1]).
Adding EN signal on $procdff$25529 ($dff) from module mac_array_16x16 (D = $add$rtl/mac_array_16x16.v:43$633_Y, Q = \s3[2]).
Setting constant 1-bit at position 0 on $procdff$25352 ($adff) from module mac_array_16x16.
Setting constant 1-bit at position 1 on $procdff$25352 ($adff) from module mac_array_16x16.
Setting constant 1-bit at position 2 on $procdff$25352 ($adff) from module mac_array_16x16.
Setting constant 1-bit at position 3 on $procdff$25352 ($adff) from module mac_array_16x16.
Setting constant 1-bit at position 4 on $procdff$25352 ($adff) from module mac_array_16x16.
Setting constant 1-bit at position 5 on $procdff$25352 ($adff) from module mac_array_16x16.
Setting constant 1-bit at position 6 on $procdff$25352 ($adff) from module mac_array_16x16.
Setting constant 1-bit at position 7 on $procdff$25352 ($adff) from module mac_array_16x16.
Setting constant 1-bit at position 8 on $procdff$25352 ($adff) from module mac_array_16x16.
Setting constant 1-bit at position 9 on $procdff$25352 ($adff) from module mac_array_16x16.
Setting constant 1-bit at position 10 on $procdff$25352 ($adff) from module mac_array_16x16.
Setting constant 1-bit at position 11 on $procdff$25352 ($adff) from module mac_array_16x16.
Setting constant 1-bit at position 12 on $procdff$25352 ($adff) from module mac_array_16x16.
Setting constant 1-bit at position 13 on $procdff$25352 ($adff) from module mac_array_16x16.
Setting constant 1-bit at position 14 on $procdff$25352 ($adff) from module mac_array_16x16.
Setting constant 1-bit at position 15 on $procdff$25352 ($adff) from module mac_array_16x16.
Setting constant 1-bit at position 16 on $procdff$25352 ($adff) from module mac_array_16x16.
Setting constant 1-bit at position 17 on $procdff$25352 ($adff) from module mac_array_16x16.
Setting constant 1-bit at position 18 on $procdff$25352 ($adff) from module mac_array_16x16.
Setting constant 1-bit at position 19 on $procdff$25352 ($adff) from module mac_array_16x16.
Setting constant 1-bit at position 20 on $procdff$25352 ($adff) from module mac_array_16x16.
Setting constant 1-bit at position 21 on $procdff$25352 ($adff) from module mac_array_16x16.
Setting constant 1-bit at position 22 on $procdff$25352 ($adff) from module mac_array_16x16.
Setting constant 1-bit at position 23 on $procdff$25352 ($adff) from module mac_array_16x16.
Setting constant 1-bit at position 24 on $procdff$25352 ($adff) from module mac_array_16x16.
Setting constant 1-bit at position 0 on $procdff$25351 ($adff) from module mac_array_16x16.
Setting constant 1-bit at position 1 on $procdff$25351 ($adff) from module mac_array_16x16.
Setting constant 1-bit at position 2 on $procdff$25351 ($adff) from module mac_array_16x16.
Setting constant 1-bit at position 3 on $procdff$25351 ($adff) from module mac_array_16x16.
Setting constant 1-bit at position 4 on $procdff$25351 ($adff) from module mac_array_16x16.
Setting constant 1-bit at position 5 on $procdff$25351 ($adff) from module mac_array_16x16.
Setting constant 1-bit at position 6 on $procdff$25351 ($adff) from module mac_array_16x16.
Setting constant 1-bit at position 7 on $procdff$25351 ($adff) from module mac_array_16x16.
Setting constant 1-bit at position 8 on $procdff$25351 ($adff) from module mac_array_16x16.
Setting constant 1-bit at position 9 on $procdff$25351 ($adff) from module mac_array_16x16.
Setting constant 1-bit at position 10 on $procdff$25351 ($adff) from module mac_array_16x16.
Setting constant 1-bit at position 11 on $procdff$25351 ($adff) from module mac_array_16x16.
Setting constant 1-bit at position 12 on $procdff$25351 ($adff) from module mac_array_16x16.
Setting constant 1-bit at position 13 on $procdff$25351 ($adff) from module mac_array_16x16.
Setting constant 1-bit at position 14 on $procdff$25351 ($adff) from module mac_array_16x16.
Setting constant 1-bit at position 15 on $procdff$25351 ($adff) from module mac_array_16x16.
Setting constant 1-bit at position 16 on $procdff$25351 ($adff) from module mac_array_16x16.
Setting constant 1-bit at position 17 on $procdff$25351 ($adff) from module mac_array_16x16.
Setting constant 1-bit at position 18 on $procdff$25351 ($adff) from module mac_array_16x16.
Setting constant 1-bit at position 19 on $procdff$25351 ($adff) from module mac_array_16x16.
Setting constant 1-bit at position 20 on $procdff$25351 ($adff) from module mac_array_16x16.
Setting constant 1-bit at position 21 on $procdff$25351 ($adff) from module mac_array_16x16.
Setting constant 1-bit at position 22 on $procdff$25351 ($adff) from module mac_array_16x16.
Setting constant 1-bit at position 23 on $procdff$25351 ($adff) from module mac_array_16x16.
Adding EN signal on $procdff$25545 ($dff) from module intermediate_sram (D = $or$rtl/intermediate_sram.v:0$543_Y, Q = \pack[3]).
Adding EN signal on $procdff$25548 ($dff) from module intermediate_sram (D = { \wr_data \pack[2] [55:0] }, Q = \macro_wd[2]).
Adding EN signal on $procdff$25544 ($dff) from module intermediate_sram (D = $or$rtl/intermediate_sram.v:0$526_Y, Q = \pack[2]).
Adding EN signal on $procdff$25549 ($dff) from module intermediate_sram (D = { \wr_data \pack[3] [55:0] }, Q = \macro_wd[3]).
Adding EN signal on $procdff$25543 ($dff) from module intermediate_sram (D = $or$rtl/intermediate_sram.v:0$509_Y, Q = \pack[1]).
Adding EN signal on $procdff$25546 ($dff) from module intermediate_sram (D = { \wr_data \pack[0] [55:0] }, Q = \macro_wd[0]).
Adding EN signal on $procdff$25547 ($dff) from module intermediate_sram (D = { \wr_data \pack[1] [55:0] }, Q = \macro_wd[1]).
Adding EN signal on $procdff$25542 ($dff) from module intermediate_sram (D = $or$rtl/intermediate_sram.v:0$492_Y, Q = \pack[0]).
Setting constant 1-bit at position 0 on $procdff$25550 ($dff) from module intermediate_sram.
Setting constant 1-bit at position 1 on $procdff$25550 ($dff) from module intermediate_sram.
Setting constant 1-bit at position 2 on $procdff$25550 ($dff) from module intermediate_sram.
Setting constant 1-bit at position 3 on $procdff$25550 ($dff) from module intermediate_sram.
Setting constant 1-bit at position 4 on $procdff$25550 ($dff) from module intermediate_sram.
Setting constant 1-bit at position 5 on $procdff$25550 ($dff) from module intermediate_sram.
Setting constant 1-bit at position 6 on $procdff$25550 ($dff) from module intermediate_sram.
Setting constant 1-bit at position 7 on $procdff$25550 ($dff) from module intermediate_sram.
Setting constant 1-bit at position 8 on $procdff$25550 ($dff) from module intermediate_sram.
Setting constant 1-bit at position 9 on $procdff$25550 ($dff) from module intermediate_sram.
Setting constant 1-bit at position 10 on $procdff$25550 ($dff) from module intermediate_sram.
Setting constant 1-bit at position 11 on $procdff$25550 ($dff) from module intermediate_sram.
Setting constant 1-bit at position 12 on $procdff$25550 ($dff) from module intermediate_sram.
Setting constant 1-bit at position 13 on $procdff$25550 ($dff) from module intermediate_sram.
Setting constant 1-bit at position 14 on $procdff$25550 ($dff) from module intermediate_sram.
Setting constant 1-bit at position 15 on $procdff$25550 ($dff) from module intermediate_sram.
Setting constant 1-bit at position 16 on $procdff$25550 ($dff) from module intermediate_sram.
Setting constant 1-bit at position 17 on $procdff$25550 ($dff) from module intermediate_sram.
Setting constant 1-bit at position 18 on $procdff$25550 ($dff) from module intermediate_sram.
Setting constant 1-bit at position 19 on $procdff$25550 ($dff) from module intermediate_sram.
Setting constant 1-bit at position 20 on $procdff$25550 ($dff) from module intermediate_sram.
Setting constant 1-bit at position 21 on $procdff$25550 ($dff) from module intermediate_sram.
Setting constant 1-bit at position 22 on $procdff$25550 ($dff) from module intermediate_sram.
Setting constant 1-bit at position 23 on $procdff$25550 ($dff) from module intermediate_sram.
Setting constant 1-bit at position 24 on $procdff$25550 ($dff) from module intermediate_sram.
Setting constant 1-bit at position 25 on $procdff$25550 ($dff) from module intermediate_sram.
Setting constant 1-bit at position 26 on $procdff$25550 ($dff) from module intermediate_sram.
Setting constant 1-bit at position 27 on $procdff$25550 ($dff) from module intermediate_sram.
Setting constant 1-bit at position 28 on $procdff$25550 ($dff) from module intermediate_sram.
Setting constant 1-bit at position 29 on $procdff$25550 ($dff) from module intermediate_sram.
Setting constant 1-bit at position 30 on $procdff$25550 ($dff) from module intermediate_sram.
Setting constant 1-bit at position 31 on $procdff$25550 ($dff) from module intermediate_sram.
Setting constant 1-bit at position 32 on $procdff$25550 ($dff) from module intermediate_sram.
Setting constant 1-bit at position 33 on $procdff$25550 ($dff) from module intermediate_sram.
Setting constant 1-bit at position 34 on $procdff$25550 ($dff) from module intermediate_sram.
Setting constant 1-bit at position 35 on $procdff$25550 ($dff) from module intermediate_sram.
Setting constant 1-bit at position 36 on $procdff$25550 ($dff) from module intermediate_sram.
Setting constant 1-bit at position 37 on $procdff$25550 ($dff) from module intermediate_sram.
Setting constant 1-bit at position 38 on $procdff$25550 ($dff) from module intermediate_sram.
Setting constant 1-bit at position 39 on $procdff$25550 ($dff) from module intermediate_sram.
Setting constant 1-bit at position 40 on $procdff$25550 ($dff) from module intermediate_sram.
Setting constant 1-bit at position 41 on $procdff$25550 ($dff) from module intermediate_sram.
Setting constant 1-bit at position 42 on $procdff$25550 ($dff) from module intermediate_sram.
Setting constant 1-bit at position 43 on $procdff$25550 ($dff) from module intermediate_sram.
Setting constant 1-bit at position 44 on $procdff$25550 ($dff) from module intermediate_sram.
Setting constant 1-bit at position 45 on $procdff$25550 ($dff) from module intermediate_sram.
Setting constant 1-bit at position 46 on $procdff$25550 ($dff) from module intermediate_sram.
Setting constant 1-bit at position 47 on $procdff$25550 ($dff) from module intermediate_sram.
Setting constant 1-bit at position 48 on $procdff$25550 ($dff) from module intermediate_sram.
Setting constant 1-bit at position 49 on $procdff$25550 ($dff) from module intermediate_sram.
Setting constant 1-bit at position 50 on $procdff$25550 ($dff) from module intermediate_sram.
Setting constant 1-bit at position 51 on $procdff$25550 ($dff) from module intermediate_sram.
Setting constant 1-bit at position 52 on $procdff$25550 ($dff) from module intermediate_sram.
Setting constant 1-bit at position 53 on $procdff$25550 ($dff) from module intermediate_sram.
Setting constant 1-bit at position 54 on $procdff$25550 ($dff) from module intermediate_sram.
Setting constant 1-bit at position 55 on $procdff$25550 ($dff) from module intermediate_sram.
Setting constant 1-bit at position 56 on $procdff$25550 ($dff) from module intermediate_sram.
Setting constant 1-bit at position 57 on $procdff$25550 ($dff) from module intermediate_sram.
Setting constant 1-bit at position 58 on $procdff$25550 ($dff) from module intermediate_sram.
Setting constant 1-bit at position 59 on $procdff$25550 ($dff) from module intermediate_sram.
Setting constant 1-bit at position 60 on $procdff$25550 ($dff) from module intermediate_sram.
Setting constant 1-bit at position 61 on $procdff$25550 ($dff) from module intermediate_sram.
Setting constant 1-bit at position 62 on $procdff$25550 ($dff) from module intermediate_sram.
Setting constant 1-bit at position 63 on $procdff$25550 ($dff) from module intermediate_sram.
Setting constant 0-bit at position 0 on $procdff$25541 ($dff) from module intermediate_sram.
Setting constant 0-bit at position 1 on $procdff$25541 ($dff) from module intermediate_sram.
Setting constant 1-bit at position 2 on $procdff$25541 ($dff) from module intermediate_sram.
Setting constant 0-bit at position 3 on $procdff$25541 ($dff) from module intermediate_sram.
Setting constant 0-bit at position 4 on $procdff$25541 ($dff) from module intermediate_sram.
Setting constant 0-bit at position 5 on $procdff$25541 ($dff) from module intermediate_sram.
Setting constant 0-bit at position 6 on $procdff$25541 ($dff) from module intermediate_sram.
Setting constant 0-bit at position 7 on $procdff$25541 ($dff) from module intermediate_sram.
Setting constant 0-bit at position 8 on $procdff$25541 ($dff) from module intermediate_sram.
Setting constant 0-bit at position 9 on $procdff$25541 ($dff) from module intermediate_sram.
Setting constant 0-bit at position 10 on $procdff$25541 ($dff) from module intermediate_sram.
Setting constant 0-bit at position 11 on $procdff$25541 ($dff) from module intermediate_sram.
Setting constant 0-bit at position 12 on $procdff$25541 ($dff) from module intermediate_sram.
Setting constant 0-bit at position 13 on $procdff$25541 ($dff) from module intermediate_sram.
Setting constant 0-bit at position 14 on $procdff$25541 ($dff) from module intermediate_sram.
Setting constant 0-bit at position 15 on $procdff$25541 ($dff) from module intermediate_sram.
Setting constant 0-bit at position 16 on $procdff$25541 ($dff) from module intermediate_sram.
Setting constant 0-bit at position 17 on $procdff$25541 ($dff) from module intermediate_sram.
Setting constant 0-bit at position 18 on $procdff$25541 ($dff) from module intermediate_sram.
Setting constant 0-bit at position 19 on $procdff$25541 ($dff) from module intermediate_sram.
Setting constant 0-bit at position 20 on $procdff$25541 ($dff) from module intermediate_sram.
Setting constant 0-bit at position 21 on $procdff$25541 ($dff) from module intermediate_sram.
Setting constant 0-bit at position 22 on $procdff$25541 ($dff) from module intermediate_sram.
Setting constant 0-bit at position 23 on $procdff$25541 ($dff) from module intermediate_sram.
Setting constant 0-bit at position 24 on $procdff$25541 ($dff) from module intermediate_sram.
Setting constant 0-bit at position 25 on $procdff$25541 ($dff) from module intermediate_sram.
Setting constant 0-bit at position 26 on $procdff$25541 ($dff) from module intermediate_sram.
Setting constant 0-bit at position 27 on $procdff$25541 ($dff) from module intermediate_sram.
Setting constant 0-bit at position 28 on $procdff$25541 ($dff) from module intermediate_sram.
Setting constant 0-bit at position 29 on $procdff$25541 ($dff) from module intermediate_sram.
Setting constant 0-bit at position 30 on $procdff$25541 ($dff) from module intermediate_sram.
Setting constant 0-bit at position 31 on $procdff$25541 ($dff) from module intermediate_sram.
Setting constant 1-bit at position 0 on $procdff$25552 ($dff) from module intermediate_sram.
Setting constant 1-bit at position 1 on $procdff$25552 ($dff) from module intermediate_sram.
Setting constant 1-bit at position 2 on $procdff$25552 ($dff) from module intermediate_sram.
Setting constant 1-bit at position 3 on $procdff$25552 ($dff) from module intermediate_sram.
Setting constant 1-bit at position 4 on $procdff$25552 ($dff) from module intermediate_sram.
Setting constant 1-bit at position 5 on $procdff$25552 ($dff) from module intermediate_sram.
Setting constant 1-bit at position 6 on $procdff$25552 ($dff) from module intermediate_sram.
Setting constant 1-bit at position 7 on $procdff$25552 ($dff) from module intermediate_sram.
Setting constant 1-bit at position 8 on $procdff$25552 ($dff) from module intermediate_sram.
Setting constant 1-bit at position 9 on $procdff$25552 ($dff) from module intermediate_sram.
Setting constant 1-bit at position 10 on $procdff$25552 ($dff) from module intermediate_sram.
Setting constant 1-bit at position 11 on $procdff$25552 ($dff) from module intermediate_sram.
Setting constant 1-bit at position 12 on $procdff$25552 ($dff) from module intermediate_sram.
Setting constant 1-bit at position 13 on $procdff$25552 ($dff) from module intermediate_sram.
Setting constant 1-bit at position 14 on $procdff$25552 ($dff) from module intermediate_sram.
Setting constant 1-bit at position 15 on $procdff$25552 ($dff) from module intermediate_sram.
Setting constant 1-bit at position 16 on $procdff$25552 ($dff) from module intermediate_sram.
Setting constant 1-bit at position 17 on $procdff$25552 ($dff) from module intermediate_sram.
Setting constant 1-bit at position 18 on $procdff$25552 ($dff) from module intermediate_sram.
Setting constant 1-bit at position 19 on $procdff$25552 ($dff) from module intermediate_sram.
Setting constant 1-bit at position 20 on $procdff$25552 ($dff) from module intermediate_sram.
Setting constant 1-bit at position 21 on $procdff$25552 ($dff) from module intermediate_sram.
Setting constant 1-bit at position 22 on $procdff$25552 ($dff) from module intermediate_sram.
Setting constant 1-bit at position 23 on $procdff$25552 ($dff) from module intermediate_sram.
Setting constant 1-bit at position 24 on $procdff$25552 ($dff) from module intermediate_sram.
Setting constant 1-bit at position 25 on $procdff$25552 ($dff) from module intermediate_sram.
Setting constant 1-bit at position 26 on $procdff$25552 ($dff) from module intermediate_sram.
Setting constant 1-bit at position 27 on $procdff$25552 ($dff) from module intermediate_sram.
Setting constant 1-bit at position 28 on $procdff$25552 ($dff) from module intermediate_sram.
Setting constant 1-bit at position 29 on $procdff$25552 ($dff) from module intermediate_sram.
Setting constant 1-bit at position 30 on $procdff$25552 ($dff) from module intermediate_sram.
Setting constant 1-bit at position 31 on $procdff$25552 ($dff) from module intermediate_sram.
Adding EN signal on $procdff$25567 ($dff) from module activation_sram (D = \buffer_sel_b, Q = \rd_sel_b).
Adding EN signal on $procdff$25566 ($dff) from module activation_sram (D = \buffer_sel, Q = \rd_sel_a).
Adding EN signal on $procdff$25568 ($dff) from module state_sram (D = \rd_bank, Q = \rd_bank_q).
Adding EN signal on $procdff$25570 ($dff) from module weight_sram (D = \rd_matrix, Q = \rd_matrix_q).

17.8. Executing OPT_CLEAN pass (remove unused cells and wires).
Finding unused cells or wires in module \x7_top..
Finding unused cells or wires in module \x7_controller..
Finding unused cells or wires in module \streaming_norm..
Finding unused cells or wires in module \state_stream_controller..
Finding unused cells or wires in module \state_word_engine..
Finding unused cells or wires in module \conv_unit_serial..
Finding unused cells or wires in module \mac_array_16x16..
Finding unused cells or wires in module \requant..
Finding unused cells or wires in module \intermediate_sram..
Finding unused cells or wires in module \activation_sram..
Finding unused cells or wires in module \state_sram..
Finding unused cells or wires in module \weight_sram..
Removed 755 unused cells and 10486 unused wires.
<suppressed ~780 debug messages>

17.9. Executing OPT_EXPR pass (perform const folding).
Optimizing module activation_sram.
<suppressed ~6 debug messages>
Optimizing module conv_unit_serial.
Optimizing module intermediate_sram.
Optimizing module mac_array_16x16.
<suppressed ~2 debug messages>
Optimizing module requant.
Optimizing module state_sram.
<suppressed ~7 debug messages>
Optimizing module state_stream_controller.
<suppressed ~175 debug messages>
Optimizing module state_word_engine.
Optimizing module streaming_norm.
<suppressed ~25 debug messages>
Optimizing module weight_sram.
Optimizing module x7_controller.
Optimizing module x7_top.
<suppressed ~92 debug messages>

17.10. Rerunning OPT passes. (Maybe there is more to do..)

17.11. Executing OPT_MUXTREE pass (detect dead branches in mux trees).
Running muxtree optimizer on module \activation_sram..
  Creating internal representation of mux trees.
  Evaluating internal representation of mux trees.
  Analyzing evaluation results.
Running muxtree optimizer on module \conv_unit_serial..
  Creating internal representation of mux trees.
  Evaluating internal representation of mux trees.
  Analyzing evaluation results.
Running muxtree optimizer on module \intermediate_sram..
  Creating internal representation of mux trees.
  Evaluating internal representation of mux trees.
  Analyzing evaluation results.
Running muxtree optimizer on module \mac_array_16x16..
  Creating internal representation of mux trees.
  Evaluating internal representation of mux trees.
  Analyzing evaluation results.
Running muxtree optimizer on module \requant..
  Creating internal representation of mux trees.
  Evaluating internal representation of mux trees.
  Analyzing evaluation results.
Running muxtree optimizer on module \state_sram..
  Creating internal representation of mux trees.
  Evaluating internal representation of mux trees.
  Analyzing evaluation results.
Running muxtree optimizer on module \state_stream_controller..
  Creating internal representation of mux trees.
  Evaluating internal representation of mux trees.
  Analyzing evaluation results.
Running muxtree optimizer on module \state_word_engine..
  Creating internal representation of mux trees.
  Evaluating internal representation of mux trees.
  Analyzing evaluation results.
Running muxtree optimizer on module \streaming_norm..
  Creating internal representation of mux trees.
  Evaluating internal representation of mux trees.
  Analyzing evaluation results.
Running muxtree optimizer on module \weight_sram..
  Creating internal representation of mux trees.
  Evaluating internal representation of mux trees.
  Analyzing evaluation results.
Running muxtree optimizer on module \x7_controller..
  Creating internal representation of mux trees.
  Evaluating internal representation of mux trees.
  Analyzing evaluation results.
Running muxtree optimizer on module \x7_top..
  Creating internal representation of mux trees.
  Evaluating internal representation of mux trees.
  Analyzing evaluation results.
Removed 0 multiplexer ports.
<suppressed ~247 debug messages>

17.12. Executing OPT_REDUCE pass (consolidate $*mux and $reduce_* inputs).
  Optimizing cells in module \activation_sram.
  Optimizing cells in module \conv_unit_serial.
  Optimizing cells in module \intermediate_sram.
  Optimizing cells in module \mac_array_16x16.
  Optimizing cells in module \requant.
  Optimizing cells in module \state_sram.
  Optimizing cells in module \state_stream_controller.
    New ctrl vector for $pmux cell $procmux$16681: $auto$opt_reduce.cc:134:opt_pmux$27261
    New ctrl vector for $pmux cell $procmux$16708: $auto$opt_reduce.cc:134:opt_pmux$27263
    New ctrl vector for $pmux cell $procmux$20824: { $auto$opt_reduce.cc:134:opt_pmux$27267 $auto$opt_reduce.cc:134:opt_pmux$27265 }
    New ctrl vector for $pmux cell $procmux$20854: { $auto$opt_reduce.cc:134:opt_pmux$27271 $auto$opt_reduce.cc:134:opt_pmux$27269 }
    New ctrl vector for $pmux cell $procmux$20884: { $auto$opt_reduce.cc:134:opt_pmux$27275 $auto$opt_reduce.cc:134:opt_pmux$27273 }
    New ctrl vector for $pmux cell $procmux$20914: { $auto$opt_reduce.cc:134:opt_pmux$27279 $auto$opt_reduce.cc:134:opt_pmux$27277 }
    New ctrl vector for $pmux cell $procmux$20944: { $auto$opt_reduce.cc:134:opt_pmux$27283 $auto$opt_reduce.cc:134:opt_pmux$27281 }
    New ctrl vector for $pmux cell $procmux$20974: { $auto$opt_reduce.cc:134:opt_pmux$27287 $auto$opt_reduce.cc:134:opt_pmux$27285 }
    New ctrl vector for $pmux cell $procmux$21004: { $auto$opt_reduce.cc:134:opt_pmux$27291 $auto$opt_reduce.cc:134:opt_pmux$27289 }
    New ctrl vector for $pmux cell $procmux$21034: { $auto$opt_reduce.cc:134:opt_pmux$27295 $auto$opt_reduce.cc:134:opt_pmux$27293 }
    New ctrl vector for $pmux cell $procmux$21064: { $auto$opt_reduce.cc:134:opt_pmux$27299 $auto$opt_reduce.cc:134:opt_pmux$27297 }
    New ctrl vector for $pmux cell $procmux$21090: { $auto$opt_reduce.cc:134:opt_pmux$27303 $auto$opt_reduce.cc:134:opt_pmux$27301 }
    New ctrl vector for $pmux cell $procmux$21116: { $auto$opt_reduce.cc:134:opt_pmux$27307 $auto$opt_reduce.cc:134:opt_pmux$27305 }
    New ctrl vector for $pmux cell $procmux$21142: { $auto$opt_reduce.cc:134:opt_pmux$27311 $auto$opt_reduce.cc:134:opt_pmux$27309 }
    New ctrl vector for $pmux cell $procmux$21168: { $auto$opt_reduce.cc:134:opt_pmux$27315 $auto$opt_reduce.cc:134:opt_pmux$27313 }
    New ctrl vector for $pmux cell $procmux$21194: { $auto$opt_reduce.cc:134:opt_pmux$27319 $auto$opt_reduce.cc:134:opt_pmux$27317 }
    New ctrl vector for $pmux cell $procmux$21220: { $auto$opt_reduce.cc:134:opt_pmux$27323 $auto$opt_reduce.cc:134:opt_pmux$27321 }
    New ctrl vector for $pmux cell $procmux$21246: { $auto$opt_reduce.cc:134:opt_pmux$27327 $auto$opt_reduce.cc:134:opt_pmux$27325 }
    New ctrl vector for $pmux cell $procmux$21272: { $auto$opt_reduce.cc:134:opt_pmux$27331 $auto$opt_reduce.cc:134:opt_pmux$27329 }
    New ctrl vector for $pmux cell $procmux$21300: { $auto$opt_reduce.cc:134:opt_pmux$27335 $auto$opt_reduce.cc:134:opt_pmux$27333 }
    New ctrl vector for $pmux cell $procmux$21328: { $auto$opt_reduce.cc:134:opt_pmux$27339 $auto$opt_reduce.cc:134:opt_pmux$27337 }
    New ctrl vector for $pmux cell $procmux$21356: { $auto$opt_reduce.cc:134:opt_pmux$27343 $auto$opt_reduce.cc:134:opt_pmux$27341 }
    New ctrl vector for $pmux cell $procmux$21384: { $auto$opt_reduce.cc:134:opt_pmux$27347 $auto$opt_reduce.cc:134:opt_pmux$27345 }
    New ctrl vector for $pmux cell $procmux$21412: { $auto$opt_reduce.cc:134:opt_pmux$27351 $auto$opt_reduce.cc:134:opt_pmux$27349 }
    New ctrl vector for $pmux cell $procmux$21440: { $auto$opt_reduce.cc:134:opt_pmux$27355 $auto$opt_reduce.cc:134:opt_pmux$27353 }
    New ctrl vector for $pmux cell $procmux$21468: { $auto$opt_reduce.cc:134:opt_pmux$27359 $auto$opt_reduce.cc:134:opt_pmux$27357 }
    New ctrl vector for $pmux cell $procmux$21496: { $auto$opt_reduce.cc:134:opt_pmux$27363 $auto$opt_reduce.cc:134:opt_pmux$27361 }
    New ctrl vector for $pmux cell $procmux$21526: { $auto$opt_reduce.cc:134:opt_pmux$27367 $auto$opt_reduce.cc:134:opt_pmux$27365 }
    New ctrl vector for $pmux cell $procmux$21556: { $auto$opt_reduce.cc:134:opt_pmux$27371 $auto$opt_reduce.cc:134:opt_pmux$27369 }
    New ctrl vector for $pmux cell $procmux$21586: { $auto$opt_reduce.cc:134:opt_pmux$27375 $auto$opt_reduce.cc:134:opt_pmux$27373 }
    New ctrl vector for $pmux cell $procmux$21616: { $auto$opt_reduce.cc:134:opt_pmux$27379 $auto$opt_reduce.cc:134:opt_pmux$27377 }
    New ctrl vector for $pmux cell $procmux$21646: { $auto$opt_reduce.cc:134:opt_pmux$27383 $auto$opt_reduce.cc:134:opt_pmux$27381 }
    New ctrl vector for $pmux cell $procmux$21676: { $auto$opt_reduce.cc:134:opt_pmux$27387 $auto$opt_reduce.cc:134:opt_pmux$27385 }
    New ctrl vector for $pmux cell $procmux$21706: { $auto$opt_reduce.cc:134:opt_pmux$27391 $auto$opt_reduce.cc:134:opt_pmux$27389 }
    New ctrl vector for $pmux cell $procmux$21781: $auto$opt_reduce.cc:134:opt_pmux$27393
    New ctrl vector for $pmux cell $procmux$21939: { $procmux$16746_CMP $procmux$21927_CMP $eq$rtl/state_stream_controller.v:95$1783_Y \act_wr_bank $auto$opt_reduce.cc:134:opt_pmux$27397 $auto$opt_reduce.cc:134:opt_pmux$27395 $procmux$21944_CMP $procmux$16741_CMP }
    New ctrl vector for $pmux cell $procmux$21989: $auto$opt_reduce.cc:134:opt_pmux$25621
    New ctrl vector for $pmux cell $procmux$22012: $auto$opt_reduce.cc:134:opt_pmux$27399
    New ctrl vector for $pmux cell $procmux$22042: { $auto$opt_reduce.cc:134:opt_pmux$27403 $auto$opt_reduce.cc:134:opt_pmux$27401 }
    New ctrl vector for $pmux cell $procmux$22537: { $eq$rtl/state_stream_controller.v:95$1783_Y $auto$opt_reduce.cc:134:opt_pmux$27405 }
    New ctrl vector for $pmux cell $procmux$22600: $auto$opt_reduce.cc:134:opt_pmux$27407
    New ctrl vector for $pmux cell $procmux$8623: $auto$opt_reduce.cc:134:opt_pmux$27409
  Optimizing cells in module \state_stream_controller.
  Optimizing cells in module \state_word_engine.
  Optimizing cells in module \streaming_norm.
  Optimizing cells in module \weight_sram.
  Optimizing cells in module \x7_controller.
  Optimizing cells in module \x7_top.
    New ctrl vector for $pmux cell $procmux$3855: $eq$rtl/x7_top.v:84$3618_Y
    New ctrl vector for $pmux cell $procmux$4040: $eq$rtl/x7_top.v:39$3588_Y
    New ctrl vector for $pmux cell $procmux$4061: $eq$rtl/x7_top.v:39$3588_Y
    New ctrl vector for $pmux cell $procmux$4113: $eq$rtl/x7_top.v:39$3588_Y
    New ctrl vector for $pmux cell $procmux$4173: { $eq$rtl/x7_top.v:39$3588_Y $eq$rtl/x7_top.v:53$3606_Y $eq$rtl/x7_top.v:73$3609_Y $eq$rtl/x7_top.v:82$3615_Y $eq$rtl/x7_top.v:84$3618_Y }
    Consolidated identical input bits for $mux cell $procmux$4194:
      Old ports: A=7'0100000, B=7'0000100, Y=$procmux$4194_Y
      New ports: A=2'10, B=2'01, Y={ $procmux$4194_Y [5] $procmux$4194_Y [2] }
      New connections: { $procmux$4194_Y [6] $procmux$4194_Y [4:3] $procmux$4194_Y [1:0] } = 5'00000
    Consolidated identical input bits for $mux cell $procmux$4439:
      Old ports: A=9'000000000, B=$add$rtl/x7_top.v:98$3630_Y, Y=$5\acta_addr[8:0]
      New ports: A=4'0000, B={ $eq$rtl/x7_top.v:150$3663_Y \proj_index [1:0] 1'1 }, Y={ $5\acta_addr[8:0] [5] $5\acta_addr[8:0] [2:0] }
      New connections: { $5\acta_addr[8:0] [8:6] $5\acta_addr[8:0] [4:3] } = { 1'0 $5\acta_addr[8:0] [5] 3'000 }
  Optimizing cells in module \x7_top.
    Consolidated identical input bits for $mux cell $procmux$4465:
      Old ports: A=$5\acta_addr[8:0], B={ $add$rtl/x7_top.v:97$3626_Y [8:1] 1'0 }, Y=$4\acta_addr[8:0]
      New ports: A={ $5\acta_addr[8:0] [5] $5\acta_addr[8:0] [2:0] }, B={ $eq$rtl/x7_top.v:150$3663_Y \proj_index [1:0] 1'0 }, Y={ $4\acta_addr[8:0] [5] $4\acta_addr[8:0] [2:0] }
      New connections: { $4\acta_addr[8:0] [8:6] $4\acta_addr[8:0] [4:3] } = { 1'0 $4\acta_addr[8:0] [5] 3'000 }
  Optimizing cells in module \x7_top.
Performed a total of 50 changes.

17.13. Executing OPT_MERGE pass (detect identical cells).
Finding identical cells in module `\activation_sram'.
Finding identical cells in module `\conv_unit_serial'.
<suppressed ~33 debug messages>
Finding identical cells in module `\intermediate_sram'.
Finding identical cells in module `\mac_array_16x16'.
<suppressed ~171 debug messages>
Finding identical cells in module `\requant'.
Finding identical cells in module `\state_sram'.
<suppressed ~6 debug messages>
Finding identical cells in module `\state_stream_controller'.
<suppressed ~531 debug messages>
Finding identical cells in module `\state_word_engine'.
<suppressed ~744 debug messages>
Finding identical cells in module `\streaming_norm'.
<suppressed ~192 debug messages>
Finding identical cells in module `\weight_sram'.
Finding identical cells in module `\x7_controller'.
Finding identical cells in module `\x7_top'.
<suppressed ~132 debug messages>
Removed a total of 603 cells.

17.14. Executing OPT_SHARE pass.

17.15. Executing OPT_DFF pass (perform DFF optimizations).
Adding EN signal on $auto$ff.cc:266:slice$26314 ($adffe) from module state_stream_controller (D = $0\acc[6][23:0], Q = \acc[6]).
Adding EN signal on $auto$ff.cc:266:slice$26307 ($adffe) from module state_stream_controller (D = $0\acc[7][23:0], Q = \acc[7]).
Adding EN signal on $auto$ff.cc:266:slice$26300 ($adffe) from module state_stream_controller (D = $0\acc[8][23:0], Q = \acc[8]).
Adding EN signal on $auto$ff.cc:266:slice$26293 ($adffe) from module state_stream_controller (D = $0\acc[9][23:0], Q = \acc[9]).
Adding EN signal on $auto$ff.cc:266:slice$26286 ($adffe) from module state_stream_controller (D = $0\acc[10][23:0], Q = \acc[10]).
Adding EN signal on $auto$ff.cc:266:slice$26279 ($adffe) from module state_stream_controller (D = $0\acc[11][23:0], Q = \acc[11]).
Adding EN signal on $auto$ff.cc:266:slice$26272 ($adffe) from module state_stream_controller (D = $0\acc[12][23:0], Q = \acc[12]).
Adding EN signal on $auto$ff.cc:266:slice$26265 ($adffe) from module state_stream_controller (D = $0\acc[13][23:0], Q = \acc[13]).
Adding EN signal on $auto$ff.cc:266:slice$26258 ($adffe) from module state_stream_controller (D = $0\acc[14][23:0], Q = \acc[14]).
Adding EN signal on $auto$ff.cc:266:slice$26251 ($adffe) from module state_stream_controller (D = $0\acc[15][23:0], Q = \acc[15]).
Adding EN signal on $auto$ff.cc:266:slice$26244 ($adffe) from module state_stream_controller (D = $0\acc[16][23:0], Q = \acc[16]).
Adding EN signal on $auto$ff.cc:266:slice$26237 ($adffe) from module state_stream_controller (D = $0\acc[17][23:0], Q = \acc[17]).
Adding EN signal on $auto$ff.cc:266:slice$26230 ($adffe) from module state_stream_controller (D = $0\acc[18][23:0], Q = \acc[18]).
Adding EN signal on $auto$ff.cc:266:slice$26223 ($adffe) from module state_stream_controller (D = $0\acc[19][23:0], Q = \acc[19]).
Adding EN signal on $auto$ff.cc:266:slice$26216 ($adffe) from module state_stream_controller (D = $0\acc[20][23:0], Q = \acc[20]).
Adding EN signal on $auto$ff.cc:266:slice$26209 ($adffe) from module state_stream_controller (D = $0\acc[21][23:0], Q = \acc[21]).
Adding EN signal on $auto$ff.cc:266:slice$26202 ($adffe) from module state_stream_controller (D = $0\acc[22][23:0], Q = \acc[22]).
Adding EN signal on $auto$ff.cc:266:slice$26195 ($adffe) from module state_stream_controller (D = $0\acc[23][23:0], Q = \acc[23]).
Adding EN signal on $auto$ff.cc:266:slice$26188 ($adffe) from module state_stream_controller (D = $0\acc[24][23:0], Q = \acc[24]).
Adding EN signal on $auto$ff.cc:266:slice$26181 ($adffe) from module state_stream_controller (D = $0\acc[25][23:0], Q = \acc[25]).
Adding EN signal on $auto$ff.cc:266:slice$26174 ($adffe) from module state_stream_controller (D = $0\acc[26][23:0], Q = \acc[26]).
Adding EN signal on $auto$ff.cc:266:slice$26167 ($adffe) from module state_stream_controller (D = $0\acc[27][23:0], Q = \acc[27]).
Adding EN signal on $auto$ff.cc:266:slice$26160 ($adffe) from module state_stream_controller (D = $0\acc[28][23:0], Q = \acc[28]).
Adding EN signal on $auto$ff.cc:266:slice$26153 ($adffe) from module state_stream_controller (D = $0\acc[29][23:0], Q = \acc[29]).
Adding EN signal on $auto$ff.cc:266:slice$26146 ($adffe) from module state_stream_controller (D = $0\acc[30][23:0], Q = \acc[30]).
Adding EN signal on $auto$ff.cc:266:slice$26139 ($adffe) from module state_stream_controller (D = $0\acc[31][23:0], Q = \acc[31]).
Adding EN signal on $auto$ff.cc:266:slice$26452 ($adffe) from module state_stream_controller (D = $0\group[1:0], Q = \group).
Adding EN signal on $auto$ff.cc:266:slice$26439 ($adffe) from module state_stream_controller (D = $0\row[6:0], Q = \row).
Adding EN signal on $auto$ff.cc:266:slice$26402 ($adffe) from module state_stream_controller (D = $0\state_build[255:0] [127:64], Q = \state_build [127:64]).
Adding EN signal on $auto$ff.cc:266:slice$26402 ($adffe) from module state_stream_controller (D = $0\state_build[255:0] [63:0], Q = \state_build [63:0]).
Adding EN signal on $auto$ff.cc:266:slice$26402 ($adffe) from module state_stream_controller (D = $0\state_build[255:0] [191:128], Q = \state_build [191:128]).
Adding EN signal on $auto$ff.cc:266:slice$26402 ($adffe) from module state_stream_controller (D = $0\state_build[255:0] [255:192], Q = \state_build [255:192]).
Adding EN signal on $auto$ff.cc:266:slice$26395 ($adffe) from module state_stream_controller (D = $0\acc[0][23:0], Q = \acc[0]).
Adding EN signal on $auto$ff.cc:266:slice$26382 ($adffe) from module state_stream_controller (D = $0\acc[1][23:0], Q = \acc[1]).
Adding EN signal on $auto$ff.cc:266:slice$26361 ($adffe) from module state_stream_controller (D = $0\acc[2][23:0], Q = \acc[2]).
Adding EN signal on $auto$ff.cc:266:slice$26354 ($adffe) from module state_stream_controller (D = $0\acc[3][23:0], Q = \acc[3]).
Adding EN signal on $auto$ff.cc:266:slice$26344 ($adffe) from module state_stream_controller (D = $0\acc[4][23:0], Q = \acc[4]).
Adding EN signal on $auto$ff.cc:266:slice$26337 ($adffe) from module state_stream_controller (D = $0\acc[5][23:0], Q = \acc[5]).
Adding SRST signal on $auto$ff.cc:266:slice$26806 ($dffe) from module state_word_engine (D = $4\sat9$func$rtl/state_word_engine.v:55$701.$result[7:0]$819, Q = \n2 [7:0], rval = 8'01111111).
Adding SRST signal on $auto$ff.cc:266:slice$26803 ($dffe) from module state_word_engine (D = $4\sat9$func$rtl/state_word_engine.v:55$702.$result[7:0]$826, Q = \n2 [15:8], rval = 8'01111111).
Adding SRST signal on $auto$ff.cc:266:slice$26800 ($dffe) from module state_word_engine (D = $4\sat9$func$rtl/state_word_engine.v:55$703.$result[7:0]$833, Q = \n2 [23:16], rval = 8'01111111).
Adding SRST signal on $auto$ff.cc:266:slice$26797 ($dffe) from module state_word_engine (D = $4\sat9$func$rtl/state_word_engine.v:55$704.$result[7:0]$840, Q = \n2 [31:24], rval = 8'01111111).
Adding SRST signal on $auto$ff.cc:266:slice$26794 ($dffe) from module state_word_engine (D = $4\sat9$func$rtl/state_word_engine.v:55$705.$result[7:0]$847, Q = \n2 [39:32], rval = 8'01111111).
Adding SRST signal on $auto$ff.cc:266:slice$26791 ($dffe) from module state_word_engine (D = $4\sat9$func$rtl/state_word_engine.v:55$706.$result[7:0]$854, Q = \n2 [47:40], rval = 8'01111111).
Adding SRST signal on $auto$ff.cc:266:slice$26788 ($dffe) from module state_word_engine (D = $4\sat9$func$rtl/state_word_engine.v:55$707.$result[7:0]$861, Q = \n2 [55:48], rval = 8'01111111).
Adding SRST signal on $auto$ff.cc:266:slice$26785 ($dffe) from module state_word_engine (D = $4\sat9$func$rtl/state_word_engine.v:55$708.$result[7:0]$868, Q = \n2 [63:56], rval = 8'01111111).
Adding SRST signal on $auto$ff.cc:266:slice$25964 ($dffe) from module streaming_norm (D = $5\sat8$func$rtl/streaming_norm.v:105$3002.$result[7:0]$3406, Q = \scaled_cache [7:0], rval = 8'01111111).
Adding SRST signal on $auto$ff.cc:266:slice$25961 ($dffe) from module streaming_norm (D = $5\sat8$func$rtl/streaming_norm.v:105$3003.$result[7:0]$3412, Q = \scaled_cache [15:8], rval = 8'01111111).
Adding SRST signal on $auto$ff.cc:266:slice$25958 ($dffe) from module streaming_norm (D = $5\sat8$func$rtl/streaming_norm.v:105$3004.$result[7:0]$3418, Q = \scaled_cache [23:16], rval = 8'01111111).
Adding SRST signal on $auto$ff.cc:266:slice$25955 ($dffe) from module streaming_norm (D = $5\sat8$func$rtl/streaming_norm.v:105$3005.$result[7:0]$3424, Q = \scaled_cache [31:24], rval = 8'01111111).
Adding SRST signal on $auto$ff.cc:266:slice$25952 ($dffe) from module streaming_norm (D = $5\sat8$func$rtl/streaming_norm.v:105$3006.$result[7:0]$3430, Q = \scaled_cache [39:32], rval = 8'01111111).
Adding SRST signal on $auto$ff.cc:266:slice$25949 ($dffe) from module streaming_norm (D = $5\sat8$func$rtl/streaming_norm.v:105$3007.$result[7:0]$3436, Q = \scaled_cache [47:40], rval = 8'01111111).
Adding SRST signal on $auto$ff.cc:266:slice$25946 ($dffe) from module streaming_norm (D = $5\sat8$func$rtl/streaming_norm.v:105$3008.$result[7:0]$3442, Q = \scaled_cache [55:48], rval = 8'01111111).
Adding SRST signal on $auto$ff.cc:266:slice$25943 ($dffe) from module streaming_norm (D = $5\sat8$func$rtl/streaming_norm.v:105$3009.$result[7:0]$3448, Q = \scaled_cache [63:56], rval = 8'01111111).
Adding SRST signal on $auto$ff.cc:266:slice$25940 ($dffe) from module streaming_norm (D = $5\sat8$func$rtl/streaming_norm.v:105$3010.$result[7:0]$3454, Q = \scaled_cache [71:64], rval = 8'01111111).
Adding SRST signal on $auto$ff.cc:266:slice$25937 ($dffe) from module streaming_norm (D = $5\sat8$func$rtl/streaming_norm.v:105$3011.$result[7:0]$3460, Q = \scaled_cache [79:72], rval = 8'01111111).
Adding SRST signal on $auto$ff.cc:266:slice$25934 ($dffe) from module streaming_norm (D = $5\sat8$func$rtl/streaming_norm.v:105$3012.$result[7:0]$3466, Q = \scaled_cache [87:80], rval = 8'01111111).
Adding SRST signal on $auto$ff.cc:266:slice$25931 ($dffe) from module streaming_norm (D = $5\sat8$func$rtl/streaming_norm.v:105$3013.$result[7:0]$3472, Q = \scaled_cache [95:88], rval = 8'01111111).
Adding SRST signal on $auto$ff.cc:266:slice$25928 ($dffe) from module streaming_norm (D = $5\sat8$func$rtl/streaming_norm.v:105$3014.$result[7:0]$3478, Q = \scaled_cache [103:96], rval = 8'01111111).
Adding SRST signal on $auto$ff.cc:266:slice$25925 ($dffe) from module streaming_norm (D = $5\sat8$func$rtl/streaming_norm.v:105$3015.$result[7:0]$3484, Q = \scaled_cache [111:104], rval = 8'01111111).
Adding SRST signal on $auto$ff.cc:266:slice$25922 ($dffe) from module streaming_norm (D = $5\sat8$func$rtl/streaming_norm.v:105$3016.$result[7:0]$3490, Q = \scaled_cache [119:112], rval = 8'01111111).
Adding SRST signal on $auto$ff.cc:266:slice$25919 ($dffe) from module streaming_norm (D = $5\sat8$func$rtl/streaming_norm.v:105$3017.$result[7:0]$3496, Q = \scaled_cache [127:120], rval = 8'01111111).
Adding EN signal on $auto$ff.cc:266:slice$25711 ($adffe) from module x7_top (D = $or$rtl/x7_top.v:0$3689_Y, Q = \conv_gate_pack).

17.16. Executing OPT_CLEAN pass (remove unused cells and wires).
Finding unused cells or wires in module \activation_sram..
Finding unused cells or wires in module \conv_unit_serial..
Finding unused cells or wires in module \intermediate_sram..
Finding unused cells or wires in module \mac_array_16x16..
Finding unused cells or wires in module \requant..
Finding unused cells or wires in module \state_sram..
Finding unused cells or wires in module \state_stream_controller..
Finding unused cells or wires in module \state_word_engine..
Finding unused cells or wires in module \streaming_norm..
Finding unused cells or wires in module \weight_sram..
Finding unused cells or wires in module \x7_controller..
Finding unused cells or wires in module \x7_top..
Removed 26 unused cells and 681 unused wires.
<suppressed ~34 debug messages>

17.17. Executing OPT_EXPR pass (perform const folding).
Optimizing module activation_sram.
Optimizing module conv_unit_serial.
Optimizing module intermediate_sram.
Optimizing module mac_array_16x16.
Optimizing module requant.
Optimizing module state_sram.
Optimizing module state_stream_controller.
<suppressed ~117 debug messages>
Optimizing module state_word_engine.
Optimizing module streaming_norm.
Optimizing module weight_sram.
Optimizing module x7_controller.
Optimizing module x7_top.
<suppressed ~1 debug messages>

17.18. Rerunning OPT passes. (Maybe there is more to do..)

17.19. Executing OPT_MUXTREE pass (detect dead branches in mux trees).
Running muxtree optimizer on module \activation_sram..
  Creating internal representation of mux trees.
  Evaluating internal representation of mux trees.
  Analyzing evaluation results.
Running muxtree optimizer on module \conv_unit_serial..
  Creating internal representation of mux trees.
  Evaluating internal representation of mux trees.
  Analyzing evaluation results.
Running muxtree optimizer on module \intermediate_sram..
  Creating internal representation of mux trees.
  Evaluating internal representation of mux trees.
  Analyzing evaluation results.
Running muxtree optimizer on module \mac_array_16x16..
  Creating internal representation of mux trees.
  Evaluating internal representation of mux trees.
  Analyzing evaluation results.
Running muxtree optimizer on module \requant..
  Creating internal representation of mux trees.
  Evaluating internal representation of mux trees.
  Analyzing evaluation results.
Running muxtree optimizer on module \state_sram..
  Creating internal representation of mux trees.
  Evaluating internal representation of mux trees.
  Analyzing evaluation results.
Running muxtree optimizer on module \state_stream_controller..
  Creating internal representation of mux trees.
  Evaluating internal representation of mux trees.
  Analyzing evaluation results.
Running muxtree optimizer on module \state_word_engine..
  Creating internal representation of mux trees.
  Evaluating internal representation of mux trees.
  Analyzing evaluation results.
Running muxtree optimizer on module \streaming_norm..
  Creating internal representation of mux trees.
  Evaluating internal representation of mux trees.
  Analyzing evaluation results.
Running muxtree optimizer on module \weight_sram..
  Creating internal representation of mux trees.
  Evaluating internal representation of mux trees.
  Analyzing evaluation results.
Running muxtree optimizer on module \x7_controller..
  Creating internal representation of mux trees.
  Evaluating internal representation of mux trees.
  Analyzing evaluation results.
Running muxtree optimizer on module \x7_top..
  Creating internal representation of mux trees.
  Evaluating internal representation of mux trees.
  Analyzing evaluation results.
Removed 0 multiplexer ports.
<suppressed ~238 debug messages>

17.20. Executing OPT_REDUCE pass (consolidate $*mux and $reduce_* inputs).
  Optimizing cells in module \activation_sram.
  Optimizing cells in module \conv_unit_serial.
  Optimizing cells in module \intermediate_sram.
  Optimizing cells in module \mac_array_16x16.
  Optimizing cells in module \requant.
  Optimizing cells in module \state_sram.
  Optimizing cells in module \state_stream_controller.
    New input vector for $reduce_and cell $auto$opt_dff.cc:220:make_patterns_logic$27747: { $auto$opt_dff.cc:194:make_patterns_logic$26140 $auto$opt_dff.cc:194:make_patterns_logic$26142 $auto$opt_dff.cc:194:make_patterns_logic$27744 $auto$opt_dff.cc:194:make_patterns_logic$27740 $auto$opt_dff.cc:194:make_patterns_logic$27742 }
    New input vector for $reduce_and cell $auto$opt_dff.cc:220:make_patterns_logic$27729: { $auto$opt_dff.cc:194:make_patterns_logic$26140 $auto$opt_dff.cc:194:make_patterns_logic$26142 $auto$opt_dff.cc:194:make_patterns_logic$27724 $auto$opt_dff.cc:194:make_patterns_logic$27722 $auto$opt_dff.cc:194:make_patterns_logic$27726 }
    New input vector for $reduce_and cell $auto$opt_dff.cc:220:make_patterns_logic$27720: { $auto$opt_dff.cc:194:make_patterns_logic$26140 $auto$opt_dff.cc:194:make_patterns_logic$26142 $auto$opt_dff.cc:194:make_patterns_logic$27715 $auto$opt_dff.cc:194:make_patterns_logic$27713 $auto$opt_dff.cc:194:make_patterns_logic$27717 }
    New input vector for $reduce_and cell $auto$opt_dff.cc:220:make_patterns_logic$27711: { $auto$opt_dff.cc:194:make_patterns_logic$26140 $auto$opt_dff.cc:194:make_patterns_logic$26142 $auto$opt_dff.cc:194:make_patterns_logic$27704 $auto$opt_dff.cc:194:make_patterns_logic$27706 $auto$opt_dff.cc:194:make_patterns_logic$27708 }
    New input vector for $reduce_and cell $auto$opt_dff.cc:220:make_patterns_logic$27702: { $auto$opt_dff.cc:194:make_patterns_logic$26140 $auto$opt_dff.cc:194:make_patterns_logic$26142 $auto$opt_dff.cc:194:make_patterns_logic$27695 $auto$opt_dff.cc:194:make_patterns_logic$27697 $auto$opt_dff.cc:194:make_patterns_logic$27699 }
    New input vector for $reduce_and cell $auto$opt_dff.cc:220:make_patterns_logic$27657: { $auto$opt_dff.cc:194:make_patterns_logic$26140 $auto$opt_dff.cc:194:make_patterns_logic$26448 $auto$opt_dff.cc:194:make_patterns_logic$26446 $auto$opt_dff.cc:194:make_patterns_logic$26444 $auto$opt_dff.cc:194:make_patterns_logic$26442 $auto$opt_dff.cc:194:make_patterns_logic$27654 }
    New input vector for $reduce_and cell $auto$opt_dff.cc:220:make_patterns_logic$27643: { $auto$opt_dff.cc:194:make_patterns_logic$27636 $auto$opt_dff.cc:194:make_patterns_logic$27638 $auto$opt_dff.cc:194:make_patterns_logic$27640 $auto$opt_dff.cc:194:make_patterns_logic$26140 $auto$opt_dff.cc:194:make_patterns_logic$26142 }
    New input vector for $reduce_and cell $auto$opt_dff.cc:220:make_patterns_logic$27634: { $auto$opt_dff.cc:194:make_patterns_logic$27627 $auto$opt_dff.cc:194:make_patterns_logic$27629 $auto$opt_dff.cc:194:make_patterns_logic$27631 $auto$opt_dff.cc:194:make_patterns_logic$26140 $auto$opt_dff.cc:194:make_patterns_logic$26142 }
    New input vector for $reduce_and cell $auto$opt_dff.cc:220:make_patterns_logic$27625: { $auto$opt_dff.cc:194:make_patterns_logic$27618 $auto$opt_dff.cc:194:make_patterns_logic$27620 $auto$opt_dff.cc:194:make_patterns_logic$27622 $auto$opt_dff.cc:194:make_patterns_logic$26140 $auto$opt_dff.cc:194:make_patterns_logic$26142 }
    New input vector for $reduce_and cell $auto$opt_dff.cc:220:make_patterns_logic$27616: { $auto$opt_dff.cc:194:make_patterns_logic$27611 $auto$opt_dff.cc:194:make_patterns_logic$27609 $auto$opt_dff.cc:194:make_patterns_logic$27613 $auto$opt_dff.cc:194:make_patterns_logic$26140 $auto$opt_dff.cc:194:make_patterns_logic$26142 }
    New input vector for $reduce_and cell $auto$opt_dff.cc:220:make_patterns_logic$27607: { $auto$opt_dff.cc:194:make_patterns_logic$27604 $auto$opt_dff.cc:194:make_patterns_logic$27600 $auto$opt_dff.cc:194:make_patterns_logic$27602 $auto$opt_dff.cc:194:make_patterns_logic$26140 $auto$opt_dff.cc:194:make_patterns_logic$26142 }
    New input vector for $reduce_and cell $auto$opt_dff.cc:220:make_patterns_logic$27598: { $auto$opt_dff.cc:194:make_patterns_logic$27591 $auto$opt_dff.cc:194:make_patterns_logic$27593 $auto$opt_dff.cc:194:make_patterns_logic$27595 $auto$opt_dff.cc:194:make_patterns_logic$26140 $auto$opt_dff.cc:194:make_patterns_logic$26142 }
    New input vector for $reduce_and cell $auto$opt_dff.cc:220:make_patterns_logic$27589: { $auto$opt_dff.cc:194:make_patterns_logic$27586 $auto$opt_dff.cc:194:make_patterns_logic$27582 $auto$opt_dff.cc:194:make_patterns_logic$27584 $auto$opt_dff.cc:194:make_patterns_logic$26140 $auto$opt_dff.cc:194:make_patterns_logic$26142 }
    New input vector for $reduce_and cell $auto$opt_dff.cc:220:make_patterns_logic$27580: { $auto$opt_dff.cc:194:make_patterns_logic$26140 $auto$opt_dff.cc:194:make_patterns_logic$26142 $auto$opt_dff.cc:194:make_patterns_logic$27573 $auto$opt_dff.cc:194:make_patterns_logic$27575 $auto$opt_dff.cc:194:make_patterns_logic$27577 }
    New input vector for $reduce_and cell $auto$opt_dff.cc:220:make_patterns_logic$27571: { $auto$opt_dff.cc:194:make_patterns_logic$27566 $auto$opt_dff.cc:194:make_patterns_logic$27564 $auto$opt_dff.cc:194:make_patterns_logic$27568 $auto$opt_dff.cc:194:make_patterns_logic$26140 $auto$opt_dff.cc:194:make_patterns_logic$26142 }
    New input vector for $reduce_and cell $auto$opt_dff.cc:220:make_patterns_logic$27562: { $auto$opt_dff.cc:194:make_patterns_logic$27559 $auto$opt_dff.cc:194:make_patterns_logic$27555 $auto$opt_dff.cc:194:make_patterns_logic$27557 $auto$opt_dff.cc:194:make_patterns_logic$26140 $auto$opt_dff.cc:194:make_patterns_logic$26142 }
    New input vector for $reduce_and cell $auto$opt_dff.cc:220:make_patterns_logic$27553: { $auto$opt_dff.cc:194:make_patterns_logic$27548 $auto$opt_dff.cc:194:make_patterns_logic$27550 $auto$opt_dff.cc:194:make_patterns_logic$26140 $auto$opt_dff.cc:194:make_patterns_logic$26142 $auto$opt_dff.cc:194:make_patterns_logic$27546 }
    New input vector for $reduce_and cell $auto$opt_dff.cc:220:make_patterns_logic$27544: { $auto$opt_dff.cc:194:make_patterns_logic$27537 $auto$opt_dff.cc:194:make_patterns_logic$26140 $auto$opt_dff.cc:194:make_patterns_logic$26142 $auto$opt_dff.cc:194:make_patterns_logic$27539 $auto$opt_dff.cc:194:make_patterns_logic$27541 }
    New input vector for $reduce_and cell $auto$opt_dff.cc:220:make_patterns_logic$27535: { $auto$opt_dff.cc:194:make_patterns_logic$27532 $auto$opt_dff.cc:194:make_patterns_logic$26140 $auto$opt_dff.cc:194:make_patterns_logic$26142 $auto$opt_dff.cc:194:make_patterns_logic$27528 $auto$opt_dff.cc:194:make_patterns_logic$27530 }
    New input vector for $reduce_and cell $auto$opt_dff.cc:220:make_patterns_logic$27526: { $auto$opt_dff.cc:194:make_patterns_logic$26140 $auto$opt_dff.cc:194:make_patterns_logic$26142 $auto$opt_dff.cc:194:make_patterns_logic$27523 $auto$opt_dff.cc:194:make_patterns_logic$27521 $auto$opt_dff.cc:194:make_patterns_logic$27519 }
    New input vector for $reduce_and cell $auto$opt_dff.cc:220:make_patterns_logic$27517: { $auto$opt_dff.cc:194:make_patterns_logic$26140 $auto$opt_dff.cc:194:make_patterns_logic$26142 $auto$opt_dff.cc:194:make_patterns_logic$27512 $auto$opt_dff.cc:194:make_patterns_logic$27510 $auto$opt_dff.cc:194:make_patterns_logic$27514 }
    New input vector for $reduce_and cell $auto$opt_dff.cc:220:make_patterns_logic$27508: { $auto$opt_dff.cc:194:make_patterns_logic$26140 $auto$opt_dff.cc:194:make_patterns_logic$26142 $auto$opt_dff.cc:194:make_patterns_logic$27503 $auto$opt_dff.cc:194:make_patterns_logic$27505 $auto$opt_dff.cc:194:make_patterns_logic$27501 }
    New input vector for $reduce_and cell $auto$opt_dff.cc:220:make_patterns_logic$27499: { $auto$opt_dff.cc:194:make_patterns_logic$26140 $auto$opt_dff.cc:194:make_patterns_logic$26142 $auto$opt_dff.cc:194:make_patterns_logic$27492 $auto$opt_dff.cc:194:make_patterns_logic$27494 $auto$opt_dff.cc:194:make_patterns_logic$27496 }
    New input vector for $reduce_and cell $auto$opt_dff.cc:220:make_patterns_logic$27490: { $auto$opt_dff.cc:194:make_patterns_logic$26140 $auto$opt_dff.cc:194:make_patterns_logic$26142 $auto$opt_dff.cc:194:make_patterns_logic$27483 $auto$opt_dff.cc:194:make_patterns_logic$27485 $auto$opt_dff.cc:194:make_patterns_logic$27487 }
    New input vector for $reduce_and cell $auto$opt_dff.cc:220:make_patterns_logic$27481: { $auto$opt_dff.cc:194:make_patterns_logic$26140 $auto$opt_dff.cc:194:make_patterns_logic$27474 $auto$opt_dff.cc:194:make_patterns_logic$26142 $auto$opt_dff.cc:194:make_patterns_logic$27476 $auto$opt_dff.cc:194:make_patterns_logic$27478 }
    New input vector for $reduce_and cell $auto$opt_dff.cc:220:make_patterns_logic$27472: { $auto$opt_dff.cc:194:make_patterns_logic$27469 $auto$opt_dff.cc:194:make_patterns_logic$27467 $auto$opt_dff.cc:194:make_patterns_logic$27465 $auto$opt_dff.cc:194:make_patterns_logic$26140 $auto$opt_dff.cc:194:make_patterns_logic$26142 }
    New input vector for $reduce_and cell $auto$opt_dff.cc:220:make_patterns_logic$27463: { $auto$opt_dff.cc:194:make_patterns_logic$26140 $auto$opt_dff.cc:194:make_patterns_logic$26142 $auto$opt_dff.cc:194:make_patterns_logic$27460 $auto$opt_dff.cc:194:make_patterns_logic$27456 $auto$opt_dff.cc:194:make_patterns_logic$27458 }
    New input vector for $reduce_and cell $auto$opt_dff.cc:220:make_patterns_logic$27454: { $auto$opt_dff.cc:194:make_patterns_logic$26140 $auto$opt_dff.cc:194:make_patterns_logic$26142 $auto$opt_dff.cc:194:make_patterns_logic$27449 $auto$opt_dff.cc:194:make_patterns_logic$27447 $auto$opt_dff.cc:194:make_patterns_logic$27451 }
    New input vector for $reduce_and cell $auto$opt_dff.cc:220:make_patterns_logic$27445: { $auto$opt_dff.cc:194:make_patterns_logic$26140 $auto$opt_dff.cc:194:make_patterns_logic$26142 $auto$opt_dff.cc:194:make_patterns_logic$27440 $auto$opt_dff.cc:194:make_patterns_logic$27438 $auto$opt_dff.cc:194:make_patterns_logic$27442 }
    New input vector for $reduce_and cell $auto$opt_dff.cc:220:make_patterns_logic$27436: { $auto$opt_dff.cc:194:make_patterns_logic$26140 $auto$opt_dff.cc:194:make_patterns_logic$26142 $auto$opt_dff.cc:194:make_patterns_logic$27433 $auto$opt_dff.cc:194:make_patterns_logic$27429 $auto$opt_dff.cc:194:make_patterns_logic$27431 }
    New input vector for $reduce_and cell $auto$opt_dff.cc:220:make_patterns_logic$27427: { $auto$opt_dff.cc:194:make_patterns_logic$26140 $auto$opt_dff.cc:194:make_patterns_logic$26142 $auto$opt_dff.cc:194:make_patterns_logic$27420 $auto$opt_dff.cc:194:make_patterns_logic$27422 $auto$opt_dff.cc:194:make_patterns_logic$27424 }
    New input vector for $reduce_and cell $auto$opt_dff.cc:220:make_patterns_logic$27418: { $auto$opt_dff.cc:194:make_patterns_logic$26140 $auto$opt_dff.cc:194:make_patterns_logic$26142 $auto$opt_dff.cc:194:make_patterns_logic$27411 $auto$opt_dff.cc:194:make_patterns_logic$27413 $auto$opt_dff.cc:194:make_patterns_logic$27415 }
    New input vector for $reduce_and cell $auto$opt_dff.cc:220:make_patterns_logic$27652: { $auto$opt_dff.cc:194:make_patterns_logic$26140 $auto$opt_dff.cc:194:make_patterns_logic$26455 $auto$opt_dff.cc:194:make_patterns_logic$27649 $auto$opt_dff.cc:194:make_patterns_logic$27645 $auto$opt_dff.cc:194:make_patterns_logic$27647 }
    New input vector for $reduce_and cell $auto$opt_dff.cc:220:make_patterns_logic$27738: { $auto$opt_dff.cc:194:make_patterns_logic$26140 $auto$opt_dff.cc:194:make_patterns_logic$26142 $auto$opt_dff.cc:194:make_patterns_logic$27731 $auto$opt_dff.cc:194:make_patterns_logic$27733 $auto$opt_dff.cc:194:make_patterns_logic$27735 }
    New ctrl vector for $pmux cell $procmux$20824: $auto$opt_reduce.cc:134:opt_pmux$27261
    New ctrl vector for $pmux cell $procmux$20854: $auto$opt_reduce.cc:134:opt_pmux$27261
    New ctrl vector for $pmux cell $procmux$20884: $auto$opt_reduce.cc:134:opt_pmux$27261
    New ctrl vector for $pmux cell $procmux$20914: $auto$opt_reduce.cc:134:opt_pmux$27261
    New ctrl vector for $pmux cell $procmux$20944: $auto$opt_reduce.cc:134:opt_pmux$27261
    New ctrl vector for $pmux cell $procmux$20974: $auto$opt_reduce.cc:134:opt_pmux$27261
    New ctrl vector for $pmux cell $procmux$21004: $auto$opt_reduce.cc:134:opt_pmux$27261
    New ctrl vector for $pmux cell $procmux$21034: $auto$opt_reduce.cc:134:opt_pmux$27261
    New ctrl vector for $pmux cell $procmux$21064: $auto$opt_reduce.cc:134:opt_pmux$27261
    New ctrl vector for $pmux cell $procmux$21090: $auto$opt_reduce.cc:134:opt_pmux$27261
    New ctrl vector for $pmux cell $procmux$21116: $auto$opt_reduce.cc:134:opt_pmux$27261
    New ctrl vector for $pmux cell $procmux$21142: $auto$opt_reduce.cc:134:opt_pmux$27261
    New ctrl vector for $pmux cell $procmux$21168: $auto$opt_reduce.cc:134:opt_pmux$27261
    New ctrl vector for $pmux cell $procmux$21194: $auto$opt_reduce.cc:134:opt_pmux$27261
    New ctrl vector for $pmux cell $procmux$21220: $auto$opt_reduce.cc:134:opt_pmux$27261
    New ctrl vector for $pmux cell $procmux$21246: $auto$opt_reduce.cc:134:opt_pmux$27261
    New ctrl vector for $pmux cell $procmux$21272: $auto$opt_reduce.cc:134:opt_pmux$27261
    New ctrl vector for $pmux cell $procmux$21300: $auto$opt_reduce.cc:134:opt_pmux$27261
    New ctrl vector for $pmux cell $procmux$21328: $auto$opt_reduce.cc:134:opt_pmux$27261
    New ctrl vector for $pmux cell $procmux$21356: $auto$opt_reduce.cc:134:opt_pmux$27261
    New ctrl vector for $pmux cell $procmux$21384: $auto$opt_reduce.cc:134:opt_pmux$27261
    New ctrl vector for $pmux cell $procmux$21412: $auto$opt_reduce.cc:134:opt_pmux$27261
    New ctrl vector for $pmux cell $procmux$21440: $auto$opt_reduce.cc:134:opt_pmux$27261
    New ctrl vector for $pmux cell $procmux$21468: $auto$opt_reduce.cc:134:opt_pmux$27261
    New ctrl vector for $pmux cell $procmux$21496: $auto$opt_reduce.cc:134:opt_pmux$27261
    New ctrl vector for $pmux cell $procmux$21526: $auto$opt_reduce.cc:134:opt_pmux$27261
    New ctrl vector for $pmux cell $procmux$21556: $auto$opt_reduce.cc:134:opt_pmux$27261
    New ctrl vector for $pmux cell $procmux$21586: $auto$opt_reduce.cc:134:opt_pmux$27261
    New ctrl vector for $pmux cell $procmux$21616: $auto$opt_reduce.cc:134:opt_pmux$27261
    New ctrl vector for $pmux cell $procmux$21646: $auto$opt_reduce.cc:134:opt_pmux$27261
    New ctrl vector for $pmux cell $procmux$21676: $auto$opt_reduce.cc:134:opt_pmux$27261
    New ctrl vector for $pmux cell $procmux$21706: $auto$opt_reduce.cc:134:opt_pmux$27261
    New ctrl vector for $pmux cell $procmux$22042: $auto$opt_reduce.cc:134:opt_pmux$27261
  Optimizing cells in module \state_stream_controller.
  Optimizing cells in module \state_word_engine.
  Optimizing cells in module \streaming_norm.
  Optimizing cells in module \weight_sram.
  Optimizing cells in module \x7_controller.
  Optimizing cells in module \x7_top.
Performed a total of 67 changes.

17.21. Executing OPT_MERGE pass (detect identical cells).
Finding identical cells in module `\activation_sram'.
Finding identical cells in module `\conv_unit_serial'.
Finding identical cells in module `\intermediate_sram'.
Finding identical cells in module `\mac_array_16x16'.
Finding identical cells in module `\requant'.
Finding identical cells in module `\state_sram'.
Finding identical cells in module `\state_stream_controller'.
<suppressed ~399 debug messages>
Finding identical cells in module `\state_word_engine'.
Finding identical cells in module `\streaming_norm'.
Finding identical cells in module `\weight_sram'.
Finding identical cells in module `\x7_controller'.
Finding identical cells in module `\x7_top'.
Removed a total of 133 cells.

17.22. Executing OPT_SHARE pass.

17.23. Executing OPT_DFF pass (perform DFF optimizations).
Adding EN signal on $auto$ff.cc:266:slice$26414 ($adffe) from module state_stream_controller (D = \act_rd_data, Q = \gate_cache).
Adding EN signal on $auto$ff.cc:266:slice$26411 ($adffe) from module state_stream_controller (D = \ivec_rd_data, Q = \k_cache).
Adding EN signal on $auto$ff.cc:266:slice$26405 ($adffe) from module state_stream_controller (D = \state_rd_data, Q = \state_word).

17.24. Executing OPT_CLEAN pass (remove unused cells and wires).
Finding unused cells or wires in module \activation_sram..
Finding unused cells or wires in module \conv_unit_serial..
Finding unused cells or wires in module \intermediate_sram..
Finding unused cells or wires in module \mac_array_16x16..
Finding unused cells or wires in module \requant..
Finding unused cells or wires in module \state_sram..
Finding unused cells or wires in module \state_stream_controller..
Finding unused cells or wires in module \state_word_engine..
Finding unused cells or wires in module \streaming_norm..
Finding unused cells or wires in module \weight_sram..
Finding unused cells or wires in module \x7_controller..
Finding unused cells or wires in module \x7_top..
Removed 6 unused cells and 249 unused wires.
<suppressed ~7 debug messages>

17.25. Executing OPT_EXPR pass (perform const folding).
Optimizing module activation_sram.
Optimizing module conv_unit_serial.
Optimizing module intermediate_sram.
Optimizing module mac_array_16x16.
Optimizing module requant.
Optimizing module state_sram.
Optimizing module state_stream_controller.
Optimizing module state_word_engine.
Optimizing module streaming_norm.
Optimizing module weight_sram.
Optimizing module x7_controller.
Optimizing module x7_top.

17.26. Rerunning OPT passes. (Maybe there is more to do..)

17.27. Executing OPT_MUXTREE pass (detect dead branches in mux trees).
Running muxtree optimizer on module \activation_sram..
  Creating internal representation of mux trees.
  Evaluating internal representation of mux trees.
  Analyzing evaluation results.
Running muxtree optimizer on module \conv_unit_serial..
  Creating internal representation of mux trees.
  Evaluating internal representation of mux trees.
  Analyzing evaluation results.
Running muxtree optimizer on module \intermediate_sram..
  Creating internal representation of mux trees.
  Evaluating internal representation of mux trees.
  Analyzing evaluation results.
Running muxtree optimizer on module \mac_array_16x16..
  Creating internal representation of mux trees.
  Evaluating internal representation of mux trees.
  Analyzing evaluation results.
Running muxtree optimizer on module \requant..
  Creating internal representation of mux trees.
  Evaluating internal representation of mux trees.
  Analyzing evaluation results.
Running muxtree optimizer on module \state_sram..
  Creating internal representation of mux trees.
  Evaluating internal representation of mux trees.
  Analyzing evaluation results.
Running muxtree optimizer on module \state_stream_controller..
  Creating internal representation of mux trees.
  Evaluating internal representation of mux trees.
  Analyzing evaluation results.
Running muxtree optimizer on module \state_word_engine..
  Creating internal representation of mux trees.
  Evaluating internal representation of mux trees.
  Analyzing evaluation results.
Running muxtree optimizer on module \streaming_norm..
  Creating internal representation of mux trees.
  Evaluating internal representation of mux trees.
  Analyzing evaluation results.
Running muxtree optimizer on module \weight_sram..
  Creating internal representation of mux trees.
  Evaluating internal representation of mux trees.
  Analyzing evaluation results.
Running muxtree optimizer on module \x7_controller..
  Creating internal representation of mux trees.
  Evaluating internal representation of mux trees.
  Analyzing evaluation results.
Running muxtree optimizer on module \x7_top..
  Creating internal representation of mux trees.
  Evaluating internal representation of mux trees.
  Analyzing evaluation results.
Removed 0 multiplexer ports.
<suppressed ~232 debug messages>

17.28. Executing OPT_REDUCE pass (consolidate $*mux and $reduce_* inputs).
  Optimizing cells in module \activation_sram.
  Optimizing cells in module \conv_unit_serial.
  Optimizing cells in module \intermediate_sram.
  Optimizing cells in module \mac_array_16x16.
  Optimizing cells in module \requant.
  Optimizing cells in module \state_sram.
  Optimizing cells in module \state_stream_controller.
  Optimizing cells in module \state_word_engine.
  Optimizing cells in module \streaming_norm.
  Optimizing cells in module \weight_sram.
  Optimizing cells in module \x7_controller.
  Optimizing cells in module \x7_top.
Performed a total of 0 changes.

17.29. Executing OPT_MERGE pass (detect identical cells).
Finding identical cells in module `\activation_sram'.
Finding identical cells in module `\conv_unit_serial'.
Finding identical cells in module `\intermediate_sram'.
Finding identical cells in module `\mac_array_16x16'.
Finding identical cells in module `\requant'.
Finding identical cells in module `\state_sram'.
Finding identical cells in module `\state_stream_controller'.
Finding identical cells in module `\state_word_engine'.
Finding identical cells in module `\streaming_norm'.
Finding identical cells in module `\weight_sram'.
Finding identical cells in module `\x7_controller'.
Finding identical cells in module `\x7_top'.
Removed a total of 0 cells.

17.30. Executing OPT_SHARE pass.

17.31. Executing OPT_DFF pass (perform DFF optimizations).

17.32. Executing OPT_CLEAN pass (remove unused cells and wires).
Finding unused cells or wires in module \activation_sram..
Finding unused cells or wires in module \conv_unit_serial..
Finding unused cells or wires in module \intermediate_sram..
Finding unused cells or wires in module \mac_array_16x16..
Finding unused cells or wires in module \requant..
Finding unused cells or wires in module \state_sram..
Finding unused cells or wires in module \state_stream_controller..
Finding unused cells or wires in module \state_word_engine..
Finding unused cells or wires in module \streaming_norm..
Finding unused cells or wires in module \weight_sram..
Finding unused cells or wires in module \x7_controller..
Finding unused cells or wires in module \x7_top..

17.33. Executing OPT_EXPR pass (perform const folding).
Optimizing module activation_sram.
Optimizing module conv_unit_serial.
Optimizing module intermediate_sram.
Optimizing module mac_array_16x16.
Optimizing module requant.
Optimizing module state_sram.
Optimizing module state_stream_controller.
Optimizing module state_word_engine.
Optimizing module streaming_norm.
Optimizing module weight_sram.
Optimizing module x7_controller.
Optimizing module x7_top.

17.34. Finished OPT passes. (There is nothing left to do.)

18. Executing CHECK pass (checking for obvious problems).
Checking module activation_sram...
Checking module conv_unit_serial...
Checking module intermediate_sram...
Checking module mac_array_16x16...
Checking module requant...
Checking module state_sram...
Checking module state_stream_controller...
Checking module state_word_engine...
Checking module streaming_norm...
Checking module weight_sram...
Checking module x7_controller...
Checking module x7_top...
Found and reported 0 problems.

19. Printing statistics.

=== activation_sram ===

   Number of wires:                 59
   Number of wire bits:           1103
   Number of public wires:          35
   Number of public wire bits:     811
   Number of memories:               0
   Number of memory bits:            0
   Number of processes:              0
   Number of cells:                 40
     $dffe                           2
     $logic_and                     12
     $logic_not                      4
     $mux                            8
     $not                            4
     $or                             4
     $pmux                           2
     fakeram45_512x64                4

=== conv_unit_serial ===

   Number of wires:                 64
   Number of wire bits:            698
   Number of public wires:          30
   Number of public wire bits:     383
   Number of memories:               0
   Number of memory bits:            0
   Number of processes:              0
   Number of cells:                 54
     $add                            7
     $adff                           4
     $adffe                          2
     $dffe                          14
     $gt                             4
     $le                             1
     $lt                             3
     $mul                            8
     $mux                            8
     $reduce_and                     3

=== intermediate_sram ===

   Number of wires:                 56
   Number of wire bits:           1930
   Number of public wires:          22
   Number of public wire bits:    1096
   Number of memories:               0
   Number of memory bits:            0
   Number of processes:              0
   Number of cells:                 51
     $and                            8
     $dff                            2
     $dffe                           8
     $eq                             1
     $mux                           12
     $neg                            1
     $not                            1
     $or                             8
     $reduce_and                     4
     $shift                          2
     fakeram45_512x64                4

=== mac_array_16x16 ===

   Number of wires:                171
   Number of wire bits:           2849
   Number of public wires:          92
   Number of public wire bits:    1675
   Number of memories:               0
   Number of memory bits:            0
   Number of processes:              0
   Number of cells:                163
     $add                           32
     $adff                          19
     $adffe                          1
     $dffe                          63
     $gt                             1
     $logic_and                      2
     $logic_not                      1
     $lt                             1
     $mul                           32
     $mux                            4
     $reduce_and                     6
     $reduce_bool                    1

=== requant ===

   Number of wires:                  6
   Number of wire bits:             66
   Number of public wires:           3
   Number of public wire bits:      56
   Number of memories:               0
   Number of memory bits:            0
   Number of processes:              0
   Number of cells:                  4
     $gt                             1
     $lt                             1
     $mux                            2

=== state_sram ===

   Number of wires:                 91
   Number of wire bits:           1777
   Number of public wires:          79
   Number of public wire bits:    1749
   Number of memories:               0
   Number of memory bits:            0
   Number of processes:              0
   Number of cells:                 69
     $dffe                           1
     $eq                             3
     $logic_and                     14
     $logic_not                      1
     $mux                           19
     $not                            4
     $or                            16
     $pmux                           3
     fakeram45_512x64                8

=== state_stream_controller ===

   Number of wires:                860
   Number of wire bits:          11054
   Number of public wires:         318
   Number of public wire bits:    6949
   Number of memories:               0
   Number of memory bits:            0
   Number of processes:              0
   Number of cells:                651
     $add                           36
     $adff                           2
     $adffe                         69
     $and                            8
     $eq                            32
     $gt                            64
     $logic_not                      2
     $logic_or                      10
     $lt                            64
     $mux                          236
     $ne                            29
     $not                            3
     $or                             1
     $pmux                          11
     $reduce_and                    24
     $reduce_bool                   13
     $reduce_or                     10
     $shiftx                         4
     $sub                           32
     state_word_engine               1

=== state_word_engine ===

   Number of wires:                301
   Number of wire bits:           3859
   Number of public wires:         182
   Number of public wire bits:    2574
   Number of memories:               0
   Number of memory bits:            0
   Number of processes:              0
   Number of cells:                205
     $add                           16
     $adff                           6
     $adffe                          9
     $dffe                          63
     $gt                            16
     $lt                            16
     $mul                           33
     $mux                           33
     $reduce_and                     5
     $sdffce                         8

=== streaming_norm ===

   Number of wires:                382
   Number of wire bits:           3771
   Number of public wires:         132
   Number of public wire bits:    2068
   Number of memories:               0
   Number of memory bits:            0
   Number of processes:              0
   Number of cells:                319
     $add                           29
     $adff                           1
     $adffe                         27
     $and                            1
     $dffe                          21
     $eq                            24
     $gt                            33
     $logic_not                      4
     $lt                            33
     $mul                           29
     $mux                           63
     $ne                            10
     $not                            1
     $pmux                           3
     $reduce_and                    17
     $reduce_bool                    5
     $reduce_or                      1
     $sdffce                        16
     $sub                            1

=== weight_sram ===

   Number of wires:                113
   Number of wire bits:           2862
   Number of public wires:          62
   Number of public wire bits:    1918
   Number of memories:               0
   Number of memory bits:            0
   Number of processes:              0
   Number of cells:                 92
     $dff                            4
     $dffe                           1
     $eq                             9
     $logic_and                     24
     $logic_not                      3
     $mux                           19
     $or                            16
     fakeram45_512x64               16

=== x7_controller ===

   Number of wires:                 10
   Number of wire bits:             67
   Number of public wires:           5
   Number of public wire bits:      32
   Number of memories:               0
   Number of memory bits:            0
   Number of processes:              0
   Number of cells:                  8
     $add                            1
     $mux                            1
     $ne                             1
     $not                            1
     $reduce_or                      1
     $sdff                           2
     $sdffe                          1

=== x7_top ===

   Number of wires:                277
   Number of wire bits:           5788
   Number of public wires:         119
   Number of public wire bits:    3864
   Number of memories:               0
   Number of memory bits:            0
   Number of processes:              0
   Number of cells:                218
     $add                            8
     $adff                           7
     $adffe                         20
     $and                            5
     $dffe                           4
     $eq                            29
     $logic_and                     11
     $logic_not                      7
     $logic_or                       2
     $mux                           38
     $ne                            27
     $neg                            1
     $not                            2
     $or                             5
     $pmux                          12
     $reduce_and                    20
     $reduce_bool                    6
     $shift                          2
     $shiftx                         1
     $shl                            2
     activation_sram                 1
     conv_unit_serial                1
     intermediate_sram               1
     mac_array_16x16                 1
     requant                         1
     state_sram                      1
     state_stream_controller         1
     streaming_norm                  1
     weight_sram                     1

=== design hierarchy ===

   x7_top                            1
     activation_sram                 1
     conv_unit_serial                1
     intermediate_sram               1
     mac_array_16x16                 1
     requant                         1
     state_sram                      1
     state_stream_controller         1
       state_word_engine             1
     streaming_norm                  1
     weight_sram                     1

   Number of wires:               2380
   Number of wire bits:          35757
   Number of public wires:        1074
   Number of public wire bits:   23143
   Number of memories:               0
   Number of memory bits:            0
   Number of processes:              0
   Number of cells:               1856
     $add                          128
     $adff                          39
     $adffe                        128
     $and                           22
     $dff                            6
     $dffe                         177
     $eq                            98
     $gt                           119
     $le                             1
     $logic_and                     63
     $logic_not                     22
     $logic_or                      12
     $lt                           118
     $mul                          102
     $mux                          442
     $ne                            66
     $neg                            2
     $not                           15
     $or                            50
     $pmux                          31
     $reduce_and                    79
     $reduce_bool                   25
     $reduce_or                     11
     $sdffce                        24
     $shift                          4
     $shiftx                         5
     $shl                            2
     $sub                           33
     fakeram45_512x64               32

20. Executing OPT_CLEAN pass (remove unused cells and wires).
Finding unused cells or wires in module \activation_sram..
Finding unused cells or wires in module \conv_unit_serial..
Finding unused cells or wires in module \intermediate_sram..
Finding unused cells or wires in module \mac_array_16x16..
Finding unused cells or wires in module \requant..
Finding unused cells or wires in module \state_sram..
Finding unused cells or wires in module \state_stream_controller..
Finding unused cells or wires in module \state_word_engine..
Finding unused cells or wires in module \streaming_norm..
Finding unused cells or wires in module \weight_sram..
Finding unused cells or wires in module \x7_controller..
Finding unused cells or wires in module \x7_top..

21. Executing TECHMAP pass (map to technology primitives).

21.1. Executing Verilog-2005 frontend: /usr/bin/../share/yosys/techmap.v
Parsing Verilog input from `/usr/bin/../share/yosys/techmap.v' to AST representation.
Generating RTLIL representation for module `\_90_simplemap_bool_ops'.
Generating RTLIL representation for module `\_90_simplemap_reduce_ops'.
Generating RTLIL representation for module `\_90_simplemap_logic_ops'.
Generating RTLIL representation for module `\_90_simplemap_compare_ops'.
Generating RTLIL representation for module `\_90_simplemap_various'.
Generating RTLIL representation for module `\_90_simplemap_registers'.
Generating RTLIL representation for module `\_90_shift_ops_shr_shl_sshl_sshr'.
Generating RTLIL representation for module `\_90_shift_shiftx'.
Generating RTLIL representation for module `\_90_fa'.
Generating RTLIL representation for module `\_90_lcu'.
Generating RTLIL representation for module `\_90_alu'.
Generating RTLIL representation for module `\_90_macc'.
Generating RTLIL representation for module `\_90_alumacc'.
Generating RTLIL representation for module `\$__div_mod_u'.
Generating RTLIL representation for module `\$__div_mod_trunc'.
Generating RTLIL representation for module `\_90_div'.
Generating RTLIL representation for module `\_90_mod'.
Generating RTLIL representation for module `\$__div_mod_floor'.
Generating RTLIL representation for module `\_90_divfloor'.
Generating RTLIL representation for module `\_90_modfloor'.
Generating RTLIL representation for module `\_90_pow'.
Generating RTLIL representation for module `\_90_pmux'.
Generating RTLIL representation for module `\_90_demux'.
Generating RTLIL representation for module `\_90_lut'.
Successfully finished Verilog frontend.

21.2. Continuing TECHMAP pass.
Using extmapper simplemap for cells of type $not.
Using extmapper simplemap for cells of type $reduce_and.
Using extmapper simplemap for cells of type $adffe.
Using extmapper simplemap for cells of type $ne.
Using extmapper simplemap for cells of type $logic_and.
Using extmapper simplemap for cells of type $logic_not.
Using template $paramod$constmap:6f839b88a62e7966712adf872dbe4c4a5cbcd49f$paramod$7b0bb309dce042ecaf2e0bfa495da988fc49fdf1\_90_shift_ops_shr_shl_sshl_sshr for cells of type $shl.
Using extmapper simplemap for cells of type $logic_or.
Using extmapper simplemap for cells of type $eq.
Running "alumacc" on wrapper $extern:wrap:$add:A_SIGNED=0:A_WIDTH=5:B_SIGNED=0:B_WIDTH=3:Y_WIDTH=5:394426c56d1a028ba8fdd5469b163e04011def47.
Using template $extern:wrap:$add:A_SIGNED=0:A_WIDTH=5:B_SIGNED=0:B_WIDTH=3:Y_WIDTH=5:394426c56d1a028ba8fdd5469b163e04011def47 for cells of type $extern:wrap:$add:A_SIGNED=0:A_WIDTH=5:B_SIGNED=0:B_WIDTH=3:Y_WIDTH=5:394426c56d1a028ba8fdd5469b163e04011def47.
Running "alumacc" on wrapper $extern:wrap:$add:A_SIGNED=0:A_WIDTH=4:B_SIGNED=0:B_WIDTH=32:Y_WIDTH=32:394426c56d1a028ba8fdd5469b163e04011def47.
Using template $extern:wrap:$add:A_SIGNED=0:A_WIDTH=4:B_SIGNED=0:B_WIDTH=32:Y_WIDTH=32:394426c56d1a028ba8fdd5469b163e04011def47 for cells of type $extern:wrap:$add:A_SIGNED=0:A_WIDTH=4:B_SIGNED=0:B_WIDTH=32:Y_WIDTH=32:394426c56d1a028ba8fdd5469b163e04011def47.
Running "alumacc" on wrapper $extern:wrap:$add:A_SIGNED=0:A_WIDTH=2:B_SIGNED=0:B_WIDTH=32:Y_WIDTH=32:394426c56d1a028ba8fdd5469b163e04011def47.
Using template $extern:wrap:$add:A_SIGNED=0:A_WIDTH=2:B_SIGNED=0:B_WIDTH=32:Y_WIDTH=32:394426c56d1a028ba8fdd5469b163e04011def47 for cells of type $extern:wrap:$add:A_SIGNED=0:A_WIDTH=2:B_SIGNED=0:B_WIDTH=32:Y_WIDTH=32:394426c56d1a028ba8fdd5469b163e04011def47.
Running "alumacc" on wrapper $extern:wrap:$add:A_SIGNED=0:A_WIDTH=8:B_SIGNED=0:B_WIDTH=32:Y_WIDTH=32:394426c56d1a028ba8fdd5469b163e04011def47.
Using template $extern:wrap:$add:A_SIGNED=0:A_WIDTH=8:B_SIGNED=0:B_WIDTH=32:Y_WIDTH=32:394426c56d1a028ba8fdd5469b163e04011def47 for cells of type $extern:wrap:$add:A_SIGNED=0:A_WIDTH=8:B_SIGNED=0:B_WIDTH=32:Y_WIDTH=32:394426c56d1a028ba8fdd5469b163e04011def47.
Running "alumacc" on wrapper $extern:wrap:$add:A_SIGNED=0:A_WIDTH=9:B_SIGNED=0:B_WIDTH=32:Y_WIDTH=32:394426c56d1a028ba8fdd5469b163e04011def47.
Using template $extern:wrap:$add:A_SIGNED=0:A_WIDTH=9:B_SIGNED=0:B_WIDTH=32:Y_WIDTH=32:394426c56d1a028ba8fdd5469b163e04011def47 for cells of type $extern:wrap:$add:A_SIGNED=0:A_WIDTH=9:B_SIGNED=0:B_WIDTH=32:Y_WIDTH=32:394426c56d1a028ba8fdd5469b163e04011def47.
Using template $paramod$constmap:4f61f9061b7047878fde488eaeec4aeb2a8c39fa$paramod$515d919344bffc2574f4dddd1934307c035ac430\_90_shift_shiftx for cells of type $shiftx.
Using template $paramod$constmap:5b7a86f055f056b0ef5c3c2a54cd0bcbfbd78a91$paramod$35d43f283fa197ecd06c429c67def546fd6dc204\_90_shift_shiftx for cells of type $shift.
Running "alumacc" on wrapper $extern:wrap:$neg:A_SIGNED=1:A_WIDTH=33:Y_WIDTH=33:394426c56d1a028ba8fdd5469b163e04011def47.
Using template $extern:wrap:$neg:A_SIGNED=1:A_WIDTH=33:Y_WIDTH=33:394426c56d1a028ba8fdd5469b163e04011def47 for cells of type $extern:wrap:$neg:A_SIGNED=1:A_WIDTH=33:Y_WIDTH=33:394426c56d1a028ba8fdd5469b163e04011def47.
Analyzing pattern of constant bits for this cell:
Creating constmapped module `$paramod$constmap:391ed386a5460bc01550bbd1e64ddee1e6666a82$paramod$35d43f283fa197ecd06c429c67def546fd6dc204\_90_shift_shiftx'.

21.30. Executing OPT_MUXTREE pass (detect dead branches in mux trees).
Running muxtree optimizer on module $paramod$constmap:391ed386a5460bc01550bbd1e64ddee1e6666a82$paramod$35d43f283fa197ecd06c429c67def546fd6dc204\_90_shift_shiftx..
  Creating internal representation of mux trees.
  Evaluating internal representation of mux trees.
  Analyzing evaluation results.
    dead port 2/2 on $mux $procmux$28276.
    dead port 2/2 on $mux $procmux$28270.
    dead port 2/2 on $mux $procmux$28264.
    dead port 2/2 on $mux $procmux$28258.
    dead port 2/2 on $mux $procmux$28252.
    dead port 2/2 on $mux $procmux$28246.
    dead port 2/2 on $mux $procmux$28240.
    dead port 2/2 on $mux $procmux$28234.
Removed 8 multiplexer ports.
<suppressed ~909 debug messages>

21.31. Executing OPT_EXPR pass (perform const folding).
Optimizing module $paramod$constmap:391ed386a5460bc01550bbd1e64ddee1e6666a82$paramod$35d43f283fa197ecd06c429c67def546fd6dc204\_90_shift_shiftx.
<suppressed ~26 debug messages>
Removed 0 unused cells and 13 unused wires.
Using template $paramod$constmap:391ed386a5460bc01550bbd1e64ddee1e6666a82$paramod$35d43f283fa197ecd06c429c67def546fd6dc204\_90_shift_shiftx for cells of type $shift.
Using extmapper simplemap for cells of type $and.
Using extmapper simplemap for cells of type $or.
Running "alumacc" on wrapper $extern:wrap:$add:A_SIGNED=0:A_WIDTH=7:B_SIGNED=0:B_WIDTH=32:Y_WIDTH=32:394426c56d1a028ba8fdd5469b163e04011def47.
Using template $extern:wrap:$add:A_SIGNED=0:A_WIDTH=7:B_SIGNED=0:B_WIDTH=32:Y_WIDTH=32:394426c56d1a028ba8fdd5469b163e04011def47 for cells of type $extern:wrap:$add:A_SIGNED=0:A_WIDTH=7:B_SIGNED=0:B_WIDTH=32:Y_WIDTH=32:394426c56d1a028ba8fdd5469b163e04011def47.
Using template $paramod$b76f0c7d813c9b9e201e1c450cfd00106058a636\_90_pmux for cells of type $pmux.
Using template $paramod$56f7ce6d87f8add68ca646dc02d7695a3189f8e5\_90_pmux for cells of type $pmux.
Using template $paramod$521ce43182eecb9f60c72393a788160d2c356bf5\_90_pmux for cells of type $pmux.
Using template $paramod$a285b5a57fe61eabc57c91b8c412748ee1151a85\_90_pmux for cells of type $pmux.
Using template $paramod$e2c4217a160d14a8040876e2686fbcd8b22a88d4\_90_pmux for cells of type $pmux.
Using template $paramod$bdf7add1b5267c9fa97534fb537520e9b0e1f219\_90_pmux for cells of type $pmux.
Using template $paramod$eaeb96106163dbf82031649d189817109fe07c69\_90_pmux for cells of type $pmux.
Using template $paramod$e95b69d3115bf069a0763f3951e78119084acbbc\_90_pmux for cells of type $pmux.
Using template $paramod$200cf4763a5dd97104da97c2740bc6396db7fa25\_90_pmux for cells of type $pmux.
Using template $paramod$d629d85c8826a74239b9178d1930215a43b0ceb0\_90_pmux for cells of type $pmux.
Using template $paramod$c5c783b17ab1d780abfad8cfe6563a0a7b47a3b0\_90_pmux for cells of type $pmux.
Using extmapper simplemap for cells of type $reduce_bool.
Using extmapper simplemap for cells of type $dffe.
Using extmapper simplemap for cells of type $adff.
Using template $paramod$03eba0cdd46566f6651a3011e0b5671fa6b5e494\_90_alu for cells of type $alu.
Using extmapper simplemap for cells of type $reduce_or.
Using template $paramod$a7817265ef3ab2ee43da53bbd8a90f6450d412d9\_90_alu for cells of type $alu.
Using template $paramod$fdd20cfde6eff5e426e814d02912ca76c51febc9\_90_alu for cells of type $alu.
Using template $paramod$e3e2a2ae1e4d598b5e0e0be67cc1104653ecf8c1\_90_alu for cells of type $alu.
Using template $paramod$403d74038787d91c0514bba9bf1032f6fa919203\_90_alu for cells of type $alu.
Using template $paramod$91f82ead1edc61e0a1452110f15ef747116b421b\_90_alu for cells of type $alu.
Using template $paramod$9fe62a4b81638d72bc060d25c78265035b9c879a\_90_alu for cells of type $alu.
Using template $paramod\_90_lcu\WIDTH=32'00000000000000000000000000100001 for cells of type $lcu.
Using extmapper simplemap for cells of type $xor.
Using extmapper simplemap for cells of type $pos.
Using template $paramod\_90_lcu\WIDTH=32'00000000000000000000000000100000 for cells of type $lcu.
Using template $paramod\_90_lcu\WIDTH=32'00000000000000000000000000000101 for cells of type $lcu.
Running "alumacc" on wrapper $extern:wrap:$add:A_SIGNED=0:A_WIDTH=16:B_SIGNED=0:B_WIDTH=1:Y_WIDTH=16:394426c56d1a028ba8fdd5469b163e04011def47.
Using template $extern:wrap:$add:A_SIGNED=0:A_WIDTH=16:B_SIGNED=0:B_WIDTH=1:Y_WIDTH=16:394426c56d1a028ba8fdd5469b163e04011def47 for cells of type $extern:wrap:$add:A_SIGNED=0:A_WIDTH=16:B_SIGNED=0:B_WIDTH=1:Y_WIDTH=16:394426c56d1a028ba8fdd5469b163e04011def47.
Using extmapper simplemap for cells of type $sdff.
Using extmapper simplemap for cells of type $sdffe.
Using template $paramod$2af30114e9bd4ccb04dad757b3f0a8f6bf0615b0\_90_alu for cells of type $alu.
Using template $paramod\_90_lcu\WIDTH=32'00000000000000000000000000010000 for cells of type $lcu.
Using extmapper simplemap for cells of type $dff.
Running "alumacc" on wrapper $extern:wrap:$mul:A_SIGNED=1:A_WIDTH=16:B_SIGNED=1:B_WIDTH=16:Y_WIDTH=16:394426c56d1a028ba8fdd5469b163e04011def47.
Using template $extern:wrap:$mul:A_SIGNED=1:A_WIDTH=16:B_SIGNED=1:B_WIDTH=16:Y_WIDTH=16:394426c56d1a028ba8fdd5469b163e04011def47 for cells of type $extern:wrap:$mul:A_SIGNED=1:A_WIDTH=16:B_SIGNED=1:B_WIDTH=16:Y_WIDTH=16:394426c56d1a028ba8fdd5469b163e04011def47.
Running "alumacc" on wrapper $extern:wrap:$add:A_SIGNED=0:A_WIDTH=16:B_SIGNED=0:B_WIDTH=16:Y_WIDTH=17:394426c56d1a028ba8fdd5469b163e04011def47.
Using template $extern:wrap:$add:A_SIGNED=0:A_WIDTH=16:B_SIGNED=0:B_WIDTH=16:Y_WIDTH=17:394426c56d1a028ba8fdd5469b163e04011def47 for cells of type $extern:wrap:$add:A_SIGNED=0:A_WIDTH=16:B_SIGNED=0:B_WIDTH=16:Y_WIDTH=17:394426c56d1a028ba8fdd5469b163e04011def47.
Running "alumacc" on wrapper $extern:wrap:$add:A_SIGNED=0:A_WIDTH=17:B_SIGNED=0:B_WIDTH=17:Y_WIDTH=18:394426c56d1a028ba8fdd5469b163e04011def47.
Using template $extern:wrap:$add:A_SIGNED=0:A_WIDTH=17:B_SIGNED=0:B_WIDTH=17:Y_WIDTH=18:394426c56d1a028ba8fdd5469b163e04011def47 for cells of type $extern:wrap:$add:A_SIGNED=0:A_WIDTH=17:B_SIGNED=0:B_WIDTH=17:Y_WIDTH=18:394426c56d1a028ba8fdd5469b163e04011def47.
Running "alumacc" on wrapper $extern:wrap:$add:A_SIGNED=0:A_WIDTH=21:B_SIGNED=0:B_WIDTH=18:Y_WIDTH=21:394426c56d1a028ba8fdd5469b163e04011def47.
Using template $extern:wrap:$add:A_SIGNED=0:A_WIDTH=21:B_SIGNED=0:B_WIDTH=18:Y_WIDTH=21:394426c56d1a028ba8fdd5469b163e04011def47 for cells of type $extern:wrap:$add:A_SIGNED=0:A_WIDTH=21:B_SIGNED=0:B_WIDTH=18:Y_WIDTH=21:394426c56d1a028ba8fdd5469b163e04011def47.
Running "alumacc" on wrapper $extern:wrap:$add:A_SIGNED=0:A_WIDTH=4:B_SIGNED=0:B_WIDTH=1:Y_WIDTH=4:394426c56d1a028ba8fdd5469b163e04011def47.
Using template $extern:wrap:$add:A_SIGNED=0:A_WIDTH=4:B_SIGNED=0:B_WIDTH=1:Y_WIDTH=4:394426c56d1a028ba8fdd5469b163e04011def47 for cells of type $extern:wrap:$add:A_SIGNED=0:A_WIDTH=4:B_SIGNED=0:B_WIDTH=1:Y_WIDTH=4:394426c56d1a028ba8fdd5469b163e04011def47.
Running "alumacc" on wrapper $extern:wrap:$mul:A_SIGNED=1:A_WIDTH=9:B_SIGNED=1:B_WIDTH=9:Y_WIDTH=9:394426c56d1a028ba8fdd5469b163e04011def47.
Using template $extern:wrap:$mul:A_SIGNED=1:A_WIDTH=9:B_SIGNED=1:B_WIDTH=9:Y_WIDTH=9:394426c56d1a028ba8fdd5469b163e04011def47 for cells of type $extern:wrap:$mul:A_SIGNED=1:A_WIDTH=9:B_SIGNED=1:B_WIDTH=9:Y_WIDTH=9:394426c56d1a028ba8fdd5469b163e04011def47.
Running "alumacc" on wrapper $extern:wrap:$mul:A_SIGNED=0:A_WIDTH=16:B_SIGNED=0:B_WIDTH=16:Y_WIDTH=16:394426c56d1a028ba8fdd5469b163e04011def47.
Using template $extern:wrap:$mul:A_SIGNED=0:A_WIDTH=16:B_SIGNED=0:B_WIDTH=16:Y_WIDTH=16:394426c56d1a028ba8fdd5469b163e04011def47 for cells of type $extern:wrap:$mul:A_SIGNED=0:A_WIDTH=16:B_SIGNED=0:B_WIDTH=16:Y_WIDTH=16:394426c56d1a028ba8fdd5469b163e04011def47.
Running "alumacc" on wrapper $extern:wrap:$add:A_SIGNED=0:A_WIDTH=25:B_SIGNED=0:B_WIDTH=25:Y_WIDTH=25:394426c56d1a028ba8fdd5469b163e04011def47.
Using template $extern:wrap:$add:A_SIGNED=0:A_WIDTH=25:B_SIGNED=0:B_WIDTH=25:Y_WIDTH=25:394426c56d1a028ba8fdd5469b163e04011def47 for cells of type $extern:wrap:$add:A_SIGNED=0:A_WIDTH=25:B_SIGNED=0:B_WIDTH=25:Y_WIDTH=25:394426c56d1a028ba8fdd5469b163e04011def47.
Running "alumacc" on wrapper $extern:wrap:$sub:A_SIGNED=1:A_WIDTH=32:B_SIGNED=1:B_WIDTH=23:Y_WIDTH=32:394426c56d1a028ba8fdd5469b163e04011def47.
Using template $extern:wrap:$sub:A_SIGNED=1:A_WIDTH=32:B_SIGNED=1:B_WIDTH=23:Y_WIDTH=32:394426c56d1a028ba8fdd5469b163e04011def47 for cells of type $extern:wrap:$sub:A_SIGNED=1:A_WIDTH=32:B_SIGNED=1:B_WIDTH=23:Y_WIDTH=32:394426c56d1a028ba8fdd5469b163e04011def47.
Running "alumacc" on wrapper $extern:wrap:$mul:A_SIGNED=1:A_WIDTH=17:B_SIGNED=1:B_WIDTH=17:Y_WIDTH=17:394426c56d1a028ba8fdd5469b163e04011def47.
Using template $extern:wrap:$mul:A_SIGNED=1:A_WIDTH=17:B_SIGNED=1:B_WIDTH=17:Y_WIDTH=17:394426c56d1a028ba8fdd5469b163e04011def47 for cells of type $extern:wrap:$mul:A_SIGNED=1:A_WIDTH=17:B_SIGNED=1:B_WIDTH=17:Y_WIDTH=17:394426c56d1a028ba8fdd5469b163e04011def47.
Running "alumacc" on wrapper $extern:wrap:$add:A_SIGNED=1:A_WIDTH=23:B_SIGNED=1:B_WIDTH=23:Y_WIDTH=23:394426c56d1a028ba8fdd5469b163e04011def47.
Using template $extern:wrap:$add:A_SIGNED=1:A_WIDTH=23:B_SIGNED=1:B_WIDTH=23:Y_WIDTH=23:394426c56d1a028ba8fdd5469b163e04011def47 for cells of type $extern:wrap:$add:A_SIGNED=1:A_WIDTH=23:B_SIGNED=1:B_WIDTH=23:Y_WIDTH=23:394426c56d1a028ba8fdd5469b163e04011def47.
Running "alumacc" on wrapper $extern:wrap:$lt:A_SIGNED=1:A_WIDTH=23:B_SIGNED=1:B_WIDTH=32:Y_WIDTH=1:394426c56d1a028ba8fdd5469b163e04011def47.
Using template $extern:wrap:$lt:A_SIGNED=1:A_WIDTH=23:B_SIGNED=1:B_WIDTH=32:Y_WIDTH=1:394426c56d1a028ba8fdd5469b163e04011def47 for cells of type $extern:wrap:$lt:A_SIGNED=1:A_WIDTH=23:B_SIGNED=1:B_WIDTH=32:Y_WIDTH=1:394426c56d1a028ba8fdd5469b163e04011def47.
Running "alumacc" on wrapper $extern:wrap:$gt:A_SIGNED=1:A_WIDTH=23:B_SIGNED=1:B_WIDTH=32:Y_WIDTH=1:394426c56d1a028ba8fdd5469b163e04011def47.
Using template $extern:wrap:$gt:A_SIGNED=1:A_WIDTH=23:B_SIGNED=1:B_WIDTH=32:Y_WIDTH=1:394426c56d1a028ba8fdd5469b163e04011def47 for cells of type $extern:wrap:$gt:A_SIGNED=1:A_WIDTH=23:B_SIGNED=1:B_WIDTH=32:Y_WIDTH=1:394426c56d1a028ba8fdd5469b163e04011def47.
Running "alumacc" on wrapper $extern:wrap:$add:A_SIGNED=0:A_WIDTH=3:B_SIGNED=0:B_WIDTH=1:Y_WIDTH=3:394426c56d1a028ba8fdd5469b163e04011def47.
Using template $extern:wrap:$add:A_SIGNED=0:A_WIDTH=3:B_SIGNED=0:B_WIDTH=1:Y_WIDTH=3:394426c56d1a028ba8fdd5469b163e04011def47 for cells of type $extern:wrap:$add:A_SIGNED=0:A_WIDTH=3:B_SIGNED=0:B_WIDTH=1:Y_WIDTH=3:394426c56d1a028ba8fdd5469b163e04011def47.
Running "alumacc" on wrapper $extern:wrap:$mul:A_SIGNED=1:A_WIDTH=23:B_SIGNED=1:B_WIDTH=23:Y_WIDTH=23:394426c56d1a028ba8fdd5469b163e04011def47.
Using template $extern:wrap:$mul:A_SIGNED=1:A_WIDTH=23:B_SIGNED=1:B_WIDTH=23:Y_WIDTH=23:394426c56d1a028ba8fdd5469b163e04011def47 for cells of type $extern:wrap:$mul:A_SIGNED=1:A_WIDTH=23:B_SIGNED=1:B_WIDTH=23:Y_WIDTH=23:394426c56d1a028ba8fdd5469b163e04011def47.
Running "alumacc" on wrapper $extern:wrap:$gt:A_SIGNED=1:A_WIDTH=12:B_SIGNED=1:B_WIDTH=32:Y_WIDTH=1:394426c56d1a028ba8fdd5469b163e04011def47.
Using template $extern:wrap:$gt:A_SIGNED=1:A_WIDTH=12:B_SIGNED=1:B_WIDTH=32:Y_WIDTH=1:394426c56d1a028ba8fdd5469b163e04011def47 for cells of type $extern:wrap:$gt:A_SIGNED=1:A_WIDTH=12:B_SIGNED=1:B_WIDTH=32:Y_WIDTH=1:394426c56d1a028ba8fdd5469b163e04011def47.
Running "alumacc" on wrapper $extern:wrap:$lt:A_SIGNED=1:A_WIDTH=12:B_SIGNED=1:B_WIDTH=32:Y_WIDTH=1:394426c56d1a028ba8fdd5469b163e04011def47.
Using template $extern:wrap:$lt:A_SIGNED=1:A_WIDTH=12:B_SIGNED=1:B_WIDTH=32:Y_WIDTH=1:394426c56d1a028ba8fdd5469b163e04011def47 for cells of type $extern:wrap:$lt:A_SIGNED=1:A_WIDTH=12:B_SIGNED=1:B_WIDTH=32:Y_WIDTH=1:394426c56d1a028ba8fdd5469b163e04011def47.
Running "alumacc" on wrapper $extern:wrap:$add:A_SIGNED=1:A_WIDTH=8:B_SIGNED=1:B_WIDTH=8:Y_WIDTH=9:394426c56d1a028ba8fdd5469b163e04011def47.
Using template $extern:wrap:$add:A_SIGNED=1:A_WIDTH=8:B_SIGNED=1:B_WIDTH=8:Y_WIDTH=9:394426c56d1a028ba8fdd5469b163e04011def47 for cells of type $extern:wrap:$add:A_SIGNED=1:A_WIDTH=8:B_SIGNED=1:B_WIDTH=8:Y_WIDTH=9:394426c56d1a028ba8fdd5469b163e04011def47.
Running "alumacc" on wrapper $extern:wrap:$gt:A_SIGNED=1:A_WIDTH=9:B_SIGNED=1:B_WIDTH=32:Y_WIDTH=1:394426c56d1a028ba8fdd5469b163e04011def47.
Using template $extern:wrap:$gt:A_SIGNED=1:A_WIDTH=9:B_SIGNED=1:B_WIDTH=32:Y_WIDTH=1:394426c56d1a028ba8fdd5469b163e04011def47 for cells of type $extern:wrap:$gt:A_SIGNED=1:A_WIDTH=9:B_SIGNED=1:B_WIDTH=32:Y_WIDTH=1:394426c56d1a028ba8fdd5469b163e04011def47.
Running "alumacc" on wrapper $extern:wrap:$lt:A_SIGNED=1:A_WIDTH=9:B_SIGNED=1:B_WIDTH=32:Y_WIDTH=1:394426c56d1a028ba8fdd5469b163e04011def47.
Using template $extern:wrap:$lt:A_SIGNED=1:A_WIDTH=9:B_SIGNED=1:B_WIDTH=32:Y_WIDTH=1:394426c56d1a028ba8fdd5469b163e04011def47 for cells of type $extern:wrap:$lt:A_SIGNED=1:A_WIDTH=9:B_SIGNED=1:B_WIDTH=32:Y_WIDTH=1:394426c56d1a028ba8fdd5469b163e04011def47.
Using template $paramod$32e7c4d6f92ff4337599ece53082d2e88a82a9f2\_90_pmux for cells of type $pmux.
Using template $paramod$f7371e97fe761918178cba4668c730423baee1eb\_90_pmux for cells of type $pmux.
Using template $paramod$c2e415ef15bc3ccd2723772353a6b450d3d76206\_90_pmux for cells of type $pmux.
Using extmapper simplemap for cells of type $sdffce.
Using extmapper maccmap for cells of type $macc.
  add { \ivec_rd_data [7] \ivec_rd_data [7] \ivec_rd_data [7] \ivec_rd_data [7] \ivec_rd_data [7] \ivec_rd_data [7] \ivec_rd_data [7] \ivec_rd_data [7] \ivec_rd_data [7:0] } * { \ivec_rd_data [7] \ivec_rd_data [7] \ivec_rd_data [7] \ivec_rd_data [7] \ivec_rd_data [7] \ivec_rd_data [7] \ivec_rd_data [7] \ivec_rd_data [7] \ivec_rd_data [7:0] } (16x16 bits, signed)
  add { \ivec_rd_data [15] \ivec_rd_data [15] \ivec_rd_data [15] \ivec_rd_data [15] \ivec_rd_data [15] \ivec_rd_data [15] \ivec_rd_data [15] \ivec_rd_data [15] \ivec_rd_data [15:8] } * { \ivec_rd_data [15] \ivec_rd_data [15] \ivec_rd_data [15] \ivec_rd_data [15] \ivec_rd_data [15] \ivec_rd_data [15] \ivec_rd_data [15] \ivec_rd_data [15] \ivec_rd_data [15:8] } (16x16 bits, signed)
  add { \ivec_rd_data [23] \ivec_rd_data [23] \ivec_rd_data [23] \ivec_rd_data [23] \ivec_rd_data [23] \ivec_rd_data [23] \ivec_rd_data [23] \ivec_rd_data [23] \ivec_rd_data [23:16] } * { \ivec_rd_data [23] \ivec_rd_data [23] \ivec_rd_data [23] \ivec_rd_data [23] \ivec_rd_data [23] \ivec_rd_data [23] \ivec_rd_data [23] \ivec_rd_data [23] \ivec_rd_data [23:16] } (16x16 bits, signed)
  add { \ivec_rd_data [31] \ivec_rd_data [31] \ivec_rd_data [31] \ivec_rd_data [31] \ivec_rd_data [31] \ivec_rd_data [31] \ivec_rd_data [31] \ivec_rd_data [31] \ivec_rd_data [31:24] } * { \ivec_rd_data [31] \ivec_rd_data [31] \ivec_rd_data [31] \ivec_rd_data [31] \ivec_rd_data [31] \ivec_rd_data [31] \ivec_rd_data [31] \ivec_rd_data [31] \ivec_rd_data [31:24] } (16x16 bits, signed)
  add { \ivec_rd_data [39] \ivec_rd_data [39] \ivec_rd_data [39] \ivec_rd_data [39] \ivec_rd_data [39] \ivec_rd_data [39] \ivec_rd_data [39] \ivec_rd_data [39] \ivec_rd_data [39:32] } * { \ivec_rd_data [39] \ivec_rd_data [39] \ivec_rd_data [39] \ivec_rd_data [39] \ivec_rd_data [39] \ivec_rd_data [39] \ivec_rd_data [39] \ivec_rd_data [39] \ivec_rd_data [39:32] } (16x16 bits, signed)
  add { \ivec_rd_data [47] \ivec_rd_data [47] \ivec_rd_data [47] \ivec_rd_data [47] \ivec_rd_data [47] \ivec_rd_data [47] \ivec_rd_data [47] \ivec_rd_data [47] \ivec_rd_data [47:40] } * { \ivec_rd_data [47] \ivec_rd_data [47] \ivec_rd_data [47] \ivec_rd_data [47] \ivec_rd_data [47] \ivec_rd_data [47] \ivec_rd_data [47] \ivec_rd_data [47] \ivec_rd_data [47:40] } (16x16 bits, signed)
  add { \ivec_rd_data [55] \ivec_rd_data [55] \ivec_rd_data [55] \ivec_rd_data [55] \ivec_rd_data [55] \ivec_rd_data [55] \ivec_rd_data [55] \ivec_rd_data [55] \ivec_rd_data [55:48] } * { \ivec_rd_data [55] \ivec_rd_data [55] \ivec_rd_data [55] \ivec_rd_data [55] \ivec_rd_data [55] \ivec_rd_data [55] \ivec_rd_data [55] \ivec_rd_data [55] \ivec_rd_data [55:48] } (16x16 bits, signed)
  add { \ivec_rd_data [63] \ivec_rd_data [63] \ivec_rd_data [63] \ivec_rd_data [63] \ivec_rd_data [63] \ivec_rd_data [63] \ivec_rd_data [63] \ivec_rd_data [63] \ivec_rd_data [63:56] } * { \ivec_rd_data [63] \ivec_rd_data [63] \ivec_rd_data [63] \ivec_rd_data [63] \ivec_rd_data [63] \ivec_rd_data [63] \ivec_rd_data [63] \ivec_rd_data [63] \ivec_rd_data [63:56] } (16x16 bits, signed)
Using template $paramod$081ba1a4a7201ecdb44563d3c3bd7013d1ebf4eb\_90_alu for cells of type $alu.
Using template $paramod$4ce4a1faeffe5690bb1819c6520eb4b4e75ebebd\_90_alu for cells of type $alu.
Using template $paramod$356a43159ec29b0d8ec2cf3fdd8ed8f1e0111ae6\_90_alu for cells of type $alu.
Using template $paramod$32a7b7b86c07519b7537abc18e96f0331f97914d\_90_alu for cells of type $alu.
  add \r * \r (9x9 bits, signed)
  add { 7'0000000 \y2 } * { 9'000000000 \mean [6:0] } (16x16 bits, unsigned)
  add { 7'0000000 \y2 } * { 9'000000000 \mean [13:7] } (16x16 bits, unsigned)
Using template $paramod$4868d58a04723871777326409a611fa912defcd8\_90_alu for cells of type $alu.
Using template $paramod$d30366fce2ed1ff5d617fbeb18b2d2f7032b5816\_90_alu for cells of type $alu.
  add { \r [8] \r [8] \r [8] \r [8] \r [8] \r [8] \r [8] \r [8] \r } * { 10'0000000000 \factor_q [6:0] } (17x17 bits, signed)
  add { \r [8] \r [8] \r [8] \r [8] \r [8] \r [8] \r [8] \r } * { \factor_q [13] \factor_q [13] \factor_q [13] \factor_q [13] \factor_q [13] \factor_q [13] \factor_q [13] \factor_q [13] \factor_q [13] \factor_q [13:7] } (16x16 bits, signed)
Using template $paramod$1f70896d2f5184d4b9554e902549a891e70d7c3d\_90_alu for cells of type $alu.
Using template $paramod$1cd7b48931e8fc0e2388e46792294929cf794dd3\_90_alu for cells of type $alu.
Using template $paramod$3ef7d3dd227da7627a99c5e5a6a4deb817573e39\_90_alu for cells of type $alu.
  add { \o_lo [7] \o_lo [7] \o_lo [7] \o_lo [7] \o_lo [7] \o_lo [7] \o_lo [7] \o_lo [7] \o_lo [7] \o_lo [7] \o_lo [7] \o_lo [7] \o_lo [7] \o_lo [7] \o_lo [7] \o_lo [7:0] } * { \scale_r[4] [8] \scale_r[4] [8] \scale_r[4] [8] \scale_r[4] [8] \scale_r[4] [8] \scale_r[4] [8] \scale_r[4] [8] \scale_r[4] [8] \scale_r[4] [8] \scale_r[4] [8] \scale_r[4] [8] \scale_r[4] [8] \scale_r[4] [8] \scale_r[4] [8] \scale_r[4] } (23x23 bits, signed)
Using template $paramod$3516018a9c0c44386a44218d8cccbd6f670ca235\_90_alu for cells of type $alu.
  add { \o_lo [15] \o_lo [15] \o_lo [15] \o_lo [15] \o_lo [15] \o_lo [15] \o_lo [15] \o_lo [15] \o_lo [15] \o_lo [15] \o_lo [15] \o_lo [15] \o_lo [15] \o_lo [15] \o_lo [15] \o_lo [15:8] } * { \scale_r[4] [8] \scale_r[4] [8] \scale_r[4] [8] \scale_r[4] [8] \scale_r[4] [8] \scale_r[4] [8] \scale_r[4] [8] \scale_r[4] [8] \scale_r[4] [8] \scale_r[4] [8] \scale_r[4] [8] \scale_r[4] [8] \scale_r[4] [8] \scale_r[4] [8] \scale_r[4] } (23x23 bits, signed)
  add { \o_lo [23] \o_lo [23] \o_lo [23] \o_lo [23] \o_lo [23] \o_lo [23] \o_lo [23] \o_lo [23] \o_lo [23] \o_lo [23] \o_lo [23] \o_lo [23] \o_lo [23] \o_lo [23] \o_lo [23] \o_lo [23:16] } * { \scale_r[4] [8] \scale_r[4] [8] \scale_r[4] [8] \scale_r[4] [8] \scale_r[4] [8] \scale_r[4] [8] \scale_r[4] [8] \scale_r[4] [8] \scale_r[4] [8] \scale_r[4] [8] \scale_r[4] [8] \scale_r[4] [8] \scale_r[4] [8] \scale_r[4] [8] \scale_r[4] } (23x23 bits, signed)
  add { \o_lo [31] \o_lo [31] \o_lo [31] \o_lo [31] \o_lo [31] \o_lo [31] \o_lo [31] \o_lo [31] \o_lo [31] \o_lo [31] \o_lo [31] \o_lo [31] \o_lo [31] \o_lo [31] \o_lo [31] \o_lo [31:24] } * { \scale_r[4] [8] \scale_r[4] [8] \scale_r[4] [8] \scale_r[4] [8] \scale_r[4] [8] \scale_r[4] [8] \scale_r[4] [8] \scale_r[4] [8] \scale_r[4] [8] \scale_r[4] [8] \scale_r[4] [8] \scale_r[4] [8] \scale_r[4] [8] \scale_r[4] [8] \scale_r[4] } (23x23 bits, signed)
  add { \o_lo [39] \o_lo [39] \o_lo [39] \o_lo [39] \o_lo [39] \o_lo [39] \o_lo [39] \o_lo [39] \o_lo [39] \o_lo [39] \o_lo [39] \o_lo [39] \o_lo [39] \o_lo [39] \o_lo [39] \o_lo [39:32] } * { \scale_r[4] [8] \scale_r[4] [8] \scale_r[4] [8] \scale_r[4] [8] \scale_r[4] [8] \scale_r[4] [8] \scale_r[4] [8] \scale_r[4] [8] \scale_r[4] [8] \scale_r[4] [8] \scale_r[4] [8] \scale_r[4] [8] \scale_r[4] [8] \scale_r[4] [8] \scale_r[4] } (23x23 bits, signed)
  add { \o_lo [47] \o_lo [47] \o_lo [47] \o_lo [47] \o_lo [47] \o_lo [47] \o_lo [47] \o_lo [47] \o_lo [47] \o_lo [47] \o_lo [47] \o_lo [47] \o_lo [47] \o_lo [47] \o_lo [47] \o_lo [47:40] } * { \scale_r[4] [8] \scale_r[4] [8] \scale_r[4] [8] \scale_r[4] [8] \scale_r[4] [8] \scale_r[4] [8] \scale_r[4] [8] \scale_r[4] [8] \scale_r[4] [8] \scale_r[4] [8] \scale_r[4] [8] \scale_r[4] [8] \scale_r[4] [8] \scale_r[4] [8] \scale_r[4] } (23x23 bits, signed)
  add { \o_lo [55] \o_lo [55] \o_lo [55] \o_lo [55] \o_lo [55] \o_lo [55] \o_lo [55] \o_lo [55] \o_lo [55] \o_lo [55] \o_lo [55] \o_lo [55] \o_lo [55] \o_lo [55] \o_lo [55] \o_lo [55:48] } * { \scale_r[4] [8] \scale_r[4] [8] \scale_r[4] [8] \scale_r[4] [8] \scale_r[4] [8] \scale_r[4] [8] \scale_r[4] [8] \scale_r[4] [8] \scale_r[4] [8] \scale_r[4] [8] \scale_r[4] [8] \scale_r[4] [8] \scale_r[4] [8] \scale_r[4] [8] \scale_r[4] } (23x23 bits, signed)
  add { \o_lo [63] \o_lo [63] \o_lo [63] \o_lo [63] \o_lo [63] \o_lo [63] \o_lo [63] \o_lo [63] \o_lo [63] \o_lo [63] \o_lo [63] \o_lo [63] \o_lo [63] \o_lo [63] \o_lo [63] \o_lo [63:56] } * { \scale_r[4] [8] \scale_r[4] [8] \scale_r[4] [8] \scale_r[4] [8] \scale_r[4] [8] \scale_r[4] [8] \scale_r[4] [8] \scale_r[4] [8] \scale_r[4] [8] \scale_r[4] [8] \scale_r[4] [8] \scale_r[4] [8] \scale_r[4] [8] \scale_r[4] [8] \scale_r[4] } (23x23 bits, signed)
  add { \o_hi [7] \o_hi [7] \o_hi [7] \o_hi [7] \o_hi [7] \o_hi [7] \o_hi [7] \o_hi [7] \o_hi [7] \o_hi [7] \o_hi [7] \o_hi [7] \o_hi [7] \o_hi [7] \o_hi [7] \o_hi [7:0] } * { \scale_r[4] [8] \scale_r[4] [8] \scale_r[4] [8] \scale_r[4] [8] \scale_r[4] [8] \scale_r[4] [8] \scale_r[4] [8] \scale_r[4] [8] \scale_r[4] [8] \scale_r[4] [8] \scale_r[4] [8] \scale_r[4] [8] \scale_r[4] [8] \scale_r[4] [8] \scale_r[4] } (23x23 bits, signed)
  add { \o_hi [15] \o_hi [15] \o_hi [15] \o_hi [15] \o_hi [15] \o_hi [15] \o_hi [15] \o_hi [15] \o_hi [15] \o_hi [15] \o_hi [15] \o_hi [15] \o_hi [15] \o_hi [15] \o_hi [15] \o_hi [15:8] } * { \scale_r[4] [8] \scale_r[4] [8] \scale_r[4] [8] \scale_r[4] [8] \scale_r[4] [8] \scale_r[4] [8] \scale_r[4] [8] \scale_r[4] [8] \scale_r[4] [8] \scale_r[4] [8] \scale_r[4] [8] \scale_r[4] [8] \scale_r[4] [8] \scale_r[4] [8] \scale_r[4] } (23x23 bits, signed)
  add { \o_hi [23] \o_hi [23] \o_hi [23] \o_hi [23] \o_hi [23] \o_hi [23] \o_hi [23] \o_hi [23] \o_hi [23] \o_hi [23] \o_hi [23] \o_hi [23] \o_hi [23] \o_hi [23] \o_hi [23] \o_hi [23:16] } * { \scale_r[4] [8] \scale_r[4] [8] \scale_r[4] [8] \scale_r[4] [8] \scale_r[4] [8] \scale_r[4] [8] \scale_r[4] [8] \scale_r[4] [8] \scale_r[4] [8] \scale_r[4] [8] \scale_r[4] [8] \scale_r[4] [8] \scale_r[4] [8] \scale_r[4] [8] \scale_r[4] } (23x23 bits, signed)
  add { \o_hi [31] \o_hi [31] \o_hi [31] \o_hi [31] \o_hi [31] \o_hi [31] \o_hi [31] \o_hi [31] \o_hi [31] \o_hi [31] \o_hi [31] \o_hi [31] \o_hi [31] \o_hi [31] \o_hi [31] \o_hi [31:24] } * { \scale_r[4] [8] \scale_r[4] [8] \scale_r[4] [8] \scale_r[4] [8] \scale_r[4] [8] \scale_r[4] [8] \scale_r[4] [8] \scale_r[4] [8] \scale_r[4] [8] \scale_r[4] [8] \scale_r[4] [8] \scale_r[4] [8] \scale_r[4] [8] \scale_r[4] [8] \scale_r[4] } (23x23 bits, signed)
  add { \o_hi [39] \o_hi [39] \o_hi [39] \o_hi [39] \o_hi [39] \o_hi [39] \o_hi [39] \o_hi [39] \o_hi [39] \o_hi [39] \o_hi [39] \o_hi [39] \o_hi [39] \o_hi [39] \o_hi [39] \o_hi [39:32] } * { \scale_r[4] [8] \scale_r[4] [8] \scale_r[4] [8] \scale_r[4] [8] \scale_r[4] [8] \scale_r[4] [8] \scale_r[4] [8] \scale_r[4] [8] \scale_r[4] [8] \scale_r[4] [8] \scale_r[4] [8] \scale_r[4] [8] \scale_r[4] [8] \scale_r[4] [8] \scale_r[4] } (23x23 bits, signed)
  add { \o_hi [47] \o_hi [47] \o_hi [47] \o_hi [47] \o_hi [47] \o_hi [47] \o_hi [47] \o_hi [47] \o_hi [47] \o_hi [47] \o_hi [47] \o_hi [47] \o_hi [47] \o_hi [47] \o_hi [47] \o_hi [47:40] } * { \scale_r[4] [8] \scale_r[4] [8] \scale_r[4] [8] \scale_r[4] [8] \scale_r[4] [8] \scale_r[4] [8] \scale_r[4] [8] \scale_r[4] [8] \scale_r[4] [8] \scale_r[4] [8] \scale_r[4] [8] \scale_r[4] [8] \scale_r[4] [8] \scale_r[4] [8] \scale_r[4] } (23x23 bits, signed)
  add { \o_hi [55] \o_hi [55] \o_hi [55] \o_hi [55] \o_hi [55] \o_hi [55] \o_hi [55] \o_hi [55] \o_hi [55] \o_hi [55] \o_hi [55] \o_hi [55] \o_hi [55] \o_hi [55] \o_hi [55] \o_hi [55:48] } * { \scale_r[4] [8] \scale_r[4] [8] \scale_r[4] [8] \scale_r[4] [8] \scale_r[4] [8] \scale_r[4] [8] \scale_r[4] [8] \scale_r[4] [8] \scale_r[4] [8] \scale_r[4] [8] \scale_r[4] [8] \scale_r[4] [8] \scale_r[4] [8] \scale_r[4] [8] \scale_r[4] } (23x23 bits, signed)
  add { \o_hi [63] \o_hi [63] \o_hi [63] \o_hi [63] \o_hi [63] \o_hi [63] \o_hi [63] \o_hi [63] \o_hi [63] \o_hi [63] \o_hi [63] \o_hi [63] \o_hi [63] \o_hi [63] \o_hi [63] \o_hi [63:56] } * { \scale_r[4] [8] \scale_r[4] [8] \scale_r[4] [8] \scale_r[4] [8] \scale_r[4] [8] \scale_r[4] [8] \scale_r[4] [8] \scale_r[4] [8] \scale_r[4] [8] \scale_r[4] [8] \scale_r[4] [8] \scale_r[4] [8] \scale_r[4] [8] \scale_r[4] [8] \scale_r[4] } (23x23 bits, signed)
Using template $paramod$381d5ac9ce4d79feb95fa03ade8f84c5a58bb3c0\_90_alu for cells of type $alu.
Using template $paramod$f2a3337f8be4f72f12f086eac58a9f6d30e48135\_90_alu for cells of type $alu.
Using template $paramod\_90_fa\WIDTH=32'00000000000000000000000000010000 for cells of type $fa.
Using template $paramod$6df0329addda9228fcc2546de2aaf14ad26c98e1\_90_alu for cells of type $alu.
Using template $paramod\_90_lcu\WIDTH=32'00000000000000000000000000010001 for cells of type $lcu.
Using template $paramod\_90_lcu\WIDTH=32'00000000000000000000000000010010 for cells of type $lcu.
Using template $paramod\_90_lcu\WIDTH=32'00000000000000000000000000010101 for cells of type $lcu.
Using template $paramod\_90_lcu\WIDTH=32'00000000000000000000000000000100 for cells of type $lcu.
Using template $paramod\_90_fa\WIDTH=32'00000000000000000000000000001001 for cells of type $fa.
Using template $paramod$d2fa05d38998afabc6d4f34471305d0af4b8b2df\_90_alu for cells of type $alu.
Using template $paramod\_90_lcu\WIDTH=32'00000000000000000000000000011001 for cells of type $lcu.
Using template $paramod\_90_fa\WIDTH=32'00000000000000000000000000010001 for cells of type $fa.
Using template $paramod$3bb72ad0665cdca279bbc49ed6a39f403f16497f\_90_alu for cells of type $alu.
Using template $paramod\_90_lcu\WIDTH=32'00000000000000000000000000010111 for cells of type $lcu.
Using template $paramod\_90_lcu\WIDTH=32'00000000000000000000000000000011 for cells of type $lcu.
Using template $paramod\_90_fa\WIDTH=32'00000000000000000000000000010111 for cells of type $fa.
Using template $paramod\_90_fa\WIDTH=32'00000000000000000000000000010110 for cells of type $fa.
Using template $paramod$448756c9a9dfaa49080ce4b90c6cc182883e181f\_90_alu for cells of type $alu.
Using template $paramod\_90_lcu\WIDTH=32'00000000000000000000000000001001 for cells of type $lcu.
Running "alumacc" on wrapper $extern:wrap:$add:A_SIGNED=1:A_WIDTH=16:B_SIGNED=1:B_WIDTH=16:Y_WIDTH=16:394426c56d1a028ba8fdd5469b163e04011def47.
Using template $extern:wrap:$add:A_SIGNED=1:A_WIDTH=16:B_SIGNED=1:B_WIDTH=16:Y_WIDTH=16:394426c56d1a028ba8fdd5469b163e04011def47 for cells of type $extern:wrap:$add:A_SIGNED=1:A_WIDTH=16:B_SIGNED=1:B_WIDTH=16:Y_WIDTH=16:394426c56d1a028ba8fdd5469b163e04011def47.
Running "alumacc" on wrapper $extern:wrap:$add:A_SIGNED=1:A_WIDTH=24:B_SIGNED=1:B_WIDTH=24:Y_WIDTH=24:394426c56d1a028ba8fdd5469b163e04011def47.
Using template $extern:wrap:$add:A_SIGNED=1:A_WIDTH=24:B_SIGNED=1:B_WIDTH=24:Y_WIDTH=24:394426c56d1a028ba8fdd5469b163e04011def47 for cells of type $extern:wrap:$add:A_SIGNED=1:A_WIDTH=24:B_SIGNED=1:B_WIDTH=24:Y_WIDTH=24:394426c56d1a028ba8fdd5469b163e04011def47.
Running "alumacc" on wrapper $extern:wrap:$gt:A_SIGNED=1:A_WIDTH=10:B_SIGNED=1:B_WIDTH=32:Y_WIDTH=1:394426c56d1a028ba8fdd5469b163e04011def47.
Using template $extern:wrap:$gt:A_SIGNED=1:A_WIDTH=10:B_SIGNED=1:B_WIDTH=32:Y_WIDTH=1:394426c56d1a028ba8fdd5469b163e04011def47 for cells of type $extern:wrap:$gt:A_SIGNED=1:A_WIDTH=10:B_SIGNED=1:B_WIDTH=32:Y_WIDTH=1:394426c56d1a028ba8fdd5469b163e04011def47.
Running "alumacc" on wrapper $extern:wrap:$lt:A_SIGNED=1:A_WIDTH=10:B_SIGNED=1:B_WIDTH=32:Y_WIDTH=1:394426c56d1a028ba8fdd5469b163e04011def47.
Using template $extern:wrap:$lt:A_SIGNED=1:A_WIDTH=10:B_SIGNED=1:B_WIDTH=32:Y_WIDTH=1:394426c56d1a028ba8fdd5469b163e04011def47 for cells of type $extern:wrap:$lt:A_SIGNED=1:A_WIDTH=10:B_SIGNED=1:B_WIDTH=32:Y_WIDTH=1:394426c56d1a028ba8fdd5469b163e04011def47.
Running "alumacc" on wrapper $extern:wrap:$mul:A_SIGNED=1:A_WIDTH=24:B_SIGNED=1:B_WIDTH=24:Y_WIDTH=24:394426c56d1a028ba8fdd5469b163e04011def47.
Using template $extern:wrap:$mul:A_SIGNED=1:A_WIDTH=24:B_SIGNED=1:B_WIDTH=24:Y_WIDTH=24:394426c56d1a028ba8fdd5469b163e04011def47 for cells of type $extern:wrap:$mul:A_SIGNED=1:A_WIDTH=24:B_SIGNED=1:B_WIDTH=24:Y_WIDTH=24:394426c56d1a028ba8fdd5469b163e04011def47.
  add { \s0 [7] \s0 [7] \s0 [7] \s0 [7] \s0 [7] \s0 [7] \s0 [7] \s0 [7] \s0 [7:0] } * { \alpha0[7] [7] \alpha0[7] [7] \alpha0[7] [7] \alpha0[7] [7] \alpha0[7] [7] \alpha0[7] [7] \alpha0[7] [7] \alpha0[7] [7] \alpha0[7] } (16x16 bits, signed)
  add { \beta0[0] [7] \beta0[0] [7] \beta0[0] [7] \beta0[0] [7] \beta0[0] [7] \beta0[0] [7] \beta0[0] [7] \beta0[0] [7] \beta0[0] } * { \k0[0] [7] \k0[0] [7] \k0[0] [7] \k0[0] [7] \k0[0] [7] \k0[0] [7] \k0[0] [7] \k0[0] [7] \k0[0] } (16x16 bits, signed)
  add { \s0 [15] \s0 [15] \s0 [15] \s0 [15] \s0 [15] \s0 [15] \s0 [15] \s0 [15] \s0 [15:8] } * { \alpha0[7] [7] \alpha0[7] [7] \alpha0[7] [7] \alpha0[7] [7] \alpha0[7] [7] \alpha0[7] [7] \alpha0[7] [7] \alpha0[7] [7] \alpha0[7] } (16x16 bits, signed)
  add { \s0 [23] \s0 [23] \s0 [23] \s0 [23] \s0 [23] \s0 [23] \s0 [23] \s0 [23] \s0 [23:16] } * { \alpha0[7] [7] \alpha0[7] [7] \alpha0[7] [7] \alpha0[7] [7] \alpha0[7] [7] \alpha0[7] [7] \alpha0[7] [7] \alpha0[7] [7] \alpha0[7] } (16x16 bits, signed)
  add { \s0 [31] \s0 [31] \s0 [31] \s0 [31] \s0 [31] \s0 [31] \s0 [31] \s0 [31] \s0 [31:24] } * { \alpha0[7] [7] \alpha0[7] [7] \alpha0[7] [7] \alpha0[7] [7] \alpha0[7] [7] \alpha0[7] [7] \alpha0[7] [7] \alpha0[7] [7] \alpha0[7] } (16x16 bits, signed)
  add { \s0 [39] \s0 [39] \s0 [39] \s0 [39] \s0 [39] \s0 [39] \s0 [39] \s0 [39] \s0 [39:32] } * { \alpha0[7] [7] \alpha0[7] [7] \alpha0[7] [7] \alpha0[7] [7] \alpha0[7] [7] \alpha0[7] [7] \alpha0[7] [7] \alpha0[7] [7] \alpha0[7] } (16x16 bits, signed)
  add { \s0 [47] \s0 [47] \s0 [47] \s0 [47] \s0 [47] \s0 [47] \s0 [47] \s0 [47] \s0 [47:40] } * { \alpha0[7] [7] \alpha0[7] [7] \alpha0[7] [7] \alpha0[7] [7] \alpha0[7] [7] \alpha0[7] [7] \alpha0[7] [7] \alpha0[7] [7] \alpha0[7] } (16x16 bits, signed)
  add { \s0 [55] \s0 [55] \s0 [55] \s0 [55] \s0 [55] \s0 [55] \s0 [55] \s0 [55] \s0 [55:48] } * { \alpha0[7] [7] \alpha0[7] [7] \alpha0[7] [7] \alpha0[7] [7] \alpha0[7] [7] \alpha0[7] [7] \alpha0[7] [7] \alpha0[7] [7] \alpha0[7] } (16x16 bits, signed)
  add { \s0 [63] \s0 [63] \s0 [63] \s0 [63] \s0 [63] \s0 [63] \s0 [63] \s0 [63] \s0 [63:56] } * { \alpha0[7] [7] \alpha0[7] [7] \alpha0[7] [7] \alpha0[7] [7] \alpha0[7] [7] \alpha0[7] [7] \alpha0[7] [7] \alpha0[7] [7] \alpha0[7] } (16x16 bits, signed)
  add { 9'000000000 \bk1[0] [7:0] } * { \d1 [7] \d1 [7] \d1 [7] \d1 [7] \d1 [7] \d1 [7] \d1 [7] \d1 [7] \d1 [7] \d1 [7:0] } (17x17 bits, signed)
  add { \bk1[0] [15] \bk1[0] [15] \bk1[0] [15] \bk1[0] [15] \bk1[0] [15] \bk1[0] [15] \bk1[0] [15] \bk1[0] [15] \bk1[0] [15:8] } * { \d1 [7] \d1 [7] \d1 [7] \d1 [7] \d1 [7] \d1 [7] \d1 [7] \d1 [7] \d1 [7:0] } (16x16 bits, signed)
  add { 9'000000000 \bk1[0] [7:0] } * { \d1 [15] \d1 [15] \d1 [15] \d1 [15] \d1 [15] \d1 [15] \d1 [15] \d1 [15] \d1 [15] \d1 [15:8] } (17x17 bits, signed)
  add { \bk1[0] [15] \bk1[0] [15] \bk1[0] [15] \bk1[0] [15] \bk1[0] [15] \bk1[0] [15] \bk1[0] [15] \bk1[0] [15] \bk1[0] [15:8] } * { \d1 [15] \d1 [15] \d1 [15] \d1 [15] \d1 [15] \d1 [15] \d1 [15] \d1 [15] \d1 [15:8] } (16x16 bits, signed)
  add { 9'000000000 \bk1[0] [7:0] } * { \d1 [23] \d1 [23] \d1 [23] \d1 [23] \d1 [23] \d1 [23] \d1 [23] \d1 [23] \d1 [23] \d1 [23:16] } (17x17 bits, signed)
  add { \bk1[0] [15] \bk1[0] [15] \bk1[0] [15] \bk1[0] [15] \bk1[0] [15] \bk1[0] [15] \bk1[0] [15] \bk1[0] [15] \bk1[0] [15:8] } * { \d1 [23] \d1 [23] \d1 [23] \d1 [23] \d1 [23] \d1 [23] \d1 [23] \d1 [23] \d1 [23:16] } (16x16 bits, signed)
  add { 9'000000000 \bk1[0] [7:0] } * { \d1 [31] \d1 [31] \d1 [31] \d1 [31] \d1 [31] \d1 [31] \d1 [31] \d1 [31] \d1 [31] \d1 [31:24] } (17x17 bits, signed)
  add { \bk1[0] [15] \bk1[0] [15] \bk1[0] [15] \bk1[0] [15] \bk1[0] [15] \bk1[0] [15] \bk1[0] [15] \bk1[0] [15] \bk1[0] [15:8] } * { \d1 [31] \d1 [31] \d1 [31] \d1 [31] \d1 [31] \d1 [31] \d1 [31] \d1 [31] \d1 [31:24] } (16x16 bits, signed)
  add { 9'000000000 \bk1[0] [7:0] } * { \d1 [39] \d1 [39] \d1 [39] \d1 [39] \d1 [39] \d1 [39] \d1 [39] \d1 [39] \d1 [39] \d1 [39:32] } (17x17 bits, signed)
  add { \bk1[0] [15] \bk1[0] [15] \bk1[0] [15] \bk1[0] [15] \bk1[0] [15] \bk1[0] [15] \bk1[0] [15] \bk1[0] [15] \bk1[0] [15:8] } * { \d1 [39] \d1 [39] \d1 [39] \d1 [39] \d1 [39] \d1 [39] \d1 [39] \d1 [39] \d1 [39:32] } (16x16 bits, signed)
  add { 9'000000000 \bk1[0] [7:0] } * { \d1 [47] \d1 [47] \d1 [47] \d1 [47] \d1 [47] \d1 [47] \d1 [47] \d1 [47] \d1 [47] \d1 [47:40] } (17x17 bits, signed)
  add { \bk1[0] [15] \bk1[0] [15] \bk1[0] [15] \bk1[0] [15] \bk1[0] [15] \bk1[0] [15] \bk1[0] [15] \bk1[0] [15] \bk1[0] [15:8] } * { \d1 [47] \d1 [47] \d1 [47] \d1 [47] \d1 [47] \d1 [47] \d1 [47] \d1 [47] \d1 [47:40] } (16x16 bits, signed)
  add { 9'000000000 \bk1[0] [7:0] } * { \d1 [55] \d1 [55] \d1 [55] \d1 [55] \d1 [55] \d1 [55] \d1 [55] \d1 [55] \d1 [55] \d1 [55:48] } (17x17 bits, signed)
  add { \bk1[0] [15] \bk1[0] [15] \bk1[0] [15] \bk1[0] [15] \bk1[0] [15] \bk1[0] [15] \bk1[0] [15] \bk1[0] [15] \bk1[0] [15:8] } * { \d1 [55] \d1 [55] \d1 [55] \d1 [55] \d1 [55] \d1 [55] \d1 [55] \d1 [55] \d1 [55:48] } (16x16 bits, signed)
  add { 9'000000000 \bk1[0] [7:0] } * { \d1 [63] \d1 [63] \d1 [63] \d1 [63] \d1 [63] \d1 [63] \d1 [63] \d1 [63] \d1 [63] \d1 [63:56] } (17x17 bits, signed)
  add { \bk1[0] [15] \bk1[0] [15] \bk1[0] [15] \bk1[0] [15] \bk1[0] [15] \bk1[0] [15] \bk1[0] [15] \bk1[0] [15] \bk1[0] [15:8] } * { \d1 [63] \d1 [63] \d1 [63] \d1 [63] \d1 [63] \d1 [63] \d1 [63] \d1 [63] \d1 [63:56] } (16x16 bits, signed)
Using template $paramod$d4c0c20b0ee59f495e14575c4397dc0a6dd9e8e6\_90_alu for cells of type $alu.
Using template $paramod$59c4d9a723a469db99eee461ca4fdd9fae171b7b\_90_alu for cells of type $alu.
Using template $paramod$a77d4b6fbb68fb20c1bf15b8d79b6db75c48b7c2\_90_alu for cells of type $alu.
  add { \n4 [7] \n4 [7] \n4 [7] \n4 [7] \n4 [7] \n4 [7] \n4 [7] \n4 [7] \n4 [7] \n4 [7] \n4 [7] \n4 [7] \n4 [7] \n4 [7] \n4 [7] \n4 [7] \n4 [7:0] } * { \coef4[7] [7] \coef4[7] [7] \coef4[7] [7] \coef4[7] [7] \coef4[7] [7] \coef4[7] [7] \coef4[7] [7] \coef4[7] [7] \coef4[7] [7] \coef4[7] [7] \coef4[7] [7] \coef4[7] [7] \coef4[7] [7] \coef4[7] [7] \coef4[7] [7] \coef4[7] [7] \coef4[7] } (24x24 bits, signed)
  add { \n4 [15] \n4 [15] \n4 [15] \n4 [15] \n4 [15] \n4 [15] \n4 [15] \n4 [15] \n4 [15] \n4 [15] \n4 [15] \n4 [15] \n4 [15] \n4 [15] \n4 [15] \n4 [15] \n4 [15:8] } * { \coef4[7] [7] \coef4[7] [7] \coef4[7] [7] \coef4[7] [7] \coef4[7] [7] \coef4[7] [7] \coef4[7] [7] \coef4[7] [7] \coef4[7] [7] \coef4[7] [7] \coef4[7] [7] \coef4[7] [7] \coef4[7] [7] \coef4[7] [7] \coef4[7] [7] \coef4[7] [7] \coef4[7] } (24x24 bits, signed)
  add { \n4 [23] \n4 [23] \n4 [23] \n4 [23] \n4 [23] \n4 [23] \n4 [23] \n4 [23] \n4 [23] \n4 [23] \n4 [23] \n4 [23] \n4 [23] \n4 [23] \n4 [23] \n4 [23] \n4 [23:16] } * { \coef4[7] [7] \coef4[7] [7] \coef4[7] [7] \coef4[7] [7] \coef4[7] [7] \coef4[7] [7] \coef4[7] [7] \coef4[7] [7] \coef4[7] [7] \coef4[7] [7] \coef4[7] [7] \coef4[7] [7] \coef4[7] [7] \coef4[7] [7] \coef4[7] [7] \coef4[7] [7] \coef4[7] } (24x24 bits, signed)
  add { \n4 [31] \n4 [31] \n4 [31] \n4 [31] \n4 [31] \n4 [31] \n4 [31] \n4 [31] \n4 [31] \n4 [31] \n4 [31] \n4 [31] \n4 [31] \n4 [31] \n4 [31] \n4 [31] \n4 [31:24] } * { \coef4[7] [7] \coef4[7] [7] \coef4[7] [7] \coef4[7] [7] \coef4[7] [7] \coef4[7] [7] \coef4[7] [7] \coef4[7] [7] \coef4[7] [7] \coef4[7] [7] \coef4[7] [7] \coef4[7] [7] \coef4[7] [7] \coef4[7] [7] \coef4[7] [7] \coef4[7] [7] \coef4[7] } (24x24 bits, signed)
  add { \n4 [39] \n4 [39] \n4 [39] \n4 [39] \n4 [39] \n4 [39] \n4 [39] \n4 [39] \n4 [39] \n4 [39] \n4 [39] \n4 [39] \n4 [39] \n4 [39] \n4 [39] \n4 [39] \n4 [39:32] } * { \coef4[7] [7] \coef4[7] [7] \coef4[7] [7] \coef4[7] [7] \coef4[7] [7] \coef4[7] [7] \coef4[7] [7] \coef4[7] [7] \coef4[7] [7] \coef4[7] [7] \coef4[7] [7] \coef4[7] [7] \coef4[7] [7] \coef4[7] [7] \coef4[7] [7] \coef4[7] [7] \coef4[7] } (24x24 bits, signed)
  add { \n4 [47] \n4 [47] \n4 [47] \n4 [47] \n4 [47] \n4 [47] \n4 [47] \n4 [47] \n4 [47] \n4 [47] \n4 [47] \n4 [47] \n4 [47] \n4 [47] \n4 [47] \n4 [47] \n4 [47:40] } * { \coef4[7] [7] \coef4[7] [7] \coef4[7] [7] \coef4[7] [7] \coef4[7] [7] \coef4[7] [7] \coef4[7] [7] \coef4[7] [7] \coef4[7] [7] \coef4[7] [7] \coef4[7] [7] \coef4[7] [7] \coef4[7] [7] \coef4[7] [7] \coef4[7] [7] \coef4[7] [7] \coef4[7] } (24x24 bits, signed)
  add { \n4 [55] \n4 [55] \n4 [55] \n4 [55] \n4 [55] \n4 [55] \n4 [55] \n4 [55] \n4 [55] \n4 [55] \n4 [55] \n4 [55] \n4 [55] \n4 [55] \n4 [55] \n4 [55] \n4 [55:48] } * { \coef4[7] [7] \coef4[7] [7] \coef4[7] [7] \coef4[7] [7] \coef4[7] [7] \coef4[7] [7] \coef4[7] [7] \coef4[7] [7] \coef4[7] [7] \coef4[7] [7] \coef4[7] [7] \coef4[7] [7] \coef4[7] [7] \coef4[7] [7] \coef4[7] [7] \coef4[7] [7] \coef4[7] } (24x24 bits, signed)
  add { \n4 [63] \n4 [63] \n4 [63] \n4 [63] \n4 [63] \n4 [63] \n4 [63] \n4 [63] \n4 [63] \n4 [63] \n4 [63] \n4 [63] \n4 [63] \n4 [63] \n4 [63] \n4 [63] \n4 [63:56] } * { \coef4[7] [7] \coef4[7] [7] \coef4[7] [7] \coef4[7] [7] \coef4[7] [7] \coef4[7] [7] \coef4[7] [7] \coef4[7] [7] \coef4[7] [7] \coef4[7] [7] \coef4[7] [7] \coef4[7] [7] \coef4[7] [7] \coef4[7] [7] \coef4[7] [7] \coef4[7] [7] \coef4[7] } (24x24 bits, signed)
Using template $paramod\_90_lcu\WIDTH=32'00000000000000000000000000011000 for cells of type $lcu.
Using template $paramod\_90_fa\WIDTH=32'00000000000000000000000000011000 for cells of type $fa.
Using template $paramod$e82d3fc1811c5751348a3964470632b35a435fc7\_90_alu for cells of type $alu.
Using template $paramod$constmap:58564d6525e348329777b912cf0a6689980cae59$paramod$03e024f0deb04d375f77976d6db482ecf1dbe233\_90_shift_shiftx for cells of type $shiftx.
Using template $paramod$constmap:2a838203fab2ac718e2c7bc06e6cf80129c9e55f$paramod$b2292f7cda30688e5755860d52f70bdccf8250d4\_90_shift_shiftx for cells of type $shiftx.
Using template $paramod$constmap:755ef4d60df11e8f6f781c70dea9a3ab5b7b5122$paramod$deddd27697c96d8d77de4dd4ddc7e6726c4dca2c\_90_shift_shiftx for cells of type $shiftx.
Running "alumacc" on wrapper $extern:wrap:$sub:A_SIGNED=1:A_WIDTH=8:B_SIGNED=1:B_WIDTH=8:Y_WIDTH=9:394426c56d1a028ba8fdd5469b163e04011def47.
Using template $extern:wrap:$sub:A_SIGNED=1:A_WIDTH=8:B_SIGNED=1:B_WIDTH=8:Y_WIDTH=9:394426c56d1a028ba8fdd5469b163e04011def47 for cells of type $extern:wrap:$sub:A_SIGNED=1:A_WIDTH=8:B_SIGNED=1:B_WIDTH=8:Y_WIDTH=9:394426c56d1a028ba8fdd5469b163e04011def47.
Running "alumacc" on wrapper $extern:wrap:$gt:A_SIGNED=1:A_WIDTH=15:B_SIGNED=1:B_WIDTH=32:Y_WIDTH=1:394426c56d1a028ba8fdd5469b163e04011def47.
Using template $extern:wrap:$gt:A_SIGNED=1:A_WIDTH=15:B_SIGNED=1:B_WIDTH=32:Y_WIDTH=1:394426c56d1a028ba8fdd5469b163e04011def47 for cells of type $extern:wrap:$gt:A_SIGNED=1:A_WIDTH=15:B_SIGNED=1:B_WIDTH=32:Y_WIDTH=1:394426c56d1a028ba8fdd5469b163e04011def47.
Running "alumacc" on wrapper $extern:wrap:$lt:A_SIGNED=1:A_WIDTH=15:B_SIGNED=1:B_WIDTH=32:Y_WIDTH=1:394426c56d1a028ba8fdd5469b163e04011def47.
Using template $extern:wrap:$lt:A_SIGNED=1:A_WIDTH=15:B_SIGNED=1:B_WIDTH=32:Y_WIDTH=1:394426c56d1a028ba8fdd5469b163e04011def47 for cells of type $extern:wrap:$lt:A_SIGNED=1:A_WIDTH=15:B_SIGNED=1:B_WIDTH=32:Y_WIDTH=1:394426c56d1a028ba8fdd5469b163e04011def47.
Using template $paramod$aa21a8cfcdb2d038c61c16c25c37cdf209d597be\_90_pmux for cells of type $pmux.
Using template $paramod$015a55c975926991297d3998f8765dbf70c8d437\_90_pmux for cells of type $pmux.
Using template $paramod$c15e84c77f007506123baf6c4be45847f0e33a3b\_90_pmux for cells of type $pmux.
Using template $paramod$bf2533632d512eac76dd186c0da49367e29b8e98\_90_pmux for cells of type $pmux.
Using template $paramod$70d30c21ff772b34d0d1da2801fbd781dc3c70e4\_90_pmux for cells of type $pmux.
Using template $paramod$2b56901cf9690dfb2c2a776afc5906d80f9fb53a\_90_alu for cells of type $alu.
Using template $paramod$54a4503cc57b9df40b70c1899504d6aac2650719\_90_pmux for cells of type $pmux.
Running "alumacc" on wrapper $extern:wrap:$gt:A_SIGNED=1:A_WIDTH=24:B_SIGNED=1:B_WIDTH=24:Y_WIDTH=1:394426c56d1a028ba8fdd5469b163e04011def47.
Using template $extern:wrap:$gt:A_SIGNED=1:A_WIDTH=24:B_SIGNED=1:B_WIDTH=24:Y_WIDTH=1:394426c56d1a028ba8fdd5469b163e04011def47 for cells of type $extern:wrap:$gt:A_SIGNED=1:A_WIDTH=24:B_SIGNED=1:B_WIDTH=24:Y_WIDTH=1:394426c56d1a028ba8fdd5469b163e04011def47.
Running "alumacc" on wrapper $extern:wrap:$lt:A_SIGNED=1:A_WIDTH=24:B_SIGNED=1:B_WIDTH=24:Y_WIDTH=1:394426c56d1a028ba8fdd5469b163e04011def47.
Using template $extern:wrap:$lt:A_SIGNED=1:A_WIDTH=24:B_SIGNED=1:B_WIDTH=24:Y_WIDTH=1:394426c56d1a028ba8fdd5469b163e04011def47 for cells of type $extern:wrap:$lt:A_SIGNED=1:A_WIDTH=24:B_SIGNED=1:B_WIDTH=24:Y_WIDTH=1:394426c56d1a028ba8fdd5469b163e04011def47.
Running "alumacc" on wrapper $extern:wrap:$add:A_SIGNED=1:A_WIDTH=17:B_SIGNED=1:B_WIDTH=17:Y_WIDTH=17:394426c56d1a028ba8fdd5469b163e04011def47.
Using template $extern:wrap:$add:A_SIGNED=1:A_WIDTH=17:B_SIGNED=1:B_WIDTH=17:Y_WIDTH=17:394426c56d1a028ba8fdd5469b163e04011def47 for cells of type $extern:wrap:$add:A_SIGNED=1:A_WIDTH=17:B_SIGNED=1:B_WIDTH=17:Y_WIDTH=17:394426c56d1a028ba8fdd5469b163e04011def47.
Running "alumacc" on wrapper $extern:wrap:$add:A_SIGNED=1:A_WIDTH=18:B_SIGNED=1:B_WIDTH=18:Y_WIDTH=18:394426c56d1a028ba8fdd5469b163e04011def47.
Using template $extern:wrap:$add:A_SIGNED=1:A_WIDTH=18:B_SIGNED=1:B_WIDTH=18:Y_WIDTH=18:394426c56d1a028ba8fdd5469b163e04011def47 for cells of type $extern:wrap:$add:A_SIGNED=1:A_WIDTH=18:B_SIGNED=1:B_WIDTH=18:Y_WIDTH=18:394426c56d1a028ba8fdd5469b163e04011def47.
Running "alumacc" on wrapper $extern:wrap:$add:A_SIGNED=1:A_WIDTH=19:B_SIGNED=1:B_WIDTH=19:Y_WIDTH=19:394426c56d1a028ba8fdd5469b163e04011def47.
Using template $extern:wrap:$add:A_SIGNED=1:A_WIDTH=19:B_SIGNED=1:B_WIDTH=19:Y_WIDTH=19:394426c56d1a028ba8fdd5469b163e04011def47 for cells of type $extern:wrap:$add:A_SIGNED=1:A_WIDTH=19:B_SIGNED=1:B_WIDTH=19:Y_WIDTH=19:394426c56d1a028ba8fdd5469b163e04011def47.
Running "alumacc" on wrapper $extern:wrap:$add:A_SIGNED=1:A_WIDTH=20:B_SIGNED=1:B_WIDTH=20:Y_WIDTH=20:394426c56d1a028ba8fdd5469b163e04011def47.
Using template $extern:wrap:$add:A_SIGNED=1:A_WIDTH=20:B_SIGNED=1:B_WIDTH=20:Y_WIDTH=20:394426c56d1a028ba8fdd5469b163e04011def47 for cells of type $extern:wrap:$add:A_SIGNED=1:A_WIDTH=20:B_SIGNED=1:B_WIDTH=20:Y_WIDTH=20:394426c56d1a028ba8fdd5469b163e04011def47.
Running "alumacc" on wrapper $extern:wrap:$add:A_SIGNED=1:A_WIDTH=21:B_SIGNED=1:B_WIDTH=21:Y_WIDTH=21:394426c56d1a028ba8fdd5469b163e04011def47.
Using template $extern:wrap:$add:A_SIGNED=1:A_WIDTH=21:B_SIGNED=1:B_WIDTH=21:Y_WIDTH=21:394426c56d1a028ba8fdd5469b163e04011def47 for cells of type $extern:wrap:$add:A_SIGNED=1:A_WIDTH=21:B_SIGNED=1:B_WIDTH=21:Y_WIDTH=21:394426c56d1a028ba8fdd5469b163e04011def47.
Running "alumacc" on wrapper $extern:wrap:$gt:A_SIGNED=1:A_WIDTH=25:B_SIGNED=1:B_WIDTH=25:Y_WIDTH=1:394426c56d1a028ba8fdd5469b163e04011def47.
Using template $extern:wrap:$gt:A_SIGNED=1:A_WIDTH=25:B_SIGNED=1:B_WIDTH=25:Y_WIDTH=1:394426c56d1a028ba8fdd5469b163e04011def47 for cells of type $extern:wrap:$gt:A_SIGNED=1:A_WIDTH=25:B_SIGNED=1:B_WIDTH=25:Y_WIDTH=1:394426c56d1a028ba8fdd5469b163e04011def47.
Running "alumacc" on wrapper $extern:wrap:$lt:A_SIGNED=1:A_WIDTH=25:B_SIGNED=1:B_WIDTH=25:Y_WIDTH=1:394426c56d1a028ba8fdd5469b163e04011def47.
Using template $extern:wrap:$lt:A_SIGNED=1:A_WIDTH=25:B_SIGNED=1:B_WIDTH=25:Y_WIDTH=1:394426c56d1a028ba8fdd5469b163e04011def47 for cells of type $extern:wrap:$lt:A_SIGNED=1:A_WIDTH=25:B_SIGNED=1:B_WIDTH=25:Y_WIDTH=1:394426c56d1a028ba8fdd5469b163e04011def47.
  add { \weights [7] \weights [7] \weights [7] \weights [7] \weights [7] \weights [7] \weights [7] \weights [7] \weights [7:0] } * { \activations [7] \activations [7] \activations [7] \activations [7] \activations [7] \activations [7] \activations [7] \activations [7] \activations [7:0] } (16x16 bits, signed)
  add { \weights [15] \weights [15] \weights [15] \weights [15] \weights [15] \weights [15] \weights [15] \weights [15] \weights [15:8] } * { \activations [15] \activations [15] \activations [15] \activations [15] \activations [15] \activations [15] \activations [15] \activations [15] \activations [15:8] } (16x16 bits, signed)
  add { \weights [23] \weights [23] \weights [23] \weights [23] \weights [23] \weights [23] \weights [23] \weights [23] \weights [23:16] } * { \activations [23] \activations [23] \activations [23] \activations [23] \activations [23] \activations [23] \activations [23] \activations [23] \activations [23:16] } (16x16 bits, signed)
  add { \weights [31] \weights [31] \weights [31] \weights [31] \weights [31] \weights [31] \weights [31] \weights [31] \weights [31:24] } * { \activations [31] \activations [31] \activations [31] \activations [31] \activations [31] \activations [31] \activations [31] \activations [31] \activations [31:24] } (16x16 bits, signed)
  add { \weights [39] \weights [39] \weights [39] \weights [39] \weights [39] \weights [39] \weights [39] \weights [39] \weights [39:32] } * { \activations [39] \activations [39] \activations [39] \activations [39] \activations [39] \activations [39] \activations [39] \activations [39] \activations [39:32] } (16x16 bits, signed)
  add { \weights [47] \weights [47] \weights [47] \weights [47] \weights [47] \weights [47] \weights [47] \weights [47] \weights [47:40] } * { \activations [47] \activations [47] \activations [47] \activations [47] \activations [47] \activations [47] \activations [47] \activations [47] \activations [47:40] } (16x16 bits, signed)
  add { \weights [55] \weights [55] \weights [55] \weights [55] \weights [55] \weights [55] \weights [55] \weights [55] \weights [55:48] } * { \activations [55] \activations [55] \activations [55] \activations [55] \activations [55] \activations [55] \activations [55] \activations [55] \activations [55:48] } (16x16 bits, signed)
  add { \weights [63] \weights [63] \weights [63] \weights [63] \weights [63] \weights [63] \weights [63] \weights [63] \weights [63:56] } * { \activations [63] \activations [63] \activations [63] \activations [63] \activations [63] \activations [63] \activations [63] \activations [63] \activations [63:56] } (16x16 bits, signed)
  add { \weights [71] \weights [71] \weights [71] \weights [71] \weights [71] \weights [71] \weights [71] \weights [71] \weights [71:64] } * { \activations [71] \activations [71] \activations [71] \activations [71] \activations [71] \activations [71] \activations [71] \activations [71] \activations [71:64] } (16x16 bits, signed)
  add { \weights [79] \weights [79] \weights [79] \weights [79] \weights [79] \weights [79] \weights [79] \weights [79] \weights [79:72] } * { \activations [79] \activations [79] \activations [79] \activations [79] \activations [79] \activations [79] \activations [79] \activations [79] \activations [79:72] } (16x16 bits, signed)
  add { \weights [87] \weights [87] \weights [87] \weights [87] \weights [87] \weights [87] \weights [87] \weights [87] \weights [87:80] } * { \activations [87] \activations [87] \activations [87] \activations [87] \activations [87] \activations [87] \activations [87] \activations [87] \activations [87:80] } (16x16 bits, signed)
  add { \weights [95] \weights [95] \weights [95] \weights [95] \weights [95] \weights [95] \weights [95] \weights [95] \weights [95:88] } * { \activations [95] \activations [95] \activations [95] \activations [95] \activations [95] \activations [95] \activations [95] \activations [95] \activations [95:88] } (16x16 bits, signed)
  add { \weights [103] \weights [103] \weights [103] \weights [103] \weights [103] \weights [103] \weights [103] \weights [103] \weights [103:96] } * { \activations [103] \activations [103] \activations [103] \activations [103] \activations [103] \activations [103] \activations [103] \activations [103] \activations [103:96] } (16x16 bits, signed)
  add { \weights [111] \weights [111] \weights [111] \weights [111] \weights [111] \weights [111] \weights [111] \weights [111] \weights [111:104] } * { \activations [111] \activations [111] \activations [111] \activations [111] \activations [111] \activations [111] \activations [111] \activations [111] \activations [111:104] } (16x16 bits, signed)
  add { \weights [119] \weights [119] \weights [119] \weights [119] \weights [119] \weights [119] \weights [119] \weights [119] \weights [119:112] } * { \activations [119] \activations [119] \activations [119] \activations [119] \activations [119] \activations [119] \activations [119] \activations [119] \activations [119:112] } (16x16 bits, signed)
  add { \weights [127] \weights [127] \weights [127] \weights [127] \weights [127] \weights [127] \weights [127] \weights [127] \weights [127:120] } * { \activations [127] \activations [127] \activations [127] \activations [127] \activations [127] \activations [127] \activations [127] \activations [127] \activations [127:120] } (16x16 bits, signed)
  add { \weights [135] \weights [135] \weights [135] \weights [135] \weights [135] \weights [135] \weights [135] \weights [135] \weights [135:128] } * { \activations [135] \activations [135] \activations [135] \activations [135] \activations [135] \activations [135] \activations [135] \activations [135] \activations [135:128] } (16x16 bits, signed)
  add { \weights [143] \weights [143] \weights [143] \weights [143] \weights [143] \weights [143] \weights [143] \weights [143] \weights [143:136] } * { \activations [143] \activations [143] \activations [143] \activations [143] \activations [143] \activations [143] \activations [143] \activations [143] \activations [143:136] } (16x16 bits, signed)
  add { \weights [151] \weights [151] \weights [151] \weights [151] \weights [151] \weights [151] \weights [151] \weights [151] \weights [151:144] } * { \activations [151] \activations [151] \activations [151] \activations [151] \activations [151] \activations [151] \activations [151] \activations [151] \activations [151:144] } (16x16 bits, signed)
  add { \weights [159] \weights [159] \weights [159] \weights [159] \weights [159] \weights [159] \weights [159] \weights [159] \weights [159:152] } * { \activations [159] \activations [159] \activations [159] \activations [159] \activations [159] \activations [159] \activations [159] \activations [159] \activations [159:152] } (16x16 bits, signed)
  add { \weights [167] \weights [167] \weights [167] \weights [167] \weights [167] \weights [167] \weights [167] \weights [167] \weights [167:160] } * { \activations [167] \activations [167] \activations [167] \activations [167] \activations [167] \activations [167] \activations [167] \activations [167] \activations [167:160] } (16x16 bits, signed)
  add { \weights [175] \weights [175] \weights [175] \weights [175] \weights [175] \weights [175] \weights [175] \weights [175] \weights [175:168] } * { \activations [175] \activations [175] \activations [175] \activations [175] \activations [175] \activations [175] \activations [175] \activations [175] \activations [175:168] } (16x16 bits, signed)
  add { \weights [183] \weights [183] \weights [183] \weights [183] \weights [183] \weights [183] \weights [183] \weights [183] \weights [183:176] } * { \activations [183] \activations [183] \activations [183] \activations [183] \activations [183] \activations [183] \activations [183] \activations [183] \activations [183:176] } (16x16 bits, signed)
  add { \weights [191] \weights [191] \weights [191] \weights [191] \weights [191] \weights [191] \weights [191] \weights [191] \weights [191:184] } * { \activations [191] \activations [191] \activations [191] \activations [191] \activations [191] \activations [191] \activations [191] \activations [191] \activations [191:184] } (16x16 bits, signed)
  add { \weights [199] \weights [199] \weights [199] \weights [199] \weights [199] \weights [199] \weights [199] \weights [199] \weights [199:192] } * { \activations [199] \activations [199] \activations [199] \activations [199] \activations [199] \activations [199] \activations [199] \activations [199] \activations [199:192] } (16x16 bits, signed)
  add { \weights [207] \weights [207] \weights [207] \weights [207] \weights [207] \weights [207] \weights [207] \weights [207] \weights [207:200] } * { \activations [207] \activations [207] \activations [207] \activations [207] \activations [207] \activations [207] \activations [207] \activations [207] \activations [207:200] } (16x16 bits, signed)
  add { \weights [215] \weights [215] \weights [215] \weights [215] \weights [215] \weights [215] \weights [215] \weights [215] \weights [215:208] } * { \activations [215] \activations [215] \activations [215] \activations [215] \activations [215] \activations [215] \activations [215] \activations [215] \activations [215:208] } (16x16 bits, signed)
  add { \weights [223] \weights [223] \weights [223] \weights [223] \weights [223] \weights [223] \weights [223] \weights [223] \weights [223:216] } * { \activations [223] \activations [223] \activations [223] \activations [223] \activations [223] \activations [223] \activations [223] \activations [223] \activations [223:216] } (16x16 bits, signed)
  add { \weights [231] \weights [231] \weights [231] \weights [231] \weights [231] \weights [231] \weights [231] \weights [231] \weights [231:224] } * { \activations [231] \activations [231] \activations [231] \activations [231] \activations [231] \activations [231] \activations [231] \activations [231] \activations [231:224] } (16x16 bits, signed)
  add { \weights [239] \weights [239] \weights [239] \weights [239] \weights [239] \weights [239] \weights [239] \weights [239] \weights [239:232] } * { \activations [239] \activations [239] \activations [239] \activations [239] \activations [239] \activations [239] \activations [239] \activations [239] \activations [239:232] } (16x16 bits, signed)
  add { \weights [247] \weights [247] \weights [247] \weights [247] \weights [247] \weights [247] \weights [247] \weights [247] \weights [247:240] } * { \activations [247] \activations [247] \activations [247] \activations [247] \activations [247] \activations [247] \activations [247] \activations [247] \activations [247:240] } (16x16 bits, signed)
  add { \weights [255] \weights [255] \weights [255] \weights [255] \weights [255] \weights [255] \weights [255] \weights [255] \weights [255:248] } * { \activations [255] \activations [255] \activations [255] \activations [255] \activations [255] \activations [255] \activations [255] \activations [255] \activations [255:248] } (16x16 bits, signed)
Using template $paramod$0f9ec1a5c604af8320b4d806039a9d64938c6a2d\_90_alu for cells of type $alu.
Using template $paramod$fbcf46ed94b87f5a0d4aa07686f54f8c76ced033\_90_alu for cells of type $alu.
Using template $paramod$9d92d9dc151dbab08565f1703e01353e5077d1c4\_90_alu for cells of type $alu.
Using template $paramod$c5b9a035a8d3d1a42a45840811b1f11f19722d80\_90_alu for cells of type $alu.
Using template $paramod$3b06eefc8dea78b8ecb973607d157a935327a20e\_90_alu for cells of type $alu.
Using template $paramod$ae068143118b2c7ad06ddb43e871987ed45d3ca7\_90_alu for cells of type $alu.
Using template $paramod\_90_lcu\WIDTH=32'00000000000000000000000000010011 for cells of type $lcu.
Using template $paramod\_90_lcu\WIDTH=32'00000000000000000000000000010100 for cells of type $lcu.
Using template $paramod$constmap:5e7469752f59dbc8bef3c04feacb4249f7e16ad2$paramod$409781814c91f00d9cc7cbbb6c4394c1e0dab276\_90_shift_shiftx for cells of type $shift.
Analyzing pattern of constant bits for this cell:
Creating constmapped module `$paramod$constmap:656a22200df5fab3b4703ef18f7274dc5c301761$paramod$409781814c91f00d9cc7cbbb6c4394c1e0dab276\_90_shift_shiftx'.

21.312. Executing OPT_MUXTREE pass (detect dead branches in mux trees).
Running muxtree optimizer on module $paramod$constmap:656a22200df5fab3b4703ef18f7274dc5c301761$paramod$409781814c91f00d9cc7cbbb6c4394c1e0dab276\_90_shift_shiftx..
  Creating internal representation of mux trees.
  Evaluating internal representation of mux trees.
  Analyzing evaluation results.
    dead port 2/2 on $mux $procmux$370104.
    dead port 2/2 on $mux $procmux$370098.
    dead port 2/2 on $mux $procmux$370092.
    dead port 2/2 on $mux $procmux$370086.
    dead port 2/2 on $mux $procmux$370080.
    dead port 2/2 on $mux $procmux$370074.
    dead port 2/2 on $mux $procmux$370068.
Removed 7 multiplexer ports.
<suppressed ~73907 debug messages>

21.313. Executing OPT_EXPR pass (perform const folding).
Optimizing module $paramod$constmap:656a22200df5fab3b4703ef18f7274dc5c301761$paramod$409781814c91f00d9cc7cbbb6c4394c1e0dab276\_90_shift_shiftx.
<suppressed ~27 debug messages>
Removed 0 unused cells and 12 unused wires.
Using template $paramod$constmap:656a22200df5fab3b4703ef18f7274dc5c301761$paramod$409781814c91f00d9cc7cbbb6c4394c1e0dab276\_90_shift_shiftx for cells of type $shift.
Running "alumacc" on wrapper $extern:wrap:$mul:A_SIGNED=1:A_WIDTH=8:B_SIGNED=1:B_WIDTH=16:Y_WIDTH=16:394426c56d1a028ba8fdd5469b163e04011def47.
Using template $extern:wrap:$mul:A_SIGNED=1:A_WIDTH=8:B_SIGNED=1:B_WIDTH=16:Y_WIDTH=16:394426c56d1a028ba8fdd5469b163e04011def47 for cells of type $extern:wrap:$mul:A_SIGNED=1:A_WIDTH=8:B_SIGNED=1:B_WIDTH=16:Y_WIDTH=16:394426c56d1a028ba8fdd5469b163e04011def47.
Running "alumacc" on wrapper $extern:wrap:$add:A_SIGNED=1:A_WIDTH=16:B_SIGNED=1:B_WIDTH=16:Y_WIDTH=17:394426c56d1a028ba8fdd5469b163e04011def47.
Using template $extern:wrap:$add:A_SIGNED=1:A_WIDTH=16:B_SIGNED=1:B_WIDTH=16:Y_WIDTH=17:394426c56d1a028ba8fdd5469b163e04011def47 for cells of type $extern:wrap:$add:A_SIGNED=1:A_WIDTH=16:B_SIGNED=1:B_WIDTH=16:Y_WIDTH=17:394426c56d1a028ba8fdd5469b163e04011def47.
Running "alumacc" on wrapper $extern:wrap:$add:A_SIGNED=1:A_WIDTH=17:B_SIGNED=1:B_WIDTH=17:Y_WIDTH=18:394426c56d1a028ba8fdd5469b163e04011def47.
Using template $extern:wrap:$add:A_SIGNED=1:A_WIDTH=17:B_SIGNED=1:B_WIDTH=17:Y_WIDTH=18:394426c56d1a028ba8fdd5469b163e04011def47 for cells of type $extern:wrap:$add:A_SIGNED=1:A_WIDTH=17:B_SIGNED=1:B_WIDTH=17:Y_WIDTH=18:394426c56d1a028ba8fdd5469b163e04011def47.
Running "alumacc" on wrapper $extern:wrap:$le:A_SIGNED=1:A_WIDTH=8:B_SIGNED=1:B_WIDTH=32:Y_WIDTH=1:394426c56d1a028ba8fdd5469b163e04011def47.
Using template $extern:wrap:$le:A_SIGNED=1:A_WIDTH=8:B_SIGNED=1:B_WIDTH=32:Y_WIDTH=1:394426c56d1a028ba8fdd5469b163e04011def47 for cells of type $extern:wrap:$le:A_SIGNED=1:A_WIDTH=8:B_SIGNED=1:B_WIDTH=32:Y_WIDTH=1:394426c56d1a028ba8fdd5469b163e04011def47.
Running "alumacc" on wrapper $extern:wrap:$gt:A_SIGNED=1:A_WIDTH=8:B_SIGNED=1:B_WIDTH=32:Y_WIDTH=1:394426c56d1a028ba8fdd5469b163e04011def47.
Using template $extern:wrap:$gt:A_SIGNED=1:A_WIDTH=8:B_SIGNED=1:B_WIDTH=32:Y_WIDTH=1:394426c56d1a028ba8fdd5469b163e04011def47 for cells of type $extern:wrap:$gt:A_SIGNED=1:A_WIDTH=8:B_SIGNED=1:B_WIDTH=32:Y_WIDTH=1:394426c56d1a028ba8fdd5469b163e04011def47.
Running "alumacc" on wrapper $extern:wrap:$add:A_SIGNED=1:A_WIDTH=8:B_SIGNED=1:B_WIDTH=8:Y_WIDTH=8:394426c56d1a028ba8fdd5469b163e04011def47.
Using template $extern:wrap:$add:A_SIGNED=1:A_WIDTH=8:B_SIGNED=1:B_WIDTH=8:Y_WIDTH=8:394426c56d1a028ba8fdd5469b163e04011def47 for cells of type $extern:wrap:$add:A_SIGNED=1:A_WIDTH=8:B_SIGNED=1:B_WIDTH=8:Y_WIDTH=8:394426c56d1a028ba8fdd5469b163e04011def47.
Running "alumacc" on wrapper $extern:wrap:$lt:A_SIGNED=1:A_WIDTH=8:B_SIGNED=1:B_WIDTH=32:Y_WIDTH=1:394426c56d1a028ba8fdd5469b163e04011def47.
Using template $extern:wrap:$lt:A_SIGNED=1:A_WIDTH=8:B_SIGNED=1:B_WIDTH=32:Y_WIDTH=1:394426c56d1a028ba8fdd5469b163e04011def47 for cells of type $extern:wrap:$lt:A_SIGNED=1:A_WIDTH=8:B_SIGNED=1:B_WIDTH=32:Y_WIDTH=1:394426c56d1a028ba8fdd5469b163e04011def47.
  add { \alpha_w [7] \alpha_w [7] \alpha_w [7] \alpha_w [7] \alpha_w [7] \alpha_w [7] \alpha_w [7] \alpha_w [7] \alpha_w [7:0] } * \x (16x8 bits, signed)
  add { \alpha_w [15] \alpha_w [15] \alpha_w [15] \alpha_w [15] \alpha_w [15] \alpha_w [15] \alpha_w [15] \alpha_w [15] \alpha_w [15:8] } * \x (16x8 bits, signed)
  add { \alpha_w [23] \alpha_w [23] \alpha_w [23] \alpha_w [23] \alpha_w [23] \alpha_w [23] \alpha_w [23] \alpha_w [23] \alpha_w [23:16] } * \x (16x8 bits, signed)
  add { \alpha_w [31] \alpha_w [31] \alpha_w [31] \alpha_w [31] \alpha_w [31] \alpha_w [31] \alpha_w [31] \alpha_w [31] \alpha_w [31:24] } * \x (16x8 bits, signed)
  add { \beta_w [7] \beta_w [7] \beta_w [7] \beta_w [7] \beta_w [7] \beta_w [7] \beta_w [7] \beta_w [7] \beta_w [7:0] } * \x (16x8 bits, signed)
  add { \beta_w [15] \beta_w [15] \beta_w [15] \beta_w [15] \beta_w [15] \beta_w [15] \beta_w [15] \beta_w [15] \beta_w [15:8] } * \x (16x8 bits, signed)
  add { \beta_w [23] \beta_w [23] \beta_w [23] \beta_w [23] \beta_w [23] \beta_w [23] \beta_w [23] \beta_w [23] \beta_w [23:16] } * \x (16x8 bits, signed)
  add { \beta_w [31] \beta_w [31] \beta_w [31] \beta_w [31] \beta_w [31] \beta_w [31] \beta_w [31] \beta_w [31] \beta_w [31:24] } * \x (16x8 bits, signed)
Using template $paramod$2470b7ea32c975a55c3ab8b283381b72d09e16d3\_90_alu for cells of type $alu.
Using template $paramod$5e21cfa2ff6d644e10a0fc1dcdb22e5eb183bcd3\_90_alu for cells of type $alu.
Using template $paramod$8fdcfe020be5e507ba05385ffd706e02b549d39d\_90_alu for cells of type $alu.
Using template $paramod$08c2d337fba0d8fba53e35b89be96dd105931d9e\_90_alu for cells of type $alu.
Using template $paramod\_90_lcu\WIDTH=32'00000000000000000000000000001000 for cells of type $lcu.
No more expansions possible.
<suppressed ~3574 debug messages>

22. Executing OPT_CLEAN pass (remove unused cells and wires).
Finding unused cells or wires in module \activation_sram..
Finding unused cells or wires in module \conv_unit_serial..
Finding unused cells or wires in module \intermediate_sram..
Finding unused cells or wires in module \mac_array_16x16..
Finding unused cells or wires in module \requant..
Finding unused cells or wires in module \state_sram..
Finding unused cells or wires in module \state_stream_controller..
Finding unused cells or wires in module \state_word_engine..
Finding unused cells or wires in module \streaming_norm..
Finding unused cells or wires in module \weight_sram..
Finding unused cells or wires in module \x7_controller..
Finding unused cells or wires in module \x7_top..
Removed 52667 unused cells and 41253 unused wires.
<suppressed ~52679 debug messages>

23. Executing DFFLIBMAP pass (mapping DFF cells to sequential cells from liberty file).
Warning: Found unsupported expression 'SE*SI+D*!SE' in pin attribute of cell 'SDFFRS_X1' - skipping.
Warning: Found unsupported expression 'SE*SI+D*!SE' in pin attribute of cell 'SDFFRS_X2' - skipping.
Warning: Found unsupported expression 'SE*SI+D*!SE' in pin attribute of cell 'SDFFR_X1' - skipping.
Warning: Found unsupported expression 'SE*SI+D*!SE' in pin attribute of cell 'SDFFR_X2' - skipping.
Warning: Found unsupported expression 'SE*SI+D*!SE' in pin attribute of cell 'SDFFS_X1' - skipping.
Warning: Found unsupported expression 'SE*SI+D*!SE' in pin attribute of cell 'SDFFS_X2' - skipping.
Warning: Found unsupported expression 'SE*SI+D*!SE' in pin attribute of cell 'SDFF_X1' - skipping.
Warning: Found unsupported expression 'SE*SI+D*!SE' in pin attribute of cell 'SDFF_X2' - skipping.
  cell DFF_X1 (noninv, pins=4, area=4.52) is a direct match for cell type $_DFF_P_.
Warning: Found unsupported expression 'SE*SI+D*!SE' in pin attribute of cell 'SDFFRS_X1' - skipping.
Warning: Found unsupported expression 'SE*SI+D*!SE' in pin attribute of cell 'SDFFRS_X2' - skipping.
Warning: Found unsupported expression 'SE*SI+D*!SE' in pin attribute of cell 'SDFFR_X1' - skipping.
Warning: Found unsupported expression 'SE*SI+D*!SE' in pin attribute of cell 'SDFFR_X2' - skipping.
Warning: Found unsupported expression 'SE*SI+D*!SE' in pin attribute of cell 'SDFFS_X1' - skipping.
Warning: Found unsupported expression 'SE*SI+D*!SE' in pin attribute of cell 'SDFFS_X2' - skipping.
Warning: Found unsupported expression 'SE*SI+D*!SE' in pin attribute of cell 'SDFF_X1' - skipping.
Warning: Found unsupported expression 'SE*SI+D*!SE' in pin attribute of cell 'SDFF_X2' - skipping.
  cell DFFR_X1 (noninv, pins=5, area=5.32) is a direct match for cell type $_DFF_PN0_.
Warning: Found unsupported expression 'SE*SI+D*!SE' in pin attribute of cell 'SDFFRS_X1' - skipping.
Warning: Found unsupported expression 'SE*SI+D*!SE' in pin attribute of cell 'SDFFRS_X2' - skipping.
Warning: Found unsupported expression 'SE*SI+D*!SE' in pin attribute of cell 'SDFFR_X1' - skipping.
Warning: Found unsupported expression 'SE*SI+D*!SE' in pin attribute of cell 'SDFFR_X2' - skipping.
Warning: Found unsupported expression 'SE*SI+D*!SE' in pin attribute of cell 'SDFFS_X1' - skipping.
Warning: Found unsupported expression 'SE*SI+D*!SE' in pin attribute of cell 'SDFFS_X2' - skipping.
Warning: Found unsupported expression 'SE*SI+D*!SE' in pin attribute of cell 'SDFF_X1' - skipping.
Warning: Found unsupported expression 'SE*SI+D*!SE' in pin attribute of cell 'SDFF_X2' - skipping.
  cell DFFS_X1 (noninv, pins=5, area=5.32) is a direct match for cell type $_DFF_PN1_.
Warning: Found unsupported expression 'SE*SI+D*!SE' in pin attribute of cell 'SDFFRS_X1' - skipping.
Warning: Found unsupported expression 'SE*SI+D*!SE' in pin attribute of cell 'SDFFRS_X2' - skipping.
Warning: Found unsupported expression 'SE*SI+D*!SE' in pin attribute of cell 'SDFFR_X1' - skipping.
Warning: Found unsupported expression 'SE*SI+D*!SE' in pin attribute of cell 'SDFFR_X2' - skipping.
Warning: Found unsupported expression 'SE*SI+D*!SE' in pin attribute of cell 'SDFFS_X1' - skipping.
Warning: Found unsupported expression 'SE*SI+D*!SE' in pin attribute of cell 'SDFFS_X2' - skipping.
Warning: Found unsupported expression 'SE*SI+D*!SE' in pin attribute of cell 'SDFF_X1' - skipping.
Warning: Found unsupported expression 'SE*SI+D*!SE' in pin attribute of cell 'SDFF_X2' - skipping.
Warning: Found unsupported expression 'SE*SI+D*!SE' in pin attribute of cell 'SDFFRS_X1' - skipping.
Warning: Found unsupported expression 'SE*SI+D*!SE' in pin attribute of cell 'SDFFRS_X2' - skipping.
Warning: Found unsupported expression 'SE*SI+D*!SE' in pin attribute of cell 'SDFFR_X1' - skipping.
Warning: Found unsupported expression 'SE*SI+D*!SE' in pin attribute of cell 'SDFFR_X2' - skipping.
Warning: Found unsupported expression 'SE*SI+D*!SE' in pin attribute of cell 'SDFFS_X1' - skipping.
Warning: Found unsupported expression 'SE*SI+D*!SE' in pin attribute of cell 'SDFFS_X2' - skipping.
Warning: Found unsupported expression 'SE*SI+D*!SE' in pin attribute of cell 'SDFF_X1' - skipping.
Warning: Found unsupported expression 'SE*SI+D*!SE' in pin attribute of cell 'SDFF_X2' - skipping.
Warning: Found unsupported expression 'SE*SI+D*!SE' in pin attribute of cell 'SDFFRS_X1' - skipping.
Warning: Found unsupported expression 'SE*SI+D*!SE' in pin attribute of cell 'SDFFRS_X2' - skipping.
Warning: Found unsupported expression 'SE*SI+D*!SE' in pin attribute of cell 'SDFFR_X1' - skipping.
Warning: Found unsupported expression 'SE*SI+D*!SE' in pin attribute of cell 'SDFFR_X2' - skipping.
Warning: Found unsupported expression 'SE*SI+D*!SE' in pin attribute of cell 'SDFFS_X1' - skipping.
Warning: Found unsupported expression 'SE*SI+D*!SE' in pin attribute of cell 'SDFFS_X2' - skipping.
Warning: Found unsupported expression 'SE*SI+D*!SE' in pin attribute of cell 'SDFF_X1' - skipping.
Warning: Found unsupported expression 'SE*SI+D*!SE' in pin attribute of cell 'SDFF_X2' - skipping.
  cell DFFRS_X1 (noninv, pins=6, area=6.38) is a direct match for cell type $_DFFSR_PNN_.
Warning: Found unsupported expression 'SE*SI+D*!SE' in pin attribute of cell 'SDFFRS_X1' - skipping.
Warning: Found unsupported expression 'SE*SI+D*!SE' in pin attribute of cell 'SDFFRS_X2' - skipping.
Warning: Found unsupported expression 'SE*SI+D*!SE' in pin attribute of cell 'SDFFR_X1' - skipping.
Warning: Found unsupported expression 'SE*SI+D*!SE' in pin attribute of cell 'SDFFR_X2' - skipping.
Warning: Found unsupported expression 'SE*SI+D*!SE' in pin attribute of cell 'SDFFS_X1' - skipping.
Warning: Found unsupported expression 'SE*SI+D*!SE' in pin attribute of cell 'SDFFS_X2' - skipping.
Warning: Found unsupported expression 'SE*SI+D*!SE' in pin attribute of cell 'SDFF_X1' - skipping.
Warning: Found unsupported expression 'SE*SI+D*!SE' in pin attribute of cell 'SDFF_X2' - skipping.
Warning: Found unsupported expression 'SE*SI+D*!SE' in pin attribute of cell 'SDFFRS_X1' - skipping.
Warning: Found unsupported expression 'SE*SI+D*!SE' in pin attribute of cell 'SDFFRS_X2' - skipping.
Warning: Found unsupported expression 'SE*SI+D*!SE' in pin attribute of cell 'SDFFR_X1' - skipping.
Warning: Found unsupported expression 'SE*SI+D*!SE' in pin attribute of cell 'SDFFR_X2' - skipping.
Warning: Found unsupported expression 'SE*SI+D*!SE' in pin attribute of cell 'SDFFS_X1' - skipping.
Warning: Found unsupported expression 'SE*SI+D*!SE' in pin attribute of cell 'SDFFS_X2' - skipping.
Warning: Found unsupported expression 'SE*SI+D*!SE' in pin attribute of cell 'SDFF_X1' - skipping.
Warning: Found unsupported expression 'SE*SI+D*!SE' in pin attribute of cell 'SDFF_X2' - skipping.
Warning: Found unsupported expression 'SE*SI+D*!SE' in pin attribute of cell 'SDFFRS_X1' - skipping.
Warning: Found unsupported expression 'SE*SI+D*!SE' in pin attribute of cell 'SDFFRS_X2' - skipping.
Warning: Found unsupported expression 'SE*SI+D*!SE' in pin attribute of cell 'SDFFR_X1' - skipping.
Warning: Found unsupported expression 'SE*SI+D*!SE' in pin attribute of cell 'SDFFR_X2' - skipping.
Warning: Found unsupported expression 'SE*SI+D*!SE' in pin attribute of cell 'SDFFS_X1' - skipping.
Warning: Found unsupported expression 'SE*SI+D*!SE' in pin attribute of cell 'SDFFS_X2' - skipping.
Warning: Found unsupported expression 'SE*SI+D*!SE' in pin attribute of cell 'SDFF_X1' - skipping.
Warning: Found unsupported expression 'SE*SI+D*!SE' in pin attribute of cell 'SDFF_X2' - skipping.
  final dff cell mappings:
    unmapped dff cell: $_DFF_N_
    \DFF_X1 _DFF_P_ (.CK( C), .D( D), .Q( Q), .QN(~Q));
    unmapped dff cell: $_DFF_NN0_
    unmapped dff cell: $_DFF_NN1_
    unmapped dff cell: $_DFF_NP0_
    unmapped dff cell: $_DFF_NP1_
    \DFFR_X1 _DFF_PN0_ (.CK( C), .D( D), .Q( Q), .QN(~Q), .RN( R));
    \DFFS_X1 _DFF_PN1_ (.CK( C), .D( D), .Q( Q), .QN(~Q), .SN( R));
    unmapped dff cell: $_DFF_PP0_
    unmapped dff cell: $_DFF_PP1_
    unmapped dff cell: $_DFFSR_NNN_
    unmapped dff cell: $_DFFSR_NNP_
    unmapped dff cell: $_DFFSR_NPN_
    unmapped dff cell: $_DFFSR_NPP_
    \DFFRS_X1 _DFFSR_PNN_ (.CK( C), .D( D), .Q( Q), .QN(~Q), .RN( R), .SN( S));
    unmapped dff cell: $_DFFSR_PNP_
    unmapped dff cell: $_DFFSR_PPN_
    unmapped dff cell: $_DFFSR_PPP_

23.1. Executing DFFLEGALIZE pass (convert FFs to types supported by the target).
Mapping DFF cells in module `\activation_sram':
  mapped 2 $_DFF_P_ cells to \DFF_X1 cells.
Mapping DFF cells in module `\conv_unit_serial':
  mapped 20 $_DFF_PN0_ cells to \DFFR_X1 cells.
  mapped 216 $_DFF_P_ cells to \DFF_X1 cells.
Mapping DFF cells in module `\intermediate_sram':
  mapped 490 $_DFF_P_ cells to \DFF_X1 cells.
Mapping DFF cells in module `\mac_array_16x16':
  mapped 43 $_DFF_PN0_ cells to \DFFR_X1 cells.
  mapped 1065 $_DFF_P_ cells to \DFF_X1 cells.
Mapping DFF cells in module `\requant':
Mapping DFF cells in module `\state_sram':
  mapped 1 $_DFF_P_ cells to \DFF_X1 cells.
Mapping DFF cells in module `\state_stream_controller':
  mapped 2311 $_DFF_PN0_ cells to \DFFR_X1 cells.
  mapped 1 $_DFF_PN1_ cells to \DFFS_X1 cells.
Mapping DFF cells in module `\state_word_engine':
  mapped 262 $_DFF_PN0_ cells to \DFFR_X1 cells.
  mapped 1036 $_DFF_P_ cells to \DFF_X1 cells.
Mapping DFF cells in module `\streaming_norm':
  mapped 340 $_DFF_PN0_ cells to \DFFR_X1 cells.
  mapped 1 $_DFF_PN1_ cells to \DFFS_X1 cells.
  mapped 562 $_DFF_P_ cells to \DFF_X1 cells.
Mapping DFF cells in module `\weight_sram':
  mapped 771 $_DFF_P_ cells to \DFF_X1 cells.
Mapping DFF cells in module `\x7_controller':
  mapped 23 $_DFF_P_ cells to \DFF_X1 cells.
Mapping DFF cells in module `\x7_top':
  mapped 326 $_DFF_PN0_ cells to \DFFR_X1 cells.
  mapped 1 $_DFF_PN1_ cells to \DFFS_X1 cells.
  mapped 768 $_DFF_P_ cells to \DFF_X1 cells.

24. Executing ABC pass (technology mapping using ABC).

24.1. Extracting gate netlist of module `\activation_sram' to `<abc-temp-dir>/input.blif'..
Extracted 942 gates and 1482 wires to a netlist network with 540 inputs and 536 outputs.

24.1.1. Executing ABC.
Running ABC command: "<yosys-exe-dir>/yosys-abc" -s -f <abc-temp-dir>/abc.script 2>&1
ABC: ABC command line: "source <abc-temp-dir>/abc.script".
ABC: 
ABC: + read_blif <abc-temp-dir>/input.blif 
ABC: + read_lib -w /home/kit/OpenROAD-flow-scripts/flow/platforms/nangate45/lib/NangateOpenCellLibrary_typical.lib 
ABC: Parsing finished successfully.  Parsing time =     0.03 sec
ABC: Scl_LibertyReadGenlib() skipped cell "ANTENNA_X1" due to dont_use attribute.
ABC: Scl_LibertyReadGenlib() skipped cell "CLKGATETST_X1" without logic function.
ABC: Scl_LibertyReadGenlib() skipped cell "CLKGATETST_X2" without logic function.
ABC: Scl_LibertyReadGenlib() skipped cell "CLKGATETST_X4" without logic function.
ABC: Scl_LibertyReadGenlib() skipped cell "CLKGATETST_X8" without logic function.
ABC: Scl_LibertyReadGenlib() skipped cell "CLKGATE_X1" without logic function.
ABC: Scl_LibertyReadGenlib() skipped cell "CLKGATE_X2" without logic function.
ABC: Scl_LibertyReadGenlib() skipped cell "CLKGATE_X4" without logic function.
ABC: Scl_LibertyReadGenlib() skipped cell "CLKGATE_X8" without logic function.
ABC: Scl_LibertyReadGenlib() skipped sequential cell "DFFRS_X1".
ABC: Scl_LibertyReadGenlib() skipped sequential cell "DFFRS_X2".
ABC: Scl_LibertyReadGenlib() skipped sequential cell "DFFR_X1".
ABC: Scl_LibertyReadGenlib() skipped sequential cell "DFFR_X2".
ABC: Scl_LibertyReadGenlib() skipped sequential cell "DFFS_X1".
ABC: Scl_LibertyReadGenlib() skipped sequential cell "DFFS_X2".
ABC: Scl_LibertyReadGenlib() skipped sequential cell "DFF_X1".
ABC: Scl_LibertyReadGenlib() skipped sequential cell "DFF_X2".
ABC: Scl_LibertyReadGenlib() skipped sequential cell "DLH_X1".
ABC: Scl_LibertyReadGenlib() skipped sequential cell "DLH_X2".
ABC: Scl_LibertyReadGenlib() skipped sequential cell "DLL_X1".
ABC: Scl_LibertyReadGenlib() skipped sequential cell "DLL_X2".
ABC: Scl_LibertyReadGenlib() skipped cell "FILLCELL_X1" due to dont_use attribute.
ABC: Scl_LibertyReadGenlib() skipped cell "TAPCELL_X1" due to dont_use attribute.
ABC: Scl_LibertyReadGenlib() skipped cell "FILLCELL_X2" due to dont_use attribute.
ABC: Scl_LibertyReadGenlib() skipped cell "FILLCELL_X4" due to dont_use attribute.
ABC: Scl_LibertyReadGenlib() skipped cell "FILLCELL_X8" due to dont_use attribute.
ABC: Scl_LibertyReadGenlib() skipped cell "FILLCELL_X16" due to dont_use attribute.
ABC: Scl_LibertyReadGenlib() skipped cell "FILLCELL_X32" due to dont_use attribute.
ABC: Scl_LibertyReadGenlib() skipped cell "LOGIC0_X1" due to dont_use attribute.
ABC: Scl_LibertyReadGenlib() skipped cell "LOGIC1_X1" due to dont_use attribute.
ABC: Scl_LibertyReadGenlib() skipped sequential cell "SDFFRS_X1".
ABC: Scl_LibertyReadGenlib() skipped sequential cell "SDFFRS_X2".
ABC: Scl_LibertyReadGenlib() skipped sequential cell "SDFFR_X1".
ABC: Scl_LibertyReadGenlib() skipped sequential cell "SDFFR_X2".
ABC: Scl_LibertyReadGenlib() skipped sequential cell "SDFFS_X1".
ABC: Scl_LibertyReadGenlib() skipped sequential cell "SDFFS_X2".
ABC: Scl_LibertyReadGenlib() skipped sequential cell "SDFF_X1".
ABC: Scl_LibertyReadGenlib() skipped sequential cell "SDFF_X2".
ABC: Scl_LibertyReadGenlib() skipped three-state cell "TBUF_X1".
ABC: Scl_LibertyReadGenlib() skipped three-state cell "TBUF_X2".
ABC: Scl_LibertyReadGenlib() skipped three-state cell "TBUF_X4".
ABC: Scl_LibertyReadGenlib() skipped three-state cell "TBUF_X8".
ABC: Scl_LibertyReadGenlib() skipped three-state cell "TBUF_X16".
ABC: Scl_LibertyReadGenlib() skipped three-state cell "TINV_X1".
ABC: Scl_LibertyReadGenlib() skipped sequential cell "TLAT_X1".
ABC: Library "NangateOpenCellLibrary" from "/home/kit/OpenROAD-flow-scripts/flow/platforms/nangate45/lib/NangateOpenCellLibrary_typical.lib" has 90 cells (35 skipped: 21 seq; 6 tri-state; 8 no func; 10 dont_use).  Time =     0.04 sec
ABC: Memory =   11.38 MB. Time =     0.04 sec
ABC: Warning: Detected 2 multi-output gates (for example, "FA_X1").
ABC: + source /home/kit/kimi-chip/experiments/x7/flow/abc_y4_margin.script 
ABC: Current delay (174.54 ps) does not exceed the target delay (1100.00 ps). Upsizing is not performed.
ABC: WireLoad = "none"  Gates =    924 ( 13.2 %)   Cap =  2.5 ff (  0.6 %)   Area =     1149.65 ( 94.2 %)   Delay =   197.84 ps  (  7.9 %)               
ABC: + write_blif <abc-temp-dir>/output.blif 

24.1.2. Re-integrating ABC results.
ABC RESULTS:           MUX2_X1 cells:      274
ABC RESULTS:            INV_X1 cells:       68
ABC RESULTS:            OR2_X1 cells:        2
ABC RESULTS:            BUF_X1 cells:       54
ABC RESULTS:          AOI22_X1 cells:      128
ABC RESULTS:          OAI21_X1 cells:      258
ABC RESULTS:          NAND3_X1 cells:        2
ABC RESULTS:          NAND2_X1 cells:      136
ABC RESULTS:          OAI22_X1 cells:        2
ABC RESULTS:        internal signals:      406
ABC RESULTS:           input signals:      540
ABC RESULTS:          output signals:      536
Removing temp directory.

24.2. Extracting gate netlist of module `\conv_unit_serial' to `<abc-temp-dir>/input.blif'..
Extracted 9702 gates and 10111 wires to a netlist network with 407 inputs and 232 outputs.

24.2.1. Executing ABC.
Running ABC command: "<yosys-exe-dir>/yosys-abc" -s -f <abc-temp-dir>/abc.script 2>&1
ABC: ABC command line: "source <abc-temp-dir>/abc.script".
ABC: 
ABC: + read_blif <abc-temp-dir>/input.blif 
ABC: + read_lib -w /home/kit/OpenROAD-flow-scripts/flow/platforms/nangate45/lib/NangateOpenCellLibrary_typical.lib 
ABC: Parsing finished successfully.  Parsing time =     0.03 sec
ABC: Scl_LibertyReadGenlib() skipped cell "ANTENNA_X1" due to dont_use attribute.
ABC: Scl_LibertyReadGenlib() skipped cell "CLKGATETST_X1" without logic function.
ABC: Scl_LibertyReadGenlib() skipped cell "CLKGATETST_X2" without logic function.
ABC: Scl_LibertyReadGenlib() skipped cell "CLKGATETST_X4" without logic function.
ABC: Scl_LibertyReadGenlib() skipped cell "CLKGATETST_X8" without logic function.
ABC: Scl_LibertyReadGenlib() skipped cell "CLKGATE_X1" without logic function.
ABC: Scl_LibertyReadGenlib() skipped cell "CLKGATE_X2" without logic function.
ABC: Scl_LibertyReadGenlib() skipped cell "CLKGATE_X4" without logic function.
ABC: Scl_LibertyReadGenlib() skipped cell "CLKGATE_X8" without logic function.
ABC: Scl_LibertyReadGenlib() skipped sequential cell "DFFRS_X1".
ABC: Scl_LibertyReadGenlib() skipped sequential cell "DFFRS_X2".
ABC: Scl_LibertyReadGenlib() skipped sequential cell "DFFR_X1".
ABC: Scl_LibertyReadGenlib() skipped sequential cell "DFFR_X2".
ABC: Scl_LibertyReadGenlib() skipped sequential cell "DFFS_X1".
ABC: Scl_LibertyReadGenlib() skipped sequential cell "DFFS_X2".
ABC: Scl_LibertyReadGenlib() skipped sequential cell "DFF_X1".
ABC: Scl_LibertyReadGenlib() skipped sequential cell "DFF_X2".
ABC: Scl_LibertyReadGenlib() skipped sequential cell "DLH_X1".
ABC: Scl_LibertyReadGenlib() skipped sequential cell "DLH_X2".
ABC: Scl_LibertyReadGenlib() skipped sequential cell "DLL_X1".
ABC: Scl_LibertyReadGenlib() skipped sequential cell "DLL_X2".
ABC: Scl_LibertyReadGenlib() skipped cell "FILLCELL_X1" due to dont_use attribute.
ABC: Scl_LibertyReadGenlib() skipped cell "TAPCELL_X1" due to dont_use attribute.
ABC: Scl_LibertyReadGenlib() skipped cell "FILLCELL_X2" due to dont_use attribute.
ABC: Scl_LibertyReadGenlib() skipped cell "FILLCELL_X4" due to dont_use attribute.
ABC: Scl_LibertyReadGenlib() skipped cell "FILLCELL_X8" due to dont_use attribute.
ABC: Scl_LibertyReadGenlib() skipped cell "FILLCELL_X16" due to dont_use attribute.
ABC: Scl_LibertyReadGenlib() skipped cell "FILLCELL_X32" due to dont_use attribute.
ABC: Scl_LibertyReadGenlib() skipped cell "LOGIC0_X1" due to dont_use attribute.
ABC: Scl_LibertyReadGenlib() skipped cell "LOGIC1_X1" due to dont_use attribute.
ABC: Scl_LibertyReadGenlib() skipped sequential cell "SDFFRS_X1".
ABC: Scl_LibertyReadGenlib() skipped sequential cell "SDFFRS_X2".
ABC: Scl_LibertyReadGenlib() skipped sequential cell "SDFFR_X1".
ABC: Scl_LibertyReadGenlib() skipped sequential cell "SDFFR_X2".
ABC: Scl_LibertyReadGenlib() skipped sequential cell "SDFFS_X1".
ABC: Scl_LibertyReadGenlib() skipped sequential cell "SDFFS_X2".
ABC: Scl_LibertyReadGenlib() skipped sequential cell "SDFF_X1".
ABC: Scl_LibertyReadGenlib() skipped sequential cell "SDFF_X2".
ABC: Scl_LibertyReadGenlib() skipped three-state cell "TBUF_X1".
ABC: Scl_LibertyReadGenlib() skipped three-state cell "TBUF_X2".
ABC: Scl_LibertyReadGenlib() skipped three-state cell "TBUF_X4".
ABC: Scl_LibertyReadGenlib() skipped three-state cell "TBUF_X8".
ABC: Scl_LibertyReadGenlib() skipped three-state cell "TBUF_X16".
ABC: Scl_LibertyReadGenlib() skipped three-state cell "TINV_X1".
ABC: Scl_LibertyReadGenlib() skipped sequential cell "TLAT_X1".
ABC: Library "NangateOpenCellLibrary" from "/home/kit/OpenROAD-flow-scripts/flow/platforms/nangate45/lib/NangateOpenCellLibrary_typical.lib" has 90 cells (35 skipped: 21 seq; 6 tri-state; 8 no func; 10 dont_use).  Time =     0.04 sec
ABC: Memory =   11.38 MB. Time =     0.04 sec
ABC: Warning: Detected 2 multi-output gates (for example, "FA_X1").
ABC: + source /home/kit/kimi-chip/experiments/x7/flow/abc_y4_margin.script 
ABC: Current delay (814.04 ps) does not exceed the target delay (1100.00 ps). Upsizing is not performed.
ABC: WireLoad = "none"  Gates =   4328 ( 10.2 %)   Cap =  3.5 ff (  0.1 %)   Area =     4711.92 ( 98.7 %)   Delay =   824.32 ps  (  5.9 %)               
ABC: + write_blif <abc-temp-dir>/output.blif 

24.2.2. Re-integrating ABC results.
ABC RESULTS:            OR3_X1 cells:        1
ABC RESULTS:           MUX2_X1 cells:       10
ABC RESULTS:           AND4_X1 cells:        2
ABC RESULTS:         AOI211_X1 cells:        4
ABC RESULTS:          NAND4_X1 cells:        5
ABC RESULTS:           NOR4_X1 cells:        2
ABC RESULTS:           AND3_X1 cells:        2
ABC RESULTS:          AOI22_X1 cells:        1
ABC RESULTS:            BUF_X1 cells:       58
ABC RESULTS:         CLKBUF_X1 cells:       36
ABC RESULTS:            OR2_X1 cells:       33
ABC RESULTS:         OAI221_X1 cells:       16
ABC RESULTS:           NOR3_X1 cells:       54
ABC RESULTS:            INV_X1 cells:      346
ABC RESULTS:           AND2_X1 cells:       38
ABC RESULTS:           XOR2_X1 cells:      529
ABC RESULTS:           NOR2_X1 cells:      494
ABC RESULTS:          NAND3_X1 cells:       52
ABC RESULTS:         OAI211_X1 cells:       21
ABC RESULTS:          AOI21_X1 cells:      406
ABC RESULTS:          NAND2_X1 cells:     1028
ABC RESULTS:          XNOR2_X1 cells:      775
ABC RESULTS:          OAI21_X1 cells:      415
ABC RESULTS:        internal signals:     9472
ABC RESULTS:           input signals:      407
ABC RESULTS:          output signals:      232
Removing temp directory.

24.3. Extracting gate netlist of module `\intermediate_sram' to `<abc-temp-dir>/input.blif'..
Extracted 4262 gates and 4783 wires to a netlist network with 519 inputs and 518 outputs.

24.3.1. Executing ABC.
Running ABC command: "<yosys-exe-dir>/yosys-abc" -s -f <abc-temp-dir>/abc.script 2>&1
ABC: ABC command line: "source <abc-temp-dir>/abc.script".
ABC: 
ABC: + read_blif <abc-temp-dir>/input.blif 
ABC: + read_lib -w /home/kit/OpenROAD-flow-scripts/flow/platforms/nangate45/lib/NangateOpenCellLibrary_typical.lib 
ABC: Parsing finished successfully.  Parsing time =     0.03 sec
ABC: Scl_LibertyReadGenlib() skipped cell "ANTENNA_X1" due to dont_use attribute.
ABC: Scl_LibertyReadGenlib() skipped cell "CLKGATETST_X1" without logic function.
ABC: Scl_LibertyReadGenlib() skipped cell "CLKGATETST_X2" without logic function.
ABC: Scl_LibertyReadGenlib() skipped cell "CLKGATETST_X4" without logic function.
ABC: Scl_LibertyReadGenlib() skipped cell "CLKGATETST_X8" without logic function.
ABC: Scl_LibertyReadGenlib() skipped cell "CLKGATE_X1" without logic function.
ABC: Scl_LibertyReadGenlib() skipped cell "CLKGATE_X2" without logic function.
ABC: Scl_LibertyReadGenlib() skipped cell "CLKGATE_X4" without logic function.
ABC: Scl_LibertyReadGenlib() skipped cell "CLKGATE_X8" without logic function.
ABC: Scl_LibertyReadGenlib() skipped sequential cell "DFFRS_X1".
ABC: Scl_LibertyReadGenlib() skipped sequential cell "DFFRS_X2".
ABC: Scl_LibertyReadGenlib() skipped sequential cell "DFFR_X1".
ABC: Scl_LibertyReadGenlib() skipped sequential cell "DFFR_X2".
ABC: Scl_LibertyReadGenlib() skipped sequential cell "DFFS_X1".
ABC: Scl_LibertyReadGenlib() skipped sequential cell "DFFS_X2".
ABC: Scl_LibertyReadGenlib() skipped sequential cell "DFF_X1".
ABC: Scl_LibertyReadGenlib() skipped sequential cell "DFF_X2".
ABC: Scl_LibertyReadGenlib() skipped sequential cell "DLH_X1".
ABC: Scl_LibertyReadGenlib() skipped sequential cell "DLH_X2".
ABC: Scl_LibertyReadGenlib() skipped sequential cell "DLL_X1".
ABC: Scl_LibertyReadGenlib() skipped sequential cell "DLL_X2".
ABC: Scl_LibertyReadGenlib() skipped cell "FILLCELL_X1" due to dont_use attribute.
ABC: Scl_LibertyReadGenlib() skipped cell "TAPCELL_X1" due to dont_use attribute.
ABC: Scl_LibertyReadGenlib() skipped cell "FILLCELL_X2" due to dont_use attribute.
ABC: Scl_LibertyReadGenlib() skipped cell "FILLCELL_X4" due to dont_use attribute.
ABC: Scl_LibertyReadGenlib() skipped cell "FILLCELL_X8" due to dont_use attribute.
ABC: Scl_LibertyReadGenlib() skipped cell "FILLCELL_X16" due to dont_use attribute.
ABC: Scl_LibertyReadGenlib() skipped cell "FILLCELL_X32" due to dont_use attribute.
ABC: Scl_LibertyReadGenlib() skipped cell "LOGIC0_X1" due to dont_use attribute.
ABC: Scl_LibertyReadGenlib() skipped cell "LOGIC1_X1" due to dont_use attribute.
ABC: Scl_LibertyReadGenlib() skipped sequential cell "SDFFRS_X1".
ABC: Scl_LibertyReadGenlib() skipped sequential cell "SDFFRS_X2".
ABC: Scl_LibertyReadGenlib() skipped sequential cell "SDFFR_X1".
ABC: Scl_LibertyReadGenlib() skipped sequential cell "SDFFR_X2".
ABC: Scl_LibertyReadGenlib() skipped sequential cell "SDFFS_X1".
ABC: Scl_LibertyReadGenlib() skipped sequential cell "SDFFS_X2".
ABC: Scl_LibertyReadGenlib() skipped sequential cell "SDFF_X1".
ABC: Scl_LibertyReadGenlib() skipped sequential cell "SDFF_X2".
ABC: Scl_LibertyReadGenlib() skipped three-state cell "TBUF_X1".
ABC: Scl_LibertyReadGenlib() skipped three-state cell "TBUF_X2".
ABC: Scl_LibertyReadGenlib() skipped three-state cell "TBUF_X4".
ABC: Scl_LibertyReadGenlib() skipped three-state cell "TBUF_X8".
ABC: Scl_LibertyReadGenlib() skipped three-state cell "TBUF_X16".
ABC: Scl_LibertyReadGenlib() skipped three-state cell "TINV_X1".
ABC: Scl_LibertyReadGenlib() skipped sequential cell "TLAT_X1".
ABC: Library "NangateOpenCellLibrary" from "/home/kit/OpenROAD-flow-scripts/flow/platforms/nangate45/lib/NangateOpenCellLibrary_typical.lib" has 90 cells (35 skipped: 21 seq; 6 tri-state; 8 no func; 10 dont_use).  Time =     0.04 sec
ABC: Memory =   11.38 MB. Time =     0.04 sec
ABC: Warning: Detected 2 multi-output gates (for example, "FA_X1").
ABC: + source /home/kit/kimi-chip/experiments/x7/flow/abc_y4_margin.script 
ABC: Current delay (390.25 ps) does not exceed the target delay (1100.00 ps). Upsizing is not performed.
ABC: WireLoad = "none"  Gates =   1692 ( 21.0 %)   Cap =  2.7 ff (  0.7 %)   Area =     1547.59 ( 93.6 %)   Delay =   388.08 ps  (  2.7 %)               
ABC: + write_blif <abc-temp-dir>/output.blif 

24.3.2. Re-integrating ABC results.
ABC RESULTS:          NAND4_X1 cells:       56
ABC RESULTS:           NOR3_X1 cells:        8
ABC RESULTS:           MUX2_X1 cells:       32
ABC RESULTS:         CLKBUF_X1 cells:        1
ABC RESULTS:            BUF_X1 cells:      109
ABC RESULTS:           NOR2_X1 cells:        8
ABC RESULTS:          NAND2_X1 cells:      492
ABC RESULTS:            INV_X1 cells:      246
ABC RESULTS:          OAI21_X1 cells:      712
ABC RESULTS:          AOI21_X1 cells:       20
ABC RESULTS:            OR2_X1 cells:        8
ABC RESULTS:        internal signals:     3746
ABC RESULTS:           input signals:      519
ABC RESULTS:          output signals:      518
Removing temp directory.

24.4. Extracting gate netlist of module `\mac_array_16x16' to `<abc-temp-dir>/input.blif'..
Extracted 56057 gates and 58193 wires to a netlist network with 2134 inputs and 1090 outputs.

24.4.1. Executing ABC.
Running ABC command: "<yosys-exe-dir>/yosys-abc" -s -f <abc-temp-dir>/abc.script 2>&1
ABC: ABC command line: "source <abc-temp-dir>/abc.script".
ABC: 
ABC: + read_blif <abc-temp-dir>/input.blif 
ABC: + read_lib -w /home/kit/OpenROAD-flow-scripts/flow/platforms/nangate45/lib/NangateOpenCellLibrary_typical.lib 
ABC: Parsing finished successfully.  Parsing time =     0.03 sec
ABC: Scl_LibertyReadGenlib() skipped cell "ANTENNA_X1" due to dont_use attribute.
ABC: Scl_LibertyReadGenlib() skipped cell "CLKGATETST_X1" without logic function.
ABC: Scl_LibertyReadGenlib() skipped cell "CLKGATETST_X2" without logic function.
ABC: Scl_LibertyReadGenlib() skipped cell "CLKGATETST_X4" without logic function.
ABC: Scl_LibertyReadGenlib() skipped cell "CLKGATETST_X8" without logic function.
ABC: Scl_LibertyReadGenlib() skipped cell "CLKGATE_X1" without logic function.
ABC: Scl_LibertyReadGenlib() skipped cell "CLKGATE_X2" without logic function.
ABC: Scl_LibertyReadGenlib() skipped cell "CLKGATE_X4" without logic function.
ABC: Scl_LibertyReadGenlib() skipped cell "CLKGATE_X8" without logic function.
ABC: Scl_LibertyReadGenlib() skipped sequential cell "DFFRS_X1".
ABC: Scl_LibertyReadGenlib() skipped sequential cell "DFFRS_X2".
ABC: Scl_LibertyReadGenlib() skipped sequential cell "DFFR_X1".
ABC: Scl_LibertyReadGenlib() skipped sequential cell "DFFR_X2".
ABC: Scl_LibertyReadGenlib() skipped sequential cell "DFFS_X1".
ABC: Scl_LibertyReadGenlib() skipped sequential cell "DFFS_X2".
ABC: Scl_LibertyReadGenlib() skipped sequential cell "DFF_X1".
ABC: Scl_LibertyReadGenlib() skipped sequential cell "DFF_X2".
ABC: Scl_LibertyReadGenlib() skipped sequential cell "DLH_X1".
ABC: Scl_LibertyReadGenlib() skipped sequential cell "DLH_X2".
ABC: Scl_LibertyReadGenlib() skipped sequential cell "DLL_X1".
ABC: Scl_LibertyReadGenlib() skipped sequential cell "DLL_X2".
ABC: Scl_LibertyReadGenlib() skipped cell "FILLCELL_X1" due to dont_use attribute.
ABC: Scl_LibertyReadGenlib() skipped cell "TAPCELL_X1" due to dont_use attribute.
ABC: Scl_LibertyReadGenlib() skipped cell "FILLCELL_X2" due to dont_use attribute.
ABC: Scl_LibertyReadGenlib() skipped cell "FILLCELL_X4" due to dont_use attribute.
ABC: Scl_LibertyReadGenlib() skipped cell "FILLCELL_X8" due to dont_use attribute.
ABC: Scl_LibertyReadGenlib() skipped cell "FILLCELL_X16" due to dont_use attribute.
ABC: Scl_LibertyReadGenlib() skipped cell "FILLCELL_X32" due to dont_use attribute.
ABC: Scl_LibertyReadGenlib() skipped cell "LOGIC0_X1" due to dont_use attribute.
ABC: Scl_LibertyReadGenlib() skipped cell "LOGIC1_X1" due to dont_use attribute.
ABC: Scl_LibertyReadGenlib() skipped sequential cell "SDFFRS_X1".
ABC: Scl_LibertyReadGenlib() skipped sequential cell "SDFFRS_X2".
ABC: Scl_LibertyReadGenlib() skipped sequential cell "SDFFR_X1".
ABC: Scl_LibertyReadGenlib() skipped sequential cell "SDFFR_X2".
ABC: Scl_LibertyReadGenlib() skipped sequential cell "SDFFS_X1".
ABC: Scl_LibertyReadGenlib() skipped sequential cell "SDFFS_X2".
ABC: Scl_LibertyReadGenlib() skipped sequential cell "SDFF_X1".
ABC: Scl_LibertyReadGenlib() skipped sequential cell "SDFF_X2".
ABC: Scl_LibertyReadGenlib() skipped three-state cell "TBUF_X1".
ABC: Scl_LibertyReadGenlib() skipped three-state cell "TBUF_X2".
ABC: Scl_LibertyReadGenlib() skipped three-state cell "TBUF_X4".
ABC: Scl_LibertyReadGenlib() skipped three-state cell "TBUF_X8".
ABC: Scl_LibertyReadGenlib() skipped three-state cell "TBUF_X16".
ABC: Scl_LibertyReadGenlib() skipped three-state cell "TINV_X1".
ABC: Scl_LibertyReadGenlib() skipped sequential cell "TLAT_X1".
ABC: Library "NangateOpenCellLibrary" from "/home/kit/OpenROAD-flow-scripts/flow/platforms/nangate45/lib/NangateOpenCellLibrary_typical.lib" has 90 cells (35 skipped: 21 seq; 6 tri-state; 8 no func; 10 dont_use).  Time =     0.04 sec
ABC: Memory =   11.38 MB. Time =     0.04 sec
ABC: Warning: Detected 2 multi-output gates (for example, "FA_X1").
ABC: + source /home/kit/kimi-chip/experiments/x7/flow/abc_y4_margin.script 
ABC: Current delay (1048.55 ps) does not exceed the target delay (1100.00 ps). Upsizing is not performed.
ABC: WireLoad = "none"  Gates =  23301 ( 11.4 %)   Cap =  3.4 ff (  0.1 %)   Area =    25802.80 ( 98.7 %)   Delay =  1047.38 ps  (  6.3 %)               
ABC: + write_blif <abc-temp-dir>/output.blif 

24.4.2. Re-integrating ABC results.
ABC RESULTS:           AND4_X1 cells:        1
ABC RESULTS:            OR3_X1 cells:       33
ABC RESULTS:            OR4_X1 cells:        1
ABC RESULTS:           NOR4_X1 cells:        3
ABC RESULTS:            BUF_X1 cells:      310
ABC RESULTS:          NAND4_X1 cells:       44
ABC RESULTS:         OAI211_X1 cells:      158
ABC RESULTS:            OR2_X1 cells:       54
ABC RESULTS:           NOR3_X1 cells:      184
ABC RESULTS:         CLKBUF_X1 cells:      131
ABC RESULTS:          NAND3_X1 cells:      180
ABC RESULTS:         OAI221_X1 cells:       43
ABC RESULTS:          AOI21_X1 cells:     1596
ABC RESULTS:           NOR2_X1 cells:     2564
ABC RESULTS:            INV_X1 cells:     2223
ABC RESULTS:           AND3_X1 cells:       18
ABC RESULTS:         AOI211_X1 cells:       14
ABC RESULTS:          XNOR2_X1 cells:     5000
ABC RESULTS:          NAND2_X1 cells:     5008
ABC RESULTS:           XOR2_X1 cells:     2949
ABC RESULTS:          OAI21_X1 cells:     2317
ABC RESULTS:           AND2_X1 cells:      470
ABC RESULTS:        internal signals:    54969
ABC RESULTS:           input signals:     2134
ABC RESULTS:          output signals:     1090
Removing temp directory.

24.5. Extracting gate netlist of module `\requant' to `<abc-temp-dir>/input.blif'..
Extracted 383 gates and 401 wires to a netlist network with 16 inputs and 8 outputs.

24.5.1. Executing ABC.
Running ABC command: "<yosys-exe-dir>/yosys-abc" -s -f <abc-temp-dir>/abc.script 2>&1
ABC: ABC command line: "source <abc-temp-dir>/abc.script".
ABC: 
ABC: + read_blif <abc-temp-dir>/input.blif 
ABC: + read_lib -w /home/kit/OpenROAD-flow-scripts/flow/platforms/nangate45/lib/NangateOpenCellLibrary_typical.lib 
ABC: Parsing finished successfully.  Parsing time =     0.08 sec
ABC: Scl_LibertyReadGenlib() skipped cell "ANTENNA_X1" due to dont_use attribute.
ABC: Scl_LibertyReadGenlib() skipped cell "CLKGATETST_X1" without logic function.
ABC: Scl_LibertyReadGenlib() skipped cell "CLKGATETST_X2" without logic function.
ABC: Scl_LibertyReadGenlib() skipped cell "CLKGATETST_X4" without logic function.
ABC: Scl_LibertyReadGenlib() skipped cell "CLKGATETST_X8" without logic function.
ABC: Scl_LibertyReadGenlib() skipped cell "CLKGATE_X1" without logic function.
ABC: Scl_LibertyReadGenlib() skipped cell "CLKGATE_X2" without logic function.
ABC: Scl_LibertyReadGenlib() skipped cell "CLKGATE_X4" without logic function.
ABC: Scl_LibertyReadGenlib() skipped cell "CLKGATE_X8" without logic function.
ABC: Scl_LibertyReadGenlib() skipped sequential cell "DFFRS_X1".
ABC: Scl_LibertyReadGenlib() skipped sequential cell "DFFRS_X2".
ABC: Scl_LibertyReadGenlib() skipped sequential cell "DFFR_X1".
ABC: Scl_LibertyReadGenlib() skipped sequential cell "DFFR_X2".
ABC: Scl_LibertyReadGenlib() skipped sequential cell "DFFS_X1".
ABC: Scl_LibertyReadGenlib() skipped sequential cell "DFFS_X2".
ABC: Scl_LibertyReadGenlib() skipped sequential cell "DFF_X1".
ABC: Scl_LibertyReadGenlib() skipped sequential cell "DFF_X2".
ABC: Scl_LibertyReadGenlib() skipped sequential cell "DLH_X1".
ABC: Scl_LibertyReadGenlib() skipped sequential cell "DLH_X2".
ABC: Scl_LibertyReadGenlib() skipped sequential cell "DLL_X1".
ABC: Scl_LibertyReadGenlib() skipped sequential cell "DLL_X2".
ABC: Scl_LibertyReadGenlib() skipped cell "FILLCELL_X1" due to dont_use attribute.
ABC: Scl_LibertyReadGenlib() skipped cell "TAPCELL_X1" due to dont_use attribute.
ABC: Scl_LibertyReadGenlib() skipped cell "FILLCELL_X2" due to dont_use attribute.
ABC: Scl_LibertyReadGenlib() skipped cell "FILLCELL_X4" due to dont_use attribute.
ABC: Scl_LibertyReadGenlib() skipped cell "FILLCELL_X8" due to dont_use attribute.
ABC: Scl_LibertyReadGenlib() skipped cell "FILLCELL_X16" due to dont_use attribute.
ABC: Scl_LibertyReadGenlib() skipped cell "FILLCELL_X32" due to dont_use attribute.
ABC: Scl_LibertyReadGenlib() skipped cell "LOGIC0_X1" due to dont_use attribute.
ABC: Scl_LibertyReadGenlib() skipped cell "LOGIC1_X1" due to dont_use attribute.
ABC: Scl_LibertyReadGenlib() skipped sequential cell "SDFFRS_X1".
ABC: Scl_LibertyReadGenlib() skipped sequential cell "SDFFRS_X2".
ABC: Scl_LibertyReadGenlib() skipped sequential cell "SDFFR_X1".
ABC: Scl_LibertyReadGenlib() skipped sequential cell "SDFFR_X2".
ABC: Scl_LibertyReadGenlib() skipped sequential cell "SDFFS_X1".
ABC: Scl_LibertyReadGenlib() skipped sequential cell "SDFFS_X2".
ABC: Scl_LibertyReadGenlib() skipped sequential cell "SDFF_X1".
ABC: Scl_LibertyReadGenlib() skipped sequential cell "SDFF_X2".
ABC: Scl_LibertyReadGenlib() skipped three-state cell "TBUF_X1".
ABC: Scl_LibertyReadGenlib() skipped three-state cell "TBUF_X2".
ABC: Scl_LibertyReadGenlib() skipped three-state cell "TBUF_X4".
ABC: Scl_LibertyReadGenlib() skipped three-state cell "TBUF_X8".
ABC: Scl_LibertyReadGenlib() skipped three-state cell "TBUF_X16".
ABC: Scl_LibertyReadGenlib() skipped three-state cell "TINV_X1".
ABC: Scl_LibertyReadGenlib() skipped sequential cell "TLAT_X1".
ABC: Library "NangateOpenCellLibrary" from "/home/kit/OpenROAD-flow-scripts/flow/platforms/nangate45/lib/NangateOpenCellLibrary_typical.lib" has 90 cells (35 skipped: 21 seq; 6 tri-state; 8 no func; 10 dont_use).  Time =     0.09 sec
ABC: Memory =   11.38 MB. Time =     0.09 sec
ABC: Warning: Detected 2 multi-output gates (for example, "FA_X1").
ABC: + source /home/kit/kimi-chip/experiments/x7/flow/abc_y4_margin.script 
ABC: Current delay (254.17 ps) does not exceed the target delay (1100.00 ps). Upsizing is not performed.
ABC: WireLoad = "none"  Gates =     49 ( 38.8 %)   Cap =  2.7 ff (  0.0 %)   Area =       43.09 (100.0 %)   Delay =   254.17 ps  ( 32.7 %)               
ABC: + write_blif <abc-temp-dir>/output.blif 

24.5.2. Re-integrating ABC results.
ABC RESULTS:          NAND4_X1 cells:        3
ABC RESULTS:           NOR2_X1 cells:        3
ABC RESULTS:          NAND2_X1 cells:        4
ABC RESULTS:           NOR4_X1 cells:        6
ABC RESULTS:         OAI221_X1 cells:        1
ABC RESULTS:            INV_X1 cells:       19
ABC RESULTS:          OAI21_X1 cells:       10
ABC RESULTS:          AOI21_X1 cells:        3
ABC RESULTS:        internal signals:      377
ABC RESULTS:           input signals:       16
ABC RESULTS:          output signals:        8
Removing temp directory.

24.6. Extracting gate netlist of module `\state_sram' to `<abc-temp-dir>/input.blif'..
Extracted 1486 gates and 2357 wires to a netlist network with 869 inputs and 857 outputs.

24.6.1. Executing ABC.
Running ABC command: "<yosys-exe-dir>/yosys-abc" -s -f <abc-temp-dir>/abc.script 2>&1
ABC: ABC command line: "source <abc-temp-dir>/abc.script".
ABC: 
ABC: + read_blif <abc-temp-dir>/input.blif 
ABC: + read_lib -w /home/kit/OpenROAD-flow-scripts/flow/platforms/nangate45/lib/NangateOpenCellLibrary_typical.lib 
ABC: Parsing finished successfully.  Parsing time =     0.03 sec
ABC: Scl_LibertyReadGenlib() skipped cell "ANTENNA_X1" due to dont_use attribute.
ABC: Scl_LibertyReadGenlib() skipped cell "CLKGATETST_X1" without logic function.
ABC: Scl_LibertyReadGenlib() skipped cell "CLKGATETST_X2" without logic function.
ABC: Scl_LibertyReadGenlib() skipped cell "CLKGATETST_X4" without logic function.
ABC: Scl_LibertyReadGenlib() skipped cell "CLKGATETST_X8" without logic function.
ABC: Scl_LibertyReadGenlib() skipped cell "CLKGATE_X1" without logic function.
ABC: Scl_LibertyReadGenlib() skipped cell "CLKGATE_X2" without logic function.
ABC: Scl_LibertyReadGenlib() skipped cell "CLKGATE_X4" without logic function.
ABC: Scl_LibertyReadGenlib() skipped cell "CLKGATE_X8" without logic function.
ABC: Scl_LibertyReadGenlib() skipped sequential cell "DFFRS_X1".
ABC: Scl_LibertyReadGenlib() skipped sequential cell "DFFRS_X2".
ABC: Scl_LibertyReadGenlib() skipped sequential cell "DFFR_X1".
ABC: Scl_LibertyReadGenlib() skipped sequential cell "DFFR_X2".
ABC: Scl_LibertyReadGenlib() skipped sequential cell "DFFS_X1".
ABC: Scl_LibertyReadGenlib() skipped sequential cell "DFFS_X2".
ABC: Scl_LibertyReadGenlib() skipped sequential cell "DFF_X1".
ABC: Scl_LibertyReadGenlib() skipped sequential cell "DFF_X2".
ABC: Scl_LibertyReadGenlib() skipped sequential cell "DLH_X1".
ABC: Scl_LibertyReadGenlib() skipped sequential cell "DLH_X2".
ABC: Scl_LibertyReadGenlib() skipped sequential cell "DLL_X1".
ABC: Scl_LibertyReadGenlib() skipped sequential cell "DLL_X2".
ABC: Scl_LibertyReadGenlib() skipped cell "FILLCELL_X1" due to dont_use attribute.
ABC: Scl_LibertyReadGenlib() skipped cell "TAPCELL_X1" due to dont_use attribute.
ABC: Scl_LibertyReadGenlib() skipped cell "FILLCELL_X2" due to dont_use attribute.
ABC: Scl_LibertyReadGenlib() skipped cell "FILLCELL_X4" due to dont_use attribute.
ABC: Scl_LibertyReadGenlib() skipped cell "FILLCELL_X8" due to dont_use attribute.
ABC: Scl_LibertyReadGenlib() skipped cell "FILLCELL_X16" due to dont_use attribute.
ABC: Scl_LibertyReadGenlib() skipped cell "FILLCELL_X32" due to dont_use attribute.
ABC: Scl_LibertyReadGenlib() skipped cell "LOGIC0_X1" due to dont_use attribute.
ABC: Scl_LibertyReadGenlib() skipped cell "LOGIC1_X1" due to dont_use attribute.
ABC: Scl_LibertyReadGenlib() skipped sequential cell "SDFFRS_X1".
ABC: Scl_LibertyReadGenlib() skipped sequential cell "SDFFRS_X2".
ABC: Scl_LibertyReadGenlib() skipped sequential cell "SDFFR_X1".
ABC: Scl_LibertyReadGenlib() skipped sequential cell "SDFFR_X2".
ABC: Scl_LibertyReadGenlib() skipped sequential cell "SDFFS_X1".
ABC: Scl_LibertyReadGenlib() skipped sequential cell "SDFFS_X2".
ABC: Scl_LibertyReadGenlib() skipped sequential cell "SDFF_X1".
ABC: Scl_LibertyReadGenlib() skipped sequential cell "SDFF_X2".
ABC: Scl_LibertyReadGenlib() skipped three-state cell "TBUF_X1".
ABC: Scl_LibertyReadGenlib() skipped three-state cell "TBUF_X2".
ABC: Scl_LibertyReadGenlib() skipped three-state cell "TBUF_X4".
ABC: Scl_LibertyReadGenlib() skipped three-state cell "TBUF_X8".
ABC: Scl_LibertyReadGenlib() skipped three-state cell "TBUF_X16".
ABC: Scl_LibertyReadGenlib() skipped three-state cell "TINV_X1".
ABC: Scl_LibertyReadGenlib() skipped sequential cell "TLAT_X1".
ABC: Library "NangateOpenCellLibrary" from "/home/kit/OpenROAD-flow-scripts/flow/platforms/nangate45/lib/NangateOpenCellLibrary_typical.lib" has 90 cells (35 skipped: 21 seq; 6 tri-state; 8 no func; 10 dont_use).  Time =     0.05 sec
ABC: Memory =   11.38 MB. Time =     0.05 sec
ABC: Warning: Detected 2 multi-output gates (for example, "FA_X1").
ABC: + source /home/kit/kimi-chip/experiments/x7/flow/abc_y4_margin.script 
ABC: Current delay (214.29 ps) does not exceed the target delay (1100.00 ps). Upsizing is not performed.
ABC: WireLoad = "none"  Gates =   1322 (  8.9 %)   Cap =  2.3 ff (  0.8 %)   Area =     1819.71 ( 92.6 %)   Delay =   222.32 ps  ( 13.8 %)               
ABC: + write_blif <abc-temp-dir>/output.blif 

24.6.2. Re-integrating ABC results.
ABC RESULTS:          AOI21_X1 cells:        9
ABC RESULTS:          OAI21_X1 cells:       46
ABC RESULTS:           MUX2_X1 cells:      612
ABC RESULTS:           NOR2_X1 cells:       15
ABC RESULTS:          AOI22_X1 cells:      192
ABC RESULTS:            INV_X1 cells:       20
ABC RESULTS:            BUF_X1 cells:       98
ABC RESULTS:          NAND2_X1 cells:      322
ABC RESULTS:          NAND3_X1 cells:        8
ABC RESULTS:        internal signals:      631
ABC RESULTS:           input signals:      869
ABC RESULTS:          output signals:      857
Removing temp directory.

24.7. Extracting gate netlist of module `\state_stream_controller' to `<abc-temp-dir>/input.blif'..
Extracted 48748 gates and 52628 wires to a netlist network with 3878 inputs and 2645 outputs.

24.7.1. Executing ABC.
Running ABC command: "<yosys-exe-dir>/yosys-abc" -s -f <abc-temp-dir>/abc.script 2>&1
ABC: ABC command line: "source <abc-temp-dir>/abc.script".
ABC: 
ABC: + read_blif <abc-temp-dir>/input.blif 
ABC: + read_lib -w /home/kit/OpenROAD-flow-scripts/flow/platforms/nangate45/lib/NangateOpenCellLibrary_typical.lib 
ABC: Parsing finished successfully.  Parsing time =     0.05 sec
ABC: Scl_LibertyReadGenlib() skipped cell "ANTENNA_X1" due to dont_use attribute.
ABC: Scl_LibertyReadGenlib() skipped cell "CLKGATETST_X1" without logic function.
ABC: Scl_LibertyReadGenlib() skipped cell "CLKGATETST_X2" without logic function.
ABC: Scl_LibertyReadGenlib() skipped cell "CLKGATETST_X4" without logic function.
ABC: Scl_LibertyReadGenlib() skipped cell "CLKGATETST_X8" without logic function.
ABC: Scl_LibertyReadGenlib() skipped cell "CLKGATE_X1" without logic function.
ABC: Scl_LibertyReadGenlib() skipped cell "CLKGATE_X2" without logic function.
ABC: Scl_LibertyReadGenlib() skipped cell "CLKGATE_X4" without logic function.
ABC: Scl_LibertyReadGenlib() skipped cell "CLKGATE_X8" without logic function.
ABC: Scl_LibertyReadGenlib() skipped sequential cell "DFFRS_X1".
ABC: Scl_LibertyReadGenlib() skipped sequential cell "DFFRS_X2".
ABC: Scl_LibertyReadGenlib() skipped sequential cell "DFFR_X1".
ABC: Scl_LibertyReadGenlib() skipped sequential cell "DFFR_X2".
ABC: Scl_LibertyReadGenlib() skipped sequential cell "DFFS_X1".
ABC: Scl_LibertyReadGenlib() skipped sequential cell "DFFS_X2".
ABC: Scl_LibertyReadGenlib() skipped sequential cell "DFF_X1".
ABC: Scl_LibertyReadGenlib() skipped sequential cell "DFF_X2".
ABC: Scl_LibertyReadGenlib() skipped sequential cell "DLH_X1".
ABC: Scl_LibertyReadGenlib() skipped sequential cell "DLH_X2".
ABC: Scl_LibertyReadGenlib() skipped sequential cell "DLL_X1".
ABC: Scl_LibertyReadGenlib() skipped sequential cell "DLL_X2".
ABC: Scl_LibertyReadGenlib() skipped cell "FILLCELL_X1" due to dont_use attribute.
ABC: Scl_LibertyReadGenlib() skipped cell "TAPCELL_X1" due to dont_use attribute.
ABC: Scl_LibertyReadGenlib() skipped cell "FILLCELL_X2" due to dont_use attribute.
ABC: Scl_LibertyReadGenlib() skipped cell "FILLCELL_X4" due to dont_use attribute.
ABC: Scl_LibertyReadGenlib() skipped cell "FILLCELL_X8" due to dont_use attribute.
ABC: Scl_LibertyReadGenlib() skipped cell "FILLCELL_X16" due to dont_use attribute.
ABC: Scl_LibertyReadGenlib() skipped cell "FILLCELL_X32" due to dont_use attribute.
ABC: Scl_LibertyReadGenlib() skipped cell "LOGIC0_X1" due to dont_use attribute.
ABC: Scl_LibertyReadGenlib() skipped cell "LOGIC1_X1" due to dont_use attribute.
ABC: Scl_LibertyReadGenlib() skipped sequential cell "SDFFRS_X1".
ABC: Scl_LibertyReadGenlib() skipped sequential cell "SDFFRS_X2".
ABC: Scl_LibertyReadGenlib() skipped sequential cell "SDFFR_X1".
ABC: Scl_LibertyReadGenlib() skipped sequential cell "SDFFR_X2".
ABC: Scl_LibertyReadGenlib() skipped sequential cell "SDFFS_X1".
ABC: Scl_LibertyReadGenlib() skipped sequential cell "SDFFS_X2".
ABC: Scl_LibertyReadGenlib() skipped sequential cell "SDFF_X1".
ABC: Scl_LibertyReadGenlib() skipped sequential cell "SDFF_X2".
ABC: Scl_LibertyReadGenlib() skipped three-state cell "TBUF_X1".
ABC: Scl_LibertyReadGenlib() skipped three-state cell "TBUF_X2".
ABC: Scl_LibertyReadGenlib() skipped three-state cell "TBUF_X4".
ABC: Scl_LibertyReadGenlib() skipped three-state cell "TBUF_X8".
ABC: Scl_LibertyReadGenlib() skipped three-state cell "TBUF_X16".
ABC: Scl_LibertyReadGenlib() skipped three-state cell "TINV_X1".
ABC: Scl_LibertyReadGenlib() skipped sequential cell "TLAT_X1".
ABC: Library "NangateOpenCellLibrary" from "/home/kit/OpenROAD-flow-scripts/flow/platforms/nangate45/lib/NangateOpenCellLibrary_typical.lib" has 90 cells (35 skipped: 21 seq; 6 tri-state; 8 no func; 10 dont_use).  Time =     0.07 sec
ABC: Memory =   11.38 MB. Time =     0.07 sec
ABC: Warning: Detected 2 multi-output gates (for example, "FA_X1").
ABC: + source /home/kit/kimi-chip/experiments/x7/flow/abc_y4_margin.script 
ABC: Current delay (601.77 ps) does not exceed the target delay (1100.00 ps). Upsizing is not performed.
ABC: WireLoad = "none"  Gates =  15484 ( 20.6 %)   Cap =  2.9 ff (  0.5 %)   Area =    16239.03 ( 95.1 %)   Delay =   604.68 ps  ( 15.2 %)               
ABC: + write_blif <abc-temp-dir>/output.blif 

24.7.2. Re-integrating ABC results.
ABC RESULTS:          AOI22_X1 cells:        1
ABC RESULTS:           AND4_X1 cells:        4
ABC RESULTS:           AND3_X1 cells:        2
ABC RESULTS:           XOR2_X1 cells:      513
ABC RESULTS:          XNOR2_X1 cells:     1446
ABC RESULTS:           NOR4_X1 cells:      166
ABC RESULTS:          NAND4_X1 cells:      185
ABC RESULTS:            OR4_X1 cells:       33
ABC RESULTS:            OR3_X1 cells:        2
ABC RESULTS:         OAI211_X1 cells:      215
ABC RESULTS:          NAND3_X1 cells:     1011
ABC RESULTS:           AND2_X1 cells:      210
ABC RESULTS:          OAI21_X1 cells:     2207
ABC RESULTS:           NOR3_X1 cells:      138
ABC RESULTS:         AOI211_X1 cells:       18
ABC RESULTS:            INV_X1 cells:     2352
ABC RESULTS:            OR2_X1 cells:       54
ABC RESULTS:          OAI22_X1 cells:        7
ABC RESULTS:            BUF_X1 cells:      752
ABC RESULTS:         CLKBUF_X1 cells:       82
ABC RESULTS:          NAND2_X1 cells:     2370
ABC RESULTS:         OAI221_X1 cells:      224
ABC RESULTS:           MUX2_X1 cells:     1045
ABC RESULTS:          AOI21_X1 cells:     1297
ABC RESULTS:           NOR2_X1 cells:     1150
ABC RESULTS:        internal signals:    46105
ABC RESULTS:           input signals:     3878
ABC RESULTS:          output signals:     2645
Removing temp directory.

24.8. Extracting gate netlist of module `\state_word_engine' to `<abc-temp-dir>/input.blif'..
Extracted 78898 gates and 80571 wires to a netlist network with 1671 inputs and 1292 outputs.

24.8.1. Executing ABC.
Running ABC command: "<yosys-exe-dir>/yosys-abc" -s -f <abc-temp-dir>/abc.script 2>&1
ABC: ABC command line: "source <abc-temp-dir>/abc.script".
ABC: 
ABC: + read_blif <abc-temp-dir>/input.blif 
ABC: + read_lib -w /home/kit/OpenROAD-flow-scripts/flow/platforms/nangate45/lib/NangateOpenCellLibrary_typical.lib 
ABC: Parsing finished successfully.  Parsing time =     0.05 sec
ABC: Scl_LibertyReadGenlib() skipped cell "ANTENNA_X1" due to dont_use attribute.
ABC: Scl_LibertyReadGenlib() skipped cell "CLKGATETST_X1" without logic function.
ABC: Scl_LibertyReadGenlib() skipped cell "CLKGATETST_X2" without logic function.
ABC: Scl_LibertyReadGenlib() skipped cell "CLKGATETST_X4" without logic function.
ABC: Scl_LibertyReadGenlib() skipped cell "CLKGATETST_X8" without logic function.
ABC: Scl_LibertyReadGenlib() skipped cell "CLKGATE_X1" without logic function.
ABC: Scl_LibertyReadGenlib() skipped cell "CLKGATE_X2" without logic function.
ABC: Scl_LibertyReadGenlib() skipped cell "CLKGATE_X4" without logic function.
ABC: Scl_LibertyReadGenlib() skipped cell "CLKGATE_X8" without logic function.
ABC: Scl_LibertyReadGenlib() skipped sequential cell "DFFRS_X1".
ABC: Scl_LibertyReadGenlib() skipped sequential cell "DFFRS_X2".
ABC: Scl_LibertyReadGenlib() skipped sequential cell "DFFR_X1".
ABC: Scl_LibertyReadGenlib() skipped sequential cell "DFFR_X2".
ABC: Scl_LibertyReadGenlib() skipped sequential cell "DFFS_X1".
ABC: Scl_LibertyReadGenlib() skipped sequential cell "DFFS_X2".
ABC: Scl_LibertyReadGenlib() skipped sequential cell "DFF_X1".
ABC: Scl_LibertyReadGenlib() skipped sequential cell "DFF_X2".
ABC: Scl_LibertyReadGenlib() skipped sequential cell "DLH_X1".
ABC: Scl_LibertyReadGenlib() skipped sequential cell "DLH_X2".
ABC: Scl_LibertyReadGenlib() skipped sequential cell "DLL_X1".
ABC: Scl_LibertyReadGenlib() skipped sequential cell "DLL_X2".
ABC: Scl_LibertyReadGenlib() skipped cell "FILLCELL_X1" due to dont_use attribute.
ABC: Scl_LibertyReadGenlib() skipped cell "TAPCELL_X1" due to dont_use attribute.
ABC: Scl_LibertyReadGenlib() skipped cell "FILLCELL_X2" due to dont_use attribute.
ABC: Scl_LibertyReadGenlib() skipped cell "FILLCELL_X4" due to dont_use attribute.
ABC: Scl_LibertyReadGenlib() skipped cell "FILLCELL_X8" due to dont_use attribute.
ABC: Scl_LibertyReadGenlib() skipped cell "FILLCELL_X16" due to dont_use attribute.
ABC: Scl_LibertyReadGenlib() skipped cell "FILLCELL_X32" due to dont_use attribute.
ABC: Scl_LibertyReadGenlib() skipped cell "LOGIC0_X1" due to dont_use attribute.
ABC: Scl_LibertyReadGenlib() skipped cell "LOGIC1_X1" due to dont_use attribute.
ABC: Scl_LibertyReadGenlib() skipped sequential cell "SDFFRS_X1".
ABC: Scl_LibertyReadGenlib() skipped sequential cell "SDFFRS_X2".
ABC: Scl_LibertyReadGenlib() skipped sequential cell "SDFFR_X1".
ABC: Scl_LibertyReadGenlib() skipped sequential cell "SDFFR_X2".
ABC: Scl_LibertyReadGenlib() skipped sequential cell "SDFFS_X1".
ABC: Scl_LibertyReadGenlib() skipped sequential cell "SDFFS_X2".
ABC: Scl_LibertyReadGenlib() skipped sequential cell "SDFF_X1".
ABC: Scl_LibertyReadGenlib() skipped sequential cell "SDFF_X2".
ABC: Scl_LibertyReadGenlib() skipped three-state cell "TBUF_X1".
ABC: Scl_LibertyReadGenlib() skipped three-state cell "TBUF_X2".
ABC: Scl_LibertyReadGenlib() skipped three-state cell "TBUF_X4".
ABC: Scl_LibertyReadGenlib() skipped three-state cell "TBUF_X8".
ABC: Scl_LibertyReadGenlib() skipped three-state cell "TBUF_X16".
ABC: Scl_LibertyReadGenlib() skipped three-state cell "TINV_X1".
ABC: Scl_LibertyReadGenlib() skipped sequential cell "TLAT_X1".
ABC: Library "NangateOpenCellLibrary" from "/home/kit/OpenROAD-flow-scripts/flow/platforms/nangate45/lib/NangateOpenCellLibrary_typical.lib" has 90 cells (35 skipped: 21 seq; 6 tri-state; 8 no func; 10 dont_use).  Time =     0.08 sec
ABC: Memory =   11.38 MB. Time =     0.08 sec
ABC: Warning: Detected 2 multi-output gates (for example, "FA_X1").
ABC: + source /home/kit/kimi-chip/experiments/x7/flow/abc_y4_margin.script 
ABC: WireLoad = "none"  Gates =  24791 ( 11.4 %)   Cap =  3.5 ff (  0.5 %)   Area =    27903.67 ( 97.6 %)   Delay =  1098.41 ps  (  7.1 %)               
ABC: + write_blif <abc-temp-dir>/output.blif 

24.8.2. Re-integrating ABC results.
ABC RESULTS:            INV_X8 cells:        2
ABC RESULTS:           INV_X16 cells:        3
ABC RESULTS:            BUF_X8 cells:        3
ABC RESULTS:            INV_X4 cells:        1
ABC RESULTS:          OAI21_X2 cells:       14
ABC RESULTS:            INV_X2 cells:        4
ABC RESULTS:           AND3_X1 cells:       11
ABC RESULTS:           XOR2_X2 cells:       11
ABC RESULTS:          XNOR2_X2 cells:       43
ABC RESULTS:          AOI21_X2 cells:        7
ABC RESULTS:           NOR2_X4 cells:        6
ABC RESULTS:            BUF_X4 cells:        8
ABC RESULTS:           AND3_X2 cells:        5
ABC RESULTS:            OR4_X1 cells:        8
ABC RESULTS:            BUF_X2 cells:       16
ABC RESULTS:           NOR2_X2 cells:       50
ABC RESULTS:          NAND4_X1 cells:       54
ABC RESULTS:           NOR4_X1 cells:       40
ABC RESULTS:         OAI221_X1 cells:        9
ABC RESULTS:         AOI211_X1 cells:        8
ABC RESULTS:            OR3_X1 cells:       25
ABC RESULTS:           NOR3_X1 cells:      176
ABC RESULTS:           MUX2_X1 cells:      364
ABC RESULTS:            BUF_X1 cells:      412
ABC RESULTS:         OAI211_X1 cells:      108
ABC RESULTS:          NAND3_X1 cells:      190
ABC RESULTS:         CLKBUF_X1 cells:      143
ABC RESULTS:           NOR2_X1 cells:     2681
ABC RESULTS:            INV_X1 cells:     2229
ABC RESULTS:            OR2_X1 cells:       50
ABC RESULTS:           XOR2_X1 cells:     3060
ABC RESULTS:          NAND2_X1 cells:     5264
ABC RESULTS:           AND2_X1 cells:      502
ABC RESULTS:          AOI21_X1 cells:     1664
ABC RESULTS:          XNOR2_X1 cells:     5320
ABC RESULTS:          OAI21_X1 cells:     2300
ABC RESULTS:        internal signals:    77608
ABC RESULTS:           input signals:     1671
ABC RESULTS:          output signals:     1292
Removing temp directory.

24.9. Extracting gate netlist of module `\streaming_norm' to `<abc-temp-dir>/input.blif'..
Extracted 76482 gates and 77873 wires to a netlist network with 1388 inputs and 913 outputs.

24.9.1. Executing ABC.
Running ABC command: "<yosys-exe-dir>/yosys-abc" -s -f <abc-temp-dir>/abc.script 2>&1
ABC: ABC command line: "source <abc-temp-dir>/abc.script".
ABC: 
ABC: + read_blif <abc-temp-dir>/input.blif 
ABC: + read_lib -w /home/kit/OpenROAD-flow-scripts/flow/platforms/nangate45/lib/NangateOpenCellLibrary_typical.lib 
ABC: Parsing finished successfully.  Parsing time =     0.04 sec
ABC: Scl_LibertyReadGenlib() skipped cell "ANTENNA_X1" due to dont_use attribute.
ABC: Scl_LibertyReadGenlib() skipped cell "CLKGATETST_X1" without logic function.
ABC: Scl_LibertyReadGenlib() skipped cell "CLKGATETST_X2" without logic function.
ABC: Scl_LibertyReadGenlib() skipped cell "CLKGATETST_X4" without logic function.
ABC: Scl_LibertyReadGenlib() skipped cell "CLKGATETST_X8" without logic function.
ABC: Scl_LibertyReadGenlib() skipped cell "CLKGATE_X1" without logic function.
ABC: Scl_LibertyReadGenlib() skipped cell "CLKGATE_X2" without logic function.
ABC: Scl_LibertyReadGenlib() skipped cell "CLKGATE_X4" without logic function.
ABC: Scl_LibertyReadGenlib() skipped cell "CLKGATE_X8" without logic function.
ABC: Scl_LibertyReadGenlib() skipped sequential cell "DFFRS_X1".
ABC: Scl_LibertyReadGenlib() skipped sequential cell "DFFRS_X2".
ABC: Scl_LibertyReadGenlib() skipped sequential cell "DFFR_X1".
ABC: Scl_LibertyReadGenlib() skipped sequential cell "DFFR_X2".
ABC: Scl_LibertyReadGenlib() skipped sequential cell "DFFS_X1".
ABC: Scl_LibertyReadGenlib() skipped sequential cell "DFFS_X2".
ABC: Scl_LibertyReadGenlib() skipped sequential cell "DFF_X1".
ABC: Scl_LibertyReadGenlib() skipped sequential cell "DFF_X2".
ABC: Scl_LibertyReadGenlib() skipped sequential cell "DLH_X1".
ABC: Scl_LibertyReadGenlib() skipped sequential cell "DLH_X2".
ABC: Scl_LibertyReadGenlib() skipped sequential cell "DLL_X1".
ABC: Scl_LibertyReadGenlib() skipped sequential cell "DLL_X2".
ABC: Scl_LibertyReadGenlib() skipped cell "FILLCELL_X1" due to dont_use attribute.
ABC: Scl_LibertyReadGenlib() skipped cell "TAPCELL_X1" due to dont_use attribute.
ABC: Scl_LibertyReadGenlib() skipped cell "FILLCELL_X2" due to dont_use attribute.
ABC: Scl_LibertyReadGenlib() skipped cell "FILLCELL_X4" due to dont_use attribute.
ABC: Scl_LibertyReadGenlib() skipped cell "FILLCELL_X8" due to dont_use attribute.
ABC: Scl_LibertyReadGenlib() skipped cell "FILLCELL_X16" due to dont_use attribute.
ABC: Scl_LibertyReadGenlib() skipped cell "FILLCELL_X32" due to dont_use attribute.
ABC: Scl_LibertyReadGenlib() skipped cell "LOGIC0_X1" due to dont_use attribute.
ABC: Scl_LibertyReadGenlib() skipped cell "LOGIC1_X1" due to dont_use attribute.
ABC: Scl_LibertyReadGenlib() skipped sequential cell "SDFFRS_X1".
ABC: Scl_LibertyReadGenlib() skipped sequential cell "SDFFRS_X2".
ABC: Scl_LibertyReadGenlib() skipped sequential cell "SDFFR_X1".
ABC: Scl_LibertyReadGenlib() skipped sequential cell "SDFFR_X2".
ABC: Scl_LibertyReadGenlib() skipped sequential cell "SDFFS_X1".
ABC: Scl_LibertyReadGenlib() skipped sequential cell "SDFFS_X2".
ABC: Scl_LibertyReadGenlib() skipped sequential cell "SDFF_X1".
ABC: Scl_LibertyReadGenlib() skipped sequential cell "SDFF_X2".
ABC: Scl_LibertyReadGenlib() skipped three-state cell "TBUF_X1".
ABC: Scl_LibertyReadGenlib() skipped three-state cell "TBUF_X2".
ABC: Scl_LibertyReadGenlib() skipped three-state cell "TBUF_X4".
ABC: Scl_LibertyReadGenlib() skipped three-state cell "TBUF_X8".
ABC: Scl_LibertyReadGenlib() skipped three-state cell "TBUF_X16".
ABC: Scl_LibertyReadGenlib() skipped three-state cell "TINV_X1".
ABC: Scl_LibertyReadGenlib() skipped sequential cell "TLAT_X1".
ABC: Library "NangateOpenCellLibrary" from "/home/kit/OpenROAD-flow-scripts/flow/platforms/nangate45/lib/NangateOpenCellLibrary_typical.lib" has 90 cells (35 skipped: 21 seq; 6 tri-state; 8 no func; 10 dont_use).  Time =     0.05 sec
ABC: Memory =   11.38 MB. Time =     0.05 sec
ABC: Warning: Detected 2 multi-output gates (for example, "FA_X1").
ABC: + source /home/kit/kimi-chip/experiments/x7/flow/abc_y4_margin.script 
ABC: WireLoad = "none"  Gates =  19795 ( 12.5 %)   Cap =  3.5 ff (  0.7 %)   Area =    22027.46 ( 97.4 %)   Delay =  1110.92 ps  ( 18.5 %)               
ABC: + write_blif <abc-temp-dir>/output.blif 

24.9.2. Re-integrating ABC results.
ABC RESULTS:           INV_X32 cells:        1
ABC RESULTS:           BUF_X16 cells:        1
ABC RESULTS:           INV_X16 cells:        3
ABC RESULTS:            BUF_X8 cells:        3
ABC RESULTS:         OAI211_X2 cells:        1
ABC RESULTS:            INV_X4 cells:        1
ABC RESULTS:           AND3_X4 cells:        1
ABC RESULTS:            BUF_X4 cells:        3
ABC RESULTS:          OAI21_X2 cells:        3
ABC RESULTS:           AND3_X2 cells:        1
ABC RESULTS:            INV_X2 cells:        3
ABC RESULTS:          AOI21_X2 cells:       13
ABC RESULTS:          OAI22_X1 cells:        4
ABC RESULTS:         OAI221_X1 cells:        7
ABC RESULTS:            OR4_X1 cells:        2
ABC RESULTS:         AOI211_X1 cells:        7
ABC RESULTS:           AND4_X1 cells:        6
ABC RESULTS:           MUX2_X1 cells:      245
ABC RESULTS:         CLKBUF_X1 cells:       77
ABC RESULTS:            OR3_X1 cells:       27
ABC RESULTS:           NOR2_X4 cells:       10
ABC RESULTS:          XNOR2_X2 cells:       36
ABC RESULTS:           XOR2_X2 cells:       38
ABC RESULTS:            BUF_X2 cells:       46
ABC RESULTS:           NOR2_X2 cells:       52
ABC RESULTS:            BUF_X1 cells:      301
ABC RESULTS:         OAI211_X1 cells:      101
ABC RESULTS:           AND3_X1 cells:       38
ABC RESULTS:           AND2_X1 cells:      339
ABC RESULTS:            OR2_X1 cells:      144
ABC RESULTS:           XOR2_X1 cells:     2023
ABC RESULTS:          XNOR2_X1 cells:     4097
ABC RESULTS:          AOI21_X4 cells:        4
ABC RESULTS:           NOR4_X1 cells:       76
ABC RESULTS:          NAND4_X1 cells:      128
ABC RESULTS:          AOI22_X1 cells:      113
ABC RESULTS:          NAND3_X1 cells:      370
ABC RESULTS:           NOR3_X1 cells:      289
ABC RESULTS:            INV_X1 cells:     2035
ABC RESULTS:           NOR2_X1 cells:     2059
ABC RESULTS:          OAI21_X1 cells:     1745
ABC RESULTS:          NAND2_X1 cells:     4091
ABC RESULTS:          AOI21_X1 cells:     1251
ABC RESULTS:        internal signals:    75572
ABC RESULTS:           input signals:     1388
ABC RESULTS:          output signals:      913
Removing temp directory.

24.10. Extracting gate netlist of module `\weight_sram' to `<abc-temp-dir>/input.blif'..
Extracted 996 gates and 2563 wires to a netlist network with 1565 inputs and 946 outputs.

24.10.1. Executing ABC.
Running ABC command: "<yosys-exe-dir>/yosys-abc" -s -f <abc-temp-dir>/abc.script 2>&1
ABC: ABC command line: "source <abc-temp-dir>/abc.script".
ABC: 
ABC: + read_blif <abc-temp-dir>/input.blif 
ABC: + read_lib -w /home/kit/OpenROAD-flow-scripts/flow/platforms/nangate45/lib/NangateOpenCellLibrary_typical.lib 
ABC: Parsing finished successfully.  Parsing time =     0.03 sec
ABC: Scl_LibertyReadGenlib() skipped cell "ANTENNA_X1" due to dont_use attribute.
ABC: Scl_LibertyReadGenlib() skipped cell "CLKGATETST_X1" without logic function.
ABC: Scl_LibertyReadGenlib() skipped cell "CLKGATETST_X2" without logic function.
ABC: Scl_LibertyReadGenlib() skipped cell "CLKGATETST_X4" without logic function.
ABC: Scl_LibertyReadGenlib() skipped cell "CLKGATETST_X8" without logic function.
ABC: Scl_LibertyReadGenlib() skipped cell "CLKGATE_X1" without logic function.
ABC: Scl_LibertyReadGenlib() skipped cell "CLKGATE_X2" without logic function.
ABC: Scl_LibertyReadGenlib() skipped cell "CLKGATE_X4" without logic function.
ABC: Scl_LibertyReadGenlib() skipped cell "CLKGATE_X8" without logic function.
ABC: Scl_LibertyReadGenlib() skipped sequential cell "DFFRS_X1".
ABC: Scl_LibertyReadGenlib() skipped sequential cell "DFFRS_X2".
ABC: Scl_LibertyReadGenlib() skipped sequential cell "DFFR_X1".
ABC: Scl_LibertyReadGenlib() skipped sequential cell "DFFR_X2".
ABC: Scl_LibertyReadGenlib() skipped sequential cell "DFFS_X1".
ABC: Scl_LibertyReadGenlib() skipped sequential cell "DFFS_X2".
ABC: Scl_LibertyReadGenlib() skipped sequential cell "DFF_X1".
ABC: Scl_LibertyReadGenlib() skipped sequential cell "DFF_X2".
ABC: Scl_LibertyReadGenlib() skipped sequential cell "DLH_X1".
ABC: Scl_LibertyReadGenlib() skipped sequential cell "DLH_X2".
ABC: Scl_LibertyReadGenlib() skipped sequential cell "DLL_X1".
ABC: Scl_LibertyReadGenlib() skipped sequential cell "DLL_X2".
ABC: Scl_LibertyReadGenlib() skipped cell "FILLCELL_X1" due to dont_use attribute.
ABC: Scl_LibertyReadGenlib() skipped cell "TAPCELL_X1" due to dont_use attribute.
ABC: Scl_LibertyReadGenlib() skipped cell "FILLCELL_X2" due to dont_use attribute.
ABC: Scl_LibertyReadGenlib() skipped cell "FILLCELL_X4" due to dont_use attribute.
ABC: Scl_LibertyReadGenlib() skipped cell "FILLCELL_X8" due to dont_use attribute.
ABC: Scl_LibertyReadGenlib() skipped cell "FILLCELL_X16" due to dont_use attribute.
ABC: Scl_LibertyReadGenlib() skipped cell "FILLCELL_X32" due to dont_use attribute.
ABC: Scl_LibertyReadGenlib() skipped cell "LOGIC0_X1" due to dont_use attribute.
ABC: Scl_LibertyReadGenlib() skipped cell "LOGIC1_X1" due to dont_use attribute.
ABC: Scl_LibertyReadGenlib() skipped sequential cell "SDFFRS_X1".
ABC: Scl_LibertyReadGenlib() skipped sequential cell "SDFFRS_X2".
ABC: Scl_LibertyReadGenlib() skipped sequential cell "SDFFR_X1".
ABC: Scl_LibertyReadGenlib() skipped sequential cell "SDFFR_X2".
ABC: Scl_LibertyReadGenlib() skipped sequential cell "SDFFS_X1".
ABC: Scl_LibertyReadGenlib() skipped sequential cell "SDFFS_X2".
ABC: Scl_LibertyReadGenlib() skipped sequential cell "SDFF_X1".
ABC: Scl_LibertyReadGenlib() skipped sequential cell "SDFF_X2".
ABC: Scl_LibertyReadGenlib() skipped three-state cell "TBUF_X1".
ABC: Scl_LibertyReadGenlib() skipped three-state cell "TBUF_X2".
ABC: Scl_LibertyReadGenlib() skipped three-state cell "TBUF_X4".
ABC: Scl_LibertyReadGenlib() skipped three-state cell "TBUF_X8".
ABC: Scl_LibertyReadGenlib() skipped three-state cell "TBUF_X16".
ABC: Scl_LibertyReadGenlib() skipped three-state cell "TINV_X1".
ABC: Scl_LibertyReadGenlib() skipped sequential cell "TLAT_X1".
ABC: Library "NangateOpenCellLibrary" from "/home/kit/OpenROAD-flow-scripts/flow/platforms/nangate45/lib/NangateOpenCellLibrary_typical.lib" has 90 cells (35 skipped: 21 seq; 6 tri-state; 8 no func; 10 dont_use).  Time =     0.04 sec
ABC: Memory =   11.38 MB. Time =     0.04 sec
ABC: Warning: Detected 2 multi-output gates (for example, "FA_X1").
ABC: + source /home/kit/kimi-chip/experiments/x7/flow/abc_y4_margin.script 
ABC: Current delay (212.04 ps) does not exceed the target delay (1100.00 ps). Upsizing is not performed.
ABC: WireLoad = "none"  Gates =    984 (  2.6 %)   Cap =  1.4 ff (  0.2 %)   Area =     1761.45 ( 98.4 %)   Delay =   230.76 ps  ( 12.3 %)               
ABC: + write_blif <abc-temp-dir>/output.blif 

24.10.2. Re-integrating ABC results.
ABC RESULTS:           NOR2_X1 cells:       20
ABC RESULTS:            BUF_X1 cells:       16
ABC RESULTS:           MUX2_X1 cells:      914
ABC RESULTS:            INV_X1 cells:       10
ABC RESULTS:          NAND3_X1 cells:        8
ABC RESULTS:          OAI21_X1 cells:       16
ABC RESULTS:        internal signals:       52
ABC RESULTS:           input signals:     1565
ABC RESULTS:          output signals:      946
Removing temp directory.

24.11. Extracting gate netlist of module `\x7_controller' to `<abc-temp-dir>/input.blif'..
Extracted 179 gates and 228 wires to a netlist network with 47 inputs and 23 outputs.

24.11.1. Executing ABC.
Running ABC command: "<yosys-exe-dir>/yosys-abc" -s -f <abc-temp-dir>/abc.script 2>&1
ABC: ABC command line: "source <abc-temp-dir>/abc.script".
ABC: 
ABC: + read_blif <abc-temp-dir>/input.blif 
ABC: + read_lib -w /home/kit/OpenROAD-flow-scripts/flow/platforms/nangate45/lib/NangateOpenCellLibrary_typical.lib 
ABC: Parsing finished successfully.  Parsing time =     0.03 sec
ABC: Scl_LibertyReadGenlib() skipped cell "ANTENNA_X1" due to dont_use attribute.
ABC: Scl_LibertyReadGenlib() skipped cell "CLKGATETST_X1" without logic function.
ABC: Scl_LibertyReadGenlib() skipped cell "CLKGATETST_X2" without logic function.
ABC: Scl_LibertyReadGenlib() skipped cell "CLKGATETST_X4" without logic function.
ABC: Scl_LibertyReadGenlib() skipped cell "CLKGATETST_X8" without logic function.
ABC: Scl_LibertyReadGenlib() skipped cell "CLKGATE_X1" without logic function.
ABC: Scl_LibertyReadGenlib() skipped cell "CLKGATE_X2" without logic function.
ABC: Scl_LibertyReadGenlib() skipped cell "CLKGATE_X4" without logic function.
ABC: Scl_LibertyReadGenlib() skipped cell "CLKGATE_X8" without logic function.
ABC: Scl_LibertyReadGenlib() skipped sequential cell "DFFRS_X1".
ABC: Scl_LibertyReadGenlib() skipped sequential cell "DFFRS_X2".
ABC: Scl_LibertyReadGenlib() skipped sequential cell "DFFR_X1".
ABC: Scl_LibertyReadGenlib() skipped sequential cell "DFFR_X2".
ABC: Scl_LibertyReadGenlib() skipped sequential cell "DFFS_X1".
ABC: Scl_LibertyReadGenlib() skipped sequential cell "DFFS_X2".
ABC: Scl_LibertyReadGenlib() skipped sequential cell "DFF_X1".
ABC: Scl_LibertyReadGenlib() skipped sequential cell "DFF_X2".
ABC: Scl_LibertyReadGenlib() skipped sequential cell "DLH_X1".
ABC: Scl_LibertyReadGenlib() skipped sequential cell "DLH_X2".
ABC: Scl_LibertyReadGenlib() skipped sequential cell "DLL_X1".
ABC: Scl_LibertyReadGenlib() skipped sequential cell "DLL_X2".
ABC: Scl_LibertyReadGenlib() skipped cell "FILLCELL_X1" due to dont_use attribute.
ABC: Scl_LibertyReadGenlib() skipped cell "TAPCELL_X1" due to dont_use attribute.
ABC: Scl_LibertyReadGenlib() skipped cell "FILLCELL_X2" due to dont_use attribute.
ABC: Scl_LibertyReadGenlib() skipped cell "FILLCELL_X4" due to dont_use attribute.
ABC: Scl_LibertyReadGenlib() skipped cell "FILLCELL_X8" due to dont_use attribute.
ABC: Scl_LibertyReadGenlib() skipped cell "FILLCELL_X16" due to dont_use attribute.
ABC: Scl_LibertyReadGenlib() skipped cell "FILLCELL_X32" due to dont_use attribute.
ABC: Scl_LibertyReadGenlib() skipped cell "LOGIC0_X1" due to dont_use attribute.
ABC: Scl_LibertyReadGenlib() skipped cell "LOGIC1_X1" due to dont_use attribute.
ABC: Scl_LibertyReadGenlib() skipped sequential cell "SDFFRS_X1".
ABC: Scl_LibertyReadGenlib() skipped sequential cell "SDFFRS_X2".
ABC: Scl_LibertyReadGenlib() skipped sequential cell "SDFFR_X1".
ABC: Scl_LibertyReadGenlib() skipped sequential cell "SDFFR_X2".
ABC: Scl_LibertyReadGenlib() skipped sequential cell "SDFFS_X1".
ABC: Scl_LibertyReadGenlib() skipped sequential cell "SDFFS_X2".
ABC: Scl_LibertyReadGenlib() skipped sequential cell "SDFF_X1".
ABC: Scl_LibertyReadGenlib() skipped sequential cell "SDFF_X2".
ABC: Scl_LibertyReadGenlib() skipped three-state cell "TBUF_X1".
ABC: Scl_LibertyReadGenlib() skipped three-state cell "TBUF_X2".
ABC: Scl_LibertyReadGenlib() skipped three-state cell "TBUF_X4".
ABC: Scl_LibertyReadGenlib() skipped three-state cell "TBUF_X8".
ABC: Scl_LibertyReadGenlib() skipped three-state cell "TBUF_X16".
ABC: Scl_LibertyReadGenlib() skipped three-state cell "TINV_X1".
ABC: Scl_LibertyReadGenlib() skipped sequential cell "TLAT_X1".
ABC: Library "NangateOpenCellLibrary" from "/home/kit/OpenROAD-flow-scripts/flow/platforms/nangate45/lib/NangateOpenCellLibrary_typical.lib" has 90 cells (35 skipped: 21 seq; 6 tri-state; 8 no func; 10 dont_use).  Time =     0.04 sec
ABC: Memory =   11.38 MB. Time =     0.04 sec
ABC: Warning: Detected 2 multi-output gates (for example, "FA_X1").
ABC: + source /home/kit/kimi-chip/experiments/x7/flow/abc_y4_margin.script 
ABC: Current delay (272.78 ps) does not exceed the target delay (1100.00 ps). Upsizing is not performed.
ABC: WireLoad = "none"  Gates =    101 ( 15.8 %)   Cap =  2.3 ff (  0.2 %)   Area =       98.69 ( 98.0 %)   Delay =   277.66 ps  ( 31.7 %)               
ABC: + write_blif <abc-temp-dir>/output.blif 

24.11.2. Re-integrating ABC results.
ABC RESULTS:         CLKBUF_X1 cells:        1
ABC RESULTS:           AND2_X1 cells:        4
ABC RESULTS:           NOR4_X1 cells:        2
ABC RESULTS:            BUF_X1 cells:        2
ABC RESULTS:           NOR3_X1 cells:        1
ABC RESULTS:          NAND4_X1 cells:        2
ABC RESULTS:           AND4_X1 cells:        1
ABC RESULTS:           XOR2_X1 cells:        4
ABC RESULTS:          NAND3_X1 cells:        3
ABC RESULTS:            INV_X1 cells:       13
ABC RESULTS:          XNOR2_X1 cells:       14
ABC RESULTS:           NOR2_X1 cells:       26
ABC RESULTS:          NAND2_X1 cells:       20
ABC RESULTS:          AOI21_X1 cells:        8
ABC RESULTS:        internal signals:      158
ABC RESULTS:           input signals:       47
ABC RESULTS:          output signals:       23
Removing temp directory.

24.12. Extracting gate netlist of module `\x7_top' to `<abc-temp-dir>/input.blif'..
Extracted 11986 gates and 14285 wires to a netlist network with 2296 inputs and 1403 outputs.

24.12.1. Executing ABC.
Running ABC command: "<yosys-exe-dir>/yosys-abc" -s -f <abc-temp-dir>/abc.script 2>&1
ABC: ABC command line: "source <abc-temp-dir>/abc.script".
ABC: 
ABC: + read_blif <abc-temp-dir>/input.blif 
ABC: + read_lib -w /home/kit/OpenROAD-flow-scripts/flow/platforms/nangate45/lib/NangateOpenCellLibrary_typical.lib 
ABC: Parsing finished successfully.  Parsing time =     0.03 sec
ABC: Scl_LibertyReadGenlib() skipped cell "ANTENNA_X1" due to dont_use attribute.
ABC: Scl_LibertyReadGenlib() skipped cell "CLKGATETST_X1" without logic function.
ABC: Scl_LibertyReadGenlib() skipped cell "CLKGATETST_X2" without logic function.
ABC: Scl_LibertyReadGenlib() skipped cell "CLKGATETST_X4" without logic function.
ABC: Scl_LibertyReadGenlib() skipped cell "CLKGATETST_X8" without logic function.
ABC: Scl_LibertyReadGenlib() skipped cell "CLKGATE_X1" without logic function.
ABC: Scl_LibertyReadGenlib() skipped cell "CLKGATE_X2" without logic function.
ABC: Scl_LibertyReadGenlib() skipped cell "CLKGATE_X4" without logic function.
ABC: Scl_LibertyReadGenlib() skipped cell "CLKGATE_X8" without logic function.
ABC: Scl_LibertyReadGenlib() skipped sequential cell "DFFRS_X1".
ABC: Scl_LibertyReadGenlib() skipped sequential cell "DFFRS_X2".
ABC: Scl_LibertyReadGenlib() skipped sequential cell "DFFR_X1".
ABC: Scl_LibertyReadGenlib() skipped sequential cell "DFFR_X2".
ABC: Scl_LibertyReadGenlib() skipped sequential cell "DFFS_X1".
ABC: Scl_LibertyReadGenlib() skipped sequential cell "DFFS_X2".
ABC: Scl_LibertyReadGenlib() skipped sequential cell "DFF_X1".
ABC: Scl_LibertyReadGenlib() skipped sequential cell "DFF_X2".
ABC: Scl_LibertyReadGenlib() skipped sequential cell "DLH_X1".
ABC: Scl_LibertyReadGenlib() skipped sequential cell "DLH_X2".
ABC: Scl_LibertyReadGenlib() skipped sequential cell "DLL_X1".
ABC: Scl_LibertyReadGenlib() skipped sequential cell "DLL_X2".
ABC: Scl_LibertyReadGenlib() skipped cell "FILLCELL_X1" due to dont_use attribute.
ABC: Scl_LibertyReadGenlib() skipped cell "TAPCELL_X1" due to dont_use attribute.
ABC: Scl_LibertyReadGenlib() skipped cell "FILLCELL_X2" due to dont_use attribute.
ABC: Scl_LibertyReadGenlib() skipped cell "FILLCELL_X4" due to dont_use attribute.
ABC: Scl_LibertyReadGenlib() skipped cell "FILLCELL_X8" due to dont_use attribute.
ABC: Scl_LibertyReadGenlib() skipped cell "FILLCELL_X16" due to dont_use attribute.
ABC: Scl_LibertyReadGenlib() skipped cell "FILLCELL_X32" due to dont_use attribute.
ABC: Scl_LibertyReadGenlib() skipped cell "LOGIC0_X1" due to dont_use attribute.
ABC: Scl_LibertyReadGenlib() skipped cell "LOGIC1_X1" due to dont_use attribute.
ABC: Scl_LibertyReadGenlib() skipped sequential cell "SDFFRS_X1".
ABC: Scl_LibertyReadGenlib() skipped sequential cell "SDFFRS_X2".
ABC: Scl_LibertyReadGenlib() skipped sequential cell "SDFFR_X1".
ABC: Scl_LibertyReadGenlib() skipped sequential cell "SDFFR_X2".
ABC: Scl_LibertyReadGenlib() skipped sequential cell "SDFFS_X1".
ABC: Scl_LibertyReadGenlib() skipped sequential cell "SDFFS_X2".
ABC: Scl_LibertyReadGenlib() skipped sequential cell "SDFF_X1".
ABC: Scl_LibertyReadGenlib() skipped sequential cell "SDFF_X2".
ABC: Scl_LibertyReadGenlib() skipped three-state cell "TBUF_X1".
ABC: Scl_LibertyReadGenlib() skipped three-state cell "TBUF_X2".
ABC: Scl_LibertyReadGenlib() skipped three-state cell "TBUF_X4".
ABC: Scl_LibertyReadGenlib() skipped three-state cell "TBUF_X8".
ABC: Scl_LibertyReadGenlib() skipped three-state cell "TBUF_X16".
ABC: Scl_LibertyReadGenlib() skipped three-state cell "TINV_X1".
ABC: Scl_LibertyReadGenlib() skipped sequential cell "TLAT_X1".
ABC: Library "NangateOpenCellLibrary" from "/home/kit/OpenROAD-flow-scripts/flow/platforms/nangate45/lib/NangateOpenCellLibrary_typical.lib" has 90 cells (35 skipped: 21 seq; 6 tri-state; 8 no func; 10 dont_use).  Time =     0.04 sec
ABC: Memory =   11.38 MB. Time =     0.04 sec
ABC: Warning: Detected 2 multi-output gates (for example, "FA_X1").
ABC: + source /home/kit/kimi-chip/experiments/x7/flow/abc_y4_margin.script 
ABC: Current delay (521.60 ps) does not exceed the target delay (1100.00 ps). Upsizing is not performed.
ABC: WireLoad = "none"  Gates =   4153 ( 20.4 %)   Cap =  2.3 ff (  0.8 %)   Area =     4837.21 ( 92.5 %)   Delay =   531.10 ps  (  0.5 %)               
ABC: + write_blif <abc-temp-dir>/output.blif 

24.12.2. Re-integrating ABC results.
ABC RESULTS:            OR4_X1 cells:        2
ABC RESULTS:            OR2_X1 cells:        3
ABC RESULTS:           MUX2_X1 cells:      920
ABC RESULTS:           AND4_X1 cells:       66
ABC RESULTS:           NOR4_X1 cells:        7
ABC RESULTS:           AND3_X1 cells:       11
ABC RESULTS:         AOI211_X1 cells:        5
ABC RESULTS:           NOR2_X1 cells:       45
ABC RESULTS:           XOR2_X1 cells:        9
ABC RESULTS:          XNOR2_X1 cells:       19
ABC RESULTS:          NAND4_X1 cells:      149
ABC RESULTS:         OAI211_X1 cells:       13
ABC RESULTS:          OAI21_X1 cells:      432
ABC RESULTS:            INV_X1 cells:      435
ABC RESULTS:          OAI22_X1 cells:       66
ABC RESULTS:           NOR3_X1 cells:       60
ABC RESULTS:          NAND2_X1 cells:      440
ABC RESULTS:            BUF_X1 cells:      312
ABC RESULTS:         CLKBUF_X1 cells:      100
ABC RESULTS:           AND2_X1 cells:      270
ABC RESULTS:          AOI22_X1 cells:      137
ABC RESULTS:          NAND3_X1 cells:      277
ABC RESULTS:          AOI21_X1 cells:      375
ABC RESULTS:        internal signals:    10586
ABC RESULTS:           input signals:     2296
ABC RESULTS:          output signals:     1403
Removing temp directory.

25. Executing OPT_CLEAN pass (remove unused cells and wires).
Finding unused cells or wires in module \activation_sram..
Finding unused cells or wires in module \conv_unit_serial..
Finding unused cells or wires in module \intermediate_sram..
Finding unused cells or wires in module \mac_array_16x16..
Finding unused cells or wires in module \requant..
Finding unused cells or wires in module \state_sram..
Finding unused cells or wires in module \state_stream_controller..
Finding unused cells or wires in module \state_word_engine..
Finding unused cells or wires in module \streaming_norm..
Finding unused cells or wires in module \weight_sram..
Finding unused cells or wires in module \x7_controller..
Finding unused cells or wires in module \x7_top..
Removed 0 unused cells and 76047 unused wires.
<suppressed ~69 debug messages>

26. Printing statistics.

=== activation_sram ===

   Number of wires:                689
   Number of wire bits:           1467
   Number of public wires:          19
   Number of public wire bits:     795
   Number of memories:               0
   Number of memory bits:            0
   Number of processes:              0
   Number of cells:                930
     AOI22_X1                      128
     BUF_X1                         54
     DFF_X1                          2
     INV_X1                         68
     MUX2_X1                       274
     NAND2_X1                      136
     NAND3_X1                        2
     OAI21_X1                      258
     OAI22_X1                        2
     OR2_X1                          2
     fakeram45_512x64                4

   Area for cell type \fakeram45_512x64 is unknown!

   Chip area for module '\activation_sram': 1158.696000

=== conv_unit_serial ===

   Number of wires:               4594
   Number of wire bits:           4947
   Number of public wires:          30
   Number of public wire bits:     383
   Number of memories:               0
   Number of memory bits:            0
   Number of processes:              0
   Number of cells:               4564
     AND2_X1                        38
     AND3_X1                         2
     AND4_X1                         2
     AOI211_X1                       4
     AOI21_X1                      406
     AOI22_X1                        1
     BUF_X1                         58
     CLKBUF_X1                      36
     DFFR_X1                        20
     DFF_X1                        216
     INV_X1                        346
     MUX2_X1                        10
     NAND2_X1                     1028
     NAND3_X1                       52
     NAND4_X1                        5
     NOR2_X1                       494
     NOR3_X1                        54
     NOR4_X1                         2
     OAI211_X1                      21
     OAI21_X1                      415
     OAI221_X1                      16
     OR2_X1                         33
     OR3_X1                          1
     XNOR2_X1                      775
     XOR2_X1                       529

   Chip area for module '\conv_unit_serial': 5795.076000

=== intermediate_sram ===

   Number of wires:               2196
   Number of wire bits:           3278
   Number of public wires:          22
   Number of public wire bits:    1096
   Number of memories:               0
   Number of memory bits:            0
   Number of processes:              0
   Number of cells:               2186
     AOI21_X1                       20
     BUF_X1                        109
     CLKBUF_X1                       1
     DFF_X1                        490
     INV_X1                        246
     MUX2_X1                        32
     NAND2_X1                      492
     NAND4_X1                       56
     NOR2_X1                         8
     NOR3_X1                         8
     OAI21_X1                      712
     OR2_X1                          8
     fakeram45_512x64                4

   Area for cell type \fakeram45_512x64 is unknown!

   Chip area for module '\intermediate_sram': 3763.368000

=== mac_array_16x16 ===

   Number of wires:              24500
   Number of wire bits:          26059
   Number of public wires:          91
   Number of public wire bits:    1650
   Number of memories:               0
   Number of memory bits:            0
   Number of processes:              0
   Number of cells:              24409
     AND2_X1                       470
     AND3_X1                        18
     AND4_X1                         1
     AOI211_X1                      14
     AOI21_X1                     1596
     BUF_X1                        310
     CLKBUF_X1                     131
     DFFR_X1                        43
     DFF_X1                       1065
     INV_X1                       2223
     NAND2_X1                     5008
     NAND3_X1                      180
     NAND4_X1                       44
     NOR2_X1                      2564
     NOR3_X1                       184
     NOR4_X1                         3
     OAI211_X1                     158
     OAI21_X1                     2317
     OAI221_X1                      43
     OR2_X1                         54
     OR3_X1                         33
     OR4_X1                          1
     XNOR2_X1                     5000
     XOR2_X1                      2949

   Chip area for module '\mac_array_16x16': 30847.488000

=== requant ===

   Number of wires:                 44
   Number of wire bits:             97
   Number of public wires:           3
   Number of public wire bits:      56
   Number of memories:               0
   Number of memory bits:            0
   Number of processes:              0
   Number of cells:                 49
     AOI21_X1                        3
     INV_X1                         19
     NAND2_X1                        4
     NAND4_X1                        3
     NOR2_X1                         3
     NOR4_X1                         6
     OAI21_X1                       10
     OAI221_X1                       1

   Chip area for module '\requant': 43.092000

=== state_sram ===

   Number of wires:                522
   Number of wire bits:           2193
   Number of public wires:          55
   Number of public wire bits:    1725
   Number of memories:               0
   Number of memory bits:            0
   Number of processes:              0
   Number of cells:               1331
     AOI21_X1                        9
     AOI22_X1                      192
     BUF_X1                         98
     DFF_X1                          1
     INV_X1                         20
     MUX2_X1                       612
     NAND2_X1                      322
     NAND3_X1                        8
     NOR2_X1                        15
     OAI21_X1                       46
     fakeram45_512x64                8

   Area for cell type \fakeram45_512x64 is unknown!

   Chip area for module '\state_sram': 1824.228000

=== state_stream_controller ===

   Number of wires:              17782
   Number of wire bits:          24438
   Number of public wires:         318
   Number of public wire bits:    6949
   Number of memories:               0
   Number of memory bits:            0
   Number of processes:              0
   Number of cells:              17797
     AND2_X1                       210
     AND3_X1                         2
     AND4_X1                         4
     AOI211_X1                      18
     AOI21_X1                     1297
     AOI22_X1                        1
     BUF_X1                        752
     CLKBUF_X1                      82
     DFFR_X1                      2311
     DFFS_X1                         1
     INV_X1                       2352
     MUX2_X1                      1045
     NAND2_X1                     2370
     NAND3_X1                     1011
     NAND4_X1                      185
     NOR2_X1                      1150
     NOR3_X1                       138
     NOR4_X1                       166
     OAI211_X1                     215
     OAI21_X1                     2207
     OAI221_X1                     224
     OAI22_X1                        7
     OR2_X1                         54
     OR3_X1                          2
     OR4_X1                         33
     XNOR2_X1                     1446
     XOR2_X1                       513
     state_word_engine               1

   Area for cell type \state_word_engine is unknown!

   Chip area for module '\state_stream_controller': 28538.874000

=== state_word_engine ===

   Number of wires:              26271
   Number of wire bits:          28663
   Number of public wires:         182
   Number of public wire bits:    2574
   Number of memories:               0
   Number of memory bits:            0
   Number of processes:              0
   Number of cells:              26089
     AND2_X1                       502
     AND3_X1                        11
     AND3_X2                         5
     AOI211_X1                       8
     AOI21_X1                     1664
     AOI21_X2                        7
     BUF_X1                        412
     BUF_X2                         16
     BUF_X4                          8
     BUF_X8                          3
     CLKBUF_X1                     143
     DFFR_X1                       262
     DFF_X1                       1036
     INV_X1                       2229
     INV_X16                         3
     INV_X2                          4
     INV_X4                          1
     INV_X8                          2
     MUX2_X1                       364
     NAND2_X1                     5264
     NAND3_X1                      190
     NAND4_X1                       54
     NOR2_X1                      2681
     NOR2_X2                        50
     NOR2_X4                         6
     NOR3_X1                       176
     NOR4_X1                        40
     OAI211_X1                     108
     OAI21_X1                     2300
     OAI21_X2                       14
     OAI221_X1                       9
     OR2_X1                         50
     OR3_X1                         25
     OR4_X1                          8
     XNOR2_X1                     5320
     XNOR2_X2                       43
     XOR2_X1                      3060
     XOR2_X2                        11

   Chip area for module '\state_word_engine': 33982.298000

=== streaming_norm ===

   Number of wires:              20820
   Number of wire bits:          22756
   Number of public wires:         132
   Number of public wire bits:    2068
   Number of memories:               0
   Number of memory bits:            0
   Number of processes:              0
   Number of cells:              20698
     AND2_X1                       339
     AND3_X1                        38
     AND3_X2                         1
     AND3_X4                         1
     AND4_X1                         6
     AOI211_X1                       7
     AOI21_X1                     1251
     AOI21_X2                       13
     AOI21_X4                        4
     AOI22_X1                      113
     BUF_X1                        301
     BUF_X16                         1
     BUF_X2                         46
     BUF_X4                          3
     BUF_X8                          3
     CLKBUF_X1                      77
     DFFR_X1                       340
     DFFS_X1                         1
     DFF_X1                        562
     INV_X1                       2035
     INV_X16                         3
     INV_X2                          3
     INV_X32                         1
     INV_X4                          1
     MUX2_X1                       245
     NAND2_X1                     4091
     NAND3_X1                      370
     NAND4_X1                      128
     NOR2_X1                      2059
     NOR2_X2                        52
     NOR2_X4                        10
     NOR3_X1                       289
     NOR4_X1                        76
     OAI211_X1                     101
     OAI211_X2                       1
     OAI21_X1                     1745
     OAI21_X2                        3
     OAI221_X1                       7
     OAI22_X1                        4
     OR2_X1                        144
     OR3_X1                         27
     OR4_X1                          2
     XNOR2_X1                     4097
     XNOR2_X2                       36
     XOR2_X1                      2023
     XOR2_X2                        38

   Chip area for module '\streaming_norm': 26382.944000

=== weight_sram ===

   Number of wires:               1020
   Number of wire bits:           3641
   Number of public wires:          46
   Number of public wire bits:    1902
   Number of memories:               0
   Number of memory bits:            0
   Number of processes:              0
   Number of cells:               1771
     BUF_X1                         16
     DFF_X1                        771
     INV_X1                         10
     MUX2_X1                       914
     NAND3_X1                        8
     NOR2_X1                        20
     OAI21_X1                       16
     fakeram45_512x64               16

   Area for cell type \fakeram45_512x64 is unknown!

   Chip area for module '\weight_sram': 5247.914000

=== x7_controller ===

   Number of wires:                129
   Number of wire bits:            156
   Number of public wires:           5
   Number of public wire bits:      32
   Number of memories:               0
   Number of memory bits:            0
   Number of processes:              0
   Number of cells:                124
     AND2_X1                         4
     AND4_X1                         1
     AOI21_X1                        8
     BUF_X1                          2
     CLKBUF_X1                       1
     DFF_X1                         23
     INV_X1                         13
     NAND2_X1                       20
     NAND3_X1                        3
     NAND4_X1                        2
     NOR2_X1                        26
     NOR3_X1                         1
     NOR4_X1                         2
     XNOR2_X1                       14
     XOR2_X1                         4

   Chip area for module '\x7_controller': 202.692000

=== x7_top ===

   Number of wires:               5066
   Number of wire bits:           8815
   Number of public wires:         119
   Number of public wire bits:    3864
   Number of memories:               0
   Number of memory bits:            0
   Number of processes:              0
   Number of cells:               5257
     AND2_X1                       270
     AND3_X1                        11
     AND4_X1                        66
     AOI211_X1                       5
     AOI21_X1                      375
     AOI22_X1                      137
     BUF_X1                        312
     CLKBUF_X1                     100
     DFFR_X1                       326
     DFFS_X1                         1
     DFF_X1                        768
     INV_X1                        435
     MUX2_X1                       920
     NAND2_X1                      440
     NAND3_X1                      277
     NAND4_X1                      149
     NOR2_X1                        45
     NOR3_X1                        60
     NOR4_X1                         7
     OAI211_X1                      13
     OAI21_X1                      432
     OAI22_X1                       66
     OR2_X1                          3
     OR4_X1                          2
     XNOR2_X1                       19
     XOR2_X1                         9
     activation_sram                 1
     conv_unit_serial                1
     intermediate_sram               1
     mac_array_16x16                 1
     requant                         1
     state_sram                      1
     state_stream_controller         1
     streaming_norm                  1
     weight_sram                     1

   Area for cell type \weight_sram is unknown!
   Area for cell type \state_sram is unknown!
   Area for cell type \activation_sram is unknown!
   Area for cell type \intermediate_sram is unknown!
   Area for cell type \requant is unknown!
   Area for cell type \mac_array_16x16 is unknown!
   Area for cell type \conv_unit_serial is unknown!
   Area for cell type \state_stream_controller is unknown!
   Area for cell type \streaming_norm is unknown!

   Chip area for module '\x7_top': 10049.746000

=== design hierarchy ===

   x7_top                            1
     activation_sram                 1
     conv_unit_serial                1
     intermediate_sram               1
     mac_array_16x16                 1
     requant                         1
     state_sram                      1
     state_stream_controller         1
       state_word_engine             1
     streaming_norm                  1
     weight_sram                     1

   Number of wires:             103504
   Number of wire bits:         126354
   Number of public wires:        1017
   Number of public wire bits:   23062
   Number of memories:               0
   Number of memory bits:            0
   Number of processes:              0
   Number of cells:             105071
     AND2_X1                      1829
     AND3_X1                        82
     AND3_X2                         6
     AND3_X4                         1
     AND4_X1                        79
     AOI211_X1                      56
     AOI21_X1                     6621
     AOI21_X2                       20
     AOI21_X4                        4
     AOI22_X1                      572
     BUF_X1                       2422
     BUF_X16                         1
     BUF_X2                         62
     BUF_X4                         11
     BUF_X8                          6
     CLKBUF_X1                     570
     DFFR_X1                      3302
     DFFS_X1                         3
     DFF_X1                       4911
     INV_X1                       9983
     INV_X16                         6
     INV_X2                          7
     INV_X32                         1
     INV_X4                          2
     INV_X8                          2
     MUX2_X1                      4416
     NAND2_X1                    19155
     NAND3_X1                     2098
     NAND4_X1                      624
     NOR2_X1                      9039
     NOR2_X2                       102
     NOR2_X4                        16
     NOR3_X1                       909
     NOR4_X1                       300
     OAI211_X1                     616
     OAI211_X2                       1
     OAI21_X1                    10458
     OAI21_X2                       17
     OAI221_X1                     300
     OAI22_X1                       79
     OR2_X1                        348
     OR3_X1                         88
     OR4_X1                         46
     XNOR2_X1                    16657
     XNOR2_X2                       79
     XOR2_X1                      9083
     XOR2_X2                        49
     fakeram45_512x64               32

   Area for cell type \fakeram45_512x64 is unknown!

   Chip area for top module '\x7_top': 147633.724000

27. Executing Verilog backend.

27.1. Executing BMUXMAP pass.

27.2. Executing DEMUXMAP pass.
Dumping module `\activation_sram'.
Dumping module `\conv_unit_serial'.
Dumping module `\intermediate_sram'.
Dumping module `\mac_array_16x16'.
Dumping module `\requant'.
Dumping module `\state_sram'.
Dumping module `\state_stream_controller'.
Dumping module `\state_word_engine'.
Dumping module `\streaming_norm'.
Dumping module `\weight_sram'.
Dumping module `\x7_controller'.
Dumping module `\x7_top'.

Warnings: 33 unique messages, 97 total
End of script. Logfile hash: 17163b8f74, CPU: user 27.56s system 2.97s, MEM: 769.52 MB peak
Yosys 0.33 (git sha1 2584903a060)
Time spent: 50% 1x abc (19 sec), 18% 23x opt_clean (7 sec), ...
